study_id,project_name,study_phase,protocol_version,designation,model_id,protocol_id,feature,f_h,state_h,f_h2,f_h4,d12,d24,observed_order
neuron_model_behavioral_validation,Neuraxis,development_pilot,PILOT2_PROTOCOL,Exploratory development data; second development iteration informed by Pilot 1; not independent confirmation; never pooled with the confirmatory held-out estimate,acnet2_pyr_soma,P00_canonical,adaptation_index,0.08360766405035329,defined,0.08394194146984126,0.0840867945035863,0.0003342774194879661,0.00014485303374504876,1.2064560037213887
neuron_model_behavioral_validation,Neuraxis,development_pilot,PILOT2_PROTOCOL,Exploratory development data; second development iteration informed by Pilot 1; not independent confirmation; never pooled with the confirmatory held-out estimate,acnet2_pyr_soma,P00_canonical,ahp_depth,-7.047089353288882,defined,-7.040942077636629,-7.037860641479497,0.00614727565225337,0.003081436157131634,0.996344278064377
neuron_model_behavioral_validation,Neuraxis,development_pilot,PILOT2_PROTOCOL,Exploratory development data; second development iteration informed by Pilot 1; not independent confirmation; never pooled with the confirmatory held-out estimate,acnet2_pyr_soma,P00_canonical,ap_amplitude,100.04901504481984,defined,99.87902450527808,99.74743652320686,0.16999053954175736,0.13158798207122402,0.36942672473488536
neuron_model_behavioral_validation,Neuraxis,development_pilot,PILOT2_PROTOCOL,Exploratory development data; second development iteration informed by Pilot 1; not independent confirmation; never pooled with the confirmatory held-out estimate,acnet2_pyr_soma,P00_canonical,ap_half_width,0.5800000000002967,defined,0.5800000000002967,0.5900000000003018,0.0,0.010000000000005116,
neuron_model_behavioral_validation,Neuraxis,development_pilot,PILOT2_PROTOCOL,Exploratory development data; second development iteration informed by Pilot 1; not independent confirmation; never pooled with the confirmatory held-out estimate,acnet2_pyr_soma,P00_canonical,baseline_voltage,-65.95622943333215,defined,-65.9562579345703,-65.95627235412597,2.8501238148237462e-05,1.4419555668609974e-05,0.9829978847294851
neuron_model_behavioral_validation,Neuraxis,development_pilot,PILOT2_PROTOCOL,Exploratory development data; second development iteration informed by Pilot 1; not independent confirmation; never pooled with the confirmatory held-out estimate,acnet2_pyr_soma,P00_canonical,firing_regime,tonic,defined,tonic,tonic,,,
neuron_model_behavioral_validation,Neuraxis,development_pilot,PILOT2_PROTOCOL,Exploratory development data; second development iteration informed by Pilot 1; not independent confirmation; never pooled with the confirmatory held-out estimate,acnet2_pyr_soma,P00_canonical,first_isi,18.340000000009383,defined,18.300000000009362,18.280000000009352,0.040000000000020464,0.020000000000010232,1.0
neuron_model_behavioral_validation,Neuraxis,development_pilot,PILOT2_PROTOCOL,Exploratory development data; second development iteration informed by Pilot 1; not independent confirmation; never pooled with the confirmatory held-out estimate,acnet2_pyr_soma,P00_canonical,first_spike_latency,32.640000000015604,defined,32.6300000000156,32.620000000015594,0.010000000000005116,0.010000000000005116,0.0
neuron_model_behavioral_validation,Neuraxis,development_pilot,PILOT2_PROTOCOL,Exploratory development data; second development iteration informed by Pilot 1; not independent confirmation; never pooled with the confirmatory held-out estimate,acnet2_pyr_soma,P00_canonical,last_isi,76.88999999993013,defined,76.5899999999304,76.43999999993054,0.29999999999972715,0.14999999999986358,1.0
neuron_model_behavioral_validation,Neuraxis,development_pilot,PILOT2_PROTOCOL,Exploratory development data; second development iteration informed by Pilot 1; not independent confirmation; never pooled with the confirmatory held-out estimate,acnet2_pyr_soma,P00_canonical,mean_frequency,16.20909735590306,defined,16.27074520014227,16.301911399123668,0.06164784423920722,0.031166198981399162,0.9840682308547355
neuron_model_behavioral_validation,Neuraxis,development_pilot,PILOT2_PROTOCOL,Exploratory development data; second development iteration informed by Pilot 1; not independent confirmation; never pooled with the confirmatory held-out estimate,acnet2_pyr_soma,P00_canonical,spike_count,8.0,defined,8.0,8.0,0.0,0.0,
neuron_model_behavioral_validation,Neuraxis,development_pilot,PILOT2_PROTOCOL,Exploratory development data; second development iteration informed by Pilot 1; not independent confirmation; never pooled with the confirmatory held-out estimate,acnet2_pyr_soma,P02_weak_step,baseline_voltage,-67.60466311136881,defined,-67.60463941446939,-67.60462742360433,2.369689941872366e-05,1.1990865061761724e-05,0.9827625610152337
neuron_model_behavioral_validation,Neuraxis,development_pilot,PILOT2_PROTOCOL,Exploratory development data; second development iteration informed by Pilot 1; not independent confirmation; never pooled with the confirmatory held-out estimate,acnet2_pyr_soma,P02_weak_step,spike_count,0.0,defined,0.0,0.0,0.0,0.0,
neuron_model_behavioral_validation,Neuraxis,development_pilot,PILOT2_PROTOCOL,Exploratory development data; second development iteration informed by Pilot 1; not independent confirmation; never pooled with the confirmatory held-out estimate,acnet2_pyr_soma,P02_weak_step,steady_state_voltage,-66.2136446029663,defined,-66.2136438430786,-66.21364339752198,7.598876976544489e-07,4.455566227079544e-07,0.7701774356490991
neuron_model_behavioral_validation,Neuraxis,development_pilot,PILOT2_PROTOCOL,Exploratory development data; second development iteration informed by Pilot 1; not independent confirmation; never pooled with the confirmatory held-out estimate,acnet2_pyr_soma,P02_weak_step,voltage_deflection,1.3910185084025102,defined,1.390995571390789,1.39098402608235,2.293701172106921e-05,1.154530843905377e-05,0.990370730461294
neuron_model_behavioral_validation,Neuraxis,development_pilot,PILOT2_PROTOCOL,Exploratory development data; second development iteration informed by Pilot 1; not independent confirmation; never pooled with the confirmatory held-out estimate,acnet2_pyr_soma,P03_rheobase,rheobase,0.007615600027320539,defined,0.007615600027320539,0.007615600027320539,0.0,0.0,
neuron_model_behavioral_validation,Neuraxis,development_pilot,PILOT2_PROTOCOL,Exploratory development data; second development iteration informed by Pilot 1; not independent confirmation; never pooled with the confirmatory held-out estimate,acnet2_pyr_soma,P04_step_2x,adaptation_index,,not_applicable,,,,,
neuron_model_behavioral_validation,Neuraxis,development_pilot,PILOT2_PROTOCOL,Exploratory development data; second development iteration informed by Pilot 1; not independent confirmation; never pooled with the confirmatory held-out estimate,acnet2_pyr_soma,P04_step_2x,ahp_depth,-7.019535802205411,defined,-7.016957875569673,-7.015665374755841,0.0025779266357375263,0.0012925008138324756,0.9960460182143244
neuron_model_behavioral_validation,Neuraxis,development_pilot,PILOT2_PROTOCOL,Exploratory development data; second development iteration informed by Pilot 1; not independent confirmation; never pooled with the confirmatory held-out estimate,acnet2_pyr_soma,P04_step_2x,ap_amplitude,98.06893539575677,defined,97.6356582663006,97.41579055911296,0.43327712945617236,0.21986770718763182,0.9786543603214684
neuron_model_behavioral_validation,Neuraxis,development_pilot,PILOT2_PROTOCOL,Exploratory development data; second development iteration informed by Pilot 1; not independent confirmation; never pooled with the confirmatory held-out estimate,acnet2_pyr_soma,P04_step_2x,ap_half_width,0.5699999999994816,defined,0.5699999999994816,0.5799999999994725,0.0,0.009999999999990905,
neuron_model_behavioral_validation,Neuraxis,development_pilot,PILOT2_PROTOCOL,Exploratory development data; second development iteration informed by Pilot 1; not independent confirmation; never pooled with the confirmatory held-out estimate,acnet2_pyr_soma,P04_step_2x,burst_count,,not_applicable,,,,,
neuron_model_behavioral_validation,Neuraxis,development_pilot,PILOT2_PROTOCOL,Exploratory development data; second development iteration informed by Pilot 1; not independent confirmation; never pooled with the confirmatory held-out estimate,acnet2_pyr_soma,P04_step_2x,firing_regime,tonic,defined,tonic,tonic,,,
neuron_model_behavioral_validation,Neuraxis,development_pilot,PILOT2_PROTOCOL,Exploratory development data; second development iteration informed by Pilot 1; not independent confirmation; never pooled with the confirmatory held-out estimate,acnet2_pyr_soma,P04_step_2x,first_isi,451.11999999958977,defined,450.1799999995906,449.70999999959105,0.9399999999991451,0.46999999999957254,1.0
neuron_model_behavioral_validation,Neuraxis,development_pilot,PILOT2_PROTOCOL,Exploratory development data; second development iteration informed by Pilot 1; not independent confirmation; never pooled with the confirmatory held-out estimate,acnet2_pyr_soma,P04_step_2x,first_spike_latency,25.40999999984905,defined,25.359999999849094,25.32999999984912,0.049999999999954525,0.029999999999972715,0.7369655941662062
neuron_model_behavioral_validation,Neuraxis,development_pilot,PILOT2_PROTOCOL,Exploratory development data; second development iteration informed by Pilot 1; not independent confirmation; never pooled with the confirmatory held-out estimate,acnet2_pyr_soma,P04_step_2x,last_isi,451.11999999958977,defined,450.1799999995906,449.70999999959105,0.9399999999991451,0.46999999999957254,1.0
neuron_model_behavioral_validation,Neuraxis,development_pilot,PILOT2_PROTOCOL,Exploratory development data; second development iteration informed by Pilot 1; not independent confirmation; never pooled with the confirmatory held-out estimate,acnet2_pyr_soma,P04_step_2x,mean_frequency,4.197007533633466,defined,4.2057450477401614,4.210171775013382,0.008737514106695876,0.0044267272732207985,0.9809823867183302
neuron_model_behavioral_validation,Neuraxis,development_pilot,PILOT2_PROTOCOL,Exploratory development data; second development iteration informed by Pilot 1; not independent confirmation; never pooled with the confirmatory held-out estimate,acnet2_pyr_soma,P04_step_2x,spike_count,2.0,defined,2.0,2.0,0.0,0.0,
neuron_model_behavioral_validation,Neuraxis,development_pilot,PILOT2_PROTOCOL,Exploratory development data; second development iteration informed by Pilot 1; not independent confirmation; never pooled with the confirmatory held-out estimate,acnet2_pyr_soma,P05_long_step,adaptation_index,-8.519410542851502e-06,defined,-8.532786352377084e-06,8.556948537842032e-13,1.3375809525581795e-08,8.532787208071938e-06,-9.317247051705044
neuron_model_behavioral_validation,Neuraxis,development_pilot,PILOT2_PROTOCOL,Exploratory development data; second development iteration informed by Pilot 1; not independent confirmation; never pooled with the confirmatory held-out estimate,acnet2_pyr_soma,P05_long_step,ahp_depth,-7.059071324666348,defined,-7.056752797444673,-7.055582323710112,0.0023185272216750263,0.0011704737345610283,0.9861161046729705
neuron_model_behavioral_validation,Neuraxis,development_pilot,PILOT2_PROTOCOL,Exploratory development data; second development iteration informed by Pilot 1; not independent confirmation; never pooled with the confirmatory held-out estimate,acnet2_pyr_soma,P05_long_step,ap_amplitude,98.06814575218911,defined,97.55448913585151,97.28872299264353,0.5136566163375988,0.2657661432079834,0.9506469013541774
neuron_model_behavioral_validation,Neuraxis,development_pilot,PILOT2_PROTOCOL,Exploratory development data; second development iteration informed by Pilot 1; not independent confirmation; never pooled with the confirmatory held-out estimate,acnet2_pyr_soma,P05_long_step,ap_half_width,0.5699999999994816,defined,0.5799999999994725,0.5799999999994725,0.009999999999990905,0.0,
neuron_model_behavioral_validation,Neuraxis,development_pilot,PILOT2_PROTOCOL,Exploratory development data; second development iteration informed by Pilot 1; not independent confirmation; never pooled with the confirmatory held-out estimate,acnet2_pyr_soma,P05_long_step,burst_count,1.0,defined,1.0,1.0,0.0,0.0,
neuron_model_behavioral_validation,Neuraxis,development_pilot,PILOT2_PROTOCOL,Exploratory development data; second development iteration informed by Pilot 1; not independent confirmation; never pooled with the confirmatory held-out estimate,acnet2_pyr_soma,P05_long_step,firing_regime,tonic,defined,tonic,tonic,,,
neuron_model_behavioral_validation,Neuraxis,development_pilot,PILOT2_PROTOCOL,Exploratory development data; second development iteration informed by Pilot 1; not independent confirmation; never pooled with the confirmatory held-out estimate,acnet2_pyr_soma,P05_long_step,first_isi,585.3699999994676,defined,584.4299999994685,583.9699999994689,0.9399999999991451,0.45999999999958163,1.0310268956206246
neuron_model_behavioral_validation,Neuraxis,development_pilot,PILOT2_PROTOCOL,Exploratory development data; second development iteration informed by Pilot 1; not independent confirmation; never pooled with the confirmatory held-out estimate,acnet2_pyr_soma,P05_long_step,first_spike_latency,37.16999999983835,defined,37.10999999983841,37.079999999838435,0.05999999999994543,0.029999999999972715,1.0
neuron_model_behavioral_validation,Neuraxis,development_pilot,PILOT2_PROTOCOL,Exploratory development data; second development iteration informed by Pilot 1; not independent confirmation; never pooled with the confirmatory held-out estimate,acnet2_pyr_soma,P05_long_step,last_isi,586.8900000005651,defined,585.9700000005014,585.5100000004695,0.9200000000637374,0.4600000000318687,1.0
neuron_model_behavioral_validation,Neuraxis,development_pilot,PILOT2_PROTOCOL,Exploratory development data; second development iteration informed by Pilot 1; not independent confirmation; never pooled with the confirmatory held-out estimate,acnet2_pyr_soma,P05_long_step,mean_frequency,2.2267623432228354,defined,2.2302884320523764,2.2320556674692877,0.0035260888295409742,0.0017672354169113724,0.9965745826768683
neuron_model_behavioral_validation,Neuraxis,development_pilot,PILOT2_PROTOCOL,Exploratory development data; second development iteration informed by Pilot 1; not independent confirmation; never pooled with the confirmatory held-out estimate,acnet2_pyr_soma,P05_long_step,spike_count,4.0,defined,4.0,4.0,0.0,0.0,
neuron_model_behavioral_validation,Neuraxis,development_pilot,PILOT2_PROTOCOL,Exploratory development data; second development iteration informed by Pilot 1; not independent confirmation; never pooled with the confirmatory held-out estimate,acnet2_pyr_soma,P06_ramp,firing_regime,tonic,defined,tonic,tonic,,,
neuron_model_behavioral_validation,Neuraxis,development_pilot,PILOT2_PROTOCOL,Exploratory development data; second development iteration informed by Pilot 1; not independent confirmation; never pooled with the confirmatory held-out estimate,acnet2_pyr_soma,P06_ramp,first_spike_latency,501.13999999941643,defined,501.0599999994165,501.01999999941654,0.07999999999992724,0.03999999999996362,1.0
neuron_model_behavioral_validation,Neuraxis,development_pilot,PILOT2_PROTOCOL,Exploratory development data; second development iteration informed by Pilot 1; not independent confirmation; never pooled with the confirmatory held-out estimate,acnet2_pyr_soma,P06_ramp,mean_frequency,2.240017920145719,defined,2.2421273304134544,2.243183526062546,0.0021094102677352566,0.0010561956490917623,0.9979626145416554
neuron_model_behavioral_validation,Neuraxis,development_pilot,PILOT2_PROTOCOL,Exploratory development data; second development iteration informed by Pilot 1; not independent confirmation; never pooled with the confirmatory held-out estimate,acnet2_pyr_soma,P06_ramp,spike_count,2.0,defined,2.0,2.0,0.0,0.0,
neuron_model_behavioral_validation,Neuraxis,development_pilot,PILOT2_PROTOCOL,Exploratory development data; second development iteration informed by Pilot 1; not independent confirmation; never pooled with the confirmatory held-out estimate,acnet2_pyr_soma,P07_hyperpolarizing_step,baseline_voltage,-67.60466311136881,defined,-67.60463941446939,-67.60462755839029,2.369689941872366e-05,1.1856079098038208e-05,0.9990713266922179
neuron_model_behavioral_validation,Neuraxis,development_pilot,PILOT2_PROTOCOL,Exploratory development data; second development iteration informed by Pilot 1; not independent confirmation; never pooled with the confirmatory held-out estimate,acnet2_pyr_soma,P07_hyperpolarizing_step,minimum_voltage,-71.07988739013672,defined,-71.0798568725586,-71.07984924316406,3.0517578125e-05,7.62939453125e-06,2.0
neuron_model_behavioral_validation,Neuraxis,development_pilot,PILOT2_PROTOCOL,Exploratory development data; second development iteration informed by Pilot 1; not independent confirmation; never pooled with the confirmatory held-out estimate,acnet2_pyr_soma,P07_hyperpolarizing_step,sag_ratio,0.07644029205149086,defined,0.07643158331354749,0.07642926468956382,8.708737943369238e-06,2.3186239836714417e-06,1.9091947869322314
neuron_model_behavioral_validation,Neuraxis,development_pilot,PILOT2_PROTOCOL,Exploratory development data; second development iteration informed by Pilot 1; not independent confirmation; never pooled with the confirmatory held-out estimate,acnet2_pyr_soma,P07_hyperpolarizing_step,spike_count,0.0,defined,0.0,0.0,0.0,0.0,
neuron_model_behavioral_validation,Neuraxis,development_pilot,PILOT2_PROTOCOL,Exploratory development data; second development iteration informed by Pilot 1; not independent confirmation; never pooled with the confirmatory held-out estimate,acnet2_pyr_soma,P07_hyperpolarizing_step,steady_state_voltage,-70.81424023132327,defined,-70.81424049987795,-70.81424060516358,2.685546860448085e-07,1.0528562199851876e-07,1.3509074628004762
neuron_model_behavioral_validation,Neuraxis,development_pilot,PILOT2_PROTOCOL,Exploratory development data; second development iteration informed by Pilot 1; not independent confirmation; never pooled with the confirmatory held-out estimate,acnet2_pyr_soma,P07_hyperpolarizing_step,voltage_deflection,-3.20957711995446,defined,-3.209601085408565,-3.209613046773285,2.396545410476847e-05,1.1961364720036727e-05,1.0025742750578859
neuron_model_behavioral_validation,Neuraxis,development_pilot,PILOT2_PROTOCOL,Exploratory development data; second development iteration informed by Pilot 1; not independent confirmation; never pooled with the confirmatory held-out estimate,acnet2_pyr_soma,P08_rebound,firing_regime,silent,defined,silent,silent,,,
neuron_model_behavioral_validation,Neuraxis,development_pilot,PILOT2_PROTOCOL,Exploratory development data; second development iteration informed by Pilot 1; not independent confirmation; never pooled with the confirmatory held-out estimate,acnet2_pyr_soma,P08_rebound,first_spike_latency,,not_applicable,,,,,
neuron_model_behavioral_validation,Neuraxis,development_pilot,PILOT2_PROTOCOL,Exploratory development data; second development iteration informed by Pilot 1; not independent confirmation; never pooled with the confirmatory held-out estimate,acnet2_pyr_soma,P08_rebound,maximum_voltage,-66.67127990722656,defined,-66.67135620117188,-66.67139434814453,7.62939453125e-05,3.814697265625e-05,1.0
neuron_model_behavioral_validation,Neuraxis,development_pilot,PILOT2_PROTOCOL,Exploratory development data; second development iteration informed by Pilot 1; not independent confirmation; never pooled with the confirmatory held-out estimate,acnet2_pyr_soma,P08_rebound,spike_count,0.0,defined,0.0,0.0,0.0,0.0,
neuron_model_behavioral_validation,Neuraxis,development_pilot,PILOT2_PROTOCOL,Exploratory development data; second development iteration informed by Pilot 1; not independent confirmation; never pooled with the confirmatory held-out estimate,acnet2_pyr_soma,P09_short_pulse,ahp_depth,,not_applicable,,,,,
neuron_model_behavioral_validation,Neuraxis,development_pilot,PILOT2_PROTOCOL,Exploratory development data; second development iteration informed by Pilot 1; not independent confirmation; never pooled with the confirmatory held-out estimate,acnet2_pyr_soma,P09_short_pulse,ap_amplitude,,not_applicable,,,,,
neuron_model_behavioral_validation,Neuraxis,development_pilot,PILOT2_PROTOCOL,Exploratory development data; second development iteration informed by Pilot 1; not independent confirmation; never pooled with the confirmatory held-out estimate,acnet2_pyr_soma,P09_short_pulse,ap_half_width,,not_applicable,,,,,
neuron_model_behavioral_validation,Neuraxis,development_pilot,PILOT2_PROTOCOL,Exploratory development data; second development iteration informed by Pilot 1; not independent confirmation; never pooled with the confirmatory held-out estimate,acnet2_pyr_soma,P09_short_pulse,first_spike_latency,,not_applicable,,,,,
neuron_model_behavioral_validation,Neuraxis,development_pilot,PILOT2_PROTOCOL,Exploratory development data; second development iteration informed by Pilot 1; not independent confirmation; never pooled with the confirmatory held-out estimate,acnet2_pyr_soma,P09_short_pulse,spike_count,0.0,defined,0.0,0.0,0.0,0.0,
neuron_model_behavioral_validation,Neuraxis,development_pilot,PILOT2_PROTOCOL,Exploratory development data; second development iteration informed by Pilot 1; not independent confirmation; never pooled with the confirmatory held-out estimate,migliore2014_mt_soma,P00_canonical,adaptation_index,,not_applicable,,,,,
neuron_model_behavioral_validation,Neuraxis,development_pilot,PILOT2_PROTOCOL,Exploratory development data; second development iteration informed by Pilot 1; not independent confirmation; never pooled with the confirmatory held-out estimate,migliore2014_mt_soma,P00_canonical,ahp_depth,-12.39068603515625,defined,-12.354972194083288,-12.337360021486802,0.03571384107296183,0.017612172596486175,1.0199104184756589
neuron_model_behavioral_validation,Neuraxis,development_pilot,PILOT2_PROTOCOL,Exploratory development data; second development iteration informed by Pilot 1; not independent confirmation; never pooled with the confirmatory held-out estimate,migliore2014_mt_soma,P00_canonical,ap_amplitude,84.54416275022575,defined,84.60015106199378,84.67765426633946,0.05598831176803287,0.0775032043456747,-0.4691302806933956
neuron_model_behavioral_validation,Neuraxis,development_pilot,PILOT2_PROTOCOL,Exploratory development data; second development iteration informed by Pilot 1; not independent confirmation; never pooled with the confirmatory held-out estimate,migliore2014_mt_soma,P00_canonical,ap_half_width,3.849999999999234,defined,3.849999999999234,3.86999999999923,0.0,0.01999999999999602,
neuron_model_behavioral_validation,Neuraxis,development_pilot,PILOT2_PROTOCOL,Exploratory development data; second development iteration informed by Pilot 1; not independent confirmation; never pooled with the confirmatory held-out estimate,migliore2014_mt_soma,P00_canonical,baseline_voltage,-64.9999771118164,defined,-64.99992435132687,-64.99995076952882,5.2760489538172806e-05,2.641820195492528e-05,0.9979256718101562
neuron_model_behavioral_validation,Neuraxis,development_pilot,PILOT2_PROTOCOL,Exploratory development data; second development iteration informed by Pilot 1; not independent confirmation; never pooled with the confirmatory held-out estimate,migliore2014_mt_soma,P00_canonical,firing_regime,single_spike,defined,single_spike,single_spike,,,
neuron_model_behavioral_validation,Neuraxis,development_pilot,PILOT2_PROTOCOL,Exploratory development data; second development iteration informed by Pilot 1; not independent confirmation; never pooled with the confirmatory held-out estimate,migliore2014_mt_soma,P00_canonical,first_isi,,not_applicable,,,,,
neuron_model_behavioral_validation,Neuraxis,development_pilot,PILOT2_PROTOCOL,Exploratory development data; second development iteration informed by Pilot 1; not independent confirmation; never pooled with the confirmatory held-out estimate,migliore2014_mt_soma,P00_canonical,first_spike_latency,15.58000000000149,defined,15.520000000001502,15.500000000001506,0.05999999999998806,0.01999999999999602,1.584962500721156
neuron_model_behavioral_validation,Neuraxis,development_pilot,PILOT2_PROTOCOL,Exploratory development data; second development iteration informed by Pilot 1; not independent confirmation; never pooled with the confirmatory held-out estimate,migliore2014_mt_soma,P00_canonical,last_isi,,not_applicable,,,,,
neuron_model_behavioral_validation,Neuraxis,development_pilot,PILOT2_PROTOCOL,Exploratory development data; second development iteration informed by Pilot 1; not independent confirmation; never pooled with the confirmatory held-out estimate,migliore2014_mt_soma,P00_canonical,mean_frequency,,not_applicable,,,,,
neuron_model_behavioral_validation,Neuraxis,development_pilot,PILOT2_PROTOCOL,Exploratory development data; second development iteration informed by Pilot 1; not independent confirmation; never pooled with the confirmatory held-out estimate,migliore2014_mt_soma,P00_canonical,spike_count,1.0,defined,1.0,1.0,0.0,0.0,
neuron_model_behavioral_validation,Neuraxis,development_pilot,PILOT2_PROTOCOL,Exploratory development data; second development iteration informed by Pilot 1; not independent confirmation; never pooled with the confirmatory held-out estimate,migliore2014_mt_soma,P02_weak_step,baseline_voltage,-64.9999771118164,defined,-64.9999771118164,-64.99997692871095,0.0,1.83105456130761e-07,
neuron_model_behavioral_validation,Neuraxis,development_pilot,PILOT2_PROTOCOL,Exploratory development data; second development iteration informed by Pilot 1; not independent confirmation; never pooled with the confirmatory held-out estimate,migliore2014_mt_soma,P02_weak_step,spike_count,0.0,defined,0.0,0.0,0.0,0.0,
neuron_model_behavioral_validation,Neuraxis,development_pilot,PILOT2_PROTOCOL,Exploratory development data; second development iteration informed by Pilot 1; not independent confirmation; never pooled with the confirmatory held-out estimate,migliore2014_mt_soma,P02_weak_step,steady_state_voltage,-58.44957622985835,defined,-58.449576139068554,-58.449575885009764,9.078979701371281e-08,2.5405879000572895e-07,-1.4845602986044335
neuron_model_behavioral_validation,Neuraxis,development_pilot,PILOT2_PROTOCOL,Exploratory development data; second development iteration informed by Pilot 1; not independent confirmation; never pooled with the confirmatory held-out estimate,migliore2014_mt_soma,P02_weak_step,voltage_deflection,6.550400881958055,defined,6.550400972747852,6.550401043701186,9.078979701371281e-08,7.095333387496794e-08,0.35565970249713186
neuron_model_behavioral_validation,Neuraxis,development_pilot,PILOT2_PROTOCOL,Exploratory development data; second development iteration informed by Pilot 1; not independent confirmation; never pooled with the confirmatory held-out estimate,migliore2014_mt_soma,P03_rheobase,rheobase,0.024690936411447307,defined,0.024690936411447307,0.024690936411447307,0.0,0.0,
neuron_model_behavioral_validation,Neuraxis,development_pilot,PILOT2_PROTOCOL,Exploratory development data; second development iteration informed by Pilot 1; not independent confirmation; never pooled with the confirmatory held-out estimate,migliore2014_mt_soma,P04_step_2x,adaptation_index,0.0076978106032479145,defined,0.007682093803921673,0.007698809338994023,1.57167993262413e-05,1.6715535072349755e-05,-0.0888820895841718
neuron_model_behavioral_validation,Neuraxis,development_pilot,PILOT2_PROTOCOL,Exploratory development data; second development iteration informed by Pilot 1; not independent confirmation; never pooled with the confirmatory held-out estimate,migliore2014_mt_soma,P04_step_2x,ahp_depth,-13.209152221679446,defined,-13.192115783691406,-13.183663144429445,0.017036437988039665,0.008452639261960826,1.0111499399417012
neuron_model_behavioral_validation,Neuraxis,development_pilot,PILOT2_PROTOCOL,Exploratory development data; second development iteration informed by Pilot 1; not independent confirmation; never pooled with the confirmatory held-out estimate,migliore2014_mt_soma,P04_step_2x,ap_amplitude,84.44722366475656,defined,84.47930145405832,84.4825592055659,0.03207778930175209,0.003257751507590001,3.2996262509831236
neuron_model_behavioral_validation,Neuraxis,development_pilot,PILOT2_PROTOCOL,Exploratory development data; second development iteration informed by Pilot 1; not independent confirmation; never pooled with the confirmatory held-out estimate,migliore2014_mt_soma,P04_step_2x,ap_half_width,3.8399999999965075,defined,3.8499999999964984,3.8499999999964984,0.009999999999990905,0.0,
neuron_model_behavioral_validation,Neuraxis,development_pilot,PILOT2_PROTOCOL,Exploratory development data; second development iteration informed by Pilot 1; not independent confirmation; never pooled with the confirmatory held-out estimate,migliore2014_mt_soma,P04_step_2x,burst_count,1.0,defined,1.0,1.0,0.0,0.0,
neuron_model_behavioral_validation,Neuraxis,development_pilot,PILOT2_PROTOCOL,Exploratory development data; second development iteration informed by Pilot 1; not independent confirmation; never pooled with the confirmatory held-out estimate,migliore2014_mt_soma,P04_step_2x,firing_regime,tonic,defined,tonic,tonic,,,
neuron_model_behavioral_validation,Neuraxis,development_pilot,PILOT2_PROTOCOL,Exploratory development data; second development iteration informed by Pilot 1; not independent confirmation; never pooled with the confirmatory held-out estimate,migliore2014_mt_soma,P04_step_2x,first_isi,73.12999999993349,defined,73.12999999993349,73.12999999993349,0.0,0.0,
neuron_model_behavioral_validation,Neuraxis,development_pilot,PILOT2_PROTOCOL,Exploratory development data; second development iteration informed by Pilot 1; not independent confirmation; never pooled with the confirmatory held-out estimate,migliore2014_mt_soma,P04_step_2x,first_spike_latency,19.199999999854697,defined,19.169999999854724,19.159999999854733,0.029999999999972715,0.009999999999990905,1.584962500721156
neuron_model_behavioral_validation,Neuraxis,development_pilot,PILOT2_PROTOCOL,Exploratory development data; second development iteration informed by Pilot 1; not independent confirmation; never pooled with the confirmatory held-out estimate,migliore2014_mt_soma,P04_step_2x,last_isi,79.52999999992767,defined,79.51999999992768,79.51999999992768,0.009999999999990905,0.0,
neuron_model_behavioral_validation,Neuraxis,development_pilot,PILOT2_PROTOCOL,Exploratory development data; second development iteration informed by Pilot 1; not independent confirmation; never pooled with the confirmatory held-out estimate,migliore2014_mt_soma,P04_step_2x,mean_frequency,14.612558450250988,defined,14.614694030958587,14.61560947093213,0.00213558070759845,0.0009154399735429308,1.2220912261050982
neuron_model_behavioral_validation,Neuraxis,development_pilot,PILOT2_PROTOCOL,Exploratory development data; second development iteration informed by Pilot 1; not independent confirmation; never pooled with the confirmatory held-out estimate,migliore2014_mt_soma,P04_step_2x,spike_count,7.0,defined,7.0,7.0,0.0,0.0,
neuron_model_behavioral_validation,Neuraxis,development_pilot,PILOT2_PROTOCOL,Exploratory development data; second development iteration informed by Pilot 1; not independent confirmation; never pooled with the confirmatory held-out estimate,migliore2014_mt_soma,P05_long_step,adaptation_index,0.005414466597953451,defined,0.0054122174080685195,0.005406668105859248,2.2491898849317377e-06,5.549302209271155e-06,-1.3029009089010501
neuron_model_behavioral_validation,Neuraxis,development_pilot,PILOT2_PROTOCOL,Exploratory development data; second development iteration informed by Pilot 1; not independent confirmation; never pooled with the confirmatory held-out estimate,migliore2014_mt_soma,P05_long_step,ahp_depth,-14.216171264648949,defined,-14.199851989746094,-14.19175011952916,0.01631927490285534,0.008101870216933094,1.0102500770537206
neuron_model_behavioral_validation,Neuraxis,development_pilot,PILOT2_PROTOCOL,Exploratory development data; second development iteration informed by Pilot 1; not independent confirmation; never pooled with the confirmatory held-out estimate,migliore2014_mt_soma,P05_long_step,ap_amplitude,84.2643203750593,defined,84.2574310317606,84.24109649813172,0.006889343298695394,0.01633453362887849,-1.2454868896388218
neuron_model_behavioral_validation,Neuraxis,development_pilot,PILOT2_PROTOCOL,Exploratory development data; second development iteration informed by Pilot 1; not independent confirmation; never pooled with the confirmatory held-out estimate,migliore2014_mt_soma,P05_long_step,ap_half_width,3.8299999999965166,defined,3.8299999999965166,3.8299999999965166,0.0,0.0,
neuron_model_behavioral_validation,Neuraxis,development_pilot,PILOT2_PROTOCOL,Exploratory development data; second development iteration informed by Pilot 1; not independent confirmation; never pooled with the confirmatory held-out estimate,migliore2014_mt_soma,P05_long_step,burst_count,1.0,defined,1.0,1.0,0.0,0.0,
neuron_model_behavioral_validation,Neuraxis,development_pilot,PILOT2_PROTOCOL,Exploratory development data; second development iteration informed by Pilot 1; not independent confirmation; never pooled with the confirmatory held-out estimate,migliore2014_mt_soma,P05_long_step,firing_regime,tonic,defined,tonic,tonic,,,
neuron_model_behavioral_validation,Neuraxis,development_pilot,PILOT2_PROTOCOL,Exploratory development data; second development iteration informed by Pilot 1; not independent confirmation; never pooled with the confirmatory held-out estimate,migliore2014_mt_soma,P05_long_step,first_isi,91.02999999991721,defined,91.0399999999172,91.02999999991721,0.009999999999990905,0.009999999999990905,0.0
neuron_model_behavioral_validation,Neuraxis,development_pilot,PILOT2_PROTOCOL,Exploratory development data; second development iteration informed by Pilot 1; not independent confirmation; never pooled with the confirmatory held-out estimate,migliore2014_mt_soma,P05_long_step,first_spike_latency,27.809999999846866,defined,27.769999999846902,27.75999999984691,0.03999999999996362,0.009999999999990905,2.0
neuron_model_behavioral_validation,Neuraxis,development_pilot,PILOT2_PROTOCOL,Exploratory development data; second development iteration informed by Pilot 1; not independent confirmation; never pooled with the confirmatory held-out estimate,migliore2014_mt_soma,P05_long_step,last_isi,112.64000000245869,defined,112.62000000245826,112.60000000245782,0.020000000000436557,0.020000000000436557,0.0
neuron_model_behavioral_validation,Neuraxis,development_pilot,PILOT2_PROTOCOL,Exploratory development data; second development iteration informed by Pilot 1; not independent confirmation; never pooled with the confirmatory held-out estimate,migliore2014_mt_soma,P05_long_step,mean_frequency,9.706010063585746,defined,9.707993766431983,9.708985921956307,0.0019837028462372785,0.0009921555243241897,0.999557738136777
neuron_model_behavioral_validation,Neuraxis,development_pilot,PILOT2_PROTOCOL,Exploratory development data; second development iteration informed by Pilot 1; not independent confirmation; never pooled with the confirmatory held-out estimate,migliore2014_mt_soma,P05_long_step,spike_count,19.0,defined,19.0,19.0,0.0,0.0,
neuron_model_behavioral_validation,Neuraxis,development_pilot,PILOT2_PROTOCOL,Exploratory development data; second development iteration informed by Pilot 1; not independent confirmation; never pooled with the confirmatory held-out estimate,migliore2014_mt_soma,P06_ramp,firing_regime,tonic,defined,tonic,tonic,,,
neuron_model_behavioral_validation,Neuraxis,development_pilot,PILOT2_PROTOCOL,Exploratory development data; second development iteration informed by Pilot 1; not independent confirmation; never pooled with the confirmatory held-out estimate,migliore2014_mt_soma,P06_ramp,first_spike_latency,400.72999999950775,defined,400.6799999995078,400.6499999995078,0.049999999999954525,0.029999999999972715,0.7369655941662062
neuron_model_behavioral_validation,Neuraxis,development_pilot,PILOT2_PROTOCOL,Exploratory development data; second development iteration informed by Pilot 1; not independent confirmation; never pooled with the confirmatory held-out estimate,migliore2014_mt_soma,P06_ramp,mean_frequency,9.067918711155903,defined,9.068741057223095,9.06910659224223,0.0008223460671921146,0.00036553501913516584,1.1697360233533987
neuron_model_behavioral_validation,Neuraxis,development_pilot,PILOT2_PROTOCOL,Exploratory development data; second development iteration informed by Pilot 1; not independent confirmation; never pooled with the confirmatory held-out estimate,migliore2014_mt_soma,P06_ramp,spike_count,9.0,defined,9.0,9.0,0.0,0.0,
neuron_model_behavioral_validation,Neuraxis,development_pilot,PILOT2_PROTOCOL,Exploratory development data; second development iteration informed by Pilot 1; not independent confirmation; never pooled with the confirmatory held-out estimate,migliore2014_mt_soma,P07_hyperpolarizing_step,baseline_voltage,-64.9999771118164,defined,-64.9999771118164,-64.99997747294104,0.0,3.611246341961305e-07,
neuron_model_behavioral_validation,Neuraxis,development_pilot,PILOT2_PROTOCOL,Exploratory development data; second development iteration informed by Pilot 1; not independent confirmation; never pooled with the confirmatory held-out estimate,migliore2014_mt_soma,P07_hyperpolarizing_step,minimum_voltage,-81.01427459716797,defined,-81.01427459716797,-81.01427459716797,0.0,0.0,
neuron_model_behavioral_validation,Neuraxis,development_pilot,PILOT2_PROTOCOL,Exploratory development data; second development iteration informed by Pilot 1; not independent confirmation; never pooled with the confirmatory held-out estimate,migliore2014_mt_soma,P07_hyperpolarizing_step,sag_ratio,2.0129526736024145e-05,defined,2.0102752413302014e-05,2.0075692702235223e-05,2.6774322722131297e-08,2.705971106679129e-08,-0.015296353538526602
neuron_model_behavioral_validation,Neuraxis,development_pilot,PILOT2_PROTOCOL,Exploratory development data; second development iteration informed by Pilot 1; not independent confirmation; never pooled with the confirmatory held-out estimate,migliore2014_mt_soma,P07_hyperpolarizing_step,spike_count,0.0,defined,0.0,0.0,0.0,0.0,
neuron_model_behavioral_validation,Neuraxis,development_pilot,PILOT2_PROTOCOL,Exploratory development data; second development iteration informed by Pilot 1; not independent confirmation; never pooled with the confirmatory held-out estimate,migliore2014_mt_soma,P07_hyperpolarizing_step,steady_state_voltage,-81.01395223693858,defined,-81.01395266571055,-81.01395309906006,4.2877196904100856e-07,4.3334951271845057e-07,-0.015320489661772319
neuron_model_behavioral_validation,Neuraxis,development_pilot,PILOT2_PROTOCOL,Exploratory development data; second development iteration informed by Pilot 1; not independent confirmation; never pooled with the confirmatory held-out estimate,migliore2014_mt_soma,P07_hyperpolarizing_step,voltage_deflection,-16.013975125122172,defined,-16.01397555389414,-16.01397562611902,4.2877196904100856e-07,7.222487852232007e-08,2.5696428153360484
neuron_model_behavioral_validation,Neuraxis,development_pilot,PILOT2_PROTOCOL,Exploratory development data; second development iteration informed by Pilot 1; not independent confirmation; never pooled with the confirmatory held-out estimate,migliore2014_mt_soma,P08_rebound,firing_regime,silent,defined,silent,silent,,,
neuron_model_behavioral_validation,Neuraxis,development_pilot,PILOT2_PROTOCOL,Exploratory development data; second development iteration informed by Pilot 1; not independent confirmation; never pooled with the confirmatory held-out estimate,migliore2014_mt_soma,P08_rebound,first_spike_latency,,not_applicable,,,,,
neuron_model_behavioral_validation,Neuraxis,development_pilot,PILOT2_PROTOCOL,Exploratory development data; second development iteration informed by Pilot 1; not independent confirmation; never pooled with the confirmatory held-out estimate,migliore2014_mt_soma,P08_rebound,maximum_voltage,-64.96694946289062,defined,-64.96698760986328,-64.9670181274414,3.814697265625e-05,3.0517578125e-05,0.32192809488736235
neuron_model_behavioral_validation,Neuraxis,development_pilot,PILOT2_PROTOCOL,Exploratory development data; second development iteration informed by Pilot 1; not independent confirmation; never pooled with the confirmatory held-out estimate,migliore2014_mt_soma,P08_rebound,spike_count,0.0,defined,0.0,0.0,0.0,0.0,
neuron_model_behavioral_validation,Neuraxis,development_pilot,PILOT2_PROTOCOL,Exploratory development data; second development iteration informed by Pilot 1; not independent confirmation; never pooled with the confirmatory held-out estimate,migliore2014_mt_soma,P09_short_pulse,ahp_depth,-17.906005859375,defined,-17.89281463623047,-17.88627988433801,0.01319122314453125,0.006534751892459667,1.0133739766238365
neuron_model_behavioral_validation,Neuraxis,development_pilot,PILOT2_PROTOCOL,Exploratory development data; second development iteration informed by Pilot 1; not independent confirmation; never pooled with the confirmatory held-out estimate,migliore2014_mt_soma,P09_short_pulse,ap_amplitude,84.03120803962754,defined,84.07723236217922,84.08748626840048,0.046024322551673436,0.010253906221265652,2.1662228776808505
neuron_model_behavioral_validation,Neuraxis,development_pilot,PILOT2_PROTOCOL,Exploratory development data; second development iteration informed by Pilot 1; not independent confirmation; never pooled with the confirmatory held-out estimate,migliore2014_mt_soma,P09_short_pulse,ap_half_width,3.809999999996535,defined,3.8199999999965257,3.8199999999965257,0.009999999999990905,0.0,
neuron_model_behavioral_validation,Neuraxis,development_pilot,PILOT2_PROTOCOL,Exploratory development data; second development iteration informed by Pilot 1; not independent confirmation; never pooled with the confirmatory held-out estimate,migliore2014_mt_soma,P09_short_pulse,first_spike_latency,5.479999999867175,defined,5.459999999867193,5.4399999998672115,0.01999999999998181,0.01999999999998181,0.0
neuron_model_behavioral_validation,Neuraxis,development_pilot,PILOT2_PROTOCOL,Exploratory development data; second development iteration informed by Pilot 1; not independent confirmation; never pooled with the confirmatory held-out estimate,migliore2014_mt_soma,P09_short_pulse,spike_count,1.0,defined,1.0,1.0,0.0,0.0,
neuron_model_behavioral_validation,Neuraxis,development_pilot,PILOT2_PROTOCOL,Exploratory development data; second development iteration informed by Pilot 1; not independent confirmation; never pooled with the confirmatory held-out estimate,nml2_hh_example,P00_canonical,adaptation_index,-7.74713208133793e-05,defined,-1.02201355559918e-13,-7.800312022786249e-05,7.747132071117794e-05,7.800312012566113e-05,-0.00986949836941462
neuron_model_behavioral_validation,Neuraxis,development_pilot,PILOT2_PROTOCOL,Exploratory development data; second development iteration informed by Pilot 1; not independent confirmation; never pooled with the confirmatory held-out estimate,nml2_hh_example,P00_canonical,ahp_depth,-10.343139648437372,defined,-10.327699567887592,-10.319928126378386,0.015440080549780077,0.007771441509206056,0.990426147864244
neuron_model_behavioral_validation,Neuraxis,development_pilot,PILOT2_PROTOCOL,Exploratory development data; second development iteration informed by Pilot 1; not independent confirmation; never pooled with the confirmatory held-out estimate,nml2_hh_example,P00_canonical,ap_amplitude,95.13947677592056,defined,95.29706954941832,95.37940597518664,0.15759277349776823,0.08233642576831812,0.9365986531372451
neuron_model_behavioral_validation,Neuraxis,development_pilot,PILOT2_PROTOCOL,Exploratory development data; second development iteration informed by Pilot 1; not independent confirmation; never pooled with the confirmatory held-out estimate,nml2_hh_example,P00_canonical,ap_half_width,1.3400000000006855,defined,1.3400000000006855,1.3500000000006906,0.0,0.010000000000005116,
neuron_model_behavioral_validation,Neuraxis,development_pilot,PILOT2_PROTOCOL,Exploratory development data; second development iteration informed by Pilot 1; not independent confirmation; never pooled with the confirmatory held-out estimate,nml2_hh_example,P00_canonical,baseline_voltage,-64.9740524291991,defined,-64.97401246824452,-64.97403244491093,3.996095458091986e-05,1.997666640818352e-05,1.0002751918915789
neuron_model_behavioral_validation,Neuraxis,development_pilot,PILOT2_PROTOCOL,Exploratory development data; second development iteration informed by Pilot 1; not independent confirmation; never pooled with the confirmatory held-out estimate,nml2_hh_example,P00_canonical,firing_regime,tonic,defined,tonic,tonic,,,
neuron_model_behavioral_validation,Neuraxis,development_pilot,PILOT2_PROTOCOL,Exploratory development data; second development iteration informed by Pilot 1; not independent confirmation; never pooled with the confirmatory held-out estimate,nml2_hh_example,P00_canonical,first_isi,16.350000000008365,defined,16.290000000008334,16.250000000008313,0.060000000000030695,0.040000000000020464,0.5849625007211562
neuron_model_behavioral_validation,Neuraxis,development_pilot,PILOT2_PROTOCOL,Exploratory development data; second development iteration informed by Pilot 1; not independent confirmation; never pooled with the confirmatory held-out estimate,nml2_hh_example,P00_canonical,first_spike_latency,2.5200000000155427,defined,2.460000000015512,2.4400000000155018,0.060000000000030695,0.020000000000010232,1.584962500721156
neuron_model_behavioral_validation,Neuraxis,development_pilot,PILOT2_PROTOCOL,Exploratory development data; second development iteration informed by Pilot 1; not independent confirmation; never pooled with the confirmatory held-out estimate,nml2_hh_example,P00_canonical,last_isi,16.12999999998533,defined,16.059999999985394,16.01999999998543,0.06999999999993634,0.03999999999996362,0.8073549220576041
neuron_model_behavioral_validation,Neuraxis,development_pilot,PILOT2_PROTOCOL,Exploratory development data; second development iteration informed by Pilot 1; not independent confirmation; never pooled with the confirmatory held-out estimate,nml2_hh_example,P00_canonical,mean_frequency,70.3446889760081,defined,70.67851373185125,70.8502024291755,0.3338247558431533,0.1716886973242424,0.9592958799193434
neuron_model_behavioral_validation,Neuraxis,development_pilot,PILOT2_PROTOCOL,Exploratory development data; second development iteration informed by Pilot 1; not independent confirmation; never pooled with the confirmatory held-out estimate,nml2_hh_example,P00_canonical,spike_count,7.0,defined,7.0,7.0,0.0,0.0,
neuron_model_behavioral_validation,Neuraxis,development_pilot,PILOT2_PROTOCOL,Exploratory development data; second development iteration informed by Pilot 1; not independent confirmation; never pooled with the confirmatory held-out estimate,nml2_hh_example,P02_weak_step,baseline_voltage,-64.97405242919922,defined,-64.97405242919922,-64.97405196126307,0.0,4.679361467196941e-07,
neuron_model_behavioral_validation,Neuraxis,development_pilot,PILOT2_PROTOCOL,Exploratory development data; second development iteration informed by Pilot 1; not independent confirmation; never pooled with the confirmatory held-out estimate,nml2_hh_example,P02_weak_step,spike_count,0.0,defined,0.0,0.0,0.0,0.0,
neuron_model_behavioral_validation,Neuraxis,development_pilot,PILOT2_PROTOCOL,Exploratory development data; second development iteration informed by Pilot 1; not independent confirmation; never pooled with the confirmatory held-out estimate,nml2_hh_example,P02_weak_step,steady_state_voltage,-64.08310811767565,defined,-64.08310755462634,-64.0831069946289,5.630493120634128e-07,5.599974315373402e-07,0.00784106941899432
neuron_model_behavioral_validation,Neuraxis,development_pilot,PILOT2_PROTOCOL,Exploratory development data; second development iteration informed by Pilot 1; not independent confirmation; never pooled with the confirmatory held-out estimate,nml2_hh_example,P02_weak_step,voltage_deflection,0.8909443115235689,defined,0.890944874572881,0.8909449666341658,5.630493120634128e-07,9.206128481764608e-08,2.6125947973656753
neuron_model_behavioral_validation,Neuraxis,development_pilot,PILOT2_PROTOCOL,Exploratory development data; second development iteration informed by Pilot 1; not independent confirmation; never pooled with the confirmatory held-out estimate,nml2_hh_example,P03_rheobase,rheobase,0.022436992008742575,defined,0.02240284133597432,0.02240284133597432,3.415067276825445e-05,0.0,
neuron_model_behavioral_validation,Neuraxis,development_pilot,PILOT2_PROTOCOL,Exploratory development data; second development iteration informed by Pilot 1; not independent confirmation; never pooled with the confirmatory held-out estimate,nml2_hh_example,P04_step_2x,adaptation_index,,not_applicable,,,,,
neuron_model_behavioral_validation,Neuraxis,development_pilot,PILOT2_PROTOCOL,Exploratory development data; second development iteration informed by Pilot 1; not independent confirmation; never pooled with the confirmatory held-out estimate,nml2_hh_example,P04_step_2x,ahp_depth,-10.697937011716306,defined,-10.691650390625,-10.688508949278784,0.006286621091305733,0.0031414413462158564,1.0008581674771313
neuron_model_behavioral_validation,Neuraxis,development_pilot,PILOT2_PROTOCOL,Exploratory development data; second development iteration informed by Pilot 1; not independent confirmation; never pooled with the confirmatory held-out estimate,nml2_hh_example,P04_step_2x,ap_amplitude,92.72434234740876,defined,92.82558822777118,92.86779022349262,0.10124588036241278,0.042201995721441676,1.2624800764136308
neuron_model_behavioral_validation,Neuraxis,development_pilot,PILOT2_PROTOCOL,Exploratory development data; second development iteration informed by Pilot 1; not independent confirmation; never pooled with the confirmatory held-out estimate,nml2_hh_example,P04_step_2x,ap_half_width,1.3099999999988086,defined,1.3099999999988086,1.3099999999988086,0.0,0.0,
neuron_model_behavioral_validation,Neuraxis,development_pilot,PILOT2_PROTOCOL,Exploratory development data; second development iteration informed by Pilot 1; not independent confirmation; never pooled with the confirmatory held-out estimate,nml2_hh_example,P04_step_2x,burst_count,,not_applicable,,,,,
neuron_model_behavioral_validation,Neuraxis,development_pilot,PILOT2_PROTOCOL,Exploratory development data; second development iteration informed by Pilot 1; not independent confirmation; never pooled with the confirmatory held-out estimate,nml2_hh_example,P04_step_2x,firing_regime,single_spike,defined,single_spike,single_spike,,,
neuron_model_behavioral_validation,Neuraxis,development_pilot,PILOT2_PROTOCOL,Exploratory development data; second development iteration informed by Pilot 1; not independent confirmation; never pooled with the confirmatory held-out estimate,nml2_hh_example,P04_step_2x,first_isi,,not_applicable,,,,,
neuron_model_behavioral_validation,Neuraxis,development_pilot,PILOT2_PROTOCOL,Exploratory development data; second development iteration informed by Pilot 1; not independent confirmation; never pooled with the confirmatory held-out estimate,nml2_hh_example,P04_step_2x,first_spike_latency,3.5399999998689395,defined,3.509999999868967,3.489999999868985,0.029999999999972715,0.01999999999998181,0.5849625007211562
neuron_model_behavioral_validation,Neuraxis,development_pilot,PILOT2_PROTOCOL,Exploratory development data; second development iteration informed by Pilot 1; not independent confirmation; never pooled with the confirmatory held-out estimate,nml2_hh_example,P04_step_2x,last_isi,,not_applicable,,,,,
neuron_model_behavioral_validation,Neuraxis,development_pilot,PILOT2_PROTOCOL,Exploratory development data; second development iteration informed by Pilot 1; not independent confirmation; never pooled with the confirmatory held-out estimate,nml2_hh_example,P04_step_2x,mean_frequency,,not_applicable,,,,,
neuron_model_behavioral_validation,Neuraxis,development_pilot,PILOT2_PROTOCOL,Exploratory development data; second development iteration informed by Pilot 1; not independent confirmation; never pooled with the confirmatory held-out estimate,nml2_hh_example,P04_step_2x,spike_count,1.0,defined,1.0,1.0,0.0,0.0,
neuron_model_behavioral_validation,Neuraxis,development_pilot,PILOT2_PROTOCOL,Exploratory development data; second development iteration informed by Pilot 1; not independent confirmation; never pooled with the confirmatory held-out estimate,nml2_hh_example,P05_long_step,adaptation_index,,not_applicable,,,,,
neuron_model_behavioral_validation,Neuraxis,development_pilot,PILOT2_PROTOCOL,Exploratory development data; second development iteration informed by Pilot 1; not independent confirmation; never pooled with the confirmatory held-out estimate,nml2_hh_example,P05_long_step,ahp_depth,-10.81385040282855,defined,-10.808036804201677,-10.805161923727894,0.005813598626872363,0.002874880473783037,1.0159294949599882
neuron_model_behavioral_validation,Neuraxis,development_pilot,PILOT2_PROTOCOL,Exploratory development data; second development iteration informed by Pilot 1; not independent confirmation; never pooled with the confirmatory held-out estimate,nml2_hh_example,P05_long_step,ap_amplitude,91.2126808181487,defined,91.37988662862392,91.39737701566176,0.16720581047522387,0.017490387037838673,3.2569908630232467
neuron_model_behavioral_validation,Neuraxis,development_pilot,PILOT2_PROTOCOL,Exploratory development data; second development iteration informed by Pilot 1; not independent confirmation; never pooled with the confirmatory held-out estimate,nml2_hh_example,P05_long_step,ap_half_width,1.2899999999988268,defined,1.2899999999988268,1.2999999999988177,0.0,0.009999999999990905,
neuron_model_behavioral_validation,Neuraxis,development_pilot,PILOT2_PROTOCOL,Exploratory development data; second development iteration informed by Pilot 1; not independent confirmation; never pooled with the confirmatory held-out estimate,nml2_hh_example,P05_long_step,burst_count,,not_applicable,,,,,
neuron_model_behavioral_validation,Neuraxis,development_pilot,PILOT2_PROTOCOL,Exploratory development data; second development iteration informed by Pilot 1; not independent confirmation; never pooled with the confirmatory held-out estimate,nml2_hh_example,P05_long_step,firing_regime,single_spike,defined,single_spike,single_spike,,,
neuron_model_behavioral_validation,Neuraxis,development_pilot,PILOT2_PROTOCOL,Exploratory development data; second development iteration informed by Pilot 1; not independent confirmation; never pooled with the confirmatory held-out estimate,nml2_hh_example,P05_long_step,first_isi,,not_applicable,,,,,
neuron_model_behavioral_validation,Neuraxis,development_pilot,PILOT2_PROTOCOL,Exploratory development data; second development iteration informed by Pilot 1; not independent confirmation; never pooled with the confirmatory held-out estimate,nml2_hh_example,P05_long_step,first_spike_latency,4.42999999986813,defined,4.3899999998681665,4.369999999868185,0.03999999999996362,0.01999999999998181,1.0
neuron_model_behavioral_validation,Neuraxis,development_pilot,PILOT2_PROTOCOL,Exploratory development data; second development iteration informed by Pilot 1; not independent confirmation; never pooled with the confirmatory held-out estimate,nml2_hh_example,P05_long_step,last_isi,,not_applicable,,,,,
neuron_model_behavioral_validation,Neuraxis,development_pilot,PILOT2_PROTOCOL,Exploratory development data; second development iteration informed by Pilot 1; not independent confirmation; never pooled with the confirmatory held-out estimate,nml2_hh_example,P05_long_step,mean_frequency,,not_applicable,,,,,
neuron_model_behavioral_validation,Neuraxis,development_pilot,PILOT2_PROTOCOL,Exploratory development data; second development iteration informed by Pilot 1; not independent confirmation; never pooled with the confirmatory held-out estimate,nml2_hh_example,P05_long_step,spike_count,1.0,defined,1.0,1.0,0.0,0.0,
neuron_model_behavioral_validation,Neuraxis,development_pilot,PILOT2_PROTOCOL,Exploratory development data; second development iteration informed by Pilot 1; not independent confirmation; never pooled with the confirmatory held-out estimate,nml2_hh_example,P06_ramp,firing_regime,silent,defined,silent,silent,,,
neuron_model_behavioral_validation,Neuraxis,development_pilot,PILOT2_PROTOCOL,Exploratory development data; second development iteration informed by Pilot 1; not independent confirmation; never pooled with the confirmatory held-out estimate,nml2_hh_example,P06_ramp,first_spike_latency,,not_applicable,,,,,
neuron_model_behavioral_validation,Neuraxis,development_pilot,PILOT2_PROTOCOL,Exploratory development data; second development iteration informed by Pilot 1; not independent confirmation; never pooled with the confirmatory held-out estimate,nml2_hh_example,P06_ramp,mean_frequency,,not_applicable,,,,,
neuron_model_behavioral_validation,Neuraxis,development_pilot,PILOT2_PROTOCOL,Exploratory development data; second development iteration informed by Pilot 1; not independent confirmation; never pooled with the confirmatory held-out estimate,nml2_hh_example,P06_ramp,spike_count,0.0,defined,0.0,0.0,0.0,0.0,
neuron_model_behavioral_validation,Neuraxis,development_pilot,PILOT2_PROTOCOL,Exploratory development data; second development iteration informed by Pilot 1; not independent confirmation; never pooled with the confirmatory held-out estimate,nml2_hh_example,P07_hyperpolarizing_step,baseline_voltage,-64.97405242919922,defined,-64.97405242919922,-64.97405336252838,0.0,9.333291615121198e-07,
neuron_model_behavioral_validation,Neuraxis,development_pilot,PILOT2_PROTOCOL,Exploratory development data; second development iteration informed by Pilot 1; not independent confirmation; never pooled with the confirmatory held-out estimate,nml2_hh_example,P07_hyperpolarizing_step,minimum_voltage,-68.47553253173788,defined,-68.47355651855469,-68.47257232666016,0.001976013183195846,0.00098419189453125,1.0055810319727885
neuron_model_behavioral_validation,Neuraxis,development_pilot,PILOT2_PROTOCOL,Exploratory development data; second development iteration informed by Pilot 1; not independent confirmation; never pooled with the confirmatory held-out estimate,nml2_hh_example,P07_hyperpolarizing_step,sag_ratio,0.34640087069052167,defined,0.3460314920631419,0.34584729152832866,0.00036937862737979055,0.00018420053481321697,1.0038231427457356
neuron_model_behavioral_validation,Neuraxis,development_pilot,PILOT2_PROTOCOL,Exploratory development data; second development iteration informed by Pilot 1; not independent confirmation; never pooled with the confirmatory held-out estimate,nml2_hh_example,P07_hyperpolarizing_step,spike_count,0.0,defined,0.0,0.0,0.0,0.0,
neuron_model_behavioral_validation,Neuraxis,development_pilot,PILOT2_PROTOCOL,Exploratory development data; second development iteration informed by Pilot 1; not independent confirmation; never pooled with the confirmatory held-out estimate,nml2_hh_example,P07_hyperpolarizing_step,steady_state_voltage,-67.26261677551295,defined,-67.26261789703395,-67.26261901855469,1.1215209951842553e-06,1.1215207393888704e-06,3.290484769721501e-07
neuron_model_behavioral_validation,Neuraxis,development_pilot,PILOT2_PROTOCOL,Exploratory development data; second development iteration informed by Pilot 1; not independent confirmation; never pooled with the confirmatory held-out estimate,nml2_hh_example,P07_hyperpolarizing_step,voltage_deflection,-2.288564346313734,defined,-2.2885654678347294,-2.2885656560263072,1.1215209951842553e-06,1.8819157787675067e-07,2.5751826585252267
neuron_model_behavioral_validation,Neuraxis,development_pilot,PILOT2_PROTOCOL,Exploratory development data; second development iteration informed by Pilot 1; not independent confirmation; never pooled with the confirmatory held-out estimate,nml2_hh_example,P08_rebound,firing_regime,single_spike,defined,single_spike,single_spike,,,
neuron_model_behavioral_validation,Neuraxis,development_pilot,PILOT2_PROTOCOL,Exploratory development data; second development iteration informed by Pilot 1; not independent confirmation; never pooled with the confirmatory held-out estimate,nml2_hh_example,P08_rebound,first_spike_latency,5.219999999412721,defined,5.189999999412748,5.1799999994127575,0.029999999999972715,0.009999999999990905,1.584962500721156
neuron_model_behavioral_validation,Neuraxis,development_pilot,PILOT2_PROTOCOL,Exploratory development data; second development iteration informed by Pilot 1; not independent confirmation; never pooled with the confirmatory held-out estimate,nml2_hh_example,P08_rebound,maximum_voltage,42.80941009326659,defined,42.82489776491602,42.8328666689754,0.015487671649424328,0.007968904059381998,0.9586670385610672
neuron_model_behavioral_validation,Neuraxis,development_pilot,PILOT2_PROTOCOL,Exploratory development data; second development iteration informed by Pilot 1; not independent confirmation; never pooled with the confirmatory held-out estimate,nml2_hh_example,P08_rebound,spike_count,1.0,defined,1.0,1.0,0.0,0.0,
neuron_model_behavioral_validation,Neuraxis,development_pilot,PILOT2_PROTOCOL,Exploratory development data; second development iteration informed by Pilot 1; not independent confirmation; never pooled with the confirmatory held-out estimate,nml2_hh_example,P09_short_pulse,ahp_depth,-11.226577758789873,defined,-11.22248840332071,-11.220445447285826,0.004089355469162115,0.002042956034884469,1.0012153181528196
neuron_model_behavioral_validation,Neuraxis,development_pilot,PILOT2_PROTOCOL,Exploratory development data; second development iteration informed by Pilot 1; not independent confirmation; never pooled with the confirmatory held-out estimate,nml2_hh_example,P09_short_pulse,ap_amplitude,106.45812988261622,defined,106.43966293307548,106.40336227682579,0.018466949540737687,0.036300656249693475,-0.9750500550360351
neuron_model_behavioral_validation,Neuraxis,development_pilot,PILOT2_PROTOCOL,Exploratory development data; second development iteration informed by Pilot 1; not independent confirmation; never pooled with the confirmatory held-out estimate,nml2_hh_example,P09_short_pulse,ap_half_width,1.479999999998654,defined,1.4899999999986449,1.4899999999986449,0.009999999999990905,0.0,
neuron_model_behavioral_validation,Neuraxis,development_pilot,PILOT2_PROTOCOL,Exploratory development data; second development iteration informed by Pilot 1; not independent confirmation; never pooled with the confirmatory held-out estimate,nml2_hh_example,P09_short_pulse,first_spike_latency,1.4599999998708313,defined,1.4399999998708495,1.4299999998708586,0.01999999999998181,0.009999999999990905,1.0
neuron_model_behavioral_validation,Neuraxis,development_pilot,PILOT2_PROTOCOL,Exploratory development data; second development iteration informed by Pilot 1; not independent confirmation; never pooled with the confirmatory held-out estimate,nml2_hh_example,P09_short_pulse,spike_count,1.0,defined,1.0,1.0,0.0,0.0,
neuron_model_behavioral_validation,Neuraxis,development_pilot,PILOT2_PROTOCOL,Exploratory development data; second development iteration informed by Pilot 1; not independent confirmation; never pooled with the confirmatory held-out estimate,osb_hh2_477127614,P00_canonical,adaptation_index,0.0017557204659683922,defined,0.001963943238299798,0.0020678154010604277,0.00020822277233140574,0.0001038721627606297,1.0033187872227634
neuron_model_behavioral_validation,Neuraxis,development_pilot,PILOT2_PROTOCOL,Exploratory development data; second development iteration informed by Pilot 1; not independent confirmation; never pooled with the confirmatory held-out estimate,osb_hh2_477127614,P00_canonical,ahp_depth,7.666865774086709,defined,9.966850862869194,11.06060074191808,2.299985088782485,1.093749879048886,1.0723416505420684
neuron_model_behavioral_validation,Neuraxis,development_pilot,PILOT2_PROTOCOL,Exploratory development data; second development iteration informed by Pilot 1; not independent confirmation; never pooled with the confirmatory held-out estimate,osb_hh2_477127614,P00_canonical,ap_amplitude,68.17416534535639,defined,66.87010574454787,66.24486007829348,1.3040596008085146,0.6252456662543864,1.0605147502389884
neuron_model_behavioral_validation,Neuraxis,development_pilot,PILOT2_PROTOCOL,Exploratory development data; second development iteration informed by Pilot 1; not independent confirmation; never pooled with the confirmatory held-out estimate,osb_hh2_477127614,P00_canonical,ap_half_width,0.6499999999994088,defined,0.6499999999994088,0.6499999999994088,0.0,0.0,
neuron_model_behavioral_validation,Neuraxis,development_pilot,PILOT2_PROTOCOL,Exploratory development data; second development iteration informed by Pilot 1; not independent confirmation; never pooled with the confirmatory held-out estimate,osb_hh2_477127614,P00_canonical,baseline_voltage,-71.41928124039258,defined,-71.4192472556787,-71.41923874240456,3.398471388038615e-05,8.513274138977067e-06,1.9970999836871528
neuron_model_behavioral_validation,Neuraxis,development_pilot,PILOT2_PROTOCOL,Exploratory development data; second development iteration informed by Pilot 1; not independent confirmation; never pooled with the confirmatory held-out estimate,osb_hh2_477127614,P00_canonical,firing_regime,tonic,defined,tonic,tonic,,,
neuron_model_behavioral_validation,Neuraxis,development_pilot,PILOT2_PROTOCOL,Exploratory development data; second development iteration informed by Pilot 1; not independent confirmation; never pooled with the confirmatory held-out estimate,osb_hh2_477127614,P00_canonical,first_isi,23.42999999997869,defined,20.949999999980946,19.709999999982074,2.4799999999977445,1.2399999999988722,1.0
neuron_model_behavioral_validation,Neuraxis,development_pilot,PILOT2_PROTOCOL,Exploratory development data; second development iteration informed by Pilot 1; not independent confirmation; never pooled with the confirmatory held-out estimate,osb_hh2_477127614,P00_canonical,first_spike_latency,28.91999999987314,defined,28.749999999873296,28.66999999987337,0.16999999999984539,0.07999999999992724,1.0874628412503393
neuron_model_behavioral_validation,Neuraxis,development_pilot,PILOT2_PROTOCOL,Exploratory development data; second development iteration informed by Pilot 1; not independent confirmation; never pooled with the confirmatory held-out estimate,osb_hh2_477127614,P00_canonical,last_isi,25.819999999976517,defined,23.619999999978518,22.5399999999795,2.199999999997999,1.0799999999990177,1.0264722113611913
neuron_model_behavioral_validation,Neuraxis,development_pilot,PILOT2_PROTOCOL,Exploratory development data; second development iteration informed by Pilot 1; not independent confirmation; never pooled with the confirmatory held-out estimate,osb_hh2_477127614,P00_canonical,mean_frequency,39.70955298393104,defined,43.577272343940756,45.81233601270892,3.8677193600097155,2.235063668768163,0.7911671882187602
neuron_model_behavioral_validation,Neuraxis,development_pilot,PILOT2_PROTOCOL,Exploratory development data; second development iteration informed by Pilot 1; not independent confirmation; never pooled with the confirmatory held-out estimate,osb_hh2_477127614,P00_canonical,spike_count,28.0,defined,31.0,33.0,3.0,2.0,0.5849625007211562
neuron_model_behavioral_validation,Neuraxis,development_pilot,PILOT2_PROTOCOL,Exploratory development data; second development iteration informed by Pilot 1; not independent confirmation; never pooled with the confirmatory held-out estimate,osb_hh2_477127614,P02_weak_step,baseline_voltage,-71.4206871846517,defined,-71.42068381754557,-71.42068229420981,3.367106131690889e-06,1.523335754427535e-06,1.1442752383536512
neuron_model_behavioral_validation,Neuraxis,development_pilot,PILOT2_PROTOCOL,Exploratory development data; second development iteration informed by Pilot 1; not independent confirmation; never pooled with the confirmatory held-out estimate,osb_hh2_477127614,P02_weak_step,spike_count,0.0,defined,0.0,0.0,0.0,0.0,
neuron_model_behavioral_validation,Neuraxis,development_pilot,PILOT2_PROTOCOL,Exploratory development data; second development iteration informed by Pilot 1; not independent confirmation; never pooled with the confirmatory held-out estimate,osb_hh2_477127614,P02_weak_step,steady_state_voltage,-60.68582479858395,defined,-60.68582508010861,-60.6858253829956,2.815246560317064e-07,3.028869954846414e-07,-0.10551835746023908
neuron_model_behavioral_validation,Neuraxis,development_pilot,PILOT2_PROTOCOL,Exploratory development data; second development iteration informed by Pilot 1; not independent confirmation; never pooled with the confirmatory held-out estimate,osb_hh2_477127614,P02_weak_step,voltage_deflection,10.734862386067746,defined,10.734858737436959,10.734856911214209,3.6486307877225954e-06,1.8262227499121764e-06,0.9984924231673042
neuron_model_behavioral_validation,Neuraxis,development_pilot,PILOT2_PROTOCOL,Exploratory development data; second development iteration informed by Pilot 1; not independent confirmation; never pooled with the confirmatory held-out estimate,osb_hh2_477127614,P03_rheobase,rheobase,0.06447647018646267,defined,0.06447647018646267,0.06447647018646267,0.0,0.0,
neuron_model_behavioral_validation,Neuraxis,development_pilot,PILOT2_PROTOCOL,Exploratory development data; second development iteration informed by Pilot 1; not independent confirmation; never pooled with the confirmatory held-out estimate,osb_hh2_477127614,P04_step_2x,adaptation_index,0.004400096639213388,defined,0.0043792695235912405,0.004469963201144281,2.0827115622147445e-05,9.069367755304078e-05,-2.122538928698366
neuron_model_behavioral_validation,Neuraxis,development_pilot,PILOT2_PROTOCOL,Exploratory development data; second development iteration informed by Pilot 1; not independent confirmation; never pooled with the confirmatory held-out estimate,osb_hh2_477127614,P04_step_2x,ahp_depth,11.031660542810322,defined,11.452200846353144,11.660180096950327,0.4205403035428219,0.2079792505971838,1.0158044688045094
neuron_model_behavioral_validation,Neuraxis,development_pilot,PILOT2_PROTOCOL,Exploratory development data; second development iteration informed by Pilot 1; not independent confirmation; never pooled with the confirmatory held-out estimate,osb_hh2_477127614,P04_step_2x,ap_amplitude,65.66345214961734,defined,65.3342704782316,65.26095009064277,0.32918167138574006,0.07332038758883641,2.166597692269003
neuron_model_behavioral_validation,Neuraxis,development_pilot,PILOT2_PROTOCOL,Exploratory development data; second development iteration informed by Pilot 1; not independent confirmation; never pooled with the confirmatory held-out estimate,osb_hh2_477127614,P04_step_2x,ap_half_width,0.6499999999994088,defined,0.6599999999993997,0.6499999999994088,0.009999999999990905,0.009999999999990905,0.0
neuron_model_behavioral_validation,Neuraxis,development_pilot,PILOT2_PROTOCOL,Exploratory development data; second development iteration informed by Pilot 1; not independent confirmation; never pooled with the confirmatory held-out estimate,osb_hh2_477127614,P04_step_2x,burst_count,1.0,defined,1.0,1.0,0.0,0.0,
neuron_model_behavioral_validation,Neuraxis,development_pilot,PILOT2_PROTOCOL,Exploratory development data; second development iteration informed by Pilot 1; not independent confirmation; never pooled with the confirmatory held-out estimate,osb_hh2_477127614,P04_step_2x,firing_regime,tonic,defined,tonic,tonic,,,
neuron_model_behavioral_validation,Neuraxis,development_pilot,PILOT2_PROTOCOL,Exploratory development data; second development iteration informed by Pilot 1; not independent confirmation; never pooled with the confirmatory held-out estimate,osb_hh2_477127614,P04_step_2x,first_isi,28.339999999974225,defined,27.62999999997487,27.269999999975198,0.7099999999993543,0.3599999999996726,0.9798221180623697
neuron_model_behavioral_validation,Neuraxis,development_pilot,PILOT2_PROTOCOL,Exploratory development data; second development iteration informed by Pilot 1; not independent confirmation; never pooled with the confirmatory held-out estimate,osb_hh2_477127614,P04_step_2x,first_spike_latency,41.14999999983473,defined,41.10999999983477,41.09999999983478,0.03999999999996362,0.009999999999990905,2.0
neuron_model_behavioral_validation,Neuraxis,development_pilot,PILOT2_PROTOCOL,Exploratory development data; second development iteration informed by Pilot 1; not independent confirmation; never pooled with the confirmatory held-out estimate,osb_hh2_477127614,P04_step_2x,last_isi,32.02999999997087,defined,31.49999999997135,31.16999999997165,0.529999999999518,0.32999999999969987,0.6835263352047457
neuron_model_behavioral_validation,Neuraxis,development_pilot,PILOT2_PROTOCOL,Exploratory development data; second development iteration informed by Pilot 1; not independent confirmation; never pooled with the confirmatory held-out estimate,osb_hh2_477127614,P04_step_2x,mean_frequency,31.968628119643075,defined,32.591204448737535,32.94350189428999,0.6225763290944606,0.3522974455524519,0.8214567111619403
neuron_model_behavioral_validation,Neuraxis,development_pilot,PILOT2_PROTOCOL,Exploratory development data; second development iteration informed by Pilot 1; not independent confirmation; never pooled with the confirmatory held-out estimate,osb_hh2_477127614,P04_step_2x,spike_count,15.0,defined,16.0,16.0,1.0,0.0,
neuron_model_behavioral_validation,Neuraxis,development_pilot,PILOT2_PROTOCOL,Exploratory development data; second development iteration informed by Pilot 1; not independent confirmation; never pooled with the confirmatory held-out estimate,osb_hh2_477127614,P05_long_step,adaptation_index,0.0020482756593237653,defined,0.002149159038242536,0.002138089108909144,0.00010088337891877089,1.1069929333392195e-05,3.1879705846328616
neuron_model_behavioral_validation,Neuraxis,development_pilot,PILOT2_PROTOCOL,Exploratory development data; second development iteration informed by Pilot 1; not independent confirmation; never pooled with the confirmatory held-out estimate,osb_hh2_477127614,P05_long_step,ahp_depth,10.79554604085748,defined,11.21389289347907,11.420685885109798,0.418346852621589,0.20679299163072784,1.0165122887322022
neuron_model_behavioral_validation,Neuraxis,development_pilot,PILOT2_PROTOCOL,Exploratory development data; second development iteration informed by Pilot 1; not independent confirmation; never pooled with the confirmatory held-out estimate,osb_hh2_477127614,P05_long_step,ap_amplitude,65.26353454776816,defined,64.9877738975208,64.7881736768557,0.2757606502473635,0.19960022066508998,0.4663032900900064
neuron_model_behavioral_validation,Neuraxis,development_pilot,PILOT2_PROTOCOL,Exploratory development data; second development iteration informed by Pilot 1; not independent confirmation; never pooled with the confirmatory held-out estimate,osb_hh2_477127614,P05_long_step,ap_half_width,0.6499999999994088,defined,0.6499999999994088,0.6599999999993997,0.0,0.009999999999990905,
neuron_model_behavioral_validation,Neuraxis,development_pilot,PILOT2_PROTOCOL,Exploratory development data; second development iteration informed by Pilot 1; not independent confirmation; never pooled with the confirmatory held-out estimate,osb_hh2_477127614,P05_long_step,burst_count,1.0,defined,1.0,1.0,0.0,0.0,
neuron_model_behavioral_validation,Neuraxis,development_pilot,PILOT2_PROTOCOL,Exploratory development data; second development iteration informed by Pilot 1; not independent confirmation; never pooled with the confirmatory held-out estimate,osb_hh2_477127614,P05_long_step,firing_regime,tonic,defined,tonic,tonic,,,
neuron_model_behavioral_validation,Neuraxis,development_pilot,PILOT2_PROTOCOL,Exploratory development data; second development iteration informed by Pilot 1; not independent confirmation; never pooled with the confirmatory held-out estimate,osb_hh2_477127614,P05_long_step,first_isi,47.569999999956735,defined,46.48999999995772,45.9599999999582,1.0799999999990177,0.529999999999518,1.0269670476002695
neuron_model_behavioral_validation,Neuraxis,development_pilot,PILOT2_PROTOCOL,Exploratory development data; second development iteration informed by Pilot 1; not independent confirmation; never pooled with the confirmatory held-out estimate,osb_hh2_477127614,P05_long_step,first_spike_latency,65.31999999981275,defined,65.27999999981279,65.24999999981281,0.03999999999996362,0.029999999999972715,0.41503749927884376
neuron_model_behavioral_validation,Neuraxis,development_pilot,PILOT2_PROTOCOL,Exploratory development data; second development iteration informed by Pilot 1; not independent confirmation; never pooled with the confirmatory held-out estimate,osb_hh2_477127614,P05_long_step,last_isi,56.07000000122389,defined,55.2000000012049,54.760000001195294,0.8700000000189902,0.44000000000960426,0.9835118772114311
neuron_model_behavioral_validation,Neuraxis,development_pilot,PILOT2_PROTOCOL,Exploratory development data; second development iteration informed by Pilot 1; not independent confirmation; never pooled with the confirmatory held-out estimate,osb_hh2_477127614,P05_long_step,mean_frequency,18.19606257420694,defined,18.50243358394808,18.650039568294932,0.30637100974113807,0.14760598434685335,1.0535285758112216
neuron_model_behavioral_validation,Neuraxis,development_pilot,PILOT2_PROTOCOL,Exploratory development data; second development iteration informed by Pilot 1; not independent confirmation; never pooled with the confirmatory held-out estimate,osb_hh2_477127614,P05_long_step,spike_count,36.0,defined,36.0,37.0,0.0,1.0,
neuron_model_behavioral_validation,Neuraxis,development_pilot,PILOT2_PROTOCOL,Exploratory development data; second development iteration informed by Pilot 1; not independent confirmation; never pooled with the confirmatory held-out estimate,osb_hh2_477127614,P06_ramp,firing_regime,tonic,defined,tonic,tonic,,,
neuron_model_behavioral_validation,Neuraxis,development_pilot,PILOT2_PROTOCOL,Exploratory development data; second development iteration informed by Pilot 1; not independent confirmation; never pooled with the confirmatory held-out estimate,osb_hh2_477127614,P06_ramp,first_spike_latency,415.89999999949396,defined,415.849999999494,415.829999999494,0.049999999999954525,0.01999999999998181,1.3219280948873624
neuron_model_behavioral_validation,Neuraxis,development_pilot,PILOT2_PROTOCOL,Exploratory development data; second development iteration informed by Pilot 1; not independent confirmation; never pooled with the confirmatory held-out estimate,osb_hh2_477127614,P06_ramp,mean_frequency,20.37510569588198,defined,21.14803625379839,21.23056392423905,0.7729305579164105,0.08252767044065834,3.2273889822906017
neuron_model_behavioral_validation,Neuraxis,development_pilot,PILOT2_PROTOCOL,Exploratory development data; second development iteration informed by Pilot 1; not independent confirmation; never pooled with the confirmatory held-out estimate,osb_hh2_477127614,P06_ramp,spike_count,20.0,defined,21.0,21.0,1.0,0.0,
neuron_model_behavioral_validation,Neuraxis,development_pilot,PILOT2_PROTOCOL,Exploratory development data; second development iteration informed by Pilot 1; not independent confirmation; never pooled with the confirmatory held-out estimate,osb_hh2_477127614,P07_hyperpolarizing_step,baseline_voltage,-71.4206871846517,defined,-71.42068381754557,-71.42068262481688,3.367106131690889e-06,1.1927286891477706e-06,1.497243286372393
neuron_model_behavioral_validation,Neuraxis,development_pilot,PILOT2_PROTOCOL,Exploratory development data; second development iteration informed by Pilot 1; not independent confirmation; never pooled with the confirmatory held-out estimate,osb_hh2_477127614,P07_hyperpolarizing_step,minimum_voltage,-93.17750549316406,defined,-93.17750549316406,-93.17750549316406,0.0,0.0,
neuron_model_behavioral_validation,Neuraxis,development_pilot,PILOT2_PROTOCOL,Exploratory development data; second development iteration informed by Pilot 1; not independent confirmation; never pooled with the confirmatory held-out estimate,osb_hh2_477127614,P07_hyperpolarizing_step,sag_ratio,4.870131081163683e-06,defined,4.86143379114225e-06,4.8504225914735495e-06,8.697290021433039e-09,1.1011199668700377e-08,-0.34033381048358946
neuron_model_behavioral_validation,Neuraxis,development_pilot,PILOT2_PROTOCOL,Exploratory development data; second development iteration informed by Pilot 1; not independent confirmation; never pooled with the confirmatory held-out estimate,osb_hh2_477127614,P07_hyperpolarizing_step,spike_count,0.0,defined,0.0,0.0,0.0,0.0,
neuron_model_behavioral_validation,Neuraxis,development_pilot,PILOT2_PROTOCOL,Exploratory development data; second development iteration informed by Pilot 1; not independent confirmation; never pooled with the confirmatory held-out estimate,osb_hh2_477127614,P07_hyperpolarizing_step,steady_state_voltage,-93.17739953460699,defined,-93.17739972381598,-93.1773999633789,1.8920898980923084e-07,2.3956292238835886e-07,-0.34042400024951913
neuron_model_behavioral_validation,Neuraxis,development_pilot,PILOT2_PROTOCOL,Exploratory development data; second development iteration informed by Pilot 1; not independent confirmation; never pooled with the confirmatory held-out estimate,osb_hh2_477127614,P07_hyperpolarizing_step,voltage_deflection,-21.756712349955293,defined,-21.756715906270415,-21.756717338562026,3.55631512150012e-06,1.4322916115361295e-06,1.312057913425962
neuron_model_behavioral_validation,Neuraxis,development_pilot,PILOT2_PROTOCOL,Exploratory development data; second development iteration informed by Pilot 1; not independent confirmation; never pooled with the confirmatory held-out estimate,osb_hh2_477127614,P08_rebound,firing_regime,silent,defined,silent,silent,,,
neuron_model_behavioral_validation,Neuraxis,development_pilot,PILOT2_PROTOCOL,Exploratory development data; second development iteration informed by Pilot 1; not independent confirmation; never pooled with the confirmatory held-out estimate,osb_hh2_477127614,P08_rebound,first_spike_latency,,not_applicable,,,,,
neuron_model_behavioral_validation,Neuraxis,development_pilot,PILOT2_PROTOCOL,Exploratory development data; second development iteration informed by Pilot 1; not independent confirmation; never pooled with the confirmatory held-out estimate,osb_hh2_477127614,P08_rebound,maximum_voltage,-71.3893814086914,defined,-71.38938903808594,-71.38938903808594,7.62939453125e-06,0.0,
neuron_model_behavioral_validation,Neuraxis,development_pilot,PILOT2_PROTOCOL,Exploratory development data; second development iteration informed by Pilot 1; not independent confirmation; never pooled with the confirmatory held-out estimate,osb_hh2_477127614,P08_rebound,spike_count,0.0,defined,0.0,0.0,0.0,0.0,
neuron_model_behavioral_validation,Neuraxis,development_pilot,PILOT2_PROTOCOL,Exploratory development data; second development iteration informed by Pilot 1; not independent confirmation; never pooled with the confirmatory held-out estimate,osb_hh2_477127614,P09_short_pulse,ahp_depth,,not_applicable,,,,,
neuron_model_behavioral_validation,Neuraxis,development_pilot,PILOT2_PROTOCOL,Exploratory development data; second development iteration informed by Pilot 1; not independent confirmation; never pooled with the confirmatory held-out estimate,osb_hh2_477127614,P09_short_pulse,ap_amplitude,,not_applicable,,,,,
neuron_model_behavioral_validation,Neuraxis,development_pilot,PILOT2_PROTOCOL,Exploratory development data; second development iteration informed by Pilot 1; not independent confirmation; never pooled with the confirmatory held-out estimate,osb_hh2_477127614,P09_short_pulse,ap_half_width,,not_applicable,,,,,
neuron_model_behavioral_validation,Neuraxis,development_pilot,PILOT2_PROTOCOL,Exploratory development data; second development iteration informed by Pilot 1; not independent confirmation; never pooled with the confirmatory held-out estimate,osb_hh2_477127614,P09_short_pulse,first_spike_latency,,not_applicable,,,,,
neuron_model_behavioral_validation,Neuraxis,development_pilot,PILOT2_PROTOCOL,Exploratory development data; second development iteration informed by Pilot 1; not independent confirmation; never pooled with the confirmatory held-out estimate,osb_hh2_477127614,P09_short_pulse,spike_count,0.0,defined,0.0,0.0,0.0,0.0,
neuron_model_behavioral_validation,Neuraxis,development_pilot,PILOT2_PROTOCOL,Exploratory development data; second development iteration informed by Pilot 1; not independent confirmation; never pooled with the confirmatory held-out estimate,pospischil2008_fs,P00_canonical,adaptation_index,0.0,defined,-1.4563884479268312e-05,-1.4571099680892916e-05,1.4563884479268312e-05,7.215201624603885e-09,10.979067871481043
neuron_model_behavioral_validation,Neuraxis,development_pilot,PILOT2_PROTOCOL,Exploratory development data; second development iteration informed by Pilot 1; not independent confirmation; never pooled with the confirmatory held-out estimate,pospischil2008_fs,P00_canonical,ahp_depth,-4.832305908199814,defined,-4.734680175792306,-4.686164855948192,0.09762573240750783,0.04851531984411395,1.0088210828180382
neuron_model_behavioral_validation,Neuraxis,development_pilot,PILOT2_PROTOCOL,Exploratory development data; second development iteration informed by Pilot 1; not independent confirmation; never pooled with the confirmatory held-out estimate,pospischil2008_fs,P00_canonical,ap_amplitude,87.45660400498362,defined,87.36877822947855,87.44034958023312,0.08782577550506687,0.07157135075456722,0.2952622028955249
neuron_model_behavioral_validation,Neuraxis,development_pilot,PILOT2_PROTOCOL,Exploratory development data; second development iteration informed by Pilot 1; not independent confirmation; never pooled with the confirmatory held-out estimate,pospischil2008_fs,P00_canonical,ap_half_width,0.5599999999994907,defined,0.5699999999994816,0.5599999999994907,0.009999999999990905,0.009999999999990905,0.0
neuron_model_behavioral_validation,Neuraxis,development_pilot,PILOT2_PROTOCOL,Exploratory development data; second development iteration informed by Pilot 1; not independent confirmation; never pooled with the confirmatory held-out estimate,pospischil2008_fs,P00_canonical,baseline_voltage,-69.99999237060547,defined,-69.99999237060547,-69.99999237060547,0.0,0.0,
neuron_model_behavioral_validation,Neuraxis,development_pilot,PILOT2_PROTOCOL,Exploratory development data; second development iteration informed by Pilot 1; not independent confirmation; never pooled with the confirmatory held-out estimate,pospischil2008_fs,P00_canonical,firing_regime,tonic,defined,tonic,tonic,,,
neuron_model_behavioral_validation,Neuraxis,development_pilot,PILOT2_PROTOCOL,Exploratory development data; second development iteration informed by Pilot 1; not independent confirmation; never pooled with the confirmatory held-out estimate,pospischil2008_fs,P00_canonical,first_isi,20.2299999999816,defined,20.199999999981628,20.179999999981646,0.029999999999972715,0.01999999999998181,0.5849625007211562
neuron_model_behavioral_validation,Neuraxis,development_pilot,PILOT2_PROTOCOL,Exploratory development data; second development iteration informed by Pilot 1; not independent confirmation; never pooled with the confirmatory held-out estimate,pospischil2008_fs,P00_canonical,first_spike_latency,17.199999999856516,defined,17.189999999856525,17.189999999856525,0.009999999999990905,0.0,
neuron_model_behavioral_validation,Neuraxis,development_pilot,PILOT2_PROTOCOL,Exploratory development data; second development iteration informed by Pilot 1; not independent confirmation; never pooled with the confirmatory held-out estimate,pospischil2008_fs,P00_canonical,last_isi,20.21999999998161,defined,20.189999999981637,20.179999999981646,0.029999999999972715,0.009999999999990905,1.584962500721156
neuron_model_behavioral_validation,Neuraxis,development_pilot,PILOT2_PROTOCOL,Exploratory development data; second development iteration informed by Pilot 1; not independent confirmation; never pooled with the confirmatory held-out estimate,pospischil2008_fs,P00_canonical,mean_frequency,49.81568197674742,defined,49.88153136307411,49.913898525105616,0.0658493863266898,0.03236716203150536,1.024639120677923
neuron_model_behavioral_validation,Neuraxis,development_pilot,PILOT2_PROTOCOL,Exploratory development data; second development iteration informed by Pilot 1; not independent confirmation; never pooled with the confirmatory held-out estimate,pospischil2008_fs,P00_canonical,spike_count,20.0,defined,20.0,20.0,0.0,0.0,
neuron_model_behavioral_validation,Neuraxis,development_pilot,PILOT2_PROTOCOL,Exploratory development data; second development iteration informed by Pilot 1; not independent confirmation; never pooled with the confirmatory held-out estimate,pospischil2008_fs,P02_weak_step,baseline_voltage,-69.99999237060547,defined,-69.99999237060547,-69.9999918034872,0.0,5.671182634614524e-07,
neuron_model_behavioral_validation,Neuraxis,development_pilot,PILOT2_PROTOCOL,Exploratory development data; second development iteration informed by Pilot 1; not independent confirmation; never pooled with the confirmatory held-out estimate,pospischil2008_fs,P02_weak_step,spike_count,0.0,defined,0.0,0.0,0.0,0.0,
neuron_model_behavioral_validation,Neuraxis,development_pilot,PILOT2_PROTOCOL,Exploratory development data; second development iteration informed by Pilot 1; not independent confirmation; never pooled with the confirmatory held-out estimate,pospischil2008_fs,P02_weak_step,steady_state_voltage,-60.91402953033431,defined,-60.91402884902938,-60.91402816772461,6.813049324705389e-07,6.813047690457097e-07,3.4605975625152414e-07
neuron_model_behavioral_validation,Neuraxis,development_pilot,PILOT2_PROTOCOL,Exploratory development data; second development iteration informed by Pilot 1; not independent confirmation; never pooled with the confirmatory held-out estimate,pospischil2008_fs,P02_weak_step,voltage_deflection,9.085962840271158,defined,9.08596352157609,9.085963635762596,6.813049324705389e-07,1.1418650558425725e-07,2.5769084866280045
neuron_model_behavioral_validation,Neuraxis,development_pilot,PILOT2_PROTOCOL,Exploratory development data; second development iteration informed by Pilot 1; not independent confirmation; never pooled with the confirmatory held-out estimate,pospischil2008_fs,P03_rheobase,rheobase,0.384297520661157,defined,0.384297520661157,0.384297520661157,0.0,0.0,
neuron_model_behavioral_validation,Neuraxis,development_pilot,PILOT2_PROTOCOL,Exploratory development data; second development iteration informed by Pilot 1; not independent confirmation; never pooled with the confirmatory held-out estimate,pospischil2008_fs,P04_step_2x,adaptation_index,1.0786555637053976e-05,defined,0.0,0.0,1.0786555637053976e-05,0.0,
neuron_model_behavioral_validation,Neuraxis,development_pilot,PILOT2_PROTOCOL,Exploratory development data; second development iteration informed by Pilot 1; not independent confirmation; never pooled with the confirmatory held-out estimate,pospischil2008_fs,P04_step_2x,ahp_depth,-4.612907409655477,defined,-4.106994628894597,-3.855921155286879,0.5059127807608803,0.25107347360771826,1.010779072913406
neuron_model_behavioral_validation,Neuraxis,development_pilot,PILOT2_PROTOCOL,Exploratory development data; second development iteration informed by Pilot 1; not independent confirmation; never pooled with the confirmatory held-out estimate,pospischil2008_fs,P04_step_2x,ap_amplitude,88.51488494896842,defined,88.43542480636255,88.38439941514275,0.07946014260586765,0.051025391219795324,0.6390160439375375
neuron_model_behavioral_validation,Neuraxis,development_pilot,PILOT2_PROTOCOL,Exploratory development data; second development iteration informed by Pilot 1; not independent confirmation; never pooled with the confirmatory held-out estimate,pospischil2008_fs,P04_step_2x,ap_half_width,0.5699999999994816,defined,0.5699999999994816,0.5699999999994816,0.0,0.0,
neuron_model_behavioral_validation,Neuraxis,development_pilot,PILOT2_PROTOCOL,Exploratory development data; second development iteration informed by Pilot 1; not independent confirmation; never pooled with the confirmatory held-out estimate,pospischil2008_fs,P04_step_2x,burst_count,1.0,defined,1.0,1.0,0.0,0.0,
neuron_model_behavioral_validation,Neuraxis,development_pilot,PILOT2_PROTOCOL,Exploratory development data; second development iteration informed by Pilot 1; not independent confirmation; never pooled with the confirmatory held-out estimate,pospischil2008_fs,P04_step_2x,firing_regime,tonic,defined,tonic,tonic,,,
neuron_model_behavioral_validation,Neuraxis,development_pilot,PILOT2_PROTOCOL,Exploratory development data; second development iteration informed by Pilot 1; not independent confirmation; never pooled with the confirmatory held-out estimate,pospischil2008_fs,P04_step_2x,first_isi,10.549999999990405,defined,10.439999999990505,10.399999999990541,0.10999999999989996,0.03999999999996362,1.4594316186372973
neuron_model_behavioral_validation,Neuraxis,development_pilot,PILOT2_PROTOCOL,Exploratory development data; second development iteration informed by Pilot 1; not independent confirmation; never pooled with the confirmatory held-out estimate,pospischil2008_fs,P04_step_2x,first_spike_latency,8.009999999864874,defined,7.989999999864892,7.9699999998649105,0.01999999999998181,0.01999999999998181,0.0
neuron_model_behavioral_validation,Neuraxis,development_pilot,PILOT2_PROTOCOL,Exploratory development data; second development iteration informed by Pilot 1; not independent confirmation; never pooled with the confirmatory held-out estimate,pospischil2008_fs,P04_step_2x,last_isi,10.539999999990414,defined,10.439999999990505,10.38999999999055,0.09999999999990905,0.049999999999954525,1.0
neuron_model_behavioral_validation,Neuraxis,development_pilot,PILOT2_PROTOCOL,Exploratory development data; second development iteration informed by Pilot 1; not independent confirmation; never pooled with the confirmatory held-out estimate,pospischil2008_fs,P04_step_2x,mean_frequency,95.40435206246943,defined,96.26762399481751,96.71374745633982,0.8632719323480842,0.44612346152230486,0.9523720616757309
neuron_model_behavioral_validation,Neuraxis,development_pilot,PILOT2_PROTOCOL,Exploratory development data; second development iteration informed by Pilot 1; not independent confirmation; never pooled with the confirmatory held-out estimate,pospischil2008_fs,P04_step_2x,spike_count,47.0,defined,48.0,48.0,1.0,0.0,
neuron_model_behavioral_validation,Neuraxis,development_pilot,PILOT2_PROTOCOL,Exploratory development data; second development iteration informed by Pilot 1; not independent confirmation; never pooled with the confirmatory held-out estimate,pospischil2008_fs,P05_long_step,adaptation_index,2.5632810906290527e-06,defined,9.022764855517059e-14,9.022763952015249e-14,2.563281000401404e-06,9.035018095631354e-21,48.01138557588973
neuron_model_behavioral_validation,Neuraxis,development_pilot,PILOT2_PROTOCOL,Exploratory development data; second development iteration informed by Pilot 1; not independent confirmation; never pooled with the confirmatory held-out estimate,pospischil2008_fs,P05_long_step,ahp_depth,-5.324134826653506,defined,-4.827239990238667,-4.580491816188882,0.4968948364148389,0.24674817404978455,1.0099011412052827
neuron_model_behavioral_validation,Neuraxis,development_pilot,PILOT2_PROTOCOL,Exploratory development data; second development iteration informed by Pilot 1; not independent confirmation; never pooled with the confirmatory held-out estimate,pospischil2008_fs,P05_long_step,ap_amplitude,87.90636062789724,defined,87.76913070748881,87.67502594204134,0.13722992040842996,0.09410476544746871,0.5442553806625932
neuron_model_behavioral_validation,Neuraxis,development_pilot,PILOT2_PROTOCOL,Exploratory development data; second development iteration informed by Pilot 1; not independent confirmation; never pooled with the confirmatory held-out estimate,pospischil2008_fs,P05_long_step,ap_half_width,0.5699999999994816,defined,0.5699999999994816,0.5699999999994816,0.0,0.0,
neuron_model_behavioral_validation,Neuraxis,development_pilot,PILOT2_PROTOCOL,Exploratory development data; second development iteration informed by Pilot 1; not independent confirmation; never pooled with the confirmatory held-out estimate,pospischil2008_fs,P05_long_step,burst_count,1.0,defined,1.0,1.0,0.0,0.0,
neuron_model_behavioral_validation,Neuraxis,development_pilot,PILOT2_PROTOCOL,Exploratory development data; second development iteration informed by Pilot 1; not independent confirmation; never pooled with the confirmatory held-out estimate,pospischil2008_fs,P05_long_step,firing_regime,tonic,defined,tonic,tonic,,,
neuron_model_behavioral_validation,Neuraxis,development_pilot,PILOT2_PROTOCOL,Exploratory development data; second development iteration informed by Pilot 1; not independent confirmation; never pooled with the confirmatory held-out estimate,pospischil2008_fs,P05_long_step,first_isi,15.599999999985812,defined,15.489999999985912,15.419999999985976,0.10999999999989996,0.06999999999993634,0.6520766965796931
neuron_model_behavioral_validation,Neuraxis,development_pilot,PILOT2_PROTOCOL,Exploratory development data; second development iteration informed by Pilot 1; not independent confirmation; never pooled with the confirmatory held-out estimate,pospischil2008_fs,P05_long_step,first_spike_latency,12.669999999860636,defined,12.629999999860672,12.619999999860681,0.03999999999996362,0.009999999999990905,2.0
neuron_model_behavioral_validation,Neuraxis,development_pilot,PILOT2_PROTOCOL,Exploratory development data; second development iteration informed by Pilot 1; not independent confirmation; never pooled with the confirmatory held-out estimate,pospischil2008_fs,P05_long_step,last_isi,15.610000000340733,defined,15.480000000337895,15.420000000336586,0.13000000000283762,0.06000000000130967,1.1154772174199359
neuron_model_behavioral_validation,Neuraxis,development_pilot,PILOT2_PROTOCOL,Exploratory development data; second development iteration informed by Pilot 1; not independent confirmation; never pooled with the confirmatory held-out estimate,pospischil2008_fs,P05_long_step,mean_frequency,64.1838868356668,defined,64.68078278777342,64.93441121088749,0.49689595210662674,0.2536284231140655,0.970227357672889
neuron_model_behavioral_validation,Neuraxis,development_pilot,PILOT2_PROTOCOL,Exploratory development data; second development iteration informed by Pilot 1; not independent confirmation; never pooled with the confirmatory held-out estimate,pospischil2008_fs,P05_long_step,spike_count,128.0,defined,129.0,129.0,1.0,0.0,
neuron_model_behavioral_validation,Neuraxis,development_pilot,PILOT2_PROTOCOL,Exploratory development data; second development iteration informed by Pilot 1; not independent confirmation; never pooled with the confirmatory held-out estimate,pospischil2008_fs,P06_ramp,firing_regime,tonic,defined,tonic,tonic,,,
neuron_model_behavioral_validation,Neuraxis,development_pilot,PILOT2_PROTOCOL,Exploratory development data; second development iteration informed by Pilot 1; not independent confirmation; never pooled with the confirmatory held-out estimate,pospischil2008_fs,P06_ramp,first_spike_latency,363.4899999995416,defined,363.43999999954167,363.4099999995417,0.049999999999954525,0.029999999999972715,0.7369655941662062
neuron_model_behavioral_validation,Neuraxis,development_pilot,PILOT2_PROTOCOL,Exploratory development data; second development iteration informed by Pilot 1; not independent confirmation; never pooled with the confirmatory held-out estimate,pospischil2008_fs,P06_ramp,mean_frequency,61.0030501525709,defined,61.23944623484154,61.35894985672516,0.23639608227063746,0.11950362188362362,0.98415178263075
neuron_model_behavioral_validation,Neuraxis,development_pilot,PILOT2_PROTOCOL,Exploratory development data; second development iteration informed by Pilot 1; not independent confirmation; never pooled with the confirmatory held-out estimate,pospischil2008_fs,P06_ramp,spike_count,61.0,defined,61.0,61.0,0.0,0.0,
neuron_model_behavioral_validation,Neuraxis,development_pilot,PILOT2_PROTOCOL,Exploratory development data; second development iteration informed by Pilot 1; not independent confirmation; never pooled with the confirmatory held-out estimate,pospischil2008_fs,P07_hyperpolarizing_step,baseline_voltage,-69.99999237060547,defined,-69.99999237060547,-69.99999350738514,0.0,1.136779673061028e-06,
neuron_model_behavioral_validation,Neuraxis,development_pilot,PILOT2_PROTOCOL,Exploratory development data; second development iteration informed by Pilot 1; not independent confirmation; never pooled with the confirmatory held-out estimate,pospischil2008_fs,P07_hyperpolarizing_step,minimum_voltage,-88.16673278808594,defined,-88.16673278808594,-88.16673278808594,0.0,0.0,
neuron_model_behavioral_validation,Neuraxis,development_pilot,PILOT2_PROTOCOL,Exploratory development data; second development iteration informed by Pilot 1; not independent confirmation; never pooled with the confirmatory held-out estimate,pospischil2008_fs,P07_hyperpolarizing_step,sag_ratio,1.5001146901516143e-07,defined,7.500572590287792e-08,0.0,7.50057431122835e-08,7.500572590287792e-08,3.3101367873577384e-07
neuron_model_behavioral_validation,Neuraxis,development_pilot,PILOT2_PROTOCOL,Exploratory development data; second development iteration informed by Pilot 1; not independent confirmation; never pooled with the confirmatory held-out estimate,pospischil2008_fs,P07_hyperpolarizing_step,spike_count,0.0,defined,0.0,0.0,0.0,0.0,
neuron_model_behavioral_validation,Neuraxis,development_pilot,PILOT2_PROTOCOL,Exploratory development data; second development iteration informed by Pilot 1; not independent confirmation; never pooled with the confirmatory held-out estimate,pospischil2008_fs,P07_hyperpolarizing_step,steady_state_voltage,-88.16673006286652,defined,-88.16673142547639,-88.16673278808594,1.3626098649410778e-06,1.362609552302274e-06,3.310136784154312e-07
neuron_model_behavioral_validation,Neuraxis,development_pilot,PILOT2_PROTOCOL,Exploratory development data; second development iteration informed by Pilot 1; not independent confirmation; never pooled with the confirmatory held-out estimate,pospischil2008_fs,P07_hyperpolarizing_step,voltage_deflection,-18.16673769226105,defined,-18.166739054870916,-18.166739280700796,1.3626098649410778e-06,2.258298792412461e-07,2.5930642718010986
neuron_model_behavioral_validation,Neuraxis,development_pilot,PILOT2_PROTOCOL,Exploratory development data; second development iteration informed by Pilot 1; not independent confirmation; never pooled with the confirmatory held-out estimate,pospischil2008_fs,P08_rebound,firing_regime,silent,defined,silent,silent,,,
neuron_model_behavioral_validation,Neuraxis,development_pilot,PILOT2_PROTOCOL,Exploratory development data; second development iteration informed by Pilot 1; not independent confirmation; never pooled with the confirmatory held-out estimate,pospischil2008_fs,P08_rebound,first_spike_latency,,not_applicable,,,,,
neuron_model_behavioral_validation,Neuraxis,development_pilot,PILOT2_PROTOCOL,Exploratory development data; second development iteration informed by Pilot 1; not independent confirmation; never pooled with the confirmatory held-out estimate,pospischil2008_fs,P08_rebound,maximum_voltage,-69.99999237060547,defined,-69.99999237060547,-69.99999237060547,0.0,0.0,
neuron_model_behavioral_validation,Neuraxis,development_pilot,PILOT2_PROTOCOL,Exploratory development data; second development iteration informed by Pilot 1; not independent confirmation; never pooled with the confirmatory held-out estimate,pospischil2008_fs,P08_rebound,spike_count,0.0,defined,0.0,0.0,0.0,0.0,
neuron_model_behavioral_validation,Neuraxis,development_pilot,PILOT2_PROTOCOL,Exploratory development data; second development iteration informed by Pilot 1; not independent confirmation; never pooled with the confirmatory held-out estimate,pospischil2008_fs,P09_short_pulse,ahp_depth,3.4738235474345487,defined,4.042343139694225,4.324680417338499,0.5685195922596762,0.28233727764427385,1.0097904442429153
neuron_model_behavioral_validation,Neuraxis,development_pilot,PILOT2_PROTOCOL,Exploratory development data; second development iteration informed by Pilot 1; not independent confirmation; never pooled with the confirmatory held-out estimate,pospischil2008_fs,P09_short_pulse,ap_amplitude,118.24569702145673,defined,118.07249069170416,117.94806671444681,0.1732063297525741,0.12442397725735077,0.4772271253416925
neuron_model_behavioral_validation,Neuraxis,development_pilot,PILOT2_PROTOCOL,Exploratory development data; second development iteration informed by Pilot 1; not independent confirmation; never pooled with the confirmatory held-out estimate,pospischil2008_fs,P09_short_pulse,ap_half_width,0.7199999999993452,defined,0.7099999999993543,0.7199999999993452,0.009999999999990905,0.009999999999990905,0.0
neuron_model_behavioral_validation,Neuraxis,development_pilot,PILOT2_PROTOCOL,Exploratory development data; second development iteration informed by Pilot 1; not independent confirmation; never pooled with the confirmatory held-out estimate,pospischil2008_fs,P09_short_pulse,first_spike_latency,1.6599999998706494,defined,1.6399999998706676,1.6299999998706767,0.01999999999998181,0.009999999999990905,1.0
neuron_model_behavioral_validation,Neuraxis,development_pilot,PILOT2_PROTOCOL,Exploratory development data; second development iteration informed by Pilot 1; not independent confirmation; never pooled with the confirmatory held-out estimate,pospischil2008_fs,P09_short_pulse,spike_count,1.0,defined,1.0,1.0,0.0,0.0,
