study_id,project_name,study_phase,protocol_version,designation,variant_id,model_id,level_factor,protocol_id,metric,ref_value,var_value,diff,tau
neuron_model_behavioral_validation,Neuraxis,development_pilot,PILOT2_PROTOCOL,Exploratory development data; second development iteration informed by Pilot 1; not independent confirmation; never pooled with the confirmatory held-out estimate,m-scale_conductance-44150b501c,acnet2_pyr_soma,1,P00_canonical,spike_timing,,,7.8594756819931035,5.606006386408808
neuron_model_behavioral_validation,Neuraxis,development_pilot,PILOT2_PROTOCOL,Exploratory development data; second development iteration informed by Pilot 1; not independent confirmation; never pooled with the confirmatory held-out estimate,m-scale_conductance-44150b501c,acnet2_pyr_soma,1,P04_step_2x,spike_timing,,,21.82539174647161,2.964025352945214
neuron_model_behavioral_validation,Neuraxis,development_pilot,PILOT2_PROTOCOL,Exploratory development data; second development iteration informed by Pilot 1; not independent confirmation; never pooled with the confirmatory held-out estimate,m-scale_conductance-44150b501c,acnet2_pyr_soma,1,P05_long_step,spike_timing,,,242.90862862472,8.522154839198265
neuron_model_behavioral_validation,Neuraxis,development_pilot,PILOT2_PROTOCOL,Exploratory development data; second development iteration informed by Pilot 1; not independent confirmation; never pooled with the confirmatory held-out estimate,m-scale_conductance-44150b501c,acnet2_pyr_soma,1,P06_ramp,spike_timing,,,72.5983358529935,2.5164009280051687
neuron_model_behavioral_validation,Neuraxis,development_pilot,PILOT2_PROTOCOL,Exploratory development data; second development iteration informed by Pilot 1; not independent confirmation; never pooled with the confirmatory held-out estimate,m-scale_conductance-44150b501c,acnet2_pyr_soma,1,P07_hyperpolarizing_step,trace_rmse,0.0,0.6729838117011862,0.6729838117011862,0.5
neuron_model_behavioral_validation,Neuraxis,development_pilot,PILOT2_PROTOCOL,Exploratory development data; second development iteration informed by Pilot 1; not independent confirmation; never pooled with the confirmatory held-out estimate,m-scale_conductance-44150b501c,acnet2_pyr_soma,1,P08_rebound,trace_rmse,0.0,1.2631357166596906,1.2631357166596906,0.5
neuron_model_behavioral_validation,Neuraxis,development_pilot,PILOT2_PROTOCOL,Exploratory development data; second development iteration informed by Pilot 1; not independent confirmation; never pooled with the confirmatory held-out estimate,m-scale_conductance-44150b501c,acnet2_pyr_soma,1,P09_short_pulse,trace_rmse,0.0,4.946861805920336,4.946861805920336,0.5
neuron_model_behavioral_validation,Neuraxis,development_pilot,PILOT2_PROTOCOL,Exploratory development data; second development iteration informed by Pilot 1; not independent confirmation; never pooled with the confirmatory held-out estimate,m-scale_conductance-44150b501c,acnet2_pyr_soma,1,P09_short_pulse,spike_count,0.0,1.0,1.0,0.5
neuron_model_behavioral_validation,Neuraxis,development_pilot,PILOT2_PROTOCOL,Exploratory development data; second development iteration informed by Pilot 1; not independent confirmation; never pooled with the confirmatory held-out estimate,m-scale_conductance-44150b501c,acnet2_pyr_soma,2,P00_canonical,spike_timing,,,7.834639504623965,5.606006386408808
neuron_model_behavioral_validation,Neuraxis,development_pilot,PILOT2_PROTOCOL,Exploratory development data; second development iteration informed by Pilot 1; not independent confirmation; never pooled with the confirmatory held-out estimate,m-scale_conductance-44150b501c,acnet2_pyr_soma,2,P04_step_2x,spike_timing,,,21.821549587942854,2.964025352945214
neuron_model_behavioral_validation,Neuraxis,development_pilot,PILOT2_PROTOCOL,Exploratory development data; second development iteration informed by Pilot 1; not independent confirmation; never pooled with the confirmatory held-out estimate,m-scale_conductance-44150b501c,acnet2_pyr_soma,2,P05_long_step,spike_timing,,,242.911934714557,8.522154839198265
neuron_model_behavioral_validation,Neuraxis,development_pilot,PILOT2_PROTOCOL,Exploratory development data; second development iteration informed by Pilot 1; not independent confirmation; never pooled with the confirmatory held-out estimate,m-scale_conductance-44150b501c,acnet2_pyr_soma,2,P06_ramp,spike_timing,,,72.59402006511527,2.5164009280051687
neuron_model_behavioral_validation,Neuraxis,development_pilot,PILOT2_PROTOCOL,Exploratory development data; second development iteration informed by Pilot 1; not independent confirmation; never pooled with the confirmatory held-out estimate,m-scale_conductance-44150b501c,acnet2_pyr_soma,2,P07_hyperpolarizing_step,trace_rmse,0.0,0.6729845965896547,0.6729845965896547,0.5
neuron_model_behavioral_validation,Neuraxis,development_pilot,PILOT2_PROTOCOL,Exploratory development data; second development iteration informed by Pilot 1; not independent confirmation; never pooled with the confirmatory held-out estimate,m-scale_conductance-44150b501c,acnet2_pyr_soma,2,P08_rebound,trace_rmse,0.0,1.2631422414438869,1.2631422414438869,0.5
neuron_model_behavioral_validation,Neuraxis,development_pilot,PILOT2_PROTOCOL,Exploratory development data; second development iteration informed by Pilot 1; not independent confirmation; never pooled with the confirmatory held-out estimate,m-scale_conductance-44150b501c,acnet2_pyr_soma,2,P09_short_pulse,trace_rmse,0.0,4.938161166770224,4.938161166770224,0.5
neuron_model_behavioral_validation,Neuraxis,development_pilot,PILOT2_PROTOCOL,Exploratory development data; second development iteration informed by Pilot 1; not independent confirmation; never pooled with the confirmatory held-out estimate,m-scale_conductance-44150b501c,acnet2_pyr_soma,2,P09_short_pulse,spike_count,0.0,1.0,1.0,0.5
neuron_model_behavioral_validation,Neuraxis,development_pilot,PILOT2_PROTOCOL,Exploratory development data; second development iteration informed by Pilot 1; not independent confirmation; never pooled with the confirmatory held-out estimate,m-scale_conductance-15a5694767,acnet2_pyr_soma,1,P04_step_2x,spike_count,2.0,1.0,1.0,0.5
neuron_model_behavioral_validation,Neuraxis,development_pilot,PILOT2_PROTOCOL,Exploratory development data; second development iteration informed by Pilot 1; not independent confirmation; never pooled with the confirmatory held-out estimate,m-scale_conductance-15a5694767,acnet2_pyr_soma,1,P05_long_step,spike_count,4.0,1.0,3.0,0.5
neuron_model_behavioral_validation,Neuraxis,development_pilot,PILOT2_PROTOCOL,Exploratory development data; second development iteration informed by Pilot 1; not independent confirmation; never pooled with the confirmatory held-out estimate,m-scale_conductance-15a5694767,acnet2_pyr_soma,1,P06_ramp,spike_count,2.0,1.0,1.0,0.5
neuron_model_behavioral_validation,Neuraxis,development_pilot,PILOT2_PROTOCOL,Exploratory development data; second development iteration informed by Pilot 1; not independent confirmation; never pooled with the confirmatory held-out estimate,m-scale_conductance-15a5694767,acnet2_pyr_soma,1,P09_short_pulse,trace_rmse,0.0,0.608332622029755,0.608332622029755,0.5
neuron_model_behavioral_validation,Neuraxis,development_pilot,PILOT2_PROTOCOL,Exploratory development data; second development iteration informed by Pilot 1; not independent confirmation; never pooled with the confirmatory held-out estimate,m-scale_conductance-15a5694767,acnet2_pyr_soma,2,P04_step_2x,spike_count,2.0,1.0,1.0,0.5
neuron_model_behavioral_validation,Neuraxis,development_pilot,PILOT2_PROTOCOL,Exploratory development data; second development iteration informed by Pilot 1; not independent confirmation; never pooled with the confirmatory held-out estimate,m-scale_conductance-15a5694767,acnet2_pyr_soma,2,P05_long_step,spike_count,4.0,1.0,3.0,0.5
neuron_model_behavioral_validation,Neuraxis,development_pilot,PILOT2_PROTOCOL,Exploratory development data; second development iteration informed by Pilot 1; not independent confirmation; never pooled with the confirmatory held-out estimate,m-scale_conductance-15a5694767,acnet2_pyr_soma,2,P06_ramp,spike_count,2.0,1.0,1.0,0.5
neuron_model_behavioral_validation,Neuraxis,development_pilot,PILOT2_PROTOCOL,Exploratory development data; second development iteration informed by Pilot 1; not independent confirmation; never pooled with the confirmatory held-out estimate,m-scale_conductance-15a5694767,acnet2_pyr_soma,2,P09_short_pulse,trace_rmse,0.0,0.6131420668931715,0.6131420668931715,0.5
neuron_model_behavioral_validation,Neuraxis,development_pilot,PILOT2_PROTOCOL,Exploratory development data; second development iteration informed by Pilot 1; not independent confirmation; never pooled with the confirmatory held-out estimate,m-scale_conductance-2ed5496dc2,acnet2_pyr_soma,1,P00_canonical,spike_count,8.0,15.0,7.0,0.5
neuron_model_behavioral_validation,Neuraxis,development_pilot,PILOT2_PROTOCOL,Exploratory development data; second development iteration informed by Pilot 1; not independent confirmation; never pooled with the confirmatory held-out estimate,m-scale_conductance-2ed5496dc2,acnet2_pyr_soma,1,P02_weak_step,trace_rmse,0.0,0.7069658836005149,0.7069658836005149,0.5
neuron_model_behavioral_validation,Neuraxis,development_pilot,PILOT2_PROTOCOL,Exploratory development data; second development iteration informed by Pilot 1; not independent confirmation; never pooled with the confirmatory held-out estimate,m-scale_conductance-2ed5496dc2,acnet2_pyr_soma,1,P04_step_2x,spike_timing,,,110.73456038117172,2.964025352945214
neuron_model_behavioral_validation,Neuraxis,development_pilot,PILOT2_PROTOCOL,Exploratory development data; second development iteration informed by Pilot 1; not independent confirmation; never pooled with the confirmatory held-out estimate,m-scale_conductance-2ed5496dc2,acnet2_pyr_soma,1,P05_long_step,spike_count,4.0,5.0,1.0,0.5
neuron_model_behavioral_validation,Neuraxis,development_pilot,PILOT2_PROTOCOL,Exploratory development data; second development iteration informed by Pilot 1; not independent confirmation; never pooled with the confirmatory held-out estimate,m-scale_conductance-2ed5496dc2,acnet2_pyr_soma,1,P06_ramp,spike_count,2.0,3.0,1.0,0.5
neuron_model_behavioral_validation,Neuraxis,development_pilot,PILOT2_PROTOCOL,Exploratory development data; second development iteration informed by Pilot 1; not independent confirmation; never pooled with the confirmatory held-out estimate,m-scale_conductance-2ed5496dc2,acnet2_pyr_soma,1,P09_short_pulse,trace_rmse,0.0,4.733267781639445,4.733267781639445,0.5
neuron_model_behavioral_validation,Neuraxis,development_pilot,PILOT2_PROTOCOL,Exploratory development data; second development iteration informed by Pilot 1; not independent confirmation; never pooled with the confirmatory held-out estimate,m-scale_conductance-2ed5496dc2,acnet2_pyr_soma,1,P09_short_pulse,spike_count,0.0,1.0,1.0,0.5
neuron_model_behavioral_validation,Neuraxis,development_pilot,PILOT2_PROTOCOL,Exploratory development data; second development iteration informed by Pilot 1; not independent confirmation; never pooled with the confirmatory held-out estimate,m-scale_conductance-2ed5496dc2,acnet2_pyr_soma,2,P00_canonical,spike_count,8.0,15.0,7.0,0.5
neuron_model_behavioral_validation,Neuraxis,development_pilot,PILOT2_PROTOCOL,Exploratory development data; second development iteration informed by Pilot 1; not independent confirmation; never pooled with the confirmatory held-out estimate,m-scale_conductance-2ed5496dc2,acnet2_pyr_soma,2,P02_weak_step,trace_rmse,0.0,0.7069631924906989,0.7069631924906989,0.5
neuron_model_behavioral_validation,Neuraxis,development_pilot,PILOT2_PROTOCOL,Exploratory development data; second development iteration informed by Pilot 1; not independent confirmation; never pooled with the confirmatory held-out estimate,m-scale_conductance-2ed5496dc2,acnet2_pyr_soma,2,P04_step_2x,spike_timing,,,110.83478271857575,2.964025352945214
neuron_model_behavioral_validation,Neuraxis,development_pilot,PILOT2_PROTOCOL,Exploratory development data; second development iteration informed by Pilot 1; not independent confirmation; never pooled with the confirmatory held-out estimate,m-scale_conductance-2ed5496dc2,acnet2_pyr_soma,2,P05_long_step,spike_count,4.0,5.0,1.0,0.5
neuron_model_behavioral_validation,Neuraxis,development_pilot,PILOT2_PROTOCOL,Exploratory development data; second development iteration informed by Pilot 1; not independent confirmation; never pooled with the confirmatory held-out estimate,m-scale_conductance-2ed5496dc2,acnet2_pyr_soma,2,P06_ramp,spike_count,2.0,3.0,1.0,0.5
neuron_model_behavioral_validation,Neuraxis,development_pilot,PILOT2_PROTOCOL,Exploratory development data; second development iteration informed by Pilot 1; not independent confirmation; never pooled with the confirmatory held-out estimate,m-scale_conductance-2ed5496dc2,acnet2_pyr_soma,2,P09_short_pulse,trace_rmse,0.0,4.723325018220854,4.723325018220854,0.5
neuron_model_behavioral_validation,Neuraxis,development_pilot,PILOT2_PROTOCOL,Exploratory development data; second development iteration informed by Pilot 1; not independent confirmation; never pooled with the confirmatory held-out estimate,m-scale_conductance-2ed5496dc2,acnet2_pyr_soma,2,P09_short_pulse,spike_count,0.0,1.0,1.0,0.5
neuron_model_behavioral_validation,Neuraxis,development_pilot,PILOT2_PROTOCOL,Exploratory development data; second development iteration informed by Pilot 1; not independent confirmation; never pooled with the confirmatory held-out estimate,m-scale_conductance-2dc7e425d7,acnet2_pyr_soma,1,P00_canonical,spike_count,8.0,4.0,4.0,0.5
neuron_model_behavioral_validation,Neuraxis,development_pilot,PILOT2_PROTOCOL,Exploratory development data; second development iteration informed by Pilot 1; not independent confirmation; never pooled with the confirmatory held-out estimate,m-scale_conductance-2dc7e425d7,acnet2_pyr_soma,1,P02_weak_step,trace_rmse,0.0,0.8552579284124681,0.8552579284124681,0.5
neuron_model_behavioral_validation,Neuraxis,development_pilot,PILOT2_PROTOCOL,Exploratory development data; second development iteration informed by Pilot 1; not independent confirmation; never pooled with the confirmatory held-out estimate,m-scale_conductance-2dc7e425d7,acnet2_pyr_soma,1,P04_step_2x,spike_count,2.0,1.0,1.0,0.5
neuron_model_behavioral_validation,Neuraxis,development_pilot,PILOT2_PROTOCOL,Exploratory development data; second development iteration informed by Pilot 1; not independent confirmation; never pooled with the confirmatory held-out estimate,m-scale_conductance-2dc7e425d7,acnet2_pyr_soma,1,P05_long_step,spike_count,4.0,1.0,3.0,0.5
neuron_model_behavioral_validation,Neuraxis,development_pilot,PILOT2_PROTOCOL,Exploratory development data; second development iteration informed by Pilot 1; not independent confirmation; never pooled with the confirmatory held-out estimate,m-scale_conductance-2dc7e425d7,acnet2_pyr_soma,1,P06_ramp,spike_count,2.0,1.0,1.0,0.5
neuron_model_behavioral_validation,Neuraxis,development_pilot,PILOT2_PROTOCOL,Exploratory development data; second development iteration informed by Pilot 1; not independent confirmation; never pooled with the confirmatory held-out estimate,m-scale_conductance-2dc7e425d7,acnet2_pyr_soma,1,P07_hyperpolarizing_step,trace_rmse,0.0,0.5109152524772561,0.5109152524772561,0.5
neuron_model_behavioral_validation,Neuraxis,development_pilot,PILOT2_PROTOCOL,Exploratory development data; second development iteration informed by Pilot 1; not independent confirmation; never pooled with the confirmatory held-out estimate,m-scale_conductance-2dc7e425d7,acnet2_pyr_soma,1,P09_short_pulse,trace_rmse,0.0,1.056271863740235,1.056271863740235,0.5
neuron_model_behavioral_validation,Neuraxis,development_pilot,PILOT2_PROTOCOL,Exploratory development data; second development iteration informed by Pilot 1; not independent confirmation; never pooled with the confirmatory held-out estimate,m-scale_conductance-2dc7e425d7,acnet2_pyr_soma,2,P00_canonical,spike_count,8.0,4.0,4.0,0.5
neuron_model_behavioral_validation,Neuraxis,development_pilot,PILOT2_PROTOCOL,Exploratory development data; second development iteration informed by Pilot 1; not independent confirmation; never pooled with the confirmatory held-out estimate,m-scale_conductance-2dc7e425d7,acnet2_pyr_soma,2,P02_weak_step,trace_rmse,0.0,0.8552514221302397,0.8552514221302397,0.5
neuron_model_behavioral_validation,Neuraxis,development_pilot,PILOT2_PROTOCOL,Exploratory development data; second development iteration informed by Pilot 1; not independent confirmation; never pooled with the confirmatory held-out estimate,m-scale_conductance-2dc7e425d7,acnet2_pyr_soma,2,P04_step_2x,spike_count,2.0,1.0,1.0,0.5
neuron_model_behavioral_validation,Neuraxis,development_pilot,PILOT2_PROTOCOL,Exploratory development data; second development iteration informed by Pilot 1; not independent confirmation; never pooled with the confirmatory held-out estimate,m-scale_conductance-2dc7e425d7,acnet2_pyr_soma,2,P05_long_step,spike_count,4.0,1.0,3.0,0.5
neuron_model_behavioral_validation,Neuraxis,development_pilot,PILOT2_PROTOCOL,Exploratory development data; second development iteration informed by Pilot 1; not independent confirmation; never pooled with the confirmatory held-out estimate,m-scale_conductance-2dc7e425d7,acnet2_pyr_soma,2,P06_ramp,spike_count,2.0,1.0,1.0,0.5
neuron_model_behavioral_validation,Neuraxis,development_pilot,PILOT2_PROTOCOL,Exploratory development data; second development iteration informed by Pilot 1; not independent confirmation; never pooled with the confirmatory held-out estimate,m-scale_conductance-2dc7e425d7,acnet2_pyr_soma,2,P07_hyperpolarizing_step,trace_rmse,0.0,0.5109028619338731,0.5109028619338731,0.5
neuron_model_behavioral_validation,Neuraxis,development_pilot,PILOT2_PROTOCOL,Exploratory development data; second development iteration informed by Pilot 1; not independent confirmation; never pooled with the confirmatory held-out estimate,m-scale_conductance-2dc7e425d7,acnet2_pyr_soma,2,P09_short_pulse,trace_rmse,0.0,1.0599543361471626,1.0599543361471626,0.5
neuron_model_behavioral_validation,Neuraxis,development_pilot,PILOT2_PROTOCOL,Exploratory development data; second development iteration informed by Pilot 1; not independent confirmation; never pooled with the confirmatory held-out estimate,m-shift_reversal-3400b10721,acnet2_pyr_soma,1,P00_canonical,spike_count,8.0,15.0,7.0,0.5
neuron_model_behavioral_validation,Neuraxis,development_pilot,PILOT2_PROTOCOL,Exploratory development data; second development iteration informed by Pilot 1; not independent confirmation; never pooled with the confirmatory held-out estimate,m-shift_reversal-3400b10721,acnet2_pyr_soma,1,P02_weak_step,trace_rmse,0.0,1.0934910131767528,1.0934910131767528,0.5
neuron_model_behavioral_validation,Neuraxis,development_pilot,PILOT2_PROTOCOL,Exploratory development data; second development iteration informed by Pilot 1; not independent confirmation; never pooled with the confirmatory held-out estimate,m-shift_reversal-3400b10721,acnet2_pyr_soma,1,P04_step_2x,spike_timing,,,87.64553470171961,2.964025352945214
neuron_model_behavioral_validation,Neuraxis,development_pilot,PILOT2_PROTOCOL,Exploratory development data; second development iteration informed by Pilot 1; not independent confirmation; never pooled with the confirmatory held-out estimate,m-shift_reversal-3400b10721,acnet2_pyr_soma,1,P05_long_step,spike_count,4.0,5.0,1.0,0.5
neuron_model_behavioral_validation,Neuraxis,development_pilot,PILOT2_PROTOCOL,Exploratory development data; second development iteration informed by Pilot 1; not independent confirmation; never pooled with the confirmatory held-out estimate,m-shift_reversal-3400b10721,acnet2_pyr_soma,1,P06_ramp,spike_count,2.0,3.0,1.0,0.5
neuron_model_behavioral_validation,Neuraxis,development_pilot,PILOT2_PROTOCOL,Exploratory development data; second development iteration informed by Pilot 1; not independent confirmation; never pooled with the confirmatory held-out estimate,m-shift_reversal-3400b10721,acnet2_pyr_soma,1,P07_hyperpolarizing_step,trace_rmse,0.0,0.784326938213647,0.784326938213647,0.5
neuron_model_behavioral_validation,Neuraxis,development_pilot,PILOT2_PROTOCOL,Exploratory development data; second development iteration informed by Pilot 1; not independent confirmation; never pooled with the confirmatory held-out estimate,m-shift_reversal-3400b10721,acnet2_pyr_soma,1,P08_rebound,trace_rmse,0.0,0.7441484744599548,0.7441484744599548,0.5
neuron_model_behavioral_validation,Neuraxis,development_pilot,PILOT2_PROTOCOL,Exploratory development data; second development iteration informed by Pilot 1; not independent confirmation; never pooled with the confirmatory held-out estimate,m-shift_reversal-3400b10721,acnet2_pyr_soma,1,P09_short_pulse,trace_rmse,0.0,4.125564837186075,4.125564837186075,0.5
neuron_model_behavioral_validation,Neuraxis,development_pilot,PILOT2_PROTOCOL,Exploratory development data; second development iteration informed by Pilot 1; not independent confirmation; never pooled with the confirmatory held-out estimate,m-shift_reversal-3400b10721,acnet2_pyr_soma,1,P09_short_pulse,spike_count,0.0,1.0,1.0,0.5
neuron_model_behavioral_validation,Neuraxis,development_pilot,PILOT2_PROTOCOL,Exploratory development data; second development iteration informed by Pilot 1; not independent confirmation; never pooled with the confirmatory held-out estimate,m-shift_reversal-3400b10721,acnet2_pyr_soma,2,P00_canonical,spike_count,8.0,15.0,7.0,0.5
neuron_model_behavioral_validation,Neuraxis,development_pilot,PILOT2_PROTOCOL,Exploratory development data; second development iteration informed by Pilot 1; not independent confirmation; never pooled with the confirmatory held-out estimate,m-shift_reversal-3400b10721,acnet2_pyr_soma,2,P02_weak_step,trace_rmse,0.0,1.0934866952039186,1.0934866952039186,0.5
neuron_model_behavioral_validation,Neuraxis,development_pilot,PILOT2_PROTOCOL,Exploratory development data; second development iteration informed by Pilot 1; not independent confirmation; never pooled with the confirmatory held-out estimate,m-shift_reversal-3400b10721,acnet2_pyr_soma,2,P04_step_2x,spike_timing,,,87.65977760802389,2.964025352945214
neuron_model_behavioral_validation,Neuraxis,development_pilot,PILOT2_PROTOCOL,Exploratory development data; second development iteration informed by Pilot 1; not independent confirmation; never pooled with the confirmatory held-out estimate,m-shift_reversal-3400b10721,acnet2_pyr_soma,2,P05_long_step,spike_count,4.0,5.0,1.0,0.5
neuron_model_behavioral_validation,Neuraxis,development_pilot,PILOT2_PROTOCOL,Exploratory development data; second development iteration informed by Pilot 1; not independent confirmation; never pooled with the confirmatory held-out estimate,m-shift_reversal-3400b10721,acnet2_pyr_soma,2,P06_ramp,spike_count,2.0,3.0,1.0,0.5
neuron_model_behavioral_validation,Neuraxis,development_pilot,PILOT2_PROTOCOL,Exploratory development data; second development iteration informed by Pilot 1; not independent confirmation; never pooled with the confirmatory held-out estimate,m-shift_reversal-3400b10721,acnet2_pyr_soma,2,P07_hyperpolarizing_step,trace_rmse,0.0,0.7843186019089096,0.7843186019089096,0.5
neuron_model_behavioral_validation,Neuraxis,development_pilot,PILOT2_PROTOCOL,Exploratory development data; second development iteration informed by Pilot 1; not independent confirmation; never pooled with the confirmatory held-out estimate,m-shift_reversal-3400b10721,acnet2_pyr_soma,2,P08_rebound,trace_rmse,0.0,0.7441361712887907,0.7441361712887907,0.5
neuron_model_behavioral_validation,Neuraxis,development_pilot,PILOT2_PROTOCOL,Exploratory development data; second development iteration informed by Pilot 1; not independent confirmation; never pooled with the confirmatory held-out estimate,m-shift_reversal-3400b10721,acnet2_pyr_soma,2,P09_short_pulse,trace_rmse,0.0,4.118886005253592,4.118886005253592,0.5
neuron_model_behavioral_validation,Neuraxis,development_pilot,PILOT2_PROTOCOL,Exploratory development data; second development iteration informed by Pilot 1; not independent confirmation; never pooled with the confirmatory held-out estimate,m-shift_reversal-3400b10721,acnet2_pyr_soma,2,P09_short_pulse,spike_count,0.0,1.0,1.0,0.5
neuron_model_behavioral_validation,Neuraxis,development_pilot,PILOT2_PROTOCOL,Exploratory development data; second development iteration informed by Pilot 1; not independent confirmation; never pooled with the confirmatory held-out estimate,m-shift_reversal-2c628fb0f6,acnet2_pyr_soma,1,P00_canonical,spike_count,8.0,9.0,1.0,0.5
neuron_model_behavioral_validation,Neuraxis,development_pilot,PILOT2_PROTOCOL,Exploratory development data; second development iteration informed by Pilot 1; not independent confirmation; never pooled with the confirmatory held-out estimate,m-shift_reversal-2c628fb0f6,acnet2_pyr_soma,1,P02_weak_step,trace_rmse,0.0,5.35790318506149,5.35790318506149,0.5
neuron_model_behavioral_validation,Neuraxis,development_pilot,PILOT2_PROTOCOL,Exploratory development data; second development iteration informed by Pilot 1; not independent confirmation; never pooled with the confirmatory held-out estimate,m-shift_reversal-2c628fb0f6,acnet2_pyr_soma,1,P02_weak_step,spike_count,0.0,2.0,2.0,0.5
neuron_model_behavioral_validation,Neuraxis,development_pilot,PILOT2_PROTOCOL,Exploratory development data; second development iteration informed by Pilot 1; not independent confirmation; never pooled with the confirmatory held-out estimate,m-shift_reversal-2c628fb0f6,acnet2_pyr_soma,1,P04_step_2x,spike_count,2.0,3.0,1.0,0.5
neuron_model_behavioral_validation,Neuraxis,development_pilot,PILOT2_PROTOCOL,Exploratory development data; second development iteration informed by Pilot 1; not independent confirmation; never pooled with the confirmatory held-out estimate,m-shift_reversal-2c628fb0f6,acnet2_pyr_soma,1,P05_long_step,spike_count,4.0,6.0,2.0,0.5
neuron_model_behavioral_validation,Neuraxis,development_pilot,PILOT2_PROTOCOL,Exploratory development data; second development iteration informed by Pilot 1; not independent confirmation; never pooled with the confirmatory held-out estimate,m-shift_reversal-2c628fb0f6,acnet2_pyr_soma,1,P06_ramp,spike_count,2.0,4.0,2.0,0.5
neuron_model_behavioral_validation,Neuraxis,development_pilot,PILOT2_PROTOCOL,Exploratory development data; second development iteration informed by Pilot 1; not independent confirmation; never pooled with the confirmatory held-out estimate,m-shift_reversal-2c628fb0f6,acnet2_pyr_soma,1,P07_hyperpolarizing_step,trace_rmse,0.0,5.431801875272385,5.431801875272385,0.5
neuron_model_behavioral_validation,Neuraxis,development_pilot,PILOT2_PROTOCOL,Exploratory development data; second development iteration informed by Pilot 1; not independent confirmation; never pooled with the confirmatory held-out estimate,m-shift_reversal-2c628fb0f6,acnet2_pyr_soma,1,P07_hyperpolarizing_step,spike_count,0.0,2.0,2.0,0.5
neuron_model_behavioral_validation,Neuraxis,development_pilot,PILOT2_PROTOCOL,Exploratory development data; second development iteration informed by Pilot 1; not independent confirmation; never pooled with the confirmatory held-out estimate,m-shift_reversal-2c628fb0f6,acnet2_pyr_soma,1,P08_rebound,trace_rmse,0.0,5.5077733319611895,5.5077733319611895,0.5
neuron_model_behavioral_validation,Neuraxis,development_pilot,PILOT2_PROTOCOL,Exploratory development data; second development iteration informed by Pilot 1; not independent confirmation; never pooled with the confirmatory held-out estimate,m-shift_reversal-2c628fb0f6,acnet2_pyr_soma,1,P08_rebound,spike_count,0.0,2.0,2.0,0.5
neuron_model_behavioral_validation,Neuraxis,development_pilot,PILOT2_PROTOCOL,Exploratory development data; second development iteration informed by Pilot 1; not independent confirmation; never pooled with the confirmatory held-out estimate,m-shift_reversal-2c628fb0f6,acnet2_pyr_soma,1,P09_short_pulse,trace_rmse,0.0,5.409464403082777,5.409464403082777,0.5
neuron_model_behavioral_validation,Neuraxis,development_pilot,PILOT2_PROTOCOL,Exploratory development data; second development iteration informed by Pilot 1; not independent confirmation; never pooled with the confirmatory held-out estimate,m-shift_reversal-2c628fb0f6,acnet2_pyr_soma,1,P09_short_pulse,spike_count,0.0,1.0,1.0,0.5
neuron_model_behavioral_validation,Neuraxis,development_pilot,PILOT2_PROTOCOL,Exploratory development data; second development iteration informed by Pilot 1; not independent confirmation; never pooled with the confirmatory held-out estimate,m-shift_reversal-2c628fb0f6,acnet2_pyr_soma,2,P00_canonical,spike_count,8.0,9.0,1.0,0.5
neuron_model_behavioral_validation,Neuraxis,development_pilot,PILOT2_PROTOCOL,Exploratory development data; second development iteration informed by Pilot 1; not independent confirmation; never pooled with the confirmatory held-out estimate,m-shift_reversal-2c628fb0f6,acnet2_pyr_soma,2,P02_weak_step,trace_rmse,0.0,5.34232007758466,5.34232007758466,0.5
neuron_model_behavioral_validation,Neuraxis,development_pilot,PILOT2_PROTOCOL,Exploratory development data; second development iteration informed by Pilot 1; not independent confirmation; never pooled with the confirmatory held-out estimate,m-shift_reversal-2c628fb0f6,acnet2_pyr_soma,2,P02_weak_step,spike_count,0.0,2.0,2.0,0.5
neuron_model_behavioral_validation,Neuraxis,development_pilot,PILOT2_PROTOCOL,Exploratory development data; second development iteration informed by Pilot 1; not independent confirmation; never pooled with the confirmatory held-out estimate,m-shift_reversal-2c628fb0f6,acnet2_pyr_soma,2,P04_step_2x,spike_count,2.0,3.0,1.0,0.5
neuron_model_behavioral_validation,Neuraxis,development_pilot,PILOT2_PROTOCOL,Exploratory development data; second development iteration informed by Pilot 1; not independent confirmation; never pooled with the confirmatory held-out estimate,m-shift_reversal-2c628fb0f6,acnet2_pyr_soma,2,P05_long_step,spike_count,4.0,6.0,2.0,0.5
neuron_model_behavioral_validation,Neuraxis,development_pilot,PILOT2_PROTOCOL,Exploratory development data; second development iteration informed by Pilot 1; not independent confirmation; never pooled with the confirmatory held-out estimate,m-shift_reversal-2c628fb0f6,acnet2_pyr_soma,2,P06_ramp,spike_count,2.0,4.0,2.0,0.5
neuron_model_behavioral_validation,Neuraxis,development_pilot,PILOT2_PROTOCOL,Exploratory development data; second development iteration informed by Pilot 1; not independent confirmation; never pooled with the confirmatory held-out estimate,m-shift_reversal-2c628fb0f6,acnet2_pyr_soma,2,P07_hyperpolarizing_step,trace_rmse,0.0,5.419245008922375,5.419245008922375,0.5
neuron_model_behavioral_validation,Neuraxis,development_pilot,PILOT2_PROTOCOL,Exploratory development data; second development iteration informed by Pilot 1; not independent confirmation; never pooled with the confirmatory held-out estimate,m-shift_reversal-2c628fb0f6,acnet2_pyr_soma,2,P07_hyperpolarizing_step,spike_count,0.0,2.0,2.0,0.5
neuron_model_behavioral_validation,Neuraxis,development_pilot,PILOT2_PROTOCOL,Exploratory development data; second development iteration informed by Pilot 1; not independent confirmation; never pooled with the confirmatory held-out estimate,m-shift_reversal-2c628fb0f6,acnet2_pyr_soma,2,P08_rebound,trace_rmse,0.0,5.495098611807208,5.495098611807208,0.5
neuron_model_behavioral_validation,Neuraxis,development_pilot,PILOT2_PROTOCOL,Exploratory development data; second development iteration informed by Pilot 1; not independent confirmation; never pooled with the confirmatory held-out estimate,m-shift_reversal-2c628fb0f6,acnet2_pyr_soma,2,P08_rebound,spike_count,0.0,2.0,2.0,0.5
neuron_model_behavioral_validation,Neuraxis,development_pilot,PILOT2_PROTOCOL,Exploratory development data; second development iteration informed by Pilot 1; not independent confirmation; never pooled with the confirmatory held-out estimate,m-shift_reversal-2c628fb0f6,acnet2_pyr_soma,2,P09_short_pulse,trace_rmse,0.0,5.39447031033554,5.39447031033554,0.5
neuron_model_behavioral_validation,Neuraxis,development_pilot,PILOT2_PROTOCOL,Exploratory development data; second development iteration informed by Pilot 1; not independent confirmation; never pooled with the confirmatory held-out estimate,m-shift_reversal-2c628fb0f6,acnet2_pyr_soma,2,P09_short_pulse,spike_count,0.0,1.0,1.0,0.5
neuron_model_behavioral_validation,Neuraxis,development_pilot,PILOT2_PROTOCOL,Exploratory development data; second development iteration informed by Pilot 1; not independent confirmation; never pooled with the confirmatory held-out estimate,m-shift_reversal-9553007c36,acnet2_pyr_soma,1,P00_canonical,spike_count,8.0,7.0,1.0,0.5
neuron_model_behavioral_validation,Neuraxis,development_pilot,PILOT2_PROTOCOL,Exploratory development data; second development iteration informed by Pilot 1; not independent confirmation; never pooled with the confirmatory held-out estimate,m-shift_reversal-9553007c36,acnet2_pyr_soma,1,P04_step_2x,spike_timing,,,16.6841370714086,2.964025352945214
neuron_model_behavioral_validation,Neuraxis,development_pilot,PILOT2_PROTOCOL,Exploratory development data; second development iteration informed by Pilot 1; not independent confirmation; never pooled with the confirmatory held-out estimate,m-shift_reversal-9553007c36,acnet2_pyr_soma,1,P05_long_step,spike_count,4.0,1.0,3.0,0.5
neuron_model_behavioral_validation,Neuraxis,development_pilot,PILOT2_PROTOCOL,Exploratory development data; second development iteration informed by Pilot 1; not independent confirmation; never pooled with the confirmatory held-out estimate,m-shift_reversal-9553007c36,acnet2_pyr_soma,1,P06_ramp,spike_timing,,,33.021241668759785,2.5164009280051687
neuron_model_behavioral_validation,Neuraxis,development_pilot,PILOT2_PROTOCOL,Exploratory development data; second development iteration informed by Pilot 1; not independent confirmation; never pooled with the confirmatory held-out estimate,m-shift_reversal-9553007c36,acnet2_pyr_soma,2,P00_canonical,spike_count,8.0,7.0,1.0,0.5
neuron_model_behavioral_validation,Neuraxis,development_pilot,PILOT2_PROTOCOL,Exploratory development data; second development iteration informed by Pilot 1; not independent confirmation; never pooled with the confirmatory held-out estimate,m-shift_reversal-9553007c36,acnet2_pyr_soma,2,P04_step_2x,spike_timing,,,16.722551103338333,2.964025352945214
neuron_model_behavioral_validation,Neuraxis,development_pilot,PILOT2_PROTOCOL,Exploratory development data; second development iteration informed by Pilot 1; not independent confirmation; never pooled with the confirmatory held-out estimate,m-shift_reversal-9553007c36,acnet2_pyr_soma,2,P05_long_step,spike_count,4.0,1.0,3.0,0.5
neuron_model_behavioral_validation,Neuraxis,development_pilot,PILOT2_PROTOCOL,Exploratory development data; second development iteration informed by Pilot 1; not independent confirmation; never pooled with the confirmatory held-out estimate,m-shift_reversal-9553007c36,acnet2_pyr_soma,2,P06_ramp,spike_timing,,,33.046738447518464,2.5164009280051687
neuron_model_behavioral_validation,Neuraxis,development_pilot,PILOT2_PROTOCOL,Exploratory development data; second development iteration informed by Pilot 1; not independent confirmation; never pooled with the confirmatory held-out estimate,m-shift_reversal-513c92c08b,acnet2_pyr_soma,1,P00_canonical,spike_count,8.0,9.0,1.0,0.5
neuron_model_behavioral_validation,Neuraxis,development_pilot,PILOT2_PROTOCOL,Exploratory development data; second development iteration informed by Pilot 1; not independent confirmation; never pooled with the confirmatory held-out estimate,m-shift_reversal-513c92c08b,acnet2_pyr_soma,1,P02_weak_step,trace_rmse,0.0,5.8147352103888155,5.8147352103888155,0.5
neuron_model_behavioral_validation,Neuraxis,development_pilot,PILOT2_PROTOCOL,Exploratory development data; second development iteration informed by Pilot 1; not independent confirmation; never pooled with the confirmatory held-out estimate,m-shift_reversal-513c92c08b,acnet2_pyr_soma,1,P02_weak_step,spike_count,0.0,3.0,3.0,0.5
neuron_model_behavioral_validation,Neuraxis,development_pilot,PILOT2_PROTOCOL,Exploratory development data; second development iteration informed by Pilot 1; not independent confirmation; never pooled with the confirmatory held-out estimate,m-shift_reversal-513c92c08b,acnet2_pyr_soma,1,P04_step_2x,spike_count,2.0,3.0,1.0,0.5
neuron_model_behavioral_validation,Neuraxis,development_pilot,PILOT2_PROTOCOL,Exploratory development data; second development iteration informed by Pilot 1; not independent confirmation; never pooled with the confirmatory held-out estimate,m-shift_reversal-513c92c08b,acnet2_pyr_soma,1,P05_long_step,spike_count,4.0,8.0,4.0,0.5
neuron_model_behavioral_validation,Neuraxis,development_pilot,PILOT2_PROTOCOL,Exploratory development data; second development iteration informed by Pilot 1; not independent confirmation; never pooled with the confirmatory held-out estimate,m-shift_reversal-513c92c08b,acnet2_pyr_soma,1,P06_ramp,trace_rmse,0.0,7.562662025538317,7.562662025538317,6.8539958633114875
neuron_model_behavioral_validation,Neuraxis,development_pilot,PILOT2_PROTOCOL,Exploratory development data; second development iteration informed by Pilot 1; not independent confirmation; never pooled with the confirmatory held-out estimate,m-shift_reversal-513c92c08b,acnet2_pyr_soma,1,P06_ramp,spike_count,2.0,5.0,3.0,0.5
neuron_model_behavioral_validation,Neuraxis,development_pilot,PILOT2_PROTOCOL,Exploratory development data; second development iteration informed by Pilot 1; not independent confirmation; never pooled with the confirmatory held-out estimate,m-shift_reversal-513c92c08b,acnet2_pyr_soma,1,P07_hyperpolarizing_step,trace_rmse,0.0,6.417920228877334,6.417920228877334,0.5
neuron_model_behavioral_validation,Neuraxis,development_pilot,PILOT2_PROTOCOL,Exploratory development data; second development iteration informed by Pilot 1; not independent confirmation; never pooled with the confirmatory held-out estimate,m-shift_reversal-513c92c08b,acnet2_pyr_soma,1,P07_hyperpolarizing_step,spike_count,0.0,2.0,2.0,0.5
neuron_model_behavioral_validation,Neuraxis,development_pilot,PILOT2_PROTOCOL,Exploratory development data; second development iteration informed by Pilot 1; not independent confirmation; never pooled with the confirmatory held-out estimate,m-shift_reversal-513c92c08b,acnet2_pyr_soma,1,P08_rebound,trace_rmse,0.0,6.540097490347019,6.540097490347019,0.5
neuron_model_behavioral_validation,Neuraxis,development_pilot,PILOT2_PROTOCOL,Exploratory development data; second development iteration informed by Pilot 1; not independent confirmation; never pooled with the confirmatory held-out estimate,m-shift_reversal-513c92c08b,acnet2_pyr_soma,1,P08_rebound,spike_count,0.0,2.0,2.0,0.5
neuron_model_behavioral_validation,Neuraxis,development_pilot,PILOT2_PROTOCOL,Exploratory development data; second development iteration informed by Pilot 1; not independent confirmation; never pooled with the confirmatory held-out estimate,m-shift_reversal-513c92c08b,acnet2_pyr_soma,1,P09_short_pulse,trace_rmse,0.0,6.50915866877601,6.50915866877601,0.5
neuron_model_behavioral_validation,Neuraxis,development_pilot,PILOT2_PROTOCOL,Exploratory development data; second development iteration informed by Pilot 1; not independent confirmation; never pooled with the confirmatory held-out estimate,m-shift_reversal-513c92c08b,acnet2_pyr_soma,1,P09_short_pulse,spike_count,0.0,2.0,2.0,0.5
neuron_model_behavioral_validation,Neuraxis,development_pilot,PILOT2_PROTOCOL,Exploratory development data; second development iteration informed by Pilot 1; not independent confirmation; never pooled with the confirmatory held-out estimate,m-shift_reversal-513c92c08b,acnet2_pyr_soma,2,P00_canonical,spike_count,8.0,9.0,1.0,0.5
neuron_model_behavioral_validation,Neuraxis,development_pilot,PILOT2_PROTOCOL,Exploratory development data; second development iteration informed by Pilot 1; not independent confirmation; never pooled with the confirmatory held-out estimate,m-shift_reversal-513c92c08b,acnet2_pyr_soma,2,P02_weak_step,trace_rmse,0.0,5.795998328023074,5.795998328023074,0.5
neuron_model_behavioral_validation,Neuraxis,development_pilot,PILOT2_PROTOCOL,Exploratory development data; second development iteration informed by Pilot 1; not independent confirmation; never pooled with the confirmatory held-out estimate,m-shift_reversal-513c92c08b,acnet2_pyr_soma,2,P02_weak_step,spike_count,0.0,3.0,3.0,0.5
neuron_model_behavioral_validation,Neuraxis,development_pilot,PILOT2_PROTOCOL,Exploratory development data; second development iteration informed by Pilot 1; not independent confirmation; never pooled with the confirmatory held-out estimate,m-shift_reversal-513c92c08b,acnet2_pyr_soma,2,P04_step_2x,spike_count,2.0,3.0,1.0,0.5
neuron_model_behavioral_validation,Neuraxis,development_pilot,PILOT2_PROTOCOL,Exploratory development data; second development iteration informed by Pilot 1; not independent confirmation; never pooled with the confirmatory held-out estimate,m-shift_reversal-513c92c08b,acnet2_pyr_soma,2,P05_long_step,spike_count,4.0,8.0,4.0,0.5
neuron_model_behavioral_validation,Neuraxis,development_pilot,PILOT2_PROTOCOL,Exploratory development data; second development iteration informed by Pilot 1; not independent confirmation; never pooled with the confirmatory held-out estimate,m-shift_reversal-513c92c08b,acnet2_pyr_soma,2,P06_ramp,trace_rmse,0.0,7.553322496376927,7.553322496376927,6.8539958633114875
neuron_model_behavioral_validation,Neuraxis,development_pilot,PILOT2_PROTOCOL,Exploratory development data; second development iteration informed by Pilot 1; not independent confirmation; never pooled with the confirmatory held-out estimate,m-shift_reversal-513c92c08b,acnet2_pyr_soma,2,P06_ramp,spike_count,2.0,5.0,3.0,0.5
neuron_model_behavioral_validation,Neuraxis,development_pilot,PILOT2_PROTOCOL,Exploratory development data; second development iteration informed by Pilot 1; not independent confirmation; never pooled with the confirmatory held-out estimate,m-shift_reversal-513c92c08b,acnet2_pyr_soma,2,P07_hyperpolarizing_step,trace_rmse,0.0,6.408383991255562,6.408383991255562,0.5
neuron_model_behavioral_validation,Neuraxis,development_pilot,PILOT2_PROTOCOL,Exploratory development data; second development iteration informed by Pilot 1; not independent confirmation; never pooled with the confirmatory held-out estimate,m-shift_reversal-513c92c08b,acnet2_pyr_soma,2,P07_hyperpolarizing_step,spike_count,0.0,2.0,2.0,0.5
neuron_model_behavioral_validation,Neuraxis,development_pilot,PILOT2_PROTOCOL,Exploratory development data; second development iteration informed by Pilot 1; not independent confirmation; never pooled with the confirmatory held-out estimate,m-shift_reversal-513c92c08b,acnet2_pyr_soma,2,P08_rebound,trace_rmse,0.0,6.530879110958694,6.530879110958694,0.5
neuron_model_behavioral_validation,Neuraxis,development_pilot,PILOT2_PROTOCOL,Exploratory development data; second development iteration informed by Pilot 1; not independent confirmation; never pooled with the confirmatory held-out estimate,m-shift_reversal-513c92c08b,acnet2_pyr_soma,2,P08_rebound,spike_count,0.0,2.0,2.0,0.5
neuron_model_behavioral_validation,Neuraxis,development_pilot,PILOT2_PROTOCOL,Exploratory development data; second development iteration informed by Pilot 1; not independent confirmation; never pooled with the confirmatory held-out estimate,m-shift_reversal-513c92c08b,acnet2_pyr_soma,2,P09_short_pulse,trace_rmse,0.0,6.488196841053925,6.488196841053925,0.5
neuron_model_behavioral_validation,Neuraxis,development_pilot,PILOT2_PROTOCOL,Exploratory development data; second development iteration informed by Pilot 1; not independent confirmation; never pooled with the confirmatory held-out estimate,m-shift_reversal-513c92c08b,acnet2_pyr_soma,2,P09_short_pulse,spike_count,0.0,2.0,2.0,0.5
neuron_model_behavioral_validation,Neuraxis,development_pilot,PILOT2_PROTOCOL,Exploratory development data; second development iteration informed by Pilot 1; not independent confirmation; never pooled with the confirmatory held-out estimate,m-scale_capacitance-d750ebfac4,acnet2_pyr_soma,1,P00_canonical,spike_timing,,,23.72419965780989,5.606006386408808
neuron_model_behavioral_validation,Neuraxis,development_pilot,PILOT2_PROTOCOL,Exploratory development data; second development iteration informed by Pilot 1; not independent confirmation; never pooled with the confirmatory held-out estimate,m-scale_capacitance-d750ebfac4,acnet2_pyr_soma,1,P04_step_2x,spike_timing,,,18.930134204782007,2.964025352945214
neuron_model_behavioral_validation,Neuraxis,development_pilot,PILOT2_PROTOCOL,Exploratory development data; second development iteration informed by Pilot 1; not independent confirmation; never pooled with the confirmatory held-out estimate,m-scale_capacitance-d750ebfac4,acnet2_pyr_soma,1,P05_long_step,spike_timing,,,84.38291449663689,8.522154839198265
neuron_model_behavioral_validation,Neuraxis,development_pilot,PILOT2_PROTOCOL,Exploratory development data; second development iteration informed by Pilot 1; not independent confirmation; never pooled with the confirmatory held-out estimate,m-scale_capacitance-d750ebfac4,acnet2_pyr_soma,1,P06_ramp,spike_timing,,,21.961128655479115,2.5164009280051687
neuron_model_behavioral_validation,Neuraxis,development_pilot,PILOT2_PROTOCOL,Exploratory development data; second development iteration informed by Pilot 1; not independent confirmation; never pooled with the confirmatory held-out estimate,m-scale_capacitance-d750ebfac4,acnet2_pyr_soma,1,P09_short_pulse,trace_rmse,0.0,5.210823741260512,5.210823741260512,0.5
neuron_model_behavioral_validation,Neuraxis,development_pilot,PILOT2_PROTOCOL,Exploratory development data; second development iteration informed by Pilot 1; not independent confirmation; never pooled with the confirmatory held-out estimate,m-scale_capacitance-d750ebfac4,acnet2_pyr_soma,1,P09_short_pulse,spike_count,0.0,1.0,1.0,0.5
neuron_model_behavioral_validation,Neuraxis,development_pilot,PILOT2_PROTOCOL,Exploratory development data; second development iteration informed by Pilot 1; not independent confirmation; never pooled with the confirmatory held-out estimate,m-scale_capacitance-d750ebfac4,acnet2_pyr_soma,2,P00_canonical,spike_timing,,,23.705442109488104,5.606006386408808
neuron_model_behavioral_validation,Neuraxis,development_pilot,PILOT2_PROTOCOL,Exploratory development data; second development iteration informed by Pilot 1; not independent confirmation; never pooled with the confirmatory held-out estimate,m-scale_capacitance-d750ebfac4,acnet2_pyr_soma,2,P04_step_2x,spike_timing,,,18.95982055007289,2.964025352945214
neuron_model_behavioral_validation,Neuraxis,development_pilot,PILOT2_PROTOCOL,Exploratory development data; second development iteration informed by Pilot 1; not independent confirmation; never pooled with the confirmatory held-out estimate,m-scale_capacitance-d750ebfac4,acnet2_pyr_soma,2,P05_long_step,spike_timing,,,84.47744841860231,8.522154839198265
neuron_model_behavioral_validation,Neuraxis,development_pilot,PILOT2_PROTOCOL,Exploratory development data; second development iteration informed by Pilot 1; not independent confirmation; never pooled with the confirmatory held-out estimate,m-scale_capacitance-d750ebfac4,acnet2_pyr_soma,2,P06_ramp,spike_timing,,,21.988766354049858,2.5164009280051687
neuron_model_behavioral_validation,Neuraxis,development_pilot,PILOT2_PROTOCOL,Exploratory development data; second development iteration informed by Pilot 1; not independent confirmation; never pooled with the confirmatory held-out estimate,m-scale_capacitance-d750ebfac4,acnet2_pyr_soma,2,P09_short_pulse,trace_rmse,0.0,5.203213977179245,5.203213977179245,0.5
neuron_model_behavioral_validation,Neuraxis,development_pilot,PILOT2_PROTOCOL,Exploratory development data; second development iteration informed by Pilot 1; not independent confirmation; never pooled with the confirmatory held-out estimate,m-scale_capacitance-d750ebfac4,acnet2_pyr_soma,2,P09_short_pulse,spike_count,0.0,1.0,1.0,0.5
neuron_model_behavioral_validation,Neuraxis,development_pilot,PILOT2_PROTOCOL,Exploratory development data; second development iteration informed by Pilot 1; not independent confirmation; never pooled with the confirmatory held-out estimate,m-scale_capacitance-e86da299c1,acnet2_pyr_soma,1,P00_canonical,spike_count,8.0,9.0,1.0,0.5
neuron_model_behavioral_validation,Neuraxis,development_pilot,PILOT2_PROTOCOL,Exploratory development data; second development iteration informed by Pilot 1; not independent confirmation; never pooled with the confirmatory held-out estimate,m-scale_capacitance-e86da299c1,acnet2_pyr_soma,1,P04_step_2x,spike_timing,,,48.61739746377714,2.964025352945214
neuron_model_behavioral_validation,Neuraxis,development_pilot,PILOT2_PROTOCOL,Exploratory development data; second development iteration informed by Pilot 1; not independent confirmation; never pooled with the confirmatory held-out estimate,m-scale_capacitance-e86da299c1,acnet2_pyr_soma,1,P05_long_step,spike_timing,,,208.62036146917535,8.522154839198265
neuron_model_behavioral_validation,Neuraxis,development_pilot,PILOT2_PROTOCOL,Exploratory development data; second development iteration informed by Pilot 1; not independent confirmation; never pooled with the confirmatory held-out estimate,m-scale_capacitance-e86da299c1,acnet2_pyr_soma,1,P06_ramp,spike_timing,,,59.302968165912034,2.5164009280051687
neuron_model_behavioral_validation,Neuraxis,development_pilot,PILOT2_PROTOCOL,Exploratory development data; second development iteration informed by Pilot 1; not independent confirmation; never pooled with the confirmatory held-out estimate,m-scale_capacitance-e86da299c1,acnet2_pyr_soma,1,P09_short_pulse,trace_rmse,0.0,5.2375822243924635,5.2375822243924635,0.5
neuron_model_behavioral_validation,Neuraxis,development_pilot,PILOT2_PROTOCOL,Exploratory development data; second development iteration informed by Pilot 1; not independent confirmation; never pooled with the confirmatory held-out estimate,m-scale_capacitance-e86da299c1,acnet2_pyr_soma,1,P09_short_pulse,spike_count,0.0,1.0,1.0,0.5
neuron_model_behavioral_validation,Neuraxis,development_pilot,PILOT2_PROTOCOL,Exploratory development data; second development iteration informed by Pilot 1; not independent confirmation; never pooled with the confirmatory held-out estimate,m-scale_capacitance-e86da299c1,acnet2_pyr_soma,2,P00_canonical,spike_count,8.0,9.0,1.0,0.5
neuron_model_behavioral_validation,Neuraxis,development_pilot,PILOT2_PROTOCOL,Exploratory development data; second development iteration informed by Pilot 1; not independent confirmation; never pooled with the confirmatory held-out estimate,m-scale_capacitance-e86da299c1,acnet2_pyr_soma,2,P04_step_2x,spike_timing,,,48.7177910715933,2.964025352945214
neuron_model_behavioral_validation,Neuraxis,development_pilot,PILOT2_PROTOCOL,Exploratory development data; second development iteration informed by Pilot 1; not independent confirmation; never pooled with the confirmatory held-out estimate,m-scale_capacitance-e86da299c1,acnet2_pyr_soma,2,P05_long_step,spike_timing,,,208.93354040975373,8.522154839198265
neuron_model_behavioral_validation,Neuraxis,development_pilot,PILOT2_PROTOCOL,Exploratory development data; second development iteration informed by Pilot 1; not independent confirmation; never pooled with the confirmatory held-out estimate,m-scale_capacitance-e86da299c1,acnet2_pyr_soma,2,P06_ramp,spike_timing,,,59.39661251191956,2.5164009280051687
neuron_model_behavioral_validation,Neuraxis,development_pilot,PILOT2_PROTOCOL,Exploratory development data; second development iteration informed by Pilot 1; not independent confirmation; never pooled with the confirmatory held-out estimate,m-scale_capacitance-e86da299c1,acnet2_pyr_soma,2,P09_short_pulse,trace_rmse,0.0,5.229423330799758,5.229423330799758,0.5
neuron_model_behavioral_validation,Neuraxis,development_pilot,PILOT2_PROTOCOL,Exploratory development data; second development iteration informed by Pilot 1; not independent confirmation; never pooled with the confirmatory held-out estimate,m-scale_capacitance-e86da299c1,acnet2_pyr_soma,2,P09_short_pulse,spike_count,0.0,1.0,1.0,0.5
neuron_model_behavioral_validation,Neuraxis,development_pilot,PILOT2_PROTOCOL,Exploratory development data; second development iteration informed by Pilot 1; not independent confirmation; never pooled with the confirmatory held-out estimate,m-scale_gate_time_constant-25d2ef79c1,acnet2_pyr_soma,1,P00_canonical,spike_count,8.0,9.0,1.0,0.5
neuron_model_behavioral_validation,Neuraxis,development_pilot,PILOT2_PROTOCOL,Exploratory development data; second development iteration informed by Pilot 1; not independent confirmation; never pooled with the confirmatory held-out estimate,m-scale_gate_time_constant-25d2ef79c1,acnet2_pyr_soma,1,P04_step_2x,spike_timing,,,20.063989103480935,2.964025352945214
neuron_model_behavioral_validation,Neuraxis,development_pilot,PILOT2_PROTOCOL,Exploratory development data; second development iteration informed by Pilot 1; not independent confirmation; never pooled with the confirmatory held-out estimate,m-scale_gate_time_constant-25d2ef79c1,acnet2_pyr_soma,1,P05_long_step,spike_timing,,,60.14843155185122,8.522154839198265
neuron_model_behavioral_validation,Neuraxis,development_pilot,PILOT2_PROTOCOL,Exploratory development data; second development iteration informed by Pilot 1; not independent confirmation; never pooled with the confirmatory held-out estimate,m-scale_gate_time_constant-25d2ef79c1,acnet2_pyr_soma,1,P06_ramp,spike_timing,,,16.271616170702373,2.5164009280051687
neuron_model_behavioral_validation,Neuraxis,development_pilot,PILOT2_PROTOCOL,Exploratory development data; second development iteration informed by Pilot 1; not independent confirmation; never pooled with the confirmatory held-out estimate,m-scale_gate_time_constant-25d2ef79c1,acnet2_pyr_soma,2,P00_canonical,spike_count,8.0,9.0,1.0,0.5
neuron_model_behavioral_validation,Neuraxis,development_pilot,PILOT2_PROTOCOL,Exploratory development data; second development iteration informed by Pilot 1; not independent confirmation; never pooled with the confirmatory held-out estimate,m-scale_gate_time_constant-25d2ef79c1,acnet2_pyr_soma,2,P04_step_2x,spike_timing,,,20.08444165735648,2.964025352945214
neuron_model_behavioral_validation,Neuraxis,development_pilot,PILOT2_PROTOCOL,Exploratory development data; second development iteration informed by Pilot 1; not independent confirmation; never pooled with the confirmatory held-out estimate,m-scale_gate_time_constant-25d2ef79c1,acnet2_pyr_soma,2,P05_long_step,spike_timing,,,60.16789474974189,8.522154839198265
neuron_model_behavioral_validation,Neuraxis,development_pilot,PILOT2_PROTOCOL,Exploratory development data; second development iteration informed by Pilot 1; not independent confirmation; never pooled with the confirmatory held-out estimate,m-scale_gate_time_constant-25d2ef79c1,acnet2_pyr_soma,2,P06_ramp,spike_timing,,,16.282491900886725,2.5164009280051687
neuron_model_behavioral_validation,Neuraxis,development_pilot,PILOT2_PROTOCOL,Exploratory development data; second development iteration informed by Pilot 1; not independent confirmation; never pooled with the confirmatory held-out estimate,m-scale_gate_time_constant-eb0c17da65,acnet2_pyr_soma,1,P00_canonical,spike_count,8.0,5.0,3.0,0.5
neuron_model_behavioral_validation,Neuraxis,development_pilot,PILOT2_PROTOCOL,Exploratory development data; second development iteration informed by Pilot 1; not independent confirmation; never pooled with the confirmatory held-out estimate,m-scale_gate_time_constant-eb0c17da65,acnet2_pyr_soma,1,P04_step_2x,spike_count,2.0,1.0,1.0,0.5
neuron_model_behavioral_validation,Neuraxis,development_pilot,PILOT2_PROTOCOL,Exploratory development data; second development iteration informed by Pilot 1; not independent confirmation; never pooled with the confirmatory held-out estimate,m-scale_gate_time_constant-eb0c17da65,acnet2_pyr_soma,1,P05_long_step,spike_timing,,,182.87462436584065,8.522154839198265
neuron_model_behavioral_validation,Neuraxis,development_pilot,PILOT2_PROTOCOL,Exploratory development data; second development iteration informed by Pilot 1; not independent confirmation; never pooled with the confirmatory held-out estimate,m-scale_gate_time_constant-eb0c17da65,acnet2_pyr_soma,1,P06_ramp,spike_timing,,,51.014146988182574,2.5164009280051687
neuron_model_behavioral_validation,Neuraxis,development_pilot,PILOT2_PROTOCOL,Exploratory development data; second development iteration informed by Pilot 1; not independent confirmation; never pooled with the confirmatory held-out estimate,m-scale_gate_time_constant-eb0c17da65,acnet2_pyr_soma,2,P00_canonical,spike_count,8.0,5.0,3.0,0.5
neuron_model_behavioral_validation,Neuraxis,development_pilot,PILOT2_PROTOCOL,Exploratory development data; second development iteration informed by Pilot 1; not independent confirmation; never pooled with the confirmatory held-out estimate,m-scale_gate_time_constant-eb0c17da65,acnet2_pyr_soma,2,P04_step_2x,spike_count,2.0,1.0,1.0,0.5
neuron_model_behavioral_validation,Neuraxis,development_pilot,PILOT2_PROTOCOL,Exploratory development data; second development iteration informed by Pilot 1; not independent confirmation; never pooled with the confirmatory held-out estimate,m-scale_gate_time_constant-eb0c17da65,acnet2_pyr_soma,2,P05_long_step,spike_timing,,,183.05314194765697,8.522154839198265
neuron_model_behavioral_validation,Neuraxis,development_pilot,PILOT2_PROTOCOL,Exploratory development data; second development iteration informed by Pilot 1; not independent confirmation; never pooled with the confirmatory held-out estimate,m-scale_gate_time_constant-eb0c17da65,acnet2_pyr_soma,2,P06_ramp,spike_timing,,,51.065605869548335,2.5164009280051687
neuron_model_behavioral_validation,Neuraxis,development_pilot,PILOT2_PROTOCOL,Exploratory development data; second development iteration informed by Pilot 1; not independent confirmation; never pooled with the confirmatory held-out estimate,m-shift_gate_midpoint-e68b2bd3be,acnet2_pyr_soma,1,P00_canonical,spike_count,8.0,10.0,2.0,0.5
neuron_model_behavioral_validation,Neuraxis,development_pilot,PILOT2_PROTOCOL,Exploratory development data; second development iteration informed by Pilot 1; not independent confirmation; never pooled with the confirmatory held-out estimate,m-shift_gate_midpoint-e68b2bd3be,acnet2_pyr_soma,1,P02_weak_step,trace_rmse,0.0,0.8759821007329787,0.8759821007329787,0.5
neuron_model_behavioral_validation,Neuraxis,development_pilot,PILOT2_PROTOCOL,Exploratory development data; second development iteration informed by Pilot 1; not independent confirmation; never pooled with the confirmatory held-out estimate,m-shift_gate_midpoint-e68b2bd3be,acnet2_pyr_soma,1,P04_step_2x,spike_timing,,,63.13499464661959,2.964025352945214
neuron_model_behavioral_validation,Neuraxis,development_pilot,PILOT2_PROTOCOL,Exploratory development data; second development iteration informed by Pilot 1; not independent confirmation; never pooled with the confirmatory held-out estimate,m-shift_gate_midpoint-e68b2bd3be,acnet2_pyr_soma,1,P05_long_step,spike_count,4.0,5.0,1.0,0.5
neuron_model_behavioral_validation,Neuraxis,development_pilot,PILOT2_PROTOCOL,Exploratory development data; second development iteration informed by Pilot 1; not independent confirmation; never pooled with the confirmatory held-out estimate,m-shift_gate_midpoint-e68b2bd3be,acnet2_pyr_soma,1,P06_ramp,spike_timing,,,189.71692363136958,2.5164009280051687
neuron_model_behavioral_validation,Neuraxis,development_pilot,PILOT2_PROTOCOL,Exploratory development data; second development iteration informed by Pilot 1; not independent confirmation; never pooled with the confirmatory held-out estimate,m-shift_gate_midpoint-e68b2bd3be,acnet2_pyr_soma,1,P09_short_pulse,trace_rmse,0.0,5.039103209470776,5.039103209470776,0.5
neuron_model_behavioral_validation,Neuraxis,development_pilot,PILOT2_PROTOCOL,Exploratory development data; second development iteration informed by Pilot 1; not independent confirmation; never pooled with the confirmatory held-out estimate,m-shift_gate_midpoint-e68b2bd3be,acnet2_pyr_soma,1,P09_short_pulse,spike_count,0.0,1.0,1.0,0.5
neuron_model_behavioral_validation,Neuraxis,development_pilot,PILOT2_PROTOCOL,Exploratory development data; second development iteration informed by Pilot 1; not independent confirmation; never pooled with the confirmatory held-out estimate,m-shift_gate_midpoint-e68b2bd3be,acnet2_pyr_soma,2,P00_canonical,spike_count,8.0,10.0,2.0,0.5
neuron_model_behavioral_validation,Neuraxis,development_pilot,PILOT2_PROTOCOL,Exploratory development data; second development iteration informed by Pilot 1; not independent confirmation; never pooled with the confirmatory held-out estimate,m-shift_gate_midpoint-e68b2bd3be,acnet2_pyr_soma,2,P02_weak_step,trace_rmse,0.0,0.8759791136538878,0.8759791136538878,0.5
neuron_model_behavioral_validation,Neuraxis,development_pilot,PILOT2_PROTOCOL,Exploratory development data; second development iteration informed by Pilot 1; not independent confirmation; never pooled with the confirmatory held-out estimate,m-shift_gate_midpoint-e68b2bd3be,acnet2_pyr_soma,2,P04_step_2x,spike_timing,,,63.36484439256378,2.964025352945214
neuron_model_behavioral_validation,Neuraxis,development_pilot,PILOT2_PROTOCOL,Exploratory development data; second development iteration informed by Pilot 1; not independent confirmation; never pooled with the confirmatory held-out estimate,m-shift_gate_midpoint-e68b2bd3be,acnet2_pyr_soma,2,P05_long_step,spike_count,4.0,5.0,1.0,0.5
neuron_model_behavioral_validation,Neuraxis,development_pilot,PILOT2_PROTOCOL,Exploratory development data; second development iteration informed by Pilot 1; not independent confirmation; never pooled with the confirmatory held-out estimate,m-shift_gate_midpoint-e68b2bd3be,acnet2_pyr_soma,2,P06_ramp,spike_timing,,,189.8674728015419,2.5164009280051687
neuron_model_behavioral_validation,Neuraxis,development_pilot,PILOT2_PROTOCOL,Exploratory development data; second development iteration informed by Pilot 1; not independent confirmation; never pooled with the confirmatory held-out estimate,m-shift_gate_midpoint-e68b2bd3be,acnet2_pyr_soma,2,P09_short_pulse,trace_rmse,0.0,5.029496662314922,5.029496662314922,0.5
neuron_model_behavioral_validation,Neuraxis,development_pilot,PILOT2_PROTOCOL,Exploratory development data; second development iteration informed by Pilot 1; not independent confirmation; never pooled with the confirmatory held-out estimate,m-shift_gate_midpoint-e68b2bd3be,acnet2_pyr_soma,2,P09_short_pulse,spike_count,0.0,1.0,1.0,0.5
neuron_model_behavioral_validation,Neuraxis,development_pilot,PILOT2_PROTOCOL,Exploratory development data; second development iteration informed by Pilot 1; not independent confirmation; never pooled with the confirmatory held-out estimate,m-shift_gate_midpoint-3c7134e6ec,acnet2_pyr_soma,1,P00_canonical,spike_count,8.0,7.0,1.0,0.5
neuron_model_behavioral_validation,Neuraxis,development_pilot,PILOT2_PROTOCOL,Exploratory development data; second development iteration informed by Pilot 1; not independent confirmation; never pooled with the confirmatory held-out estimate,m-shift_gate_midpoint-3c7134e6ec,acnet2_pyr_soma,1,P04_step_2x,spike_timing,,,21.853579239362944,2.964025352945214
neuron_model_behavioral_validation,Neuraxis,development_pilot,PILOT2_PROTOCOL,Exploratory development data; second development iteration informed by Pilot 1; not independent confirmation; never pooled with the confirmatory held-out estimate,m-shift_gate_midpoint-3c7134e6ec,acnet2_pyr_soma,1,P05_long_step,spike_timing,,,52.67190302119252,8.522154839198265
neuron_model_behavioral_validation,Neuraxis,development_pilot,PILOT2_PROTOCOL,Exploratory development data; second development iteration informed by Pilot 1; not independent confirmation; never pooled with the confirmatory held-out estimate,m-shift_gate_midpoint-3c7134e6ec,acnet2_pyr_soma,1,P06_ramp,spike_timing,,,16.666386211163854,2.5164009280051687
neuron_model_behavioral_validation,Neuraxis,development_pilot,PILOT2_PROTOCOL,Exploratory development data; second development iteration informed by Pilot 1; not independent confirmation; never pooled with the confirmatory held-out estimate,m-shift_gate_midpoint-3c7134e6ec,acnet2_pyr_soma,2,P00_canonical,spike_count,8.0,7.0,1.0,0.5
neuron_model_behavioral_validation,Neuraxis,development_pilot,PILOT2_PROTOCOL,Exploratory development data; second development iteration informed by Pilot 1; not independent confirmation; never pooled with the confirmatory held-out estimate,m-shift_gate_midpoint-3c7134e6ec,acnet2_pyr_soma,2,P04_step_2x,spike_timing,,,22.934803717358136,2.964025352945214
neuron_model_behavioral_validation,Neuraxis,development_pilot,PILOT2_PROTOCOL,Exploratory development data; second development iteration informed by Pilot 1; not independent confirmation; never pooled with the confirmatory held-out estimate,m-shift_gate_midpoint-3c7134e6ec,acnet2_pyr_soma,2,P05_long_step,spike_timing,,,55.77998773105037,8.522154839198265
neuron_model_behavioral_validation,Neuraxis,development_pilot,PILOT2_PROTOCOL,Exploratory development data; second development iteration informed by Pilot 1; not independent confirmation; never pooled with the confirmatory held-out estimate,m-shift_gate_midpoint-3c7134e6ec,acnet2_pyr_soma,2,P06_ramp,spike_timing,,,17.540054750613535,2.5164009280051687
neuron_model_behavioral_validation,Neuraxis,development_pilot,PILOT2_PROTOCOL,Exploratory development data; second development iteration informed by Pilot 1; not independent confirmation; never pooled with the confirmatory held-out estimate,m-scale_gate_slope-d122bda225,acnet2_pyr_soma,1,P00_canonical,spike_count,8.0,7.0,1.0,0.5
neuron_model_behavioral_validation,Neuraxis,development_pilot,PILOT2_PROTOCOL,Exploratory development data; second development iteration informed by Pilot 1; not independent confirmation; never pooled with the confirmatory held-out estimate,m-scale_gate_slope-d122bda225,acnet2_pyr_soma,1,P02_weak_step,trace_rmse,0.0,5.0427423750545755,5.0427423750545755,0.5
neuron_model_behavioral_validation,Neuraxis,development_pilot,PILOT2_PROTOCOL,Exploratory development data; second development iteration informed by Pilot 1; not independent confirmation; never pooled with the confirmatory held-out estimate,m-scale_gate_slope-d122bda225,acnet2_pyr_soma,1,P02_weak_step,spike_count,0.0,1.0,1.0,0.5
neuron_model_behavioral_validation,Neuraxis,development_pilot,PILOT2_PROTOCOL,Exploratory development data; second development iteration informed by Pilot 1; not independent confirmation; never pooled with the confirmatory held-out estimate,m-scale_gate_slope-d122bda225,acnet2_pyr_soma,1,P04_step_2x,spike_count,2.0,1.0,1.0,0.5
neuron_model_behavioral_validation,Neuraxis,development_pilot,PILOT2_PROTOCOL,Exploratory development data; second development iteration informed by Pilot 1; not independent confirmation; never pooled with the confirmatory held-out estimate,m-scale_gate_slope-d122bda225,acnet2_pyr_soma,1,P05_long_step,spike_count,4.0,1.0,3.0,0.5
neuron_model_behavioral_validation,Neuraxis,development_pilot,PILOT2_PROTOCOL,Exploratory development data; second development iteration informed by Pilot 1; not independent confirmation; never pooled with the confirmatory held-out estimate,m-scale_gate_slope-d122bda225,acnet2_pyr_soma,1,P06_ramp,spike_count,2.0,1.0,1.0,0.5
neuron_model_behavioral_validation,Neuraxis,development_pilot,PILOT2_PROTOCOL,Exploratory development data; second development iteration informed by Pilot 1; not independent confirmation; never pooled with the confirmatory held-out estimate,m-scale_gate_slope-d122bda225,acnet2_pyr_soma,1,P07_hyperpolarizing_step,trace_rmse,0.0,4.363305779336342,4.363305779336342,0.5
neuron_model_behavioral_validation,Neuraxis,development_pilot,PILOT2_PROTOCOL,Exploratory development data; second development iteration informed by Pilot 1; not independent confirmation; never pooled with the confirmatory held-out estimate,m-scale_gate_slope-d122bda225,acnet2_pyr_soma,1,P07_hyperpolarizing_step,spike_count,0.0,1.0,1.0,0.5
neuron_model_behavioral_validation,Neuraxis,development_pilot,PILOT2_PROTOCOL,Exploratory development data; second development iteration informed by Pilot 1; not independent confirmation; never pooled with the confirmatory held-out estimate,m-scale_gate_slope-d122bda225,acnet2_pyr_soma,1,P08_rebound,trace_rmse,0.0,4.195639335498037,4.195639335498037,0.5
neuron_model_behavioral_validation,Neuraxis,development_pilot,PILOT2_PROTOCOL,Exploratory development data; second development iteration informed by Pilot 1; not independent confirmation; never pooled with the confirmatory held-out estimate,m-scale_gate_slope-d122bda225,acnet2_pyr_soma,1,P08_rebound,spike_count,0.0,1.0,1.0,0.5
neuron_model_behavioral_validation,Neuraxis,development_pilot,PILOT2_PROTOCOL,Exploratory development data; second development iteration informed by Pilot 1; not independent confirmation; never pooled with the confirmatory held-out estimate,m-scale_gate_slope-d122bda225,acnet2_pyr_soma,1,P09_short_pulse,trace_rmse,0.0,6.389914093762122,6.389914093762122,0.5
neuron_model_behavioral_validation,Neuraxis,development_pilot,PILOT2_PROTOCOL,Exploratory development data; second development iteration informed by Pilot 1; not independent confirmation; never pooled with the confirmatory held-out estimate,m-scale_gate_slope-d122bda225,acnet2_pyr_soma,1,P09_short_pulse,spike_count,0.0,1.0,1.0,0.5
neuron_model_behavioral_validation,Neuraxis,development_pilot,PILOT2_PROTOCOL,Exploratory development data; second development iteration informed by Pilot 1; not independent confirmation; never pooled with the confirmatory held-out estimate,m-scale_gate_slope-d122bda225,acnet2_pyr_soma,2,P00_canonical,spike_count,8.0,7.0,1.0,0.5
neuron_model_behavioral_validation,Neuraxis,development_pilot,PILOT2_PROTOCOL,Exploratory development data; second development iteration informed by Pilot 1; not independent confirmation; never pooled with the confirmatory held-out estimate,m-scale_gate_slope-d122bda225,acnet2_pyr_soma,2,P02_weak_step,trace_rmse,0.0,5.03482084992341,5.03482084992341,0.5
neuron_model_behavioral_validation,Neuraxis,development_pilot,PILOT2_PROTOCOL,Exploratory development data; second development iteration informed by Pilot 1; not independent confirmation; never pooled with the confirmatory held-out estimate,m-scale_gate_slope-d122bda225,acnet2_pyr_soma,2,P02_weak_step,spike_count,0.0,1.0,1.0,0.5
neuron_model_behavioral_validation,Neuraxis,development_pilot,PILOT2_PROTOCOL,Exploratory development data; second development iteration informed by Pilot 1; not independent confirmation; never pooled with the confirmatory held-out estimate,m-scale_gate_slope-d122bda225,acnet2_pyr_soma,2,P04_step_2x,spike_count,2.0,1.0,1.0,0.5
neuron_model_behavioral_validation,Neuraxis,development_pilot,PILOT2_PROTOCOL,Exploratory development data; second development iteration informed by Pilot 1; not independent confirmation; never pooled with the confirmatory held-out estimate,m-scale_gate_slope-d122bda225,acnet2_pyr_soma,2,P05_long_step,spike_count,4.0,1.0,3.0,0.5
neuron_model_behavioral_validation,Neuraxis,development_pilot,PILOT2_PROTOCOL,Exploratory development data; second development iteration informed by Pilot 1; not independent confirmation; never pooled with the confirmatory held-out estimate,m-scale_gate_slope-d122bda225,acnet2_pyr_soma,2,P06_ramp,spike_count,2.0,1.0,1.0,0.5
neuron_model_behavioral_validation,Neuraxis,development_pilot,PILOT2_PROTOCOL,Exploratory development data; second development iteration informed by Pilot 1; not independent confirmation; never pooled with the confirmatory held-out estimate,m-scale_gate_slope-d122bda225,acnet2_pyr_soma,2,P07_hyperpolarizing_step,trace_rmse,0.0,4.354847736872311,4.354847736872311,0.5
neuron_model_behavioral_validation,Neuraxis,development_pilot,PILOT2_PROTOCOL,Exploratory development data; second development iteration informed by Pilot 1; not independent confirmation; never pooled with the confirmatory held-out estimate,m-scale_gate_slope-d122bda225,acnet2_pyr_soma,2,P07_hyperpolarizing_step,spike_count,0.0,1.0,1.0,0.5
neuron_model_behavioral_validation,Neuraxis,development_pilot,PILOT2_PROTOCOL,Exploratory development data; second development iteration informed by Pilot 1; not independent confirmation; never pooled with the confirmatory held-out estimate,m-scale_gate_slope-d122bda225,acnet2_pyr_soma,2,P08_rebound,trace_rmse,0.0,4.187880429786301,4.187880429786301,0.5
neuron_model_behavioral_validation,Neuraxis,development_pilot,PILOT2_PROTOCOL,Exploratory development data; second development iteration informed by Pilot 1; not independent confirmation; never pooled with the confirmatory held-out estimate,m-scale_gate_slope-d122bda225,acnet2_pyr_soma,2,P08_rebound,spike_count,0.0,1.0,1.0,0.5
neuron_model_behavioral_validation,Neuraxis,development_pilot,PILOT2_PROTOCOL,Exploratory development data; second development iteration informed by Pilot 1; not independent confirmation; never pooled with the confirmatory held-out estimate,m-scale_gate_slope-d122bda225,acnet2_pyr_soma,2,P09_short_pulse,trace_rmse,0.0,6.37869812820011,6.37869812820011,0.5
neuron_model_behavioral_validation,Neuraxis,development_pilot,PILOT2_PROTOCOL,Exploratory development data; second development iteration informed by Pilot 1; not independent confirmation; never pooled with the confirmatory held-out estimate,m-scale_gate_slope-d122bda225,acnet2_pyr_soma,2,P09_short_pulse,spike_count,0.0,1.0,1.0,0.5
neuron_model_behavioral_validation,Neuraxis,development_pilot,PILOT2_PROTOCOL,Exploratory development data; second development iteration informed by Pilot 1; not independent confirmation; never pooled with the confirmatory held-out estimate,m-shift_forward_rate_midpoint-26075274d4,acnet2_pyr_soma,1,P00_canonical,spike_timing,,,57.07595093067236,5.606006386408808
neuron_model_behavioral_validation,Neuraxis,development_pilot,PILOT2_PROTOCOL,Exploratory development data; second development iteration informed by Pilot 1; not independent confirmation; never pooled with the confirmatory held-out estimate,m-shift_forward_rate_midpoint-26075274d4,acnet2_pyr_soma,1,P02_weak_step,trace_rmse,0.0,4.269893751179573,4.269893751179573,0.5
neuron_model_behavioral_validation,Neuraxis,development_pilot,PILOT2_PROTOCOL,Exploratory development data; second development iteration informed by Pilot 1; not independent confirmation; never pooled with the confirmatory held-out estimate,m-shift_forward_rate_midpoint-26075274d4,acnet2_pyr_soma,1,P02_weak_step,spike_count,0.0,1.0,1.0,0.5
neuron_model_behavioral_validation,Neuraxis,development_pilot,PILOT2_PROTOCOL,Exploratory development data; second development iteration informed by Pilot 1; not independent confirmation; never pooled with the confirmatory held-out estimate,m-shift_forward_rate_midpoint-26075274d4,acnet2_pyr_soma,1,P04_step_2x,spike_timing,,,335.6998656916656,2.964025352945214
neuron_model_behavioral_validation,Neuraxis,development_pilot,PILOT2_PROTOCOL,Exploratory development data; second development iteration informed by Pilot 1; not independent confirmation; never pooled with the confirmatory held-out estimate,m-shift_forward_rate_midpoint-26075274d4,acnet2_pyr_soma,1,P05_long_step,spike_count,4.0,6.0,2.0,0.5
neuron_model_behavioral_validation,Neuraxis,development_pilot,PILOT2_PROTOCOL,Exploratory development data; second development iteration informed by Pilot 1; not independent confirmation; never pooled with the confirmatory held-out estimate,m-shift_forward_rate_midpoint-26075274d4,acnet2_pyr_soma,1,P06_ramp,trace_rmse,0.0,7.139626861438682,7.139626861438682,6.8539958633114875
neuron_model_behavioral_validation,Neuraxis,development_pilot,PILOT2_PROTOCOL,Exploratory development data; second development iteration informed by Pilot 1; not independent confirmation; never pooled with the confirmatory held-out estimate,m-shift_forward_rate_midpoint-26075274d4,acnet2_pyr_soma,1,P06_ramp,spike_count,2.0,3.0,1.0,0.5
neuron_model_behavioral_validation,Neuraxis,development_pilot,PILOT2_PROTOCOL,Exploratory development data; second development iteration informed by Pilot 1; not independent confirmation; never pooled with the confirmatory held-out estimate,m-shift_forward_rate_midpoint-26075274d4,acnet2_pyr_soma,1,P07_hyperpolarizing_step,trace_rmse,0.0,4.109115439199714,4.109115439199714,0.5
neuron_model_behavioral_validation,Neuraxis,development_pilot,PILOT2_PROTOCOL,Exploratory development data; second development iteration informed by Pilot 1; not independent confirmation; never pooled with the confirmatory held-out estimate,m-shift_forward_rate_midpoint-26075274d4,acnet2_pyr_soma,1,P07_hyperpolarizing_step,spike_count,0.0,1.0,1.0,0.5
neuron_model_behavioral_validation,Neuraxis,development_pilot,PILOT2_PROTOCOL,Exploratory development data; second development iteration informed by Pilot 1; not independent confirmation; never pooled with the confirmatory held-out estimate,m-shift_forward_rate_midpoint-26075274d4,acnet2_pyr_soma,1,P08_rebound,trace_rmse,0.0,3.881805132193059,3.881805132193059,0.5
neuron_model_behavioral_validation,Neuraxis,development_pilot,PILOT2_PROTOCOL,Exploratory development data; second development iteration informed by Pilot 1; not independent confirmation; never pooled with the confirmatory held-out estimate,m-shift_forward_rate_midpoint-26075274d4,acnet2_pyr_soma,1,P08_rebound,spike_count,0.0,1.0,1.0,0.5
neuron_model_behavioral_validation,Neuraxis,development_pilot,PILOT2_PROTOCOL,Exploratory development data; second development iteration informed by Pilot 1; not independent confirmation; never pooled with the confirmatory held-out estimate,m-shift_forward_rate_midpoint-26075274d4,acnet2_pyr_soma,1,P09_short_pulse,trace_rmse,0.0,6.173393648129744,6.173393648129744,0.5
neuron_model_behavioral_validation,Neuraxis,development_pilot,PILOT2_PROTOCOL,Exploratory development data; second development iteration informed by Pilot 1; not independent confirmation; never pooled with the confirmatory held-out estimate,m-shift_forward_rate_midpoint-26075274d4,acnet2_pyr_soma,1,P09_short_pulse,spike_count,0.0,1.0,1.0,0.5
neuron_model_behavioral_validation,Neuraxis,development_pilot,PILOT2_PROTOCOL,Exploratory development data; second development iteration informed by Pilot 1; not independent confirmation; never pooled with the confirmatory held-out estimate,m-shift_forward_rate_midpoint-26075274d4,acnet2_pyr_soma,2,P00_canonical,spike_timing,,,57.10069791453518,5.606006386408808
neuron_model_behavioral_validation,Neuraxis,development_pilot,PILOT2_PROTOCOL,Exploratory development data; second development iteration informed by Pilot 1; not independent confirmation; never pooled with the confirmatory held-out estimate,m-shift_forward_rate_midpoint-26075274d4,acnet2_pyr_soma,2,P02_weak_step,trace_rmse,0.0,4.260058423902314,4.260058423902314,0.5
neuron_model_behavioral_validation,Neuraxis,development_pilot,PILOT2_PROTOCOL,Exploratory development data; second development iteration informed by Pilot 1; not independent confirmation; never pooled with the confirmatory held-out estimate,m-shift_forward_rate_midpoint-26075274d4,acnet2_pyr_soma,2,P02_weak_step,spike_count,0.0,1.0,1.0,0.5
neuron_model_behavioral_validation,Neuraxis,development_pilot,PILOT2_PROTOCOL,Exploratory development data; second development iteration informed by Pilot 1; not independent confirmation; never pooled with the confirmatory held-out estimate,m-shift_forward_rate_midpoint-26075274d4,acnet2_pyr_soma,2,P04_step_2x,spike_timing,,,335.65331465054726,2.964025352945214
neuron_model_behavioral_validation,Neuraxis,development_pilot,PILOT2_PROTOCOL,Exploratory development data; second development iteration informed by Pilot 1; not independent confirmation; never pooled with the confirmatory held-out estimate,m-shift_forward_rate_midpoint-26075274d4,acnet2_pyr_soma,2,P05_long_step,spike_count,4.0,6.0,2.0,0.5
neuron_model_behavioral_validation,Neuraxis,development_pilot,PILOT2_PROTOCOL,Exploratory development data; second development iteration informed by Pilot 1; not independent confirmation; never pooled with the confirmatory held-out estimate,m-shift_forward_rate_midpoint-26075274d4,acnet2_pyr_soma,2,P06_ramp,trace_rmse,0.0,7.1253932067624435,7.1253932067624435,6.8539958633114875
neuron_model_behavioral_validation,Neuraxis,development_pilot,PILOT2_PROTOCOL,Exploratory development data; second development iteration informed by Pilot 1; not independent confirmation; never pooled with the confirmatory held-out estimate,m-shift_forward_rate_midpoint-26075274d4,acnet2_pyr_soma,2,P06_ramp,spike_count,2.0,3.0,1.0,0.5
neuron_model_behavioral_validation,Neuraxis,development_pilot,PILOT2_PROTOCOL,Exploratory development data; second development iteration informed by Pilot 1; not independent confirmation; never pooled with the confirmatory held-out estimate,m-shift_forward_rate_midpoint-26075274d4,acnet2_pyr_soma,2,P07_hyperpolarizing_step,trace_rmse,0.0,4.100528812681089,4.100528812681089,0.5
neuron_model_behavioral_validation,Neuraxis,development_pilot,PILOT2_PROTOCOL,Exploratory development data; second development iteration informed by Pilot 1; not independent confirmation; never pooled with the confirmatory held-out estimate,m-shift_forward_rate_midpoint-26075274d4,acnet2_pyr_soma,2,P07_hyperpolarizing_step,spike_count,0.0,1.0,1.0,0.5
neuron_model_behavioral_validation,Neuraxis,development_pilot,PILOT2_PROTOCOL,Exploratory development data; second development iteration informed by Pilot 1; not independent confirmation; never pooled with the confirmatory held-out estimate,m-shift_forward_rate_midpoint-26075274d4,acnet2_pyr_soma,2,P08_rebound,trace_rmse,0.0,3.8740197512156485,3.8740197512156485,0.5
neuron_model_behavioral_validation,Neuraxis,development_pilot,PILOT2_PROTOCOL,Exploratory development data; second development iteration informed by Pilot 1; not independent confirmation; never pooled with the confirmatory held-out estimate,m-shift_forward_rate_midpoint-26075274d4,acnet2_pyr_soma,2,P08_rebound,spike_count,0.0,1.0,1.0,0.5
neuron_model_behavioral_validation,Neuraxis,development_pilot,PILOT2_PROTOCOL,Exploratory development data; second development iteration informed by Pilot 1; not independent confirmation; never pooled with the confirmatory held-out estimate,m-shift_forward_rate_midpoint-26075274d4,acnet2_pyr_soma,2,P09_short_pulse,trace_rmse,0.0,6.161232737997908,6.161232737997908,0.5
neuron_model_behavioral_validation,Neuraxis,development_pilot,PILOT2_PROTOCOL,Exploratory development data; second development iteration informed by Pilot 1; not independent confirmation; never pooled with the confirmatory held-out estimate,m-shift_forward_rate_midpoint-26075274d4,acnet2_pyr_soma,2,P09_short_pulse,spike_count,0.0,1.0,1.0,0.5
neuron_model_behavioral_validation,Neuraxis,development_pilot,PILOT2_PROTOCOL,Exploratory development data; second development iteration informed by Pilot 1; not independent confirmation; never pooled with the confirmatory held-out estimate,m-increase_dt-22bc5325eb,acnet2_pyr_soma,1,P00_canonical,spike_timing,,,11.416220930495115,5.606006386408808
neuron_model_behavioral_validation,Neuraxis,development_pilot,PILOT2_PROTOCOL,Exploratory development data; second development iteration informed by Pilot 1; not independent confirmation; never pooled with the confirmatory held-out estimate,m-increase_dt-22bc5325eb,acnet2_pyr_soma,1,P04_step_2x,spike_timing,,,5.96982554025908,2.964025352945214
neuron_model_behavioral_validation,Neuraxis,development_pilot,PILOT2_PROTOCOL,Exploratory development data; second development iteration informed by Pilot 1; not independent confirmation; never pooled with the confirmatory held-out estimate,m-increase_dt-22bc5325eb,acnet2_pyr_soma,1,P05_long_step,spike_timing,,,17.278248129667645,8.522154839198265
neuron_model_behavioral_validation,Neuraxis,development_pilot,PILOT2_PROTOCOL,Exploratory development data; second development iteration informed by Pilot 1; not independent confirmation; never pooled with the confirmatory held-out estimate,m-increase_dt-22bc5325eb,acnet2_pyr_soma,1,P06_ramp,spike_timing,,,5.083656766917102,2.5164009280051687
neuron_model_behavioral_validation,Neuraxis,development_pilot,PILOT2_PROTOCOL,Exploratory development data; second development iteration informed by Pilot 1; not independent confirmation; never pooled with the confirmatory held-out estimate,m-increase_dt-22bc5325eb,acnet2_pyr_soma,2,P00_canonical,spike_timing,,,5.6293914329882,5.606006386408808
neuron_model_behavioral_validation,Neuraxis,development_pilot,PILOT2_PROTOCOL,Exploratory development data; second development iteration informed by Pilot 1; not independent confirmation; never pooled with the confirmatory held-out estimate,m-increase_dt-22bc5325eb,acnet2_pyr_soma,2,P05_long_step,spike_timing,,,8.53926664091341,8.522154839198265
neuron_model_behavioral_validation,Neuraxis,development_pilot,PILOT2_PROTOCOL,Exploratory development data; second development iteration informed by Pilot 1; not independent confirmation; never pooled with the confirmatory held-out estimate,m-increase_dt-22bc5325eb,acnet2_pyr_soma,2,P06_ramp,spike_timing,,,2.520709858324153,2.5164009280051687
neuron_model_behavioral_validation,Neuraxis,development_pilot,PILOT2_PROTOCOL,Exploratory development data; second development iteration informed by Pilot 1; not independent confirmation; never pooled with the confirmatory held-out estimate,m-wrong_channel-749374c5d2,acnet2_pyr_soma,1,P00_canonical,trace_rmse,0.0,72.16677591745756,72.16677591745756,24.795955769460093
neuron_model_behavioral_validation,Neuraxis,development_pilot,PILOT2_PROTOCOL,Exploratory development data; second development iteration informed by Pilot 1; not independent confirmation; never pooled with the confirmatory held-out estimate,m-wrong_channel-749374c5d2,acnet2_pyr_soma,1,P00_canonical,spike_count,8.0,1.0,7.0,0.5
neuron_model_behavioral_validation,Neuraxis,development_pilot,PILOT2_PROTOCOL,Exploratory development data; second development iteration informed by Pilot 1; not independent confirmation; never pooled with the confirmatory held-out estimate,m-wrong_channel-749374c5d2,acnet2_pyr_soma,1,P02_weak_step,trace_rmse,0.0,73.84729409517726,73.84729409517726,0.5
neuron_model_behavioral_validation,Neuraxis,development_pilot,PILOT2_PROTOCOL,Exploratory development data; second development iteration informed by Pilot 1; not independent confirmation; never pooled with the confirmatory held-out estimate,m-wrong_channel-749374c5d2,acnet2_pyr_soma,1,P02_weak_step,spike_count,0.0,1.0,1.0,0.5
neuron_model_behavioral_validation,Neuraxis,development_pilot,PILOT2_PROTOCOL,Exploratory development data; second development iteration informed by Pilot 1; not independent confirmation; never pooled with the confirmatory held-out estimate,m-wrong_channel-749374c5d2,acnet2_pyr_soma,1,P04_step_2x,trace_rmse,0.0,75.96014691578408,75.96014691578408,8.796759332949554
neuron_model_behavioral_validation,Neuraxis,development_pilot,PILOT2_PROTOCOL,Exploratory development data; second development iteration informed by Pilot 1; not independent confirmation; never pooled with the confirmatory held-out estimate,m-wrong_channel-749374c5d2,acnet2_pyr_soma,1,P04_step_2x,spike_count,2.0,1.0,1.0,0.5
neuron_model_behavioral_validation,Neuraxis,development_pilot,PILOT2_PROTOCOL,Exploratory development data; second development iteration informed by Pilot 1; not independent confirmation; never pooled with the confirmatory held-out estimate,m-wrong_channel-749374c5d2,acnet2_pyr_soma,1,P05_long_step,trace_rmse,0.0,75.01865918208405,75.01865918208405,10.952105340208792
neuron_model_behavioral_validation,Neuraxis,development_pilot,PILOT2_PROTOCOL,Exploratory development data; second development iteration informed by Pilot 1; not independent confirmation; never pooled with the confirmatory held-out estimate,m-wrong_channel-749374c5d2,acnet2_pyr_soma,1,P05_long_step,spike_count,4.0,1.0,3.0,0.5
neuron_model_behavioral_validation,Neuraxis,development_pilot,PILOT2_PROTOCOL,Exploratory development data; second development iteration informed by Pilot 1; not independent confirmation; never pooled with the confirmatory held-out estimate,m-wrong_channel-749374c5d2,acnet2_pyr_soma,1,P06_ramp,trace_rmse,0.0,74.81171801528947,74.81171801528947,6.8539958633114875
neuron_model_behavioral_validation,Neuraxis,development_pilot,PILOT2_PROTOCOL,Exploratory development data; second development iteration informed by Pilot 1; not independent confirmation; never pooled with the confirmatory held-out estimate,m-wrong_channel-749374c5d2,acnet2_pyr_soma,1,P06_ramp,spike_count,2.0,1.0,1.0,0.5
neuron_model_behavioral_validation,Neuraxis,development_pilot,PILOT2_PROTOCOL,Exploratory development data; second development iteration informed by Pilot 1; not independent confirmation; never pooled with the confirmatory held-out estimate,m-wrong_channel-749374c5d2,acnet2_pyr_soma,1,P07_hyperpolarizing_step,trace_rmse,0.0,76.14505380127758,76.14505380127758,0.5
neuron_model_behavioral_validation,Neuraxis,development_pilot,PILOT2_PROTOCOL,Exploratory development data; second development iteration informed by Pilot 1; not independent confirmation; never pooled with the confirmatory held-out estimate,m-wrong_channel-749374c5d2,acnet2_pyr_soma,1,P07_hyperpolarizing_step,spike_count,0.0,1.0,1.0,0.5
neuron_model_behavioral_validation,Neuraxis,development_pilot,PILOT2_PROTOCOL,Exploratory development data; second development iteration informed by Pilot 1; not independent confirmation; never pooled with the confirmatory held-out estimate,m-wrong_channel-749374c5d2,acnet2_pyr_soma,1,P08_rebound,trace_rmse,0.0,77.64124610299103,77.64124610299103,0.5
neuron_model_behavioral_validation,Neuraxis,development_pilot,PILOT2_PROTOCOL,Exploratory development data; second development iteration informed by Pilot 1; not independent confirmation; never pooled with the confirmatory held-out estimate,m-wrong_channel-749374c5d2,acnet2_pyr_soma,1,P08_rebound,spike_count,0.0,1.0,1.0,0.5
neuron_model_behavioral_validation,Neuraxis,development_pilot,PILOT2_PROTOCOL,Exploratory development data; second development iteration informed by Pilot 1; not independent confirmation; never pooled with the confirmatory held-out estimate,m-wrong_channel-749374c5d2,acnet2_pyr_soma,1,P09_short_pulse,trace_rmse,0.0,74.55578201344713,74.55578201344713,0.5
neuron_model_behavioral_validation,Neuraxis,development_pilot,PILOT2_PROTOCOL,Exploratory development data; second development iteration informed by Pilot 1; not independent confirmation; never pooled with the confirmatory held-out estimate,m-wrong_channel-749374c5d2,acnet2_pyr_soma,1,P09_short_pulse,spike_count,0.0,1.0,1.0,0.5
neuron_model_behavioral_validation,Neuraxis,development_pilot,PILOT2_PROTOCOL,Exploratory development data; second development iteration informed by Pilot 1; not independent confirmation; never pooled with the confirmatory held-out estimate,m-wrong_channel-749374c5d2,acnet2_pyr_soma,2,P00_canonical,trace_rmse,0.0,72.1614226282958,72.1614226282958,24.795955769460093
neuron_model_behavioral_validation,Neuraxis,development_pilot,PILOT2_PROTOCOL,Exploratory development data; second development iteration informed by Pilot 1; not independent confirmation; never pooled with the confirmatory held-out estimate,m-wrong_channel-749374c5d2,acnet2_pyr_soma,2,P00_canonical,spike_count,8.0,1.0,7.0,0.5
neuron_model_behavioral_validation,Neuraxis,development_pilot,PILOT2_PROTOCOL,Exploratory development data; second development iteration informed by Pilot 1; not independent confirmation; never pooled with the confirmatory held-out estimate,m-wrong_channel-749374c5d2,acnet2_pyr_soma,2,P02_weak_step,trace_rmse,0.0,73.84704317067143,73.84704317067143,0.5
neuron_model_behavioral_validation,Neuraxis,development_pilot,PILOT2_PROTOCOL,Exploratory development data; second development iteration informed by Pilot 1; not independent confirmation; never pooled with the confirmatory held-out estimate,m-wrong_channel-749374c5d2,acnet2_pyr_soma,2,P02_weak_step,spike_count,0.0,1.0,1.0,0.5
neuron_model_behavioral_validation,Neuraxis,development_pilot,PILOT2_PROTOCOL,Exploratory development data; second development iteration informed by Pilot 1; not independent confirmation; never pooled with the confirmatory held-out estimate,m-wrong_channel-749374c5d2,acnet2_pyr_soma,2,P04_step_2x,trace_rmse,0.0,75.95591298575712,75.95591298575712,8.796759332949554
neuron_model_behavioral_validation,Neuraxis,development_pilot,PILOT2_PROTOCOL,Exploratory development data; second development iteration informed by Pilot 1; not independent confirmation; never pooled with the confirmatory held-out estimate,m-wrong_channel-749374c5d2,acnet2_pyr_soma,2,P04_step_2x,spike_count,2.0,1.0,1.0,0.5
neuron_model_behavioral_validation,Neuraxis,development_pilot,PILOT2_PROTOCOL,Exploratory development data; second development iteration informed by Pilot 1; not independent confirmation; never pooled with the confirmatory held-out estimate,m-wrong_channel-749374c5d2,acnet2_pyr_soma,2,P05_long_step,trace_rmse,0.0,75.00981368008277,75.00981368008277,10.952105340208792
neuron_model_behavioral_validation,Neuraxis,development_pilot,PILOT2_PROTOCOL,Exploratory development data; second development iteration informed by Pilot 1; not independent confirmation; never pooled with the confirmatory held-out estimate,m-wrong_channel-749374c5d2,acnet2_pyr_soma,2,P05_long_step,spike_count,4.0,1.0,3.0,0.5
neuron_model_behavioral_validation,Neuraxis,development_pilot,PILOT2_PROTOCOL,Exploratory development data; second development iteration informed by Pilot 1; not independent confirmation; never pooled with the confirmatory held-out estimate,m-wrong_channel-749374c5d2,acnet2_pyr_soma,2,P06_ramp,trace_rmse,0.0,74.80653577689182,74.80653577689182,6.8539958633114875
neuron_model_behavioral_validation,Neuraxis,development_pilot,PILOT2_PROTOCOL,Exploratory development data; second development iteration informed by Pilot 1; not independent confirmation; never pooled with the confirmatory held-out estimate,m-wrong_channel-749374c5d2,acnet2_pyr_soma,2,P06_ramp,spike_count,2.0,1.0,1.0,0.5
neuron_model_behavioral_validation,Neuraxis,development_pilot,PILOT2_PROTOCOL,Exploratory development data; second development iteration informed by Pilot 1; not independent confirmation; never pooled with the confirmatory held-out estimate,m-wrong_channel-749374c5d2,acnet2_pyr_soma,2,P07_hyperpolarizing_step,trace_rmse,0.0,76.14483007596885,76.14483007596885,0.5
neuron_model_behavioral_validation,Neuraxis,development_pilot,PILOT2_PROTOCOL,Exploratory development data; second development iteration informed by Pilot 1; not independent confirmation; never pooled with the confirmatory held-out estimate,m-wrong_channel-749374c5d2,acnet2_pyr_soma,2,P07_hyperpolarizing_step,spike_count,0.0,1.0,1.0,0.5
neuron_model_behavioral_validation,Neuraxis,development_pilot,PILOT2_PROTOCOL,Exploratory development data; second development iteration informed by Pilot 1; not independent confirmation; never pooled with the confirmatory held-out estimate,m-wrong_channel-749374c5d2,acnet2_pyr_soma,2,P08_rebound,trace_rmse,0.0,77.6410637694673,77.6410637694673,0.5
neuron_model_behavioral_validation,Neuraxis,development_pilot,PILOT2_PROTOCOL,Exploratory development data; second development iteration informed by Pilot 1; not independent confirmation; never pooled with the confirmatory held-out estimate,m-wrong_channel-749374c5d2,acnet2_pyr_soma,2,P08_rebound,spike_count,0.0,1.0,1.0,0.5
neuron_model_behavioral_validation,Neuraxis,development_pilot,PILOT2_PROTOCOL,Exploratory development data; second development iteration informed by Pilot 1; not independent confirmation; never pooled with the confirmatory held-out estimate,m-wrong_channel-749374c5d2,acnet2_pyr_soma,2,P09_short_pulse,trace_rmse,0.0,74.55418982923293,74.55418982923293,0.5
neuron_model_behavioral_validation,Neuraxis,development_pilot,PILOT2_PROTOCOL,Exploratory development data; second development iteration informed by Pilot 1; not independent confirmation; never pooled with the confirmatory held-out estimate,m-wrong_channel-749374c5d2,acnet2_pyr_soma,2,P09_short_pulse,spike_count,0.0,1.0,1.0,0.5
neuron_model_behavioral_validation,Neuraxis,development_pilot,PILOT2_PROTOCOL,Exploratory development data; second development iteration informed by Pilot 1; not independent confirmation; never pooled with the confirmatory held-out estimate,m-duplicate_conductance-bdd4b1d9e1,acnet2_pyr_soma,1,P00_canonical,spike_count,8.0,11.0,3.0,0.5
neuron_model_behavioral_validation,Neuraxis,development_pilot,PILOT2_PROTOCOL,Exploratory development data; second development iteration informed by Pilot 1; not independent confirmation; never pooled with the confirmatory held-out estimate,m-duplicate_conductance-bdd4b1d9e1,acnet2_pyr_soma,1,P02_weak_step,trace_rmse,0.0,0.8611242667818756,0.8611242667818756,0.5
neuron_model_behavioral_validation,Neuraxis,development_pilot,PILOT2_PROTOCOL,Exploratory development data; second development iteration informed by Pilot 1; not independent confirmation; never pooled with the confirmatory held-out estimate,m-duplicate_conductance-bdd4b1d9e1,acnet2_pyr_soma,1,P04_step_2x,spike_count,2.0,0.0,2.0,0.5
neuron_model_behavioral_validation,Neuraxis,development_pilot,PILOT2_PROTOCOL,Exploratory development data; second development iteration informed by Pilot 1; not independent confirmation; never pooled with the confirmatory held-out estimate,m-duplicate_conductance-bdd4b1d9e1,acnet2_pyr_soma,1,P05_long_step,spike_count,4.0,0.0,4.0,0.5
neuron_model_behavioral_validation,Neuraxis,development_pilot,PILOT2_PROTOCOL,Exploratory development data; second development iteration informed by Pilot 1; not independent confirmation; never pooled with the confirmatory held-out estimate,m-duplicate_conductance-bdd4b1d9e1,acnet2_pyr_soma,1,P06_ramp,spike_count,2.0,0.0,2.0,0.5
neuron_model_behavioral_validation,Neuraxis,development_pilot,PILOT2_PROTOCOL,Exploratory development data; second development iteration informed by Pilot 1; not independent confirmation; never pooled with the confirmatory held-out estimate,m-duplicate_conductance-bdd4b1d9e1,acnet2_pyr_soma,1,P07_hyperpolarizing_step,trace_rmse,0.0,0.6373975549161598,0.6373975549161598,0.5
neuron_model_behavioral_validation,Neuraxis,development_pilot,PILOT2_PROTOCOL,Exploratory development data; second development iteration informed by Pilot 1; not independent confirmation; never pooled with the confirmatory held-out estimate,m-duplicate_conductance-bdd4b1d9e1,acnet2_pyr_soma,1,P08_rebound,trace_rmse,0.0,0.6375519233044997,0.6375519233044997,0.5
neuron_model_behavioral_validation,Neuraxis,development_pilot,PILOT2_PROTOCOL,Exploratory development data; second development iteration informed by Pilot 1; not independent confirmation; never pooled with the confirmatory held-out estimate,m-duplicate_conductance-bdd4b1d9e1,acnet2_pyr_soma,1,P09_short_pulse,trace_rmse,0.0,1.254577330675607,1.254577330675607,0.5
neuron_model_behavioral_validation,Neuraxis,development_pilot,PILOT2_PROTOCOL,Exploratory development data; second development iteration informed by Pilot 1; not independent confirmation; never pooled with the confirmatory held-out estimate,m-duplicate_conductance-bdd4b1d9e1,acnet2_pyr_soma,2,P00_canonical,spike_count,8.0,11.0,3.0,0.5
neuron_model_behavioral_validation,Neuraxis,development_pilot,PILOT2_PROTOCOL,Exploratory development data; second development iteration informed by Pilot 1; not independent confirmation; never pooled with the confirmatory held-out estimate,m-duplicate_conductance-bdd4b1d9e1,acnet2_pyr_soma,2,P02_weak_step,trace_rmse,0.0,0.86111360513505,0.86111360513505,0.5
neuron_model_behavioral_validation,Neuraxis,development_pilot,PILOT2_PROTOCOL,Exploratory development data; second development iteration informed by Pilot 1; not independent confirmation; never pooled with the confirmatory held-out estimate,m-duplicate_conductance-bdd4b1d9e1,acnet2_pyr_soma,2,P04_step_2x,spike_count,2.0,0.0,2.0,0.5
neuron_model_behavioral_validation,Neuraxis,development_pilot,PILOT2_PROTOCOL,Exploratory development data; second development iteration informed by Pilot 1; not independent confirmation; never pooled with the confirmatory held-out estimate,m-duplicate_conductance-bdd4b1d9e1,acnet2_pyr_soma,2,P05_long_step,spike_count,4.0,0.0,4.0,0.5
neuron_model_behavioral_validation,Neuraxis,development_pilot,PILOT2_PROTOCOL,Exploratory development data; second development iteration informed by Pilot 1; not independent confirmation; never pooled with the confirmatory held-out estimate,m-duplicate_conductance-bdd4b1d9e1,acnet2_pyr_soma,2,P06_ramp,spike_count,2.0,0.0,2.0,0.5
neuron_model_behavioral_validation,Neuraxis,development_pilot,PILOT2_PROTOCOL,Exploratory development data; second development iteration informed by Pilot 1; not independent confirmation; never pooled with the confirmatory held-out estimate,m-duplicate_conductance-bdd4b1d9e1,acnet2_pyr_soma,2,P07_hyperpolarizing_step,trace_rmse,0.0,0.6373795179446186,0.6373795179446186,0.5
neuron_model_behavioral_validation,Neuraxis,development_pilot,PILOT2_PROTOCOL,Exploratory development data; second development iteration informed by Pilot 1; not independent confirmation; never pooled with the confirmatory held-out estimate,m-duplicate_conductance-bdd4b1d9e1,acnet2_pyr_soma,2,P08_rebound,trace_rmse,0.0,0.6375324224343147,0.6375324224343147,0.5
neuron_model_behavioral_validation,Neuraxis,development_pilot,PILOT2_PROTOCOL,Exploratory development data; second development iteration informed by Pilot 1; not independent confirmation; never pooled with the confirmatory held-out estimate,m-duplicate_conductance-bdd4b1d9e1,acnet2_pyr_soma,2,P09_short_pulse,trace_rmse,0.0,1.2584201777753572,1.2584201777753572,0.5
neuron_model_behavioral_validation,Neuraxis,development_pilot,PILOT2_PROTOCOL,Exploratory development data; second development iteration informed by Pilot 1; not independent confirmation; never pooled with the confirmatory held-out estimate,m-wrong_compatible_component-a38cf2a7ad,acnet2_pyr_soma,1,P00_canonical,spike_count,8.0,1.0,7.0,0.5
neuron_model_behavioral_validation,Neuraxis,development_pilot,PILOT2_PROTOCOL,Exploratory development data; second development iteration informed by Pilot 1; not independent confirmation; never pooled with the confirmatory held-out estimate,m-wrong_compatible_component-a38cf2a7ad,acnet2_pyr_soma,1,P02_weak_step,trace_rmse,0.0,5.892394216029595,5.892394216029595,0.5
neuron_model_behavioral_validation,Neuraxis,development_pilot,PILOT2_PROTOCOL,Exploratory development data; second development iteration informed by Pilot 1; not independent confirmation; never pooled with the confirmatory held-out estimate,m-wrong_compatible_component-a38cf2a7ad,acnet2_pyr_soma,1,P04_step_2x,spike_count,2.0,0.0,2.0,0.5
neuron_model_behavioral_validation,Neuraxis,development_pilot,PILOT2_PROTOCOL,Exploratory development data; second development iteration informed by Pilot 1; not independent confirmation; never pooled with the confirmatory held-out estimate,m-wrong_compatible_component-a38cf2a7ad,acnet2_pyr_soma,1,P05_long_step,spike_count,4.0,0.0,4.0,0.5
neuron_model_behavioral_validation,Neuraxis,development_pilot,PILOT2_PROTOCOL,Exploratory development data; second development iteration informed by Pilot 1; not independent confirmation; never pooled with the confirmatory held-out estimate,m-wrong_compatible_component-a38cf2a7ad,acnet2_pyr_soma,1,P06_ramp,spike_count,2.0,0.0,2.0,0.5
neuron_model_behavioral_validation,Neuraxis,development_pilot,PILOT2_PROTOCOL,Exploratory development data; second development iteration informed by Pilot 1; not independent confirmation; never pooled with the confirmatory held-out estimate,m-wrong_compatible_component-a38cf2a7ad,acnet2_pyr_soma,1,P07_hyperpolarizing_step,trace_rmse,0.0,4.3650742365891935,4.3650742365891935,0.5
neuron_model_behavioral_validation,Neuraxis,development_pilot,PILOT2_PROTOCOL,Exploratory development data; second development iteration informed by Pilot 1; not independent confirmation; never pooled with the confirmatory held-out estimate,m-wrong_compatible_component-a38cf2a7ad,acnet2_pyr_soma,1,P08_rebound,trace_rmse,0.0,4.011854273084708,4.011854273084708,0.5
neuron_model_behavioral_validation,Neuraxis,development_pilot,PILOT2_PROTOCOL,Exploratory development data; second development iteration informed by Pilot 1; not independent confirmation; never pooled with the confirmatory held-out estimate,m-wrong_compatible_component-a38cf2a7ad,acnet2_pyr_soma,1,P09_short_pulse,trace_rmse,0.0,5.785323778353364,5.785323778353364,0.5
neuron_model_behavioral_validation,Neuraxis,development_pilot,PILOT2_PROTOCOL,Exploratory development data; second development iteration informed by Pilot 1; not independent confirmation; never pooled with the confirmatory held-out estimate,m-wrong_compatible_component-a38cf2a7ad,acnet2_pyr_soma,2,P00_canonical,spike_count,8.0,1.0,7.0,0.5
neuron_model_behavioral_validation,Neuraxis,development_pilot,PILOT2_PROTOCOL,Exploratory development data; second development iteration informed by Pilot 1; not independent confirmation; never pooled with the confirmatory held-out estimate,m-wrong_compatible_component-a38cf2a7ad,acnet2_pyr_soma,2,P02_weak_step,trace_rmse,0.0,5.892361819460809,5.892361819460809,0.5
neuron_model_behavioral_validation,Neuraxis,development_pilot,PILOT2_PROTOCOL,Exploratory development data; second development iteration informed by Pilot 1; not independent confirmation; never pooled with the confirmatory held-out estimate,m-wrong_compatible_component-a38cf2a7ad,acnet2_pyr_soma,2,P04_step_2x,spike_count,2.0,0.0,2.0,0.5
neuron_model_behavioral_validation,Neuraxis,development_pilot,PILOT2_PROTOCOL,Exploratory development data; second development iteration informed by Pilot 1; not independent confirmation; never pooled with the confirmatory held-out estimate,m-wrong_compatible_component-a38cf2a7ad,acnet2_pyr_soma,2,P05_long_step,spike_count,4.0,0.0,4.0,0.5
neuron_model_behavioral_validation,Neuraxis,development_pilot,PILOT2_PROTOCOL,Exploratory development data; second development iteration informed by Pilot 1; not independent confirmation; never pooled with the confirmatory held-out estimate,m-wrong_compatible_component-a38cf2a7ad,acnet2_pyr_soma,2,P06_ramp,spike_count,2.0,0.0,2.0,0.5
neuron_model_behavioral_validation,Neuraxis,development_pilot,PILOT2_PROTOCOL,Exploratory development data; second development iteration informed by Pilot 1; not independent confirmation; never pooled with the confirmatory held-out estimate,m-wrong_compatible_component-a38cf2a7ad,acnet2_pyr_soma,2,P07_hyperpolarizing_step,trace_rmse,0.0,4.365015291487628,4.365015291487628,0.5
neuron_model_behavioral_validation,Neuraxis,development_pilot,PILOT2_PROTOCOL,Exploratory development data; second development iteration informed by Pilot 1; not independent confirmation; never pooled with the confirmatory held-out estimate,m-wrong_compatible_component-a38cf2a7ad,acnet2_pyr_soma,2,P08_rebound,trace_rmse,0.0,4.011786217300485,4.011786217300485,0.5
neuron_model_behavioral_validation,Neuraxis,development_pilot,PILOT2_PROTOCOL,Exploratory development data; second development iteration informed by Pilot 1; not independent confirmation; never pooled with the confirmatory held-out estimate,m-wrong_compatible_component-a38cf2a7ad,acnet2_pyr_soma,2,P09_short_pulse,trace_rmse,0.0,5.787326294382235,5.787326294382235,0.5
neuron_model_behavioral_validation,Neuraxis,development_pilot,PILOT2_PROTOCOL,Exploratory development data; second development iteration informed by Pilot 1; not independent confirmation; never pooled with the confirmatory held-out estimate,m-scale_conductance-0fd04dc708,migliore2014_mt_soma,1,P00_canonical,trace_rmse,0.0,2.62177565764416,2.62177565764416,1.804770140685029
neuron_model_behavioral_validation,Neuraxis,development_pilot,PILOT2_PROTOCOL,Exploratory development data; second development iteration informed by Pilot 1; not independent confirmation; never pooled with the confirmatory held-out estimate,m-scale_conductance-0fd04dc708,migliore2014_mt_soma,1,P04_step_2x,trace_rmse,0.0,15.89966109601462,15.89966109601462,1.2668414978622689
neuron_model_behavioral_validation,Neuraxis,development_pilot,PILOT2_PROTOCOL,Exploratory development data; second development iteration informed by Pilot 1; not independent confirmation; never pooled with the confirmatory held-out estimate,m-scale_conductance-0fd04dc708,migliore2014_mt_soma,1,P04_step_2x,spike_timing,,,6.522482882591248,0.5
neuron_model_behavioral_validation,Neuraxis,development_pilot,PILOT2_PROTOCOL,Exploratory development data; second development iteration informed by Pilot 1; not independent confirmation; never pooled with the confirmatory held-out estimate,m-scale_conductance-0fd04dc708,migliore2014_mt_soma,1,P05_long_step,trace_rmse,0.0,26.575293759931757,26.575293759931757,5.936702772937325
neuron_model_behavioral_validation,Neuraxis,development_pilot,PILOT2_PROTOCOL,Exploratory development data; second development iteration informed by Pilot 1; not independent confirmation; never pooled with the confirmatory held-out estimate,m-scale_conductance-0fd04dc708,migliore2014_mt_soma,1,P05_long_step,spike_timing,,,47.905006194411726,1.1901022229512819
neuron_model_behavioral_validation,Neuraxis,development_pilot,PILOT2_PROTOCOL,Exploratory development data; second development iteration informed by Pilot 1; not independent confirmation; never pooled with the confirmatory held-out estimate,m-scale_conductance-0fd04dc708,migliore2014_mt_soma,1,P06_ramp,trace_rmse,0.0,23.635412471728372,23.635412471728372,1.6222585396078615
neuron_model_behavioral_validation,Neuraxis,development_pilot,PILOT2_PROTOCOL,Exploratory development data; second development iteration informed by Pilot 1; not independent confirmation; never pooled with the confirmatory held-out estimate,m-scale_conductance-0fd04dc708,migliore2014_mt_soma,1,P06_ramp,spike_timing,,,10.959216537199381,0.5
neuron_model_behavioral_validation,Neuraxis,development_pilot,PILOT2_PROTOCOL,Exploratory development data; second development iteration informed by Pilot 1; not independent confirmation; never pooled with the confirmatory held-out estimate,m-scale_conductance-0fd04dc708,migliore2014_mt_soma,1,P09_short_pulse,trace_rmse,0.0,0.6549887680063678,0.6549887680063678,0.5
neuron_model_behavioral_validation,Neuraxis,development_pilot,PILOT2_PROTOCOL,Exploratory development data; second development iteration informed by Pilot 1; not independent confirmation; never pooled with the confirmatory held-out estimate,m-scale_conductance-0fd04dc708,migliore2014_mt_soma,4,P00_canonical,trace_rmse,0.0,2.6760591529229036,2.6760591529229036,1.804770140685029
neuron_model_behavioral_validation,Neuraxis,development_pilot,PILOT2_PROTOCOL,Exploratory development data; second development iteration informed by Pilot 1; not independent confirmation; never pooled with the confirmatory held-out estimate,m-scale_conductance-0fd04dc708,migliore2014_mt_soma,4,P04_step_2x,trace_rmse,0.0,15.900265444800095,15.900265444800095,1.2668414978622689
neuron_model_behavioral_validation,Neuraxis,development_pilot,PILOT2_PROTOCOL,Exploratory development data; second development iteration informed by Pilot 1; not independent confirmation; never pooled with the confirmatory held-out estimate,m-scale_conductance-0fd04dc708,migliore2014_mt_soma,4,P04_step_2x,spike_timing,,,6.522923582821591,0.5
neuron_model_behavioral_validation,Neuraxis,development_pilot,PILOT2_PROTOCOL,Exploratory development data; second development iteration informed by Pilot 1; not independent confirmation; never pooled with the confirmatory held-out estimate,m-scale_conductance-0fd04dc708,migliore2014_mt_soma,4,P05_long_step,trace_rmse,0.0,26.568219329196623,26.568219329196623,5.936702772937325
neuron_model_behavioral_validation,Neuraxis,development_pilot,PILOT2_PROTOCOL,Exploratory development data; second development iteration informed by Pilot 1; not independent confirmation; never pooled with the confirmatory held-out estimate,m-scale_conductance-0fd04dc708,migliore2014_mt_soma,4,P05_long_step,spike_timing,,,47.83989600989389,1.1901022229512819
neuron_model_behavioral_validation,Neuraxis,development_pilot,PILOT2_PROTOCOL,Exploratory development data; second development iteration informed by Pilot 1; not independent confirmation; never pooled with the confirmatory held-out estimate,m-scale_conductance-0fd04dc708,migliore2014_mt_soma,4,P06_ramp,trace_rmse,0.0,23.629301936368268,23.629301936368268,1.6222585396078615
neuron_model_behavioral_validation,Neuraxis,development_pilot,PILOT2_PROTOCOL,Exploratory development data; second development iteration informed by Pilot 1; not independent confirmation; never pooled with the confirmatory held-out estimate,m-scale_conductance-0fd04dc708,migliore2014_mt_soma,4,P06_ramp,spike_timing,,,10.959741722781473,0.5
neuron_model_behavioral_validation,Neuraxis,development_pilot,PILOT2_PROTOCOL,Exploratory development data; second development iteration informed by Pilot 1; not independent confirmation; never pooled with the confirmatory held-out estimate,m-scale_conductance-0fd04dc708,migliore2014_mt_soma,4,P09_short_pulse,trace_rmse,0.0,0.660030582548386,0.660030582548386,0.5
neuron_model_behavioral_validation,Neuraxis,development_pilot,PILOT2_PROTOCOL,Exploratory development data; second development iteration informed by Pilot 1; not independent confirmation; never pooled with the confirmatory held-out estimate,m-scale_conductance-0fd04dc708,migliore2014_mt_soma,2,P00_canonical,trace_rmse,0.0,2.6570854066481906,2.6570854066481906,1.804770140685029
neuron_model_behavioral_validation,Neuraxis,development_pilot,PILOT2_PROTOCOL,Exploratory development data; second development iteration informed by Pilot 1; not independent confirmation; never pooled with the confirmatory held-out estimate,m-scale_conductance-0fd04dc708,migliore2014_mt_soma,2,P04_step_2x,trace_rmse,0.0,15.899947836031105,15.899947836031105,1.2668414978622689
neuron_model_behavioral_validation,Neuraxis,development_pilot,PILOT2_PROTOCOL,Exploratory development data; second development iteration informed by Pilot 1; not independent confirmation; never pooled with the confirmatory held-out estimate,m-scale_conductance-0fd04dc708,migliore2014_mt_soma,2,P04_step_2x,spike_timing,,,6.52275292438037,0.5
neuron_model_behavioral_validation,Neuraxis,development_pilot,PILOT2_PROTOCOL,Exploratory development data; second development iteration informed by Pilot 1; not independent confirmation; never pooled with the confirmatory held-out estimate,m-scale_conductance-0fd04dc708,migliore2014_mt_soma,2,P05_long_step,trace_rmse,0.0,26.57054908250237,26.57054908250237,5.936702772937325
neuron_model_behavioral_validation,Neuraxis,development_pilot,PILOT2_PROTOCOL,Exploratory development data; second development iteration informed by Pilot 1; not independent confirmation; never pooled with the confirmatory held-out estimate,m-scale_conductance-0fd04dc708,migliore2014_mt_soma,2,P05_long_step,spike_timing,,,47.86144737151608,1.1901022229512819
neuron_model_behavioral_validation,Neuraxis,development_pilot,PILOT2_PROTOCOL,Exploratory development data; second development iteration informed by Pilot 1; not independent confirmation; never pooled with the confirmatory held-out estimate,m-scale_conductance-0fd04dc708,migliore2014_mt_soma,2,P06_ramp,trace_rmse,0.0,23.63130054170617,23.63130054170617,1.6222585396078615
neuron_model_behavioral_validation,Neuraxis,development_pilot,PILOT2_PROTOCOL,Exploratory development data; second development iteration informed by Pilot 1; not independent confirmation; never pooled with the confirmatory held-out estimate,m-scale_conductance-0fd04dc708,migliore2014_mt_soma,2,P06_ramp,spike_timing,,,10.959547931556472,0.5
neuron_model_behavioral_validation,Neuraxis,development_pilot,PILOT2_PROTOCOL,Exploratory development data; second development iteration informed by Pilot 1; not independent confirmation; never pooled with the confirmatory held-out estimate,m-scale_conductance-0fd04dc708,migliore2014_mt_soma,2,P09_short_pulse,trace_rmse,0.0,0.658270740770219,0.658270740770219,0.5
neuron_model_behavioral_validation,Neuraxis,development_pilot,PILOT2_PROTOCOL,Exploratory development data; second development iteration informed by Pilot 1; not independent confirmation; never pooled with the confirmatory held-out estimate,m-scale_conductance-a9d05675ab,migliore2014_mt_soma,1,P00_canonical,trace_rmse,0.0,2.1645172424745964,2.1645172424745964,1.804770140685029
neuron_model_behavioral_validation,Neuraxis,development_pilot,PILOT2_PROTOCOL,Exploratory development data; second development iteration informed by Pilot 1; not independent confirmation; never pooled with the confirmatory held-out estimate,m-scale_conductance-a9d05675ab,migliore2014_mt_soma,1,P04_step_2x,trace_rmse,0.0,22.003577780263136,22.003577780263136,1.2668414978622689
neuron_model_behavioral_validation,Neuraxis,development_pilot,PILOT2_PROTOCOL,Exploratory development data; second development iteration informed by Pilot 1; not independent confirmation; never pooled with the confirmatory held-out estimate,m-scale_conductance-a9d05675ab,migliore2014_mt_soma,1,P04_step_2x,spike_timing,,,17.29800746440219,0.5
neuron_model_behavioral_validation,Neuraxis,development_pilot,PILOT2_PROTOCOL,Exploratory development data; second development iteration informed by Pilot 1; not independent confirmation; never pooled with the confirmatory held-out estimate,m-scale_conductance-a9d05675ab,migliore2014_mt_soma,1,P05_long_step,trace_rmse,0.0,27.073439049112654,27.073439049112654,5.936702772937325
neuron_model_behavioral_validation,Neuraxis,development_pilot,PILOT2_PROTOCOL,Exploratory development data; second development iteration informed by Pilot 1; not independent confirmation; never pooled with the confirmatory held-out estimate,m-scale_conductance-a9d05675ab,migliore2014_mt_soma,1,P05_long_step,spike_count,19.0,20.0,1.0,0.5
neuron_model_behavioral_validation,Neuraxis,development_pilot,PILOT2_PROTOCOL,Exploratory development data; second development iteration informed by Pilot 1; not independent confirmation; never pooled with the confirmatory held-out estimate,m-scale_conductance-a9d05675ab,migliore2014_mt_soma,1,P06_ramp,trace_rmse,0.0,25.477206324986042,25.477206324986042,1.6222585396078615
neuron_model_behavioral_validation,Neuraxis,development_pilot,PILOT2_PROTOCOL,Exploratory development data; second development iteration informed by Pilot 1; not independent confirmation; never pooled with the confirmatory held-out estimate,m-scale_conductance-a9d05675ab,migliore2014_mt_soma,1,P06_ramp,spike_timing,,,28.250302432939634,0.5
neuron_model_behavioral_validation,Neuraxis,development_pilot,PILOT2_PROTOCOL,Exploratory development data; second development iteration informed by Pilot 1; not independent confirmation; never pooled with the confirmatory held-out estimate,m-scale_conductance-a9d05675ab,migliore2014_mt_soma,1,P07_hyperpolarizing_step,trace_rmse,0.0,1.38594541584864,1.38594541584864,0.5
neuron_model_behavioral_validation,Neuraxis,development_pilot,PILOT2_PROTOCOL,Exploratory development data; second development iteration informed by Pilot 1; not independent confirmation; never pooled with the confirmatory held-out estimate,m-scale_conductance-a9d05675ab,migliore2014_mt_soma,1,P08_rebound,trace_rmse,0.0,2.7229464225453754,2.7229464225453754,0.5
neuron_model_behavioral_validation,Neuraxis,development_pilot,PILOT2_PROTOCOL,Exploratory development data; second development iteration informed by Pilot 1; not independent confirmation; never pooled with the confirmatory held-out estimate,m-scale_conductance-a9d05675ab,migliore2014_mt_soma,4,P00_canonical,trace_rmse,0.0,2.1980525790399508,2.1980525790399508,1.804770140685029
neuron_model_behavioral_validation,Neuraxis,development_pilot,PILOT2_PROTOCOL,Exploratory development data; second development iteration informed by Pilot 1; not independent confirmation; never pooled with the confirmatory held-out estimate,m-scale_conductance-a9d05675ab,migliore2014_mt_soma,4,P04_step_2x,trace_rmse,0.0,21.994779535302495,21.994779535302495,1.2668414978622689
neuron_model_behavioral_validation,Neuraxis,development_pilot,PILOT2_PROTOCOL,Exploratory development data; second development iteration informed by Pilot 1; not independent confirmation; never pooled with the confirmatory held-out estimate,m-scale_conductance-a9d05675ab,migliore2014_mt_soma,4,P04_step_2x,spike_timing,,,17.286199116165562,0.5
neuron_model_behavioral_validation,Neuraxis,development_pilot,PILOT2_PROTOCOL,Exploratory development data; second development iteration informed by Pilot 1; not independent confirmation; never pooled with the confirmatory held-out estimate,m-scale_conductance-a9d05675ab,migliore2014_mt_soma,4,P05_long_step,trace_rmse,0.0,27.063620335184513,27.063620335184513,5.936702772937325
neuron_model_behavioral_validation,Neuraxis,development_pilot,PILOT2_PROTOCOL,Exploratory development data; second development iteration informed by Pilot 1; not independent confirmation; never pooled with the confirmatory held-out estimate,m-scale_conductance-a9d05675ab,migliore2014_mt_soma,4,P05_long_step,spike_count,19.0,20.0,1.0,0.5
neuron_model_behavioral_validation,Neuraxis,development_pilot,PILOT2_PROTOCOL,Exploratory development data; second development iteration informed by Pilot 1; not independent confirmation; never pooled with the confirmatory held-out estimate,m-scale_conductance-a9d05675ab,migliore2014_mt_soma,4,P06_ramp,trace_rmse,0.0,25.470649546786063,25.470649546786063,1.6222585396078615
neuron_model_behavioral_validation,Neuraxis,development_pilot,PILOT2_PROTOCOL,Exploratory development data; second development iteration informed by Pilot 1; not independent confirmation; never pooled with the confirmatory held-out estimate,m-scale_conductance-a9d05675ab,migliore2014_mt_soma,4,P06_ramp,spike_timing,,,28.239180317746104,0.5
neuron_model_behavioral_validation,Neuraxis,development_pilot,PILOT2_PROTOCOL,Exploratory development data; second development iteration informed by Pilot 1; not independent confirmation; never pooled with the confirmatory held-out estimate,m-scale_conductance-a9d05675ab,migliore2014_mt_soma,4,P07_hyperpolarizing_step,trace_rmse,0.0,1.3859517862635065,1.3859517862635065,0.5
neuron_model_behavioral_validation,Neuraxis,development_pilot,PILOT2_PROTOCOL,Exploratory development data; second development iteration informed by Pilot 1; not independent confirmation; never pooled with the confirmatory held-out estimate,m-scale_conductance-a9d05675ab,migliore2014_mt_soma,4,P08_rebound,trace_rmse,0.0,2.7229600385761867,2.7229600385761867,0.5
neuron_model_behavioral_validation,Neuraxis,development_pilot,PILOT2_PROTOCOL,Exploratory development data; second development iteration informed by Pilot 1; not independent confirmation; never pooled with the confirmatory held-out estimate,m-scale_conductance-a9d05675ab,migliore2014_mt_soma,2,P00_canonical,trace_rmse,0.0,2.1863232239156507,2.1863232239156507,1.804770140685029
neuron_model_behavioral_validation,Neuraxis,development_pilot,PILOT2_PROTOCOL,Exploratory development data; second development iteration informed by Pilot 1; not independent confirmation; never pooled with the confirmatory held-out estimate,m-scale_conductance-a9d05675ab,migliore2014_mt_soma,2,P04_step_2x,trace_rmse,0.0,21.997663322791972,21.997663322791972,1.2668414978622689
neuron_model_behavioral_validation,Neuraxis,development_pilot,PILOT2_PROTOCOL,Exploratory development data; second development iteration informed by Pilot 1; not independent confirmation; never pooled with the confirmatory held-out estimate,m-scale_conductance-a9d05675ab,migliore2014_mt_soma,2,P04_step_2x,spike_timing,,,17.29010558061941,0.5
neuron_model_behavioral_validation,Neuraxis,development_pilot,PILOT2_PROTOCOL,Exploratory development data; second development iteration informed by Pilot 1; not independent confirmation; never pooled with the confirmatory held-out estimate,m-scale_conductance-a9d05675ab,migliore2014_mt_soma,2,P05_long_step,trace_rmse,0.0,27.066871985870712,27.066871985870712,5.936702772937325
neuron_model_behavioral_validation,Neuraxis,development_pilot,PILOT2_PROTOCOL,Exploratory development data; second development iteration informed by Pilot 1; not independent confirmation; never pooled with the confirmatory held-out estimate,m-scale_conductance-a9d05675ab,migliore2014_mt_soma,2,P05_long_step,spike_count,19.0,20.0,1.0,0.5
neuron_model_behavioral_validation,Neuraxis,development_pilot,PILOT2_PROTOCOL,Exploratory development data; second development iteration informed by Pilot 1; not independent confirmation; never pooled with the confirmatory held-out estimate,m-scale_conductance-a9d05675ab,migliore2014_mt_soma,2,P06_ramp,trace_rmse,0.0,25.47282896564153,25.47282896564153,1.6222585396078615
neuron_model_behavioral_validation,Neuraxis,development_pilot,PILOT2_PROTOCOL,Exploratory development data; second development iteration informed by Pilot 1; not independent confirmation; never pooled with the confirmatory held-out estimate,m-scale_conductance-a9d05675ab,migliore2014_mt_soma,2,P06_ramp,spike_timing,,,28.24287539469765,0.5
neuron_model_behavioral_validation,Neuraxis,development_pilot,PILOT2_PROTOCOL,Exploratory development data; second development iteration informed by Pilot 1; not independent confirmation; never pooled with the confirmatory held-out estimate,m-scale_conductance-a9d05675ab,migliore2014_mt_soma,2,P07_hyperpolarizing_step,trace_rmse,0.0,1.3859472951143612,1.3859472951143612,0.5
neuron_model_behavioral_validation,Neuraxis,development_pilot,PILOT2_PROTOCOL,Exploratory development data; second development iteration informed by Pilot 1; not independent confirmation; never pooled with the confirmatory held-out estimate,m-scale_conductance-a9d05675ab,migliore2014_mt_soma,2,P08_rebound,trace_rmse,0.0,2.722950674885552,2.722950674885552,0.5
neuron_model_behavioral_validation,Neuraxis,development_pilot,PILOT2_PROTOCOL,Exploratory development data; second development iteration informed by Pilot 1; not independent confirmation; never pooled with the confirmatory held-out estimate,m-scale_conductance-fd3b7c7dcc,migliore2014_mt_soma,1,P00_canonical,trace_rmse,0.0,9.412272216522927,9.412272216522927,1.804770140685029
neuron_model_behavioral_validation,Neuraxis,development_pilot,PILOT2_PROTOCOL,Exploratory development data; second development iteration informed by Pilot 1; not independent confirmation; never pooled with the confirmatory held-out estimate,m-scale_conductance-fd3b7c7dcc,migliore2014_mt_soma,1,P00_canonical,spike_timing,,,1.3134785714327961,0.5
neuron_model_behavioral_validation,Neuraxis,development_pilot,PILOT2_PROTOCOL,Exploratory development data; second development iteration informed by Pilot 1; not independent confirmation; never pooled with the confirmatory held-out estimate,m-scale_conductance-fd3b7c7dcc,migliore2014_mt_soma,1,P02_weak_step,trace_rmse,0.0,2.0653646885365813,2.0653646885365813,0.5
neuron_model_behavioral_validation,Neuraxis,development_pilot,PILOT2_PROTOCOL,Exploratory development data; second development iteration informed by Pilot 1; not independent confirmation; never pooled with the confirmatory held-out estimate,m-scale_conductance-fd3b7c7dcc,migliore2014_mt_soma,1,P04_step_2x,trace_rmse,0.0,19.591064004424847,19.591064004424847,1.2668414978622689
neuron_model_behavioral_validation,Neuraxis,development_pilot,PILOT2_PROTOCOL,Exploratory development data; second development iteration informed by Pilot 1; not independent confirmation; never pooled with the confirmatory held-out estimate,m-scale_conductance-fd3b7c7dcc,migliore2014_mt_soma,1,P04_step_2x,spike_timing,,,10.36602803004746,0.5
neuron_model_behavioral_validation,Neuraxis,development_pilot,PILOT2_PROTOCOL,Exploratory development data; second development iteration informed by Pilot 1; not independent confirmation; never pooled with the confirmatory held-out estimate,m-scale_conductance-fd3b7c7dcc,migliore2014_mt_soma,1,P05_long_step,trace_rmse,0.0,28.602923046867673,28.602923046867673,5.936702772937325
neuron_model_behavioral_validation,Neuraxis,development_pilot,PILOT2_PROTOCOL,Exploratory development data; second development iteration informed by Pilot 1; not independent confirmation; never pooled with the confirmatory held-out estimate,m-scale_conductance-fd3b7c7dcc,migliore2014_mt_soma,1,P05_long_step,spike_count,19.0,21.0,2.0,0.5
neuron_model_behavioral_validation,Neuraxis,development_pilot,PILOT2_PROTOCOL,Exploratory development data; second development iteration informed by Pilot 1; not independent confirmation; never pooled with the confirmatory held-out estimate,m-scale_conductance-fd3b7c7dcc,migliore2014_mt_soma,1,P06_ramp,trace_rmse,0.0,14.012301819307057,14.012301819307057,1.6222585396078615
neuron_model_behavioral_validation,Neuraxis,development_pilot,PILOT2_PROTOCOL,Exploratory development data; second development iteration informed by Pilot 1; not independent confirmation; never pooled with the confirmatory held-out estimate,m-scale_conductance-fd3b7c7dcc,migliore2014_mt_soma,1,P06_ramp,spike_count,9.0,10.0,1.0,0.5
neuron_model_behavioral_validation,Neuraxis,development_pilot,PILOT2_PROTOCOL,Exploratory development data; second development iteration informed by Pilot 1; not independent confirmation; never pooled with the confirmatory held-out estimate,m-scale_conductance-fd3b7c7dcc,migliore2014_mt_soma,1,P07_hyperpolarizing_step,trace_rmse,0.0,0.9243595775747767,0.9243595775747767,0.5
neuron_model_behavioral_validation,Neuraxis,development_pilot,PILOT2_PROTOCOL,Exploratory development data; second development iteration informed by Pilot 1; not independent confirmation; never pooled with the confirmatory held-out estimate,m-scale_conductance-fd3b7c7dcc,migliore2014_mt_soma,1,P08_rebound,trace_rmse,0.0,0.9448365133674929,0.9448365133674929,0.5
neuron_model_behavioral_validation,Neuraxis,development_pilot,PILOT2_PROTOCOL,Exploratory development data; second development iteration informed by Pilot 1; not independent confirmation; never pooled with the confirmatory held-out estimate,m-scale_conductance-fd3b7c7dcc,migliore2014_mt_soma,1,P09_short_pulse,trace_rmse,0.0,2.9521695046313545,2.9521695046313545,0.5
neuron_model_behavioral_validation,Neuraxis,development_pilot,PILOT2_PROTOCOL,Exploratory development data; second development iteration informed by Pilot 1; not independent confirmation; never pooled with the confirmatory held-out estimate,m-scale_conductance-fd3b7c7dcc,migliore2014_mt_soma,1,P09_short_pulse,spike_timing,,,0.549652500978425,0.5
neuron_model_behavioral_validation,Neuraxis,development_pilot,PILOT2_PROTOCOL,Exploratory development data; second development iteration informed by Pilot 1; not independent confirmation; never pooled with the confirmatory held-out estimate,m-scale_conductance-fd3b7c7dcc,migliore2014_mt_soma,2,P00_canonical,trace_rmse,0.0,9.446772470689348,9.446772470689348,1.804770140685029
neuron_model_behavioral_validation,Neuraxis,development_pilot,PILOT2_PROTOCOL,Exploratory development data; second development iteration informed by Pilot 1; not independent confirmation; never pooled with the confirmatory held-out estimate,m-scale_conductance-fd3b7c7dcc,migliore2014_mt_soma,2,P00_canonical,spike_timing,,,1.3123049708672383,0.5
neuron_model_behavioral_validation,Neuraxis,development_pilot,PILOT2_PROTOCOL,Exploratory development data; second development iteration informed by Pilot 1; not independent confirmation; never pooled with the confirmatory held-out estimate,m-scale_conductance-fd3b7c7dcc,migliore2014_mt_soma,2,P02_weak_step,trace_rmse,0.0,2.065365903850732,2.065365903850732,0.5
neuron_model_behavioral_validation,Neuraxis,development_pilot,PILOT2_PROTOCOL,Exploratory development data; second development iteration informed by Pilot 1; not independent confirmation; never pooled with the confirmatory held-out estimate,m-scale_conductance-fd3b7c7dcc,migliore2014_mt_soma,2,P04_step_2x,trace_rmse,0.0,19.612690185739467,19.612690185739467,1.2668414978622689
neuron_model_behavioral_validation,Neuraxis,development_pilot,PILOT2_PROTOCOL,Exploratory development data; second development iteration informed by Pilot 1; not independent confirmation; never pooled with the confirmatory held-out estimate,m-scale_conductance-fd3b7c7dcc,migliore2014_mt_soma,2,P04_step_2x,spike_timing,,,10.404120168286,0.5
neuron_model_behavioral_validation,Neuraxis,development_pilot,PILOT2_PROTOCOL,Exploratory development data; second development iteration informed by Pilot 1; not independent confirmation; never pooled with the confirmatory held-out estimate,m-scale_conductance-fd3b7c7dcc,migliore2014_mt_soma,2,P05_long_step,trace_rmse,0.0,28.599330924506564,28.599330924506564,5.936702772937325
neuron_model_behavioral_validation,Neuraxis,development_pilot,PILOT2_PROTOCOL,Exploratory development data; second development iteration informed by Pilot 1; not independent confirmation; never pooled with the confirmatory held-out estimate,m-scale_conductance-fd3b7c7dcc,migliore2014_mt_soma,2,P05_long_step,spike_count,19.0,21.0,2.0,0.5
neuron_model_behavioral_validation,Neuraxis,development_pilot,PILOT2_PROTOCOL,Exploratory development data; second development iteration informed by Pilot 1; not independent confirmation; never pooled with the confirmatory held-out estimate,m-scale_conductance-fd3b7c7dcc,migliore2014_mt_soma,2,P06_ramp,trace_rmse,0.0,14.068740259037455,14.068740259037455,1.6222585396078615
neuron_model_behavioral_validation,Neuraxis,development_pilot,PILOT2_PROTOCOL,Exploratory development data; second development iteration informed by Pilot 1; not independent confirmation; never pooled with the confirmatory held-out estimate,m-scale_conductance-fd3b7c7dcc,migliore2014_mt_soma,2,P06_ramp,spike_count,9.0,10.0,1.0,0.5
neuron_model_behavioral_validation,Neuraxis,development_pilot,PILOT2_PROTOCOL,Exploratory development data; second development iteration informed by Pilot 1; not independent confirmation; never pooled with the confirmatory held-out estimate,m-scale_conductance-fd3b7c7dcc,migliore2014_mt_soma,2,P07_hyperpolarizing_step,trace_rmse,0.0,0.924351442737394,0.924351442737394,0.5
neuron_model_behavioral_validation,Neuraxis,development_pilot,PILOT2_PROTOCOL,Exploratory development data; second development iteration informed by Pilot 1; not independent confirmation; never pooled with the confirmatory held-out estimate,m-scale_conductance-fd3b7c7dcc,migliore2014_mt_soma,2,P08_rebound,trace_rmse,0.0,0.9448282753157224,0.9448282753157224,0.5
neuron_model_behavioral_validation,Neuraxis,development_pilot,PILOT2_PROTOCOL,Exploratory development data; second development iteration informed by Pilot 1; not independent confirmation; never pooled with the confirmatory held-out estimate,m-scale_conductance-fd3b7c7dcc,migliore2014_mt_soma,2,P09_short_pulse,trace_rmse,0.0,2.9557771317714314,2.9557771317714314,0.5
neuron_model_behavioral_validation,Neuraxis,development_pilot,PILOT2_PROTOCOL,Exploratory development data; second development iteration informed by Pilot 1; not independent confirmation; never pooled with the confirmatory held-out estimate,m-scale_conductance-fd3b7c7dcc,migliore2014_mt_soma,2,P09_short_pulse,spike_timing,,,0.5468411780529436,0.5
neuron_model_behavioral_validation,Neuraxis,development_pilot,PILOT2_PROTOCOL,Exploratory development data; second development iteration informed by Pilot 1; not independent confirmation; never pooled with the confirmatory held-out estimate,m-scale_conductance-de26f4d2e1,migliore2014_mt_soma,1,P00_canonical,trace_rmse,0.0,20.522393293016435,20.522393293016435,1.804770140685029
neuron_model_behavioral_validation,Neuraxis,development_pilot,PILOT2_PROTOCOL,Exploratory development data; second development iteration informed by Pilot 1; not independent confirmation; never pooled with the confirmatory held-out estimate,m-scale_conductance-de26f4d2e1,migliore2014_mt_soma,1,P00_canonical,spike_timing,,,3.8759726257436213,0.5
neuron_model_behavioral_validation,Neuraxis,development_pilot,PILOT2_PROTOCOL,Exploratory development data; second development iteration informed by Pilot 1; not independent confirmation; never pooled with the confirmatory held-out estimate,m-scale_conductance-de26f4d2e1,migliore2014_mt_soma,1,P02_weak_step,trace_rmse,0.0,1.3042366125694687,1.3042366125694687,0.5
neuron_model_behavioral_validation,Neuraxis,development_pilot,PILOT2_PROTOCOL,Exploratory development data; second development iteration informed by Pilot 1; not independent confirmation; never pooled with the confirmatory held-out estimate,m-scale_conductance-de26f4d2e1,migliore2014_mt_soma,1,P04_step_2x,trace_rmse,0.0,22.67883303471073,22.67883303471073,1.2668414978622689
neuron_model_behavioral_validation,Neuraxis,development_pilot,PILOT2_PROTOCOL,Exploratory development data; second development iteration informed by Pilot 1; not independent confirmation; never pooled with the confirmatory held-out estimate,m-scale_conductance-de26f4d2e1,migliore2014_mt_soma,1,P04_step_2x,spike_count,7.0,4.0,3.0,0.5
neuron_model_behavioral_validation,Neuraxis,development_pilot,PILOT2_PROTOCOL,Exploratory development data; second development iteration informed by Pilot 1; not independent confirmation; never pooled with the confirmatory held-out estimate,m-scale_conductance-de26f4d2e1,migliore2014_mt_soma,1,P05_long_step,trace_rmse,0.0,19.30028248867213,19.30028248867213,5.936702772937325
neuron_model_behavioral_validation,Neuraxis,development_pilot,PILOT2_PROTOCOL,Exploratory development data; second development iteration informed by Pilot 1; not independent confirmation; never pooled with the confirmatory held-out estimate,m-scale_conductance-de26f4d2e1,migliore2014_mt_soma,1,P05_long_step,spike_count,19.0,0.0,19.0,0.5
neuron_model_behavioral_validation,Neuraxis,development_pilot,PILOT2_PROTOCOL,Exploratory development data; second development iteration informed by Pilot 1; not independent confirmation; never pooled with the confirmatory held-out estimate,m-scale_conductance-de26f4d2e1,migliore2014_mt_soma,1,P06_ramp,trace_rmse,0.0,18.915347433463403,18.915347433463403,1.6222585396078615
neuron_model_behavioral_validation,Neuraxis,development_pilot,PILOT2_PROTOCOL,Exploratory development data; second development iteration informed by Pilot 1; not independent confirmation; never pooled with the confirmatory held-out estimate,m-scale_conductance-de26f4d2e1,migliore2014_mt_soma,1,P06_ramp,spike_count,9.0,5.0,4.0,0.5
neuron_model_behavioral_validation,Neuraxis,development_pilot,PILOT2_PROTOCOL,Exploratory development data; second development iteration informed by Pilot 1; not independent confirmation; never pooled with the confirmatory held-out estimate,m-scale_conductance-de26f4d2e1,migliore2014_mt_soma,1,P07_hyperpolarizing_step,trace_rmse,0.0,6.375981566308982,6.375981566308982,0.5
neuron_model_behavioral_validation,Neuraxis,development_pilot,PILOT2_PROTOCOL,Exploratory development data; second development iteration informed by Pilot 1; not independent confirmation; never pooled with the confirmatory held-out estimate,m-scale_conductance-de26f4d2e1,migliore2014_mt_soma,1,P08_rebound,trace_rmse,0.0,12.255266955592859,12.255266955592859,0.5
neuron_model_behavioral_validation,Neuraxis,development_pilot,PILOT2_PROTOCOL,Exploratory development data; second development iteration informed by Pilot 1; not independent confirmation; never pooled with the confirmatory held-out estimate,m-scale_conductance-de26f4d2e1,migliore2014_mt_soma,1,P09_short_pulse,trace_rmse,0.0,2.16616778773467,2.16616778773467,0.5
neuron_model_behavioral_validation,Neuraxis,development_pilot,PILOT2_PROTOCOL,Exploratory development data; second development iteration informed by Pilot 1; not independent confirmation; never pooled with the confirmatory held-out estimate,m-scale_conductance-de26f4d2e1,migliore2014_mt_soma,2,P00_canonical,trace_rmse,0.0,20.487510285912244,20.487510285912244,1.804770140685029
neuron_model_behavioral_validation,Neuraxis,development_pilot,PILOT2_PROTOCOL,Exploratory development data; second development iteration informed by Pilot 1; not independent confirmation; never pooled with the confirmatory held-out estimate,m-scale_conductance-de26f4d2e1,migliore2014_mt_soma,2,P00_canonical,spike_timing,,,3.867452513367958,0.5
neuron_model_behavioral_validation,Neuraxis,development_pilot,PILOT2_PROTOCOL,Exploratory development data; second development iteration informed by Pilot 1; not independent confirmation; never pooled with the confirmatory held-out estimate,m-scale_conductance-de26f4d2e1,migliore2014_mt_soma,2,P02_weak_step,trace_rmse,0.0,1.304221352885552,1.304221352885552,0.5
neuron_model_behavioral_validation,Neuraxis,development_pilot,PILOT2_PROTOCOL,Exploratory development data; second development iteration informed by Pilot 1; not independent confirmation; never pooled with the confirmatory held-out estimate,m-scale_conductance-de26f4d2e1,migliore2014_mt_soma,2,P04_step_2x,trace_rmse,0.0,22.679489352812173,22.679489352812173,1.2668414978622689
neuron_model_behavioral_validation,Neuraxis,development_pilot,PILOT2_PROTOCOL,Exploratory development data; second development iteration informed by Pilot 1; not independent confirmation; never pooled with the confirmatory held-out estimate,m-scale_conductance-de26f4d2e1,migliore2014_mt_soma,2,P04_step_2x,spike_count,7.0,4.0,3.0,0.5
neuron_model_behavioral_validation,Neuraxis,development_pilot,PILOT2_PROTOCOL,Exploratory development data; second development iteration informed by Pilot 1; not independent confirmation; never pooled with the confirmatory held-out estimate,m-scale_conductance-de26f4d2e1,migliore2014_mt_soma,2,P05_long_step,trace_rmse,0.0,19.296629608625143,19.296629608625143,5.936702772937325
neuron_model_behavioral_validation,Neuraxis,development_pilot,PILOT2_PROTOCOL,Exploratory development data; second development iteration informed by Pilot 1; not independent confirmation; never pooled with the confirmatory held-out estimate,m-scale_conductance-de26f4d2e1,migliore2014_mt_soma,2,P05_long_step,spike_count,19.0,0.0,19.0,0.5
neuron_model_behavioral_validation,Neuraxis,development_pilot,PILOT2_PROTOCOL,Exploratory development data; second development iteration informed by Pilot 1; not independent confirmation; never pooled with the confirmatory held-out estimate,m-scale_conductance-de26f4d2e1,migliore2014_mt_soma,2,P06_ramp,trace_rmse,0.0,18.91449059181895,18.91449059181895,1.6222585396078615
neuron_model_behavioral_validation,Neuraxis,development_pilot,PILOT2_PROTOCOL,Exploratory development data; second development iteration informed by Pilot 1; not independent confirmation; never pooled with the confirmatory held-out estimate,m-scale_conductance-de26f4d2e1,migliore2014_mt_soma,2,P06_ramp,spike_count,9.0,5.0,4.0,0.5
neuron_model_behavioral_validation,Neuraxis,development_pilot,PILOT2_PROTOCOL,Exploratory development data; second development iteration informed by Pilot 1; not independent confirmation; never pooled with the confirmatory held-out estimate,m-scale_conductance-de26f4d2e1,migliore2014_mt_soma,2,P07_hyperpolarizing_step,trace_rmse,0.0,6.375991216519704,6.375991216519704,0.5
neuron_model_behavioral_validation,Neuraxis,development_pilot,PILOT2_PROTOCOL,Exploratory development data; second development iteration informed by Pilot 1; not independent confirmation; never pooled with the confirmatory held-out estimate,m-scale_conductance-de26f4d2e1,migliore2014_mt_soma,2,P08_rebound,trace_rmse,0.0,12.255286928845237,12.255286928845237,0.5
neuron_model_behavioral_validation,Neuraxis,development_pilot,PILOT2_PROTOCOL,Exploratory development data; second development iteration informed by Pilot 1; not independent confirmation; never pooled with the confirmatory held-out estimate,m-scale_conductance-de26f4d2e1,migliore2014_mt_soma,2,P09_short_pulse,trace_rmse,0.0,2.161657501044022,2.161657501044022,0.5
neuron_model_behavioral_validation,Neuraxis,development_pilot,PILOT2_PROTOCOL,Exploratory development data; second development iteration informed by Pilot 1; not independent confirmation; never pooled with the confirmatory held-out estimate,m-shift_reversal-7be708c601,migliore2014_mt_soma,1,P04_step_2x,trace_rmse,0.0,4.861951957161413,4.861951957161413,1.2668414978622689
neuron_model_behavioral_validation,Neuraxis,development_pilot,PILOT2_PROTOCOL,Exploratory development data; second development iteration informed by Pilot 1; not independent confirmation; never pooled with the confirmatory held-out estimate,m-shift_reversal-7be708c601,migliore2014_mt_soma,1,P04_step_2x,spike_timing,,,1.363036954548079,0.5
neuron_model_behavioral_validation,Neuraxis,development_pilot,PILOT2_PROTOCOL,Exploratory development data; second development iteration informed by Pilot 1; not independent confirmation; never pooled with the confirmatory held-out estimate,m-shift_reversal-7be708c601,migliore2014_mt_soma,1,P05_long_step,trace_rmse,0.0,22.299565715609127,22.299565715609127,5.936702772937325
neuron_model_behavioral_validation,Neuraxis,development_pilot,PILOT2_PROTOCOL,Exploratory development data; second development iteration informed by Pilot 1; not independent confirmation; never pooled with the confirmatory held-out estimate,m-shift_reversal-7be708c601,migliore2014_mt_soma,1,P05_long_step,spike_timing,,,21.618670229876443,1.1901022229512819
neuron_model_behavioral_validation,Neuraxis,development_pilot,PILOT2_PROTOCOL,Exploratory development data; second development iteration informed by Pilot 1; not independent confirmation; never pooled with the confirmatory held-out estimate,m-shift_reversal-7be708c601,migliore2014_mt_soma,1,P06_ramp,trace_rmse,0.0,5.075768002602742,5.075768002602742,1.6222585396078615
neuron_model_behavioral_validation,Neuraxis,development_pilot,PILOT2_PROTOCOL,Exploratory development data; second development iteration informed by Pilot 1; not independent confirmation; never pooled with the confirmatory held-out estimate,m-shift_reversal-7be708c601,migliore2014_mt_soma,1,P06_ramp,spike_timing,,,1.2373990563539792,0.5
neuron_model_behavioral_validation,Neuraxis,development_pilot,PILOT2_PROTOCOL,Exploratory development data; second development iteration informed by Pilot 1; not independent confirmation; never pooled with the confirmatory held-out estimate,m-shift_reversal-7be708c601,migliore2014_mt_soma,4,P04_step_2x,trace_rmse,0.0,4.873610982586713,4.873610982586713,1.2668414978622689
neuron_model_behavioral_validation,Neuraxis,development_pilot,PILOT2_PROTOCOL,Exploratory development data; second development iteration informed by Pilot 1; not independent confirmation; never pooled with the confirmatory held-out estimate,m-shift_reversal-7be708c601,migliore2014_mt_soma,4,P04_step_2x,spike_timing,,,1.3613124220411237,0.5
neuron_model_behavioral_validation,Neuraxis,development_pilot,PILOT2_PROTOCOL,Exploratory development data; second development iteration informed by Pilot 1; not independent confirmation; never pooled with the confirmatory held-out estimate,m-shift_reversal-7be708c601,migliore2014_mt_soma,4,P05_long_step,trace_rmse,0.0,22.285972255905524,22.285972255905524,5.936702772937325
neuron_model_behavioral_validation,Neuraxis,development_pilot,PILOT2_PROTOCOL,Exploratory development data; second development iteration informed by Pilot 1; not independent confirmation; never pooled with the confirmatory held-out estimate,m-shift_reversal-7be708c601,migliore2014_mt_soma,4,P05_long_step,spike_timing,,,21.578050746763438,1.1901022229512819
neuron_model_behavioral_validation,Neuraxis,development_pilot,PILOT2_PROTOCOL,Exploratory development data; second development iteration informed by Pilot 1; not independent confirmation; never pooled with the confirmatory held-out estimate,m-shift_reversal-7be708c601,migliore2014_mt_soma,4,P06_ramp,trace_rmse,0.0,5.089651304715866,5.089651304715866,1.6222585396078615
neuron_model_behavioral_validation,Neuraxis,development_pilot,PILOT2_PROTOCOL,Exploratory development data; second development iteration informed by Pilot 1; not independent confirmation; never pooled with the confirmatory held-out estimate,m-shift_reversal-7be708c601,migliore2014_mt_soma,4,P06_ramp,spike_timing,,,1.2361923865234985,0.5
neuron_model_behavioral_validation,Neuraxis,development_pilot,PILOT2_PROTOCOL,Exploratory development data; second development iteration informed by Pilot 1; not independent confirmation; never pooled with the confirmatory held-out estimate,m-shift_reversal-7be708c601,migliore2014_mt_soma,2,P04_step_2x,trace_rmse,0.0,4.869595435296171,4.869595435296171,1.2668414978622689
neuron_model_behavioral_validation,Neuraxis,development_pilot,PILOT2_PROTOCOL,Exploratory development data; second development iteration informed by Pilot 1; not independent confirmation; never pooled with the confirmatory held-out estimate,m-shift_reversal-7be708c601,migliore2014_mt_soma,2,P04_step_2x,spike_timing,,,1.3618769699877475,0.5
neuron_model_behavioral_validation,Neuraxis,development_pilot,PILOT2_PROTOCOL,Exploratory development data; second development iteration informed by Pilot 1; not independent confirmation; never pooled with the confirmatory held-out estimate,m-shift_reversal-7be708c601,migliore2014_mt_soma,2,P05_long_step,trace_rmse,0.0,22.290427115654428,22.290427115654428,5.936702772937325
neuron_model_behavioral_validation,Neuraxis,development_pilot,PILOT2_PROTOCOL,Exploratory development data; second development iteration informed by Pilot 1; not independent confirmation; never pooled with the confirmatory held-out estimate,m-shift_reversal-7be708c601,migliore2014_mt_soma,2,P05_long_step,spike_timing,,,21.591358723368103,1.1901022229512819
neuron_model_behavioral_validation,Neuraxis,development_pilot,PILOT2_PROTOCOL,Exploratory development data; second development iteration informed by Pilot 1; not independent confirmation; never pooled with the confirmatory held-out estimate,m-shift_reversal-7be708c601,migliore2014_mt_soma,2,P06_ramp,trace_rmse,0.0,5.084886282777109,5.084886282777109,1.6222585396078615
neuron_model_behavioral_validation,Neuraxis,development_pilot,PILOT2_PROTOCOL,Exploratory development data; second development iteration informed by Pilot 1; not independent confirmation; never pooled with the confirmatory held-out estimate,m-shift_reversal-7be708c601,migliore2014_mt_soma,2,P06_ramp,spike_timing,,,1.2365862837143595,0.5
neuron_model_behavioral_validation,Neuraxis,development_pilot,PILOT2_PROTOCOL,Exploratory development data; second development iteration informed by Pilot 1; not independent confirmation; never pooled with the confirmatory held-out estimate,m-shift_reversal-d4460926dc,migliore2014_mt_soma,1,P00_canonical,trace_rmse,0.0,19.018120855628958,19.018120855628958,1.804770140685029
neuron_model_behavioral_validation,Neuraxis,development_pilot,PILOT2_PROTOCOL,Exploratory development data; second development iteration informed by Pilot 1; not independent confirmation; never pooled with the confirmatory held-out estimate,m-shift_reversal-d4460926dc,migliore2014_mt_soma,1,P00_canonical,spike_timing,,,3.3040470954101764,0.5
neuron_model_behavioral_validation,Neuraxis,development_pilot,PILOT2_PROTOCOL,Exploratory development data; second development iteration informed by Pilot 1; not independent confirmation; never pooled with the confirmatory held-out estimate,m-shift_reversal-d4460926dc,migliore2014_mt_soma,1,P02_weak_step,trace_rmse,0.0,3.5766568353577006,3.5766568353577006,0.5
neuron_model_behavioral_validation,Neuraxis,development_pilot,PILOT2_PROTOCOL,Exploratory development data; second development iteration informed by Pilot 1; not independent confirmation; never pooled with the confirmatory held-out estimate,m-shift_reversal-d4460926dc,migliore2014_mt_soma,1,P04_step_2x,trace_rmse,0.0,25.56453365401212,25.56453365401212,1.2668414978622689
neuron_model_behavioral_validation,Neuraxis,development_pilot,PILOT2_PROTOCOL,Exploratory development data; second development iteration informed by Pilot 1; not independent confirmation; never pooled with the confirmatory held-out estimate,m-shift_reversal-d4460926dc,migliore2014_mt_soma,1,P04_step_2x,spike_count,7.0,6.0,1.0,0.5
neuron_model_behavioral_validation,Neuraxis,development_pilot,PILOT2_PROTOCOL,Exploratory development data; second development iteration informed by Pilot 1; not independent confirmation; never pooled with the confirmatory held-out estimate,m-shift_reversal-d4460926dc,migliore2014_mt_soma,1,P05_long_step,trace_rmse,0.0,25.653974476459847,25.653974476459847,5.936702772937325
neuron_model_behavioral_validation,Neuraxis,development_pilot,PILOT2_PROTOCOL,Exploratory development data; second development iteration informed by Pilot 1; not independent confirmation; never pooled with the confirmatory held-out estimate,m-shift_reversal-d4460926dc,migliore2014_mt_soma,1,P05_long_step,spike_count,19.0,12.0,7.0,0.5
neuron_model_behavioral_validation,Neuraxis,development_pilot,PILOT2_PROTOCOL,Exploratory development data; second development iteration informed by Pilot 1; not independent confirmation; never pooled with the confirmatory held-out estimate,m-shift_reversal-d4460926dc,migliore2014_mt_soma,1,P06_ramp,trace_rmse,0.0,22.203201776506504,22.203201776506504,1.6222585396078615
neuron_model_behavioral_validation,Neuraxis,development_pilot,PILOT2_PROTOCOL,Exploratory development data; second development iteration informed by Pilot 1; not independent confirmation; never pooled with the confirmatory held-out estimate,m-shift_reversal-d4460926dc,migliore2014_mt_soma,1,P06_ramp,spike_count,9.0,7.0,2.0,0.5
neuron_model_behavioral_validation,Neuraxis,development_pilot,PILOT2_PROTOCOL,Exploratory development data; second development iteration informed by Pilot 1; not independent confirmation; never pooled with the confirmatory held-out estimate,m-shift_reversal-d4460926dc,migliore2014_mt_soma,1,P07_hyperpolarizing_step,trace_rmse,0.0,4.296387319759595,4.296387319759595,0.5
neuron_model_behavioral_validation,Neuraxis,development_pilot,PILOT2_PROTOCOL,Exploratory development data; second development iteration informed by Pilot 1; not independent confirmation; never pooled with the confirmatory held-out estimate,m-shift_reversal-d4460926dc,migliore2014_mt_soma,1,P08_rebound,trace_rmse,0.0,4.399943573369533,4.399943573369533,0.5
neuron_model_behavioral_validation,Neuraxis,development_pilot,PILOT2_PROTOCOL,Exploratory development data; second development iteration informed by Pilot 1; not independent confirmation; never pooled with the confirmatory held-out estimate,m-shift_reversal-d4460926dc,migliore2014_mt_soma,1,P09_short_pulse,trace_rmse,0.0,11.692529729754565,11.692529729754565,0.5
neuron_model_behavioral_validation,Neuraxis,development_pilot,PILOT2_PROTOCOL,Exploratory development data; second development iteration informed by Pilot 1; not independent confirmation; never pooled with the confirmatory held-out estimate,m-shift_reversal-d4460926dc,migliore2014_mt_soma,1,P09_short_pulse,spike_timing,,,5.371004124245246,0.5
neuron_model_behavioral_validation,Neuraxis,development_pilot,PILOT2_PROTOCOL,Exploratory development data; second development iteration informed by Pilot 1; not independent confirmation; never pooled with the confirmatory held-out estimate,m-shift_reversal-d4460926dc,migliore2014_mt_soma,2,P00_canonical,trace_rmse,0.0,19.007101295019357,19.007101295019357,1.804770140685029
neuron_model_behavioral_validation,Neuraxis,development_pilot,PILOT2_PROTOCOL,Exploratory development data; second development iteration informed by Pilot 1; not independent confirmation; never pooled with the confirmatory held-out estimate,m-shift_reversal-d4460926dc,migliore2014_mt_soma,2,P00_canonical,spike_timing,,,3.301973723832127,0.5
neuron_model_behavioral_validation,Neuraxis,development_pilot,PILOT2_PROTOCOL,Exploratory development data; second development iteration informed by Pilot 1; not independent confirmation; never pooled with the confirmatory held-out estimate,m-shift_reversal-d4460926dc,migliore2014_mt_soma,2,P02_weak_step,trace_rmse,0.0,3.5766502996990788,3.5766502996990788,0.5
neuron_model_behavioral_validation,Neuraxis,development_pilot,PILOT2_PROTOCOL,Exploratory development data; second development iteration informed by Pilot 1; not independent confirmation; never pooled with the confirmatory held-out estimate,m-shift_reversal-d4460926dc,migliore2014_mt_soma,2,P04_step_2x,trace_rmse,0.0,25.559423376959433,25.559423376959433,1.2668414978622689
neuron_model_behavioral_validation,Neuraxis,development_pilot,PILOT2_PROTOCOL,Exploratory development data; second development iteration informed by Pilot 1; not independent confirmation; never pooled with the confirmatory held-out estimate,m-shift_reversal-d4460926dc,migliore2014_mt_soma,2,P04_step_2x,spike_count,7.0,6.0,1.0,0.5
neuron_model_behavioral_validation,Neuraxis,development_pilot,PILOT2_PROTOCOL,Exploratory development data; second development iteration informed by Pilot 1; not independent confirmation; never pooled with the confirmatory held-out estimate,m-shift_reversal-d4460926dc,migliore2014_mt_soma,2,P05_long_step,trace_rmse,0.0,25.641857689604752,25.641857689604752,5.936702772937325
neuron_model_behavioral_validation,Neuraxis,development_pilot,PILOT2_PROTOCOL,Exploratory development data; second development iteration informed by Pilot 1; not independent confirmation; never pooled with the confirmatory held-out estimate,m-shift_reversal-d4460926dc,migliore2014_mt_soma,2,P05_long_step,spike_count,19.0,12.0,7.0,0.5
neuron_model_behavioral_validation,Neuraxis,development_pilot,PILOT2_PROTOCOL,Exploratory development data; second development iteration informed by Pilot 1; not independent confirmation; never pooled with the confirmatory held-out estimate,m-shift_reversal-d4460926dc,migliore2014_mt_soma,2,P06_ramp,trace_rmse,0.0,22.200466842905193,22.200466842905193,1.6222585396078615
neuron_model_behavioral_validation,Neuraxis,development_pilot,PILOT2_PROTOCOL,Exploratory development data; second development iteration informed by Pilot 1; not independent confirmation; never pooled with the confirmatory held-out estimate,m-shift_reversal-d4460926dc,migliore2014_mt_soma,2,P06_ramp,spike_count,9.0,7.0,2.0,0.5
neuron_model_behavioral_validation,Neuraxis,development_pilot,PILOT2_PROTOCOL,Exploratory development data; second development iteration informed by Pilot 1; not independent confirmation; never pooled with the confirmatory held-out estimate,m-shift_reversal-d4460926dc,migliore2014_mt_soma,2,P07_hyperpolarizing_step,trace_rmse,0.0,4.296387877298192,4.296387877298192,0.5
neuron_model_behavioral_validation,Neuraxis,development_pilot,PILOT2_PROTOCOL,Exploratory development data; second development iteration informed by Pilot 1; not independent confirmation; never pooled with the confirmatory held-out estimate,m-shift_reversal-d4460926dc,migliore2014_mt_soma,2,P08_rebound,trace_rmse,0.0,4.39994577423584,4.39994577423584,0.5
neuron_model_behavioral_validation,Neuraxis,development_pilot,PILOT2_PROTOCOL,Exploratory development data; second development iteration informed by Pilot 1; not independent confirmation; never pooled with the confirmatory held-out estimate,m-shift_reversal-d4460926dc,migliore2014_mt_soma,2,P09_short_pulse,trace_rmse,0.0,11.653683103977794,11.653683103977794,0.5
neuron_model_behavioral_validation,Neuraxis,development_pilot,PILOT2_PROTOCOL,Exploratory development data; second development iteration informed by Pilot 1; not independent confirmation; never pooled with the confirmatory held-out estimate,m-shift_reversal-d4460926dc,migliore2014_mt_soma,2,P09_short_pulse,spike_timing,,,5.334813810447599,0.5
neuron_model_behavioral_validation,Neuraxis,development_pilot,PILOT2_PROTOCOL,Exploratory development data; second development iteration informed by Pilot 1; not independent confirmation; never pooled with the confirmatory held-out estimate,m-shift_reversal-3bffbb8e9b,migliore2014_mt_soma,1,P00_canonical,trace_rmse,0.0,7.167867080661209,7.167867080661209,1.804770140685029
neuron_model_behavioral_validation,Neuraxis,development_pilot,PILOT2_PROTOCOL,Exploratory development data; second development iteration informed by Pilot 1; not independent confirmation; never pooled with the confirmatory held-out estimate,m-shift_reversal-3bffbb8e9b,migliore2014_mt_soma,1,P00_canonical,spike_timing,,,0.8189268506558562,0.5
neuron_model_behavioral_validation,Neuraxis,development_pilot,PILOT2_PROTOCOL,Exploratory development data; second development iteration informed by Pilot 1; not independent confirmation; never pooled with the confirmatory held-out estimate,m-shift_reversal-3bffbb8e9b,migliore2014_mt_soma,1,P02_weak_step,trace_rmse,0.0,1.2271560801769767,1.2271560801769767,0.5
neuron_model_behavioral_validation,Neuraxis,development_pilot,PILOT2_PROTOCOL,Exploratory development data; second development iteration informed by Pilot 1; not independent confirmation; never pooled with the confirmatory held-out estimate,m-shift_reversal-3bffbb8e9b,migliore2014_mt_soma,1,P04_step_2x,trace_rmse,0.0,23.68309497323933,23.68309497323933,1.2668414978622689
neuron_model_behavioral_validation,Neuraxis,development_pilot,PILOT2_PROTOCOL,Exploratory development data; second development iteration informed by Pilot 1; not independent confirmation; never pooled with the confirmatory held-out estimate,m-shift_reversal-3bffbb8e9b,migliore2014_mt_soma,1,P04_step_2x,spike_count,7.0,6.0,1.0,0.5
neuron_model_behavioral_validation,Neuraxis,development_pilot,PILOT2_PROTOCOL,Exploratory development data; second development iteration informed by Pilot 1; not independent confirmation; never pooled with the confirmatory held-out estimate,m-shift_reversal-3bffbb8e9b,migliore2014_mt_soma,1,P05_long_step,trace_rmse,0.0,27.535102875929788,27.535102875929788,5.936702772937325
neuron_model_behavioral_validation,Neuraxis,development_pilot,PILOT2_PROTOCOL,Exploratory development data; second development iteration informed by Pilot 1; not independent confirmation; never pooled with the confirmatory held-out estimate,m-shift_reversal-3bffbb8e9b,migliore2014_mt_soma,1,P05_long_step,spike_timing,,,25.075657373732838,1.1901022229512819
neuron_model_behavioral_validation,Neuraxis,development_pilot,PILOT2_PROTOCOL,Exploratory development data; second development iteration informed by Pilot 1; not independent confirmation; never pooled with the confirmatory held-out estimate,m-shift_reversal-3bffbb8e9b,migliore2014_mt_soma,1,P06_ramp,trace_rmse,0.0,21.423539260222174,21.423539260222174,1.6222585396078615
neuron_model_behavioral_validation,Neuraxis,development_pilot,PILOT2_PROTOCOL,Exploratory development data; second development iteration informed by Pilot 1; not independent confirmation; never pooled with the confirmatory held-out estimate,m-shift_reversal-3bffbb8e9b,migliore2014_mt_soma,1,P06_ramp,spike_count,9.0,8.0,1.0,0.5
neuron_model_behavioral_validation,Neuraxis,development_pilot,PILOT2_PROTOCOL,Exploratory development data; second development iteration informed by Pilot 1; not independent confirmation; never pooled with the confirmatory held-out estimate,m-shift_reversal-3bffbb8e9b,migliore2014_mt_soma,1,P07_hyperpolarizing_step,trace_rmse,0.0,0.7530557095025716,0.7530557095025716,0.5
neuron_model_behavioral_validation,Neuraxis,development_pilot,PILOT2_PROTOCOL,Exploratory development data; second development iteration informed by Pilot 1; not independent confirmation; never pooled with the confirmatory held-out estimate,m-shift_reversal-3bffbb8e9b,migliore2014_mt_soma,1,P08_rebound,trace_rmse,0.0,0.7215773433073699,0.7215773433073699,0.5
neuron_model_behavioral_validation,Neuraxis,development_pilot,PILOT2_PROTOCOL,Exploratory development data; second development iteration informed by Pilot 1; not independent confirmation; never pooled with the confirmatory held-out estimate,m-shift_reversal-3bffbb8e9b,migliore2014_mt_soma,1,P09_short_pulse,trace_rmse,0.0,2.2724036057124044,2.2724036057124044,0.5
neuron_model_behavioral_validation,Neuraxis,development_pilot,PILOT2_PROTOCOL,Exploratory development data; second development iteration informed by Pilot 1; not independent confirmation; never pooled with the confirmatory held-out estimate,m-shift_reversal-3bffbb8e9b,migliore2014_mt_soma,2,P00_canonical,trace_rmse,0.0,7.200834668967258,7.200834668967258,1.804770140685029
neuron_model_behavioral_validation,Neuraxis,development_pilot,PILOT2_PROTOCOL,Exploratory development data; second development iteration informed by Pilot 1; not independent confirmation; never pooled with the confirmatory held-out estimate,m-shift_reversal-3bffbb8e9b,migliore2014_mt_soma,2,P00_canonical,spike_timing,,,0.8184345506627295,0.5
neuron_model_behavioral_validation,Neuraxis,development_pilot,PILOT2_PROTOCOL,Exploratory development data; second development iteration informed by Pilot 1; not independent confirmation; never pooled with the confirmatory held-out estimate,m-shift_reversal-3bffbb8e9b,migliore2014_mt_soma,2,P02_weak_step,trace_rmse,0.0,1.22715574394511,1.22715574394511,0.5
neuron_model_behavioral_validation,Neuraxis,development_pilot,PILOT2_PROTOCOL,Exploratory development data; second development iteration informed by Pilot 1; not independent confirmation; never pooled with the confirmatory held-out estimate,m-shift_reversal-3bffbb8e9b,migliore2014_mt_soma,2,P04_step_2x,trace_rmse,0.0,23.67530373729589,23.67530373729589,1.2668414978622689
neuron_model_behavioral_validation,Neuraxis,development_pilot,PILOT2_PROTOCOL,Exploratory development data; second development iteration informed by Pilot 1; not independent confirmation; never pooled with the confirmatory held-out estimate,m-shift_reversal-3bffbb8e9b,migliore2014_mt_soma,2,P04_step_2x,spike_count,7.0,6.0,1.0,0.5
neuron_model_behavioral_validation,Neuraxis,development_pilot,PILOT2_PROTOCOL,Exploratory development data; second development iteration informed by Pilot 1; not independent confirmation; never pooled with the confirmatory held-out estimate,m-shift_reversal-3bffbb8e9b,migliore2014_mt_soma,2,P05_long_step,trace_rmse,0.0,27.52538301804522,27.52538301804522,5.936702772937325
neuron_model_behavioral_validation,Neuraxis,development_pilot,PILOT2_PROTOCOL,Exploratory development data; second development iteration informed by Pilot 1; not independent confirmation; never pooled with the confirmatory held-out estimate,m-shift_reversal-3bffbb8e9b,migliore2014_mt_soma,2,P05_long_step,spike_timing,,,24.899646734758335,1.1901022229512819
neuron_model_behavioral_validation,Neuraxis,development_pilot,PILOT2_PROTOCOL,Exploratory development data; second development iteration informed by Pilot 1; not independent confirmation; never pooled with the confirmatory held-out estimate,m-shift_reversal-3bffbb8e9b,migliore2014_mt_soma,2,P06_ramp,trace_rmse,0.0,21.410921309655492,21.410921309655492,1.6222585396078615
neuron_model_behavioral_validation,Neuraxis,development_pilot,PILOT2_PROTOCOL,Exploratory development data; second development iteration informed by Pilot 1; not independent confirmation; never pooled with the confirmatory held-out estimate,m-shift_reversal-3bffbb8e9b,migliore2014_mt_soma,2,P06_ramp,spike_count,9.0,8.0,1.0,0.5
neuron_model_behavioral_validation,Neuraxis,development_pilot,PILOT2_PROTOCOL,Exploratory development data; second development iteration informed by Pilot 1; not independent confirmation; never pooled with the confirmatory held-out estimate,m-shift_reversal-3bffbb8e9b,migliore2014_mt_soma,2,P07_hyperpolarizing_step,trace_rmse,0.0,0.7530498854442564,0.7530498854442564,0.5
neuron_model_behavioral_validation,Neuraxis,development_pilot,PILOT2_PROTOCOL,Exploratory development data; second development iteration informed by Pilot 1; not independent confirmation; never pooled with the confirmatory held-out estimate,m-shift_reversal-3bffbb8e9b,migliore2014_mt_soma,2,P08_rebound,trace_rmse,0.0,0.7215694367330688,0.7215694367330688,0.5
neuron_model_behavioral_validation,Neuraxis,development_pilot,PILOT2_PROTOCOL,Exploratory development data; second development iteration informed by Pilot 1; not independent confirmation; never pooled with the confirmatory held-out estimate,m-shift_reversal-3bffbb8e9b,migliore2014_mt_soma,2,P09_short_pulse,trace_rmse,0.0,2.274168092493998,2.274168092493998,0.5
neuron_model_behavioral_validation,Neuraxis,development_pilot,PILOT2_PROTOCOL,Exploratory development data; second development iteration informed by Pilot 1; not independent confirmation; never pooled with the confirmatory held-out estimate,m-shift_reversal-9acb9774d9,migliore2014_mt_soma,1,P00_canonical,trace_rmse,0.0,4.437785094352814,4.437785094352814,1.804770140685029
neuron_model_behavioral_validation,Neuraxis,development_pilot,PILOT2_PROTOCOL,Exploratory development data; second development iteration informed by Pilot 1; not independent confirmation; never pooled with the confirmatory held-out estimate,m-shift_reversal-9acb9774d9,migliore2014_mt_soma,1,P04_step_2x,trace_rmse,0.0,18.51125901319808,18.51125901319808,1.2668414978622689
neuron_model_behavioral_validation,Neuraxis,development_pilot,PILOT2_PROTOCOL,Exploratory development data; second development iteration informed by Pilot 1; not independent confirmation; never pooled with the confirmatory held-out estimate,m-shift_reversal-9acb9774d9,migliore2014_mt_soma,1,P04_step_2x,spike_timing,,,5.9460656406569115,0.5
neuron_model_behavioral_validation,Neuraxis,development_pilot,PILOT2_PROTOCOL,Exploratory development data; second development iteration informed by Pilot 1; not independent confirmation; never pooled with the confirmatory held-out estimate,m-shift_reversal-9acb9774d9,migliore2014_mt_soma,1,P05_long_step,trace_rmse,0.0,22.368554091984343,22.368554091984343,5.936702772937325
neuron_model_behavioral_validation,Neuraxis,development_pilot,PILOT2_PROTOCOL,Exploratory development data; second development iteration informed by Pilot 1; not independent confirmation; never pooled with the confirmatory held-out estimate,m-shift_reversal-9acb9774d9,migliore2014_mt_soma,1,P05_long_step,spike_timing,,,24.587951481148593,1.1901022229512819
neuron_model_behavioral_validation,Neuraxis,development_pilot,PILOT2_PROTOCOL,Exploratory development data; second development iteration informed by Pilot 1; not independent confirmation; never pooled with the confirmatory held-out estimate,m-shift_reversal-9acb9774d9,migliore2014_mt_soma,1,P06_ramp,trace_rmse,0.0,24.325686483287438,24.325686483287438,1.6222585396078615
neuron_model_behavioral_validation,Neuraxis,development_pilot,PILOT2_PROTOCOL,Exploratory development data; second development iteration informed by Pilot 1; not independent confirmation; never pooled with the confirmatory held-out estimate,m-shift_reversal-9acb9774d9,migliore2014_mt_soma,1,P06_ramp,spike_timing,,,10.909186624281574,0.5
neuron_model_behavioral_validation,Neuraxis,development_pilot,PILOT2_PROTOCOL,Exploratory development data; second development iteration informed by Pilot 1; not independent confirmation; never pooled with the confirmatory held-out estimate,m-shift_reversal-9acb9774d9,migliore2014_mt_soma,1,P09_short_pulse,trace_rmse,0.0,1.524962255560039,1.524962255560039,0.5
neuron_model_behavioral_validation,Neuraxis,development_pilot,PILOT2_PROTOCOL,Exploratory development data; second development iteration informed by Pilot 1; not independent confirmation; never pooled with the confirmatory held-out estimate,m-shift_reversal-9acb9774d9,migliore2014_mt_soma,2,P00_canonical,trace_rmse,0.0,4.460175408557628,4.460175408557628,1.804770140685029
neuron_model_behavioral_validation,Neuraxis,development_pilot,PILOT2_PROTOCOL,Exploratory development data; second development iteration informed by Pilot 1; not independent confirmation; never pooled with the confirmatory held-out estimate,m-shift_reversal-9acb9774d9,migliore2014_mt_soma,2,P04_step_2x,trace_rmse,0.0,18.503139714328608,18.503139714328608,1.2668414978622689
neuron_model_behavioral_validation,Neuraxis,development_pilot,PILOT2_PROTOCOL,Exploratory development data; second development iteration informed by Pilot 1; not independent confirmation; never pooled with the confirmatory held-out estimate,m-shift_reversal-9acb9774d9,migliore2014_mt_soma,2,P04_step_2x,spike_timing,,,5.945764967222544,0.5
neuron_model_behavioral_validation,Neuraxis,development_pilot,PILOT2_PROTOCOL,Exploratory development data; second development iteration informed by Pilot 1; not independent confirmation; never pooled with the confirmatory held-out estimate,m-shift_reversal-9acb9774d9,migliore2014_mt_soma,2,P05_long_step,trace_rmse,0.0,22.346566615942827,22.346566615942827,5.936702772937325
neuron_model_behavioral_validation,Neuraxis,development_pilot,PILOT2_PROTOCOL,Exploratory development data; second development iteration informed by Pilot 1; not independent confirmation; never pooled with the confirmatory held-out estimate,m-shift_reversal-9acb9774d9,migliore2014_mt_soma,2,P05_long_step,spike_timing,,,24.443499966576383,1.1901022229512819
neuron_model_behavioral_validation,Neuraxis,development_pilot,PILOT2_PROTOCOL,Exploratory development data; second development iteration informed by Pilot 1; not independent confirmation; never pooled with the confirmatory held-out estimate,m-shift_reversal-9acb9774d9,migliore2014_mt_soma,2,P06_ramp,trace_rmse,0.0,24.320440000650773,24.320440000650773,1.6222585396078615
neuron_model_behavioral_validation,Neuraxis,development_pilot,PILOT2_PROTOCOL,Exploratory development data; second development iteration informed by Pilot 1; not independent confirmation; never pooled with the confirmatory held-out estimate,m-shift_reversal-9acb9774d9,migliore2014_mt_soma,2,P06_ramp,spike_timing,,,10.906657858570497,0.5
neuron_model_behavioral_validation,Neuraxis,development_pilot,PILOT2_PROTOCOL,Exploratory development data; second development iteration informed by Pilot 1; not independent confirmation; never pooled with the confirmatory held-out estimate,m-shift_reversal-9acb9774d9,migliore2014_mt_soma,2,P09_short_pulse,trace_rmse,0.0,1.525335110690176,1.525335110690176,0.5
neuron_model_behavioral_validation,Neuraxis,development_pilot,PILOT2_PROTOCOL,Exploratory development data; second development iteration informed by Pilot 1; not independent confirmation; never pooled with the confirmatory held-out estimate,m-scale_capacitance-669e5e35b9,migliore2014_mt_soma,1,P00_canonical,trace_rmse,0.0,17.758756486236496,17.758756486236496,1.804770140685029
neuron_model_behavioral_validation,Neuraxis,development_pilot,PILOT2_PROTOCOL,Exploratory development data; second development iteration informed by Pilot 1; not independent confirmation; never pooled with the confirmatory held-out estimate,m-scale_capacitance-669e5e35b9,migliore2014_mt_soma,1,P00_canonical,spike_timing,,,2.7654555638066967,0.5
neuron_model_behavioral_validation,Neuraxis,development_pilot,PILOT2_PROTOCOL,Exploratory development data; second development iteration informed by Pilot 1; not independent confirmation; never pooled with the confirmatory held-out estimate,m-scale_capacitance-669e5e35b9,migliore2014_mt_soma,1,P04_step_2x,trace_rmse,0.0,25.266918301282995,25.266918301282995,1.2668414978622689
neuron_model_behavioral_validation,Neuraxis,development_pilot,PILOT2_PROTOCOL,Exploratory development data; second development iteration informed by Pilot 1; not independent confirmation; never pooled with the confirmatory held-out estimate,m-scale_capacitance-669e5e35b9,migliore2014_mt_soma,1,P04_step_2x,spike_timing,,,25.117631864594046,0.5
neuron_model_behavioral_validation,Neuraxis,development_pilot,PILOT2_PROTOCOL,Exploratory development data; second development iteration informed by Pilot 1; not independent confirmation; never pooled with the confirmatory held-out estimate,m-scale_capacitance-669e5e35b9,migliore2014_mt_soma,1,P05_long_step,trace_rmse,0.0,28.39672266440671,28.39672266440671,5.936702772937325
neuron_model_behavioral_validation,Neuraxis,development_pilot,PILOT2_PROTOCOL,Exploratory development data; second development iteration informed by Pilot 1; not independent confirmation; never pooled with the confirmatory held-out estimate,m-scale_capacitance-669e5e35b9,migliore2014_mt_soma,1,P05_long_step,spike_count,19.0,20.0,1.0,0.5
neuron_model_behavioral_validation,Neuraxis,development_pilot,PILOT2_PROTOCOL,Exploratory development data; second development iteration informed by Pilot 1; not independent confirmation; never pooled with the confirmatory held-out estimate,m-scale_capacitance-669e5e35b9,migliore2014_mt_soma,1,P06_ramp,trace_rmse,0.0,24.75030958133899,24.75030958133899,1.6222585396078615
neuron_model_behavioral_validation,Neuraxis,development_pilot,PILOT2_PROTOCOL,Exploratory development data; second development iteration informed by Pilot 1; not independent confirmation; never pooled with the confirmatory held-out estimate,m-scale_capacitance-669e5e35b9,migliore2014_mt_soma,1,P06_ramp,spike_timing,,,28.606144062058092,0.5
neuron_model_behavioral_validation,Neuraxis,development_pilot,PILOT2_PROTOCOL,Exploratory development data; second development iteration informed by Pilot 1; not independent confirmation; never pooled with the confirmatory held-out estimate,m-scale_capacitance-669e5e35b9,migliore2014_mt_soma,1,P08_rebound,trace_rmse,0.0,0.6999097581350022,0.6999097581350022,0.5
neuron_model_behavioral_validation,Neuraxis,development_pilot,PILOT2_PROTOCOL,Exploratory development data; second development iteration informed by Pilot 1; not independent confirmation; never pooled with the confirmatory held-out estimate,m-scale_capacitance-669e5e35b9,migliore2014_mt_soma,1,P09_short_pulse,trace_rmse,0.0,5.117961753927396,5.117961753927396,0.5
neuron_model_behavioral_validation,Neuraxis,development_pilot,PILOT2_PROTOCOL,Exploratory development data; second development iteration informed by Pilot 1; not independent confirmation; never pooled with the confirmatory held-out estimate,m-scale_capacitance-669e5e35b9,migliore2014_mt_soma,1,P09_short_pulse,spike_timing,,,1.3862739750319975,0.5
neuron_model_behavioral_validation,Neuraxis,development_pilot,PILOT2_PROTOCOL,Exploratory development data; second development iteration informed by Pilot 1; not independent confirmation; never pooled with the confirmatory held-out estimate,m-scale_capacitance-669e5e35b9,migliore2014_mt_soma,2,P00_canonical,trace_rmse,0.0,17.754286561358132,17.754286561358132,1.804770140685029
neuron_model_behavioral_validation,Neuraxis,development_pilot,PILOT2_PROTOCOL,Exploratory development data; second development iteration informed by Pilot 1; not independent confirmation; never pooled with the confirmatory held-out estimate,m-scale_capacitance-669e5e35b9,migliore2014_mt_soma,2,P00_canonical,spike_timing,,,2.763640120155486,0.5
neuron_model_behavioral_validation,Neuraxis,development_pilot,PILOT2_PROTOCOL,Exploratory development data; second development iteration informed by Pilot 1; not independent confirmation; never pooled with the confirmatory held-out estimate,m-scale_capacitance-669e5e35b9,migliore2014_mt_soma,2,P04_step_2x,trace_rmse,0.0,25.263494941296194,25.263494941296194,1.2668414978622689
neuron_model_behavioral_validation,Neuraxis,development_pilot,PILOT2_PROTOCOL,Exploratory development data; second development iteration informed by Pilot 1; not independent confirmation; never pooled with the confirmatory held-out estimate,m-scale_capacitance-669e5e35b9,migliore2014_mt_soma,2,P04_step_2x,spike_timing,,,25.13321133910995,0.5
neuron_model_behavioral_validation,Neuraxis,development_pilot,PILOT2_PROTOCOL,Exploratory development data; second development iteration informed by Pilot 1; not independent confirmation; never pooled with the confirmatory held-out estimate,m-scale_capacitance-669e5e35b9,migliore2014_mt_soma,2,P05_long_step,trace_rmse,0.0,28.392509376571763,28.392509376571763,5.936702772937325
neuron_model_behavioral_validation,Neuraxis,development_pilot,PILOT2_PROTOCOL,Exploratory development data; second development iteration informed by Pilot 1; not independent confirmation; never pooled with the confirmatory held-out estimate,m-scale_capacitance-669e5e35b9,migliore2014_mt_soma,2,P05_long_step,spike_count,19.0,20.0,1.0,0.5
neuron_model_behavioral_validation,Neuraxis,development_pilot,PILOT2_PROTOCOL,Exploratory development data; second development iteration informed by Pilot 1; not independent confirmation; never pooled with the confirmatory held-out estimate,m-scale_capacitance-669e5e35b9,migliore2014_mt_soma,2,P06_ramp,trace_rmse,0.0,24.74693657138001,24.74693657138001,1.6222585396078615
neuron_model_behavioral_validation,Neuraxis,development_pilot,PILOT2_PROTOCOL,Exploratory development data; second development iteration informed by Pilot 1; not independent confirmation; never pooled with the confirmatory held-out estimate,m-scale_capacitance-669e5e35b9,migliore2014_mt_soma,2,P06_ramp,spike_timing,,,28.623139043790616,0.5
neuron_model_behavioral_validation,Neuraxis,development_pilot,PILOT2_PROTOCOL,Exploratory development data; second development iteration informed by Pilot 1; not independent confirmation; never pooled with the confirmatory held-out estimate,m-scale_capacitance-669e5e35b9,migliore2014_mt_soma,2,P08_rebound,trace_rmse,0.0,0.6998831567620336,0.6998831567620336,0.5
neuron_model_behavioral_validation,Neuraxis,development_pilot,PILOT2_PROTOCOL,Exploratory development data; second development iteration informed by Pilot 1; not independent confirmation; never pooled with the confirmatory held-out estimate,m-scale_capacitance-669e5e35b9,migliore2014_mt_soma,2,P09_short_pulse,trace_rmse,0.0,5.105771324461392,5.105771324461392,0.5
neuron_model_behavioral_validation,Neuraxis,development_pilot,PILOT2_PROTOCOL,Exploratory development data; second development iteration informed by Pilot 1; not independent confirmation; never pooled with the confirmatory held-out estimate,m-scale_capacitance-669e5e35b9,migliore2014_mt_soma,2,P09_short_pulse,spike_timing,,,1.3792784195978243,0.5
neuron_model_behavioral_validation,Neuraxis,development_pilot,PILOT2_PROTOCOL,Exploratory development data; second development iteration informed by Pilot 1; not independent confirmation; never pooled with the confirmatory held-out estimate,m-scale_capacitance-f459583f48,migliore2014_mt_soma,1,P00_canonical,trace_rmse,0.0,29.94663556986061,29.94663556986061,1.804770140685029
neuron_model_behavioral_validation,Neuraxis,development_pilot,PILOT2_PROTOCOL,Exploratory development data; second development iteration informed by Pilot 1; not independent confirmation; never pooled with the confirmatory held-out estimate,m-scale_capacitance-f459583f48,migliore2014_mt_soma,1,P00_canonical,spike_timing,,,6.931474757072323,0.5
neuron_model_behavioral_validation,Neuraxis,development_pilot,PILOT2_PROTOCOL,Exploratory development data; second development iteration informed by Pilot 1; not independent confirmation; never pooled with the confirmatory held-out estimate,m-scale_capacitance-f459583f48,migliore2014_mt_soma,1,P04_step_2x,trace_rmse,0.0,27.485462911108897,27.485462911108897,1.2668414978622689
neuron_model_behavioral_validation,Neuraxis,development_pilot,PILOT2_PROTOCOL,Exploratory development data; second development iteration informed by Pilot 1; not independent confirmation; never pooled with the confirmatory held-out estimate,m-scale_capacitance-f459583f48,migliore2014_mt_soma,1,P04_step_2x,spike_count,7.0,8.0,1.0,0.5
neuron_model_behavioral_validation,Neuraxis,development_pilot,PILOT2_PROTOCOL,Exploratory development data; second development iteration informed by Pilot 1; not independent confirmation; never pooled with the confirmatory held-out estimate,m-scale_capacitance-f459583f48,migliore2014_mt_soma,1,P05_long_step,trace_rmse,0.0,27.792142020755353,27.792142020755353,5.936702772937325
neuron_model_behavioral_validation,Neuraxis,development_pilot,PILOT2_PROTOCOL,Exploratory development data; second development iteration informed by Pilot 1; not independent confirmation; never pooled with the confirmatory held-out estimate,m-scale_capacitance-f459583f48,migliore2014_mt_soma,1,P05_long_step,spike_count,19.0,21.0,2.0,0.5
neuron_model_behavioral_validation,Neuraxis,development_pilot,PILOT2_PROTOCOL,Exploratory development data; second development iteration informed by Pilot 1; not independent confirmation; never pooled with the confirmatory held-out estimate,m-scale_capacitance-f459583f48,migliore2014_mt_soma,1,P06_ramp,trace_rmse,0.0,23.516142858949944,23.516142858949944,1.6222585396078615
neuron_model_behavioral_validation,Neuraxis,development_pilot,PILOT2_PROTOCOL,Exploratory development data; second development iteration informed by Pilot 1; not independent confirmation; never pooled with the confirmatory held-out estimate,m-scale_capacitance-f459583f48,migliore2014_mt_soma,1,P06_ramp,spike_count,9.0,10.0,1.0,0.5
neuron_model_behavioral_validation,Neuraxis,development_pilot,PILOT2_PROTOCOL,Exploratory development data; second development iteration informed by Pilot 1; not independent confirmation; never pooled with the confirmatory held-out estimate,m-scale_capacitance-f459583f48,migliore2014_mt_soma,1,P07_hyperpolarizing_step,trace_rmse,0.0,0.9229942577505797,0.9229942577505797,0.5
neuron_model_behavioral_validation,Neuraxis,development_pilot,PILOT2_PROTOCOL,Exploratory development data; second development iteration informed by Pilot 1; not independent confirmation; never pooled with the confirmatory held-out estimate,m-scale_capacitance-f459583f48,migliore2014_mt_soma,1,P08_rebound,trace_rmse,0.0,1.9209281062673347,1.9209281062673347,0.5
neuron_model_behavioral_validation,Neuraxis,development_pilot,PILOT2_PROTOCOL,Exploratory development data; second development iteration informed by Pilot 1; not independent confirmation; never pooled with the confirmatory held-out estimate,m-scale_capacitance-f459583f48,migliore2014_mt_soma,1,P09_short_pulse,trace_rmse,0.0,8.402967824404897,8.402967824404897,0.5
neuron_model_behavioral_validation,Neuraxis,development_pilot,PILOT2_PROTOCOL,Exploratory development data; second development iteration informed by Pilot 1; not independent confirmation; never pooled with the confirmatory held-out estimate,m-scale_capacitance-f459583f48,migliore2014_mt_soma,1,P09_short_pulse,spike_timing,,,2.559053826612228,0.5
neuron_model_behavioral_validation,Neuraxis,development_pilot,PILOT2_PROTOCOL,Exploratory development data; second development iteration informed by Pilot 1; not independent confirmation; never pooled with the confirmatory held-out estimate,m-scale_capacitance-f459583f48,migliore2014_mt_soma,2,P00_canonical,trace_rmse,0.0,29.938981660365165,29.938981660365165,1.804770140685029
neuron_model_behavioral_validation,Neuraxis,development_pilot,PILOT2_PROTOCOL,Exploratory development data; second development iteration informed by Pilot 1; not independent confirmation; never pooled with the confirmatory held-out estimate,m-scale_capacitance-f459583f48,migliore2014_mt_soma,2,P00_canonical,spike_timing,,,6.925996471728087,0.5
neuron_model_behavioral_validation,Neuraxis,development_pilot,PILOT2_PROTOCOL,Exploratory development data; second development iteration informed by Pilot 1; not independent confirmation; never pooled with the confirmatory held-out estimate,m-scale_capacitance-f459583f48,migliore2014_mt_soma,2,P04_step_2x,trace_rmse,0.0,27.479536583787333,27.479536583787333,1.2668414978622689
neuron_model_behavioral_validation,Neuraxis,development_pilot,PILOT2_PROTOCOL,Exploratory development data; second development iteration informed by Pilot 1; not independent confirmation; never pooled with the confirmatory held-out estimate,m-scale_capacitance-f459583f48,migliore2014_mt_soma,2,P04_step_2x,spike_count,7.0,8.0,1.0,0.5
neuron_model_behavioral_validation,Neuraxis,development_pilot,PILOT2_PROTOCOL,Exploratory development data; second development iteration informed by Pilot 1; not independent confirmation; never pooled with the confirmatory held-out estimate,m-scale_capacitance-f459583f48,migliore2014_mt_soma,2,P05_long_step,trace_rmse,0.0,27.793763547123838,27.793763547123838,5.936702772937325
neuron_model_behavioral_validation,Neuraxis,development_pilot,PILOT2_PROTOCOL,Exploratory development data; second development iteration informed by Pilot 1; not independent confirmation; never pooled with the confirmatory held-out estimate,m-scale_capacitance-f459583f48,migliore2014_mt_soma,2,P05_long_step,spike_count,19.0,21.0,2.0,0.5
neuron_model_behavioral_validation,Neuraxis,development_pilot,PILOT2_PROTOCOL,Exploratory development data; second development iteration informed by Pilot 1; not independent confirmation; never pooled with the confirmatory held-out estimate,m-scale_capacitance-f459583f48,migliore2014_mt_soma,2,P06_ramp,trace_rmse,0.0,23.512479296221784,23.512479296221784,1.6222585396078615
neuron_model_behavioral_validation,Neuraxis,development_pilot,PILOT2_PROTOCOL,Exploratory development data; second development iteration informed by Pilot 1; not independent confirmation; never pooled with the confirmatory held-out estimate,m-scale_capacitance-f459583f48,migliore2014_mt_soma,2,P06_ramp,spike_count,9.0,10.0,1.0,0.5
neuron_model_behavioral_validation,Neuraxis,development_pilot,PILOT2_PROTOCOL,Exploratory development data; second development iteration informed by Pilot 1; not independent confirmation; never pooled with the confirmatory held-out estimate,m-scale_capacitance-f459583f48,migliore2014_mt_soma,2,P07_hyperpolarizing_step,trace_rmse,0.0,0.9229369989246319,0.9229369989246319,0.5
neuron_model_behavioral_validation,Neuraxis,development_pilot,PILOT2_PROTOCOL,Exploratory development data; second development iteration informed by Pilot 1; not independent confirmation; never pooled with the confirmatory held-out estimate,m-scale_capacitance-f459583f48,migliore2014_mt_soma,2,P08_rebound,trace_rmse,0.0,1.9208418701260312,1.9208418701260312,0.5
neuron_model_behavioral_validation,Neuraxis,development_pilot,PILOT2_PROTOCOL,Exploratory development data; second development iteration informed by Pilot 1; not independent confirmation; never pooled with the confirmatory held-out estimate,m-scale_capacitance-f459583f48,migliore2014_mt_soma,2,P09_short_pulse,trace_rmse,0.0,8.384602155851804,8.384602155851804,0.5
neuron_model_behavioral_validation,Neuraxis,development_pilot,PILOT2_PROTOCOL,Exploratory development data; second development iteration informed by Pilot 1; not independent confirmation; never pooled with the confirmatory held-out estimate,m-scale_capacitance-f459583f48,migliore2014_mt_soma,2,P09_short_pulse,spike_timing,,,2.547265908892598,0.5
neuron_model_behavioral_validation,Neuraxis,development_pilot,PILOT2_PROTOCOL,Exploratory development data; second development iteration informed by Pilot 1; not independent confirmation; never pooled with the confirmatory held-out estimate,m-shift_gate_midpoint-f6ccf19d87,migliore2014_mt_soma,1,P00_canonical,trace_rmse,0.0,9.335914156283668,9.335914156283668,1.804770140685029
neuron_model_behavioral_validation,Neuraxis,development_pilot,PILOT2_PROTOCOL,Exploratory development data; second development iteration informed by Pilot 1; not independent confirmation; never pooled with the confirmatory held-out estimate,m-shift_gate_midpoint-f6ccf19d87,migliore2014_mt_soma,1,P00_canonical,spike_timing,,,1.1374044009450444,0.5
neuron_model_behavioral_validation,Neuraxis,development_pilot,PILOT2_PROTOCOL,Exploratory development data; second development iteration informed by Pilot 1; not independent confirmation; never pooled with the confirmatory held-out estimate,m-shift_gate_midpoint-f6ccf19d87,migliore2014_mt_soma,1,P02_weak_step,trace_rmse,0.0,1.2577478706364265,1.2577478706364265,0.5
neuron_model_behavioral_validation,Neuraxis,development_pilot,PILOT2_PROTOCOL,Exploratory development data; second development iteration informed by Pilot 1; not independent confirmation; never pooled with the confirmatory held-out estimate,m-shift_gate_midpoint-f6ccf19d87,migliore2014_mt_soma,1,P04_step_2x,trace_rmse,0.0,21.154899553321883,21.154899553321883,1.2668414978622689
neuron_model_behavioral_validation,Neuraxis,development_pilot,PILOT2_PROTOCOL,Exploratory development data; second development iteration informed by Pilot 1; not independent confirmation; never pooled with the confirmatory held-out estimate,m-shift_gate_midpoint-f6ccf19d87,migliore2014_mt_soma,1,P04_step_2x,spike_count,7.0,5.0,2.0,0.5
neuron_model_behavioral_validation,Neuraxis,development_pilot,PILOT2_PROTOCOL,Exploratory development data; second development iteration informed by Pilot 1; not independent confirmation; never pooled with the confirmatory held-out estimate,m-shift_gate_midpoint-f6ccf19d87,migliore2014_mt_soma,1,P05_long_step,trace_rmse,0.0,23.295293670563535,23.295293670563535,5.936702772937325
neuron_model_behavioral_validation,Neuraxis,development_pilot,PILOT2_PROTOCOL,Exploratory development data; second development iteration informed by Pilot 1; not independent confirmation; never pooled with the confirmatory held-out estimate,m-shift_gate_midpoint-f6ccf19d87,migliore2014_mt_soma,1,P05_long_step,spike_count,19.0,10.0,9.0,0.5
neuron_model_behavioral_validation,Neuraxis,development_pilot,PILOT2_PROTOCOL,Exploratory development data; second development iteration informed by Pilot 1; not independent confirmation; never pooled with the confirmatory held-out estimate,m-shift_gate_midpoint-f6ccf19d87,migliore2014_mt_soma,1,P06_ramp,trace_rmse,0.0,20.689432905013287,20.689432905013287,1.6222585396078615
neuron_model_behavioral_validation,Neuraxis,development_pilot,PILOT2_PROTOCOL,Exploratory development data; second development iteration informed by Pilot 1; not independent confirmation; never pooled with the confirmatory held-out estimate,m-shift_gate_midpoint-f6ccf19d87,migliore2014_mt_soma,1,P06_ramp,spike_count,9.0,6.0,3.0,0.5
neuron_model_behavioral_validation,Neuraxis,development_pilot,PILOT2_PROTOCOL,Exploratory development data; second development iteration informed by Pilot 1; not independent confirmation; never pooled with the confirmatory held-out estimate,m-shift_gate_midpoint-f6ccf19d87,migliore2014_mt_soma,1,P07_hyperpolarizing_step,trace_rmse,0.0,0.6371164874567714,0.6371164874567714,0.5
neuron_model_behavioral_validation,Neuraxis,development_pilot,PILOT2_PROTOCOL,Exploratory development data; second development iteration informed by Pilot 1; not independent confirmation; never pooled with the confirmatory held-out estimate,m-shift_gate_midpoint-f6ccf19d87,migliore2014_mt_soma,1,P08_rebound,trace_rmse,0.0,0.6459769569499825,0.6459769569499825,0.5
neuron_model_behavioral_validation,Neuraxis,development_pilot,PILOT2_PROTOCOL,Exploratory development data; second development iteration informed by Pilot 1; not independent confirmation; never pooled with the confirmatory held-out estimate,m-shift_gate_midpoint-f6ccf19d87,migliore2014_mt_soma,1,P09_short_pulse,trace_rmse,0.0,2.5154081569258393,2.5154081569258393,0.5
neuron_model_behavioral_validation,Neuraxis,development_pilot,PILOT2_PROTOCOL,Exploratory development data; second development iteration informed by Pilot 1; not independent confirmation; never pooled with the confirmatory held-out estimate,m-shift_gate_midpoint-f6ccf19d87,migliore2014_mt_soma,1,P09_short_pulse,spike_timing,,,0.5595085052045192,0.5
neuron_model_behavioral_validation,Neuraxis,development_pilot,PILOT2_PROTOCOL,Exploratory development data; second development iteration informed by Pilot 1; not independent confirmation; never pooled with the confirmatory held-out estimate,m-shift_gate_midpoint-f6ccf19d87,migliore2014_mt_soma,2,P00_canonical,trace_rmse,0.0,9.360283153528211,9.360283153528211,1.804770140685029
neuron_model_behavioral_validation,Neuraxis,development_pilot,PILOT2_PROTOCOL,Exploratory development data; second development iteration informed by Pilot 1; not independent confirmation; never pooled with the confirmatory held-out estimate,m-shift_gate_midpoint-f6ccf19d87,migliore2014_mt_soma,2,P00_canonical,spike_timing,,,1.1364565674412361,0.5
neuron_model_behavioral_validation,Neuraxis,development_pilot,PILOT2_PROTOCOL,Exploratory development data; second development iteration informed by Pilot 1; not independent confirmation; never pooled with the confirmatory held-out estimate,m-shift_gate_midpoint-f6ccf19d87,migliore2014_mt_soma,2,P02_weak_step,trace_rmse,0.0,1.2577487748610334,1.2577487748610334,0.5
neuron_model_behavioral_validation,Neuraxis,development_pilot,PILOT2_PROTOCOL,Exploratory development data; second development iteration informed by Pilot 1; not independent confirmation; never pooled with the confirmatory held-out estimate,m-shift_gate_midpoint-f6ccf19d87,migliore2014_mt_soma,2,P04_step_2x,trace_rmse,0.0,21.15374414674741,21.15374414674741,1.2668414978622689
neuron_model_behavioral_validation,Neuraxis,development_pilot,PILOT2_PROTOCOL,Exploratory development data; second development iteration informed by Pilot 1; not independent confirmation; never pooled with the confirmatory held-out estimate,m-shift_gate_midpoint-f6ccf19d87,migliore2014_mt_soma,2,P04_step_2x,spike_count,7.0,5.0,2.0,0.5
neuron_model_behavioral_validation,Neuraxis,development_pilot,PILOT2_PROTOCOL,Exploratory development data; second development iteration informed by Pilot 1; not independent confirmation; never pooled with the confirmatory held-out estimate,m-shift_gate_midpoint-f6ccf19d87,migliore2014_mt_soma,2,P05_long_step,trace_rmse,0.0,23.309603749018695,23.309603749018695,5.936702772937325
neuron_model_behavioral_validation,Neuraxis,development_pilot,PILOT2_PROTOCOL,Exploratory development data; second development iteration informed by Pilot 1; not independent confirmation; never pooled with the confirmatory held-out estimate,m-shift_gate_midpoint-f6ccf19d87,migliore2014_mt_soma,2,P05_long_step,spike_count,19.0,10.0,9.0,0.5
neuron_model_behavioral_validation,Neuraxis,development_pilot,PILOT2_PROTOCOL,Exploratory development data; second development iteration informed by Pilot 1; not independent confirmation; never pooled with the confirmatory held-out estimate,m-shift_gate_midpoint-f6ccf19d87,migliore2014_mt_soma,2,P06_ramp,trace_rmse,0.0,20.68352021043003,20.68352021043003,1.6222585396078615
neuron_model_behavioral_validation,Neuraxis,development_pilot,PILOT2_PROTOCOL,Exploratory development data; second development iteration informed by Pilot 1; not independent confirmation; never pooled with the confirmatory held-out estimate,m-shift_gate_midpoint-f6ccf19d87,migliore2014_mt_soma,2,P06_ramp,spike_count,9.0,6.0,3.0,0.5
neuron_model_behavioral_validation,Neuraxis,development_pilot,PILOT2_PROTOCOL,Exploratory development data; second development iteration informed by Pilot 1; not independent confirmation; never pooled with the confirmatory held-out estimate,m-shift_gate_midpoint-f6ccf19d87,migliore2014_mt_soma,2,P07_hyperpolarizing_step,trace_rmse,0.0,0.6371111247605759,0.6371111247605759,0.5
neuron_model_behavioral_validation,Neuraxis,development_pilot,PILOT2_PROTOCOL,Exploratory development data; second development iteration informed by Pilot 1; not independent confirmation; never pooled with the confirmatory held-out estimate,m-shift_gate_midpoint-f6ccf19d87,migliore2014_mt_soma,2,P08_rebound,trace_rmse,0.0,0.6459714284109898,0.6459714284109898,0.5
neuron_model_behavioral_validation,Neuraxis,development_pilot,PILOT2_PROTOCOL,Exploratory development data; second development iteration informed by Pilot 1; not independent confirmation; never pooled with the confirmatory held-out estimate,m-shift_gate_midpoint-f6ccf19d87,migliore2014_mt_soma,2,P09_short_pulse,trace_rmse,0.0,2.5157252765182725,2.5157252765182725,0.5
neuron_model_behavioral_validation,Neuraxis,development_pilot,PILOT2_PROTOCOL,Exploratory development data; second development iteration informed by Pilot 1; not independent confirmation; never pooled with the confirmatory held-out estimate,m-shift_gate_midpoint-f6ccf19d87,migliore2014_mt_soma,2,P09_short_pulse,spike_timing,,,0.5566084228644286,0.5
neuron_model_behavioral_validation,Neuraxis,development_pilot,PILOT2_PROTOCOL,Exploratory development data; second development iteration informed by Pilot 1; not independent confirmation; never pooled with the confirmatory held-out estimate,m-shift_gate_midpoint-c36e1e57f0,migliore2014_mt_soma,1,P04_step_2x,trace_rmse,0.0,10.551026156395674,10.551026156395674,1.2668414978622689
neuron_model_behavioral_validation,Neuraxis,development_pilot,PILOT2_PROTOCOL,Exploratory development data; second development iteration informed by Pilot 1; not independent confirmation; never pooled with the confirmatory held-out estimate,m-shift_gate_midpoint-c36e1e57f0,migliore2014_mt_soma,1,P04_step_2x,spike_timing,,,3.3734256024225715,0.5
neuron_model_behavioral_validation,Neuraxis,development_pilot,PILOT2_PROTOCOL,Exploratory development data; second development iteration informed by Pilot 1; not independent confirmation; never pooled with the confirmatory held-out estimate,m-shift_gate_midpoint-c36e1e57f0,migliore2014_mt_soma,1,P05_long_step,trace_rmse,0.0,25.874692972570827,25.874692972570827,5.936702772937325
neuron_model_behavioral_validation,Neuraxis,development_pilot,PILOT2_PROTOCOL,Exploratory development data; second development iteration informed by Pilot 1; not independent confirmation; never pooled with the confirmatory held-out estimate,m-shift_gate_midpoint-c36e1e57f0,migliore2014_mt_soma,1,P05_long_step,spike_count,19.0,18.0,1.0,0.5
neuron_model_behavioral_validation,Neuraxis,development_pilot,PILOT2_PROTOCOL,Exploratory development data; second development iteration informed by Pilot 1; not independent confirmation; never pooled with the confirmatory held-out estimate,m-shift_gate_midpoint-c36e1e57f0,migliore2014_mt_soma,1,P06_ramp,trace_rmse,0.0,23.650764894436204,23.650764894436204,1.6222585396078615
neuron_model_behavioral_validation,Neuraxis,development_pilot,PILOT2_PROTOCOL,Exploratory development data; second development iteration informed by Pilot 1; not independent confirmation; never pooled with the confirmatory held-out estimate,m-shift_gate_midpoint-c36e1e57f0,migliore2014_mt_soma,1,P06_ramp,spike_count,9.0,8.0,1.0,0.5
neuron_model_behavioral_validation,Neuraxis,development_pilot,PILOT2_PROTOCOL,Exploratory development data; second development iteration informed by Pilot 1; not independent confirmation; never pooled with the confirmatory held-out estimate,m-shift_gate_midpoint-c36e1e57f0,migliore2014_mt_soma,4,P04_step_2x,trace_rmse,0.0,10.585239562744151,10.585239562744151,1.2668414978622689
neuron_model_behavioral_validation,Neuraxis,development_pilot,PILOT2_PROTOCOL,Exploratory development data; second development iteration informed by Pilot 1; not independent confirmation; never pooled with the confirmatory held-out estimate,m-shift_gate_midpoint-c36e1e57f0,migliore2014_mt_soma,4,P04_step_2x,spike_timing,,,3.3882417812698122,0.5
neuron_model_behavioral_validation,Neuraxis,development_pilot,PILOT2_PROTOCOL,Exploratory development data; second development iteration informed by Pilot 1; not independent confirmation; never pooled with the confirmatory held-out estimate,m-shift_gate_midpoint-c36e1e57f0,migliore2014_mt_soma,4,P05_long_step,trace_rmse,0.0,25.869680660871385,25.869680660871385,5.936702772937325
neuron_model_behavioral_validation,Neuraxis,development_pilot,PILOT2_PROTOCOL,Exploratory development data; second development iteration informed by Pilot 1; not independent confirmation; never pooled with the confirmatory held-out estimate,m-shift_gate_midpoint-c36e1e57f0,migliore2014_mt_soma,4,P05_long_step,spike_count,19.0,18.0,1.0,0.5
neuron_model_behavioral_validation,Neuraxis,development_pilot,PILOT2_PROTOCOL,Exploratory development data; second development iteration informed by Pilot 1; not independent confirmation; never pooled with the confirmatory held-out estimate,m-shift_gate_midpoint-c36e1e57f0,migliore2014_mt_soma,4,P06_ramp,trace_rmse,0.0,23.650730865790877,23.650730865790877,1.6222585396078615
neuron_model_behavioral_validation,Neuraxis,development_pilot,PILOT2_PROTOCOL,Exploratory development data; second development iteration informed by Pilot 1; not independent confirmation; never pooled with the confirmatory held-out estimate,m-shift_gate_midpoint-c36e1e57f0,migliore2014_mt_soma,4,P06_ramp,spike_count,9.0,8.0,1.0,0.5
neuron_model_behavioral_validation,Neuraxis,development_pilot,PILOT2_PROTOCOL,Exploratory development data; second development iteration informed by Pilot 1; not independent confirmation; never pooled with the confirmatory held-out estimate,m-shift_gate_midpoint-c36e1e57f0,migliore2014_mt_soma,2,P04_step_2x,trace_rmse,0.0,10.573822098376773,10.573822098376773,1.2668414978622689
neuron_model_behavioral_validation,Neuraxis,development_pilot,PILOT2_PROTOCOL,Exploratory development data; second development iteration informed by Pilot 1; not independent confirmation; never pooled with the confirmatory held-out estimate,m-shift_gate_midpoint-c36e1e57f0,migliore2014_mt_soma,2,P04_step_2x,spike_timing,,,3.383326555553708,0.5
neuron_model_behavioral_validation,Neuraxis,development_pilot,PILOT2_PROTOCOL,Exploratory development data; second development iteration informed by Pilot 1; not independent confirmation; never pooled with the confirmatory held-out estimate,m-shift_gate_midpoint-c36e1e57f0,migliore2014_mt_soma,2,P05_long_step,trace_rmse,0.0,25.871336786221093,25.871336786221093,5.936702772937325
neuron_model_behavioral_validation,Neuraxis,development_pilot,PILOT2_PROTOCOL,Exploratory development data; second development iteration informed by Pilot 1; not independent confirmation; never pooled with the confirmatory held-out estimate,m-shift_gate_midpoint-c36e1e57f0,migliore2014_mt_soma,2,P05_long_step,spike_count,19.0,18.0,1.0,0.5
neuron_model_behavioral_validation,Neuraxis,development_pilot,PILOT2_PROTOCOL,Exploratory development data; second development iteration informed by Pilot 1; not independent confirmation; never pooled with the confirmatory held-out estimate,m-shift_gate_midpoint-c36e1e57f0,migliore2014_mt_soma,2,P06_ramp,trace_rmse,0.0,23.65072072475593,23.65072072475593,1.6222585396078615
neuron_model_behavioral_validation,Neuraxis,development_pilot,PILOT2_PROTOCOL,Exploratory development data; second development iteration informed by Pilot 1; not independent confirmation; never pooled with the confirmatory held-out estimate,m-shift_gate_midpoint-c36e1e57f0,migliore2014_mt_soma,2,P06_ramp,spike_count,9.0,8.0,1.0,0.5
neuron_model_behavioral_validation,Neuraxis,development_pilot,PILOT2_PROTOCOL,Exploratory development data; second development iteration informed by Pilot 1; not independent confirmation; never pooled with the confirmatory held-out estimate,m-scale_gate_slope-15951a0f18,migliore2014_mt_soma,1,P00_canonical,trace_rmse,0.0,25.009995356128318,25.009995356128318,1.804770140685029
neuron_model_behavioral_validation,Neuraxis,development_pilot,PILOT2_PROTOCOL,Exploratory development data; second development iteration informed by Pilot 1; not independent confirmation; never pooled with the confirmatory held-out estimate,m-scale_gate_slope-15951a0f18,migliore2014_mt_soma,1,P00_canonical,spike_count,1.0,2.0,1.0,0.5
neuron_model_behavioral_validation,Neuraxis,development_pilot,PILOT2_PROTOCOL,Exploratory development data; second development iteration informed by Pilot 1; not independent confirmation; never pooled with the confirmatory held-out estimate,m-scale_gate_slope-15951a0f18,migliore2014_mt_soma,1,P02_weak_step,trace_rmse,0.0,3.528759835204254,3.528759835204254,0.5
neuron_model_behavioral_validation,Neuraxis,development_pilot,PILOT2_PROTOCOL,Exploratory development data; second development iteration informed by Pilot 1; not independent confirmation; never pooled with the confirmatory held-out estimate,m-scale_gate_slope-15951a0f18,migliore2014_mt_soma,1,P04_step_2x,trace_rmse,0.0,27.315840243238007,27.315840243238007,1.2668414978622689
neuron_model_behavioral_validation,Neuraxis,development_pilot,PILOT2_PROTOCOL,Exploratory development data; second development iteration informed by Pilot 1; not independent confirmation; never pooled with the confirmatory held-out estimate,m-scale_gate_slope-15951a0f18,migliore2014_mt_soma,1,P04_step_2x,spike_count,7.0,10.0,3.0,0.5
neuron_model_behavioral_validation,Neuraxis,development_pilot,PILOT2_PROTOCOL,Exploratory development data; second development iteration informed by Pilot 1; not independent confirmation; never pooled with the confirmatory held-out estimate,m-scale_gate_slope-15951a0f18,migliore2014_mt_soma,1,P05_long_step,trace_rmse,0.0,29.13582352912522,29.13582352912522,5.936702772937325
neuron_model_behavioral_validation,Neuraxis,development_pilot,PILOT2_PROTOCOL,Exploratory development data; second development iteration informed by Pilot 1; not independent confirmation; never pooled with the confirmatory held-out estimate,m-scale_gate_slope-15951a0f18,migliore2014_mt_soma,1,P05_long_step,spike_count,19.0,30.0,11.0,0.5
neuron_model_behavioral_validation,Neuraxis,development_pilot,PILOT2_PROTOCOL,Exploratory development data; second development iteration informed by Pilot 1; not independent confirmation; never pooled with the confirmatory held-out estimate,m-scale_gate_slope-15951a0f18,migliore2014_mt_soma,1,P06_ramp,trace_rmse,0.0,26.170474900216295,26.170474900216295,1.6222585396078615
neuron_model_behavioral_validation,Neuraxis,development_pilot,PILOT2_PROTOCOL,Exploratory development data; second development iteration informed by Pilot 1; not independent confirmation; never pooled with the confirmatory held-out estimate,m-scale_gate_slope-15951a0f18,migliore2014_mt_soma,1,P06_ramp,spike_count,9.0,14.0,5.0,0.5
neuron_model_behavioral_validation,Neuraxis,development_pilot,PILOT2_PROTOCOL,Exploratory development data; second development iteration informed by Pilot 1; not independent confirmation; never pooled with the confirmatory held-out estimate,m-scale_gate_slope-15951a0f18,migliore2014_mt_soma,1,P07_hyperpolarizing_step,trace_rmse,0.0,1.519698872706188,1.519698872706188,0.5
neuron_model_behavioral_validation,Neuraxis,development_pilot,PILOT2_PROTOCOL,Exploratory development data; second development iteration informed by Pilot 1; not independent confirmation; never pooled with the confirmatory held-out estimate,m-scale_gate_slope-15951a0f18,migliore2014_mt_soma,1,P08_rebound,trace_rmse,0.0,1.5530070727542051,1.5530070727542051,0.5
neuron_model_behavioral_validation,Neuraxis,development_pilot,PILOT2_PROTOCOL,Exploratory development data; second development iteration informed by Pilot 1; not independent confirmation; never pooled with the confirmatory held-out estimate,m-scale_gate_slope-15951a0f18,migliore2014_mt_soma,1,P09_short_pulse,trace_rmse,0.0,4.484045700374464,4.484045700374464,0.5
neuron_model_behavioral_validation,Neuraxis,development_pilot,PILOT2_PROTOCOL,Exploratory development data; second development iteration informed by Pilot 1; not independent confirmation; never pooled with the confirmatory held-out estimate,m-scale_gate_slope-15951a0f18,migliore2014_mt_soma,1,P09_short_pulse,spike_timing,,,0.8124731572280552,0.5
neuron_model_behavioral_validation,Neuraxis,development_pilot,PILOT2_PROTOCOL,Exploratory development data; second development iteration informed by Pilot 1; not independent confirmation; never pooled with the confirmatory held-out estimate,m-scale_gate_slope-15951a0f18,migliore2014_mt_soma,2,P00_canonical,trace_rmse,0.0,24.993910891707795,24.993910891707795,1.804770140685029
neuron_model_behavioral_validation,Neuraxis,development_pilot,PILOT2_PROTOCOL,Exploratory development data; second development iteration informed by Pilot 1; not independent confirmation; never pooled with the confirmatory held-out estimate,m-scale_gate_slope-15951a0f18,migliore2014_mt_soma,2,P00_canonical,spike_count,1.0,2.0,1.0,0.5
neuron_model_behavioral_validation,Neuraxis,development_pilot,PILOT2_PROTOCOL,Exploratory development data; second development iteration informed by Pilot 1; not independent confirmation; never pooled with the confirmatory held-out estimate,m-scale_gate_slope-15951a0f18,migliore2014_mt_soma,2,P02_weak_step,trace_rmse,0.0,3.528762908277171,3.528762908277171,0.5
neuron_model_behavioral_validation,Neuraxis,development_pilot,PILOT2_PROTOCOL,Exploratory development data; second development iteration informed by Pilot 1; not independent confirmation; never pooled with the confirmatory held-out estimate,m-scale_gate_slope-15951a0f18,migliore2014_mt_soma,2,P04_step_2x,trace_rmse,0.0,26.408660349570845,26.408660349570845,1.2668414978622689
neuron_model_behavioral_validation,Neuraxis,development_pilot,PILOT2_PROTOCOL,Exploratory development data; second development iteration informed by Pilot 1; not independent confirmation; never pooled with the confirmatory held-out estimate,m-scale_gate_slope-15951a0f18,migliore2014_mt_soma,2,P04_step_2x,spike_count,7.0,9.0,2.0,0.5
neuron_model_behavioral_validation,Neuraxis,development_pilot,PILOT2_PROTOCOL,Exploratory development data; second development iteration informed by Pilot 1; not independent confirmation; never pooled with the confirmatory held-out estimate,m-scale_gate_slope-15951a0f18,migliore2014_mt_soma,2,P05_long_step,trace_rmse,0.0,29.14600960104531,29.14600960104531,5.936702772937325
neuron_model_behavioral_validation,Neuraxis,development_pilot,PILOT2_PROTOCOL,Exploratory development data; second development iteration informed by Pilot 1; not independent confirmation; never pooled with the confirmatory held-out estimate,m-scale_gate_slope-15951a0f18,migliore2014_mt_soma,2,P05_long_step,spike_count,19.0,30.0,11.0,0.5
neuron_model_behavioral_validation,Neuraxis,development_pilot,PILOT2_PROTOCOL,Exploratory development data; second development iteration informed by Pilot 1; not independent confirmation; never pooled with the confirmatory held-out estimate,m-scale_gate_slope-15951a0f18,migliore2014_mt_soma,2,P06_ramp,trace_rmse,0.0,26.156018723559207,26.156018723559207,1.6222585396078615
neuron_model_behavioral_validation,Neuraxis,development_pilot,PILOT2_PROTOCOL,Exploratory development data; second development iteration informed by Pilot 1; not independent confirmation; never pooled with the confirmatory held-out estimate,m-scale_gate_slope-15951a0f18,migliore2014_mt_soma,2,P06_ramp,spike_count,9.0,14.0,5.0,0.5
neuron_model_behavioral_validation,Neuraxis,development_pilot,PILOT2_PROTOCOL,Exploratory development data; second development iteration informed by Pilot 1; not independent confirmation; never pooled with the confirmatory held-out estimate,m-scale_gate_slope-15951a0f18,migliore2014_mt_soma,2,P07_hyperpolarizing_step,trace_rmse,0.0,1.5196866332454393,1.5196866332454393,0.5
neuron_model_behavioral_validation,Neuraxis,development_pilot,PILOT2_PROTOCOL,Exploratory development data; second development iteration informed by Pilot 1; not independent confirmation; never pooled with the confirmatory held-out estimate,m-scale_gate_slope-15951a0f18,migliore2014_mt_soma,2,P08_rebound,trace_rmse,0.0,1.5529945713683784,1.5529945713683784,0.5
neuron_model_behavioral_validation,Neuraxis,development_pilot,PILOT2_PROTOCOL,Exploratory development data; second development iteration informed by Pilot 1; not independent confirmation; never pooled with the confirmatory held-out estimate,m-scale_gate_slope-15951a0f18,migliore2014_mt_soma,2,P09_short_pulse,trace_rmse,0.0,4.477483616534103,4.477483616534103,0.5
neuron_model_behavioral_validation,Neuraxis,development_pilot,PILOT2_PROTOCOL,Exploratory development data; second development iteration informed by Pilot 1; not independent confirmation; never pooled with the confirmatory held-out estimate,m-scale_gate_slope-15951a0f18,migliore2014_mt_soma,2,P09_short_pulse,spike_timing,,,0.8083380519917114,0.5
neuron_model_behavioral_validation,Neuraxis,development_pilot,PILOT2_PROTOCOL,Exploratory development data; second development iteration informed by Pilot 1; not independent confirmation; never pooled with the confirmatory held-out estimate,m-increase_dt-86f7c3d69e,migliore2014_mt_soma,1,P00_canonical,trace_rmse,0.0,2.733914672956111,2.733914672956111,1.804770140685029
neuron_model_behavioral_validation,Neuraxis,development_pilot,PILOT2_PROTOCOL,Exploratory development data; second development iteration informed by Pilot 1; not independent confirmation; never pooled with the confirmatory held-out estimate,m-increase_dt-86f7c3d69e,migliore2014_mt_soma,1,P04_step_2x,trace_rmse,0.0,1.9127211300990397,1.9127211300990397,1.2668414978622689
neuron_model_behavioral_validation,Neuraxis,development_pilot,PILOT2_PROTOCOL,Exploratory development data; second development iteration informed by Pilot 1; not independent confirmation; never pooled with the confirmatory held-out estimate,m-increase_dt-86f7c3d69e,migliore2014_mt_soma,1,P05_long_step,trace_rmse,0.0,8.134782484422239,8.134782484422239,5.936702772937325
neuron_model_behavioral_validation,Neuraxis,development_pilot,PILOT2_PROTOCOL,Exploratory development data; second development iteration informed by Pilot 1; not independent confirmation; never pooled with the confirmatory held-out estimate,m-increase_dt-86f7c3d69e,migliore2014_mt_soma,1,P05_long_step,spike_timing,,,2.415563811415268,1.1901022229512819
neuron_model_behavioral_validation,Neuraxis,development_pilot,PILOT2_PROTOCOL,Exploratory development data; second development iteration informed by Pilot 1; not independent confirmation; never pooled with the confirmatory held-out estimate,m-increase_dt-86f7c3d69e,migliore2014_mt_soma,1,P06_ramp,trace_rmse,0.0,2.6606640096620313,2.6606640096620313,1.6222585396078615
neuron_model_behavioral_validation,Neuraxis,development_pilot,PILOT2_PROTOCOL,Exploratory development data; second development iteration informed by Pilot 1; not independent confirmation; never pooled with the confirmatory held-out estimate,m-increase_dt-86f7c3d69e,migliore2014_mt_soma,1,P09_short_pulse,trace_rmse,0.0,0.6162293422694782,0.6162293422694782,0.5
neuron_model_behavioral_validation,Neuraxis,development_pilot,PILOT2_PROTOCOL,Exploratory development data; second development iteration informed by Pilot 1; not independent confirmation; never pooled with the confirmatory held-out estimate,m-duplicate_conductance-36dae66739,migliore2014_mt_soma,1,P00_canonical,trace_rmse,0.0,11.944723251882113,11.944723251882113,1.804770140685029
neuron_model_behavioral_validation,Neuraxis,development_pilot,PILOT2_PROTOCOL,Exploratory development data; second development iteration informed by Pilot 1; not independent confirmation; never pooled with the confirmatory held-out estimate,m-duplicate_conductance-36dae66739,migliore2014_mt_soma,1,P00_canonical,spike_timing,,,1.7091917934050258,0.5
neuron_model_behavioral_validation,Neuraxis,development_pilot,PILOT2_PROTOCOL,Exploratory development data; second development iteration informed by Pilot 1; not independent confirmation; never pooled with the confirmatory held-out estimate,m-duplicate_conductance-36dae66739,migliore2014_mt_soma,1,P04_step_2x,trace_rmse,0.0,26.093348106893252,26.093348106893252,1.2668414978622689
neuron_model_behavioral_validation,Neuraxis,development_pilot,PILOT2_PROTOCOL,Exploratory development data; second development iteration informed by Pilot 1; not independent confirmation; never pooled with the confirmatory held-out estimate,m-duplicate_conductance-36dae66739,migliore2014_mt_soma,1,P04_step_2x,spike_timing,,,42.044731549645576,0.5
neuron_model_behavioral_validation,Neuraxis,development_pilot,PILOT2_PROTOCOL,Exploratory development data; second development iteration informed by Pilot 1; not independent confirmation; never pooled with the confirmatory held-out estimate,m-duplicate_conductance-36dae66739,migliore2014_mt_soma,1,P05_long_step,trace_rmse,0.0,29.37035481230851,29.37035481230851,5.936702772937325
neuron_model_behavioral_validation,Neuraxis,development_pilot,PILOT2_PROTOCOL,Exploratory development data; second development iteration informed by Pilot 1; not independent confirmation; never pooled with the confirmatory held-out estimate,m-duplicate_conductance-36dae66739,migliore2014_mt_soma,1,P05_long_step,spike_count,19.0,22.0,3.0,0.5
neuron_model_behavioral_validation,Neuraxis,development_pilot,PILOT2_PROTOCOL,Exploratory development data; second development iteration informed by Pilot 1; not independent confirmation; never pooled with the confirmatory held-out estimate,m-duplicate_conductance-36dae66739,migliore2014_mt_soma,1,P06_ramp,trace_rmse,0.0,23.28766924861468,23.28766924861468,1.6222585396078615
neuron_model_behavioral_validation,Neuraxis,development_pilot,PILOT2_PROTOCOL,Exploratory development data; second development iteration informed by Pilot 1; not independent confirmation; never pooled with the confirmatory held-out estimate,m-duplicate_conductance-36dae66739,migliore2014_mt_soma,1,P06_ramp,spike_count,9.0,10.0,1.0,0.5
neuron_model_behavioral_validation,Neuraxis,development_pilot,PILOT2_PROTOCOL,Exploratory development data; second development iteration informed by Pilot 1; not independent confirmation; never pooled with the confirmatory held-out estimate,m-duplicate_conductance-36dae66739,migliore2014_mt_soma,1,P09_short_pulse,trace_rmse,0.0,2.9694867695127694,2.9694867695127694,0.5
neuron_model_behavioral_validation,Neuraxis,development_pilot,PILOT2_PROTOCOL,Exploratory development data; second development iteration informed by Pilot 1; not independent confirmation; never pooled with the confirmatory held-out estimate,m-duplicate_conductance-36dae66739,migliore2014_mt_soma,1,P09_short_pulse,spike_timing,,,0.7463945505172092,0.5
neuron_model_behavioral_validation,Neuraxis,development_pilot,PILOT2_PROTOCOL,Exploratory development data; second development iteration informed by Pilot 1; not independent confirmation; never pooled with the confirmatory held-out estimate,m-duplicate_conductance-36dae66739,migliore2014_mt_soma,2,P00_canonical,trace_rmse,0.0,11.979809681161209,11.979809681161209,1.804770140685029
neuron_model_behavioral_validation,Neuraxis,development_pilot,PILOT2_PROTOCOL,Exploratory development data; second development iteration informed by Pilot 1; not independent confirmation; never pooled with the confirmatory held-out estimate,m-duplicate_conductance-36dae66739,migliore2014_mt_soma,2,P00_canonical,spike_timing,,,1.7103906633080754,0.5
neuron_model_behavioral_validation,Neuraxis,development_pilot,PILOT2_PROTOCOL,Exploratory development data; second development iteration informed by Pilot 1; not independent confirmation; never pooled with the confirmatory held-out estimate,m-duplicate_conductance-36dae66739,migliore2014_mt_soma,2,P04_step_2x,trace_rmse,0.0,26.091905719164608,26.091905719164608,1.2668414978622689
neuron_model_behavioral_validation,Neuraxis,development_pilot,PILOT2_PROTOCOL,Exploratory development data; second development iteration informed by Pilot 1; not independent confirmation; never pooled with the confirmatory held-out estimate,m-duplicate_conductance-36dae66739,migliore2014_mt_soma,2,P04_step_2x,spike_timing,,,42.04856540194521,0.5
neuron_model_behavioral_validation,Neuraxis,development_pilot,PILOT2_PROTOCOL,Exploratory development data; second development iteration informed by Pilot 1; not independent confirmation; never pooled with the confirmatory held-out estimate,m-duplicate_conductance-36dae66739,migliore2014_mt_soma,2,P05_long_step,trace_rmse,0.0,29.363384602814598,29.363384602814598,5.936702772937325
neuron_model_behavioral_validation,Neuraxis,development_pilot,PILOT2_PROTOCOL,Exploratory development data; second development iteration informed by Pilot 1; not independent confirmation; never pooled with the confirmatory held-out estimate,m-duplicate_conductance-36dae66739,migliore2014_mt_soma,2,P05_long_step,spike_count,19.0,22.0,3.0,0.5
neuron_model_behavioral_validation,Neuraxis,development_pilot,PILOT2_PROTOCOL,Exploratory development data; second development iteration informed by Pilot 1; not independent confirmation; never pooled with the confirmatory held-out estimate,m-duplicate_conductance-36dae66739,migliore2014_mt_soma,2,P06_ramp,trace_rmse,0.0,23.2872892710466,23.2872892710466,1.6222585396078615
neuron_model_behavioral_validation,Neuraxis,development_pilot,PILOT2_PROTOCOL,Exploratory development data; second development iteration informed by Pilot 1; not independent confirmation; never pooled with the confirmatory held-out estimate,m-duplicate_conductance-36dae66739,migliore2014_mt_soma,2,P06_ramp,spike_count,9.0,10.0,1.0,0.5
neuron_model_behavioral_validation,Neuraxis,development_pilot,PILOT2_PROTOCOL,Exploratory development data; second development iteration informed by Pilot 1; not independent confirmation; never pooled with the confirmatory held-out estimate,m-duplicate_conductance-36dae66739,migliore2014_mt_soma,2,P09_short_pulse,trace_rmse,0.0,2.972986037480188,2.972986037480188,0.5
neuron_model_behavioral_validation,Neuraxis,development_pilot,PILOT2_PROTOCOL,Exploratory development data; second development iteration informed by Pilot 1; not independent confirmation; never pooled with the confirmatory held-out estimate,m-duplicate_conductance-36dae66739,migliore2014_mt_soma,2,P09_short_pulse,spike_timing,,,0.7437828911557745,0.5
neuron_model_behavioral_validation,Neuraxis,development_pilot,PILOT2_PROTOCOL,Exploratory development data; second development iteration informed by Pilot 1; not independent confirmation; never pooled with the confirmatory held-out estimate,m-wrong_compatible_component-d99b9d3dab,migliore2014_mt_soma,1,P00_canonical,trace_rmse,0.0,21.8208715605414,21.8208715605414,1.804770140685029
neuron_model_behavioral_validation,Neuraxis,development_pilot,PILOT2_PROTOCOL,Exploratory development data; second development iteration informed by Pilot 1; not independent confirmation; never pooled with the confirmatory held-out estimate,m-wrong_compatible_component-d99b9d3dab,migliore2014_mt_soma,1,P00_canonical,spike_timing,,,4.1053421904570015,0.5
neuron_model_behavioral_validation,Neuraxis,development_pilot,PILOT2_PROTOCOL,Exploratory development data; second development iteration informed by Pilot 1; not independent confirmation; never pooled with the confirmatory held-out estimate,m-wrong_compatible_component-d99b9d3dab,migliore2014_mt_soma,1,P02_weak_step,trace_rmse,0.0,0.8583083681535889,0.8583083681535889,0.5
neuron_model_behavioral_validation,Neuraxis,development_pilot,PILOT2_PROTOCOL,Exploratory development data; second development iteration informed by Pilot 1; not independent confirmation; never pooled with the confirmatory held-out estimate,m-wrong_compatible_component-d99b9d3dab,migliore2014_mt_soma,1,P04_step_2x,trace_rmse,0.0,27.195147357114713,27.195147357114713,1.2668414978622689
neuron_model_behavioral_validation,Neuraxis,development_pilot,PILOT2_PROTOCOL,Exploratory development data; second development iteration informed by Pilot 1; not independent confirmation; never pooled with the confirmatory held-out estimate,m-wrong_compatible_component-d99b9d3dab,migliore2014_mt_soma,1,P04_step_2x,spike_count,7.0,9.0,2.0,0.5
neuron_model_behavioral_validation,Neuraxis,development_pilot,PILOT2_PROTOCOL,Exploratory development data; second development iteration informed by Pilot 1; not independent confirmation; never pooled with the confirmatory held-out estimate,m-wrong_compatible_component-d99b9d3dab,migliore2014_mt_soma,1,P05_long_step,trace_rmse,0.0,29.480183104385628,29.480183104385628,5.936702772937325
neuron_model_behavioral_validation,Neuraxis,development_pilot,PILOT2_PROTOCOL,Exploratory development data; second development iteration informed by Pilot 1; not independent confirmation; never pooled with the confirmatory held-out estimate,m-wrong_compatible_component-d99b9d3dab,migliore2014_mt_soma,1,P05_long_step,spike_count,19.0,28.0,9.0,0.5
neuron_model_behavioral_validation,Neuraxis,development_pilot,PILOT2_PROTOCOL,Exploratory development data; second development iteration informed by Pilot 1; not independent confirmation; never pooled with the confirmatory held-out estimate,m-wrong_compatible_component-d99b9d3dab,migliore2014_mt_soma,1,P06_ramp,trace_rmse,0.0,24.545174488281788,24.545174488281788,1.6222585396078615
neuron_model_behavioral_validation,Neuraxis,development_pilot,PILOT2_PROTOCOL,Exploratory development data; second development iteration informed by Pilot 1; not independent confirmation; never pooled with the confirmatory held-out estimate,m-wrong_compatible_component-d99b9d3dab,migliore2014_mt_soma,1,P06_ramp,spike_count,9.0,13.0,4.0,0.5
neuron_model_behavioral_validation,Neuraxis,development_pilot,PILOT2_PROTOCOL,Exploratory development data; second development iteration informed by Pilot 1; not independent confirmation; never pooled with the confirmatory held-out estimate,m-wrong_compatible_component-d99b9d3dab,migliore2014_mt_soma,1,P09_short_pulse,trace_rmse,0.0,4.861062128857345,4.861062128857345,0.5
neuron_model_behavioral_validation,Neuraxis,development_pilot,PILOT2_PROTOCOL,Exploratory development data; second development iteration informed by Pilot 1; not independent confirmation; never pooled with the confirmatory held-out estimate,m-wrong_compatible_component-d99b9d3dab,migliore2014_mt_soma,1,P09_short_pulse,spike_timing,,,1.3192837498201584,0.5
neuron_model_behavioral_validation,Neuraxis,development_pilot,PILOT2_PROTOCOL,Exploratory development data; second development iteration informed by Pilot 1; not independent confirmation; never pooled with the confirmatory held-out estimate,m-wrong_compatible_component-d99b9d3dab,migliore2014_mt_soma,2,P00_canonical,trace_rmse,0.0,21.80443890861419,21.80443890861419,1.804770140685029
neuron_model_behavioral_validation,Neuraxis,development_pilot,PILOT2_PROTOCOL,Exploratory development data; second development iteration informed by Pilot 1; not independent confirmation; never pooled with the confirmatory held-out estimate,m-wrong_compatible_component-d99b9d3dab,migliore2014_mt_soma,2,P00_canonical,spike_timing,,,4.10654021453535,0.5
neuron_model_behavioral_validation,Neuraxis,development_pilot,PILOT2_PROTOCOL,Exploratory development data; second development iteration informed by Pilot 1; not independent confirmation; never pooled with the confirmatory held-out estimate,m-wrong_compatible_component-d99b9d3dab,migliore2014_mt_soma,2,P02_weak_step,trace_rmse,0.0,0.858299511700454,0.858299511700454,0.5
neuron_model_behavioral_validation,Neuraxis,development_pilot,PILOT2_PROTOCOL,Exploratory development data; second development iteration informed by Pilot 1; not independent confirmation; never pooled with the confirmatory held-out estimate,m-wrong_compatible_component-d99b9d3dab,migliore2014_mt_soma,2,P04_step_2x,trace_rmse,0.0,27.185448015044088,27.185448015044088,1.2668414978622689
neuron_model_behavioral_validation,Neuraxis,development_pilot,PILOT2_PROTOCOL,Exploratory development data; second development iteration informed by Pilot 1; not independent confirmation; never pooled with the confirmatory held-out estimate,m-wrong_compatible_component-d99b9d3dab,migliore2014_mt_soma,2,P04_step_2x,spike_count,7.0,9.0,2.0,0.5
neuron_model_behavioral_validation,Neuraxis,development_pilot,PILOT2_PROTOCOL,Exploratory development data; second development iteration informed by Pilot 1; not independent confirmation; never pooled with the confirmatory held-out estimate,m-wrong_compatible_component-d99b9d3dab,migliore2014_mt_soma,2,P05_long_step,trace_rmse,0.0,29.472332226731865,29.472332226731865,5.936702772937325
neuron_model_behavioral_validation,Neuraxis,development_pilot,PILOT2_PROTOCOL,Exploratory development data; second development iteration informed by Pilot 1; not independent confirmation; never pooled with the confirmatory held-out estimate,m-wrong_compatible_component-d99b9d3dab,migliore2014_mt_soma,2,P05_long_step,spike_count,19.0,28.0,9.0,0.5
neuron_model_behavioral_validation,Neuraxis,development_pilot,PILOT2_PROTOCOL,Exploratory development data; second development iteration informed by Pilot 1; not independent confirmation; never pooled with the confirmatory held-out estimate,m-wrong_compatible_component-d99b9d3dab,migliore2014_mt_soma,2,P06_ramp,trace_rmse,0.0,24.546345864108936,24.546345864108936,1.6222585396078615
neuron_model_behavioral_validation,Neuraxis,development_pilot,PILOT2_PROTOCOL,Exploratory development data; second development iteration informed by Pilot 1; not independent confirmation; never pooled with the confirmatory held-out estimate,m-wrong_compatible_component-d99b9d3dab,migliore2014_mt_soma,2,P06_ramp,spike_count,9.0,13.0,4.0,0.5
neuron_model_behavioral_validation,Neuraxis,development_pilot,PILOT2_PROTOCOL,Exploratory development data; second development iteration informed by Pilot 1; not independent confirmation; never pooled with the confirmatory held-out estimate,m-wrong_compatible_component-d99b9d3dab,migliore2014_mt_soma,2,P09_short_pulse,trace_rmse,0.0,4.849708741404127,4.849708741404127,0.5
neuron_model_behavioral_validation,Neuraxis,development_pilot,PILOT2_PROTOCOL,Exploratory development data; second development iteration informed by Pilot 1; not independent confirmation; never pooled with the confirmatory held-out estimate,m-wrong_compatible_component-d99b9d3dab,migliore2014_mt_soma,2,P09_short_pulse,spike_timing,,,1.3139937473216605,0.5
neuron_model_behavioral_validation,Neuraxis,development_pilot,PILOT2_PROTOCOL,Exploratory development data; second development iteration informed by Pilot 1; not independent confirmation; never pooled with the confirmatory held-out estimate,m-scale_conductance-ae18f4c43e,nml2_hh_example,1,P00_canonical,trace_rmse,0.0,20.66695606436219,20.66695606436219,15.508071325536845
neuron_model_behavioral_validation,Neuraxis,development_pilot,PILOT2_PROTOCOL,Exploratory development data; second development iteration informed by Pilot 1; not independent confirmation; never pooled with the confirmatory held-out estimate,m-scale_conductance-ae18f4c43e,nml2_hh_example,1,P00_canonical,spike_timing,,,9.541528737149804,1.3844648717613381
neuron_model_behavioral_validation,Neuraxis,development_pilot,PILOT2_PROTOCOL,Exploratory development data; second development iteration informed by Pilot 1; not independent confirmation; never pooled with the confirmatory held-out estimate,m-scale_conductance-ae18f4c43e,nml2_hh_example,1,P04_step_2x,trace_rmse,0.0,18.28486512191838,18.28486512191838,0.5
neuron_model_behavioral_validation,Neuraxis,development_pilot,PILOT2_PROTOCOL,Exploratory development data; second development iteration informed by Pilot 1; not independent confirmation; never pooled with the confirmatory held-out estimate,m-scale_conductance-ae18f4c43e,nml2_hh_example,1,P04_step_2x,spike_count,1.0,30.0,29.0,0.5
neuron_model_behavioral_validation,Neuraxis,development_pilot,PILOT2_PROTOCOL,Exploratory development data; second development iteration informed by Pilot 1; not independent confirmation; never pooled with the confirmatory held-out estimate,m-scale_conductance-ae18f4c43e,nml2_hh_example,1,P05_long_step,trace_rmse,0.0,22.39877931450439,22.39877931450439,0.5
neuron_model_behavioral_validation,Neuraxis,development_pilot,PILOT2_PROTOCOL,Exploratory development data; second development iteration informed by Pilot 1; not independent confirmation; never pooled with the confirmatory held-out estimate,m-scale_conductance-ae18f4c43e,nml2_hh_example,1,P05_long_step,spike_count,1.0,108.0,107.0,0.5
neuron_model_behavioral_validation,Neuraxis,development_pilot,PILOT2_PROTOCOL,Exploratory development data; second development iteration informed by Pilot 1; not independent confirmation; never pooled with the confirmatory held-out estimate,m-scale_conductance-ae18f4c43e,nml2_hh_example,1,P07_hyperpolarizing_step,trace_rmse,0.0,3.599685233593384,3.599685233593384,0.5
neuron_model_behavioral_validation,Neuraxis,development_pilot,PILOT2_PROTOCOL,Exploratory development data; second development iteration informed by Pilot 1; not independent confirmation; never pooled with the confirmatory held-out estimate,m-scale_conductance-ae18f4c43e,nml2_hh_example,1,P07_hyperpolarizing_step,spike_count,0.0,1.0,1.0,0.5
neuron_model_behavioral_validation,Neuraxis,development_pilot,PILOT2_PROTOCOL,Exploratory development data; second development iteration informed by Pilot 1; not independent confirmation; never pooled with the confirmatory held-out estimate,m-scale_conductance-ae18f4c43e,nml2_hh_example,1,P08_rebound,trace_rmse,0.0,2.319970352053225,2.319970352053225,0.5
neuron_model_behavioral_validation,Neuraxis,development_pilot,PILOT2_PROTOCOL,Exploratory development data; second development iteration informed by Pilot 1; not independent confirmation; never pooled with the confirmatory held-out estimate,m-scale_conductance-ae18f4c43e,nml2_hh_example,1,P08_rebound,spike_timing,,,0.6658746894660226,0.5
neuron_model_behavioral_validation,Neuraxis,development_pilot,PILOT2_PROTOCOL,Exploratory development data; second development iteration informed by Pilot 1; not independent confirmation; never pooled with the confirmatory held-out estimate,m-scale_conductance-ae18f4c43e,nml2_hh_example,1,P09_short_pulse,trace_rmse,0.0,0.6011050044244947,0.6011050044244947,0.5
neuron_model_behavioral_validation,Neuraxis,development_pilot,PILOT2_PROTOCOL,Exploratory development data; second development iteration informed by Pilot 1; not independent confirmation; never pooled with the confirmatory held-out estimate,m-scale_conductance-ae18f4c43e,nml2_hh_example,2,P00_canonical,trace_rmse,0.0,20.659195207620414,20.659195207620414,15.508071325536845
neuron_model_behavioral_validation,Neuraxis,development_pilot,PILOT2_PROTOCOL,Exploratory development data; second development iteration informed by Pilot 1; not independent confirmation; never pooled with the confirmatory held-out estimate,m-scale_conductance-ae18f4c43e,nml2_hh_example,2,P00_canonical,spike_timing,,,9.530369230331075,1.3844648717613381
neuron_model_behavioral_validation,Neuraxis,development_pilot,PILOT2_PROTOCOL,Exploratory development data; second development iteration informed by Pilot 1; not independent confirmation; never pooled with the confirmatory held-out estimate,m-scale_conductance-ae18f4c43e,nml2_hh_example,2,P04_step_2x,trace_rmse,0.0,18.290308366504945,18.290308366504945,0.5
neuron_model_behavioral_validation,Neuraxis,development_pilot,PILOT2_PROTOCOL,Exploratory development data; second development iteration informed by Pilot 1; not independent confirmation; never pooled with the confirmatory held-out estimate,m-scale_conductance-ae18f4c43e,nml2_hh_example,2,P04_step_2x,spike_count,1.0,30.0,29.0,0.5
neuron_model_behavioral_validation,Neuraxis,development_pilot,PILOT2_PROTOCOL,Exploratory development data; second development iteration informed by Pilot 1; not independent confirmation; never pooled with the confirmatory held-out estimate,m-scale_conductance-ae18f4c43e,nml2_hh_example,2,P05_long_step,trace_rmse,0.0,22.403124291369124,22.403124291369124,0.5
neuron_model_behavioral_validation,Neuraxis,development_pilot,PILOT2_PROTOCOL,Exploratory development data; second development iteration informed by Pilot 1; not independent confirmation; never pooled with the confirmatory held-out estimate,m-scale_conductance-ae18f4c43e,nml2_hh_example,2,P05_long_step,spike_count,1.0,108.0,107.0,0.5
neuron_model_behavioral_validation,Neuraxis,development_pilot,PILOT2_PROTOCOL,Exploratory development data; second development iteration informed by Pilot 1; not independent confirmation; never pooled with the confirmatory held-out estimate,m-scale_conductance-ae18f4c43e,nml2_hh_example,2,P07_hyperpolarizing_step,trace_rmse,0.0,3.599906365684027,3.599906365684027,0.5
neuron_model_behavioral_validation,Neuraxis,development_pilot,PILOT2_PROTOCOL,Exploratory development data; second development iteration informed by Pilot 1; not independent confirmation; never pooled with the confirmatory held-out estimate,m-scale_conductance-ae18f4c43e,nml2_hh_example,2,P07_hyperpolarizing_step,spike_count,0.0,1.0,1.0,0.5
neuron_model_behavioral_validation,Neuraxis,development_pilot,PILOT2_PROTOCOL,Exploratory development data; second development iteration informed by Pilot 1; not independent confirmation; never pooled with the confirmatory held-out estimate,m-scale_conductance-ae18f4c43e,nml2_hh_example,2,P08_rebound,trace_rmse,0.0,2.324510233810617,2.324510233810617,0.5
neuron_model_behavioral_validation,Neuraxis,development_pilot,PILOT2_PROTOCOL,Exploratory development data; second development iteration informed by Pilot 1; not independent confirmation; never pooled with the confirmatory held-out estimate,m-scale_conductance-ae18f4c43e,nml2_hh_example,2,P08_rebound,spike_timing,,,0.6640853260480526,0.5
neuron_model_behavioral_validation,Neuraxis,development_pilot,PILOT2_PROTOCOL,Exploratory development data; second development iteration informed by Pilot 1; not independent confirmation; never pooled with the confirmatory held-out estimate,m-scale_conductance-ae18f4c43e,nml2_hh_example,2,P09_short_pulse,trace_rmse,0.0,0.606427553837105,0.606427553837105,0.5
neuron_model_behavioral_validation,Neuraxis,development_pilot,PILOT2_PROTOCOL,Exploratory development data; second development iteration informed by Pilot 1; not independent confirmation; never pooled with the confirmatory held-out estimate,m-scale_conductance-f937b97f50,nml2_hh_example,1,P00_canonical,trace_rmse,0.0,19.476582679827168,19.476582679827168,15.508071325536845
neuron_model_behavioral_validation,Neuraxis,development_pilot,PILOT2_PROTOCOL,Exploratory development data; second development iteration informed by Pilot 1; not independent confirmation; never pooled with the confirmatory held-out estimate,m-scale_conductance-f937b97f50,nml2_hh_example,1,P00_canonical,spike_timing,,,7.1759272925392565,1.3844648717613381
neuron_model_behavioral_validation,Neuraxis,development_pilot,PILOT2_PROTOCOL,Exploratory development data; second development iteration informed by Pilot 1; not independent confirmation; never pooled with the confirmatory held-out estimate,m-scale_conductance-f937b97f50,nml2_hh_example,1,P04_step_2x,trace_rmse,0.0,16.115350074259826,16.115350074259826,0.5
neuron_model_behavioral_validation,Neuraxis,development_pilot,PILOT2_PROTOCOL,Exploratory development data; second development iteration informed by Pilot 1; not independent confirmation; never pooled with the confirmatory held-out estimate,m-scale_conductance-f937b97f50,nml2_hh_example,1,P04_step_2x,spike_count,1.0,27.0,26.0,0.5
neuron_model_behavioral_validation,Neuraxis,development_pilot,PILOT2_PROTOCOL,Exploratory development data; second development iteration informed by Pilot 1; not independent confirmation; never pooled with the confirmatory held-out estimate,m-scale_conductance-f937b97f50,nml2_hh_example,1,P05_long_step,trace_rmse,0.0,1.0495782803473122,1.0495782803473122,0.5
neuron_model_behavioral_validation,Neuraxis,development_pilot,PILOT2_PROTOCOL,Exploratory development data; second development iteration informed by Pilot 1; not independent confirmation; never pooled with the confirmatory held-out estimate,m-scale_conductance-f937b97f50,nml2_hh_example,1,P08_rebound,trace_rmse,0.0,1.0217594306234887,1.0217594306234887,0.5
neuron_model_behavioral_validation,Neuraxis,development_pilot,PILOT2_PROTOCOL,Exploratory development data; second development iteration informed by Pilot 1; not independent confirmation; never pooled with the confirmatory held-out estimate,m-scale_conductance-f937b97f50,nml2_hh_example,2,P00_canonical,trace_rmse,0.0,19.470408141251866,19.470408141251866,15.508071325536845
neuron_model_behavioral_validation,Neuraxis,development_pilot,PILOT2_PROTOCOL,Exploratory development data; second development iteration informed by Pilot 1; not independent confirmation; never pooled with the confirmatory held-out estimate,m-scale_conductance-f937b97f50,nml2_hh_example,2,P00_canonical,spike_timing,,,7.163481779781506,1.3844648717613381
neuron_model_behavioral_validation,Neuraxis,development_pilot,PILOT2_PROTOCOL,Exploratory development data; second development iteration informed by Pilot 1; not independent confirmation; never pooled with the confirmatory held-out estimate,m-scale_conductance-f937b97f50,nml2_hh_example,2,P04_step_2x,trace_rmse,0.0,16.119586988704256,16.119586988704256,0.5
neuron_model_behavioral_validation,Neuraxis,development_pilot,PILOT2_PROTOCOL,Exploratory development data; second development iteration informed by Pilot 1; not independent confirmation; never pooled with the confirmatory held-out estimate,m-scale_conductance-f937b97f50,nml2_hh_example,2,P04_step_2x,spike_count,1.0,27.0,26.0,0.5
neuron_model_behavioral_validation,Neuraxis,development_pilot,PILOT2_PROTOCOL,Exploratory development data; second development iteration informed by Pilot 1; not independent confirmation; never pooled with the confirmatory held-out estimate,m-scale_conductance-f937b97f50,nml2_hh_example,2,P05_long_step,trace_rmse,0.0,1.050150444737415,1.050150444737415,0.5
neuron_model_behavioral_validation,Neuraxis,development_pilot,PILOT2_PROTOCOL,Exploratory development data; second development iteration informed by Pilot 1; not independent confirmation; never pooled with the confirmatory held-out estimate,m-scale_conductance-f937b97f50,nml2_hh_example,2,P08_rebound,trace_rmse,0.0,1.0254678304962404,1.0254678304962404,0.5
neuron_model_behavioral_validation,Neuraxis,development_pilot,PILOT2_PROTOCOL,Exploratory development data; second development iteration informed by Pilot 1; not independent confirmation; never pooled with the confirmatory held-out estimate,m-scale_conductance-1b265d3832,nml2_hh_example,1,P00_canonical,trace_rmse,0.0,16.709535798902312,16.709535798902312,15.508071325536845
neuron_model_behavioral_validation,Neuraxis,development_pilot,PILOT2_PROTOCOL,Exploratory development data; second development iteration informed by Pilot 1; not independent confirmation; never pooled with the confirmatory held-out estimate,m-scale_conductance-1b265d3832,nml2_hh_example,1,P00_canonical,spike_timing,,,3.2631455137969283,1.3844648717613381
neuron_model_behavioral_validation,Neuraxis,development_pilot,PILOT2_PROTOCOL,Exploratory development data; second development iteration informed by Pilot 1; not independent confirmation; never pooled with the confirmatory held-out estimate,m-scale_conductance-1b265d3832,nml2_hh_example,1,P02_weak_step,trace_rmse,0.0,1.6471595864455602,1.6471595864455602,0.5
neuron_model_behavioral_validation,Neuraxis,development_pilot,PILOT2_PROTOCOL,Exploratory development data; second development iteration informed by Pilot 1; not independent confirmation; never pooled with the confirmatory held-out estimate,m-scale_conductance-1b265d3832,nml2_hh_example,1,P04_step_2x,trace_rmse,0.0,3.5173540909462435,3.5173540909462435,0.5
neuron_model_behavioral_validation,Neuraxis,development_pilot,PILOT2_PROTOCOL,Exploratory development data; second development iteration informed by Pilot 1; not independent confirmation; never pooled with the confirmatory held-out estimate,m-scale_conductance-1b265d3832,nml2_hh_example,1,P04_step_2x,spike_count,1.0,2.0,1.0,0.5
neuron_model_behavioral_validation,Neuraxis,development_pilot,PILOT2_PROTOCOL,Exploratory development data; second development iteration informed by Pilot 1; not independent confirmation; never pooled with the confirmatory held-out estimate,m-scale_conductance-1b265d3832,nml2_hh_example,1,P05_long_step,trace_rmse,0.0,1.1886167571996669,1.1886167571996669,0.5
neuron_model_behavioral_validation,Neuraxis,development_pilot,PILOT2_PROTOCOL,Exploratory development data; second development iteration informed by Pilot 1; not independent confirmation; never pooled with the confirmatory held-out estimate,m-scale_conductance-1b265d3832,nml2_hh_example,1,P06_ramp,trace_rmse,0.0,1.3709248564888916,1.3709248564888916,0.5
neuron_model_behavioral_validation,Neuraxis,development_pilot,PILOT2_PROTOCOL,Exploratory development data; second development iteration informed by Pilot 1; not independent confirmation; never pooled with the confirmatory held-out estimate,m-scale_conductance-1b265d3832,nml2_hh_example,1,P07_hyperpolarizing_step,trace_rmse,0.0,3.3091844306861162,3.3091844306861162,0.5
neuron_model_behavioral_validation,Neuraxis,development_pilot,PILOT2_PROTOCOL,Exploratory development data; second development iteration informed by Pilot 1; not independent confirmation; never pooled with the confirmatory held-out estimate,m-scale_conductance-1b265d3832,nml2_hh_example,1,P08_rebound,trace_rmse,0.0,10.509139714281593,10.509139714281593,0.5
neuron_model_behavioral_validation,Neuraxis,development_pilot,PILOT2_PROTOCOL,Exploratory development data; second development iteration informed by Pilot 1; not independent confirmation; never pooled with the confirmatory held-out estimate,m-scale_conductance-1b265d3832,nml2_hh_example,1,P08_rebound,spike_timing,,,4.044337163352907,0.5
neuron_model_behavioral_validation,Neuraxis,development_pilot,PILOT2_PROTOCOL,Exploratory development data; second development iteration informed by Pilot 1; not independent confirmation; never pooled with the confirmatory held-out estimate,m-scale_conductance-1b265d3832,nml2_hh_example,1,P09_short_pulse,trace_rmse,0.0,1.906003150346941,1.906003150346941,0.5
neuron_model_behavioral_validation,Neuraxis,development_pilot,PILOT2_PROTOCOL,Exploratory development data; second development iteration informed by Pilot 1; not independent confirmation; never pooled with the confirmatory held-out estimate,m-scale_conductance-1b265d3832,nml2_hh_example,2,P00_canonical,trace_rmse,0.0,16.702063677903748,16.702063677903748,15.508071325536845
neuron_model_behavioral_validation,Neuraxis,development_pilot,PILOT2_PROTOCOL,Exploratory development data; second development iteration informed by Pilot 1; not independent confirmation; never pooled with the confirmatory held-out estimate,m-scale_conductance-1b265d3832,nml2_hh_example,2,P00_canonical,spike_timing,,,3.2409326266711957,1.3844648717613381
neuron_model_behavioral_validation,Neuraxis,development_pilot,PILOT2_PROTOCOL,Exploratory development data; second development iteration informed by Pilot 1; not independent confirmation; never pooled with the confirmatory held-out estimate,m-scale_conductance-1b265d3832,nml2_hh_example,2,P02_weak_step,trace_rmse,0.0,1.6471370617537002,1.6471370617537002,0.5
neuron_model_behavioral_validation,Neuraxis,development_pilot,PILOT2_PROTOCOL,Exploratory development data; second development iteration informed by Pilot 1; not independent confirmation; never pooled with the confirmatory held-out estimate,m-scale_conductance-1b265d3832,nml2_hh_example,2,P04_step_2x,trace_rmse,0.0,3.514779320238542,3.514779320238542,0.5
neuron_model_behavioral_validation,Neuraxis,development_pilot,PILOT2_PROTOCOL,Exploratory development data; second development iteration informed by Pilot 1; not independent confirmation; never pooled with the confirmatory held-out estimate,m-scale_conductance-1b265d3832,nml2_hh_example,2,P04_step_2x,spike_count,1.0,2.0,1.0,0.5
neuron_model_behavioral_validation,Neuraxis,development_pilot,PILOT2_PROTOCOL,Exploratory development data; second development iteration informed by Pilot 1; not independent confirmation; never pooled with the confirmatory held-out estimate,m-scale_conductance-1b265d3832,nml2_hh_example,2,P05_long_step,trace_rmse,0.0,1.1861699712501506,1.1861699712501506,0.5
neuron_model_behavioral_validation,Neuraxis,development_pilot,PILOT2_PROTOCOL,Exploratory development data; second development iteration informed by Pilot 1; not independent confirmation; never pooled with the confirmatory held-out estimate,m-scale_conductance-1b265d3832,nml2_hh_example,2,P06_ramp,trace_rmse,0.0,1.370901178296805,1.370901178296805,0.5
neuron_model_behavioral_validation,Neuraxis,development_pilot,PILOT2_PROTOCOL,Exploratory development data; second development iteration informed by Pilot 1; not independent confirmation; never pooled with the confirmatory held-out estimate,m-scale_conductance-1b265d3832,nml2_hh_example,2,P07_hyperpolarizing_step,trace_rmse,0.0,3.3093083228695472,3.3093083228695472,0.5
neuron_model_behavioral_validation,Neuraxis,development_pilot,PILOT2_PROTOCOL,Exploratory development data; second development iteration informed by Pilot 1; not independent confirmation; never pooled with the confirmatory held-out estimate,m-scale_conductance-1b265d3832,nml2_hh_example,2,P08_rebound,trace_rmse,0.0,10.510418561521439,10.510418561521439,0.5
neuron_model_behavioral_validation,Neuraxis,development_pilot,PILOT2_PROTOCOL,Exploratory development data; second development iteration informed by Pilot 1; not independent confirmation; never pooled with the confirmatory held-out estimate,m-scale_conductance-1b265d3832,nml2_hh_example,2,P08_rebound,spike_timing,,,4.046212462369908,0.5
neuron_model_behavioral_validation,Neuraxis,development_pilot,PILOT2_PROTOCOL,Exploratory development data; second development iteration informed by Pilot 1; not independent confirmation; never pooled with the confirmatory held-out estimate,m-scale_conductance-1b265d3832,nml2_hh_example,2,P09_short_pulse,trace_rmse,0.0,1.9063722171890998,1.9063722171890998,0.5
neuron_model_behavioral_validation,Neuraxis,development_pilot,PILOT2_PROTOCOL,Exploratory development data; second development iteration informed by Pilot 1; not independent confirmation; never pooled with the confirmatory held-out estimate,m-scale_conductance-ecad0d4d76,nml2_hh_example,1,P00_canonical,spike_count,7.0,1.0,6.0,0.5
neuron_model_behavioral_validation,Neuraxis,development_pilot,PILOT2_PROTOCOL,Exploratory development data; second development iteration informed by Pilot 1; not independent confirmation; never pooled with the confirmatory held-out estimate,m-scale_conductance-ecad0d4d76,nml2_hh_example,1,P02_weak_step,trace_rmse,0.0,2.417568880691241,2.417568880691241,0.5
neuron_model_behavioral_validation,Neuraxis,development_pilot,PILOT2_PROTOCOL,Exploratory development data; second development iteration informed by Pilot 1; not independent confirmation; never pooled with the confirmatory held-out estimate,m-scale_conductance-ecad0d4d76,nml2_hh_example,1,P04_step_2x,trace_rmse,0.0,4.22359467986728,4.22359467986728,0.5
neuron_model_behavioral_validation,Neuraxis,development_pilot,PILOT2_PROTOCOL,Exploratory development data; second development iteration informed by Pilot 1; not independent confirmation; never pooled with the confirmatory held-out estimate,m-scale_conductance-ecad0d4d76,nml2_hh_example,1,P04_step_2x,spike_count,1.0,0.0,1.0,0.5
neuron_model_behavioral_validation,Neuraxis,development_pilot,PILOT2_PROTOCOL,Exploratory development data; second development iteration informed by Pilot 1; not independent confirmation; never pooled with the confirmatory held-out estimate,m-scale_conductance-ecad0d4d76,nml2_hh_example,1,P05_long_step,trace_rmse,0.0,3.4587728114795078,3.4587728114795078,0.5
neuron_model_behavioral_validation,Neuraxis,development_pilot,PILOT2_PROTOCOL,Exploratory development data; second development iteration informed by Pilot 1; not independent confirmation; never pooled with the confirmatory held-out estimate,m-scale_conductance-ecad0d4d76,nml2_hh_example,1,P05_long_step,spike_count,1.0,0.0,1.0,0.5
neuron_model_behavioral_validation,Neuraxis,development_pilot,PILOT2_PROTOCOL,Exploratory development data; second development iteration informed by Pilot 1; not independent confirmation; never pooled with the confirmatory held-out estimate,m-scale_conductance-ecad0d4d76,nml2_hh_example,1,P06_ramp,trace_rmse,0.0,2.6661753353853315,2.6661753353853315,0.5
neuron_model_behavioral_validation,Neuraxis,development_pilot,PILOT2_PROTOCOL,Exploratory development data; second development iteration informed by Pilot 1; not independent confirmation; never pooled with the confirmatory held-out estimate,m-scale_conductance-ecad0d4d76,nml2_hh_example,1,P07_hyperpolarizing_step,trace_rmse,0.0,2.0788452535872044,2.0788452535872044,0.5
neuron_model_behavioral_validation,Neuraxis,development_pilot,PILOT2_PROTOCOL,Exploratory development data; second development iteration informed by Pilot 1; not independent confirmation; never pooled with the confirmatory held-out estimate,m-scale_conductance-ecad0d4d76,nml2_hh_example,1,P08_rebound,trace_rmse,0.0,3.9092056314079113,3.9092056314079113,0.5
neuron_model_behavioral_validation,Neuraxis,development_pilot,PILOT2_PROTOCOL,Exploratory development data; second development iteration informed by Pilot 1; not independent confirmation; never pooled with the confirmatory held-out estimate,m-scale_conductance-ecad0d4d76,nml2_hh_example,1,P08_rebound,spike_count,1.0,0.0,1.0,0.5
neuron_model_behavioral_validation,Neuraxis,development_pilot,PILOT2_PROTOCOL,Exploratory development data; second development iteration informed by Pilot 1; not independent confirmation; never pooled with the confirmatory held-out estimate,m-scale_conductance-ecad0d4d76,nml2_hh_example,1,P09_short_pulse,trace_rmse,0.0,2.564857669318563,2.564857669318563,0.5
neuron_model_behavioral_validation,Neuraxis,development_pilot,PILOT2_PROTOCOL,Exploratory development data; second development iteration informed by Pilot 1; not independent confirmation; never pooled with the confirmatory held-out estimate,m-scale_conductance-ecad0d4d76,nml2_hh_example,2,P00_canonical,spike_count,7.0,1.0,6.0,0.5
neuron_model_behavioral_validation,Neuraxis,development_pilot,PILOT2_PROTOCOL,Exploratory development data; second development iteration informed by Pilot 1; not independent confirmation; never pooled with the confirmatory held-out estimate,m-scale_conductance-ecad0d4d76,nml2_hh_example,2,P02_weak_step,trace_rmse,0.0,2.417550710297591,2.417550710297591,0.5
neuron_model_behavioral_validation,Neuraxis,development_pilot,PILOT2_PROTOCOL,Exploratory development data; second development iteration informed by Pilot 1; not independent confirmation; never pooled with the confirmatory held-out estimate,m-scale_conductance-ecad0d4d76,nml2_hh_example,2,P04_step_2x,trace_rmse,0.0,4.223582613292439,4.223582613292439,0.5
neuron_model_behavioral_validation,Neuraxis,development_pilot,PILOT2_PROTOCOL,Exploratory development data; second development iteration informed by Pilot 1; not independent confirmation; never pooled with the confirmatory held-out estimate,m-scale_conductance-ecad0d4d76,nml2_hh_example,2,P04_step_2x,spike_count,1.0,0.0,1.0,0.5
neuron_model_behavioral_validation,Neuraxis,development_pilot,PILOT2_PROTOCOL,Exploratory development data; second development iteration informed by Pilot 1; not independent confirmation; never pooled with the confirmatory held-out estimate,m-scale_conductance-ecad0d4d76,nml2_hh_example,2,P05_long_step,trace_rmse,0.0,3.4586927297678813,3.4586927297678813,0.5
neuron_model_behavioral_validation,Neuraxis,development_pilot,PILOT2_PROTOCOL,Exploratory development data; second development iteration informed by Pilot 1; not independent confirmation; never pooled with the confirmatory held-out estimate,m-scale_conductance-ecad0d4d76,nml2_hh_example,2,P05_long_step,spike_count,1.0,0.0,1.0,0.5
neuron_model_behavioral_validation,Neuraxis,development_pilot,PILOT2_PROTOCOL,Exploratory development data; second development iteration informed by Pilot 1; not independent confirmation; never pooled with the confirmatory held-out estimate,m-scale_conductance-ecad0d4d76,nml2_hh_example,2,P06_ramp,trace_rmse,0.0,2.6661640226319565,2.6661640226319565,0.5
neuron_model_behavioral_validation,Neuraxis,development_pilot,PILOT2_PROTOCOL,Exploratory development data; second development iteration informed by Pilot 1; not independent confirmation; never pooled with the confirmatory held-out estimate,m-scale_conductance-ecad0d4d76,nml2_hh_example,2,P07_hyperpolarizing_step,trace_rmse,0.0,2.0787980727504376,2.0787980727504376,0.5
neuron_model_behavioral_validation,Neuraxis,development_pilot,PILOT2_PROTOCOL,Exploratory development data; second development iteration informed by Pilot 1; not independent confirmation; never pooled with the confirmatory held-out estimate,m-scale_conductance-ecad0d4d76,nml2_hh_example,2,P08_rebound,trace_rmse,0.0,3.9093516036402542,3.9093516036402542,0.5
neuron_model_behavioral_validation,Neuraxis,development_pilot,PILOT2_PROTOCOL,Exploratory development data; second development iteration informed by Pilot 1; not independent confirmation; never pooled with the confirmatory held-out estimate,m-scale_conductance-ecad0d4d76,nml2_hh_example,2,P08_rebound,spike_count,1.0,0.0,1.0,0.5
neuron_model_behavioral_validation,Neuraxis,development_pilot,PILOT2_PROTOCOL,Exploratory development data; second development iteration informed by Pilot 1; not independent confirmation; never pooled with the confirmatory held-out estimate,m-scale_conductance-ecad0d4d76,nml2_hh_example,2,P09_short_pulse,trace_rmse,0.0,2.5680060951784998,2.5680060951784998,0.5
neuron_model_behavioral_validation,Neuraxis,development_pilot,PILOT2_PROTOCOL,Exploratory development data; second development iteration informed by Pilot 1; not independent confirmation; never pooled with the confirmatory held-out estimate,m-shift_reversal-a84a36ad81,nml2_hh_example,1,P00_canonical,trace_rmse,0.0,16.8784968604729,16.8784968604729,15.508071325536845
neuron_model_behavioral_validation,Neuraxis,development_pilot,PILOT2_PROTOCOL,Exploratory development data; second development iteration informed by Pilot 1; not independent confirmation; never pooled with the confirmatory held-out estimate,m-shift_reversal-a84a36ad81,nml2_hh_example,1,P00_canonical,spike_count,7.0,6.0,1.0,0.5
neuron_model_behavioral_validation,Neuraxis,development_pilot,PILOT2_PROTOCOL,Exploratory development data; second development iteration informed by Pilot 1; not independent confirmation; never pooled with the confirmatory held-out estimate,m-shift_reversal-a84a36ad81,nml2_hh_example,1,P04_step_2x,trace_rmse,0.0,0.5467519693087676,0.5467519693087676,0.5
neuron_model_behavioral_validation,Neuraxis,development_pilot,PILOT2_PROTOCOL,Exploratory development data; second development iteration informed by Pilot 1; not independent confirmation; never pooled with the confirmatory held-out estimate,m-shift_reversal-a84a36ad81,nml2_hh_example,1,P05_long_step,trace_rmse,0.0,0.6064263254257158,0.6064263254257158,0.5
neuron_model_behavioral_validation,Neuraxis,development_pilot,PILOT2_PROTOCOL,Exploratory development data; second development iteration informed by Pilot 1; not independent confirmation; never pooled with the confirmatory held-out estimate,m-shift_reversal-a84a36ad81,nml2_hh_example,1,P08_rebound,trace_rmse,0.0,0.7733703572083873,0.7733703572083873,0.5
neuron_model_behavioral_validation,Neuraxis,development_pilot,PILOT2_PROTOCOL,Exploratory development data; second development iteration informed by Pilot 1; not independent confirmation; never pooled with the confirmatory held-out estimate,m-shift_reversal-a84a36ad81,nml2_hh_example,2,P00_canonical,trace_rmse,0.0,16.89277449177057,16.89277449177057,15.508071325536845
neuron_model_behavioral_validation,Neuraxis,development_pilot,PILOT2_PROTOCOL,Exploratory development data; second development iteration informed by Pilot 1; not independent confirmation; never pooled with the confirmatory held-out estimate,m-shift_reversal-a84a36ad81,nml2_hh_example,2,P00_canonical,spike_count,7.0,6.0,1.0,0.5
neuron_model_behavioral_validation,Neuraxis,development_pilot,PILOT2_PROTOCOL,Exploratory development data; second development iteration informed by Pilot 1; not independent confirmation; never pooled with the confirmatory held-out estimate,m-shift_reversal-a84a36ad81,nml2_hh_example,2,P04_step_2x,trace_rmse,0.0,0.5497105676603635,0.5497105676603635,0.5
neuron_model_behavioral_validation,Neuraxis,development_pilot,PILOT2_PROTOCOL,Exploratory development data; second development iteration informed by Pilot 1; not independent confirmation; never pooled with the confirmatory held-out estimate,m-shift_reversal-a84a36ad81,nml2_hh_example,2,P05_long_step,trace_rmse,0.0,0.6080012657753849,0.6080012657753849,0.5
neuron_model_behavioral_validation,Neuraxis,development_pilot,PILOT2_PROTOCOL,Exploratory development data; second development iteration informed by Pilot 1; not independent confirmation; never pooled with the confirmatory held-out estimate,m-shift_reversal-a84a36ad81,nml2_hh_example,2,P08_rebound,trace_rmse,0.0,0.7779346358878994,0.7779346358878994,0.5
neuron_model_behavioral_validation,Neuraxis,development_pilot,PILOT2_PROTOCOL,Exploratory development data; second development iteration informed by Pilot 1; not independent confirmation; never pooled with the confirmatory held-out estimate,m-shift_reversal-b9112ba83d,nml2_hh_example,1,P00_canonical,spike_count,7.0,6.0,1.0,0.5
neuron_model_behavioral_validation,Neuraxis,development_pilot,PILOT2_PROTOCOL,Exploratory development data; second development iteration informed by Pilot 1; not independent confirmation; never pooled with the confirmatory held-out estimate,m-shift_reversal-b9112ba83d,nml2_hh_example,1,P02_weak_step,trace_rmse,0.0,0.5997763480316993,0.5997763480316993,0.5
neuron_model_behavioral_validation,Neuraxis,development_pilot,PILOT2_PROTOCOL,Exploratory development data; second development iteration informed by Pilot 1; not independent confirmation; never pooled with the confirmatory held-out estimate,m-shift_reversal-b9112ba83d,nml2_hh_example,1,P04_step_2x,trace_rmse,0.0,0.9899972399866651,0.9899972399866651,0.5
neuron_model_behavioral_validation,Neuraxis,development_pilot,PILOT2_PROTOCOL,Exploratory development data; second development iteration informed by Pilot 1; not independent confirmation; never pooled with the confirmatory held-out estimate,m-shift_reversal-b9112ba83d,nml2_hh_example,1,P05_long_step,trace_rmse,0.0,1.1064512059048783,1.1064512059048783,0.5
neuron_model_behavioral_validation,Neuraxis,development_pilot,PILOT2_PROTOCOL,Exploratory development data; second development iteration informed by Pilot 1; not independent confirmation; never pooled with the confirmatory held-out estimate,m-shift_reversal-b9112ba83d,nml2_hh_example,1,P06_ramp,trace_rmse,0.0,0.6154762285928745,0.6154762285928745,0.5
neuron_model_behavioral_validation,Neuraxis,development_pilot,PILOT2_PROTOCOL,Exploratory development data; second development iteration informed by Pilot 1; not independent confirmation; never pooled with the confirmatory held-out estimate,m-shift_reversal-b9112ba83d,nml2_hh_example,1,P07_hyperpolarizing_step,trace_rmse,0.0,0.5677397471848703,0.5677397471848703,0.5
neuron_model_behavioral_validation,Neuraxis,development_pilot,PILOT2_PROTOCOL,Exploratory development data; second development iteration informed by Pilot 1; not independent confirmation; never pooled with the confirmatory held-out estimate,m-shift_reversal-b9112ba83d,nml2_hh_example,1,P08_rebound,trace_rmse,0.0,1.4151658237259817,1.4151658237259817,0.5
neuron_model_behavioral_validation,Neuraxis,development_pilot,PILOT2_PROTOCOL,Exploratory development data; second development iteration informed by Pilot 1; not independent confirmation; never pooled with the confirmatory held-out estimate,m-shift_reversal-b9112ba83d,nml2_hh_example,1,P09_short_pulse,trace_rmse,0.0,0.6297887193636231,0.6297887193636231,0.5
neuron_model_behavioral_validation,Neuraxis,development_pilot,PILOT2_PROTOCOL,Exploratory development data; second development iteration informed by Pilot 1; not independent confirmation; never pooled with the confirmatory held-out estimate,m-shift_reversal-b9112ba83d,nml2_hh_example,2,P00_canonical,trace_rmse,0.0,15.59416631716473,15.59416631716473,15.508071325536845
neuron_model_behavioral_validation,Neuraxis,development_pilot,PILOT2_PROTOCOL,Exploratory development data; second development iteration informed by Pilot 1; not independent confirmation; never pooled with the confirmatory held-out estimate,m-shift_reversal-b9112ba83d,nml2_hh_example,2,P00_canonical,spike_count,7.0,6.0,1.0,0.5
neuron_model_behavioral_validation,Neuraxis,development_pilot,PILOT2_PROTOCOL,Exploratory development data; second development iteration informed by Pilot 1; not independent confirmation; never pooled with the confirmatory held-out estimate,m-shift_reversal-b9112ba83d,nml2_hh_example,2,P02_weak_step,trace_rmse,0.0,0.5997700484127056,0.5997700484127056,0.5
neuron_model_behavioral_validation,Neuraxis,development_pilot,PILOT2_PROTOCOL,Exploratory development data; second development iteration informed by Pilot 1; not independent confirmation; never pooled with the confirmatory held-out estimate,m-shift_reversal-b9112ba83d,nml2_hh_example,2,P04_step_2x,trace_rmse,0.0,0.9937568059365264,0.9937568059365264,0.5
neuron_model_behavioral_validation,Neuraxis,development_pilot,PILOT2_PROTOCOL,Exploratory development data; second development iteration informed by Pilot 1; not independent confirmation; never pooled with the confirmatory held-out estimate,m-shift_reversal-b9112ba83d,nml2_hh_example,2,P05_long_step,trace_rmse,0.0,1.1083075001443978,1.1083075001443978,0.5
neuron_model_behavioral_validation,Neuraxis,development_pilot,PILOT2_PROTOCOL,Exploratory development data; second development iteration informed by Pilot 1; not independent confirmation; never pooled with the confirmatory held-out estimate,m-shift_reversal-b9112ba83d,nml2_hh_example,2,P06_ramp,trace_rmse,0.0,0.6154716480690571,0.6154716480690571,0.5
neuron_model_behavioral_validation,Neuraxis,development_pilot,PILOT2_PROTOCOL,Exploratory development data; second development iteration informed by Pilot 1; not independent confirmation; never pooled with the confirmatory held-out estimate,m-shift_reversal-b9112ba83d,nml2_hh_example,2,P07_hyperpolarizing_step,trace_rmse,0.0,0.5677280291977341,0.5677280291977341,0.5
neuron_model_behavioral_validation,Neuraxis,development_pilot,PILOT2_PROTOCOL,Exploratory development data; second development iteration informed by Pilot 1; not independent confirmation; never pooled with the confirmatory held-out estimate,m-shift_reversal-b9112ba83d,nml2_hh_example,2,P08_rebound,trace_rmse,0.0,1.4203783604230666,1.4203783604230666,0.5
neuron_model_behavioral_validation,Neuraxis,development_pilot,PILOT2_PROTOCOL,Exploratory development data; second development iteration informed by Pilot 1; not independent confirmation; never pooled with the confirmatory held-out estimate,m-shift_reversal-b9112ba83d,nml2_hh_example,2,P09_short_pulse,trace_rmse,0.0,0.630012477180988,0.630012477180988,0.5
neuron_model_behavioral_validation,Neuraxis,development_pilot,PILOT2_PROTOCOL,Exploratory development data; second development iteration informed by Pilot 1; not independent confirmation; never pooled with the confirmatory held-out estimate,m-shift_reversal-36bce9b069,nml2_hh_example,1,P00_canonical,spike_count,7.0,1.0,6.0,0.5
neuron_model_behavioral_validation,Neuraxis,development_pilot,PILOT2_PROTOCOL,Exploratory development data; second development iteration informed by Pilot 1; not independent confirmation; never pooled with the confirmatory held-out estimate,m-shift_reversal-36bce9b069,nml2_hh_example,1,P02_weak_step,trace_rmse,0.0,3.040722877371808,3.040722877371808,0.5
neuron_model_behavioral_validation,Neuraxis,development_pilot,PILOT2_PROTOCOL,Exploratory development data; second development iteration informed by Pilot 1; not independent confirmation; never pooled with the confirmatory held-out estimate,m-shift_reversal-36bce9b069,nml2_hh_example,1,P04_step_2x,trace_rmse,0.0,3.960629739060198,3.960629739060198,0.5
neuron_model_behavioral_validation,Neuraxis,development_pilot,PILOT2_PROTOCOL,Exploratory development data; second development iteration informed by Pilot 1; not independent confirmation; never pooled with the confirmatory held-out estimate,m-shift_reversal-36bce9b069,nml2_hh_example,1,P04_step_2x,spike_timing,,,0.8066946798230106,0.5
neuron_model_behavioral_validation,Neuraxis,development_pilot,PILOT2_PROTOCOL,Exploratory development data; second development iteration informed by Pilot 1; not independent confirmation; never pooled with the confirmatory held-out estimate,m-shift_reversal-36bce9b069,nml2_hh_example,1,P05_long_step,trace_rmse,0.0,3.537351374850082,3.537351374850082,0.5
neuron_model_behavioral_validation,Neuraxis,development_pilot,PILOT2_PROTOCOL,Exploratory development data; second development iteration informed by Pilot 1; not independent confirmation; never pooled with the confirmatory held-out estimate,m-shift_reversal-36bce9b069,nml2_hh_example,1,P05_long_step,spike_timing,,,1.5493322704290904,0.5
neuron_model_behavioral_validation,Neuraxis,development_pilot,PILOT2_PROTOCOL,Exploratory development data; second development iteration informed by Pilot 1; not independent confirmation; never pooled with the confirmatory held-out estimate,m-shift_reversal-36bce9b069,nml2_hh_example,1,P06_ramp,trace_rmse,0.0,2.6353888850493012,2.6353888850493012,0.5
neuron_model_behavioral_validation,Neuraxis,development_pilot,PILOT2_PROTOCOL,Exploratory development data; second development iteration informed by Pilot 1; not independent confirmation; never pooled with the confirmatory held-out estimate,m-shift_reversal-36bce9b069,nml2_hh_example,1,P07_hyperpolarizing_step,trace_rmse,0.0,4.371879478388496,4.371879478388496,0.5
neuron_model_behavioral_validation,Neuraxis,development_pilot,PILOT2_PROTOCOL,Exploratory development data; second development iteration informed by Pilot 1; not independent confirmation; never pooled with the confirmatory held-out estimate,m-shift_reversal-36bce9b069,nml2_hh_example,1,P08_rebound,trace_rmse,0.0,7.078362134883034,7.078362134883034,0.5
neuron_model_behavioral_validation,Neuraxis,development_pilot,PILOT2_PROTOCOL,Exploratory development data; second development iteration informed by Pilot 1; not independent confirmation; never pooled with the confirmatory held-out estimate,m-shift_reversal-36bce9b069,nml2_hh_example,1,P08_rebound,spike_count,1.0,0.0,1.0,0.5
neuron_model_behavioral_validation,Neuraxis,development_pilot,PILOT2_PROTOCOL,Exploratory development data; second development iteration informed by Pilot 1; not independent confirmation; never pooled with the confirmatory held-out estimate,m-shift_reversal-36bce9b069,nml2_hh_example,1,P09_short_pulse,trace_rmse,0.0,3.4139621840059458,3.4139621840059458,0.5
neuron_model_behavioral_validation,Neuraxis,development_pilot,PILOT2_PROTOCOL,Exploratory development data; second development iteration informed by Pilot 1; not independent confirmation; never pooled with the confirmatory held-out estimate,m-shift_reversal-36bce9b069,nml2_hh_example,2,P00_canonical,spike_count,7.0,1.0,6.0,0.5
neuron_model_behavioral_validation,Neuraxis,development_pilot,PILOT2_PROTOCOL,Exploratory development data; second development iteration informed by Pilot 1; not independent confirmation; never pooled with the confirmatory held-out estimate,m-shift_reversal-36bce9b069,nml2_hh_example,2,P02_weak_step,trace_rmse,0.0,3.040706234955622,3.040706234955622,0.5
neuron_model_behavioral_validation,Neuraxis,development_pilot,PILOT2_PROTOCOL,Exploratory development data; second development iteration informed by Pilot 1; not independent confirmation; never pooled with the confirmatory held-out estimate,m-shift_reversal-36bce9b069,nml2_hh_example,2,P04_step_2x,trace_rmse,0.0,3.9659003696825024,3.9659003696825024,0.5
neuron_model_behavioral_validation,Neuraxis,development_pilot,PILOT2_PROTOCOL,Exploratory development data; second development iteration informed by Pilot 1; not independent confirmation; never pooled with the confirmatory held-out estimate,m-shift_reversal-36bce9b069,nml2_hh_example,2,P04_step_2x,spike_timing,,,0.806145978038785,0.5
neuron_model_behavioral_validation,Neuraxis,development_pilot,PILOT2_PROTOCOL,Exploratory development data; second development iteration informed by Pilot 1; not independent confirmation; never pooled with the confirmatory held-out estimate,m-shift_reversal-36bce9b069,nml2_hh_example,2,P05_long_step,trace_rmse,0.0,3.538934242223597,3.538934242223597,0.5
neuron_model_behavioral_validation,Neuraxis,development_pilot,PILOT2_PROTOCOL,Exploratory development data; second development iteration informed by Pilot 1; not independent confirmation; never pooled with the confirmatory held-out estimate,m-shift_reversal-36bce9b069,nml2_hh_example,2,P05_long_step,spike_timing,,,1.5455793574421364,0.5
neuron_model_behavioral_validation,Neuraxis,development_pilot,PILOT2_PROTOCOL,Exploratory development data; second development iteration informed by Pilot 1; not independent confirmation; never pooled with the confirmatory held-out estimate,m-shift_reversal-36bce9b069,nml2_hh_example,2,P06_ramp,trace_rmse,0.0,2.635370617132977,2.635370617132977,0.5
neuron_model_behavioral_validation,Neuraxis,development_pilot,PILOT2_PROTOCOL,Exploratory development data; second development iteration informed by Pilot 1; not independent confirmation; never pooled with the confirmatory held-out estimate,m-shift_reversal-36bce9b069,nml2_hh_example,2,P07_hyperpolarizing_step,trace_rmse,0.0,4.371869518811906,4.371869518811906,0.5
neuron_model_behavioral_validation,Neuraxis,development_pilot,PILOT2_PROTOCOL,Exploratory development data; second development iteration informed by Pilot 1; not independent confirmation; never pooled with the confirmatory held-out estimate,m-shift_reversal-36bce9b069,nml2_hh_example,2,P08_rebound,trace_rmse,0.0,7.079319822002833,7.079319822002833,0.5
neuron_model_behavioral_validation,Neuraxis,development_pilot,PILOT2_PROTOCOL,Exploratory development data; second development iteration informed by Pilot 1; not independent confirmation; never pooled with the confirmatory held-out estimate,m-shift_reversal-36bce9b069,nml2_hh_example,2,P08_rebound,spike_count,1.0,0.0,1.0,0.5
neuron_model_behavioral_validation,Neuraxis,development_pilot,PILOT2_PROTOCOL,Exploratory development data; second development iteration informed by Pilot 1; not independent confirmation; never pooled with the confirmatory held-out estimate,m-shift_reversal-36bce9b069,nml2_hh_example,2,P09_short_pulse,trace_rmse,0.0,3.4155366410343606,3.4155366410343606,0.5
neuron_model_behavioral_validation,Neuraxis,development_pilot,PILOT2_PROTOCOL,Exploratory development data; second development iteration informed by Pilot 1; not independent confirmation; never pooled with the confirmatory held-out estimate,m-shift_reversal-754db6a01c,nml2_hh_example,1,P00_canonical,spike_count,7.0,1.0,6.0,0.5
neuron_model_behavioral_validation,Neuraxis,development_pilot,PILOT2_PROTOCOL,Exploratory development data; second development iteration informed by Pilot 1; not independent confirmation; never pooled with the confirmatory held-out estimate,m-shift_reversal-754db6a01c,nml2_hh_example,1,P02_weak_step,trace_rmse,0.0,2.4061465684250223,2.4061465684250223,0.5
neuron_model_behavioral_validation,Neuraxis,development_pilot,PILOT2_PROTOCOL,Exploratory development data; second development iteration informed by Pilot 1; not independent confirmation; never pooled with the confirmatory held-out estimate,m-shift_reversal-754db6a01c,nml2_hh_example,1,P04_step_2x,trace_rmse,0.0,4.004455555034532,4.004455555034532,0.5
neuron_model_behavioral_validation,Neuraxis,development_pilot,PILOT2_PROTOCOL,Exploratory development data; second development iteration informed by Pilot 1; not independent confirmation; never pooled with the confirmatory held-out estimate,m-shift_reversal-754db6a01c,nml2_hh_example,1,P04_step_2x,spike_timing,,,0.9811209128461655,0.5
neuron_model_behavioral_validation,Neuraxis,development_pilot,PILOT2_PROTOCOL,Exploratory development data; second development iteration informed by Pilot 1; not independent confirmation; never pooled with the confirmatory held-out estimate,m-shift_reversal-754db6a01c,nml2_hh_example,1,P05_long_step,trace_rmse,0.0,3.2058424561246146,3.2058424561246146,0.5
neuron_model_behavioral_validation,Neuraxis,development_pilot,PILOT2_PROTOCOL,Exploratory development data; second development iteration informed by Pilot 1; not independent confirmation; never pooled with the confirmatory held-out estimate,m-shift_reversal-754db6a01c,nml2_hh_example,1,P05_long_step,spike_count,1.0,0.0,1.0,0.5
neuron_model_behavioral_validation,Neuraxis,development_pilot,PILOT2_PROTOCOL,Exploratory development data; second development iteration informed by Pilot 1; not independent confirmation; never pooled with the confirmatory held-out estimate,m-shift_reversal-754db6a01c,nml2_hh_example,1,P06_ramp,trace_rmse,0.0,2.480613892027046,2.480613892027046,0.5
neuron_model_behavioral_validation,Neuraxis,development_pilot,PILOT2_PROTOCOL,Exploratory development data; second development iteration informed by Pilot 1; not independent confirmation; never pooled with the confirmatory held-out estimate,m-shift_reversal-754db6a01c,nml2_hh_example,1,P07_hyperpolarizing_step,trace_rmse,0.0,2.261517907100065,2.261517907100065,0.5
neuron_model_behavioral_validation,Neuraxis,development_pilot,PILOT2_PROTOCOL,Exploratory development data; second development iteration informed by Pilot 1; not independent confirmation; never pooled with the confirmatory held-out estimate,m-shift_reversal-754db6a01c,nml2_hh_example,1,P08_rebound,trace_rmse,0.0,5.348202426531182,5.348202426531182,0.5
neuron_model_behavioral_validation,Neuraxis,development_pilot,PILOT2_PROTOCOL,Exploratory development data; second development iteration informed by Pilot 1; not independent confirmation; never pooled with the confirmatory held-out estimate,m-shift_reversal-754db6a01c,nml2_hh_example,1,P08_rebound,spike_timing,,,3.156097558083161,0.5
neuron_model_behavioral_validation,Neuraxis,development_pilot,PILOT2_PROTOCOL,Exploratory development data; second development iteration informed by Pilot 1; not independent confirmation; never pooled with the confirmatory held-out estimate,m-shift_reversal-754db6a01c,nml2_hh_example,1,P09_short_pulse,trace_rmse,0.0,2.5810336399147307,2.5810336399147307,0.5
neuron_model_behavioral_validation,Neuraxis,development_pilot,PILOT2_PROTOCOL,Exploratory development data; second development iteration informed by Pilot 1; not independent confirmation; never pooled with the confirmatory held-out estimate,m-shift_reversal-754db6a01c,nml2_hh_example,2,P00_canonical,spike_count,7.0,1.0,6.0,0.5
neuron_model_behavioral_validation,Neuraxis,development_pilot,PILOT2_PROTOCOL,Exploratory development data; second development iteration informed by Pilot 1; not independent confirmation; never pooled with the confirmatory held-out estimate,m-shift_reversal-754db6a01c,nml2_hh_example,2,P02_weak_step,trace_rmse,0.0,2.4061193512442296,2.4061193512442296,0.5
neuron_model_behavioral_validation,Neuraxis,development_pilot,PILOT2_PROTOCOL,Exploratory development data; second development iteration informed by Pilot 1; not independent confirmation; never pooled with the confirmatory held-out estimate,m-shift_reversal-754db6a01c,nml2_hh_example,2,P04_step_2x,trace_rmse,0.0,4.006496186155103,4.006496186155103,0.5
neuron_model_behavioral_validation,Neuraxis,development_pilot,PILOT2_PROTOCOL,Exploratory development data; second development iteration informed by Pilot 1; not independent confirmation; never pooled with the confirmatory held-out estimate,m-shift_reversal-754db6a01c,nml2_hh_example,2,P04_step_2x,spike_timing,,,0.9783303927824818,0.5
neuron_model_behavioral_validation,Neuraxis,development_pilot,PILOT2_PROTOCOL,Exploratory development data; second development iteration informed by Pilot 1; not independent confirmation; never pooled with the confirmatory held-out estimate,m-shift_reversal-754db6a01c,nml2_hh_example,2,P05_long_step,trace_rmse,0.0,3.2061434494981467,3.2061434494981467,0.5
neuron_model_behavioral_validation,Neuraxis,development_pilot,PILOT2_PROTOCOL,Exploratory development data; second development iteration informed by Pilot 1; not independent confirmation; never pooled with the confirmatory held-out estimate,m-shift_reversal-754db6a01c,nml2_hh_example,2,P05_long_step,spike_count,1.0,0.0,1.0,0.5
neuron_model_behavioral_validation,Neuraxis,development_pilot,PILOT2_PROTOCOL,Exploratory development data; second development iteration informed by Pilot 1; not independent confirmation; never pooled with the confirmatory held-out estimate,m-shift_reversal-754db6a01c,nml2_hh_example,2,P06_ramp,trace_rmse,0.0,2.4805932718302857,2.4805932718302857,0.5
neuron_model_behavioral_validation,Neuraxis,development_pilot,PILOT2_PROTOCOL,Exploratory development data; second development iteration informed by Pilot 1; not independent confirmation; never pooled with the confirmatory held-out estimate,m-shift_reversal-754db6a01c,nml2_hh_example,2,P07_hyperpolarizing_step,trace_rmse,0.0,2.261474084465778,2.261474084465778,0.5
neuron_model_behavioral_validation,Neuraxis,development_pilot,PILOT2_PROTOCOL,Exploratory development data; second development iteration informed by Pilot 1; not independent confirmation; never pooled with the confirmatory held-out estimate,m-shift_reversal-754db6a01c,nml2_hh_example,2,P08_rebound,trace_rmse,0.0,5.350579016803113,5.350579016803113,0.5
neuron_model_behavioral_validation,Neuraxis,development_pilot,PILOT2_PROTOCOL,Exploratory development data; second development iteration informed by Pilot 1; not independent confirmation; never pooled with the confirmatory held-out estimate,m-shift_reversal-754db6a01c,nml2_hh_example,2,P08_rebound,spike_timing,,,3.1258421520900583,0.5
neuron_model_behavioral_validation,Neuraxis,development_pilot,PILOT2_PROTOCOL,Exploratory development data; second development iteration informed by Pilot 1; not independent confirmation; never pooled with the confirmatory held-out estimate,m-shift_reversal-754db6a01c,nml2_hh_example,2,P09_short_pulse,trace_rmse,0.0,2.5820267339994967,2.5820267339994967,0.5
neuron_model_behavioral_validation,Neuraxis,development_pilot,PILOT2_PROTOCOL,Exploratory development data; second development iteration informed by Pilot 1; not independent confirmation; never pooled with the confirmatory held-out estimate,m-scale_capacitance-0eba58b1c3,nml2_hh_example,1,P00_canonical,trace_rmse,0.0,17.322010814492465,17.322010814492465,15.508071325536845
neuron_model_behavioral_validation,Neuraxis,development_pilot,PILOT2_PROTOCOL,Exploratory development data; second development iteration informed by Pilot 1; not independent confirmation; never pooled with the confirmatory held-out estimate,m-scale_capacitance-0eba58b1c3,nml2_hh_example,1,P00_canonical,spike_timing,,,3.0458254742696624,1.3844648717613381
neuron_model_behavioral_validation,Neuraxis,development_pilot,PILOT2_PROTOCOL,Exploratory development data; second development iteration informed by Pilot 1; not independent confirmation; never pooled with the confirmatory held-out estimate,m-scale_capacitance-0eba58b1c3,nml2_hh_example,1,P04_step_2x,trace_rmse,0.0,2.012997056133718,2.012997056133718,0.5
neuron_model_behavioral_validation,Neuraxis,development_pilot,PILOT2_PROTOCOL,Exploratory development data; second development iteration informed by Pilot 1; not independent confirmation; never pooled with the confirmatory held-out estimate,m-scale_capacitance-0eba58b1c3,nml2_hh_example,1,P04_step_2x,spike_timing,,,0.5142526328017425,0.5
neuron_model_behavioral_validation,Neuraxis,development_pilot,PILOT2_PROTOCOL,Exploratory development data; second development iteration informed by Pilot 1; not independent confirmation; never pooled with the confirmatory held-out estimate,m-scale_capacitance-0eba58b1c3,nml2_hh_example,1,P05_long_step,trace_rmse,0.0,1.6032820171817799,1.6032820171817799,0.5
neuron_model_behavioral_validation,Neuraxis,development_pilot,PILOT2_PROTOCOL,Exploratory development data; second development iteration informed by Pilot 1; not independent confirmation; never pooled with the confirmatory held-out estimate,m-scale_capacitance-0eba58b1c3,nml2_hh_example,1,P05_long_step,spike_timing,,,0.7181659456603597,0.5
neuron_model_behavioral_validation,Neuraxis,development_pilot,PILOT2_PROTOCOL,Exploratory development data; second development iteration informed by Pilot 1; not independent confirmation; never pooled with the confirmatory held-out estimate,m-scale_capacitance-0eba58b1c3,nml2_hh_example,1,P08_rebound,trace_rmse,0.0,3.0611291373627703,3.0611291373627703,0.5
neuron_model_behavioral_validation,Neuraxis,development_pilot,PILOT2_PROTOCOL,Exploratory development data; second development iteration informed by Pilot 1; not independent confirmation; never pooled with the confirmatory held-out estimate,m-scale_capacitance-0eba58b1c3,nml2_hh_example,1,P08_rebound,spike_timing,,,0.9335041999519262,0.5
neuron_model_behavioral_validation,Neuraxis,development_pilot,PILOT2_PROTOCOL,Exploratory development data; second development iteration informed by Pilot 1; not independent confirmation; never pooled with the confirmatory held-out estimate,m-scale_capacitance-0eba58b1c3,nml2_hh_example,1,P09_short_pulse,trace_rmse,0.0,1.1058125403417698,1.1058125403417698,0.5
neuron_model_behavioral_validation,Neuraxis,development_pilot,PILOT2_PROTOCOL,Exploratory development data; second development iteration informed by Pilot 1; not independent confirmation; never pooled with the confirmatory held-out estimate,m-scale_capacitance-0eba58b1c3,nml2_hh_example,2,P00_canonical,trace_rmse,0.0,17.37988602214805,17.37988602214805,15.508071325536845
neuron_model_behavioral_validation,Neuraxis,development_pilot,PILOT2_PROTOCOL,Exploratory development data; second development iteration informed by Pilot 1; not independent confirmation; never pooled with the confirmatory held-out estimate,m-scale_capacitance-0eba58b1c3,nml2_hh_example,2,P00_canonical,spike_timing,,,3.059653516592334,1.3844648717613381
neuron_model_behavioral_validation,Neuraxis,development_pilot,PILOT2_PROTOCOL,Exploratory development data; second development iteration informed by Pilot 1; not independent confirmation; never pooled with the confirmatory held-out estimate,m-scale_capacitance-0eba58b1c3,nml2_hh_example,2,P04_step_2x,trace_rmse,0.0,2.018478821838233,2.018478821838233,0.5
neuron_model_behavioral_validation,Neuraxis,development_pilot,PILOT2_PROTOCOL,Exploratory development data; second development iteration informed by Pilot 1; not independent confirmation; never pooled with the confirmatory held-out estimate,m-scale_capacitance-0eba58b1c3,nml2_hh_example,2,P04_step_2x,spike_timing,,,0.5129264664170137,0.5
neuron_model_behavioral_validation,Neuraxis,development_pilot,PILOT2_PROTOCOL,Exploratory development data; second development iteration informed by Pilot 1; not independent confirmation; never pooled with the confirmatory held-out estimate,m-scale_capacitance-0eba58b1c3,nml2_hh_example,2,P05_long_step,trace_rmse,0.0,1.6057810709369364,1.6057810709369364,0.5
neuron_model_behavioral_validation,Neuraxis,development_pilot,PILOT2_PROTOCOL,Exploratory development data; second development iteration informed by Pilot 1; not independent confirmation; never pooled with the confirmatory held-out estimate,m-scale_capacitance-0eba58b1c3,nml2_hh_example,2,P05_long_step,spike_timing,,,0.715960119148292,0.5
neuron_model_behavioral_validation,Neuraxis,development_pilot,PILOT2_PROTOCOL,Exploratory development data; second development iteration informed by Pilot 1; not independent confirmation; never pooled with the confirmatory held-out estimate,m-scale_capacitance-0eba58b1c3,nml2_hh_example,2,P08_rebound,trace_rmse,0.0,3.0657519417950927,3.0657519417950927,0.5
neuron_model_behavioral_validation,Neuraxis,development_pilot,PILOT2_PROTOCOL,Exploratory development data; second development iteration informed by Pilot 1; not independent confirmation; never pooled with the confirmatory held-out estimate,m-scale_capacitance-0eba58b1c3,nml2_hh_example,2,P08_rebound,spike_timing,,,0.9315903296572969,0.5
neuron_model_behavioral_validation,Neuraxis,development_pilot,PILOT2_PROTOCOL,Exploratory development data; second development iteration informed by Pilot 1; not independent confirmation; never pooled with the confirmatory held-out estimate,m-scale_capacitance-0eba58b1c3,nml2_hh_example,2,P09_short_pulse,trace_rmse,0.0,1.1110579410541084,1.1110579410541084,0.5
neuron_model_behavioral_validation,Neuraxis,development_pilot,PILOT2_PROTOCOL,Exploratory development data; second development iteration informed by Pilot 1; not independent confirmation; never pooled with the confirmatory held-out estimate,m-scale_capacitance-e015416fbf,nml2_hh_example,1,P00_canonical,trace_rmse,0.0,20.801989429949128,20.801989429949128,15.508071325536845
neuron_model_behavioral_validation,Neuraxis,development_pilot,PILOT2_PROTOCOL,Exploratory development data; second development iteration informed by Pilot 1; not independent confirmation; never pooled with the confirmatory held-out estimate,m-scale_capacitance-e015416fbf,nml2_hh_example,1,P00_canonical,spike_timing,,,7.9294173591075605,1.3844648717613381
neuron_model_behavioral_validation,Neuraxis,development_pilot,PILOT2_PROTOCOL,Exploratory development data; second development iteration informed by Pilot 1; not independent confirmation; never pooled with the confirmatory held-out estimate,m-scale_capacitance-e015416fbf,nml2_hh_example,1,P04_step_2x,trace_rmse,0.0,3.7308310137458287,3.7308310137458287,0.5
neuron_model_behavioral_validation,Neuraxis,development_pilot,PILOT2_PROTOCOL,Exploratory development data; second development iteration informed by Pilot 1; not independent confirmation; never pooled with the confirmatory held-out estimate,m-scale_capacitance-e015416fbf,nml2_hh_example,1,P04_step_2x,spike_timing,,,1.2779155561433981,0.5
neuron_model_behavioral_validation,Neuraxis,development_pilot,PILOT2_PROTOCOL,Exploratory development data; second development iteration informed by Pilot 1; not independent confirmation; never pooled with the confirmatory held-out estimate,m-scale_capacitance-e015416fbf,nml2_hh_example,1,P05_long_step,trace_rmse,0.0,2.730392611390762,2.730392611390762,0.5
neuron_model_behavioral_validation,Neuraxis,development_pilot,PILOT2_PROTOCOL,Exploratory development data; second development iteration informed by Pilot 1; not independent confirmation; never pooled with the confirmatory held-out estimate,m-scale_capacitance-e015416fbf,nml2_hh_example,1,P05_long_step,spike_timing,,,1.72712017583126,0.5
neuron_model_behavioral_validation,Neuraxis,development_pilot,PILOT2_PROTOCOL,Exploratory development data; second development iteration informed by Pilot 1; not independent confirmation; never pooled with the confirmatory held-out estimate,m-scale_capacitance-e015416fbf,nml2_hh_example,1,P07_hyperpolarizing_step,trace_rmse,0.0,3.4650306779161357,3.4650306779161357,0.5
neuron_model_behavioral_validation,Neuraxis,development_pilot,PILOT2_PROTOCOL,Exploratory development data; second development iteration informed by Pilot 1; not independent confirmation; never pooled with the confirmatory held-out estimate,m-scale_capacitance-e015416fbf,nml2_hh_example,1,P07_hyperpolarizing_step,spike_count,0.0,1.0,1.0,0.5
neuron_model_behavioral_validation,Neuraxis,development_pilot,PILOT2_PROTOCOL,Exploratory development data; second development iteration informed by Pilot 1; not independent confirmation; never pooled with the confirmatory held-out estimate,m-scale_capacitance-e015416fbf,nml2_hh_example,1,P08_rebound,trace_rmse,0.0,4.926612831279719,4.926612831279719,0.5
neuron_model_behavioral_validation,Neuraxis,development_pilot,PILOT2_PROTOCOL,Exploratory development data; second development iteration informed by Pilot 1; not independent confirmation; never pooled with the confirmatory held-out estimate,m-scale_capacitance-e015416fbf,nml2_hh_example,1,P08_rebound,spike_timing,,,2.2387833410045914,0.5
neuron_model_behavioral_validation,Neuraxis,development_pilot,PILOT2_PROTOCOL,Exploratory development data; second development iteration informed by Pilot 1; not independent confirmation; never pooled with the confirmatory held-out estimate,m-scale_capacitance-e015416fbf,nml2_hh_example,1,P09_short_pulse,trace_rmse,0.0,2.565119766767284,2.565119766767284,0.5
neuron_model_behavioral_validation,Neuraxis,development_pilot,PILOT2_PROTOCOL,Exploratory development data; second development iteration informed by Pilot 1; not independent confirmation; never pooled with the confirmatory held-out estimate,m-scale_capacitance-e015416fbf,nml2_hh_example,2,P00_canonical,trace_rmse,0.0,20.796963868062864,20.796963868062864,15.508071325536845
neuron_model_behavioral_validation,Neuraxis,development_pilot,PILOT2_PROTOCOL,Exploratory development data; second development iteration informed by Pilot 1; not independent confirmation; never pooled with the confirmatory held-out estimate,m-scale_capacitance-e015416fbf,nml2_hh_example,2,P00_canonical,spike_timing,,,7.9716487667491265,1.3844648717613381
neuron_model_behavioral_validation,Neuraxis,development_pilot,PILOT2_PROTOCOL,Exploratory development data; second development iteration informed by Pilot 1; not independent confirmation; never pooled with the confirmatory held-out estimate,m-scale_capacitance-e015416fbf,nml2_hh_example,2,P04_step_2x,trace_rmse,0.0,3.7341355270890455,3.7341355270890455,0.5
neuron_model_behavioral_validation,Neuraxis,development_pilot,PILOT2_PROTOCOL,Exploratory development data; second development iteration informed by Pilot 1; not independent confirmation; never pooled with the confirmatory held-out estimate,m-scale_capacitance-e015416fbf,nml2_hh_example,2,P04_step_2x,spike_timing,,,1.2744662016259554,0.5
neuron_model_behavioral_validation,Neuraxis,development_pilot,PILOT2_PROTOCOL,Exploratory development data; second development iteration informed by Pilot 1; not independent confirmation; never pooled with the confirmatory held-out estimate,m-scale_capacitance-e015416fbf,nml2_hh_example,2,P05_long_step,trace_rmse,0.0,2.7323478387931375,2.7323478387931375,0.5
neuron_model_behavioral_validation,Neuraxis,development_pilot,PILOT2_PROTOCOL,Exploratory development data; second development iteration informed by Pilot 1; not independent confirmation; never pooled with the confirmatory held-out estimate,m-scale_capacitance-e015416fbf,nml2_hh_example,2,P05_long_step,spike_timing,,,1.721889954491644,0.5
neuron_model_behavioral_validation,Neuraxis,development_pilot,PILOT2_PROTOCOL,Exploratory development data; second development iteration informed by Pilot 1; not independent confirmation; never pooled with the confirmatory held-out estimate,m-scale_capacitance-e015416fbf,nml2_hh_example,2,P07_hyperpolarizing_step,trace_rmse,0.0,3.4672413523129966,3.4672413523129966,0.5
neuron_model_behavioral_validation,Neuraxis,development_pilot,PILOT2_PROTOCOL,Exploratory development data; second development iteration informed by Pilot 1; not independent confirmation; never pooled with the confirmatory held-out estimate,m-scale_capacitance-e015416fbf,nml2_hh_example,2,P07_hyperpolarizing_step,spike_count,0.0,1.0,1.0,0.5
neuron_model_behavioral_validation,Neuraxis,development_pilot,PILOT2_PROTOCOL,Exploratory development data; second development iteration informed by Pilot 1; not independent confirmation; never pooled with the confirmatory held-out estimate,m-scale_capacitance-e015416fbf,nml2_hh_example,2,P08_rebound,trace_rmse,0.0,4.9313351690418905,4.9313351690418905,0.5
neuron_model_behavioral_validation,Neuraxis,development_pilot,PILOT2_PROTOCOL,Exploratory development data; second development iteration informed by Pilot 1; not independent confirmation; never pooled with the confirmatory held-out estimate,m-scale_capacitance-e015416fbf,nml2_hh_example,2,P08_rebound,spike_timing,,,2.2340120717124137,0.5
neuron_model_behavioral_validation,Neuraxis,development_pilot,PILOT2_PROTOCOL,Exploratory development data; second development iteration informed by Pilot 1; not independent confirmation; never pooled with the confirmatory held-out estimate,m-scale_capacitance-e015416fbf,nml2_hh_example,2,P09_short_pulse,trace_rmse,0.0,2.5700877409522764,2.5700877409522764,0.5
neuron_model_behavioral_validation,Neuraxis,development_pilot,PILOT2_PROTOCOL,Exploratory development data; second development iteration informed by Pilot 1; not independent confirmation; never pooled with the confirmatory held-out estimate,m-scale_gate_time_constant-06060ba499,nml2_hh_example,1,P00_canonical,trace_rmse,0.0,17.52889228575657,17.52889228575657,15.508071325536845
neuron_model_behavioral_validation,Neuraxis,development_pilot,PILOT2_PROTOCOL,Exploratory development data; second development iteration informed by Pilot 1; not independent confirmation; never pooled with the confirmatory held-out estimate,m-scale_gate_time_constant-06060ba499,nml2_hh_example,1,P00_canonical,spike_count,7.0,6.0,1.0,0.5
neuron_model_behavioral_validation,Neuraxis,development_pilot,PILOT2_PROTOCOL,Exploratory development data; second development iteration informed by Pilot 1; not independent confirmation; never pooled with the confirmatory held-out estimate,m-scale_gate_time_constant-06060ba499,nml2_hh_example,1,P04_step_2x,trace_rmse,0.0,1.2943931566152975,1.2943931566152975,0.5
neuron_model_behavioral_validation,Neuraxis,development_pilot,PILOT2_PROTOCOL,Exploratory development data; second development iteration informed by Pilot 1; not independent confirmation; never pooled with the confirmatory held-out estimate,m-scale_gate_time_constant-06060ba499,nml2_hh_example,1,P05_long_step,trace_rmse,0.0,1.0671543473128438,1.0671543473128438,0.5
neuron_model_behavioral_validation,Neuraxis,development_pilot,PILOT2_PROTOCOL,Exploratory development data; second development iteration informed by Pilot 1; not independent confirmation; never pooled with the confirmatory held-out estimate,m-scale_gate_time_constant-06060ba499,nml2_hh_example,1,P08_rebound,trace_rmse,0.0,1.3777475206466412,1.3777475206466412,0.5
neuron_model_behavioral_validation,Neuraxis,development_pilot,PILOT2_PROTOCOL,Exploratory development data; second development iteration informed by Pilot 1; not independent confirmation; never pooled with the confirmatory held-out estimate,m-scale_gate_time_constant-06060ba499,nml2_hh_example,1,P09_short_pulse,trace_rmse,0.0,0.7735218212660658,0.7735218212660658,0.5
neuron_model_behavioral_validation,Neuraxis,development_pilot,PILOT2_PROTOCOL,Exploratory development data; second development iteration informed by Pilot 1; not independent confirmation; never pooled with the confirmatory held-out estimate,m-scale_gate_time_constant-06060ba499,nml2_hh_example,2,P00_canonical,trace_rmse,0.0,17.552445358789086,17.552445358789086,15.508071325536845
neuron_model_behavioral_validation,Neuraxis,development_pilot,PILOT2_PROTOCOL,Exploratory development data; second development iteration informed by Pilot 1; not independent confirmation; never pooled with the confirmatory held-out estimate,m-scale_gate_time_constant-06060ba499,nml2_hh_example,2,P00_canonical,spike_count,7.0,6.0,1.0,0.5
neuron_model_behavioral_validation,Neuraxis,development_pilot,PILOT2_PROTOCOL,Exploratory development data; second development iteration informed by Pilot 1; not independent confirmation; never pooled with the confirmatory held-out estimate,m-scale_gate_time_constant-06060ba499,nml2_hh_example,2,P04_step_2x,trace_rmse,0.0,1.3028215615175365,1.3028215615175365,0.5
neuron_model_behavioral_validation,Neuraxis,development_pilot,PILOT2_PROTOCOL,Exploratory development data; second development iteration informed by Pilot 1; not independent confirmation; never pooled with the confirmatory held-out estimate,m-scale_gate_time_constant-06060ba499,nml2_hh_example,2,P05_long_step,trace_rmse,0.0,1.0715945522424963,1.0715945522424963,0.5
neuron_model_behavioral_validation,Neuraxis,development_pilot,PILOT2_PROTOCOL,Exploratory development data; second development iteration informed by Pilot 1; not independent confirmation; never pooled with the confirmatory held-out estimate,m-scale_gate_time_constant-06060ba499,nml2_hh_example,2,P08_rebound,trace_rmse,0.0,1.387076621260674,1.387076621260674,0.5
neuron_model_behavioral_validation,Neuraxis,development_pilot,PILOT2_PROTOCOL,Exploratory development data; second development iteration informed by Pilot 1; not independent confirmation; never pooled with the confirmatory held-out estimate,m-scale_gate_time_constant-06060ba499,nml2_hh_example,2,P09_short_pulse,trace_rmse,0.0,0.7821291801242821,0.7821291801242821,0.5
neuron_model_behavioral_validation,Neuraxis,development_pilot,PILOT2_PROTOCOL,Exploratory development data; second development iteration informed by Pilot 1; not independent confirmation; never pooled with the confirmatory held-out estimate,m-scale_gate_time_constant-445843d9fa,nml2_hh_example,1,P00_canonical,spike_count,7.0,1.0,6.0,0.5
neuron_model_behavioral_validation,Neuraxis,development_pilot,PILOT2_PROTOCOL,Exploratory development data; second development iteration informed by Pilot 1; not independent confirmation; never pooled with the confirmatory held-out estimate,m-scale_gate_time_constant-445843d9fa,nml2_hh_example,1,P04_step_2x,trace_rmse,0.0,2.19327785306466,2.19327785306466,0.5
neuron_model_behavioral_validation,Neuraxis,development_pilot,PILOT2_PROTOCOL,Exploratory development data; second development iteration informed by Pilot 1; not independent confirmation; never pooled with the confirmatory held-out estimate,m-scale_gate_time_constant-445843d9fa,nml2_hh_example,1,P04_step_2x,spike_timing,,,0.7495810926847639,0.5
neuron_model_behavioral_validation,Neuraxis,development_pilot,PILOT2_PROTOCOL,Exploratory development data; second development iteration informed by Pilot 1; not independent confirmation; never pooled with the confirmatory held-out estimate,m-scale_gate_time_constant-445843d9fa,nml2_hh_example,1,P05_long_step,trace_rmse,0.0,2.0246641052521053,2.0246641052521053,0.5
neuron_model_behavioral_validation,Neuraxis,development_pilot,PILOT2_PROTOCOL,Exploratory development data; second development iteration informed by Pilot 1; not independent confirmation; never pooled with the confirmatory held-out estimate,m-scale_gate_time_constant-445843d9fa,nml2_hh_example,1,P05_long_step,spike_count,1.0,0.0,1.0,0.5
neuron_model_behavioral_validation,Neuraxis,development_pilot,PILOT2_PROTOCOL,Exploratory development data; second development iteration informed by Pilot 1; not independent confirmation; never pooled with the confirmatory held-out estimate,m-scale_gate_time_constant-445843d9fa,nml2_hh_example,1,P08_rebound,trace_rmse,0.0,3.2911708303370397,3.2911708303370397,0.5
neuron_model_behavioral_validation,Neuraxis,development_pilot,PILOT2_PROTOCOL,Exploratory development data; second development iteration informed by Pilot 1; not independent confirmation; never pooled with the confirmatory held-out estimate,m-scale_gate_time_constant-445843d9fa,nml2_hh_example,1,P08_rebound,spike_count,1.0,0.0,1.0,0.5
neuron_model_behavioral_validation,Neuraxis,development_pilot,PILOT2_PROTOCOL,Exploratory development data; second development iteration informed by Pilot 1; not independent confirmation; never pooled with the confirmatory held-out estimate,m-scale_gate_time_constant-445843d9fa,nml2_hh_example,1,P09_short_pulse,trace_rmse,0.0,1.1262718648858412,1.1262718648858412,0.5
neuron_model_behavioral_validation,Neuraxis,development_pilot,PILOT2_PROTOCOL,Exploratory development data; second development iteration informed by Pilot 1; not independent confirmation; never pooled with the confirmatory held-out estimate,m-scale_gate_time_constant-445843d9fa,nml2_hh_example,2,P00_canonical,spike_count,7.0,1.0,6.0,0.5
neuron_model_behavioral_validation,Neuraxis,development_pilot,PILOT2_PROTOCOL,Exploratory development data; second development iteration informed by Pilot 1; not independent confirmation; never pooled with the confirmatory held-out estimate,m-scale_gate_time_constant-445843d9fa,nml2_hh_example,2,P04_step_2x,trace_rmse,0.0,2.1868872500131626,2.1868872500131626,0.5
neuron_model_behavioral_validation,Neuraxis,development_pilot,PILOT2_PROTOCOL,Exploratory development data; second development iteration informed by Pilot 1; not independent confirmation; never pooled with the confirmatory held-out estimate,m-scale_gate_time_constant-445843d9fa,nml2_hh_example,2,P04_step_2x,spike_timing,,,0.7417432010481662,0.5
neuron_model_behavioral_validation,Neuraxis,development_pilot,PILOT2_PROTOCOL,Exploratory development data; second development iteration informed by Pilot 1; not independent confirmation; never pooled with the confirmatory held-out estimate,m-scale_gate_time_constant-445843d9fa,nml2_hh_example,2,P05_long_step,trace_rmse,0.0,2.024137263396138,2.024137263396138,0.5
neuron_model_behavioral_validation,Neuraxis,development_pilot,PILOT2_PROTOCOL,Exploratory development data; second development iteration informed by Pilot 1; not independent confirmation; never pooled with the confirmatory held-out estimate,m-scale_gate_time_constant-445843d9fa,nml2_hh_example,2,P05_long_step,spike_count,1.0,0.0,1.0,0.5
neuron_model_behavioral_validation,Neuraxis,development_pilot,PILOT2_PROTOCOL,Exploratory development data; second development iteration informed by Pilot 1; not independent confirmation; never pooled with the confirmatory held-out estimate,m-scale_gate_time_constant-445843d9fa,nml2_hh_example,2,P08_rebound,trace_rmse,0.0,3.2916732615217823,3.2916732615217823,0.5
neuron_model_behavioral_validation,Neuraxis,development_pilot,PILOT2_PROTOCOL,Exploratory development data; second development iteration informed by Pilot 1; not independent confirmation; never pooled with the confirmatory held-out estimate,m-scale_gate_time_constant-445843d9fa,nml2_hh_example,2,P08_rebound,spike_count,1.0,0.0,1.0,0.5
neuron_model_behavioral_validation,Neuraxis,development_pilot,PILOT2_PROTOCOL,Exploratory development data; second development iteration informed by Pilot 1; not independent confirmation; never pooled with the confirmatory held-out estimate,m-scale_gate_time_constant-445843d9fa,nml2_hh_example,2,P09_short_pulse,trace_rmse,0.0,1.1266611682105632,1.1266611682105632,0.5
neuron_model_behavioral_validation,Neuraxis,development_pilot,PILOT2_PROTOCOL,Exploratory development data; second development iteration informed by Pilot 1; not independent confirmation; never pooled with the confirmatory held-out estimate,m-shift_gate_midpoint-cdbd253d57,nml2_hh_example,1,P00_canonical,spike_count,7.0,0.0,7.0,0.5
neuron_model_behavioral_validation,Neuraxis,development_pilot,PILOT2_PROTOCOL,Exploratory development data; second development iteration informed by Pilot 1; not independent confirmation; never pooled with the confirmatory held-out estimate,m-shift_gate_midpoint-cdbd253d57,nml2_hh_example,1,P02_weak_step,trace_rmse,0.0,0.7958153338625257,0.7958153338625257,0.5
neuron_model_behavioral_validation,Neuraxis,development_pilot,PILOT2_PROTOCOL,Exploratory development data; second development iteration informed by Pilot 1; not independent confirmation; never pooled with the confirmatory held-out estimate,m-shift_gate_midpoint-cdbd253d57,nml2_hh_example,1,P04_step_2x,trace_rmse,0.0,3.4097235358608304,3.4097235358608304,0.5
neuron_model_behavioral_validation,Neuraxis,development_pilot,PILOT2_PROTOCOL,Exploratory development data; second development iteration informed by Pilot 1; not independent confirmation; never pooled with the confirmatory held-out estimate,m-shift_gate_midpoint-cdbd253d57,nml2_hh_example,1,P04_step_2x,spike_count,1.0,0.0,1.0,0.5
neuron_model_behavioral_validation,Neuraxis,development_pilot,PILOT2_PROTOCOL,Exploratory development data; second development iteration informed by Pilot 1; not independent confirmation; never pooled with the confirmatory held-out estimate,m-shift_gate_midpoint-cdbd253d57,nml2_hh_example,1,P05_long_step,trace_rmse,0.0,2.2905250494533083,2.2905250494533083,0.5
neuron_model_behavioral_validation,Neuraxis,development_pilot,PILOT2_PROTOCOL,Exploratory development data; second development iteration informed by Pilot 1; not independent confirmation; never pooled with the confirmatory held-out estimate,m-shift_gate_midpoint-cdbd253d57,nml2_hh_example,1,P05_long_step,spike_count,1.0,0.0,1.0,0.5
neuron_model_behavioral_validation,Neuraxis,development_pilot,PILOT2_PROTOCOL,Exploratory development data; second development iteration informed by Pilot 1; not independent confirmation; never pooled with the confirmatory held-out estimate,m-shift_gate_midpoint-cdbd253d57,nml2_hh_example,1,P06_ramp,trace_rmse,0.0,0.8990352320426916,0.8990352320426916,0.5
neuron_model_behavioral_validation,Neuraxis,development_pilot,PILOT2_PROTOCOL,Exploratory development data; second development iteration informed by Pilot 1; not independent confirmation; never pooled with the confirmatory held-out estimate,m-shift_gate_midpoint-cdbd253d57,nml2_hh_example,1,P07_hyperpolarizing_step,trace_rmse,0.0,0.6886228592810779,0.6886228592810779,0.5
neuron_model_behavioral_validation,Neuraxis,development_pilot,PILOT2_PROTOCOL,Exploratory development data; second development iteration informed by Pilot 1; not independent confirmation; never pooled with the confirmatory held-out estimate,m-shift_gate_midpoint-cdbd253d57,nml2_hh_example,1,P08_rebound,trace_rmse,0.0,3.5083950624790843,3.5083950624790843,0.5
neuron_model_behavioral_validation,Neuraxis,development_pilot,PILOT2_PROTOCOL,Exploratory development data; second development iteration informed by Pilot 1; not independent confirmation; never pooled with the confirmatory held-out estimate,m-shift_gate_midpoint-cdbd253d57,nml2_hh_example,1,P08_rebound,spike_count,1.0,0.0,1.0,0.5
neuron_model_behavioral_validation,Neuraxis,development_pilot,PILOT2_PROTOCOL,Exploratory development data; second development iteration informed by Pilot 1; not independent confirmation; never pooled with the confirmatory held-out estimate,m-shift_gate_midpoint-cdbd253d57,nml2_hh_example,1,P09_short_pulse,trace_rmse,0.0,2.4006851526751816,2.4006851526751816,0.5
neuron_model_behavioral_validation,Neuraxis,development_pilot,PILOT2_PROTOCOL,Exploratory development data; second development iteration informed by Pilot 1; not independent confirmation; never pooled with the confirmatory held-out estimate,m-shift_gate_midpoint-cdbd253d57,nml2_hh_example,2,P00_canonical,spike_count,7.0,0.0,7.0,0.5
neuron_model_behavioral_validation,Neuraxis,development_pilot,PILOT2_PROTOCOL,Exploratory development data; second development iteration informed by Pilot 1; not independent confirmation; never pooled with the confirmatory held-out estimate,m-shift_gate_midpoint-cdbd253d57,nml2_hh_example,2,P02_weak_step,trace_rmse,0.0,0.7957996244704556,0.7957996244704556,0.5
neuron_model_behavioral_validation,Neuraxis,development_pilot,PILOT2_PROTOCOL,Exploratory development data; second development iteration informed by Pilot 1; not independent confirmation; never pooled with the confirmatory held-out estimate,m-shift_gate_midpoint-cdbd253d57,nml2_hh_example,2,P04_step_2x,trace_rmse,0.0,3.409887286959738,3.409887286959738,0.5
neuron_model_behavioral_validation,Neuraxis,development_pilot,PILOT2_PROTOCOL,Exploratory development data; second development iteration informed by Pilot 1; not independent confirmation; never pooled with the confirmatory held-out estimate,m-shift_gate_midpoint-cdbd253d57,nml2_hh_example,2,P04_step_2x,spike_count,1.0,0.0,1.0,0.5
neuron_model_behavioral_validation,Neuraxis,development_pilot,PILOT2_PROTOCOL,Exploratory development data; second development iteration informed by Pilot 1; not independent confirmation; never pooled with the confirmatory held-out estimate,m-shift_gate_midpoint-cdbd253d57,nml2_hh_example,2,P05_long_step,trace_rmse,0.0,2.290670466361694,2.290670466361694,0.5
neuron_model_behavioral_validation,Neuraxis,development_pilot,PILOT2_PROTOCOL,Exploratory development data; second development iteration informed by Pilot 1; not independent confirmation; never pooled with the confirmatory held-out estimate,m-shift_gate_midpoint-cdbd253d57,nml2_hh_example,2,P05_long_step,spike_count,1.0,0.0,1.0,0.5
neuron_model_behavioral_validation,Neuraxis,development_pilot,PILOT2_PROTOCOL,Exploratory development data; second development iteration informed by Pilot 1; not independent confirmation; never pooled with the confirmatory held-out estimate,m-shift_gate_midpoint-cdbd253d57,nml2_hh_example,2,P06_ramp,trace_rmse,0.0,0.8990255427036544,0.8990255427036544,0.5
neuron_model_behavioral_validation,Neuraxis,development_pilot,PILOT2_PROTOCOL,Exploratory development data; second development iteration informed by Pilot 1; not independent confirmation; never pooled with the confirmatory held-out estimate,m-shift_gate_midpoint-cdbd253d57,nml2_hh_example,2,P07_hyperpolarizing_step,trace_rmse,0.0,0.6885484304513696,0.6885484304513696,0.5
neuron_model_behavioral_validation,Neuraxis,development_pilot,PILOT2_PROTOCOL,Exploratory development data; second development iteration informed by Pilot 1; not independent confirmation; never pooled with the confirmatory held-out estimate,m-shift_gate_midpoint-cdbd253d57,nml2_hh_example,2,P08_rebound,trace_rmse,0.0,3.5090109838598185,3.5090109838598185,0.5
neuron_model_behavioral_validation,Neuraxis,development_pilot,PILOT2_PROTOCOL,Exploratory development data; second development iteration informed by Pilot 1; not independent confirmation; never pooled with the confirmatory held-out estimate,m-shift_gate_midpoint-cdbd253d57,nml2_hh_example,2,P08_rebound,spike_count,1.0,0.0,1.0,0.5
neuron_model_behavioral_validation,Neuraxis,development_pilot,PILOT2_PROTOCOL,Exploratory development data; second development iteration informed by Pilot 1; not independent confirmation; never pooled with the confirmatory held-out estimate,m-shift_gate_midpoint-cdbd253d57,nml2_hh_example,2,P09_short_pulse,trace_rmse,0.0,2.4093515954154805,2.4093515954154805,0.5
neuron_model_behavioral_validation,Neuraxis,development_pilot,PILOT2_PROTOCOL,Exploratory development data; second development iteration informed by Pilot 1; not independent confirmation; never pooled with the confirmatory held-out estimate,m-shift_gate_midpoint-6ea0967285,nml2_hh_example,1,P00_canonical,trace_rmse,0.0,33.706588266378255,33.706588266378255,15.508071325536845
neuron_model_behavioral_validation,Neuraxis,development_pilot,PILOT2_PROTOCOL,Exploratory development data; second development iteration informed by Pilot 1; not independent confirmation; never pooled with the confirmatory held-out estimate,m-shift_gate_midpoint-6ea0967285,nml2_hh_example,1,P00_canonical,spike_count,7.0,24.0,17.0,0.5
neuron_model_behavioral_validation,Neuraxis,development_pilot,PILOT2_PROTOCOL,Exploratory development data; second development iteration informed by Pilot 1; not independent confirmation; never pooled with the confirmatory held-out estimate,m-shift_gate_midpoint-6ea0967285,nml2_hh_example,1,P02_weak_step,trace_rmse,0.0,31.007798208536375,31.007798208536375,0.5
neuron_model_behavioral_validation,Neuraxis,development_pilot,PILOT2_PROTOCOL,Exploratory development data; second development iteration informed by Pilot 1; not independent confirmation; never pooled with the confirmatory held-out estimate,m-shift_gate_midpoint-6ea0967285,nml2_hh_example,1,P02_weak_step,spike_count,0.0,72.0,72.0,0.5
neuron_model_behavioral_validation,Neuraxis,development_pilot,PILOT2_PROTOCOL,Exploratory development data; second development iteration informed by Pilot 1; not independent confirmation; never pooled with the confirmatory held-out estimate,m-shift_gate_midpoint-6ea0967285,nml2_hh_example,1,P04_step_2x,trace_rmse,0.0,31.608588222530724,31.608588222530724,0.5
neuron_model_behavioral_validation,Neuraxis,development_pilot,PILOT2_PROTOCOL,Exploratory development data; second development iteration informed by Pilot 1; not independent confirmation; never pooled with the confirmatory held-out estimate,m-shift_gate_midpoint-6ea0967285,nml2_hh_example,1,P04_step_2x,spike_count,1.0,78.0,77.0,0.5
neuron_model_behavioral_validation,Neuraxis,development_pilot,PILOT2_PROTOCOL,Exploratory development data; second development iteration informed by Pilot 1; not independent confirmation; never pooled with the confirmatory held-out estimate,m-shift_gate_midpoint-6ea0967285,nml2_hh_example,1,P05_long_step,trace_rmse,0.0,31.56100973801776,31.56100973801776,0.5
neuron_model_behavioral_validation,Neuraxis,development_pilot,PILOT2_PROTOCOL,Exploratory development data; second development iteration informed by Pilot 1; not independent confirmation; never pooled with the confirmatory held-out estimate,m-shift_gate_midpoint-6ea0967285,nml2_hh_example,1,P05_long_step,spike_count,1.0,200.0,199.0,0.5
neuron_model_behavioral_validation,Neuraxis,development_pilot,PILOT2_PROTOCOL,Exploratory development data; second development iteration informed by Pilot 1; not independent confirmation; never pooled with the confirmatory held-out estimate,m-shift_gate_midpoint-6ea0967285,nml2_hh_example,1,P06_ramp,trace_rmse,0.0,31.362476969537553,31.362476969537553,0.5
neuron_model_behavioral_validation,Neuraxis,development_pilot,PILOT2_PROTOCOL,Exploratory development data; second development iteration informed by Pilot 1; not independent confirmation; never pooled with the confirmatory held-out estimate,m-shift_gate_midpoint-6ea0967285,nml2_hh_example,1,P06_ramp,spike_count,0.0,117.0,117.0,0.5
neuron_model_behavioral_validation,Neuraxis,development_pilot,PILOT2_PROTOCOL,Exploratory development data; second development iteration informed by Pilot 1; not independent confirmation; never pooled with the confirmatory held-out estimate,m-shift_gate_midpoint-6ea0967285,nml2_hh_example,1,P07_hyperpolarizing_step,trace_rmse,0.0,29.831640123046316,29.831640123046316,0.5
neuron_model_behavioral_validation,Neuraxis,development_pilot,PILOT2_PROTOCOL,Exploratory development data; second development iteration informed by Pilot 1; not independent confirmation; never pooled with the confirmatory held-out estimate,m-shift_gate_midpoint-6ea0967285,nml2_hh_example,1,P07_hyperpolarizing_step,spike_count,0.0,61.0,61.0,0.5
neuron_model_behavioral_validation,Neuraxis,development_pilot,PILOT2_PROTOCOL,Exploratory development data; second development iteration informed by Pilot 1; not independent confirmation; never pooled with the confirmatory held-out estimate,m-shift_gate_midpoint-6ea0967285,nml2_hh_example,1,P08_rebound,trace_rmse,0.0,23.24442741752689,23.24442741752689,0.5
neuron_model_behavioral_validation,Neuraxis,development_pilot,PILOT2_PROTOCOL,Exploratory development data; second development iteration informed by Pilot 1; not independent confirmation; never pooled with the confirmatory held-out estimate,m-shift_gate_midpoint-6ea0967285,nml2_hh_example,1,P08_rebound,spike_count,1.0,42.0,41.0,0.5
neuron_model_behavioral_validation,Neuraxis,development_pilot,PILOT2_PROTOCOL,Exploratory development data; second development iteration informed by Pilot 1; not independent confirmation; never pooled with the confirmatory held-out estimate,m-shift_gate_midpoint-6ea0967285,nml2_hh_example,1,P09_short_pulse,trace_rmse,0.0,31.3604199358577,31.3604199358577,0.5
neuron_model_behavioral_validation,Neuraxis,development_pilot,PILOT2_PROTOCOL,Exploratory development data; second development iteration informed by Pilot 1; not independent confirmation; never pooled with the confirmatory held-out estimate,m-shift_gate_midpoint-6ea0967285,nml2_hh_example,1,P09_short_pulse,spike_count,1.0,35.0,34.0,0.5
neuron_model_behavioral_validation,Neuraxis,development_pilot,PILOT2_PROTOCOL,Exploratory development data; second development iteration informed by Pilot 1; not independent confirmation; never pooled with the confirmatory held-out estimate,m-shift_gate_midpoint-6ea0967285,nml2_hh_example,2,P00_canonical,trace_rmse,0.0,34.00127483886579,34.00127483886579,15.508071325536845
neuron_model_behavioral_validation,Neuraxis,development_pilot,PILOT2_PROTOCOL,Exploratory development data; second development iteration informed by Pilot 1; not independent confirmation; never pooled with the confirmatory held-out estimate,m-shift_gate_midpoint-6ea0967285,nml2_hh_example,2,P00_canonical,spike_count,7.0,24.0,17.0,0.5
neuron_model_behavioral_validation,Neuraxis,development_pilot,PILOT2_PROTOCOL,Exploratory development data; second development iteration informed by Pilot 1; not independent confirmation; never pooled with the confirmatory held-out estimate,m-shift_gate_midpoint-6ea0967285,nml2_hh_example,2,P02_weak_step,trace_rmse,0.0,31.19641500870456,31.19641500870456,0.5
neuron_model_behavioral_validation,Neuraxis,development_pilot,PILOT2_PROTOCOL,Exploratory development data; second development iteration informed by Pilot 1; not independent confirmation; never pooled with the confirmatory held-out estimate,m-shift_gate_midpoint-6ea0967285,nml2_hh_example,2,P02_weak_step,spike_count,0.0,72.0,72.0,0.5
neuron_model_behavioral_validation,Neuraxis,development_pilot,PILOT2_PROTOCOL,Exploratory development data; second development iteration informed by Pilot 1; not independent confirmation; never pooled with the confirmatory held-out estimate,m-shift_gate_midpoint-6ea0967285,nml2_hh_example,2,P04_step_2x,trace_rmse,0.0,31.574450441737767,31.574450441737767,0.5
neuron_model_behavioral_validation,Neuraxis,development_pilot,PILOT2_PROTOCOL,Exploratory development data; second development iteration informed by Pilot 1; not independent confirmation; never pooled with the confirmatory held-out estimate,m-shift_gate_midpoint-6ea0967285,nml2_hh_example,2,P04_step_2x,spike_count,1.0,78.0,77.0,0.5
neuron_model_behavioral_validation,Neuraxis,development_pilot,PILOT2_PROTOCOL,Exploratory development data; second development iteration informed by Pilot 1; not independent confirmation; never pooled with the confirmatory held-out estimate,m-shift_gate_midpoint-6ea0967285,nml2_hh_example,2,P05_long_step,trace_rmse,0.0,31.62120130937841,31.62120130937841,0.5
neuron_model_behavioral_validation,Neuraxis,development_pilot,PILOT2_PROTOCOL,Exploratory development data; second development iteration informed by Pilot 1; not independent confirmation; never pooled with the confirmatory held-out estimate,m-shift_gate_midpoint-6ea0967285,nml2_hh_example,2,P05_long_step,spike_count,1.0,201.0,200.0,0.5
neuron_model_behavioral_validation,Neuraxis,development_pilot,PILOT2_PROTOCOL,Exploratory development data; second development iteration informed by Pilot 1; not independent confirmation; never pooled with the confirmatory held-out estimate,m-shift_gate_midpoint-6ea0967285,nml2_hh_example,2,P06_ramp,trace_rmse,0.0,31.354755081635357,31.354755081635357,0.5
neuron_model_behavioral_validation,Neuraxis,development_pilot,PILOT2_PROTOCOL,Exploratory development data; second development iteration informed by Pilot 1; not independent confirmation; never pooled with the confirmatory held-out estimate,m-shift_gate_midpoint-6ea0967285,nml2_hh_example,2,P06_ramp,spike_count,0.0,117.0,117.0,0.5
neuron_model_behavioral_validation,Neuraxis,development_pilot,PILOT2_PROTOCOL,Exploratory development data; second development iteration informed by Pilot 1; not independent confirmation; never pooled with the confirmatory held-out estimate,m-shift_gate_midpoint-6ea0967285,nml2_hh_example,2,P07_hyperpolarizing_step,trace_rmse,0.0,29.830146100571106,29.830146100571106,0.5
neuron_model_behavioral_validation,Neuraxis,development_pilot,PILOT2_PROTOCOL,Exploratory development data; second development iteration informed by Pilot 1; not independent confirmation; never pooled with the confirmatory held-out estimate,m-shift_gate_midpoint-6ea0967285,nml2_hh_example,2,P07_hyperpolarizing_step,spike_count,0.0,61.0,61.0,0.5
neuron_model_behavioral_validation,Neuraxis,development_pilot,PILOT2_PROTOCOL,Exploratory development data; second development iteration informed by Pilot 1; not independent confirmation; never pooled with the confirmatory held-out estimate,m-shift_gate_midpoint-6ea0967285,nml2_hh_example,2,P08_rebound,trace_rmse,0.0,23.2387392458006,23.2387392458006,0.5
neuron_model_behavioral_validation,Neuraxis,development_pilot,PILOT2_PROTOCOL,Exploratory development data; second development iteration informed by Pilot 1; not independent confirmation; never pooled with the confirmatory held-out estimate,m-shift_gate_midpoint-6ea0967285,nml2_hh_example,2,P08_rebound,spike_count,1.0,42.0,41.0,0.5
neuron_model_behavioral_validation,Neuraxis,development_pilot,PILOT2_PROTOCOL,Exploratory development data; second development iteration informed by Pilot 1; not independent confirmation; never pooled with the confirmatory held-out estimate,m-shift_gate_midpoint-6ea0967285,nml2_hh_example,2,P09_short_pulse,trace_rmse,0.0,31.135280233270038,31.135280233270038,0.5
neuron_model_behavioral_validation,Neuraxis,development_pilot,PILOT2_PROTOCOL,Exploratory development data; second development iteration informed by Pilot 1; not independent confirmation; never pooled with the confirmatory held-out estimate,m-shift_gate_midpoint-6ea0967285,nml2_hh_example,2,P09_short_pulse,spike_count,1.0,35.0,34.0,0.5
neuron_model_behavioral_validation,Neuraxis,development_pilot,PILOT2_PROTOCOL,Exploratory development data; second development iteration informed by Pilot 1; not independent confirmation; never pooled with the confirmatory held-out estimate,m-scale_gate_slope-6f355edc68,nml2_hh_example,1,P00_canonical,trace_rmse,0.0,28.71858003010586,28.71858003010586,15.508071325536845
neuron_model_behavioral_validation,Neuraxis,development_pilot,PILOT2_PROTOCOL,Exploratory development data; second development iteration informed by Pilot 1; not independent confirmation; never pooled with the confirmatory held-out estimate,m-scale_gate_slope-6f355edc68,nml2_hh_example,1,P00_canonical,spike_count,7.0,19.0,12.0,0.5
neuron_model_behavioral_validation,Neuraxis,development_pilot,PILOT2_PROTOCOL,Exploratory development data; second development iteration informed by Pilot 1; not independent confirmation; never pooled with the confirmatory held-out estimate,m-scale_gate_slope-6f355edc68,nml2_hh_example,1,P02_weak_step,trace_rmse,0.0,24.91311858216237,24.91311858216237,0.5
neuron_model_behavioral_validation,Neuraxis,development_pilot,PILOT2_PROTOCOL,Exploratory development data; second development iteration informed by Pilot 1; not independent confirmation; never pooled with the confirmatory held-out estimate,m-scale_gate_slope-6f355edc68,nml2_hh_example,1,P02_weak_step,spike_count,0.0,58.0,58.0,0.5
neuron_model_behavioral_validation,Neuraxis,development_pilot,PILOT2_PROTOCOL,Exploratory development data; second development iteration informed by Pilot 1; not independent confirmation; never pooled with the confirmatory held-out estimate,m-scale_gate_slope-6f355edc68,nml2_hh_example,1,P04_step_2x,trace_rmse,0.0,25.194630455388257,25.194630455388257,0.5
neuron_model_behavioral_validation,Neuraxis,development_pilot,PILOT2_PROTOCOL,Exploratory development data; second development iteration informed by Pilot 1; not independent confirmation; never pooled with the confirmatory held-out estimate,m-scale_gate_slope-6f355edc68,nml2_hh_example,1,P04_step_2x,spike_count,1.0,64.0,63.0,0.5
neuron_model_behavioral_validation,Neuraxis,development_pilot,PILOT2_PROTOCOL,Exploratory development data; second development iteration informed by Pilot 1; not independent confirmation; never pooled with the confirmatory held-out estimate,m-scale_gate_slope-6f355edc68,nml2_hh_example,1,P05_long_step,trace_rmse,0.0,25.220421537915144,25.220421537915144,0.5
neuron_model_behavioral_validation,Neuraxis,development_pilot,PILOT2_PROTOCOL,Exploratory development data; second development iteration informed by Pilot 1; not independent confirmation; never pooled with the confirmatory held-out estimate,m-scale_gate_slope-6f355edc68,nml2_hh_example,1,P05_long_step,spike_count,1.0,162.0,161.0,0.5
neuron_model_behavioral_validation,Neuraxis,development_pilot,PILOT2_PROTOCOL,Exploratory development data; second development iteration informed by Pilot 1; not independent confirmation; never pooled with the confirmatory held-out estimate,m-scale_gate_slope-6f355edc68,nml2_hh_example,1,P06_ramp,trace_rmse,0.0,25.213407899473694,25.213407899473694,0.5
neuron_model_behavioral_validation,Neuraxis,development_pilot,PILOT2_PROTOCOL,Exploratory development data; second development iteration informed by Pilot 1; not independent confirmation; never pooled with the confirmatory held-out estimate,m-scale_gate_slope-6f355edc68,nml2_hh_example,1,P06_ramp,spike_count,0.0,95.0,95.0,0.5
neuron_model_behavioral_validation,Neuraxis,development_pilot,PILOT2_PROTOCOL,Exploratory development data; second development iteration informed by Pilot 1; not independent confirmation; never pooled with the confirmatory held-out estimate,m-scale_gate_slope-6f355edc68,nml2_hh_example,1,P07_hyperpolarizing_step,trace_rmse,0.0,17.549861578759213,17.549861578759213,0.5
neuron_model_behavioral_validation,Neuraxis,development_pilot,PILOT2_PROTOCOL,Exploratory development data; second development iteration informed by Pilot 1; not independent confirmation; never pooled with the confirmatory held-out estimate,m-scale_gate_slope-6f355edc68,nml2_hh_example,1,P07_hyperpolarizing_step,spike_count,0.0,28.0,28.0,0.5
neuron_model_behavioral_validation,Neuraxis,development_pilot,PILOT2_PROTOCOL,Exploratory development data; second development iteration informed by Pilot 1; not independent confirmation; never pooled with the confirmatory held-out estimate,m-scale_gate_slope-6f355edc68,nml2_hh_example,1,P08_rebound,trace_rmse,0.0,18.703886389695164,18.703886389695164,0.5
neuron_model_behavioral_validation,Neuraxis,development_pilot,PILOT2_PROTOCOL,Exploratory development data; second development iteration informed by Pilot 1; not independent confirmation; never pooled with the confirmatory held-out estimate,m-scale_gate_slope-6f355edc68,nml2_hh_example,1,P08_rebound,spike_count,1.0,34.0,33.0,0.5
neuron_model_behavioral_validation,Neuraxis,development_pilot,PILOT2_PROTOCOL,Exploratory development data; second development iteration informed by Pilot 1; not independent confirmation; never pooled with the confirmatory held-out estimate,m-scale_gate_slope-6f355edc68,nml2_hh_example,1,P09_short_pulse,trace_rmse,0.0,24.77006085449736,24.77006085449736,0.5
neuron_model_behavioral_validation,Neuraxis,development_pilot,PILOT2_PROTOCOL,Exploratory development data; second development iteration informed by Pilot 1; not independent confirmation; never pooled with the confirmatory held-out estimate,m-scale_gate_slope-6f355edc68,nml2_hh_example,1,P09_short_pulse,spike_count,1.0,29.0,28.0,0.5
neuron_model_behavioral_validation,Neuraxis,development_pilot,PILOT2_PROTOCOL,Exploratory development data; second development iteration informed by Pilot 1; not independent confirmation; never pooled with the confirmatory held-out estimate,m-scale_gate_slope-6f355edc68,nml2_hh_example,2,P00_canonical,trace_rmse,0.0,27.957993913874365,27.957993913874365,15.508071325536845
neuron_model_behavioral_validation,Neuraxis,development_pilot,PILOT2_PROTOCOL,Exploratory development data; second development iteration informed by Pilot 1; not independent confirmation; never pooled with the confirmatory held-out estimate,m-scale_gate_slope-6f355edc68,nml2_hh_example,2,P00_canonical,spike_count,7.0,19.0,12.0,0.5
neuron_model_behavioral_validation,Neuraxis,development_pilot,PILOT2_PROTOCOL,Exploratory development data; second development iteration informed by Pilot 1; not independent confirmation; never pooled with the confirmatory held-out estimate,m-scale_gate_slope-6f355edc68,nml2_hh_example,2,P02_weak_step,trace_rmse,0.0,25.11293581213301,25.11293581213301,0.5
neuron_model_behavioral_validation,Neuraxis,development_pilot,PILOT2_PROTOCOL,Exploratory development data; second development iteration informed by Pilot 1; not independent confirmation; never pooled with the confirmatory held-out estimate,m-scale_gate_slope-6f355edc68,nml2_hh_example,2,P02_weak_step,spike_count,0.0,59.0,59.0,0.5
neuron_model_behavioral_validation,Neuraxis,development_pilot,PILOT2_PROTOCOL,Exploratory development data; second development iteration informed by Pilot 1; not independent confirmation; never pooled with the confirmatory held-out estimate,m-scale_gate_slope-6f355edc68,nml2_hh_example,2,P04_step_2x,trace_rmse,0.0,25.114169752155455,25.114169752155455,0.5
neuron_model_behavioral_validation,Neuraxis,development_pilot,PILOT2_PROTOCOL,Exploratory development data; second development iteration informed by Pilot 1; not independent confirmation; never pooled with the confirmatory held-out estimate,m-scale_gate_slope-6f355edc68,nml2_hh_example,2,P04_step_2x,spike_count,1.0,64.0,63.0,0.5
neuron_model_behavioral_validation,Neuraxis,development_pilot,PILOT2_PROTOCOL,Exploratory development data; second development iteration informed by Pilot 1; not independent confirmation; never pooled with the confirmatory held-out estimate,m-scale_gate_slope-6f355edc68,nml2_hh_example,2,P05_long_step,trace_rmse,0.0,25.392697708155694,25.392697708155694,0.5
neuron_model_behavioral_validation,Neuraxis,development_pilot,PILOT2_PROTOCOL,Exploratory development data; second development iteration informed by Pilot 1; not independent confirmation; never pooled with the confirmatory held-out estimate,m-scale_gate_slope-6f355edc68,nml2_hh_example,2,P05_long_step,spike_count,1.0,164.0,163.0,0.5
neuron_model_behavioral_validation,Neuraxis,development_pilot,PILOT2_PROTOCOL,Exploratory development data; second development iteration informed by Pilot 1; not independent confirmation; never pooled with the confirmatory held-out estimate,m-scale_gate_slope-6f355edc68,nml2_hh_example,2,P06_ramp,trace_rmse,0.0,25.209760797040417,25.209760797040417,0.5
neuron_model_behavioral_validation,Neuraxis,development_pilot,PILOT2_PROTOCOL,Exploratory development data; second development iteration informed by Pilot 1; not independent confirmation; never pooled with the confirmatory held-out estimate,m-scale_gate_slope-6f355edc68,nml2_hh_example,2,P06_ramp,spike_count,0.0,95.0,95.0,0.5
neuron_model_behavioral_validation,Neuraxis,development_pilot,PILOT2_PROTOCOL,Exploratory development data; second development iteration informed by Pilot 1; not independent confirmation; never pooled with the confirmatory held-out estimate,m-scale_gate_slope-6f355edc68,nml2_hh_example,2,P07_hyperpolarizing_step,trace_rmse,0.0,17.5497830033721,17.5497830033721,0.5
neuron_model_behavioral_validation,Neuraxis,development_pilot,PILOT2_PROTOCOL,Exploratory development data; second development iteration informed by Pilot 1; not independent confirmation; never pooled with the confirmatory held-out estimate,m-scale_gate_slope-6f355edc68,nml2_hh_example,2,P07_hyperpolarizing_step,spike_count,0.0,28.0,28.0,0.5
neuron_model_behavioral_validation,Neuraxis,development_pilot,PILOT2_PROTOCOL,Exploratory development data; second development iteration informed by Pilot 1; not independent confirmation; never pooled with the confirmatory held-out estimate,m-scale_gate_slope-6f355edc68,nml2_hh_example,2,P08_rebound,trace_rmse,0.0,18.702342049912847,18.702342049912847,0.5
neuron_model_behavioral_validation,Neuraxis,development_pilot,PILOT2_PROTOCOL,Exploratory development data; second development iteration informed by Pilot 1; not independent confirmation; never pooled with the confirmatory held-out estimate,m-scale_gate_slope-6f355edc68,nml2_hh_example,2,P08_rebound,spike_count,1.0,34.0,33.0,0.5
neuron_model_behavioral_validation,Neuraxis,development_pilot,PILOT2_PROTOCOL,Exploratory development data; second development iteration informed by Pilot 1; not independent confirmation; never pooled with the confirmatory held-out estimate,m-scale_gate_slope-6f355edc68,nml2_hh_example,2,P09_short_pulse,trace_rmse,0.0,24.744254690297993,24.744254690297993,0.5
neuron_model_behavioral_validation,Neuraxis,development_pilot,PILOT2_PROTOCOL,Exploratory development data; second development iteration informed by Pilot 1; not independent confirmation; never pooled with the confirmatory held-out estimate,m-scale_gate_slope-6f355edc68,nml2_hh_example,2,P09_short_pulse,spike_count,1.0,29.0,28.0,0.5
neuron_model_behavioral_validation,Neuraxis,development_pilot,PILOT2_PROTOCOL,Exploratory development data; second development iteration informed by Pilot 1; not independent confirmation; never pooled with the confirmatory held-out estimate,m-shift_forward_rate_midpoint-c7610b4176,nml2_hh_example,1,P00_canonical,spike_count,7.0,1.0,6.0,0.5
neuron_model_behavioral_validation,Neuraxis,development_pilot,PILOT2_PROTOCOL,Exploratory development data; second development iteration informed by Pilot 1; not independent confirmation; never pooled with the confirmatory held-out estimate,m-shift_forward_rate_midpoint-c7610b4176,nml2_hh_example,1,P04_step_2x,trace_rmse,0.0,1.1534887625662773,1.1534887625662773,0.5
neuron_model_behavioral_validation,Neuraxis,development_pilot,PILOT2_PROTOCOL,Exploratory development data; second development iteration informed by Pilot 1; not independent confirmation; never pooled with the confirmatory held-out estimate,m-shift_forward_rate_midpoint-c7610b4176,nml2_hh_example,1,P05_long_step,trace_rmse,0.0,1.2937619265303517,1.2937619265303517,0.5
neuron_model_behavioral_validation,Neuraxis,development_pilot,PILOT2_PROTOCOL,Exploratory development data; second development iteration informed by Pilot 1; not independent confirmation; never pooled with the confirmatory held-out estimate,m-shift_forward_rate_midpoint-c7610b4176,nml2_hh_example,1,P05_long_step,spike_timing,,,0.5796424016259607,0.5
neuron_model_behavioral_validation,Neuraxis,development_pilot,PILOT2_PROTOCOL,Exploratory development data; second development iteration informed by Pilot 1; not independent confirmation; never pooled with the confirmatory held-out estimate,m-shift_forward_rate_midpoint-c7610b4176,nml2_hh_example,1,P08_rebound,trace_rmse,0.0,1.0103365350152989,1.0103365350152989,0.5
neuron_model_behavioral_validation,Neuraxis,development_pilot,PILOT2_PROTOCOL,Exploratory development data; second development iteration informed by Pilot 1; not independent confirmation; never pooled with the confirmatory held-out estimate,m-shift_forward_rate_midpoint-c7610b4176,nml2_hh_example,2,P00_canonical,spike_count,7.0,1.0,6.0,0.5
neuron_model_behavioral_validation,Neuraxis,development_pilot,PILOT2_PROTOCOL,Exploratory development data; second development iteration informed by Pilot 1; not independent confirmation; never pooled with the confirmatory held-out estimate,m-shift_forward_rate_midpoint-c7610b4176,nml2_hh_example,2,P04_step_2x,trace_rmse,0.0,1.1575771944469062,1.1575771944469062,0.5
neuron_model_behavioral_validation,Neuraxis,development_pilot,PILOT2_PROTOCOL,Exploratory development data; second development iteration informed by Pilot 1; not independent confirmation; never pooled with the confirmatory held-out estimate,m-shift_forward_rate_midpoint-c7610b4176,nml2_hh_example,2,P05_long_step,trace_rmse,0.0,1.293315772781605,1.293315772781605,0.5
neuron_model_behavioral_validation,Neuraxis,development_pilot,PILOT2_PROTOCOL,Exploratory development data; second development iteration informed by Pilot 1; not independent confirmation; never pooled with the confirmatory held-out estimate,m-shift_forward_rate_midpoint-c7610b4176,nml2_hh_example,2,P05_long_step,spike_timing,,,0.5759308317679483,0.5
neuron_model_behavioral_validation,Neuraxis,development_pilot,PILOT2_PROTOCOL,Exploratory development data; second development iteration informed by Pilot 1; not independent confirmation; never pooled with the confirmatory held-out estimate,m-shift_forward_rate_midpoint-c7610b4176,nml2_hh_example,2,P08_rebound,trace_rmse,0.0,1.0152735551663163,1.0152735551663163,0.5
neuron_model_behavioral_validation,Neuraxis,development_pilot,PILOT2_PROTOCOL,Exploratory development data; second development iteration informed by Pilot 1; not independent confirmation; never pooled with the confirmatory held-out estimate,m-increase_dt-c64b4ee7fc,nml2_hh_example,1,P00_canonical,spike_count,7.0,6.0,1.0,0.5
neuron_model_behavioral_validation,Neuraxis,development_pilot,PILOT2_PROTOCOL,Exploratory development data; second development iteration informed by Pilot 1; not independent confirmation; never pooled with the confirmatory held-out estimate,m-increase_dt-c64b4ee7fc,nml2_hh_example,1,P04_step_2x,trace_rmse,0.0,0.6508718216937025,0.6508718216937025,0.5
neuron_model_behavioral_validation,Neuraxis,development_pilot,PILOT2_PROTOCOL,Exploratory development data; second development iteration informed by Pilot 1; not independent confirmation; never pooled with the confirmatory held-out estimate,m-increase_dt-c64b4ee7fc,nml2_hh_example,1,P08_rebound,trace_rmse,0.0,0.7264661397192087,0.7264661397192087,0.5
neuron_model_behavioral_validation,Neuraxis,development_pilot,PILOT2_PROTOCOL,Exploratory development data; second development iteration informed by Pilot 1; not independent confirmation; never pooled with the confirmatory held-out estimate,m-duplicate_conductance-ce59b87707,nml2_hh_example,1,P00_canonical,trace_rmse,0.0,32.97760405861219,32.97760405861219,15.508071325536845
neuron_model_behavioral_validation,Neuraxis,development_pilot,PILOT2_PROTOCOL,Exploratory development data; second development iteration informed by Pilot 1; not independent confirmation; never pooled with the confirmatory held-out estimate,m-duplicate_conductance-ce59b87707,nml2_hh_example,1,P00_canonical,spike_count,7.0,18.0,11.0,0.5
neuron_model_behavioral_validation,Neuraxis,development_pilot,PILOT2_PROTOCOL,Exploratory development data; second development iteration informed by Pilot 1; not independent confirmation; never pooled with the confirmatory held-out estimate,m-duplicate_conductance-ce59b87707,nml2_hh_example,1,P02_weak_step,trace_rmse,0.0,29.931967212478167,29.931967212478167,0.5
neuron_model_behavioral_validation,Neuraxis,development_pilot,PILOT2_PROTOCOL,Exploratory development data; second development iteration informed by Pilot 1; not independent confirmation; never pooled with the confirmatory held-out estimate,m-duplicate_conductance-ce59b87707,nml2_hh_example,1,P02_weak_step,spike_count,0.0,54.0,54.0,0.5
neuron_model_behavioral_validation,Neuraxis,development_pilot,PILOT2_PROTOCOL,Exploratory development data; second development iteration informed by Pilot 1; not independent confirmation; never pooled with the confirmatory held-out estimate,m-duplicate_conductance-ce59b87707,nml2_hh_example,1,P04_step_2x,trace_rmse,0.0,30.79096985151761,30.79096985151761,0.5
neuron_model_behavioral_validation,Neuraxis,development_pilot,PILOT2_PROTOCOL,Exploratory development data; second development iteration informed by Pilot 1; not independent confirmation; never pooled with the confirmatory held-out estimate,m-duplicate_conductance-ce59b87707,nml2_hh_example,1,P04_step_2x,spike_count,1.0,59.0,58.0,0.5
neuron_model_behavioral_validation,Neuraxis,development_pilot,PILOT2_PROTOCOL,Exploratory development data; second development iteration informed by Pilot 1; not independent confirmation; never pooled with the confirmatory held-out estimate,m-duplicate_conductance-ce59b87707,nml2_hh_example,1,P05_long_step,trace_rmse,0.0,31.122279701630994,31.122279701630994,0.5
neuron_model_behavioral_validation,Neuraxis,development_pilot,PILOT2_PROTOCOL,Exploratory development data; second development iteration informed by Pilot 1; not independent confirmation; never pooled with the confirmatory held-out estimate,m-duplicate_conductance-ce59b87707,nml2_hh_example,1,P05_long_step,spike_count,1.0,154.0,153.0,0.5
neuron_model_behavioral_validation,Neuraxis,development_pilot,PILOT2_PROTOCOL,Exploratory development data; second development iteration informed by Pilot 1; not independent confirmation; never pooled with the confirmatory held-out estimate,m-duplicate_conductance-ce59b87707,nml2_hh_example,1,P06_ramp,trace_rmse,0.0,30.60680608871037,30.60680608871037,0.5
neuron_model_behavioral_validation,Neuraxis,development_pilot,PILOT2_PROTOCOL,Exploratory development data; second development iteration informed by Pilot 1; not independent confirmation; never pooled with the confirmatory held-out estimate,m-duplicate_conductance-ce59b87707,nml2_hh_example,1,P06_ramp,spike_count,0.0,89.0,89.0,0.5
neuron_model_behavioral_validation,Neuraxis,development_pilot,PILOT2_PROTOCOL,Exploratory development data; second development iteration informed by Pilot 1; not independent confirmation; never pooled with the confirmatory held-out estimate,m-duplicate_conductance-ce59b87707,nml2_hh_example,1,P07_hyperpolarizing_step,trace_rmse,0.0,21.268499248078644,21.268499248078644,0.5
neuron_model_behavioral_validation,Neuraxis,development_pilot,PILOT2_PROTOCOL,Exploratory development data; second development iteration informed by Pilot 1; not independent confirmation; never pooled with the confirmatory held-out estimate,m-duplicate_conductance-ce59b87707,nml2_hh_example,1,P07_hyperpolarizing_step,spike_count,0.0,27.0,27.0,0.5
neuron_model_behavioral_validation,Neuraxis,development_pilot,PILOT2_PROTOCOL,Exploratory development data; second development iteration informed by Pilot 1; not independent confirmation; never pooled with the confirmatory held-out estimate,m-duplicate_conductance-ce59b87707,nml2_hh_example,1,P08_rebound,trace_rmse,0.0,22.148521454726716,22.148521454726716,0.5
neuron_model_behavioral_validation,Neuraxis,development_pilot,PILOT2_PROTOCOL,Exploratory development data; second development iteration informed by Pilot 1; not independent confirmation; never pooled with the confirmatory held-out estimate,m-duplicate_conductance-ce59b87707,nml2_hh_example,1,P08_rebound,spike_count,1.0,32.0,31.0,0.5
neuron_model_behavioral_validation,Neuraxis,development_pilot,PILOT2_PROTOCOL,Exploratory development data; second development iteration informed by Pilot 1; not independent confirmation; never pooled with the confirmatory held-out estimate,m-duplicate_conductance-ce59b87707,nml2_hh_example,1,P09_short_pulse,trace_rmse,0.0,30.082672131881182,30.082672131881182,0.5
neuron_model_behavioral_validation,Neuraxis,development_pilot,PILOT2_PROTOCOL,Exploratory development data; second development iteration informed by Pilot 1; not independent confirmation; never pooled with the confirmatory held-out estimate,m-duplicate_conductance-ce59b87707,nml2_hh_example,1,P09_short_pulse,spike_count,1.0,26.0,25.0,0.5
neuron_model_behavioral_validation,Neuraxis,development_pilot,PILOT2_PROTOCOL,Exploratory development data; second development iteration informed by Pilot 1; not independent confirmation; never pooled with the confirmatory held-out estimate,m-duplicate_conductance-ce59b87707,nml2_hh_example,2,P00_canonical,trace_rmse,0.0,33.06754183926057,33.06754183926057,15.508071325536845
neuron_model_behavioral_validation,Neuraxis,development_pilot,PILOT2_PROTOCOL,Exploratory development data; second development iteration informed by Pilot 1; not independent confirmation; never pooled with the confirmatory held-out estimate,m-duplicate_conductance-ce59b87707,nml2_hh_example,2,P00_canonical,spike_count,7.0,18.0,11.0,0.5
neuron_model_behavioral_validation,Neuraxis,development_pilot,PILOT2_PROTOCOL,Exploratory development data; second development iteration informed by Pilot 1; not independent confirmation; never pooled with the confirmatory held-out estimate,m-duplicate_conductance-ce59b87707,nml2_hh_example,2,P02_weak_step,trace_rmse,0.0,29.937698835971627,29.937698835971627,0.5
neuron_model_behavioral_validation,Neuraxis,development_pilot,PILOT2_PROTOCOL,Exploratory development data; second development iteration informed by Pilot 1; not independent confirmation; never pooled with the confirmatory held-out estimate,m-duplicate_conductance-ce59b87707,nml2_hh_example,2,P02_weak_step,spike_count,0.0,54.0,54.0,0.5
neuron_model_behavioral_validation,Neuraxis,development_pilot,PILOT2_PROTOCOL,Exploratory development data; second development iteration informed by Pilot 1; not independent confirmation; never pooled with the confirmatory held-out estimate,m-duplicate_conductance-ce59b87707,nml2_hh_example,2,P04_step_2x,trace_rmse,0.0,30.79829681665786,30.79829681665786,0.5
neuron_model_behavioral_validation,Neuraxis,development_pilot,PILOT2_PROTOCOL,Exploratory development data; second development iteration informed by Pilot 1; not independent confirmation; never pooled with the confirmatory held-out estimate,m-duplicate_conductance-ce59b87707,nml2_hh_example,2,P04_step_2x,spike_count,1.0,59.0,58.0,0.5
neuron_model_behavioral_validation,Neuraxis,development_pilot,PILOT2_PROTOCOL,Exploratory development data; second development iteration informed by Pilot 1; not independent confirmation; never pooled with the confirmatory held-out estimate,m-duplicate_conductance-ce59b87707,nml2_hh_example,2,P05_long_step,trace_rmse,0.0,31.12865513665445,31.12865513665445,0.5
neuron_model_behavioral_validation,Neuraxis,development_pilot,PILOT2_PROTOCOL,Exploratory development data; second development iteration informed by Pilot 1; not independent confirmation; never pooled with the confirmatory held-out estimate,m-duplicate_conductance-ce59b87707,nml2_hh_example,2,P05_long_step,spike_count,1.0,154.0,153.0,0.5
neuron_model_behavioral_validation,Neuraxis,development_pilot,PILOT2_PROTOCOL,Exploratory development data; second development iteration informed by Pilot 1; not independent confirmation; never pooled with the confirmatory held-out estimate,m-duplicate_conductance-ce59b87707,nml2_hh_example,2,P06_ramp,trace_rmse,0.0,30.612186254316903,30.612186254316903,0.5
neuron_model_behavioral_validation,Neuraxis,development_pilot,PILOT2_PROTOCOL,Exploratory development data; second development iteration informed by Pilot 1; not independent confirmation; never pooled with the confirmatory held-out estimate,m-duplicate_conductance-ce59b87707,nml2_hh_example,2,P06_ramp,spike_count,0.0,89.0,89.0,0.5
neuron_model_behavioral_validation,Neuraxis,development_pilot,PILOT2_PROTOCOL,Exploratory development data; second development iteration informed by Pilot 1; not independent confirmation; never pooled with the confirmatory held-out estimate,m-duplicate_conductance-ce59b87707,nml2_hh_example,2,P07_hyperpolarizing_step,trace_rmse,0.0,21.303050381240247,21.303050381240247,0.5
neuron_model_behavioral_validation,Neuraxis,development_pilot,PILOT2_PROTOCOL,Exploratory development data; second development iteration informed by Pilot 1; not independent confirmation; never pooled with the confirmatory held-out estimate,m-duplicate_conductance-ce59b87707,nml2_hh_example,2,P07_hyperpolarizing_step,spike_count,0.0,27.0,27.0,0.5
neuron_model_behavioral_validation,Neuraxis,development_pilot,PILOT2_PROTOCOL,Exploratory development data; second development iteration informed by Pilot 1; not independent confirmation; never pooled with the confirmatory held-out estimate,m-duplicate_conductance-ce59b87707,nml2_hh_example,2,P08_rebound,trace_rmse,0.0,22.156021058712554,22.156021058712554,0.5
neuron_model_behavioral_validation,Neuraxis,development_pilot,PILOT2_PROTOCOL,Exploratory development data; second development iteration informed by Pilot 1; not independent confirmation; never pooled with the confirmatory held-out estimate,m-duplicate_conductance-ce59b87707,nml2_hh_example,2,P08_rebound,spike_count,1.0,32.0,31.0,0.5
neuron_model_behavioral_validation,Neuraxis,development_pilot,PILOT2_PROTOCOL,Exploratory development data; second development iteration informed by Pilot 1; not independent confirmation; never pooled with the confirmatory held-out estimate,m-duplicate_conductance-ce59b87707,nml2_hh_example,2,P09_short_pulse,trace_rmse,0.0,30.07404842791661,30.07404842791661,0.5
neuron_model_behavioral_validation,Neuraxis,development_pilot,PILOT2_PROTOCOL,Exploratory development data; second development iteration informed by Pilot 1; not independent confirmation; never pooled with the confirmatory held-out estimate,m-duplicate_conductance-ce59b87707,nml2_hh_example,2,P09_short_pulse,spike_count,1.0,26.0,25.0,0.5
neuron_model_behavioral_validation,Neuraxis,development_pilot,PILOT2_PROTOCOL,Exploratory development data; second development iteration informed by Pilot 1; not independent confirmation; never pooled with the confirmatory held-out estimate,m-scale_conductance-d67ea70a4a,osb_hh2_477127614,1,P04_step_2x,spike_count,16.0,15.0,1.0,0.5
neuron_model_behavioral_validation,Neuraxis,development_pilot,PILOT2_PROTOCOL,Exploratory development data; second development iteration informed by Pilot 1; not independent confirmation; never pooled with the confirmatory held-out estimate,m-scale_conductance-d67ea70a4a,osb_hh2_477127614,1,P06_ramp,spike_count,21.0,20.0,1.0,0.5
neuron_model_behavioral_validation,Neuraxis,development_pilot,PILOT2_PROTOCOL,Exploratory development data; second development iteration informed by Pilot 1; not independent confirmation; never pooled with the confirmatory held-out estimate,m-scale_conductance-d67ea70a4a,osb_hh2_477127614,4,P04_step_2x,spike_count,16.0,15.0,1.0,0.5
neuron_model_behavioral_validation,Neuraxis,development_pilot,PILOT2_PROTOCOL,Exploratory development data; second development iteration informed by Pilot 1; not independent confirmation; never pooled with the confirmatory held-out estimate,m-scale_conductance-d67ea70a4a,osb_hh2_477127614,4,P06_ramp,spike_count,21.0,20.0,1.0,0.5
neuron_model_behavioral_validation,Neuraxis,development_pilot,PILOT2_PROTOCOL,Exploratory development data; second development iteration informed by Pilot 1; not independent confirmation; never pooled with the confirmatory held-out estimate,m-scale_conductance-d67ea70a4a,osb_hh2_477127614,2,P04_step_2x,spike_count,16.0,15.0,1.0,0.5
neuron_model_behavioral_validation,Neuraxis,development_pilot,PILOT2_PROTOCOL,Exploratory development data; second development iteration informed by Pilot 1; not independent confirmation; never pooled with the confirmatory held-out estimate,m-scale_conductance-d67ea70a4a,osb_hh2_477127614,2,P06_ramp,spike_count,21.0,20.0,1.0,0.5
neuron_model_behavioral_validation,Neuraxis,development_pilot,PILOT2_PROTOCOL,Exploratory development data; second development iteration informed by Pilot 1; not independent confirmation; never pooled with the confirmatory held-out estimate,m-scale_conductance-61ece641cf,osb_hh2_477127614,1,P04_step_2x,spike_count,16.0,15.0,1.0,0.5
neuron_model_behavioral_validation,Neuraxis,development_pilot,PILOT2_PROTOCOL,Exploratory development data; second development iteration informed by Pilot 1; not independent confirmation; never pooled with the confirmatory held-out estimate,m-scale_conductance-61ece641cf,osb_hh2_477127614,1,P06_ramp,spike_count,21.0,20.0,1.0,0.5
neuron_model_behavioral_validation,Neuraxis,development_pilot,PILOT2_PROTOCOL,Exploratory development data; second development iteration informed by Pilot 1; not independent confirmation; never pooled with the confirmatory held-out estimate,m-scale_conductance-979dd75955,osb_hh2_477127614,1,P02_weak_step,trace_rmse,0.0,7.498024784863278,7.498024784863278,0.5
neuron_model_behavioral_validation,Neuraxis,development_pilot,PILOT2_PROTOCOL,Exploratory development data; second development iteration informed by Pilot 1; not independent confirmation; never pooled with the confirmatory held-out estimate,m-scale_conductance-979dd75955,osb_hh2_477127614,1,P04_step_2x,spike_count,16.0,21.0,5.0,0.5
neuron_model_behavioral_validation,Neuraxis,development_pilot,PILOT2_PROTOCOL,Exploratory development data; second development iteration informed by Pilot 1; not independent confirmation; never pooled with the confirmatory held-out estimate,m-scale_conductance-979dd75955,osb_hh2_477127614,1,P06_ramp,spike_count,21.0,29.0,8.0,0.5
neuron_model_behavioral_validation,Neuraxis,development_pilot,PILOT2_PROTOCOL,Exploratory development data; second development iteration informed by Pilot 1; not independent confirmation; never pooled with the confirmatory held-out estimate,m-scale_conductance-979dd75955,osb_hh2_477127614,1,P07_hyperpolarizing_step,trace_rmse,0.0,13.919782276923163,13.919782276923163,0.5
neuron_model_behavioral_validation,Neuraxis,development_pilot,PILOT2_PROTOCOL,Exploratory development data; second development iteration informed by Pilot 1; not independent confirmation; never pooled with the confirmatory held-out estimate,m-scale_conductance-979dd75955,osb_hh2_477127614,1,P08_rebound,trace_rmse,0.0,26.546159125487854,26.546159125487854,0.5
neuron_model_behavioral_validation,Neuraxis,development_pilot,PILOT2_PROTOCOL,Exploratory development data; second development iteration informed by Pilot 1; not independent confirmation; never pooled with the confirmatory held-out estimate,m-scale_conductance-979dd75955,osb_hh2_477127614,1,P09_short_pulse,trace_rmse,0.0,2.148612911957781,2.148612911957781,0.5
neuron_model_behavioral_validation,Neuraxis,development_pilot,PILOT2_PROTOCOL,Exploratory development data; second development iteration informed by Pilot 1; not independent confirmation; never pooled with the confirmatory held-out estimate,m-scale_conductance-979dd75955,osb_hh2_477127614,2,P02_weak_step,trace_rmse,0.0,7.498235737348411,7.498235737348411,0.5
neuron_model_behavioral_validation,Neuraxis,development_pilot,PILOT2_PROTOCOL,Exploratory development data; second development iteration informed by Pilot 1; not independent confirmation; never pooled with the confirmatory held-out estimate,m-scale_conductance-979dd75955,osb_hh2_477127614,2,P04_step_2x,spike_count,16.0,21.0,5.0,0.5
neuron_model_behavioral_validation,Neuraxis,development_pilot,PILOT2_PROTOCOL,Exploratory development data; second development iteration informed by Pilot 1; not independent confirmation; never pooled with the confirmatory held-out estimate,m-scale_conductance-979dd75955,osb_hh2_477127614,2,P06_ramp,spike_count,21.0,30.0,9.0,0.5
neuron_model_behavioral_validation,Neuraxis,development_pilot,PILOT2_PROTOCOL,Exploratory development data; second development iteration informed by Pilot 1; not independent confirmation; never pooled with the confirmatory held-out estimate,m-scale_conductance-979dd75955,osb_hh2_477127614,2,P07_hyperpolarizing_step,trace_rmse,0.0,13.91980716508498,13.91980716508498,0.5
neuron_model_behavioral_validation,Neuraxis,development_pilot,PILOT2_PROTOCOL,Exploratory development data; second development iteration informed by Pilot 1; not independent confirmation; never pooled with the confirmatory held-out estimate,m-scale_conductance-979dd75955,osb_hh2_477127614,2,P08_rebound,trace_rmse,0.0,26.546211270798327,26.546211270798327,0.5
neuron_model_behavioral_validation,Neuraxis,development_pilot,PILOT2_PROTOCOL,Exploratory development data; second development iteration informed by Pilot 1; not independent confirmation; never pooled with the confirmatory held-out estimate,m-scale_conductance-979dd75955,osb_hh2_477127614,2,P09_short_pulse,trace_rmse,0.0,2.1485949890740095,2.1485949890740095,0.5
neuron_model_behavioral_validation,Neuraxis,development_pilot,PILOT2_PROTOCOL,Exploratory development data; second development iteration informed by Pilot 1; not independent confirmation; never pooled with the confirmatory held-out estimate,m-scale_conductance-1f40a5f389,osb_hh2_477127614,1,P02_weak_step,trace_rmse,0.0,3.600349692503414,3.600349692503414,0.5
neuron_model_behavioral_validation,Neuraxis,development_pilot,PILOT2_PROTOCOL,Exploratory development data; second development iteration informed by Pilot 1; not independent confirmation; never pooled with the confirmatory held-out estimate,m-scale_conductance-1f40a5f389,osb_hh2_477127614,1,P04_step_2x,spike_count,16.0,0.0,16.0,0.5
neuron_model_behavioral_validation,Neuraxis,development_pilot,PILOT2_PROTOCOL,Exploratory development data; second development iteration informed by Pilot 1; not independent confirmation; never pooled with the confirmatory held-out estimate,m-scale_conductance-1f40a5f389,osb_hh2_477127614,1,P06_ramp,spike_count,21.0,6.0,15.0,0.5
neuron_model_behavioral_validation,Neuraxis,development_pilot,PILOT2_PROTOCOL,Exploratory development data; second development iteration informed by Pilot 1; not independent confirmation; never pooled with the confirmatory held-out estimate,m-scale_conductance-1f40a5f389,osb_hh2_477127614,1,P07_hyperpolarizing_step,trace_rmse,0.0,7.379793856952549,7.379793856952549,0.5
neuron_model_behavioral_validation,Neuraxis,development_pilot,PILOT2_PROTOCOL,Exploratory development data; second development iteration informed by Pilot 1; not independent confirmation; never pooled with the confirmatory held-out estimate,m-scale_conductance-1f40a5f389,osb_hh2_477127614,1,P08_rebound,trace_rmse,0.0,14.039747571243911,14.039747571243911,0.5
neuron_model_behavioral_validation,Neuraxis,development_pilot,PILOT2_PROTOCOL,Exploratory development data; second development iteration informed by Pilot 1; not independent confirmation; never pooled with the confirmatory held-out estimate,m-scale_conductance-1f40a5f389,osb_hh2_477127614,1,P09_short_pulse,trace_rmse,0.0,1.5640362758883328,1.5640362758883328,0.5
neuron_model_behavioral_validation,Neuraxis,development_pilot,PILOT2_PROTOCOL,Exploratory development data; second development iteration informed by Pilot 1; not independent confirmation; never pooled with the confirmatory held-out estimate,m-scale_conductance-1f40a5f389,osb_hh2_477127614,2,P02_weak_step,trace_rmse,0.0,3.6003530512942588,3.6003530512942588,0.5
neuron_model_behavioral_validation,Neuraxis,development_pilot,PILOT2_PROTOCOL,Exploratory development data; second development iteration informed by Pilot 1; not independent confirmation; never pooled with the confirmatory held-out estimate,m-scale_conductance-1f40a5f389,osb_hh2_477127614,2,P04_step_2x,spike_count,16.0,0.0,16.0,0.5
neuron_model_behavioral_validation,Neuraxis,development_pilot,PILOT2_PROTOCOL,Exploratory development data; second development iteration informed by Pilot 1; not independent confirmation; never pooled with the confirmatory held-out estimate,m-scale_conductance-1f40a5f389,osb_hh2_477127614,2,P06_ramp,spike_count,21.0,6.0,15.0,0.5
neuron_model_behavioral_validation,Neuraxis,development_pilot,PILOT2_PROTOCOL,Exploratory development data; second development iteration informed by Pilot 1; not independent confirmation; never pooled with the confirmatory held-out estimate,m-scale_conductance-1f40a5f389,osb_hh2_477127614,2,P07_hyperpolarizing_step,trace_rmse,0.0,7.379807483787703,7.379807483787703,0.5
neuron_model_behavioral_validation,Neuraxis,development_pilot,PILOT2_PROTOCOL,Exploratory development data; second development iteration informed by Pilot 1; not independent confirmation; never pooled with the confirmatory held-out estimate,m-scale_conductance-1f40a5f389,osb_hh2_477127614,2,P08_rebound,trace_rmse,0.0,14.039773922460116,14.039773922460116,0.5
neuron_model_behavioral_validation,Neuraxis,development_pilot,PILOT2_PROTOCOL,Exploratory development data; second development iteration informed by Pilot 1; not independent confirmation; never pooled with the confirmatory held-out estimate,m-scale_conductance-1f40a5f389,osb_hh2_477127614,2,P09_short_pulse,trace_rmse,0.0,1.5640060036229693,1.5640060036229693,0.5
neuron_model_behavioral_validation,Neuraxis,development_pilot,PILOT2_PROTOCOL,Exploratory development data; second development iteration informed by Pilot 1; not independent confirmation; never pooled with the confirmatory held-out estimate,m-shift_reversal-c7e1f18cfe,osb_hh2_477127614,1,P04_step_2x,spike_count,16.0,17.0,1.0,0.5
neuron_model_behavioral_validation,Neuraxis,development_pilot,PILOT2_PROTOCOL,Exploratory development data; second development iteration informed by Pilot 1; not independent confirmation; never pooled with the confirmatory held-out estimate,m-shift_reversal-c7e1f18cfe,osb_hh2_477127614,1,P06_ramp,spike_count,21.0,23.0,2.0,0.5
neuron_model_behavioral_validation,Neuraxis,development_pilot,PILOT2_PROTOCOL,Exploratory development data; second development iteration informed by Pilot 1; not independent confirmation; never pooled with the confirmatory held-out estimate,m-shift_reversal-c7e1f18cfe,osb_hh2_477127614,4,P04_step_2x,spike_count,16.0,18.0,2.0,0.5
neuron_model_behavioral_validation,Neuraxis,development_pilot,PILOT2_PROTOCOL,Exploratory development data; second development iteration informed by Pilot 1; not independent confirmation; never pooled with the confirmatory held-out estimate,m-shift_reversal-c7e1f18cfe,osb_hh2_477127614,4,P06_ramp,spike_count,21.0,24.0,3.0,0.5
neuron_model_behavioral_validation,Neuraxis,development_pilot,PILOT2_PROTOCOL,Exploratory development data; second development iteration informed by Pilot 1; not independent confirmation; never pooled with the confirmatory held-out estimate,m-shift_reversal-c7e1f18cfe,osb_hh2_477127614,2,P04_step_2x,spike_count,16.0,18.0,2.0,0.5
neuron_model_behavioral_validation,Neuraxis,development_pilot,PILOT2_PROTOCOL,Exploratory development data; second development iteration informed by Pilot 1; not independent confirmation; never pooled with the confirmatory held-out estimate,m-shift_reversal-c7e1f18cfe,osb_hh2_477127614,2,P06_ramp,spike_count,21.0,23.0,2.0,0.5
neuron_model_behavioral_validation,Neuraxis,development_pilot,PILOT2_PROTOCOL,Exploratory development data; second development iteration informed by Pilot 1; not independent confirmation; never pooled with the confirmatory held-out estimate,m-shift_reversal-d2ca2a5c38,osb_hh2_477127614,1,P02_weak_step,trace_rmse,0.0,9.571069961992011,9.571069961992011,0.5
neuron_model_behavioral_validation,Neuraxis,development_pilot,PILOT2_PROTOCOL,Exploratory development data; second development iteration informed by Pilot 1; not independent confirmation; never pooled with the confirmatory held-out estimate,m-shift_reversal-d2ca2a5c38,osb_hh2_477127614,1,P04_step_2x,spike_count,16.0,21.0,5.0,0.5
neuron_model_behavioral_validation,Neuraxis,development_pilot,PILOT2_PROTOCOL,Exploratory development data; second development iteration informed by Pilot 1; not independent confirmation; never pooled with the confirmatory held-out estimate,m-shift_reversal-d2ca2a5c38,osb_hh2_477127614,1,P06_ramp,spike_count,21.0,29.0,8.0,0.5
neuron_model_behavioral_validation,Neuraxis,development_pilot,PILOT2_PROTOCOL,Exploratory development data; second development iteration informed by Pilot 1; not independent confirmation; never pooled with the confirmatory held-out estimate,m-shift_reversal-d2ca2a5c38,osb_hh2_477127614,1,P07_hyperpolarizing_step,trace_rmse,0.0,9.608112582484562,9.608112582484562,0.5
neuron_model_behavioral_validation,Neuraxis,development_pilot,PILOT2_PROTOCOL,Exploratory development data; second development iteration informed by Pilot 1; not independent confirmation; never pooled with the confirmatory held-out estimate,m-shift_reversal-d2ca2a5c38,osb_hh2_477127614,1,P08_rebound,trace_rmse,0.0,9.65518675440079,9.65518675440079,0.5
neuron_model_behavioral_validation,Neuraxis,development_pilot,PILOT2_PROTOCOL,Exploratory development data; second development iteration informed by Pilot 1; not independent confirmation; never pooled with the confirmatory held-out estimate,m-shift_reversal-d2ca2a5c38,osb_hh2_477127614,1,P09_short_pulse,trace_rmse,0.0,9.29878892255087,9.29878892255087,0.5
neuron_model_behavioral_validation,Neuraxis,development_pilot,PILOT2_PROTOCOL,Exploratory development data; second development iteration informed by Pilot 1; not independent confirmation; never pooled with the confirmatory held-out estimate,m-shift_reversal-d2ca2a5c38,osb_hh2_477127614,2,P02_weak_step,trace_rmse,0.0,9.571063319978995,9.571063319978995,0.5
neuron_model_behavioral_validation,Neuraxis,development_pilot,PILOT2_PROTOCOL,Exploratory development data; second development iteration informed by Pilot 1; not independent confirmation; never pooled with the confirmatory held-out estimate,m-shift_reversal-d2ca2a5c38,osb_hh2_477127614,2,P04_step_2x,spike_count,16.0,21.0,5.0,0.5
neuron_model_behavioral_validation,Neuraxis,development_pilot,PILOT2_PROTOCOL,Exploratory development data; second development iteration informed by Pilot 1; not independent confirmation; never pooled with the confirmatory held-out estimate,m-shift_reversal-d2ca2a5c38,osb_hh2_477127614,2,P06_ramp,spike_count,21.0,30.0,9.0,0.5
neuron_model_behavioral_validation,Neuraxis,development_pilot,PILOT2_PROTOCOL,Exploratory development data; second development iteration informed by Pilot 1; not independent confirmation; never pooled with the confirmatory held-out estimate,m-shift_reversal-d2ca2a5c38,osb_hh2_477127614,2,P07_hyperpolarizing_step,trace_rmse,0.0,9.608108445119095,9.608108445119095,0.5
neuron_model_behavioral_validation,Neuraxis,development_pilot,PILOT2_PROTOCOL,Exploratory development data; second development iteration informed by Pilot 1; not independent confirmation; never pooled with the confirmatory held-out estimate,m-shift_reversal-d2ca2a5c38,osb_hh2_477127614,2,P08_rebound,trace_rmse,0.0,9.65518287778708,9.65518287778708,0.5
neuron_model_behavioral_validation,Neuraxis,development_pilot,PILOT2_PROTOCOL,Exploratory development data; second development iteration informed by Pilot 1; not independent confirmation; never pooled with the confirmatory held-out estimate,m-shift_reversal-d2ca2a5c38,osb_hh2_477127614,2,P09_short_pulse,trace_rmse,0.0,9.298807560927553,9.298807560927553,0.5
neuron_model_behavioral_validation,Neuraxis,development_pilot,PILOT2_PROTOCOL,Exploratory development data; second development iteration informed by Pilot 1; not independent confirmation; never pooled with the confirmatory held-out estimate,m-scale_capacitance-8ea1c6d58b,osb_hh2_477127614,1,P04_step_2x,spike_count,16.0,18.0,2.0,0.5
neuron_model_behavioral_validation,Neuraxis,development_pilot,PILOT2_PROTOCOL,Exploratory development data; second development iteration informed by Pilot 1; not independent confirmation; never pooled with the confirmatory held-out estimate,m-scale_capacitance-8ea1c6d58b,osb_hh2_477127614,1,P06_ramp,spike_count,21.0,23.0,2.0,0.5
neuron_model_behavioral_validation,Neuraxis,development_pilot,PILOT2_PROTOCOL,Exploratory development data; second development iteration informed by Pilot 1; not independent confirmation; never pooled with the confirmatory held-out estimate,m-scale_capacitance-8ea1c6d58b,osb_hh2_477127614,1,P07_hyperpolarizing_step,trace_rmse,0.0,0.7000506907937237,0.7000506907937237,0.5
neuron_model_behavioral_validation,Neuraxis,development_pilot,PILOT2_PROTOCOL,Exploratory development data; second development iteration informed by Pilot 1; not independent confirmation; never pooled with the confirmatory held-out estimate,m-scale_capacitance-8ea1c6d58b,osb_hh2_477127614,1,P08_rebound,trace_rmse,0.0,1.2763016525506166,1.2763016525506166,0.5
neuron_model_behavioral_validation,Neuraxis,development_pilot,PILOT2_PROTOCOL,Exploratory development data; second development iteration informed by Pilot 1; not independent confirmation; never pooled with the confirmatory held-out estimate,m-scale_capacitance-8ea1c6d58b,osb_hh2_477127614,1,P09_short_pulse,trace_rmse,0.0,0.6293907123184114,0.6293907123184114,0.5
neuron_model_behavioral_validation,Neuraxis,development_pilot,PILOT2_PROTOCOL,Exploratory development data; second development iteration informed by Pilot 1; not independent confirmation; never pooled with the confirmatory held-out estimate,m-scale_capacitance-8ea1c6d58b,osb_hh2_477127614,2,P04_step_2x,spike_count,16.0,18.0,2.0,0.5
neuron_model_behavioral_validation,Neuraxis,development_pilot,PILOT2_PROTOCOL,Exploratory development data; second development iteration informed by Pilot 1; not independent confirmation; never pooled with the confirmatory held-out estimate,m-scale_capacitance-8ea1c6d58b,osb_hh2_477127614,2,P06_ramp,spike_count,21.0,24.0,3.0,0.5
neuron_model_behavioral_validation,Neuraxis,development_pilot,PILOT2_PROTOCOL,Exploratory development data; second development iteration informed by Pilot 1; not independent confirmation; never pooled with the confirmatory held-out estimate,m-scale_capacitance-8ea1c6d58b,osb_hh2_477127614,2,P07_hyperpolarizing_step,trace_rmse,0.0,0.7000395543197174,0.7000395543197174,0.5
neuron_model_behavioral_validation,Neuraxis,development_pilot,PILOT2_PROTOCOL,Exploratory development data; second development iteration informed by Pilot 1; not independent confirmation; never pooled with the confirmatory held-out estimate,m-scale_capacitance-8ea1c6d58b,osb_hh2_477127614,2,P08_rebound,trace_rmse,0.0,1.2762815624207038,1.2762815624207038,0.5
neuron_model_behavioral_validation,Neuraxis,development_pilot,PILOT2_PROTOCOL,Exploratory development data; second development iteration informed by Pilot 1; not independent confirmation; never pooled with the confirmatory held-out estimate,m-scale_capacitance-8ea1c6d58b,osb_hh2_477127614,2,P09_short_pulse,trace_rmse,0.0,0.6293663632384239,0.6293663632384239,0.5
neuron_model_behavioral_validation,Neuraxis,development_pilot,PILOT2_PROTOCOL,Exploratory development data; second development iteration informed by Pilot 1; not independent confirmation; never pooled with the confirmatory held-out estimate,m-scale_capacitance-d886e6ca3e,osb_hh2_477127614,1,P02_weak_step,trace_rmse,0.0,1.1127849807383052,1.1127849807383052,0.5
neuron_model_behavioral_validation,Neuraxis,development_pilot,PILOT2_PROTOCOL,Exploratory development data; second development iteration informed by Pilot 1; not independent confirmation; never pooled with the confirmatory held-out estimate,m-scale_capacitance-d886e6ca3e,osb_hh2_477127614,1,P04_step_2x,spike_count,16.0,24.0,8.0,0.5
neuron_model_behavioral_validation,Neuraxis,development_pilot,PILOT2_PROTOCOL,Exploratory development data; second development iteration informed by Pilot 1; not independent confirmation; never pooled with the confirmatory held-out estimate,m-scale_capacitance-d886e6ca3e,osb_hh2_477127614,1,P06_ramp,spike_count,21.0,31.0,10.0,0.5
neuron_model_behavioral_validation,Neuraxis,development_pilot,PILOT2_PROTOCOL,Exploratory development data; second development iteration informed by Pilot 1; not independent confirmation; never pooled with the confirmatory held-out estimate,m-scale_capacitance-d886e6ca3e,osb_hh2_477127614,1,P07_hyperpolarizing_step,trace_rmse,0.0,1.9176186947888147,1.9176186947888147,0.5
neuron_model_behavioral_validation,Neuraxis,development_pilot,PILOT2_PROTOCOL,Exploratory development data; second development iteration informed by Pilot 1; not independent confirmation; never pooled with the confirmatory held-out estimate,m-scale_capacitance-d886e6ca3e,osb_hh2_477127614,1,P08_rebound,trace_rmse,0.0,3.495040573003517,3.495040573003517,0.5
neuron_model_behavioral_validation,Neuraxis,development_pilot,PILOT2_PROTOCOL,Exploratory development data; second development iteration informed by Pilot 1; not independent confirmation; never pooled with the confirmatory held-out estimate,m-scale_capacitance-d886e6ca3e,osb_hh2_477127614,1,P09_short_pulse,trace_rmse,0.0,4.05631532313383,4.05631532313383,0.5
neuron_model_behavioral_validation,Neuraxis,development_pilot,PILOT2_PROTOCOL,Exploratory development data; second development iteration informed by Pilot 1; not independent confirmation; never pooled with the confirmatory held-out estimate,m-scale_capacitance-d886e6ca3e,osb_hh2_477127614,1,P09_short_pulse,spike_count,0.0,1.0,1.0,0.5
neuron_model_behavioral_validation,Neuraxis,development_pilot,PILOT2_PROTOCOL,Exploratory development data; second development iteration informed by Pilot 1; not independent confirmation; never pooled with the confirmatory held-out estimate,m-scale_capacitance-d886e6ca3e,osb_hh2_477127614,2,P02_weak_step,trace_rmse,0.0,1.1127623693492763,1.1127623693492763,0.5
neuron_model_behavioral_validation,Neuraxis,development_pilot,PILOT2_PROTOCOL,Exploratory development data; second development iteration informed by Pilot 1; not independent confirmation; never pooled with the confirmatory held-out estimate,m-scale_capacitance-d886e6ca3e,osb_hh2_477127614,2,P04_step_2x,spike_count,16.0,24.0,8.0,0.5
neuron_model_behavioral_validation,Neuraxis,development_pilot,PILOT2_PROTOCOL,Exploratory development data; second development iteration informed by Pilot 1; not independent confirmation; never pooled with the confirmatory held-out estimate,m-scale_capacitance-d886e6ca3e,osb_hh2_477127614,2,P06_ramp,spike_count,21.0,31.0,10.0,0.5
neuron_model_behavioral_validation,Neuraxis,development_pilot,PILOT2_PROTOCOL,Exploratory development data; second development iteration informed by Pilot 1; not independent confirmation; never pooled with the confirmatory held-out estimate,m-scale_capacitance-d886e6ca3e,osb_hh2_477127614,2,P07_hyperpolarizing_step,trace_rmse,0.0,1.91758164572176,1.91758164572176,0.5
neuron_model_behavioral_validation,Neuraxis,development_pilot,PILOT2_PROTOCOL,Exploratory development data; second development iteration informed by Pilot 1; not independent confirmation; never pooled with the confirmatory held-out estimate,m-scale_capacitance-d886e6ca3e,osb_hh2_477127614,2,P08_rebound,trace_rmse,0.0,3.494973639059821,3.494973639059821,0.5
neuron_model_behavioral_validation,Neuraxis,development_pilot,PILOT2_PROTOCOL,Exploratory development data; second development iteration informed by Pilot 1; not independent confirmation; never pooled with the confirmatory held-out estimate,m-scale_capacitance-d886e6ca3e,osb_hh2_477127614,2,P09_short_pulse,trace_rmse,0.0,4.006753852506254,4.006753852506254,0.5
neuron_model_behavioral_validation,Neuraxis,development_pilot,PILOT2_PROTOCOL,Exploratory development data; second development iteration informed by Pilot 1; not independent confirmation; never pooled with the confirmatory held-out estimate,m-scale_capacitance-d886e6ca3e,osb_hh2_477127614,2,P09_short_pulse,spike_count,0.0,1.0,1.0,0.5
neuron_model_behavioral_validation,Neuraxis,development_pilot,PILOT2_PROTOCOL,Exploratory development data; second development iteration informed by Pilot 1; not independent confirmation; never pooled with the confirmatory held-out estimate,m-shift_channel_vshift-8dac96bdae,osb_hh2_477127614,1,P04_step_2x,spike_count,16.0,27.0,11.0,0.5
neuron_model_behavioral_validation,Neuraxis,development_pilot,PILOT2_PROTOCOL,Exploratory development data; second development iteration informed by Pilot 1; not independent confirmation; never pooled with the confirmatory held-out estimate,m-shift_channel_vshift-8dac96bdae,osb_hh2_477127614,1,P06_ramp,spike_count,21.0,36.0,15.0,0.5
neuron_model_behavioral_validation,Neuraxis,development_pilot,PILOT2_PROTOCOL,Exploratory development data; second development iteration informed by Pilot 1; not independent confirmation; never pooled with the confirmatory held-out estimate,m-shift_channel_vshift-8dac96bdae,osb_hh2_477127614,2,P04_step_2x,spike_count,16.0,28.0,12.0,0.5
neuron_model_behavioral_validation,Neuraxis,development_pilot,PILOT2_PROTOCOL,Exploratory development data; second development iteration informed by Pilot 1; not independent confirmation; never pooled with the confirmatory held-out estimate,m-shift_channel_vshift-8dac96bdae,osb_hh2_477127614,2,P06_ramp,spike_count,21.0,37.0,16.0,0.5
neuron_model_behavioral_validation,Neuraxis,development_pilot,PILOT2_PROTOCOL,Exploratory development data; second development iteration informed by Pilot 1; not independent confirmation; never pooled with the confirmatory held-out estimate,m-wrong_channel-105026e445,osb_hh2_477127614,1,P04_step_2x,trace_rmse,0.0,38.49395649708808,38.49395649708808,34.31209351654996
neuron_model_behavioral_validation,Neuraxis,development_pilot,PILOT2_PROTOCOL,Exploratory development data; second development iteration informed by Pilot 1; not independent confirmation; never pooled with the confirmatory held-out estimate,m-wrong_channel-105026e445,osb_hh2_477127614,1,P04_step_2x,spike_count,16.0,1.0,15.0,0.5
neuron_model_behavioral_validation,Neuraxis,development_pilot,PILOT2_PROTOCOL,Exploratory development data; second development iteration informed by Pilot 1; not independent confirmation; never pooled with the confirmatory held-out estimate,m-wrong_channel-105026e445,osb_hh2_477127614,1,P06_ramp,trace_rmse,0.0,33.10784934207036,33.10784934207036,32.51394705117444
neuron_model_behavioral_validation,Neuraxis,development_pilot,PILOT2_PROTOCOL,Exploratory development data; second development iteration informed by Pilot 1; not independent confirmation; never pooled with the confirmatory held-out estimate,m-wrong_channel-105026e445,osb_hh2_477127614,1,P06_ramp,spike_count,21.0,1.0,20.0,0.5
neuron_model_behavioral_validation,Neuraxis,development_pilot,PILOT2_PROTOCOL,Exploratory development data; second development iteration informed by Pilot 1; not independent confirmation; never pooled with the confirmatory held-out estimate,m-wrong_channel-105026e445,osb_hh2_477127614,2,P04_step_2x,trace_rmse,0.0,38.202653154674756,38.202653154674756,34.31209351654996
neuron_model_behavioral_validation,Neuraxis,development_pilot,PILOT2_PROTOCOL,Exploratory development data; second development iteration informed by Pilot 1; not independent confirmation; never pooled with the confirmatory held-out estimate,m-wrong_channel-105026e445,osb_hh2_477127614,2,P04_step_2x,spike_count,16.0,1.0,15.0,0.5
neuron_model_behavioral_validation,Neuraxis,development_pilot,PILOT2_PROTOCOL,Exploratory development data; second development iteration informed by Pilot 1; not independent confirmation; never pooled with the confirmatory held-out estimate,m-wrong_channel-105026e445,osb_hh2_477127614,2,P06_ramp,trace_rmse,0.0,32.78439647909229,32.78439647909229,32.51394705117444
neuron_model_behavioral_validation,Neuraxis,development_pilot,PILOT2_PROTOCOL,Exploratory development data; second development iteration informed by Pilot 1; not independent confirmation; never pooled with the confirmatory held-out estimate,m-wrong_channel-105026e445,osb_hh2_477127614,2,P06_ramp,spike_count,21.0,1.0,20.0,0.5
neuron_model_behavioral_validation,Neuraxis,development_pilot,PILOT2_PROTOCOL,Exploratory development data; second development iteration informed by Pilot 1; not independent confirmation; never pooled with the confirmatory held-out estimate,m-duplicate_conductance-06ea96d790,osb_hh2_477127614,1,P04_step_2x,spike_count,16.0,15.0,1.0,0.5
neuron_model_behavioral_validation,Neuraxis,development_pilot,PILOT2_PROTOCOL,Exploratory development data; second development iteration informed by Pilot 1; not independent confirmation; never pooled with the confirmatory held-out estimate,m-duplicate_conductance-06ea96d790,osb_hh2_477127614,1,P06_ramp,spike_count,21.0,19.0,2.0,0.5
neuron_model_behavioral_validation,Neuraxis,development_pilot,PILOT2_PROTOCOL,Exploratory development data; second development iteration informed by Pilot 1; not independent confirmation; never pooled with the confirmatory held-out estimate,m-duplicate_conductance-06ea96d790,osb_hh2_477127614,4,P04_step_2x,spike_count,16.0,15.0,1.0,0.5
neuron_model_behavioral_validation,Neuraxis,development_pilot,PILOT2_PROTOCOL,Exploratory development data; second development iteration informed by Pilot 1; not independent confirmation; never pooled with the confirmatory held-out estimate,m-duplicate_conductance-06ea96d790,osb_hh2_477127614,4,P06_ramp,spike_count,21.0,20.0,1.0,0.5
neuron_model_behavioral_validation,Neuraxis,development_pilot,PILOT2_PROTOCOL,Exploratory development data; second development iteration informed by Pilot 1; not independent confirmation; never pooled with the confirmatory held-out estimate,m-duplicate_conductance-06ea96d790,osb_hh2_477127614,2,P04_step_2x,spike_count,16.0,15.0,1.0,0.5
neuron_model_behavioral_validation,Neuraxis,development_pilot,PILOT2_PROTOCOL,Exploratory development data; second development iteration informed by Pilot 1; not independent confirmation; never pooled with the confirmatory held-out estimate,m-duplicate_conductance-06ea96d790,osb_hh2_477127614,2,P06_ramp,spike_count,21.0,20.0,1.0,0.5
neuron_model_behavioral_validation,Neuraxis,development_pilot,PILOT2_PROTOCOL,Exploratory development data; second development iteration informed by Pilot 1; not independent confirmation; never pooled with the confirmatory held-out estimate,m-wrong_compatible_component-a12a6658b4,osb_hh2_477127614,1,P06_ramp,spike_count,21.0,22.0,1.0,0.5
neuron_model_behavioral_validation,Neuraxis,development_pilot,PILOT2_PROTOCOL,Exploratory development data; second development iteration informed by Pilot 1; not independent confirmation; never pooled with the confirmatory held-out estimate,m-wrong_compatible_component-a12a6658b4,osb_hh2_477127614,4,P04_step_2x,spike_count,16.0,17.0,1.0,0.5
neuron_model_behavioral_validation,Neuraxis,development_pilot,PILOT2_PROTOCOL,Exploratory development data; second development iteration informed by Pilot 1; not independent confirmation; never pooled with the confirmatory held-out estimate,m-wrong_compatible_component-a12a6658b4,osb_hh2_477127614,4,P06_ramp,spike_count,21.0,23.0,2.0,0.5
neuron_model_behavioral_validation,Neuraxis,development_pilot,PILOT2_PROTOCOL,Exploratory development data; second development iteration informed by Pilot 1; not independent confirmation; never pooled with the confirmatory held-out estimate,m-wrong_compatible_component-a12a6658b4,osb_hh2_477127614,2,P04_step_2x,spike_count,16.0,17.0,1.0,0.5
neuron_model_behavioral_validation,Neuraxis,development_pilot,PILOT2_PROTOCOL,Exploratory development data; second development iteration informed by Pilot 1; not independent confirmation; never pooled with the confirmatory held-out estimate,m-wrong_compatible_component-a12a6658b4,osb_hh2_477127614,2,P06_ramp,spike_count,21.0,22.0,1.0,0.5
neuron_model_behavioral_validation,Neuraxis,development_pilot,PILOT2_PROTOCOL,Exploratory development data; second development iteration informed by Pilot 1; not independent confirmation; never pooled with the confirmatory held-out estimate,m-scale_conductance-8d921084f4,pospischil2008_fs,1,P00_canonical,spike_count,20.0,21.0,1.0,0.5
neuron_model_behavioral_validation,Neuraxis,development_pilot,PILOT2_PROTOCOL,Exploratory development data; second development iteration informed by Pilot 1; not independent confirmation; never pooled with the confirmatory held-out estimate,m-scale_conductance-8d921084f4,pospischil2008_fs,1,P06_ramp,spike_count,61.0,62.0,1.0,0.5
neuron_model_behavioral_validation,Neuraxis,development_pilot,PILOT2_PROTOCOL,Exploratory development data; second development iteration informed by Pilot 1; not independent confirmation; never pooled with the confirmatory held-out estimate,m-scale_conductance-8d921084f4,pospischil2008_fs,2,P00_canonical,spike_count,20.0,21.0,1.0,0.5
neuron_model_behavioral_validation,Neuraxis,development_pilot,PILOT2_PROTOCOL,Exploratory development data; second development iteration informed by Pilot 1; not independent confirmation; never pooled with the confirmatory held-out estimate,m-scale_conductance-8d921084f4,pospischil2008_fs,2,P06_ramp,spike_count,61.0,62.0,1.0,0.5
neuron_model_behavioral_validation,Neuraxis,development_pilot,PILOT2_PROTOCOL,Exploratory development data; second development iteration informed by Pilot 1; not independent confirmation; never pooled with the confirmatory held-out estimate,m-scale_conductance-b734d01a94,pospischil2008_fs,1,P00_canonical,spike_timing,,,4.161954211396392,1.5825299112369748
neuron_model_behavioral_validation,Neuraxis,development_pilot,PILOT2_PROTOCOL,Exploratory development data; second development iteration informed by Pilot 1; not independent confirmation; never pooled with the confirmatory held-out estimate,m-scale_conductance-b734d01a94,pospischil2008_fs,2,P00_canonical,spike_timing,,,4.164923679532762,1.5825299112369748
neuron_model_behavioral_validation,Neuraxis,development_pilot,PILOT2_PROTOCOL,Exploratory development data; second development iteration informed by Pilot 1; not independent confirmation; never pooled with the confirmatory held-out estimate,m-scale_conductance-b734d01a94,pospischil2008_fs,2,P06_ramp,spike_count,61.0,62.0,1.0,0.5
neuron_model_behavioral_validation,Neuraxis,development_pilot,PILOT2_PROTOCOL,Exploratory development data; second development iteration informed by Pilot 1; not independent confirmation; never pooled with the confirmatory held-out estimate,m-scale_conductance-10ff293ca8,pospischil2008_fs,1,P00_canonical,spike_count,20.0,31.0,11.0,0.5
neuron_model_behavioral_validation,Neuraxis,development_pilot,PILOT2_PROTOCOL,Exploratory development data; second development iteration informed by Pilot 1; not independent confirmation; never pooled with the confirmatory held-out estimate,m-scale_conductance-10ff293ca8,pospischil2008_fs,1,P02_weak_step,trace_rmse,0.0,8.553097164554853,8.553097164554853,0.5
neuron_model_behavioral_validation,Neuraxis,development_pilot,PILOT2_PROTOCOL,Exploratory development data; second development iteration informed by Pilot 1; not independent confirmation; never pooled with the confirmatory held-out estimate,m-scale_conductance-10ff293ca8,pospischil2008_fs,1,P02_weak_step,spike_count,0.0,6.0,6.0,0.5
neuron_model_behavioral_validation,Neuraxis,development_pilot,PILOT2_PROTOCOL,Exploratory development data; second development iteration informed by Pilot 1; not independent confirmation; never pooled with the confirmatory held-out estimate,m-scale_conductance-10ff293ca8,pospischil2008_fs,1,P06_ramp,spike_count,61.0,80.0,19.0,0.5
neuron_model_behavioral_validation,Neuraxis,development_pilot,PILOT2_PROTOCOL,Exploratory development data; second development iteration informed by Pilot 1; not independent confirmation; never pooled with the confirmatory held-out estimate,m-scale_conductance-10ff293ca8,pospischil2008_fs,1,P07_hyperpolarizing_step,trace_rmse,0.0,12.644367870547063,12.644367870547063,0.5
neuron_model_behavioral_validation,Neuraxis,development_pilot,PILOT2_PROTOCOL,Exploratory development data; second development iteration informed by Pilot 1; not independent confirmation; never pooled with the confirmatory held-out estimate,m-scale_conductance-10ff293ca8,pospischil2008_fs,1,P08_rebound,trace_rmse,0.0,24.11187456357578,24.11187456357578,0.5
neuron_model_behavioral_validation,Neuraxis,development_pilot,PILOT2_PROTOCOL,Exploratory development data; second development iteration informed by Pilot 1; not independent confirmation; never pooled with the confirmatory held-out estimate,m-scale_conductance-10ff293ca8,pospischil2008_fs,2,P00_canonical,spike_count,20.0,31.0,11.0,0.5
neuron_model_behavioral_validation,Neuraxis,development_pilot,PILOT2_PROTOCOL,Exploratory development data; second development iteration informed by Pilot 1; not independent confirmation; never pooled with the confirmatory held-out estimate,m-scale_conductance-10ff293ca8,pospischil2008_fs,2,P02_weak_step,trace_rmse,0.0,8.519598918765553,8.519598918765553,0.5
neuron_model_behavioral_validation,Neuraxis,development_pilot,PILOT2_PROTOCOL,Exploratory development data; second development iteration informed by Pilot 1; not independent confirmation; never pooled with the confirmatory held-out estimate,m-scale_conductance-10ff293ca8,pospischil2008_fs,2,P02_weak_step,spike_count,0.0,6.0,6.0,0.5
neuron_model_behavioral_validation,Neuraxis,development_pilot,PILOT2_PROTOCOL,Exploratory development data; second development iteration informed by Pilot 1; not independent confirmation; never pooled with the confirmatory held-out estimate,m-scale_conductance-10ff293ca8,pospischil2008_fs,2,P06_ramp,spike_count,61.0,81.0,20.0,0.5
neuron_model_behavioral_validation,Neuraxis,development_pilot,PILOT2_PROTOCOL,Exploratory development data; second development iteration informed by Pilot 1; not independent confirmation; never pooled with the confirmatory held-out estimate,m-scale_conductance-10ff293ca8,pospischil2008_fs,2,P07_hyperpolarizing_step,trace_rmse,0.0,12.644392731348677,12.644392731348677,0.5
neuron_model_behavioral_validation,Neuraxis,development_pilot,PILOT2_PROTOCOL,Exploratory development data; second development iteration informed by Pilot 1; not independent confirmation; never pooled with the confirmatory held-out estimate,m-scale_conductance-10ff293ca8,pospischil2008_fs,2,P08_rebound,trace_rmse,0.0,24.111919238287996,24.111919238287996,0.5
neuron_model_behavioral_validation,Neuraxis,development_pilot,PILOT2_PROTOCOL,Exploratory development data; second development iteration informed by Pilot 1; not independent confirmation; never pooled with the confirmatory held-out estimate,m-scale_conductance-2c1b980b1d,pospischil2008_fs,1,P00_canonical,spike_count,20.0,19.0,1.0,0.5
neuron_model_behavioral_validation,Neuraxis,development_pilot,PILOT2_PROTOCOL,Exploratory development data; second development iteration informed by Pilot 1; not independent confirmation; never pooled with the confirmatory held-out estimate,m-scale_conductance-2c1b980b1d,pospischil2008_fs,1,P06_ramp,spike_count,61.0,57.0,4.0,0.5
neuron_model_behavioral_validation,Neuraxis,development_pilot,PILOT2_PROTOCOL,Exploratory development data; second development iteration informed by Pilot 1; not independent confirmation; never pooled with the confirmatory held-out estimate,m-scale_conductance-2c1b980b1d,pospischil2008_fs,1,P09_short_pulse,trace_rmse,0.0,0.8996784078855715,0.8996784078855715,0.5
neuron_model_behavioral_validation,Neuraxis,development_pilot,PILOT2_PROTOCOL,Exploratory development data; second development iteration informed by Pilot 1; not independent confirmation; never pooled with the confirmatory held-out estimate,m-scale_conductance-2c1b980b1d,pospischil2008_fs,2,P00_canonical,spike_count,20.0,19.0,1.0,0.5
neuron_model_behavioral_validation,Neuraxis,development_pilot,PILOT2_PROTOCOL,Exploratory development data; second development iteration informed by Pilot 1; not independent confirmation; never pooled with the confirmatory held-out estimate,m-scale_conductance-2c1b980b1d,pospischil2008_fs,2,P06_ramp,spike_count,61.0,57.0,4.0,0.5
neuron_model_behavioral_validation,Neuraxis,development_pilot,PILOT2_PROTOCOL,Exploratory development data; second development iteration informed by Pilot 1; not independent confirmation; never pooled with the confirmatory held-out estimate,m-scale_conductance-2c1b980b1d,pospischil2008_fs,2,P09_short_pulse,trace_rmse,0.0,0.8925897142182113,0.8925897142182113,0.5
neuron_model_behavioral_validation,Neuraxis,development_pilot,PILOT2_PROTOCOL,Exploratory development data; second development iteration informed by Pilot 1; not independent confirmation; never pooled with the confirmatory held-out estimate,m-shift_reversal-2ebe75d071,pospischil2008_fs,1,P00_canonical,spike_timing,,,3.2900837371838634,1.5825299112369748
neuron_model_behavioral_validation,Neuraxis,development_pilot,PILOT2_PROTOCOL,Exploratory development data; second development iteration informed by Pilot 1; not independent confirmation; never pooled with the confirmatory held-out estimate,m-shift_reversal-2ebe75d071,pospischil2008_fs,1,P06_ramp,spike_count,61.0,60.0,1.0,0.5
neuron_model_behavioral_validation,Neuraxis,development_pilot,PILOT2_PROTOCOL,Exploratory development data; second development iteration informed by Pilot 1; not independent confirmation; never pooled with the confirmatory held-out estimate,m-shift_reversal-2ebe75d071,pospischil2008_fs,2,P00_canonical,spike_timing,,,3.285651575663678,1.5825299112369748
neuron_model_behavioral_validation,Neuraxis,development_pilot,PILOT2_PROTOCOL,Exploratory development data; second development iteration informed by Pilot 1; not independent confirmation; never pooled with the confirmatory held-out estimate,m-shift_reversal-296104fa71,pospischil2008_fs,1,P00_canonical,spike_count,20.0,0.0,20.0,0.5
neuron_model_behavioral_validation,Neuraxis,development_pilot,PILOT2_PROTOCOL,Exploratory development data; second development iteration informed by Pilot 1; not independent confirmation; never pooled with the confirmatory held-out estimate,m-shift_reversal-296104fa71,pospischil2008_fs,1,P02_weak_step,trace_rmse,0.0,9.951156205740713,9.951156205740713,0.5
neuron_model_behavioral_validation,Neuraxis,development_pilot,PILOT2_PROTOCOL,Exploratory development data; second development iteration informed by Pilot 1; not independent confirmation; never pooled with the confirmatory held-out estimate,m-shift_reversal-296104fa71,pospischil2008_fs,1,P06_ramp,spike_count,61.0,37.0,24.0,0.5
neuron_model_behavioral_validation,Neuraxis,development_pilot,PILOT2_PROTOCOL,Exploratory development data; second development iteration informed by Pilot 1; not independent confirmation; never pooled with the confirmatory held-out estimate,m-shift_reversal-296104fa71,pospischil2008_fs,1,P07_hyperpolarizing_step,trace_rmse,0.0,9.949884427566484,9.949884427566484,0.5
neuron_model_behavioral_validation,Neuraxis,development_pilot,PILOT2_PROTOCOL,Exploratory development data; second development iteration informed by Pilot 1; not independent confirmation; never pooled with the confirmatory held-out estimate,m-shift_reversal-296104fa71,pospischil2008_fs,1,P08_rebound,trace_rmse,0.0,9.954454036862863,9.954454036862863,0.5
neuron_model_behavioral_validation,Neuraxis,development_pilot,PILOT2_PROTOCOL,Exploratory development data; second development iteration informed by Pilot 1; not independent confirmation; never pooled with the confirmatory held-out estimate,m-shift_reversal-296104fa71,pospischil2008_fs,1,P09_short_pulse,trace_rmse,0.0,10.335098545990073,10.335098545990073,0.5
neuron_model_behavioral_validation,Neuraxis,development_pilot,PILOT2_PROTOCOL,Exploratory development data; second development iteration informed by Pilot 1; not independent confirmation; never pooled with the confirmatory held-out estimate,m-shift_reversal-296104fa71,pospischil2008_fs,2,P00_canonical,spike_count,20.0,0.0,20.0,0.5
neuron_model_behavioral_validation,Neuraxis,development_pilot,PILOT2_PROTOCOL,Exploratory development data; second development iteration informed by Pilot 1; not independent confirmation; never pooled with the confirmatory held-out estimate,m-shift_reversal-296104fa71,pospischil2008_fs,2,P02_weak_step,trace_rmse,0.0,9.951152939485427,9.951152939485427,0.5
neuron_model_behavioral_validation,Neuraxis,development_pilot,PILOT2_PROTOCOL,Exploratory development data; second development iteration informed by Pilot 1; not independent confirmation; never pooled with the confirmatory held-out estimate,m-shift_reversal-296104fa71,pospischil2008_fs,2,P06_ramp,spike_count,61.0,37.0,24.0,0.5
neuron_model_behavioral_validation,Neuraxis,development_pilot,PILOT2_PROTOCOL,Exploratory development data; second development iteration informed by Pilot 1; not independent confirmation; never pooled with the confirmatory held-out estimate,m-shift_reversal-296104fa71,pospischil2008_fs,2,P07_hyperpolarizing_step,trace_rmse,0.0,9.9498811637148,9.9498811637148,0.5
neuron_model_behavioral_validation,Neuraxis,development_pilot,PILOT2_PROTOCOL,Exploratory development data; second development iteration informed by Pilot 1; not independent confirmation; never pooled with the confirmatory held-out estimate,m-shift_reversal-296104fa71,pospischil2008_fs,2,P08_rebound,trace_rmse,0.0,9.954451080267582,9.954451080267582,0.5
neuron_model_behavioral_validation,Neuraxis,development_pilot,PILOT2_PROTOCOL,Exploratory development data; second development iteration informed by Pilot 1; not independent confirmation; never pooled with the confirmatory held-out estimate,m-shift_reversal-296104fa71,pospischil2008_fs,2,P09_short_pulse,trace_rmse,0.0,10.333434789920334,10.333434789920334,0.5
neuron_model_behavioral_validation,Neuraxis,development_pilot,PILOT2_PROTOCOL,Exploratory development data; second development iteration informed by Pilot 1; not independent confirmation; never pooled with the confirmatory held-out estimate,m-shift_reversal-99c62df08a,pospischil2008_fs,1,P00_canonical,spike_count,20.0,19.0,1.0,0.5
neuron_model_behavioral_validation,Neuraxis,development_pilot,PILOT2_PROTOCOL,Exploratory development data; second development iteration informed by Pilot 1; not independent confirmation; never pooled with the confirmatory held-out estimate,m-shift_reversal-99c62df08a,pospischil2008_fs,1,P06_ramp,spike_count,61.0,58.0,3.0,0.5
neuron_model_behavioral_validation,Neuraxis,development_pilot,PILOT2_PROTOCOL,Exploratory development data; second development iteration informed by Pilot 1; not independent confirmation; never pooled with the confirmatory held-out estimate,m-shift_reversal-99c62df08a,pospischil2008_fs,2,P00_canonical,spike_count,20.0,19.0,1.0,0.5
neuron_model_behavioral_validation,Neuraxis,development_pilot,PILOT2_PROTOCOL,Exploratory development data; second development iteration informed by Pilot 1; not independent confirmation; never pooled with the confirmatory held-out estimate,m-shift_reversal-99c62df08a,pospischil2008_fs,2,P06_ramp,spike_count,61.0,58.0,3.0,0.5
neuron_model_behavioral_validation,Neuraxis,development_pilot,PILOT2_PROTOCOL,Exploratory development data; second development iteration informed by Pilot 1; not independent confirmation; never pooled with the confirmatory held-out estimate,m-scale_capacitance-8945c94953,pospischil2008_fs,1,P00_canonical,spike_count,20.0,24.0,4.0,0.5
neuron_model_behavioral_validation,Neuraxis,development_pilot,PILOT2_PROTOCOL,Exploratory development data; second development iteration informed by Pilot 1; not independent confirmation; never pooled with the confirmatory held-out estimate,m-scale_capacitance-8945c94953,pospischil2008_fs,1,P06_ramp,spike_count,61.0,70.0,9.0,0.5
neuron_model_behavioral_validation,Neuraxis,development_pilot,PILOT2_PROTOCOL,Exploratory development data; second development iteration informed by Pilot 1; not independent confirmation; never pooled with the confirmatory held-out estimate,m-scale_capacitance-8945c94953,pospischil2008_fs,1,P09_short_pulse,trace_rmse,0.0,2.278516500566078,2.278516500566078,0.5
neuron_model_behavioral_validation,Neuraxis,development_pilot,PILOT2_PROTOCOL,Exploratory development data; second development iteration informed by Pilot 1; not independent confirmation; never pooled with the confirmatory held-out estimate,m-scale_capacitance-8945c94953,pospischil2008_fs,2,P00_canonical,spike_count,20.0,24.0,4.0,0.5
neuron_model_behavioral_validation,Neuraxis,development_pilot,PILOT2_PROTOCOL,Exploratory development data; second development iteration informed by Pilot 1; not independent confirmation; never pooled with the confirmatory held-out estimate,m-scale_capacitance-8945c94953,pospischil2008_fs,2,P06_ramp,spike_count,61.0,71.0,10.0,0.5
neuron_model_behavioral_validation,Neuraxis,development_pilot,PILOT2_PROTOCOL,Exploratory development data; second development iteration informed by Pilot 1; not independent confirmation; never pooled with the confirmatory held-out estimate,m-scale_capacitance-8945c94953,pospischil2008_fs,2,P09_short_pulse,trace_rmse,0.0,2.27309756722565,2.27309756722565,0.5
neuron_model_behavioral_validation,Neuraxis,development_pilot,PILOT2_PROTOCOL,Exploratory development data; second development iteration informed by Pilot 1; not independent confirmation; never pooled with the confirmatory held-out estimate,m-scale_capacitance-5a8359e4e8,pospischil2008_fs,1,P00_canonical,spike_count,20.0,35.0,15.0,0.5
neuron_model_behavioral_validation,Neuraxis,development_pilot,PILOT2_PROTOCOL,Exploratory development data; second development iteration informed by Pilot 1; not independent confirmation; never pooled with the confirmatory held-out estimate,m-scale_capacitance-5a8359e4e8,pospischil2008_fs,1,P06_ramp,spike_count,61.0,96.0,35.0,0.5
neuron_model_behavioral_validation,Neuraxis,development_pilot,PILOT2_PROTOCOL,Exploratory development data; second development iteration informed by Pilot 1; not independent confirmation; never pooled with the confirmatory held-out estimate,m-scale_capacitance-5a8359e4e8,pospischil2008_fs,1,P07_hyperpolarizing_step,trace_rmse,0.0,0.6057080196407338,0.6057080196407338,0.5
neuron_model_behavioral_validation,Neuraxis,development_pilot,PILOT2_PROTOCOL,Exploratory development data; second development iteration informed by Pilot 1; not independent confirmation; never pooled with the confirmatory held-out estimate,m-scale_capacitance-5a8359e4e8,pospischil2008_fs,1,P08_rebound,trace_rmse,0.0,1.155039931721666,1.155039931721666,0.5
neuron_model_behavioral_validation,Neuraxis,development_pilot,PILOT2_PROTOCOL,Exploratory development data; second development iteration informed by Pilot 1; not independent confirmation; never pooled with the confirmatory held-out estimate,m-scale_capacitance-5a8359e4e8,pospischil2008_fs,1,P09_short_pulse,trace_rmse,0.0,5.64443868357683,5.64443868357683,0.5
neuron_model_behavioral_validation,Neuraxis,development_pilot,PILOT2_PROTOCOL,Exploratory development data; second development iteration informed by Pilot 1; not independent confirmation; never pooled with the confirmatory held-out estimate,m-scale_capacitance-5a8359e4e8,pospischil2008_fs,1,P09_short_pulse,spike_count,1.0,2.0,1.0,0.5
neuron_model_behavioral_validation,Neuraxis,development_pilot,PILOT2_PROTOCOL,Exploratory development data; second development iteration informed by Pilot 1; not independent confirmation; never pooled with the confirmatory held-out estimate,m-scale_capacitance-5a8359e4e8,pospischil2008_fs,2,P00_canonical,spike_count,20.0,35.0,15.0,0.5
neuron_model_behavioral_validation,Neuraxis,development_pilot,PILOT2_PROTOCOL,Exploratory development data; second development iteration informed by Pilot 1; not independent confirmation; never pooled with the confirmatory held-out estimate,m-scale_capacitance-5a8359e4e8,pospischil2008_fs,2,P06_ramp,spike_count,61.0,97.0,36.0,0.5
neuron_model_behavioral_validation,Neuraxis,development_pilot,PILOT2_PROTOCOL,Exploratory development data; second development iteration informed by Pilot 1; not independent confirmation; never pooled with the confirmatory held-out estimate,m-scale_capacitance-5a8359e4e8,pospischil2008_fs,2,P07_hyperpolarizing_step,trace_rmse,0.0,0.605632991667029,0.605632991667029,0.5
neuron_model_behavioral_validation,Neuraxis,development_pilot,PILOT2_PROTOCOL,Exploratory development data; second development iteration informed by Pilot 1; not independent confirmation; never pooled with the confirmatory held-out estimate,m-scale_capacitance-5a8359e4e8,pospischil2008_fs,2,P08_rebound,trace_rmse,0.0,1.1548966824409521,1.1548966824409521,0.5
neuron_model_behavioral_validation,Neuraxis,development_pilot,PILOT2_PROTOCOL,Exploratory development data; second development iteration informed by Pilot 1; not independent confirmation; never pooled with the confirmatory held-out estimate,m-scale_capacitance-5a8359e4e8,pospischil2008_fs,2,P09_short_pulse,trace_rmse,0.0,5.515881461002935,5.515881461002935,0.5
neuron_model_behavioral_validation,Neuraxis,development_pilot,PILOT2_PROTOCOL,Exploratory development data; second development iteration informed by Pilot 1; not independent confirmation; never pooled with the confirmatory held-out estimate,m-scale_capacitance-5a8359e4e8,pospischil2008_fs,2,P09_short_pulse,spike_count,1.0,2.0,1.0,0.5
neuron_model_behavioral_validation,Neuraxis,development_pilot,PILOT2_PROTOCOL,Exploratory development data; second development iteration informed by Pilot 1; not independent confirmation; never pooled with the confirmatory held-out estimate,m-scale_gate_time_constant-dda33c4c51,pospischil2008_fs,1,P00_canonical,spike_timing,,,10.204173872670026,1.5825299112369748
neuron_model_behavioral_validation,Neuraxis,development_pilot,PILOT2_PROTOCOL,Exploratory development data; second development iteration informed by Pilot 1; not independent confirmation; never pooled with the confirmatory held-out estimate,m-scale_gate_time_constant-dda33c4c51,pospischil2008_fs,1,P06_ramp,spike_count,61.0,58.0,3.0,0.5
neuron_model_behavioral_validation,Neuraxis,development_pilot,PILOT2_PROTOCOL,Exploratory development data; second development iteration informed by Pilot 1; not independent confirmation; never pooled with the confirmatory held-out estimate,m-scale_gate_time_constant-dda33c4c51,pospischil2008_fs,1,P09_short_pulse,trace_rmse,0.0,0.5464337825000313,0.5464337825000313,0.5
neuron_model_behavioral_validation,Neuraxis,development_pilot,PILOT2_PROTOCOL,Exploratory development data; second development iteration informed by Pilot 1; not independent confirmation; never pooled with the confirmatory held-out estimate,m-scale_gate_time_constant-dda33c4c51,pospischil2008_fs,2,P00_canonical,spike_timing,,,9.709803687104568,1.5825299112369748
neuron_model_behavioral_validation,Neuraxis,development_pilot,PILOT2_PROTOCOL,Exploratory development data; second development iteration informed by Pilot 1; not independent confirmation; never pooled with the confirmatory held-out estimate,m-scale_gate_time_constant-dda33c4c51,pospischil2008_fs,2,P06_ramp,spike_count,61.0,59.0,2.0,0.5
neuron_model_behavioral_validation,Neuraxis,development_pilot,PILOT2_PROTOCOL,Exploratory development data; second development iteration informed by Pilot 1; not independent confirmation; never pooled with the confirmatory held-out estimate,m-scale_gate_time_constant-dda33c4c51,pospischil2008_fs,2,P09_short_pulse,trace_rmse,0.0,0.5474131524129062,0.5474131524129062,0.5
neuron_model_behavioral_validation,Neuraxis,development_pilot,PILOT2_PROTOCOL,Exploratory development data; second development iteration informed by Pilot 1; not independent confirmation; never pooled with the confirmatory held-out estimate,m-scale_gate_time_constant-2e28d01edd,pospischil2008_fs,1,P00_canonical,spike_count,20.0,21.0,1.0,0.5
neuron_model_behavioral_validation,Neuraxis,development_pilot,PILOT2_PROTOCOL,Exploratory development data; second development iteration informed by Pilot 1; not independent confirmation; never pooled with the confirmatory held-out estimate,m-scale_gate_time_constant-2e28d01edd,pospischil2008_fs,1,P06_ramp,spike_count,61.0,66.0,5.0,0.5
neuron_model_behavioral_validation,Neuraxis,development_pilot,PILOT2_PROTOCOL,Exploratory development data; second development iteration informed by Pilot 1; not independent confirmation; never pooled with the confirmatory held-out estimate,m-scale_gate_time_constant-2e28d01edd,pospischil2008_fs,1,P09_short_pulse,trace_rmse,0.0,0.7743444974196985,0.7743444974196985,0.5
neuron_model_behavioral_validation,Neuraxis,development_pilot,PILOT2_PROTOCOL,Exploratory development data; second development iteration informed by Pilot 1; not independent confirmation; never pooled with the confirmatory held-out estimate,m-scale_gate_time_constant-2e28d01edd,pospischil2008_fs,2,P00_canonical,spike_count,20.0,21.0,1.0,0.5
neuron_model_behavioral_validation,Neuraxis,development_pilot,PILOT2_PROTOCOL,Exploratory development data; second development iteration informed by Pilot 1; not independent confirmation; never pooled with the confirmatory held-out estimate,m-scale_gate_time_constant-2e28d01edd,pospischil2008_fs,2,P06_ramp,spike_count,61.0,66.0,5.0,0.5
neuron_model_behavioral_validation,Neuraxis,development_pilot,PILOT2_PROTOCOL,Exploratory development data; second development iteration informed by Pilot 1; not independent confirmation; never pooled with the confirmatory held-out estimate,m-scale_gate_time_constant-2e28d01edd,pospischil2008_fs,2,P09_short_pulse,trace_rmse,0.0,0.7693897633421687,0.7693897633421687,0.5
neuron_model_behavioral_validation,Neuraxis,development_pilot,PILOT2_PROTOCOL,Exploratory development data; second development iteration informed by Pilot 1; not independent confirmation; never pooled with the confirmatory held-out estimate,m-increase_dt-2391bb7a93,pospischil2008_fs,1,P00_canonical,spike_timing,,,3.1360511248921057,1.5825299112369748
neuron_model_behavioral_validation,Neuraxis,development_pilot,PILOT2_PROTOCOL,Exploratory development data; second development iteration informed by Pilot 1; not independent confirmation; never pooled with the confirmatory held-out estimate,m-increase_dt-2391bb7a93,pospischil2008_fs,1,P06_ramp,spike_count,61.0,58.0,3.0,0.5
neuron_model_behavioral_validation,Neuraxis,development_pilot,PILOT2_PROTOCOL,Exploratory development data; second development iteration informed by Pilot 1; not independent confirmation; never pooled with the confirmatory held-out estimate,m-increase_dt-2391bb7a93,pospischil2008_fs,1,P09_short_pulse,trace_rmse,0.0,0.6343409704060747,0.6343409704060747,0.5
neuron_model_behavioral_validation,Neuraxis,development_pilot,PILOT2_PROTOCOL,Exploratory development data; second development iteration informed by Pilot 1; not independent confirmation; never pooled with the confirmatory held-out estimate,m-increase_dt-2391bb7a93,pospischil2008_fs,2,P06_ramp,spike_count,61.0,60.0,1.0,0.5
neuron_model_behavioral_validation,Neuraxis,development_pilot,PILOT2_PROTOCOL,Exploratory development data; second development iteration informed by Pilot 1; not independent confirmation; never pooled with the confirmatory held-out estimate,m-duplicate_conductance-328cf062a2,pospischil2008_fs,1,P00_canonical,spike_count,20.0,22.0,2.0,0.5
neuron_model_behavioral_validation,Neuraxis,development_pilot,PILOT2_PROTOCOL,Exploratory development data; second development iteration informed by Pilot 1; not independent confirmation; never pooled with the confirmatory held-out estimate,m-duplicate_conductance-328cf062a2,pospischil2008_fs,1,P06_ramp,spike_count,61.0,64.0,3.0,0.5
neuron_model_behavioral_validation,Neuraxis,development_pilot,PILOT2_PROTOCOL,Exploratory development data; second development iteration informed by Pilot 1; not independent confirmation; never pooled with the confirmatory held-out estimate,m-duplicate_conductance-328cf062a2,pospischil2008_fs,1,P09_short_pulse,trace_rmse,0.0,0.8203109289420558,0.8203109289420558,0.5
neuron_model_behavioral_validation,Neuraxis,development_pilot,PILOT2_PROTOCOL,Exploratory development data; second development iteration informed by Pilot 1; not independent confirmation; never pooled with the confirmatory held-out estimate,m-duplicate_conductance-328cf062a2,pospischil2008_fs,2,P00_canonical,spike_count,20.0,22.0,2.0,0.5
neuron_model_behavioral_validation,Neuraxis,development_pilot,PILOT2_PROTOCOL,Exploratory development data; second development iteration informed by Pilot 1; not independent confirmation; never pooled with the confirmatory held-out estimate,m-duplicate_conductance-328cf062a2,pospischil2008_fs,2,P06_ramp,spike_count,61.0,64.0,3.0,0.5
neuron_model_behavioral_validation,Neuraxis,development_pilot,PILOT2_PROTOCOL,Exploratory development data; second development iteration informed by Pilot 1; not independent confirmation; never pooled with the confirmatory held-out estimate,m-duplicate_conductance-328cf062a2,pospischil2008_fs,2,P09_short_pulse,trace_rmse,0.0,0.8357948630116935,0.8357948630116935,0.5
