study_id,project_name,study_phase,protocol_version,designation,variant_id,model_id,level_factor,protocol_id,feature,reason,ref_value,var_value,diff,tau,ref_run_id,var_run_id
neuron_model_behavioral_validation,Neuraxis,development_pilot,PILOT2_PROTOCOL,Exploratory development data; second development iteration informed by Pilot 1; not independent confirmation; never pooled with the confirmatory held-out estimate,m-scale_conductance-44150b501c,acnet2_pyr_soma,1,P04_step_2x,first_isi,exceeds,451.11999999958977,430.33999999960866,20.7799999999811,9.022399999991796,r-85c49aecb0e07f4c5069,r-fb5a54a6f1afdd735a28
neuron_model_behavioral_validation,Neuraxis,development_pilot,PILOT2_PROTOCOL,Exploratory development data; second development iteration informed by Pilot 1; not independent confirmation; never pooled with the confirmatory held-out estimate,m-scale_conductance-44150b501c,acnet2_pyr_soma,1,P05_long_step,first_isi,exceeds,585.3699999994676,505.4899999995403,79.87999999992729,11.707399999989352,r-f6700284baa99a5ef41f,r-ffd228d54d4607adfcbf
neuron_model_behavioral_validation,Neuraxis,development_pilot,PILOT2_PROTOCOL,Exploratory development data; second development iteration informed by Pilot 1; not independent confirmation; never pooled with the confirmatory held-out estimate,m-scale_conductance-44150b501c,acnet2_pyr_soma,1,P07_hyperpolarizing_step,minimum_voltage,exceeds,-71.07988739013672,-72.0060806274414,0.9261932373046875,0.5,r-85c49aecb0e07f4c5069,r-fb5a54a6f1afdd735a28
neuron_model_behavioral_validation,Neuraxis,development_pilot,PILOT2_PROTOCOL,Exploratory development data; second development iteration informed by Pilot 1; not independent confirmation; never pooled with the confirmatory held-out estimate,m-scale_conductance-44150b501c,acnet2_pyr_soma,1,P07_hyperpolarizing_step,voltage_deflection,exceeds,-3.20957711995446,-3.8634020701090748,0.6538249501546147,0.5,r-85c49aecb0e07f4c5069,r-fb5a54a6f1afdd735a28
neuron_model_behavioral_validation,Neuraxis,development_pilot,PILOT2_PROTOCOL,Exploratory development data; second development iteration informed by Pilot 1; not independent confirmation; never pooled with the confirmatory held-out estimate,m-scale_conductance-44150b501c,acnet2_pyr_soma,1,P09_short_pulse,ap_half_width,definedness,,0.5699999999994816,,inf,r-195ba3020e76bc4e3add,r-658adbba6cdd718372f7
neuron_model_behavioral_validation,Neuraxis,development_pilot,PILOT2_PROTOCOL,Exploratory development data; second development iteration informed by Pilot 1; not independent confirmation; never pooled with the confirmatory held-out estimate,m-scale_conductance-44150b501c,acnet2_pyr_soma,2,P04_step_2x,first_isi,exceeds,450.1799999995906,429.4099999996095,20.76999999998111,9.022399999991796,r-16be743cbc8f0485fd82,r-dca38405d926c3c97741
neuron_model_behavioral_validation,Neuraxis,development_pilot,PILOT2_PROTOCOL,Exploratory development data; second development iteration informed by Pilot 1; not independent confirmation; never pooled with the confirmatory held-out estimate,m-scale_conductance-44150b501c,acnet2_pyr_soma,2,P05_long_step,first_isi,exceeds,584.4299999994685,504.54999999954117,79.87999999992729,11.707399999989352,r-493fa57e11933a720397,r-a157bdf928b79f971150
neuron_model_behavioral_validation,Neuraxis,development_pilot,PILOT2_PROTOCOL,Exploratory development data; second development iteration informed by Pilot 1; not independent confirmation; never pooled with the confirmatory held-out estimate,m-scale_conductance-44150b501c,acnet2_pyr_soma,2,P07_hyperpolarizing_step,minimum_voltage,exceeds,-71.0798568725586,-72.00605773925781,0.9262008666992188,0.5,r-16be743cbc8f0485fd82,r-dca38405d926c3c97741
neuron_model_behavioral_validation,Neuraxis,development_pilot,PILOT2_PROTOCOL,Exploratory development data; second development iteration informed by Pilot 1; not independent confirmation; never pooled with the confirmatory held-out estimate,m-scale_conductance-44150b501c,acnet2_pyr_soma,2,P07_hyperpolarizing_step,voltage_deflection,exceeds,-3.209601085408565,-3.863434765116395,0.6538336797078301,0.5,r-16be743cbc8f0485fd82,r-dca38405d926c3c97741
neuron_model_behavioral_validation,Neuraxis,development_pilot,PILOT2_PROTOCOL,Exploratory development data; second development iteration informed by Pilot 1; not independent confirmation; never pooled with the confirmatory held-out estimate,m-scale_conductance-44150b501c,acnet2_pyr_soma,2,P09_short_pulse,ap_half_width,definedness,,0.5699999999994816,,inf,r-eb52f398ba2e116da449,r-64e64946029e26bf0935
neuron_model_behavioral_validation,Neuraxis,development_pilot,PILOT2_PROTOCOL,Exploratory development data; second development iteration informed by Pilot 1; not independent confirmation; never pooled with the confirmatory held-out estimate,m-scale_conductance-15a5694767,acnet2_pyr_soma,1,P04_step_2x,firing_regime,categorical,tonic,single_spike,,,r-85c49aecb0e07f4c5069,r-6dc406f1fda17a3970d6
neuron_model_behavioral_validation,Neuraxis,development_pilot,PILOT2_PROTOCOL,Exploratory development data; second development iteration informed by Pilot 1; not independent confirmation; never pooled with the confirmatory held-out estimate,m-scale_conductance-15a5694767,acnet2_pyr_soma,1,P04_step_2x,first_isi,definedness,451.11999999958977,,,9.022399999991796,r-85c49aecb0e07f4c5069,r-6dc406f1fda17a3970d6
neuron_model_behavioral_validation,Neuraxis,development_pilot,PILOT2_PROTOCOL,Exploratory development data; second development iteration informed by Pilot 1; not independent confirmation; never pooled with the confirmatory held-out estimate,m-scale_conductance-15a5694767,acnet2_pyr_soma,1,P04_step_2x,mean_frequency,definedness,4.197007533633466,,,0.5,r-85c49aecb0e07f4c5069,r-6dc406f1fda17a3970d6
neuron_model_behavioral_validation,Neuraxis,development_pilot,PILOT2_PROTOCOL,Exploratory development data; second development iteration informed by Pilot 1; not independent confirmation; never pooled with the confirmatory held-out estimate,m-scale_conductance-15a5694767,acnet2_pyr_soma,1,P05_long_step,burst_count,definedness,1.0,,,0.5,r-f6700284baa99a5ef41f,r-863c3d9774e0a62d793d
neuron_model_behavioral_validation,Neuraxis,development_pilot,PILOT2_PROTOCOL,Exploratory development data; second development iteration informed by Pilot 1; not independent confirmation; never pooled with the confirmatory held-out estimate,m-scale_conductance-15a5694767,acnet2_pyr_soma,1,P05_long_step,firing_regime,categorical,tonic,single_spike,,,r-f6700284baa99a5ef41f,r-863c3d9774e0a62d793d
neuron_model_behavioral_validation,Neuraxis,development_pilot,PILOT2_PROTOCOL,Exploratory development data; second development iteration informed by Pilot 1; not independent confirmation; never pooled with the confirmatory held-out estimate,m-scale_conductance-15a5694767,acnet2_pyr_soma,1,P05_long_step,first_isi,definedness,585.3699999994676,,,11.707399999989352,r-f6700284baa99a5ef41f,r-863c3d9774e0a62d793d
neuron_model_behavioral_validation,Neuraxis,development_pilot,PILOT2_PROTOCOL,Exploratory development data; second development iteration informed by Pilot 1; not independent confirmation; never pooled with the confirmatory held-out estimate,m-scale_conductance-15a5694767,acnet2_pyr_soma,1,P05_long_step,mean_frequency,definedness,2.2267623432228354,,,0.5,r-f6700284baa99a5ef41f,r-863c3d9774e0a62d793d
neuron_model_behavioral_validation,Neuraxis,development_pilot,PILOT2_PROTOCOL,Exploratory development data; second development iteration informed by Pilot 1; not independent confirmation; never pooled with the confirmatory held-out estimate,m-scale_conductance-15a5694767,acnet2_pyr_soma,1,P06_ramp,firing_regime,categorical,tonic,single_spike,,,r-ee8bcdd517fb72ba8d0c,r-c0de12fddd2bd743795c
neuron_model_behavioral_validation,Neuraxis,development_pilot,PILOT2_PROTOCOL,Exploratory development data; second development iteration informed by Pilot 1; not independent confirmation; never pooled with the confirmatory held-out estimate,m-scale_conductance-15a5694767,acnet2_pyr_soma,1,P06_ramp,mean_frequency,definedness,2.240017920145719,,,0.5,r-ee8bcdd517fb72ba8d0c,r-c0de12fddd2bd743795c
neuron_model_behavioral_validation,Neuraxis,development_pilot,PILOT2_PROTOCOL,Exploratory development data; second development iteration informed by Pilot 1; not independent confirmation; never pooled with the confirmatory held-out estimate,m-scale_conductance-15a5694767,acnet2_pyr_soma,2,P04_step_2x,firing_regime,categorical,tonic,single_spike,,,r-16be743cbc8f0485fd82,r-4fbf9adbd0518ad1278d
neuron_model_behavioral_validation,Neuraxis,development_pilot,PILOT2_PROTOCOL,Exploratory development data; second development iteration informed by Pilot 1; not independent confirmation; never pooled with the confirmatory held-out estimate,m-scale_conductance-15a5694767,acnet2_pyr_soma,2,P04_step_2x,first_isi,definedness,450.1799999995906,,,9.022399999991796,r-16be743cbc8f0485fd82,r-4fbf9adbd0518ad1278d
neuron_model_behavioral_validation,Neuraxis,development_pilot,PILOT2_PROTOCOL,Exploratory development data; second development iteration informed by Pilot 1; not independent confirmation; never pooled with the confirmatory held-out estimate,m-scale_conductance-15a5694767,acnet2_pyr_soma,2,P04_step_2x,mean_frequency,definedness,4.2057450477401614,,,0.5,r-16be743cbc8f0485fd82,r-4fbf9adbd0518ad1278d
neuron_model_behavioral_validation,Neuraxis,development_pilot,PILOT2_PROTOCOL,Exploratory development data; second development iteration informed by Pilot 1; not independent confirmation; never pooled with the confirmatory held-out estimate,m-scale_conductance-15a5694767,acnet2_pyr_soma,2,P05_long_step,burst_count,definedness,1.0,,,0.5,r-493fa57e11933a720397,r-a2b160546175a6ecd619
neuron_model_behavioral_validation,Neuraxis,development_pilot,PILOT2_PROTOCOL,Exploratory development data; second development iteration informed by Pilot 1; not independent confirmation; never pooled with the confirmatory held-out estimate,m-scale_conductance-15a5694767,acnet2_pyr_soma,2,P05_long_step,firing_regime,categorical,tonic,single_spike,,,r-493fa57e11933a720397,r-a2b160546175a6ecd619
neuron_model_behavioral_validation,Neuraxis,development_pilot,PILOT2_PROTOCOL,Exploratory development data; second development iteration informed by Pilot 1; not independent confirmation; never pooled with the confirmatory held-out estimate,m-scale_conductance-15a5694767,acnet2_pyr_soma,2,P05_long_step,first_isi,definedness,584.4299999994685,,,11.707399999989352,r-493fa57e11933a720397,r-a2b160546175a6ecd619
neuron_model_behavioral_validation,Neuraxis,development_pilot,PILOT2_PROTOCOL,Exploratory development data; second development iteration informed by Pilot 1; not independent confirmation; never pooled with the confirmatory held-out estimate,m-scale_conductance-15a5694767,acnet2_pyr_soma,2,P05_long_step,mean_frequency,definedness,2.2302884320523764,,,0.5,r-493fa57e11933a720397,r-a2b160546175a6ecd619
neuron_model_behavioral_validation,Neuraxis,development_pilot,PILOT2_PROTOCOL,Exploratory development data; second development iteration informed by Pilot 1; not independent confirmation; never pooled with the confirmatory held-out estimate,m-scale_conductance-15a5694767,acnet2_pyr_soma,2,P06_ramp,firing_regime,categorical,tonic,single_spike,,,r-2e3e935d6ecd1df4b94b,r-955de6e3c4193b290401
neuron_model_behavioral_validation,Neuraxis,development_pilot,PILOT2_PROTOCOL,Exploratory development data; second development iteration informed by Pilot 1; not independent confirmation; never pooled with the confirmatory held-out estimate,m-scale_conductance-15a5694767,acnet2_pyr_soma,2,P06_ramp,mean_frequency,definedness,2.2421273304134544,,,0.5,r-2e3e935d6ecd1df4b94b,r-955de6e3c4193b290401
neuron_model_behavioral_validation,Neuraxis,development_pilot,PILOT2_PROTOCOL,Exploratory development data; second development iteration informed by Pilot 1; not independent confirmation; never pooled with the confirmatory held-out estimate,m-scale_conductance-2ed5496dc2,acnet2_pyr_soma,1,P00_canonical,first_isi,exceeds,18.340000000009383,16.590000000008487,1.7500000000008953,0.5,r-7ce2d1a0f19cc5d24572,r-0e1e94a9d1ff6d8b600b
neuron_model_behavioral_validation,Neuraxis,development_pilot,PILOT2_PROTOCOL,Exploratory development data; second development iteration informed by Pilot 1; not independent confirmation; never pooled with the confirmatory held-out estimate,m-scale_conductance-2ed5496dc2,acnet2_pyr_soma,1,P00_canonical,mean_frequency,exceeds,16.20909735590306,29.946694883130437,13.737597527227376,0.8104548677951531,r-7ce2d1a0f19cc5d24572,r-0e1e94a9d1ff6d8b600b
neuron_model_behavioral_validation,Neuraxis,development_pilot,PILOT2_PROTOCOL,Exploratory development data; second development iteration informed by Pilot 1; not independent confirmation; never pooled with the confirmatory held-out estimate,m-scale_conductance-2ed5496dc2,acnet2_pyr_soma,1,P02_weak_step,baseline_voltage,exceeds,-67.60466311136881,-67.05098762512208,0.5536754862467319,0.5,r-85c49aecb0e07f4c5069,r-c1122fde757e302f00b2
neuron_model_behavioral_validation,Neuraxis,development_pilot,PILOT2_PROTOCOL,Exploratory development data; second development iteration informed by Pilot 1; not independent confirmation; never pooled with the confirmatory held-out estimate,m-scale_conductance-2ed5496dc2,acnet2_pyr_soma,1,P04_step_2x,first_isi,exceeds,451.11999999958977,343.9899999996872,107.12999999990257,9.022399999991796,r-85c49aecb0e07f4c5069,r-c1122fde757e302f00b2
neuron_model_behavioral_validation,Neuraxis,development_pilot,PILOT2_PROTOCOL,Exploratory development data; second development iteration informed by Pilot 1; not independent confirmation; never pooled with the confirmatory held-out estimate,m-scale_conductance-2ed5496dc2,acnet2_pyr_soma,1,P04_step_2x,mean_frequency,exceeds,4.197007533633466,5.467618032211153,1.2706104985776872,0.5,r-85c49aecb0e07f4c5069,r-c1122fde757e302f00b2
neuron_model_behavioral_validation,Neuraxis,development_pilot,PILOT2_PROTOCOL,Exploratory development data; second development iteration informed by Pilot 1; not independent confirmation; never pooled with the confirmatory held-out estimate,m-scale_conductance-2ed5496dc2,acnet2_pyr_soma,1,P05_long_step,first_isi,exceeds,585.3699999994676,405.2299999996315,180.1399999998361,11.707399999989352,r-f6700284baa99a5ef41f,r-5416aa0622f314b55b7a
neuron_model_behavioral_validation,Neuraxis,development_pilot,PILOT2_PROTOCOL,Exploratory development data; second development iteration informed by Pilot 1; not independent confirmation; never pooled with the confirmatory held-out estimate,m-scale_conductance-2ed5496dc2,acnet2_pyr_soma,1,P05_long_step,mean_frequency,exceeds,2.2267623432228354,3.015717921811441,0.7889555785886055,0.5,r-f6700284baa99a5ef41f,r-5416aa0622f314b55b7a
neuron_model_behavioral_validation,Neuraxis,development_pilot,PILOT2_PROTOCOL,Exploratory development data; second development iteration informed by Pilot 1; not independent confirmation; never pooled with the confirmatory held-out estimate,m-scale_conductance-2ed5496dc2,acnet2_pyr_soma,1,P06_ramp,mean_frequency,exceeds,2.240017920145719,3.095368297241123,0.8553503770954038,0.5,r-ee8bcdd517fb72ba8d0c,r-89ba659b087e26fe7720
neuron_model_behavioral_validation,Neuraxis,development_pilot,PILOT2_PROTOCOL,Exploratory development data; second development iteration informed by Pilot 1; not independent confirmation; never pooled with the confirmatory held-out estimate,m-scale_conductance-2ed5496dc2,acnet2_pyr_soma,1,P07_hyperpolarizing_step,baseline_voltage,exceeds,-67.60466311136881,-67.05098762512208,0.5536754862467319,0.5,r-85c49aecb0e07f4c5069,r-c1122fde757e302f00b2
neuron_model_behavioral_validation,Neuraxis,development_pilot,PILOT2_PROTOCOL,Exploratory development data; second development iteration informed by Pilot 1; not independent confirmation; never pooled with the confirmatory held-out estimate,m-scale_conductance-2ed5496dc2,acnet2_pyr_soma,1,P07_hyperpolarizing_step,sag_ratio,exceeds,0.07644029205149086,0.0416788030008504,0.03476148905064046,0.02,r-85c49aecb0e07f4c5069,r-c1122fde757e302f00b2
neuron_model_behavioral_validation,Neuraxis,development_pilot,PILOT2_PROTOCOL,Exploratory development data; second development iteration informed by Pilot 1; not independent confirmation; never pooled with the confirmatory held-out estimate,m-scale_conductance-2ed5496dc2,acnet2_pyr_soma,1,P09_short_pulse,ap_half_width,definedness,,0.5499999999994998,,inf,r-195ba3020e76bc4e3add,r-b3a2414391cd3e8bb790
neuron_model_behavioral_validation,Neuraxis,development_pilot,PILOT2_PROTOCOL,Exploratory development data; second development iteration informed by Pilot 1; not independent confirmation; never pooled with the confirmatory held-out estimate,m-scale_conductance-2ed5496dc2,acnet2_pyr_soma,2,P00_canonical,first_isi,exceeds,18.300000000009362,16.560000000008472,1.7400000000008902,0.5,r-2526a9bbad7e1faa361e,r-87692c27cfd95028290c
neuron_model_behavioral_validation,Neuraxis,development_pilot,PILOT2_PROTOCOL,Exploratory development data; second development iteration informed by Pilot 1; not independent confirmation; never pooled with the confirmatory held-out estimate,m-scale_conductance-2ed5496dc2,acnet2_pyr_soma,2,P00_canonical,mean_frequency,exceeds,16.27074520014227,30.07579099332557,13.8050457931833,0.8104548677951531,r-2526a9bbad7e1faa361e,r-87692c27cfd95028290c
neuron_model_behavioral_validation,Neuraxis,development_pilot,PILOT2_PROTOCOL,Exploratory development data; second development iteration informed by Pilot 1; not independent confirmation; never pooled with the confirmatory held-out estimate,m-scale_conductance-2ed5496dc2,acnet2_pyr_soma,2,P02_weak_step,baseline_voltage,exceeds,-67.60463941446939,-67.05097546641032,0.5536639480590679,0.5,r-16be743cbc8f0485fd82,r-fe15ac2e2967476edf28
neuron_model_behavioral_validation,Neuraxis,development_pilot,PILOT2_PROTOCOL,Exploratory development data; second development iteration informed by Pilot 1; not independent confirmation; never pooled with the confirmatory held-out estimate,m-scale_conductance-2ed5496dc2,acnet2_pyr_soma,2,P04_step_2x,first_isi,exceeds,450.1799999995906,342.94999999968815,107.22999999990247,9.022399999991796,r-16be743cbc8f0485fd82,r-fe15ac2e2967476edf28
neuron_model_behavioral_validation,Neuraxis,development_pilot,PILOT2_PROTOCOL,Exploratory development data; second development iteration informed by Pilot 1; not independent confirmation; never pooled with the confirmatory held-out estimate,m-scale_conductance-2ed5496dc2,acnet2_pyr_soma,2,P04_step_2x,mean_frequency,exceeds,4.2057450477401614,5.483959418707211,1.2782143709670493,0.5,r-16be743cbc8f0485fd82,r-fe15ac2e2967476edf28
neuron_model_behavioral_validation,Neuraxis,development_pilot,PILOT2_PROTOCOL,Exploratory development data; second development iteration informed by Pilot 1; not independent confirmation; never pooled with the confirmatory held-out estimate,m-scale_conductance-2ed5496dc2,acnet2_pyr_soma,2,P05_long_step,first_isi,exceeds,584.4299999994685,404.19999999963244,180.22999999983602,11.707399999989352,r-493fa57e11933a720397,r-f5628dd410e727fcdd3c
neuron_model_behavioral_validation,Neuraxis,development_pilot,PILOT2_PROTOCOL,Exploratory development data; second development iteration informed by Pilot 1; not independent confirmation; never pooled with the confirmatory held-out estimate,m-scale_conductance-2ed5496dc2,acnet2_pyr_soma,2,P05_long_step,mean_frequency,exceeds,2.2302884320523764,3.023212223454645,0.7929237914022687,0.5,r-493fa57e11933a720397,r-f5628dd410e727fcdd3c
neuron_model_behavioral_validation,Neuraxis,development_pilot,PILOT2_PROTOCOL,Exploratory development data; second development iteration informed by Pilot 1; not independent confirmation; never pooled with the confirmatory held-out estimate,m-scale_conductance-2ed5496dc2,acnet2_pyr_soma,2,P06_ramp,mean_frequency,exceeds,2.2421273304134544,3.1005829095902318,0.8584555791767774,0.5,r-2e3e935d6ecd1df4b94b,r-3195a146caa5b6670ac5
neuron_model_behavioral_validation,Neuraxis,development_pilot,PILOT2_PROTOCOL,Exploratory development data; second development iteration informed by Pilot 1; not independent confirmation; never pooled with the confirmatory held-out estimate,m-scale_conductance-2ed5496dc2,acnet2_pyr_soma,2,P07_hyperpolarizing_step,baseline_voltage,exceeds,-67.60463941446939,-67.05097546641032,0.5536639480590679,0.5,r-16be743cbc8f0485fd82,r-fe15ac2e2967476edf28
neuron_model_behavioral_validation,Neuraxis,development_pilot,PILOT2_PROTOCOL,Exploratory development data; second development iteration informed by Pilot 1; not independent confirmation; never pooled with the confirmatory held-out estimate,m-scale_conductance-2ed5496dc2,acnet2_pyr_soma,2,P07_hyperpolarizing_step,sag_ratio,exceeds,0.07643158331354749,0.041672857855546454,0.03475872545800104,0.02,r-16be743cbc8f0485fd82,r-fe15ac2e2967476edf28
neuron_model_behavioral_validation,Neuraxis,development_pilot,PILOT2_PROTOCOL,Exploratory development data; second development iteration informed by Pilot 1; not independent confirmation; never pooled with the confirmatory held-out estimate,m-scale_conductance-2ed5496dc2,acnet2_pyr_soma,2,P09_short_pulse,ap_half_width,definedness,,0.5499999999994998,,inf,r-eb52f398ba2e116da449,r-4e776fb480844a40f9c2
neuron_model_behavioral_validation,Neuraxis,development_pilot,PILOT2_PROTOCOL,Exploratory development data; second development iteration informed by Pilot 1; not independent confirmation; never pooled with the confirmatory held-out estimate,m-scale_conductance-2dc7e425d7,acnet2_pyr_soma,1,P00_canonical,ap_half_width,exceeds,0.5800000000002967,0.6400000000003274,0.060000000000030695,0.05,r-7ce2d1a0f19cc5d24572,r-5930454d481e53940212
neuron_model_behavioral_validation,Neuraxis,development_pilot,PILOT2_PROTOCOL,Exploratory development data; second development iteration informed by Pilot 1; not independent confirmation; never pooled with the confirmatory held-out estimate,m-scale_conductance-2dc7e425d7,acnet2_pyr_soma,1,P00_canonical,first_isi,exceeds,18.340000000009383,129.12999999991843,110.78999999990904,0.5,r-7ce2d1a0f19cc5d24572,r-5930454d481e53940212
neuron_model_behavioral_validation,Neuraxis,development_pilot,PILOT2_PROTOCOL,Exploratory development data; second development iteration informed by Pilot 1; not independent confirmation; never pooled with the confirmatory held-out estimate,m-scale_conductance-2dc7e425d7,acnet2_pyr_soma,1,P00_canonical,mean_frequency,exceeds,16.20909735590306,8.70814647103002,7.500950884873042,0.8104548677951531,r-7ce2d1a0f19cc5d24572,r-5930454d481e53940212
neuron_model_behavioral_validation,Neuraxis,development_pilot,PILOT2_PROTOCOL,Exploratory development data; second development iteration informed by Pilot 1; not independent confirmation; never pooled with the confirmatory held-out estimate,m-scale_conductance-2dc7e425d7,acnet2_pyr_soma,1,P02_weak_step,baseline_voltage,exceeds,-67.60466311136881,-68.36346986134846,0.7588067499796551,0.5,r-85c49aecb0e07f4c5069,r-43bfb2e52ad234532b8e
neuron_model_behavioral_validation,Neuraxis,development_pilot,PILOT2_PROTOCOL,Exploratory development data; second development iteration informed by Pilot 1; not independent confirmation; never pooled with the confirmatory held-out estimate,m-scale_conductance-2dc7e425d7,acnet2_pyr_soma,1,P04_step_2x,firing_regime,categorical,tonic,single_spike,,,r-85c49aecb0e07f4c5069,r-43bfb2e52ad234532b8e
neuron_model_behavioral_validation,Neuraxis,development_pilot,PILOT2_PROTOCOL,Exploratory development data; second development iteration informed by Pilot 1; not independent confirmation; never pooled with the confirmatory held-out estimate,m-scale_conductance-2dc7e425d7,acnet2_pyr_soma,1,P04_step_2x,first_isi,definedness,451.11999999958977,,,9.022399999991796,r-85c49aecb0e07f4c5069,r-43bfb2e52ad234532b8e
neuron_model_behavioral_validation,Neuraxis,development_pilot,PILOT2_PROTOCOL,Exploratory development data; second development iteration informed by Pilot 1; not independent confirmation; never pooled with the confirmatory held-out estimate,m-scale_conductance-2dc7e425d7,acnet2_pyr_soma,1,P04_step_2x,mean_frequency,definedness,4.197007533633466,,,0.5,r-85c49aecb0e07f4c5069,r-43bfb2e52ad234532b8e
neuron_model_behavioral_validation,Neuraxis,development_pilot,PILOT2_PROTOCOL,Exploratory development data; second development iteration informed by Pilot 1; not independent confirmation; never pooled with the confirmatory held-out estimate,m-scale_conductance-2dc7e425d7,acnet2_pyr_soma,1,P05_long_step,burst_count,definedness,1.0,,,0.5,r-f6700284baa99a5ef41f,r-5c7252a122a3efd754f0
neuron_model_behavioral_validation,Neuraxis,development_pilot,PILOT2_PROTOCOL,Exploratory development data; second development iteration informed by Pilot 1; not independent confirmation; never pooled with the confirmatory held-out estimate,m-scale_conductance-2dc7e425d7,acnet2_pyr_soma,1,P05_long_step,firing_regime,categorical,tonic,single_spike,,,r-f6700284baa99a5ef41f,r-5c7252a122a3efd754f0
neuron_model_behavioral_validation,Neuraxis,development_pilot,PILOT2_PROTOCOL,Exploratory development data; second development iteration informed by Pilot 1; not independent confirmation; never pooled with the confirmatory held-out estimate,m-scale_conductance-2dc7e425d7,acnet2_pyr_soma,1,P05_long_step,first_isi,definedness,585.3699999994676,,,11.707399999989352,r-f6700284baa99a5ef41f,r-5c7252a122a3efd754f0
neuron_model_behavioral_validation,Neuraxis,development_pilot,PILOT2_PROTOCOL,Exploratory development data; second development iteration informed by Pilot 1; not independent confirmation; never pooled with the confirmatory held-out estimate,m-scale_conductance-2dc7e425d7,acnet2_pyr_soma,1,P05_long_step,mean_frequency,definedness,2.2267623432228354,,,0.5,r-f6700284baa99a5ef41f,r-5c7252a122a3efd754f0
neuron_model_behavioral_validation,Neuraxis,development_pilot,PILOT2_PROTOCOL,Exploratory development data; second development iteration informed by Pilot 1; not independent confirmation; never pooled with the confirmatory held-out estimate,m-scale_conductance-2dc7e425d7,acnet2_pyr_soma,1,P06_ramp,firing_regime,categorical,tonic,single_spike,,,r-ee8bcdd517fb72ba8d0c,r-961e77a44163320f453b
neuron_model_behavioral_validation,Neuraxis,development_pilot,PILOT2_PROTOCOL,Exploratory development data; second development iteration informed by Pilot 1; not independent confirmation; never pooled with the confirmatory held-out estimate,m-scale_conductance-2dc7e425d7,acnet2_pyr_soma,1,P06_ramp,mean_frequency,definedness,2.240017920145719,,,0.5,r-ee8bcdd517fb72ba8d0c,r-961e77a44163320f453b
neuron_model_behavioral_validation,Neuraxis,development_pilot,PILOT2_PROTOCOL,Exploratory development data; second development iteration informed by Pilot 1; not independent confirmation; never pooled with the confirmatory held-out estimate,m-scale_conductance-2dc7e425d7,acnet2_pyr_soma,1,P07_hyperpolarizing_step,baseline_voltage,exceeds,-67.60466311136881,-68.36346986134846,0.7588067499796551,0.5,r-85c49aecb0e07f4c5069,r-43bfb2e52ad234532b8e
neuron_model_behavioral_validation,Neuraxis,development_pilot,PILOT2_PROTOCOL,Exploratory development data; second development iteration informed by Pilot 1; not independent confirmation; never pooled with the confirmatory held-out estimate,m-scale_conductance-2dc7e425d7,acnet2_pyr_soma,1,P07_hyperpolarizing_step,sag_ratio,exceeds,0.07644029205149086,0.1268185474060473,0.05037825535455645,0.02,r-85c49aecb0e07f4c5069,r-43bfb2e52ad234532b8e
neuron_model_behavioral_validation,Neuraxis,development_pilot,PILOT2_PROTOCOL,Exploratory development data; second development iteration informed by Pilot 1; not independent confirmation; never pooled with the confirmatory held-out estimate,m-scale_conductance-2dc7e425d7,acnet2_pyr_soma,1,P07_hyperpolarizing_step,voltage_deflection,exceeds,-3.20957711995446,-2.6576786173502853,0.5518985026041747,0.5,r-85c49aecb0e07f4c5069,r-43bfb2e52ad234532b8e
neuron_model_behavioral_validation,Neuraxis,development_pilot,PILOT2_PROTOCOL,Exploratory development data; second development iteration informed by Pilot 1; not independent confirmation; never pooled with the confirmatory held-out estimate,m-scale_conductance-2dc7e425d7,acnet2_pyr_soma,2,P00_canonical,ap_half_width,exceeds,0.5800000000002967,0.6400000000003274,0.060000000000030695,0.05,r-2526a9bbad7e1faa361e,r-e98d1a626d036379099e
neuron_model_behavioral_validation,Neuraxis,development_pilot,PILOT2_PROTOCOL,Exploratory development data; second development iteration informed by Pilot 1; not independent confirmation; never pooled with the confirmatory held-out estimate,m-scale_conductance-2dc7e425d7,acnet2_pyr_soma,2,P00_canonical,first_isi,exceeds,18.300000000009362,128.70999999991884,110.40999999990947,0.5,r-2526a9bbad7e1faa361e,r-e98d1a626d036379099e
neuron_model_behavioral_validation,Neuraxis,development_pilot,PILOT2_PROTOCOL,Exploratory development data; second development iteration informed by Pilot 1; not independent confirmation; never pooled with the confirmatory held-out estimate,m-scale_conductance-2dc7e425d7,acnet2_pyr_soma,2,P00_canonical,mean_frequency,exceeds,16.27074520014227,8.728669314369414,7.542075885772855,0.8104548677951531,r-2526a9bbad7e1faa361e,r-e98d1a626d036379099e
neuron_model_behavioral_validation,Neuraxis,development_pilot,PILOT2_PROTOCOL,Exploratory development data; second development iteration informed by Pilot 1; not independent confirmation; never pooled with the confirmatory held-out estimate,m-scale_conductance-2dc7e425d7,acnet2_pyr_soma,2,P02_weak_step,baseline_voltage,exceeds,-67.60463941446939,-68.36342612202962,0.7587867075602333,0.5,r-16be743cbc8f0485fd82,r-2493dc2c5a977c0f843e
neuron_model_behavioral_validation,Neuraxis,development_pilot,PILOT2_PROTOCOL,Exploratory development data; second development iteration informed by Pilot 1; not independent confirmation; never pooled with the confirmatory held-out estimate,m-scale_conductance-2dc7e425d7,acnet2_pyr_soma,2,P04_step_2x,firing_regime,categorical,tonic,single_spike,,,r-16be743cbc8f0485fd82,r-2493dc2c5a977c0f843e
neuron_model_behavioral_validation,Neuraxis,development_pilot,PILOT2_PROTOCOL,Exploratory development data; second development iteration informed by Pilot 1; not independent confirmation; never pooled with the confirmatory held-out estimate,m-scale_conductance-2dc7e425d7,acnet2_pyr_soma,2,P04_step_2x,first_isi,definedness,450.1799999995906,,,9.022399999991796,r-16be743cbc8f0485fd82,r-2493dc2c5a977c0f843e
neuron_model_behavioral_validation,Neuraxis,development_pilot,PILOT2_PROTOCOL,Exploratory development data; second development iteration informed by Pilot 1; not independent confirmation; never pooled with the confirmatory held-out estimate,m-scale_conductance-2dc7e425d7,acnet2_pyr_soma,2,P04_step_2x,mean_frequency,definedness,4.2057450477401614,,,0.5,r-16be743cbc8f0485fd82,r-2493dc2c5a977c0f843e
neuron_model_behavioral_validation,Neuraxis,development_pilot,PILOT2_PROTOCOL,Exploratory development data; second development iteration informed by Pilot 1; not independent confirmation; never pooled with the confirmatory held-out estimate,m-scale_conductance-2dc7e425d7,acnet2_pyr_soma,2,P05_long_step,burst_count,definedness,1.0,,,0.5,r-493fa57e11933a720397,r-a01083ba7f4ad57483ac
neuron_model_behavioral_validation,Neuraxis,development_pilot,PILOT2_PROTOCOL,Exploratory development data; second development iteration informed by Pilot 1; not independent confirmation; never pooled with the confirmatory held-out estimate,m-scale_conductance-2dc7e425d7,acnet2_pyr_soma,2,P05_long_step,firing_regime,categorical,tonic,single_spike,,,r-493fa57e11933a720397,r-a01083ba7f4ad57483ac
neuron_model_behavioral_validation,Neuraxis,development_pilot,PILOT2_PROTOCOL,Exploratory development data; second development iteration informed by Pilot 1; not independent confirmation; never pooled with the confirmatory held-out estimate,m-scale_conductance-2dc7e425d7,acnet2_pyr_soma,2,P05_long_step,first_isi,definedness,584.4299999994685,,,11.707399999989352,r-493fa57e11933a720397,r-a01083ba7f4ad57483ac
neuron_model_behavioral_validation,Neuraxis,development_pilot,PILOT2_PROTOCOL,Exploratory development data; second development iteration informed by Pilot 1; not independent confirmation; never pooled with the confirmatory held-out estimate,m-scale_conductance-2dc7e425d7,acnet2_pyr_soma,2,P05_long_step,mean_frequency,definedness,2.2302884320523764,,,0.5,r-493fa57e11933a720397,r-a01083ba7f4ad57483ac
neuron_model_behavioral_validation,Neuraxis,development_pilot,PILOT2_PROTOCOL,Exploratory development data; second development iteration informed by Pilot 1; not independent confirmation; never pooled with the confirmatory held-out estimate,m-scale_conductance-2dc7e425d7,acnet2_pyr_soma,2,P06_ramp,firing_regime,categorical,tonic,single_spike,,,r-2e3e935d6ecd1df4b94b,r-28570166f27e855eeaaf
neuron_model_behavioral_validation,Neuraxis,development_pilot,PILOT2_PROTOCOL,Exploratory development data; second development iteration informed by Pilot 1; not independent confirmation; never pooled with the confirmatory held-out estimate,m-scale_conductance-2dc7e425d7,acnet2_pyr_soma,2,P06_ramp,mean_frequency,definedness,2.2421273304134544,,,0.5,r-2e3e935d6ecd1df4b94b,r-28570166f27e855eeaaf
neuron_model_behavioral_validation,Neuraxis,development_pilot,PILOT2_PROTOCOL,Exploratory development data; second development iteration informed by Pilot 1; not independent confirmation; never pooled with the confirmatory held-out estimate,m-scale_conductance-2dc7e425d7,acnet2_pyr_soma,2,P07_hyperpolarizing_step,baseline_voltage,exceeds,-67.60463941446939,-68.36342612202962,0.7587867075602333,0.5,r-16be743cbc8f0485fd82,r-2493dc2c5a977c0f843e
neuron_model_behavioral_validation,Neuraxis,development_pilot,PILOT2_PROTOCOL,Exploratory development data; second development iteration informed by Pilot 1; not independent confirmation; never pooled with the confirmatory held-out estimate,m-scale_conductance-2dc7e425d7,acnet2_pyr_soma,2,P07_hyperpolarizing_step,sag_ratio,exceeds,0.07643158331354749,0.12680776895599197,0.050376185642444476,0.02,r-16be743cbc8f0485fd82,r-2493dc2c5a977c0f843e
neuron_model_behavioral_validation,Neuraxis,development_pilot,PILOT2_PROTOCOL,Exploratory development data; second development iteration informed by Pilot 1; not independent confirmation; never pooled with the confirmatory held-out estimate,m-scale_conductance-2dc7e425d7,acnet2_pyr_soma,2,P07_hyperpolarizing_step,voltage_deflection,exceeds,-3.209601085408565,-2.6577229685465795,0.5518781168619853,0.5,r-16be743cbc8f0485fd82,r-2493dc2c5a977c0f843e
neuron_model_behavioral_validation,Neuraxis,development_pilot,PILOT2_PROTOCOL,Exploratory development data; second development iteration informed by Pilot 1; not independent confirmation; never pooled with the confirmatory held-out estimate,m-shift_reversal-3400b10721,acnet2_pyr_soma,1,P00_canonical,first_isi,exceeds,18.340000000009383,17.36000000000888,0.9800000000005014,0.5,r-7ce2d1a0f19cc5d24572,r-2da37e0e72678eff37b7
neuron_model_behavioral_validation,Neuraxis,development_pilot,PILOT2_PROTOCOL,Exploratory development data; second development iteration informed by Pilot 1; not independent confirmation; never pooled with the confirmatory held-out estimate,m-shift_reversal-3400b10721,acnet2_pyr_soma,1,P00_canonical,mean_frequency,exceeds,16.20909735590306,29.99760019200704,13.78850283610398,0.8104548677951531,r-7ce2d1a0f19cc5d24572,r-2da37e0e72678eff37b7
neuron_model_behavioral_validation,Neuraxis,development_pilot,PILOT2_PROTOCOL,Exploratory development data; second development iteration informed by Pilot 1; not independent confirmation; never pooled with the confirmatory held-out estimate,m-shift_reversal-3400b10721,acnet2_pyr_soma,1,P02_weak_step,baseline_voltage,exceeds,-67.60466311136881,-66.59922275288899,1.0054403584798166,0.5,r-85c49aecb0e07f4c5069,r-66cca1fd06302306e115
neuron_model_behavioral_validation,Neuraxis,development_pilot,PILOT2_PROTOCOL,Exploratory development data; second development iteration informed by Pilot 1; not independent confirmation; never pooled with the confirmatory held-out estimate,m-shift_reversal-3400b10721,acnet2_pyr_soma,1,P04_step_2x,first_isi,exceeds,451.11999999958977,368.55999999966485,82.55999999992491,9.022399999991796,r-85c49aecb0e07f4c5069,r-66cca1fd06302306e115
neuron_model_behavioral_validation,Neuraxis,development_pilot,PILOT2_PROTOCOL,Exploratory development data; second development iteration informed by Pilot 1; not independent confirmation; never pooled with the confirmatory held-out estimate,m-shift_reversal-3400b10721,acnet2_pyr_soma,1,P04_step_2x,mean_frequency,exceeds,4.197007533633466,5.14297469657086,0.9459671629373947,0.5,r-85c49aecb0e07f4c5069,r-66cca1fd06302306e115
neuron_model_behavioral_validation,Neuraxis,development_pilot,PILOT2_PROTOCOL,Exploratory development data; second development iteration informed by Pilot 1; not independent confirmation; never pooled with the confirmatory held-out estimate,m-shift_reversal-3400b10721,acnet2_pyr_soma,1,P05_long_step,first_isi,exceeds,585.3699999994676,429.91999999960905,155.44999999985856,11.707399999989352,r-f6700284baa99a5ef41f,r-0a1178edf3f7cd297371
neuron_model_behavioral_validation,Neuraxis,development_pilot,PILOT2_PROTOCOL,Exploratory development data; second development iteration informed by Pilot 1; not independent confirmation; never pooled with the confirmatory held-out estimate,m-shift_reversal-3400b10721,acnet2_pyr_soma,1,P05_long_step,mean_frequency,exceeds,2.2267623432228354,2.851846570657106,0.6250842274342707,0.5,r-f6700284baa99a5ef41f,r-0a1178edf3f7cd297371
neuron_model_behavioral_validation,Neuraxis,development_pilot,PILOT2_PROTOCOL,Exploratory development data; second development iteration informed by Pilot 1; not independent confirmation; never pooled with the confirmatory held-out estimate,m-shift_reversal-3400b10721,acnet2_pyr_soma,1,P06_ramp,mean_frequency,exceeds,2.240017920145719,3.0086951289257082,0.7686772087799891,0.5,r-ee8bcdd517fb72ba8d0c,r-e5447bd45f73717a8249
neuron_model_behavioral_validation,Neuraxis,development_pilot,PILOT2_PROTOCOL,Exploratory development data; second development iteration informed by Pilot 1; not independent confirmation; never pooled with the confirmatory held-out estimate,m-shift_reversal-3400b10721,acnet2_pyr_soma,1,P07_hyperpolarizing_step,baseline_voltage,exceeds,-67.60466311136881,-66.59922275288899,1.0054403584798166,0.5,r-85c49aecb0e07f4c5069,r-66cca1fd06302306e115
neuron_model_behavioral_validation,Neuraxis,development_pilot,PILOT2_PROTOCOL,Exploratory development data; second development iteration informed by Pilot 1; not independent confirmation; never pooled with the confirmatory held-out estimate,m-shift_reversal-3400b10721,acnet2_pyr_soma,1,P07_hyperpolarizing_step,minimum_voltage,exceeds,-71.07988739013672,-70.15815734863281,0.9217300415039062,0.5,r-85c49aecb0e07f4c5069,r-66cca1fd06302306e115
neuron_model_behavioral_validation,Neuraxis,development_pilot,PILOT2_PROTOCOL,Exploratory development data; second development iteration informed by Pilot 1; not independent confirmation; never pooled with the confirmatory held-out estimate,m-shift_reversal-3400b10721,acnet2_pyr_soma,1,P07_hyperpolarizing_step,sag_ratio,exceeds,0.07644029205149086,2.9002521910951622e-05,0.07641128952957991,0.02,r-85c49aecb0e07f4c5069,r-66cca1fd06302306e115
neuron_model_behavioral_validation,Neuraxis,development_pilot,PILOT2_PROTOCOL,Exploratory development data; second development iteration informed by Pilot 1; not independent confirmation; never pooled with the confirmatory held-out estimate,m-shift_reversal-3400b10721,acnet2_pyr_soma,1,P09_short_pulse,ap_half_width,definedness,,0.5699999999994816,,inf,r-195ba3020e76bc4e3add,r-b87c611d902701375e8f
neuron_model_behavioral_validation,Neuraxis,development_pilot,PILOT2_PROTOCOL,Exploratory development data; second development iteration informed by Pilot 1; not independent confirmation; never pooled with the confirmatory held-out estimate,m-shift_reversal-3400b10721,acnet2_pyr_soma,2,P00_canonical,first_isi,exceeds,18.300000000009362,17.330000000008866,0.9700000000004962,0.5,r-2526a9bbad7e1faa361e,r-67c697e8dc958075dda0
neuron_model_behavioral_validation,Neuraxis,development_pilot,PILOT2_PROTOCOL,Exploratory development data; second development iteration informed by Pilot 1; not independent confirmation; never pooled with the confirmatory held-out estimate,m-shift_reversal-3400b10721,acnet2_pyr_soma,2,P00_canonical,mean_frequency,exceeds,16.27074520014227,30.10536879079015,13.83462359064788,0.8104548677951531,r-2526a9bbad7e1faa361e,r-67c697e8dc958075dda0
neuron_model_behavioral_validation,Neuraxis,development_pilot,PILOT2_PROTOCOL,Exploratory development data; second development iteration informed by Pilot 1; not independent confirmation; never pooled with the confirmatory held-out estimate,m-shift_reversal-3400b10721,acnet2_pyr_soma,2,P02_weak_step,baseline_voltage,exceeds,-67.60463941446939,-66.59921313222249,1.0054262822469013,0.5,r-16be743cbc8f0485fd82,r-c03ae52a5f573ff2f740
neuron_model_behavioral_validation,Neuraxis,development_pilot,PILOT2_PROTOCOL,Exploratory development data; second development iteration informed by Pilot 1; not independent confirmation; never pooled with the confirmatory held-out estimate,m-shift_reversal-3400b10721,acnet2_pyr_soma,2,P04_step_2x,first_isi,exceeds,450.1799999995906,367.6099999996657,82.5699999999249,9.022399999991796,r-16be743cbc8f0485fd82,r-c03ae52a5f573ff2f740
neuron_model_behavioral_validation,Neuraxis,development_pilot,PILOT2_PROTOCOL,Exploratory development data; second development iteration informed by Pilot 1; not independent confirmation; never pooled with the confirmatory held-out estimate,m-shift_reversal-3400b10721,acnet2_pyr_soma,2,P04_step_2x,mean_frequency,exceeds,4.2057450477401614,5.156233886775492,0.950488839035331,0.5,r-16be743cbc8f0485fd82,r-c03ae52a5f573ff2f740
neuron_model_behavioral_validation,Neuraxis,development_pilot,PILOT2_PROTOCOL,Exploratory development data; second development iteration informed by Pilot 1; not independent confirmation; never pooled with the confirmatory held-out estimate,m-shift_reversal-3400b10721,acnet2_pyr_soma,2,P05_long_step,first_isi,exceeds,584.4299999994685,428.9599999996099,155.46999999985854,11.707399999989352,r-493fa57e11933a720397,r-77ba738752aa90a420db
neuron_model_behavioral_validation,Neuraxis,development_pilot,PILOT2_PROTOCOL,Exploratory development data; second development iteration informed by Pilot 1; not independent confirmation; never pooled with the confirmatory held-out estimate,m-shift_reversal-3400b10721,acnet2_pyr_soma,2,P05_long_step,mean_frequency,exceeds,2.2302884320523764,2.8580737726029732,0.6277853405505969,0.5,r-493fa57e11933a720397,r-77ba738752aa90a420db
neuron_model_behavioral_validation,Neuraxis,development_pilot,PILOT2_PROTOCOL,Exploratory development data; second development iteration informed by Pilot 1; not independent confirmation; never pooled with the confirmatory held-out estimate,m-shift_reversal-3400b10721,acnet2_pyr_soma,2,P06_ramp,mean_frequency,exceeds,2.2421273304134544,3.013288602741202,0.7711612723277477,0.5,r-2e3e935d6ecd1df4b94b,r-220c6e8b818ce9049e9e
neuron_model_behavioral_validation,Neuraxis,development_pilot,PILOT2_PROTOCOL,Exploratory development data; second development iteration informed by Pilot 1; not independent confirmation; never pooled with the confirmatory held-out estimate,m-shift_reversal-3400b10721,acnet2_pyr_soma,2,P07_hyperpolarizing_step,baseline_voltage,exceeds,-67.60463941446939,-66.59921313222249,1.0054262822469013,0.5,r-16be743cbc8f0485fd82,r-c03ae52a5f573ff2f740
neuron_model_behavioral_validation,Neuraxis,development_pilot,PILOT2_PROTOCOL,Exploratory development data; second development iteration informed by Pilot 1; not independent confirmation; never pooled with the confirmatory held-out estimate,m-shift_reversal-3400b10721,acnet2_pyr_soma,2,P07_hyperpolarizing_step,minimum_voltage,exceeds,-71.0798568725586,-70.15815734863281,0.9216995239257812,0.5,r-16be743cbc8f0485fd82,r-c03ae52a5f573ff2f740
neuron_model_behavioral_validation,Neuraxis,development_pilot,PILOT2_PROTOCOL,Exploratory development data; second development iteration informed by Pilot 1; not independent confirmation; never pooled with the confirmatory held-out estimate,m-shift_reversal-3400b10721,acnet2_pyr_soma,2,P07_hyperpolarizing_step,sag_ratio,exceeds,0.07643158331354749,2.896557145430251e-05,0.07640261774209318,0.02,r-16be743cbc8f0485fd82,r-c03ae52a5f573ff2f740
neuron_model_behavioral_validation,Neuraxis,development_pilot,PILOT2_PROTOCOL,Exploratory development data; second development iteration informed by Pilot 1; not independent confirmation; never pooled with the confirmatory held-out estimate,m-shift_reversal-3400b10721,acnet2_pyr_soma,2,P09_short_pulse,ap_half_width,definedness,,0.5699999999994816,,inf,r-eb52f398ba2e116da449,r-05a9522147cc646e5857
neuron_model_behavioral_validation,Neuraxis,development_pilot,PILOT2_PROTOCOL,Exploratory development data; second development iteration informed by Pilot 1; not independent confirmation; never pooled with the confirmatory held-out estimate,m-shift_reversal-2c628fb0f6,acnet2_pyr_soma,1,P00_canonical,baseline_voltage,exceeds,-65.95622943333215,-72.40385193961006,6.447622506277909,0.5,r-7ce2d1a0f19cc5d24572,r-a2a47d0560066a50aee0
neuron_model_behavioral_validation,Neuraxis,development_pilot,PILOT2_PROTOCOL,Exploratory development data; second development iteration informed by Pilot 1; not independent confirmation; never pooled with the confirmatory held-out estimate,m-shift_reversal-2c628fb0f6,acnet2_pyr_soma,1,P00_canonical,first_isi,exceeds,18.340000000009383,24.710000000009614,6.370000000000232,0.5,r-7ce2d1a0f19cc5d24572,r-a2a47d0560066a50aee0
neuron_model_behavioral_validation,Neuraxis,development_pilot,PILOT2_PROTOCOL,Exploratory development data; second development iteration informed by Pilot 1; not independent confirmation; never pooled with the confirmatory held-out estimate,m-shift_reversal-2c628fb0f6,acnet2_pyr_soma,1,P02_weak_step,baseline_voltage,exceeds,-67.60466311136881,-69.48894535827682,1.8842822469080147,0.5,r-85c49aecb0e07f4c5069,r-dc905c17af1e27b88607
neuron_model_behavioral_validation,Neuraxis,development_pilot,PILOT2_PROTOCOL,Exploratory development data; second development iteration informed by Pilot 1; not independent confirmation; never pooled with the confirmatory held-out estimate,m-shift_reversal-2c628fb0f6,acnet2_pyr_soma,1,P02_weak_step,voltage_deflection,exceeds,1.3910185084025102,0.1604334945547805,1.2305850138477297,0.5,r-85c49aecb0e07f4c5069,r-dc905c17af1e27b88607
neuron_model_behavioral_validation,Neuraxis,development_pilot,PILOT2_PROTOCOL,Exploratory development data; second development iteration informed by Pilot 1; not independent confirmation; never pooled with the confirmatory held-out estimate,m-shift_reversal-2c628fb0f6,acnet2_pyr_soma,1,P04_step_2x,first_isi,exceeds,451.11999999958977,361.3599999996714,89.75999999991836,9.022399999991796,r-85c49aecb0e07f4c5069,r-dc905c17af1e27b88607
neuron_model_behavioral_validation,Neuraxis,development_pilot,PILOT2_PROTOCOL,Exploratory development data; second development iteration informed by Pilot 1; not independent confirmation; never pooled with the confirmatory held-out estimate,m-shift_reversal-2c628fb0f6,acnet2_pyr_soma,1,P05_long_step,first_isi,exceeds,585.3699999994676,392.1699999996434,193.19999999982423,11.707399999989352,r-f6700284baa99a5ef41f,r-33802259fdf4ebeb0ff1
neuron_model_behavioral_validation,Neuraxis,development_pilot,PILOT2_PROTOCOL,Exploratory development data; second development iteration informed by Pilot 1; not independent confirmation; never pooled with the confirmatory held-out estimate,m-shift_reversal-2c628fb0f6,acnet2_pyr_soma,1,P05_long_step,mean_frequency,exceeds,2.2267623432228354,2.995375140785585,0.7686127975627497,0.5,r-f6700284baa99a5ef41f,r-33802259fdf4ebeb0ff1
neuron_model_behavioral_validation,Neuraxis,development_pilot,PILOT2_PROTOCOL,Exploratory development data; second development iteration informed by Pilot 1; not independent confirmation; never pooled with the confirmatory held-out estimate,m-shift_reversal-2c628fb0f6,acnet2_pyr_soma,1,P06_ramp,mean_frequency,exceeds,2.240017920145719,3.2809834201005597,1.0409654999548406,0.5,r-ee8bcdd517fb72ba8d0c,r-8c27f3a2840f4439e847
neuron_model_behavioral_validation,Neuraxis,development_pilot,PILOT2_PROTOCOL,Exploratory development data; second development iteration informed by Pilot 1; not independent confirmation; never pooled with the confirmatory held-out estimate,m-shift_reversal-2c628fb0f6,acnet2_pyr_soma,1,P07_hyperpolarizing_step,baseline_voltage,exceeds,-67.60466311136881,-69.48894535827682,1.8842822469080147,0.5,r-85c49aecb0e07f4c5069,r-dc905c17af1e27b88607
neuron_model_behavioral_validation,Neuraxis,development_pilot,PILOT2_PROTOCOL,Exploratory development data; second development iteration informed by Pilot 1; not independent confirmation; never pooled with the confirmatory held-out estimate,m-shift_reversal-2c628fb0f6,acnet2_pyr_soma,1,P07_hyperpolarizing_step,minimum_voltage,exceeds,-71.07988739013672,-70.40033721923828,0.6795501708984375,0.5,r-85c49aecb0e07f4c5069,r-dc905c17af1e27b88607
neuron_model_behavioral_validation,Neuraxis,development_pilot,PILOT2_PROTOCOL,Exploratory development data; second development iteration informed by Pilot 1; not independent confirmation; never pooled with the confirmatory held-out estimate,m-shift_reversal-2c628fb0f6,acnet2_pyr_soma,1,P07_hyperpolarizing_step,sag_ratio,definedness,0.07644029205149086,,,0.02,r-85c49aecb0e07f4c5069,r-dc905c17af1e27b88607
neuron_model_behavioral_validation,Neuraxis,development_pilot,PILOT2_PROTOCOL,Exploratory development data; second development iteration informed by Pilot 1; not independent confirmation; never pooled with the confirmatory held-out estimate,m-shift_reversal-2c628fb0f6,acnet2_pyr_soma,1,P07_hyperpolarizing_step,voltage_deflection,exceeds,-3.20957711995446,2.283280029297302,5.492857149251762,0.5,r-85c49aecb0e07f4c5069,r-dc905c17af1e27b88607
neuron_model_behavioral_validation,Neuraxis,development_pilot,PILOT2_PROTOCOL,Exploratory development data; second development iteration informed by Pilot 1; not independent confirmation; never pooled with the confirmatory held-out estimate,m-shift_reversal-2c628fb0f6,acnet2_pyr_soma,1,P08_rebound,firing_regime,categorical,silent,single_spike,,,r-2d208cbc545dcf997d15,r-68ca7cfdd63afceef5f0
neuron_model_behavioral_validation,Neuraxis,development_pilot,PILOT2_PROTOCOL,Exploratory development data; second development iteration informed by Pilot 1; not independent confirmation; never pooled with the confirmatory held-out estimate,m-shift_reversal-2c628fb0f6,acnet2_pyr_soma,1,P08_rebound,maximum_voltage,exceeds,-66.67127990722656,45.441635129438644,112.11291503666521,1.0,r-2d208cbc545dcf997d15,r-68ca7cfdd63afceef5f0
neuron_model_behavioral_validation,Neuraxis,development_pilot,PILOT2_PROTOCOL,Exploratory development data; second development iteration informed by Pilot 1; not independent confirmation; never pooled with the confirmatory held-out estimate,m-shift_reversal-2c628fb0f6,acnet2_pyr_soma,2,P00_canonical,baseline_voltage,exceeds,-65.9562579345703,-72.3964661516462,6.440208217075892,0.5,r-2526a9bbad7e1faa361e,r-bed3817d91c9b8c6e9e4
neuron_model_behavioral_validation,Neuraxis,development_pilot,PILOT2_PROTOCOL,Exploratory development data; second development iteration informed by Pilot 1; not independent confirmation; never pooled with the confirmatory held-out estimate,m-shift_reversal-2c628fb0f6,acnet2_pyr_soma,2,P00_canonical,first_isi,exceeds,18.300000000009362,24.590000000009752,6.29000000000039,0.5,r-2526a9bbad7e1faa361e,r-bed3817d91c9b8c6e9e4
neuron_model_behavioral_validation,Neuraxis,development_pilot,PILOT2_PROTOCOL,Exploratory development data; second development iteration informed by Pilot 1; not independent confirmation; never pooled with the confirmatory held-out estimate,m-shift_reversal-2c628fb0f6,acnet2_pyr_soma,2,P02_weak_step,baseline_voltage,exceeds,-67.60463941446939,-69.4651709823613,1.8605315678919112,0.5,r-16be743cbc8f0485fd82,r-14bd4cb4aac631f574ae
neuron_model_behavioral_validation,Neuraxis,development_pilot,PILOT2_PROTOCOL,Exploratory development data; second development iteration informed by Pilot 1; not independent confirmation; never pooled with the confirmatory held-out estimate,m-shift_reversal-2c628fb0f6,acnet2_pyr_soma,2,P02_weak_step,voltage_deflection,exceeds,1.390995571390789,0.18922083586380722,1.2017747355269819,0.5,r-16be743cbc8f0485fd82,r-14bd4cb4aac631f574ae
neuron_model_behavioral_validation,Neuraxis,development_pilot,PILOT2_PROTOCOL,Exploratory development data; second development iteration informed by Pilot 1; not independent confirmation; never pooled with the confirmatory held-out estimate,m-shift_reversal-2c628fb0f6,acnet2_pyr_soma,2,P04_step_2x,first_isi,exceeds,450.1799999995906,360.42999999967225,89.74999999991837,9.022399999991796,r-16be743cbc8f0485fd82,r-14bd4cb4aac631f574ae
neuron_model_behavioral_validation,Neuraxis,development_pilot,PILOT2_PROTOCOL,Exploratory development data; second development iteration informed by Pilot 1; not independent confirmation; never pooled with the confirmatory held-out estimate,m-shift_reversal-2c628fb0f6,acnet2_pyr_soma,2,P05_long_step,first_isi,exceeds,584.4299999994685,391.2499999996442,193.17999999982425,11.707399999989352,r-493fa57e11933a720397,r-d1feda6b709b7e47c6a3
neuron_model_behavioral_validation,Neuraxis,development_pilot,PILOT2_PROTOCOL,Exploratory development data; second development iteration informed by Pilot 1; not independent confirmation; never pooled with the confirmatory held-out estimate,m-shift_reversal-2c628fb0f6,acnet2_pyr_soma,2,P05_long_step,mean_frequency,exceeds,2.2302884320523764,3.0040314101553873,0.773742978103011,0.5,r-493fa57e11933a720397,r-d1feda6b709b7e47c6a3
neuron_model_behavioral_validation,Neuraxis,development_pilot,PILOT2_PROTOCOL,Exploratory development data; second development iteration informed by Pilot 1; not independent confirmation; never pooled with the confirmatory held-out estimate,m-shift_reversal-2c628fb0f6,acnet2_pyr_soma,2,P06_ramp,mean_frequency,exceeds,2.2421273304134544,3.2882478023578368,1.0461204719443824,0.5,r-2e3e935d6ecd1df4b94b,r-4f80128d62dead424bc0
neuron_model_behavioral_validation,Neuraxis,development_pilot,PILOT2_PROTOCOL,Exploratory development data; second development iteration informed by Pilot 1; not independent confirmation; never pooled with the confirmatory held-out estimate,m-shift_reversal-2c628fb0f6,acnet2_pyr_soma,2,P07_hyperpolarizing_step,baseline_voltage,exceeds,-67.60463941446939,-69.4651709823613,1.8605315678919112,0.5,r-16be743cbc8f0485fd82,r-14bd4cb4aac631f574ae
neuron_model_behavioral_validation,Neuraxis,development_pilot,PILOT2_PROTOCOL,Exploratory development data; second development iteration informed by Pilot 1; not independent confirmation; never pooled with the confirmatory held-out estimate,m-shift_reversal-2c628fb0f6,acnet2_pyr_soma,2,P07_hyperpolarizing_step,minimum_voltage,exceeds,-71.0798568725586,-70.38148498535156,0.6983718872070312,0.5,r-16be743cbc8f0485fd82,r-14bd4cb4aac631f574ae
neuron_model_behavioral_validation,Neuraxis,development_pilot,PILOT2_PROTOCOL,Exploratory development data; second development iteration informed by Pilot 1; not independent confirmation; never pooled with the confirmatory held-out estimate,m-shift_reversal-2c628fb0f6,acnet2_pyr_soma,2,P07_hyperpolarizing_step,sag_ratio,definedness,0.07643158331354749,,,0.02,r-16be743cbc8f0485fd82,r-14bd4cb4aac631f574ae
neuron_model_behavioral_validation,Neuraxis,development_pilot,PILOT2_PROTOCOL,Exploratory development data; second development iteration informed by Pilot 1; not independent confirmation; never pooled with the confirmatory held-out estimate,m-shift_reversal-2c628fb0f6,acnet2_pyr_soma,2,P07_hyperpolarizing_step,voltage_deflection,exceeds,-3.209601085408565,2.2595540710453577,5.4691551564539225,0.5,r-16be743cbc8f0485fd82,r-14bd4cb4aac631f574ae
neuron_model_behavioral_validation,Neuraxis,development_pilot,PILOT2_PROTOCOL,Exploratory development data; second development iteration informed by Pilot 1; not independent confirmation; never pooled with the confirmatory held-out estimate,m-shift_reversal-2c628fb0f6,acnet2_pyr_soma,2,P08_rebound,firing_regime,categorical,silent,single_spike,,,r-9a4410c4bbb6d01c1bee,r-9781c1ea561910401d14
neuron_model_behavioral_validation,Neuraxis,development_pilot,PILOT2_PROTOCOL,Exploratory development data; second development iteration informed by Pilot 1; not independent confirmation; never pooled with the confirmatory held-out estimate,m-shift_reversal-2c628fb0f6,acnet2_pyr_soma,2,P08_rebound,maximum_voltage,exceeds,-66.67135620117188,44.89154816067046,111.56290436184233,1.0,r-9a4410c4bbb6d01c1bee,r-9781c1ea561910401d14
neuron_model_behavioral_validation,Neuraxis,development_pilot,PILOT2_PROTOCOL,Exploratory development data; second development iteration informed by Pilot 1; not independent confirmation; never pooled with the confirmatory held-out estimate,m-shift_reversal-9553007c36,acnet2_pyr_soma,1,P00_canonical,mean_frequency,exceeds,16.20909735590306,14.618661765945152,1.5904355899579095,0.8104548677951531,r-7ce2d1a0f19cc5d24572,r-3726dc182fe5f782a997
neuron_model_behavioral_validation,Neuraxis,development_pilot,PILOT2_PROTOCOL,Exploratory development data; second development iteration informed by Pilot 1; not independent confirmation; never pooled with the confirmatory held-out estimate,m-shift_reversal-9553007c36,acnet2_pyr_soma,1,P04_step_2x,first_isi,exceeds,451.11999999958977,467.329999999575,16.209999999985257,9.022399999991796,r-85c49aecb0e07f4c5069,r-99da8fcc007edcec4fbb
neuron_model_behavioral_validation,Neuraxis,development_pilot,PILOT2_PROTOCOL,Exploratory development data; second development iteration informed by Pilot 1; not independent confirmation; never pooled with the confirmatory held-out estimate,m-shift_reversal-9553007c36,acnet2_pyr_soma,1,P05_long_step,burst_count,definedness,1.0,,,0.5,r-f6700284baa99a5ef41f,r-4edc21a84ae47fa37557
neuron_model_behavioral_validation,Neuraxis,development_pilot,PILOT2_PROTOCOL,Exploratory development data; second development iteration informed by Pilot 1; not independent confirmation; never pooled with the confirmatory held-out estimate,m-shift_reversal-9553007c36,acnet2_pyr_soma,1,P05_long_step,firing_regime,categorical,tonic,single_spike,,,r-f6700284baa99a5ef41f,r-4edc21a84ae47fa37557
neuron_model_behavioral_validation,Neuraxis,development_pilot,PILOT2_PROTOCOL,Exploratory development data; second development iteration informed by Pilot 1; not independent confirmation; never pooled with the confirmatory held-out estimate,m-shift_reversal-9553007c36,acnet2_pyr_soma,1,P05_long_step,first_isi,definedness,585.3699999994676,,,11.707399999989352,r-f6700284baa99a5ef41f,r-4edc21a84ae47fa37557
neuron_model_behavioral_validation,Neuraxis,development_pilot,PILOT2_PROTOCOL,Exploratory development data; second development iteration informed by Pilot 1; not independent confirmation; never pooled with the confirmatory held-out estimate,m-shift_reversal-9553007c36,acnet2_pyr_soma,1,P05_long_step,mean_frequency,definedness,2.2267623432228354,,,0.5,r-f6700284baa99a5ef41f,r-4edc21a84ae47fa37557
neuron_model_behavioral_validation,Neuraxis,development_pilot,PILOT2_PROTOCOL,Exploratory development data; second development iteration informed by Pilot 1; not independent confirmation; never pooled with the confirmatory held-out estimate,m-shift_reversal-9553007c36,acnet2_pyr_soma,2,P00_canonical,mean_frequency,exceeds,16.27074520014227,14.676283126478472,1.5944620736637969,0.8104548677951531,r-2526a9bbad7e1faa361e,r-a24df4c0618b8027aa0e
neuron_model_behavioral_validation,Neuraxis,development_pilot,PILOT2_PROTOCOL,Exploratory development data; second development iteration informed by Pilot 1; not independent confirmation; never pooled with the confirmatory held-out estimate,m-shift_reversal-9553007c36,acnet2_pyr_soma,2,P04_step_2x,first_isi,exceeds,450.1799999995906,466.42999999957584,16.24999999998522,9.022399999991796,r-16be743cbc8f0485fd82,r-884e315f9ee611dc88cc
neuron_model_behavioral_validation,Neuraxis,development_pilot,PILOT2_PROTOCOL,Exploratory development data; second development iteration informed by Pilot 1; not independent confirmation; never pooled with the confirmatory held-out estimate,m-shift_reversal-9553007c36,acnet2_pyr_soma,2,P05_long_step,burst_count,definedness,1.0,,,0.5,r-493fa57e11933a720397,r-d5bf9da1592a1d3a4f1c
neuron_model_behavioral_validation,Neuraxis,development_pilot,PILOT2_PROTOCOL,Exploratory development data; second development iteration informed by Pilot 1; not independent confirmation; never pooled with the confirmatory held-out estimate,m-shift_reversal-9553007c36,acnet2_pyr_soma,2,P05_long_step,firing_regime,categorical,tonic,single_spike,,,r-493fa57e11933a720397,r-d5bf9da1592a1d3a4f1c
neuron_model_behavioral_validation,Neuraxis,development_pilot,PILOT2_PROTOCOL,Exploratory development data; second development iteration informed by Pilot 1; not independent confirmation; never pooled with the confirmatory held-out estimate,m-shift_reversal-9553007c36,acnet2_pyr_soma,2,P05_long_step,first_isi,definedness,584.4299999994685,,,11.707399999989352,r-493fa57e11933a720397,r-d5bf9da1592a1d3a4f1c
neuron_model_behavioral_validation,Neuraxis,development_pilot,PILOT2_PROTOCOL,Exploratory development data; second development iteration informed by Pilot 1; not independent confirmation; never pooled with the confirmatory held-out estimate,m-shift_reversal-9553007c36,acnet2_pyr_soma,2,P05_long_step,mean_frequency,definedness,2.2302884320523764,,,0.5,r-493fa57e11933a720397,r-d5bf9da1592a1d3a4f1c
neuron_model_behavioral_validation,Neuraxis,development_pilot,PILOT2_PROTOCOL,Exploratory development data; second development iteration informed by Pilot 1; not independent confirmation; never pooled with the confirmatory held-out estimate,m-shift_reversal-513c92c08b,acnet2_pyr_soma,1,P00_canonical,baseline_voltage,exceeds,-65.95622943333215,-71.60525821140833,5.649028778076172,0.5,r-7ce2d1a0f19cc5d24572,r-4a4869cebde203d1d89a
neuron_model_behavioral_validation,Neuraxis,development_pilot,PILOT2_PROTOCOL,Exploratory development data; second development iteration informed by Pilot 1; not independent confirmation; never pooled with the confirmatory held-out estimate,m-shift_reversal-513c92c08b,acnet2_pyr_soma,1,P00_canonical,first_isi,exceeds,18.340000000009383,23.11000000001181,4.770000000002426,0.5,r-7ce2d1a0f19cc5d24572,r-4a4869cebde203d1d89a
neuron_model_behavioral_validation,Neuraxis,development_pilot,PILOT2_PROTOCOL,Exploratory development data; second development iteration informed by Pilot 1; not independent confirmation; never pooled with the confirmatory held-out estimate,m-shift_reversal-513c92c08b,acnet2_pyr_soma,1,P00_canonical,mean_frequency,exceeds,16.20909735590306,17.092921393940312,0.8838240380372504,0.8104548677951531,r-7ce2d1a0f19cc5d24572,r-4a4869cebde203d1d89a
neuron_model_behavioral_validation,Neuraxis,development_pilot,PILOT2_PROTOCOL,Exploratory development data; second development iteration informed by Pilot 1; not independent confirmation; never pooled with the confirmatory held-out estimate,m-shift_reversal-513c92c08b,acnet2_pyr_soma,1,P04_step_2x,first_isi,exceeds,451.11999999958977,311.71999999971655,139.39999999987322,9.022399999991796,r-85c49aecb0e07f4c5069,r-9cd54835ebb831e0d45e
neuron_model_behavioral_validation,Neuraxis,development_pilot,PILOT2_PROTOCOL,Exploratory development data; second development iteration informed by Pilot 1; not independent confirmation; never pooled with the confirmatory held-out estimate,m-shift_reversal-513c92c08b,acnet2_pyr_soma,1,P04_step_2x,mean_frequency,exceeds,4.197007533633466,5.91278640059889,1.7157788669654241,0.5,r-85c49aecb0e07f4c5069,r-9cd54835ebb831e0d45e
neuron_model_behavioral_validation,Neuraxis,development_pilot,PILOT2_PROTOCOL,Exploratory development data; second development iteration informed by Pilot 1; not independent confirmation; never pooled with the confirmatory held-out estimate,m-shift_reversal-513c92c08b,acnet2_pyr_soma,1,P05_long_step,first_isi,exceeds,585.3699999994676,330.999999999699,254.3699999997686,11.707399999989352,r-f6700284baa99a5ef41f,r-a7891c90cb10f9ebcdfc
neuron_model_behavioral_validation,Neuraxis,development_pilot,PILOT2_PROTOCOL,Exploratory development data; second development iteration informed by Pilot 1; not independent confirmation; never pooled with the confirmatory held-out estimate,m-shift_reversal-513c92c08b,acnet2_pyr_soma,1,P05_long_step,mean_frequency,exceeds,2.2267623432228354,3.54178718581745,1.3150248425946147,0.5,r-f6700284baa99a5ef41f,r-a7891c90cb10f9ebcdfc
neuron_model_behavioral_validation,Neuraxis,development_pilot,PILOT2_PROTOCOL,Exploratory development data; second development iteration informed by Pilot 1; not independent confirmation; never pooled with the confirmatory held-out estimate,m-shift_reversal-513c92c08b,acnet2_pyr_soma,1,P06_ramp,mean_frequency,exceeds,2.240017920145719,4.002828665594674,1.7628107454489546,0.5,r-ee8bcdd517fb72ba8d0c,r-1e2136cd545de1dad40e
neuron_model_behavioral_validation,Neuraxis,development_pilot,PILOT2_PROTOCOL,Exploratory development data; second development iteration informed by Pilot 1; not independent confirmation; never pooled with the confirmatory held-out estimate,m-shift_reversal-513c92c08b,acnet2_pyr_soma,1,P07_hyperpolarizing_step,minimum_voltage,exceeds,-71.07988739013672,-67.98619079589844,3.0936965942382812,0.5,r-85c49aecb0e07f4c5069,r-9cd54835ebb831e0d45e
neuron_model_behavioral_validation,Neuraxis,development_pilot,PILOT2_PROTOCOL,Exploratory development data; second development iteration informed by Pilot 1; not independent confirmation; never pooled with the confirmatory held-out estimate,m-shift_reversal-513c92c08b,acnet2_pyr_soma,1,P07_hyperpolarizing_step,sag_ratio,definedness,0.07644029205149086,,,0.02,r-85c49aecb0e07f4c5069,r-9cd54835ebb831e0d45e
neuron_model_behavioral_validation,Neuraxis,development_pilot,PILOT2_PROTOCOL,Exploratory development data; second development iteration informed by Pilot 1; not independent confirmation; never pooled with the confirmatory held-out estimate,m-shift_reversal-513c92c08b,acnet2_pyr_soma,1,P07_hyperpolarizing_step,voltage_deflection,exceeds,-3.20957711995446,3.228007079570318,6.437584199524778,0.5,r-85c49aecb0e07f4c5069,r-9cd54835ebb831e0d45e
neuron_model_behavioral_validation,Neuraxis,development_pilot,PILOT2_PROTOCOL,Exploratory development data; second development iteration informed by Pilot 1; not independent confirmation; never pooled with the confirmatory held-out estimate,m-shift_reversal-513c92c08b,acnet2_pyr_soma,1,P08_rebound,firing_regime,categorical,silent,single_spike,,,r-2d208cbc545dcf997d15,r-91c3a22f66f5ccbdfd59
neuron_model_behavioral_validation,Neuraxis,development_pilot,PILOT2_PROTOCOL,Exploratory development data; second development iteration informed by Pilot 1; not independent confirmation; never pooled with the confirmatory held-out estimate,m-shift_reversal-513c92c08b,acnet2_pyr_soma,1,P08_rebound,maximum_voltage,exceeds,-66.67127990722656,45.44561385748468,112.11689376471125,1.0,r-2d208cbc545dcf997d15,r-91c3a22f66f5ccbdfd59
neuron_model_behavioral_validation,Neuraxis,development_pilot,PILOT2_PROTOCOL,Exploratory development data; second development iteration informed by Pilot 1; not independent confirmation; never pooled with the confirmatory held-out estimate,m-shift_reversal-513c92c08b,acnet2_pyr_soma,2,P00_canonical,baseline_voltage,exceeds,-65.9562579345703,-71.59552469526017,5.639266760689864,0.5,r-2526a9bbad7e1faa361e,r-ca4db41ab1835932f008
neuron_model_behavioral_validation,Neuraxis,development_pilot,PILOT2_PROTOCOL,Exploratory development data; second development iteration informed by Pilot 1; not independent confirmation; never pooled with the confirmatory held-out estimate,m-shift_reversal-513c92c08b,acnet2_pyr_soma,2,P00_canonical,first_isi,exceeds,18.300000000009362,23.01000000001177,4.71000000000241,0.5,r-2526a9bbad7e1faa361e,r-ca4db41ab1835932f008
neuron_model_behavioral_validation,Neuraxis,development_pilot,PILOT2_PROTOCOL,Exploratory development data; second development iteration informed by Pilot 1; not independent confirmation; never pooled with the confirmatory held-out estimate,m-shift_reversal-513c92c08b,acnet2_pyr_soma,2,P00_canonical,mean_frequency,exceeds,16.27074520014227,17.171066752534617,0.9003215523923487,0.8104548677951531,r-2526a9bbad7e1faa361e,r-ca4db41ab1835932f008
neuron_model_behavioral_validation,Neuraxis,development_pilot,PILOT2_PROTOCOL,Exploratory development data; second development iteration informed by Pilot 1; not independent confirmation; never pooled with the confirmatory held-out estimate,m-shift_reversal-513c92c08b,acnet2_pyr_soma,2,P04_step_2x,first_isi,exceeds,450.1799999995906,310.7899999997174,139.38999999987323,9.022399999991796,r-16be743cbc8f0485fd82,r-b120d102421e4bb29187
neuron_model_behavioral_validation,Neuraxis,development_pilot,PILOT2_PROTOCOL,Exploratory development data; second development iteration informed by Pilot 1; not independent confirmation; never pooled with the confirmatory held-out estimate,m-shift_reversal-513c92c08b,acnet2_pyr_soma,2,P04_step_2x,mean_frequency,exceeds,4.2057450477401614,5.9364796675647895,1.730734619824628,0.5,r-16be743cbc8f0485fd82,r-b120d102421e4bb29187
neuron_model_behavioral_validation,Neuraxis,development_pilot,PILOT2_PROTOCOL,Exploratory development data; second development iteration informed by Pilot 1; not independent confirmation; never pooled with the confirmatory held-out estimate,m-shift_reversal-513c92c08b,acnet2_pyr_soma,2,P05_long_step,first_isi,exceeds,584.4299999994685,330.06999999969986,254.3599999997686,11.707399999989352,r-493fa57e11933a720397,r-9759e49c30d1be3e3886
neuron_model_behavioral_validation,Neuraxis,development_pilot,PILOT2_PROTOCOL,Exploratory development data; second development iteration informed by Pilot 1; not independent confirmation; never pooled with the confirmatory held-out estimate,m-shift_reversal-513c92c08b,acnet2_pyr_soma,2,P05_long_step,mean_frequency,exceeds,2.2302884320523764,3.5527133848511774,1.322424952798801,0.5,r-493fa57e11933a720397,r-9759e49c30d1be3e3886
neuron_model_behavioral_validation,Neuraxis,development_pilot,PILOT2_PROTOCOL,Exploratory development data; second development iteration informed by Pilot 1; not independent confirmation; never pooled with the confirmatory held-out estimate,m-shift_reversal-513c92c08b,acnet2_pyr_soma,2,P06_ramp,mean_frequency,exceeds,2.2421273304134544,4.014774369684762,1.7726470392713076,0.5,r-2e3e935d6ecd1df4b94b,r-fa45ce5a7d02b544ca96
neuron_model_behavioral_validation,Neuraxis,development_pilot,PILOT2_PROTOCOL,Exploratory development data; second development iteration informed by Pilot 1; not independent confirmation; never pooled with the confirmatory held-out estimate,m-shift_reversal-513c92c08b,acnet2_pyr_soma,2,P07_hyperpolarizing_step,minimum_voltage,exceeds,-71.0798568725586,-67.9594497680664,3.1204071044921875,0.5,r-16be743cbc8f0485fd82,r-b120d102421e4bb29187
neuron_model_behavioral_validation,Neuraxis,development_pilot,PILOT2_PROTOCOL,Exploratory development data; second development iteration informed by Pilot 1; not independent confirmation; never pooled with the confirmatory held-out estimate,m-shift_reversal-513c92c08b,acnet2_pyr_soma,2,P07_hyperpolarizing_step,sag_ratio,definedness,0.07643158331354749,,,0.02,r-16be743cbc8f0485fd82,r-b120d102421e4bb29187
neuron_model_behavioral_validation,Neuraxis,development_pilot,PILOT2_PROTOCOL,Exploratory development data; second development iteration informed by Pilot 1; not independent confirmation; never pooled with the confirmatory held-out estimate,m-shift_reversal-513c92c08b,acnet2_pyr_soma,2,P07_hyperpolarizing_step,voltage_deflection,exceeds,-3.209601085408565,3.1958854644783514,6.405486549886916,0.5,r-16be743cbc8f0485fd82,r-b120d102421e4bb29187
neuron_model_behavioral_validation,Neuraxis,development_pilot,PILOT2_PROTOCOL,Exploratory development data; second development iteration informed by Pilot 1; not independent confirmation; never pooled with the confirmatory held-out estimate,m-shift_reversal-513c92c08b,acnet2_pyr_soma,2,P08_rebound,firing_regime,categorical,silent,single_spike,,,r-9a4410c4bbb6d01c1bee,r-8be932858b6c6d630b9d
neuron_model_behavioral_validation,Neuraxis,development_pilot,PILOT2_PROTOCOL,Exploratory development data; second development iteration informed by Pilot 1; not independent confirmation; never pooled with the confirmatory held-out estimate,m-shift_reversal-513c92c08b,acnet2_pyr_soma,2,P08_rebound,maximum_voltage,exceeds,-66.67135620117188,44.89543151094749,111.56678771211936,1.0,r-9a4410c4bbb6d01c1bee,r-8be932858b6c6d630b9d
neuron_model_behavioral_validation,Neuraxis,development_pilot,PILOT2_PROTOCOL,Exploratory development data; second development iteration informed by Pilot 1; not independent confirmation; never pooled with the confirmatory held-out estimate,m-scale_capacitance-d750ebfac4,acnet2_pyr_soma,1,P00_canonical,first_isi,exceeds,18.340000000009383,17.34000000000887,1.0000000000005116,0.5,r-7ce2d1a0f19cc5d24572,r-67a5c3751c604230c884
neuron_model_behavioral_validation,Neuraxis,development_pilot,PILOT2_PROTOCOL,Exploratory development data; second development iteration informed by Pilot 1; not independent confirmation; never pooled with the confirmatory held-out estimate,m-scale_capacitance-d750ebfac4,acnet2_pyr_soma,1,P00_canonical,mean_frequency,exceeds,16.20909735590306,17.02816032014195,0.8190629642388885,0.8104548677951531,r-7ce2d1a0f19cc5d24572,r-67a5c3751c604230c884
neuron_model_behavioral_validation,Neuraxis,development_pilot,PILOT2_PROTOCOL,Exploratory development data; second development iteration informed by Pilot 1; not independent confirmation; never pooled with the confirmatory held-out estimate,m-scale_capacitance-d750ebfac4,acnet2_pyr_soma,1,P04_step_2x,first_isi,exceeds,451.11999999958977,437.50999999960214,13.609999999987622,9.022399999991796,r-85c49aecb0e07f4c5069,r-6b2f3c148115ff170d06
neuron_model_behavioral_validation,Neuraxis,development_pilot,PILOT2_PROTOCOL,Exploratory development data; second development iteration informed by Pilot 1; not independent confirmation; never pooled with the confirmatory held-out estimate,m-scale_capacitance-d750ebfac4,acnet2_pyr_soma,1,P05_long_step,first_isi,exceeds,585.3699999994676,559.8699999994908,25.499999999976808,11.707399999989352,r-f6700284baa99a5ef41f,r-3e5ccfa7f4c15e1fe161
neuron_model_behavioral_validation,Neuraxis,development_pilot,PILOT2_PROTOCOL,Exploratory development data; second development iteration informed by Pilot 1; not independent confirmation; never pooled with the confirmatory held-out estimate,m-scale_capacitance-d750ebfac4,acnet2_pyr_soma,1,P09_short_pulse,ap_half_width,definedness,,0.5499999999994998,,inf,r-195ba3020e76bc4e3add,r-b7dd7e19019e683a13f5
neuron_model_behavioral_validation,Neuraxis,development_pilot,PILOT2_PROTOCOL,Exploratory development data; second development iteration informed by Pilot 1; not independent confirmation; never pooled with the confirmatory held-out estimate,m-scale_capacitance-d750ebfac4,acnet2_pyr_soma,2,P00_canonical,first_isi,exceeds,18.300000000009362,17.30000000000885,1.0000000000005116,0.5,r-2526a9bbad7e1faa361e,r-f875db77652018a7100d
neuron_model_behavioral_validation,Neuraxis,development_pilot,PILOT2_PROTOCOL,Exploratory development data; second development iteration informed by Pilot 1; not independent confirmation; never pooled with the confirmatory held-out estimate,m-scale_capacitance-d750ebfac4,acnet2_pyr_soma,2,P00_canonical,mean_frequency,exceeds,16.27074520014227,17.095478246016505,0.8247330458742361,0.8104548677951531,r-2526a9bbad7e1faa361e,r-f875db77652018a7100d
neuron_model_behavioral_validation,Neuraxis,development_pilot,PILOT2_PROTOCOL,Exploratory development data; second development iteration informed by Pilot 1; not independent confirmation; never pooled with the confirmatory held-out estimate,m-scale_capacitance-d750ebfac4,acnet2_pyr_soma,2,P04_step_2x,first_isi,exceeds,450.1799999995906,436.539999999603,13.639999999987594,9.022399999991796,r-16be743cbc8f0485fd82,r-acbfefaeb7c75685c6a7
neuron_model_behavioral_validation,Neuraxis,development_pilot,PILOT2_PROTOCOL,Exploratory development data; second development iteration informed by Pilot 1; not independent confirmation; never pooled with the confirmatory held-out estimate,m-scale_capacitance-d750ebfac4,acnet2_pyr_soma,2,P05_long_step,first_isi,exceeds,584.4299999994685,558.8899999994917,25.53999999997677,11.707399999989352,r-493fa57e11933a720397,r-be52af83c0580834b5be
neuron_model_behavioral_validation,Neuraxis,development_pilot,PILOT2_PROTOCOL,Exploratory development data; second development iteration informed by Pilot 1; not independent confirmation; never pooled with the confirmatory held-out estimate,m-scale_capacitance-d750ebfac4,acnet2_pyr_soma,2,P09_short_pulse,ap_half_width,definedness,,0.5499999999994998,,inf,r-eb52f398ba2e116da449,r-575bfbc07ace8bda7f0e
neuron_model_behavioral_validation,Neuraxis,development_pilot,PILOT2_PROTOCOL,Exploratory development data; second development iteration informed by Pilot 1; not independent confirmation; never pooled with the confirmatory held-out estimate,m-scale_capacitance-e86da299c1,acnet2_pyr_soma,1,P00_canonical,first_isi,exceeds,18.340000000009383,15.830000000008098,2.510000000001284,0.5,r-7ce2d1a0f19cc5d24572,r-d3372013b99a41353508
neuron_model_behavioral_validation,Neuraxis,development_pilot,PILOT2_PROTOCOL,Exploratory development data; second development iteration informed by Pilot 1; not independent confirmation; never pooled with the confirmatory held-out estimate,m-scale_capacitance-e86da299c1,acnet2_pyr_soma,1,P00_canonical,mean_frequency,exceeds,16.20909735590306,17.933645511620455,1.7245481557173932,0.8104548677951531,r-7ce2d1a0f19cc5d24572,r-d3372013b99a41353508
neuron_model_behavioral_validation,Neuraxis,development_pilot,PILOT2_PROTOCOL,Exploratory development data; second development iteration informed by Pilot 1; not independent confirmation; never pooled with the confirmatory held-out estimate,m-scale_capacitance-e86da299c1,acnet2_pyr_soma,1,P04_step_2x,first_isi,exceeds,451.11999999958977,415.5399999996221,35.57999999996764,9.022399999991796,r-85c49aecb0e07f4c5069,r-59d2b4f3b4022be4c6a8
neuron_model_behavioral_validation,Neuraxis,development_pilot,PILOT2_PROTOCOL,Exploratory development data; second development iteration informed by Pilot 1; not independent confirmation; never pooled with the confirmatory held-out estimate,m-scale_capacitance-e86da299c1,acnet2_pyr_soma,1,P05_long_step,first_isi,exceeds,585.3699999994676,522.1999999995251,63.16999999994255,11.707399999989352,r-f6700284baa99a5ef41f,r-9398cf72774d89fd5cde
neuron_model_behavioral_validation,Neuraxis,development_pilot,PILOT2_PROTOCOL,Exploratory development data; second development iteration informed by Pilot 1; not independent confirmation; never pooled with the confirmatory held-out estimate,m-scale_capacitance-e86da299c1,acnet2_pyr_soma,1,P09_short_pulse,ap_half_width,definedness,,0.529999999999518,,inf,r-195ba3020e76bc4e3add,r-39a89ee09fbed42e1e6d
neuron_model_behavioral_validation,Neuraxis,development_pilot,PILOT2_PROTOCOL,Exploratory development data; second development iteration informed by Pilot 1; not independent confirmation; never pooled with the confirmatory held-out estimate,m-scale_capacitance-e86da299c1,acnet2_pyr_soma,2,P00_canonical,first_isi,exceeds,18.300000000009362,15.800000000008083,2.500000000001279,0.5,r-2526a9bbad7e1faa361e,r-7e9645d1aa4bf656b45a
neuron_model_behavioral_validation,Neuraxis,development_pilot,PILOT2_PROTOCOL,Exploratory development data; second development iteration informed by Pilot 1; not independent confirmation; never pooled with the confirmatory held-out estimate,m-scale_capacitance-e86da299c1,acnet2_pyr_soma,2,P00_canonical,mean_frequency,exceeds,16.27074520014227,18.012608826191773,1.7418636260495042,0.8104548677951531,r-2526a9bbad7e1faa361e,r-7e9645d1aa4bf656b45a
neuron_model_behavioral_validation,Neuraxis,development_pilot,PILOT2_PROTOCOL,Exploratory development data; second development iteration informed by Pilot 1; not independent confirmation; never pooled with the confirmatory held-out estimate,m-scale_capacitance-e86da299c1,acnet2_pyr_soma,2,P04_step_2x,first_isi,exceeds,450.1799999995906,414.4899999996231,35.68999999996754,9.022399999991796,r-16be743cbc8f0485fd82,r-3d077d017184bc9457ad
neuron_model_behavioral_validation,Neuraxis,development_pilot,PILOT2_PROTOCOL,Exploratory development data; second development iteration informed by Pilot 1; not independent confirmation; never pooled with the confirmatory held-out estimate,m-scale_capacitance-e86da299c1,acnet2_pyr_soma,2,P05_long_step,first_isi,exceeds,584.4299999994685,521.149999999526,63.27999999994245,11.707399999989352,r-493fa57e11933a720397,r-c9f21a5c1e6afdc1e19c
neuron_model_behavioral_validation,Neuraxis,development_pilot,PILOT2_PROTOCOL,Exploratory development data; second development iteration informed by Pilot 1; not independent confirmation; never pooled with the confirmatory held-out estimate,m-scale_capacitance-e86da299c1,acnet2_pyr_soma,2,P09_short_pulse,ap_half_width,definedness,,0.529999999999518,,inf,r-eb52f398ba2e116da449,r-565d6cbdafbd72cb47b2
neuron_model_behavioral_validation,Neuraxis,development_pilot,PILOT2_PROTOCOL,Exploratory development data; second development iteration informed by Pilot 1; not independent confirmation; never pooled with the confirmatory held-out estimate,m-scale_gate_time_constant-25d2ef79c1,acnet2_pyr_soma,1,P00_canonical,first_isi,exceeds,18.340000000009383,17.700000000009055,0.6400000000003274,0.5,r-7ce2d1a0f19cc5d24572,r-be89725a6908c658c10b
neuron_model_behavioral_validation,Neuraxis,development_pilot,PILOT2_PROTOCOL,Exploratory development data; second development iteration informed by Pilot 1; not independent confirmation; never pooled with the confirmatory held-out estimate,m-scale_gate_time_constant-25d2ef79c1,acnet2_pyr_soma,1,P00_canonical,mean_frequency,exceeds,16.20909735590306,18.61234618965292,2.40324883374986,0.8104548677951531,r-7ce2d1a0f19cc5d24572,r-be89725a6908c658c10b
neuron_model_behavioral_validation,Neuraxis,development_pilot,PILOT2_PROTOCOL,Exploratory development data; second development iteration informed by Pilot 1; not independent confirmation; never pooled with the confirmatory held-out estimate,m-scale_gate_time_constant-25d2ef79c1,acnet2_pyr_soma,1,P04_step_2x,first_isi,exceeds,451.11999999958977,431.00999999960806,20.10999999998171,9.022399999991796,r-85c49aecb0e07f4c5069,r-c154a272fb0a30c33b8a
neuron_model_behavioral_validation,Neuraxis,development_pilot,PILOT2_PROTOCOL,Exploratory development data; second development iteration informed by Pilot 1; not independent confirmation; never pooled with the confirmatory held-out estimate,m-scale_gate_time_constant-25d2ef79c1,acnet2_pyr_soma,1,P05_long_step,first_isi,exceeds,585.3699999994676,565.0399999994861,20.32999999998151,11.707399999989352,r-f6700284baa99a5ef41f,r-f93bfa9eb75d2b2d8f19
neuron_model_behavioral_validation,Neuraxis,development_pilot,PILOT2_PROTOCOL,Exploratory development data; second development iteration informed by Pilot 1; not independent confirmation; never pooled with the confirmatory held-out estimate,m-scale_gate_time_constant-25d2ef79c1,acnet2_pyr_soma,2,P00_canonical,first_isi,exceeds,18.300000000009362,17.660000000009035,0.6400000000003274,0.5,r-2526a9bbad7e1faa361e,r-d43b5541167d0f9500a4
neuron_model_behavioral_validation,Neuraxis,development_pilot,PILOT2_PROTOCOL,Exploratory development data; second development iteration informed by Pilot 1; not independent confirmation; never pooled with the confirmatory held-out estimate,m-scale_gate_time_constant-25d2ef79c1,acnet2_pyr_soma,2,P00_canonical,mean_frequency,exceeds,16.27074520014227,18.693141694027883,2.422396493885614,0.8104548677951531,r-2526a9bbad7e1faa361e,r-d43b5541167d0f9500a4
neuron_model_behavioral_validation,Neuraxis,development_pilot,PILOT2_PROTOCOL,Exploratory development data; second development iteration informed by Pilot 1; not independent confirmation; never pooled with the confirmatory held-out estimate,m-scale_gate_time_constant-25d2ef79c1,acnet2_pyr_soma,2,P04_step_2x,first_isi,exceeds,450.1799999995906,430.03999999960894,20.139999999981683,9.022399999991796,r-16be743cbc8f0485fd82,r-153c541f2831524df490
neuron_model_behavioral_validation,Neuraxis,development_pilot,PILOT2_PROTOCOL,Exploratory development data; second development iteration informed by Pilot 1; not independent confirmation; never pooled with the confirmatory held-out estimate,m-scale_gate_time_constant-25d2ef79c1,acnet2_pyr_soma,2,P05_long_step,first_isi,exceeds,584.4299999994685,564.089999999487,20.3399999999815,11.707399999989352,r-493fa57e11933a720397,r-77abcb8366cde978e39a
neuron_model_behavioral_validation,Neuraxis,development_pilot,PILOT2_PROTOCOL,Exploratory development data; second development iteration informed by Pilot 1; not independent confirmation; never pooled with the confirmatory held-out estimate,m-scale_gate_time_constant-eb0c17da65,acnet2_pyr_soma,1,P00_canonical,ap_half_width,exceeds,0.5800000000002967,0.8800000000004502,0.3000000000001535,0.05,r-7ce2d1a0f19cc5d24572,r-992f6d2676616d2b1b47
neuron_model_behavioral_validation,Neuraxis,development_pilot,PILOT2_PROTOCOL,Exploratory development data; second development iteration informed by Pilot 1; not independent confirmation; never pooled with the confirmatory held-out estimate,m-scale_gate_time_constant-eb0c17da65,acnet2_pyr_soma,1,P00_canonical,first_isi,exceeds,18.340000000009383,24.420000000012493,6.0800000000031105,0.5,r-7ce2d1a0f19cc5d24572,r-992f6d2676616d2b1b47
neuron_model_behavioral_validation,Neuraxis,development_pilot,PILOT2_PROTOCOL,Exploratory development data; second development iteration informed by Pilot 1; not independent confirmation; never pooled with the confirmatory held-out estimate,m-scale_gate_time_constant-eb0c17da65,acnet2_pyr_soma,1,P00_canonical,mean_frequency,exceeds,16.20909735590306,11.267859557406657,4.941237798496404,0.8104548677951531,r-7ce2d1a0f19cc5d24572,r-992f6d2676616d2b1b47
neuron_model_behavioral_validation,Neuraxis,development_pilot,PILOT2_PROTOCOL,Exploratory development data; second development iteration informed by Pilot 1; not independent confirmation; never pooled with the confirmatory held-out estimate,m-scale_gate_time_constant-eb0c17da65,acnet2_pyr_soma,1,P04_step_2x,ap_half_width,exceeds,0.5699999999994816,0.8599999999992178,0.28999999999973625,0.05,r-85c49aecb0e07f4c5069,r-554d9ad1f1b1ad0f907e
neuron_model_behavioral_validation,Neuraxis,development_pilot,PILOT2_PROTOCOL,Exploratory development data; second development iteration informed by Pilot 1; not independent confirmation; never pooled with the confirmatory held-out estimate,m-scale_gate_time_constant-eb0c17da65,acnet2_pyr_soma,1,P04_step_2x,firing_regime,categorical,tonic,single_spike,,,r-85c49aecb0e07f4c5069,r-554d9ad1f1b1ad0f907e
neuron_model_behavioral_validation,Neuraxis,development_pilot,PILOT2_PROTOCOL,Exploratory development data; second development iteration informed by Pilot 1; not independent confirmation; never pooled with the confirmatory held-out estimate,m-scale_gate_time_constant-eb0c17da65,acnet2_pyr_soma,1,P04_step_2x,first_isi,definedness,451.11999999958977,,,9.022399999991796,r-85c49aecb0e07f4c5069,r-554d9ad1f1b1ad0f907e
neuron_model_behavioral_validation,Neuraxis,development_pilot,PILOT2_PROTOCOL,Exploratory development data; second development iteration informed by Pilot 1; not independent confirmation; never pooled with the confirmatory held-out estimate,m-scale_gate_time_constant-eb0c17da65,acnet2_pyr_soma,1,P04_step_2x,mean_frequency,definedness,4.197007533633466,,,0.5,r-85c49aecb0e07f4c5069,r-554d9ad1f1b1ad0f907e
neuron_model_behavioral_validation,Neuraxis,development_pilot,PILOT2_PROTOCOL,Exploratory development data; second development iteration informed by Pilot 1; not independent confirmation; never pooled with the confirmatory held-out estimate,m-scale_gate_time_constant-eb0c17da65,acnet2_pyr_soma,1,P05_long_step,ap_half_width,exceeds,0.5699999999994816,0.8499999999992269,0.27999999999974534,0.05,r-f6700284baa99a5ef41f,r-6d6cddcfd246a560b827
neuron_model_behavioral_validation,Neuraxis,development_pilot,PILOT2_PROTOCOL,Exploratory development data; second development iteration informed by Pilot 1; not independent confirmation; never pooled with the confirmatory held-out estimate,m-scale_gate_time_constant-eb0c17da65,acnet2_pyr_soma,1,P05_long_step,first_isi,exceeds,585.3699999994676,646.8499999994117,61.479999999944084,11.707399999989352,r-f6700284baa99a5ef41f,r-6d6cddcfd246a560b827
neuron_model_behavioral_validation,Neuraxis,development_pilot,PILOT2_PROTOCOL,Exploratory development data; second development iteration informed by Pilot 1; not independent confirmation; never pooled with the confirmatory held-out estimate,m-scale_gate_time_constant-eb0c17da65,acnet2_pyr_soma,2,P00_canonical,ap_half_width,exceeds,0.5800000000002967,0.8800000000004502,0.3000000000001535,0.05,r-2526a9bbad7e1faa361e,r-7be27abc7573e88ede15
neuron_model_behavioral_validation,Neuraxis,development_pilot,PILOT2_PROTOCOL,Exploratory development data; second development iteration informed by Pilot 1; not independent confirmation; never pooled with the confirmatory held-out estimate,m-scale_gate_time_constant-eb0c17da65,acnet2_pyr_soma,2,P00_canonical,first_isi,exceeds,18.300000000009362,24.330000000012447,6.030000000003085,0.5,r-2526a9bbad7e1faa361e,r-7be27abc7573e88ede15
neuron_model_behavioral_validation,Neuraxis,development_pilot,PILOT2_PROTOCOL,Exploratory development data; second development iteration informed by Pilot 1; not independent confirmation; never pooled with the confirmatory held-out estimate,m-scale_gate_time_constant-eb0c17da65,acnet2_pyr_soma,2,P00_canonical,mean_frequency,exceeds,16.27074520014227,11.297137305415006,4.973607894727262,0.8104548677951531,r-2526a9bbad7e1faa361e,r-7be27abc7573e88ede15
neuron_model_behavioral_validation,Neuraxis,development_pilot,PILOT2_PROTOCOL,Exploratory development data; second development iteration informed by Pilot 1; not independent confirmation; never pooled with the confirmatory held-out estimate,m-scale_gate_time_constant-eb0c17da65,acnet2_pyr_soma,2,P04_step_2x,ap_half_width,exceeds,0.5699999999994816,0.8599999999992178,0.28999999999973625,0.05,r-16be743cbc8f0485fd82,r-2e5528ccb8009523ca79
neuron_model_behavioral_validation,Neuraxis,development_pilot,PILOT2_PROTOCOL,Exploratory development data; second development iteration informed by Pilot 1; not independent confirmation; never pooled with the confirmatory held-out estimate,m-scale_gate_time_constant-eb0c17da65,acnet2_pyr_soma,2,P04_step_2x,firing_regime,categorical,tonic,single_spike,,,r-16be743cbc8f0485fd82,r-2e5528ccb8009523ca79
neuron_model_behavioral_validation,Neuraxis,development_pilot,PILOT2_PROTOCOL,Exploratory development data; second development iteration informed by Pilot 1; not independent confirmation; never pooled with the confirmatory held-out estimate,m-scale_gate_time_constant-eb0c17da65,acnet2_pyr_soma,2,P04_step_2x,first_isi,definedness,450.1799999995906,,,9.022399999991796,r-16be743cbc8f0485fd82,r-2e5528ccb8009523ca79
neuron_model_behavioral_validation,Neuraxis,development_pilot,PILOT2_PROTOCOL,Exploratory development data; second development iteration informed by Pilot 1; not independent confirmation; never pooled with the confirmatory held-out estimate,m-scale_gate_time_constant-eb0c17da65,acnet2_pyr_soma,2,P04_step_2x,mean_frequency,definedness,4.2057450477401614,,,0.5,r-16be743cbc8f0485fd82,r-2e5528ccb8009523ca79
neuron_model_behavioral_validation,Neuraxis,development_pilot,PILOT2_PROTOCOL,Exploratory development data; second development iteration informed by Pilot 1; not independent confirmation; never pooled with the confirmatory held-out estimate,m-scale_gate_time_constant-eb0c17da65,acnet2_pyr_soma,2,P05_long_step,ap_half_width,exceeds,0.5799999999994725,0.8599999999992178,0.27999999999974534,0.05,r-493fa57e11933a720397,r-cf92c96d7f9950f320c2
neuron_model_behavioral_validation,Neuraxis,development_pilot,PILOT2_PROTOCOL,Exploratory development data; second development iteration informed by Pilot 1; not independent confirmation; never pooled with the confirmatory held-out estimate,m-scale_gate_time_constant-eb0c17da65,acnet2_pyr_soma,2,P05_long_step,first_isi,exceeds,584.4299999994685,645.9599999994125,61.52999999994404,11.707399999989352,r-493fa57e11933a720397,r-cf92c96d7f9950f320c2
neuron_model_behavioral_validation,Neuraxis,development_pilot,PILOT2_PROTOCOL,Exploratory development data; second development iteration informed by Pilot 1; not independent confirmation; never pooled with the confirmatory held-out estimate,m-shift_gate_midpoint-e68b2bd3be,acnet2_pyr_soma,1,P00_canonical,first_isi,exceeds,18.340000000009383,17.490000000008948,0.8500000000004349,0.5,r-7ce2d1a0f19cc5d24572,r-ae50ba04ee5dab210d0b
neuron_model_behavioral_validation,Neuraxis,development_pilot,PILOT2_PROTOCOL,Exploratory development data; second development iteration informed by Pilot 1; not independent confirmation; never pooled with the confirmatory held-out estimate,m-shift_gate_midpoint-e68b2bd3be,acnet2_pyr_soma,1,P00_canonical,mean_frequency,exceeds,16.20909735590306,19.946941136591608,3.7378437806885465,0.8104548677951531,r-7ce2d1a0f19cc5d24572,r-ae50ba04ee5dab210d0b
neuron_model_behavioral_validation,Neuraxis,development_pilot,PILOT2_PROTOCOL,Exploratory development data; second development iteration informed by Pilot 1; not independent confirmation; never pooled with the confirmatory held-out estimate,m-shift_gate_midpoint-e68b2bd3be,acnet2_pyr_soma,1,P02_weak_step,baseline_voltage,exceeds,-67.60466311136881,-66.93866884613037,0.6659942652384387,0.5,r-85c49aecb0e07f4c5069,r-cc41cdfc9df9ab25629c
neuron_model_behavioral_validation,Neuraxis,development_pilot,PILOT2_PROTOCOL,Exploratory development data; second development iteration informed by Pilot 1; not independent confirmation; never pooled with the confirmatory held-out estimate,m-shift_gate_midpoint-e68b2bd3be,acnet2_pyr_soma,1,P04_step_2x,first_isi,exceeds,451.11999999958977,392.21999999964333,58.89999999994643,9.022399999991796,r-85c49aecb0e07f4c5069,r-cc41cdfc9df9ab25629c
neuron_model_behavioral_validation,Neuraxis,development_pilot,PILOT2_PROTOCOL,Exploratory development data; second development iteration informed by Pilot 1; not independent confirmation; never pooled with the confirmatory held-out estimate,m-shift_gate_midpoint-e68b2bd3be,acnet2_pyr_soma,1,P04_step_2x,mean_frequency,exceeds,4.197007533633466,4.838046396870841,0.6410388632373758,0.5,r-85c49aecb0e07f4c5069,r-cc41cdfc9df9ab25629c
neuron_model_behavioral_validation,Neuraxis,development_pilot,PILOT2_PROTOCOL,Exploratory development data; second development iteration informed by Pilot 1; not independent confirmation; never pooled with the confirmatory held-out estimate,m-shift_gate_midpoint-e68b2bd3be,acnet2_pyr_soma,1,P05_long_step,first_isi,exceeds,585.3699999994676,449.6399999995911,135.7299999998765,11.707399999989352,r-f6700284baa99a5ef41f,r-33238cda2c1b83752548
neuron_model_behavioral_validation,Neuraxis,development_pilot,PILOT2_PROTOCOL,Exploratory development data; second development iteration informed by Pilot 1; not independent confirmation; never pooled with the confirmatory held-out estimate,m-shift_gate_midpoint-e68b2bd3be,acnet2_pyr_soma,1,P05_long_step,mean_frequency,exceeds,2.2267623432228354,2.730718397395846,0.5039560541730106,0.5,r-f6700284baa99a5ef41f,r-33238cda2c1b83752548
neuron_model_behavioral_validation,Neuraxis,development_pilot,PILOT2_PROTOCOL,Exploratory development data; second development iteration informed by Pilot 1; not independent confirmation; never pooled with the confirmatory held-out estimate,m-shift_gate_midpoint-e68b2bd3be,acnet2_pyr_soma,1,P06_ramp,mean_frequency,exceeds,2.240017920145719,2.8443837642605776,0.6043658441148585,0.5,r-ee8bcdd517fb72ba8d0c,r-41d69f1458942ea64080
neuron_model_behavioral_validation,Neuraxis,development_pilot,PILOT2_PROTOCOL,Exploratory development data; second development iteration informed by Pilot 1; not independent confirmation; never pooled with the confirmatory held-out estimate,m-shift_gate_midpoint-e68b2bd3be,acnet2_pyr_soma,1,P07_hyperpolarizing_step,baseline_voltage,exceeds,-67.60466311136881,-66.93866884613037,0.6659942652384387,0.5,r-85c49aecb0e07f4c5069,r-cc41cdfc9df9ab25629c
neuron_model_behavioral_validation,Neuraxis,development_pilot,PILOT2_PROTOCOL,Exploratory development data; second development iteration informed by Pilot 1; not independent confirmation; never pooled with the confirmatory held-out estimate,m-shift_gate_midpoint-e68b2bd3be,acnet2_pyr_soma,1,P07_hyperpolarizing_step,sag_ratio,exceeds,0.07644029205149086,0.03461853085407812,0.04182176119741274,0.02,r-85c49aecb0e07f4c5069,r-cc41cdfc9df9ab25629c
neuron_model_behavioral_validation,Neuraxis,development_pilot,PILOT2_PROTOCOL,Exploratory development data; second development iteration informed by Pilot 1; not independent confirmation; never pooled with the confirmatory held-out estimate,m-shift_gate_midpoint-e68b2bd3be,acnet2_pyr_soma,1,P07_hyperpolarizing_step,voltage_deflection,exceeds,-3.20957711995446,-3.718328683471711,0.5087515635172508,0.5,r-85c49aecb0e07f4c5069,r-cc41cdfc9df9ab25629c
neuron_model_behavioral_validation,Neuraxis,development_pilot,PILOT2_PROTOCOL,Exploratory development data; second development iteration informed by Pilot 1; not independent confirmation; never pooled with the confirmatory held-out estimate,m-shift_gate_midpoint-e68b2bd3be,acnet2_pyr_soma,1,P09_short_pulse,ap_half_width,definedness,,0.5599999999994907,,inf,r-195ba3020e76bc4e3add,r-478f258ebbf7bed1c18b
neuron_model_behavioral_validation,Neuraxis,development_pilot,PILOT2_PROTOCOL,Exploratory development data; second development iteration informed by Pilot 1; not independent confirmation; never pooled with the confirmatory held-out estimate,m-shift_gate_midpoint-e68b2bd3be,acnet2_pyr_soma,2,P00_canonical,first_isi,exceeds,18.300000000009362,17.450000000008927,0.8500000000004349,0.5,r-2526a9bbad7e1faa361e,r-4504727cb83fe33e5ee7
neuron_model_behavioral_validation,Neuraxis,development_pilot,PILOT2_PROTOCOL,Exploratory development data; second development iteration informed by Pilot 1; not independent confirmation; never pooled with the confirmatory held-out estimate,m-shift_gate_midpoint-e68b2bd3be,acnet2_pyr_soma,2,P00_canonical,mean_frequency,exceeds,16.27074520014227,20.05897338175729,3.788228181615022,0.8104548677951531,r-2526a9bbad7e1faa361e,r-4504727cb83fe33e5ee7
neuron_model_behavioral_validation,Neuraxis,development_pilot,PILOT2_PROTOCOL,Exploratory development data; second development iteration informed by Pilot 1; not independent confirmation; never pooled with the confirmatory held-out estimate,m-shift_gate_midpoint-e68b2bd3be,acnet2_pyr_soma,2,P02_weak_step,baseline_voltage,exceeds,-67.60463941446939,-66.93865895589192,0.6659804585774651,0.5,r-16be743cbc8f0485fd82,r-4591cdf9cdfe42720d61
neuron_model_behavioral_validation,Neuraxis,development_pilot,PILOT2_PROTOCOL,Exploratory development data; second development iteration informed by Pilot 1; not independent confirmation; never pooled with the confirmatory held-out estimate,m-shift_gate_midpoint-e68b2bd3be,acnet2_pyr_soma,2,P04_step_2x,first_isi,exceeds,450.1799999995906,391.0399999996444,59.13999999994621,9.022399999991796,r-16be743cbc8f0485fd82,r-4591cdf9cdfe42720d61
neuron_model_behavioral_validation,Neuraxis,development_pilot,PILOT2_PROTOCOL,Exploratory development data; second development iteration informed by Pilot 1; not independent confirmation; never pooled with the confirmatory held-out estimate,m-shift_gate_midpoint-e68b2bd3be,acnet2_pyr_soma,2,P04_step_2x,mean_frequency,exceeds,4.2057450477401614,4.852366741884269,0.6466216941441072,0.5,r-16be743cbc8f0485fd82,r-4591cdf9cdfe42720d61
neuron_model_behavioral_validation,Neuraxis,development_pilot,PILOT2_PROTOCOL,Exploratory development data; second development iteration informed by Pilot 1; not independent confirmation; never pooled with the confirmatory held-out estimate,m-shift_gate_midpoint-e68b2bd3be,acnet2_pyr_soma,2,P05_long_step,first_isi,exceeds,584.4299999994685,448.4699999995922,135.9599999998763,11.707399999989352,r-493fa57e11933a720397,r-f8506e07aedd87a7aaa0
neuron_model_behavioral_validation,Neuraxis,development_pilot,PILOT2_PROTOCOL,Exploratory development data; second development iteration informed by Pilot 1; not independent confirmation; never pooled with the confirmatory held-out estimate,m-shift_gate_midpoint-e68b2bd3be,acnet2_pyr_soma,2,P05_long_step,mean_frequency,exceeds,2.2302884320523764,2.73773085915471,0.5074424271023337,0.5,r-493fa57e11933a720397,r-f8506e07aedd87a7aaa0
neuron_model_behavioral_validation,Neuraxis,development_pilot,PILOT2_PROTOCOL,Exploratory development data; second development iteration informed by Pilot 1; not independent confirmation; never pooled with the confirmatory held-out estimate,m-shift_gate_midpoint-e68b2bd3be,acnet2_pyr_soma,2,P06_ramp,mean_frequency,exceeds,2.2421273304134544,2.8484347850887044,0.60630745467525,0.5,r-2e3e935d6ecd1df4b94b,r-ab9887f881518fa6302a
neuron_model_behavioral_validation,Neuraxis,development_pilot,PILOT2_PROTOCOL,Exploratory development data; second development iteration informed by Pilot 1; not independent confirmation; never pooled with the confirmatory held-out estimate,m-shift_gate_midpoint-e68b2bd3be,acnet2_pyr_soma,2,P07_hyperpolarizing_step,baseline_voltage,exceeds,-67.60463941446939,-66.93865895589192,0.6659804585774651,0.5,r-16be743cbc8f0485fd82,r-4591cdf9cdfe42720d61
neuron_model_behavioral_validation,Neuraxis,development_pilot,PILOT2_PROTOCOL,Exploratory development data; second development iteration informed by Pilot 1; not independent confirmation; never pooled with the confirmatory held-out estimate,m-shift_gate_midpoint-e68b2bd3be,acnet2_pyr_soma,2,P07_hyperpolarizing_step,sag_ratio,exceeds,0.07643158331354749,0.034616513489504626,0.041815069824042865,0.02,r-16be743cbc8f0485fd82,r-4591cdf9cdfe42720d61
neuron_model_behavioral_validation,Neuraxis,development_pilot,PILOT2_PROTOCOL,Exploratory development data; second development iteration informed by Pilot 1; not independent confirmation; never pooled with the confirmatory held-out estimate,m-shift_gate_midpoint-e68b2bd3be,acnet2_pyr_soma,2,P07_hyperpolarizing_step,voltage_deflection,exceeds,-3.209601085408565,-3.7183386362711843,0.5087375508626195,0.5,r-16be743cbc8f0485fd82,r-4591cdf9cdfe42720d61
neuron_model_behavioral_validation,Neuraxis,development_pilot,PILOT2_PROTOCOL,Exploratory development data; second development iteration informed by Pilot 1; not independent confirmation; never pooled with the confirmatory held-out estimate,m-shift_gate_midpoint-e68b2bd3be,acnet2_pyr_soma,2,P09_short_pulse,ap_half_width,definedness,,0.5699999999994816,,inf,r-eb52f398ba2e116da449,r-0b46428d12ee1e11eab2
neuron_model_behavioral_validation,Neuraxis,development_pilot,PILOT2_PROTOCOL,Exploratory development data; second development iteration informed by Pilot 1; not independent confirmation; never pooled with the confirmatory held-out estimate,m-shift_gate_midpoint-3c7134e6ec,acnet2_pyr_soma,1,P00_canonical,first_isi,exceeds,18.340000000009383,19.92000000001019,1.5800000000008083,0.5,r-7ce2d1a0f19cc5d24572,r-840105f58a8e56d9450f
neuron_model_behavioral_validation,Neuraxis,development_pilot,PILOT2_PROTOCOL,Exploratory development data; second development iteration informed by Pilot 1; not independent confirmation; never pooled with the confirmatory held-out estimate,m-shift_gate_midpoint-3c7134e6ec,acnet2_pyr_soma,1,P00_canonical,mean_frequency,exceeds,16.20909735590306,13.297367121320018,2.911730234583043,0.8104548677951531,r-7ce2d1a0f19cc5d24572,r-840105f58a8e56d9450f
neuron_model_behavioral_validation,Neuraxis,development_pilot,PILOT2_PROTOCOL,Exploratory development data; second development iteration informed by Pilot 1; not independent confirmation; never pooled with the confirmatory held-out estimate,m-shift_gate_midpoint-3c7134e6ec,acnet2_pyr_soma,1,P04_step_2x,first_isi,exceeds,451.11999999958977,473.02999999956984,21.909999999980073,9.022399999991796,r-85c49aecb0e07f4c5069,r-790f5508d9e7a51b61b6
neuron_model_behavioral_validation,Neuraxis,development_pilot,PILOT2_PROTOCOL,Exploratory development data; second development iteration informed by Pilot 1; not independent confirmation; never pooled with the confirmatory held-out estimate,m-shift_gate_midpoint-3c7134e6ec,acnet2_pyr_soma,1,P05_long_step,first_isi,exceeds,585.3699999994676,603.2099999994514,17.839999999983775,11.707399999989352,r-f6700284baa99a5ef41f,r-ab49aaeecb1fe56235f7
neuron_model_behavioral_validation,Neuraxis,development_pilot,PILOT2_PROTOCOL,Exploratory development data; second development iteration informed by Pilot 1; not independent confirmation; never pooled with the confirmatory held-out estimate,m-shift_gate_midpoint-3c7134e6ec,acnet2_pyr_soma,2,P00_canonical,first_isi,exceeds,18.300000000009362,19.92000000001019,1.6200000000008288,0.5,r-2526a9bbad7e1faa361e,r-16e123e3ee5f1ee35449
neuron_model_behavioral_validation,Neuraxis,development_pilot,PILOT2_PROTOCOL,Exploratory development data; second development iteration informed by Pilot 1; not independent confirmation; never pooled with the confirmatory held-out estimate,m-shift_gate_midpoint-3c7134e6ec,acnet2_pyr_soma,2,P00_canonical,mean_frequency,exceeds,16.27074520014227,13.291812243667941,2.9789329564743277,0.8104548677951531,r-2526a9bbad7e1faa361e,r-16e123e3ee5f1ee35449
neuron_model_behavioral_validation,Neuraxis,development_pilot,PILOT2_PROTOCOL,Exploratory development data; second development iteration informed by Pilot 1; not independent confirmation; never pooled with the confirmatory held-out estimate,m-shift_gate_midpoint-3c7134e6ec,acnet2_pyr_soma,2,P04_step_2x,first_isi,exceeds,450.1799999995906,473.1699999995697,22.98999999997909,9.022399999991796,r-16be743cbc8f0485fd82,r-a5bccc7c66a919ba6d6d
neuron_model_behavioral_validation,Neuraxis,development_pilot,PILOT2_PROTOCOL,Exploratory development data; second development iteration informed by Pilot 1; not independent confirmation; never pooled with the confirmatory held-out estimate,m-shift_gate_midpoint-3c7134e6ec,acnet2_pyr_soma,2,P05_long_step,first_isi,exceeds,584.4299999994685,603.3199999994513,18.88999999998282,11.707399999989352,r-493fa57e11933a720397,r-99a34bbfaf1bb4a35a2d
neuron_model_behavioral_validation,Neuraxis,development_pilot,PILOT2_PROTOCOL,Exploratory development data; second development iteration informed by Pilot 1; not independent confirmation; never pooled with the confirmatory held-out estimate,m-scale_gate_slope-d122bda225,acnet2_pyr_soma,1,P00_canonical,baseline_voltage,exceeds,-65.95622943333215,-73.30702927725655,7.350799843924392,0.5,r-7ce2d1a0f19cc5d24572,r-3de6dd5309f1024f5822
neuron_model_behavioral_validation,Neuraxis,development_pilot,PILOT2_PROTOCOL,Exploratory development data; second development iteration informed by Pilot 1; not independent confirmation; never pooled with the confirmatory held-out estimate,m-scale_gate_slope-d122bda225,acnet2_pyr_soma,1,P00_canonical,first_isi,exceeds,18.340000000009383,30.17000000000327,11.829999999993888,0.5,r-7ce2d1a0f19cc5d24572,r-3de6dd5309f1024f5822
neuron_model_behavioral_validation,Neuraxis,development_pilot,PILOT2_PROTOCOL,Exploratory development data; second development iteration informed by Pilot 1; not independent confirmation; never pooled with the confirmatory held-out estimate,m-scale_gate_slope-d122bda225,acnet2_pyr_soma,1,P00_canonical,mean_frequency,exceeds,16.20909735590306,12.237904870695237,3.9711924852078244,0.8104548677951531,r-7ce2d1a0f19cc5d24572,r-3de6dd5309f1024f5822
neuron_model_behavioral_validation,Neuraxis,development_pilot,PILOT2_PROTOCOL,Exploratory development data; second development iteration informed by Pilot 1; not independent confirmation; never pooled with the confirmatory held-out estimate,m-scale_gate_slope-d122bda225,acnet2_pyr_soma,1,P02_weak_step,baseline_voltage,exceeds,-67.60466311136881,-71.63538476816824,4.030721656799429,0.5,r-85c49aecb0e07f4c5069,r-1d655b957b54a26bf16c
neuron_model_behavioral_validation,Neuraxis,development_pilot,PILOT2_PROTOCOL,Exploratory development data; second development iteration informed by Pilot 1; not independent confirmation; never pooled with the confirmatory held-out estimate,m-scale_gate_slope-d122bda225,acnet2_pyr_soma,1,P04_step_2x,ap_half_width,definedness,0.5699999999994816,,,0.05,r-85c49aecb0e07f4c5069,r-1d655b957b54a26bf16c
neuron_model_behavioral_validation,Neuraxis,development_pilot,PILOT2_PROTOCOL,Exploratory development data; second development iteration informed by Pilot 1; not independent confirmation; never pooled with the confirmatory held-out estimate,m-scale_gate_slope-d122bda225,acnet2_pyr_soma,1,P04_step_2x,firing_regime,categorical,tonic,silent,,,r-85c49aecb0e07f4c5069,r-1d655b957b54a26bf16c
neuron_model_behavioral_validation,Neuraxis,development_pilot,PILOT2_PROTOCOL,Exploratory development data; second development iteration informed by Pilot 1; not independent confirmation; never pooled with the confirmatory held-out estimate,m-scale_gate_slope-d122bda225,acnet2_pyr_soma,1,P04_step_2x,first_isi,definedness,451.11999999958977,,,9.022399999991796,r-85c49aecb0e07f4c5069,r-1d655b957b54a26bf16c
neuron_model_behavioral_validation,Neuraxis,development_pilot,PILOT2_PROTOCOL,Exploratory development data; second development iteration informed by Pilot 1; not independent confirmation; never pooled with the confirmatory held-out estimate,m-scale_gate_slope-d122bda225,acnet2_pyr_soma,1,P04_step_2x,mean_frequency,definedness,4.197007533633466,,,0.5,r-85c49aecb0e07f4c5069,r-1d655b957b54a26bf16c
neuron_model_behavioral_validation,Neuraxis,development_pilot,PILOT2_PROTOCOL,Exploratory development data; second development iteration informed by Pilot 1; not independent confirmation; never pooled with the confirmatory held-out estimate,m-scale_gate_slope-d122bda225,acnet2_pyr_soma,1,P05_long_step,ap_half_width,definedness,0.5699999999994816,,,0.05,r-f6700284baa99a5ef41f,r-2bdd2847d592c61bdf4e
neuron_model_behavioral_validation,Neuraxis,development_pilot,PILOT2_PROTOCOL,Exploratory development data; second development iteration informed by Pilot 1; not independent confirmation; never pooled with the confirmatory held-out estimate,m-scale_gate_slope-d122bda225,acnet2_pyr_soma,1,P05_long_step,burst_count,definedness,1.0,,,0.5,r-f6700284baa99a5ef41f,r-2bdd2847d592c61bdf4e
neuron_model_behavioral_validation,Neuraxis,development_pilot,PILOT2_PROTOCOL,Exploratory development data; second development iteration informed by Pilot 1; not independent confirmation; never pooled with the confirmatory held-out estimate,m-scale_gate_slope-d122bda225,acnet2_pyr_soma,1,P05_long_step,firing_regime,categorical,tonic,silent,,,r-f6700284baa99a5ef41f,r-2bdd2847d592c61bdf4e
neuron_model_behavioral_validation,Neuraxis,development_pilot,PILOT2_PROTOCOL,Exploratory development data; second development iteration informed by Pilot 1; not independent confirmation; never pooled with the confirmatory held-out estimate,m-scale_gate_slope-d122bda225,acnet2_pyr_soma,1,P05_long_step,first_isi,definedness,585.3699999994676,,,11.707399999989352,r-f6700284baa99a5ef41f,r-2bdd2847d592c61bdf4e
neuron_model_behavioral_validation,Neuraxis,development_pilot,PILOT2_PROTOCOL,Exploratory development data; second development iteration informed by Pilot 1; not independent confirmation; never pooled with the confirmatory held-out estimate,m-scale_gate_slope-d122bda225,acnet2_pyr_soma,1,P05_long_step,mean_frequency,definedness,2.2267623432228354,,,0.5,r-f6700284baa99a5ef41f,r-2bdd2847d592c61bdf4e
neuron_model_behavioral_validation,Neuraxis,development_pilot,PILOT2_PROTOCOL,Exploratory development data; second development iteration informed by Pilot 1; not independent confirmation; never pooled with the confirmatory held-out estimate,m-scale_gate_slope-d122bda225,acnet2_pyr_soma,1,P06_ramp,firing_regime,categorical,tonic,silent,,,r-ee8bcdd517fb72ba8d0c,r-631592fbdc43329e3cc1
neuron_model_behavioral_validation,Neuraxis,development_pilot,PILOT2_PROTOCOL,Exploratory development data; second development iteration informed by Pilot 1; not independent confirmation; never pooled with the confirmatory held-out estimate,m-scale_gate_slope-d122bda225,acnet2_pyr_soma,1,P06_ramp,mean_frequency,definedness,2.240017920145719,,,0.5,r-ee8bcdd517fb72ba8d0c,r-631592fbdc43329e3cc1
neuron_model_behavioral_validation,Neuraxis,development_pilot,PILOT2_PROTOCOL,Exploratory development data; second development iteration informed by Pilot 1; not independent confirmation; never pooled with the confirmatory held-out estimate,m-scale_gate_slope-d122bda225,acnet2_pyr_soma,1,P07_hyperpolarizing_step,baseline_voltage,exceeds,-67.60466311136881,-71.63538476816824,4.030721656799429,0.5,r-85c49aecb0e07f4c5069,r-1d655b957b54a26bf16c
neuron_model_behavioral_validation,Neuraxis,development_pilot,PILOT2_PROTOCOL,Exploratory development data; second development iteration informed by Pilot 1; not independent confirmation; never pooled with the confirmatory held-out estimate,m-scale_gate_slope-d122bda225,acnet2_pyr_soma,1,P07_hyperpolarizing_step,minimum_voltage,exceeds,-71.07988739013672,-72.67240142822266,1.5925140380859375,0.5,r-85c49aecb0e07f4c5069,r-1d655b957b54a26bf16c
neuron_model_behavioral_validation,Neuraxis,development_pilot,PILOT2_PROTOCOL,Exploratory development data; second development iteration informed by Pilot 1; not independent confirmation; never pooled with the confirmatory held-out estimate,m-scale_gate_slope-d122bda225,acnet2_pyr_soma,1,P07_hyperpolarizing_step,sag_ratio,exceeds,0.07644029205149086,0.8177685660620576,0.7413282740105668,0.02,r-85c49aecb0e07f4c5069,r-1d655b957b54a26bf16c
neuron_model_behavioral_validation,Neuraxis,development_pilot,PILOT2_PROTOCOL,Exploratory development data; second development iteration informed by Pilot 1; not independent confirmation; never pooled with the confirmatory held-out estimate,m-scale_gate_slope-d122bda225,acnet2_pyr_soma,1,P07_hyperpolarizing_step,voltage_deflection,exceeds,-3.20957711995446,-0.1889770329792526,3.0206000869752074,0.5,r-85c49aecb0e07f4c5069,r-1d655b957b54a26bf16c
neuron_model_behavioral_validation,Neuraxis,development_pilot,PILOT2_PROTOCOL,Exploratory development data; second development iteration informed by Pilot 1; not independent confirmation; never pooled with the confirmatory held-out estimate,m-scale_gate_slope-d122bda225,acnet2_pyr_soma,1,P08_rebound,maximum_voltage,exceeds,-66.67127990722656,-68.98635864257812,2.3150787353515625,1.0,r-2d208cbc545dcf997d15,r-09cc847afeb494595e3f
neuron_model_behavioral_validation,Neuraxis,development_pilot,PILOT2_PROTOCOL,Exploratory development data; second development iteration informed by Pilot 1; not independent confirmation; never pooled with the confirmatory held-out estimate,m-scale_gate_slope-d122bda225,acnet2_pyr_soma,2,P00_canonical,baseline_voltage,exceeds,-65.9562579345703,-73.30268628801618,7.346428353445873,0.5,r-2526a9bbad7e1faa361e,r-a4a2b5d29483817331f1
neuron_model_behavioral_validation,Neuraxis,development_pilot,PILOT2_PROTOCOL,Exploratory development data; second development iteration informed by Pilot 1; not independent confirmation; never pooled with the confirmatory held-out estimate,m-scale_gate_slope-d122bda225,acnet2_pyr_soma,2,P00_canonical,first_isi,exceeds,18.300000000009362,29.940000000003522,11.63999999999416,0.5,r-2526a9bbad7e1faa361e,r-a4a2b5d29483817331f1
neuron_model_behavioral_validation,Neuraxis,development_pilot,PILOT2_PROTOCOL,Exploratory development data; second development iteration informed by Pilot 1; not independent confirmation; never pooled with the confirmatory held-out estimate,m-scale_gate_slope-d122bda225,acnet2_pyr_soma,2,P00_canonical,mean_frequency,exceeds,16.27074520014227,12.277973315880448,3.9927718842618205,0.8104548677951531,r-2526a9bbad7e1faa361e,r-a4a2b5d29483817331f1
neuron_model_behavioral_validation,Neuraxis,development_pilot,PILOT2_PROTOCOL,Exploratory development data; second development iteration informed by Pilot 1; not independent confirmation; never pooled with the confirmatory held-out estimate,m-scale_gate_slope-d122bda225,acnet2_pyr_soma,2,P02_weak_step,baseline_voltage,exceeds,-67.60463941446939,-71.6257635421754,4.021124127706017,0.5,r-16be743cbc8f0485fd82,r-c108fbd02faa41f1324a
neuron_model_behavioral_validation,Neuraxis,development_pilot,PILOT2_PROTOCOL,Exploratory development data; second development iteration informed by Pilot 1; not independent confirmation; never pooled with the confirmatory held-out estimate,m-scale_gate_slope-d122bda225,acnet2_pyr_soma,2,P04_step_2x,ap_half_width,definedness,0.5699999999994816,,,0.05,r-16be743cbc8f0485fd82,r-c108fbd02faa41f1324a
neuron_model_behavioral_validation,Neuraxis,development_pilot,PILOT2_PROTOCOL,Exploratory development data; second development iteration informed by Pilot 1; not independent confirmation; never pooled with the confirmatory held-out estimate,m-scale_gate_slope-d122bda225,acnet2_pyr_soma,2,P04_step_2x,firing_regime,categorical,tonic,silent,,,r-16be743cbc8f0485fd82,r-c108fbd02faa41f1324a
neuron_model_behavioral_validation,Neuraxis,development_pilot,PILOT2_PROTOCOL,Exploratory development data; second development iteration informed by Pilot 1; not independent confirmation; never pooled with the confirmatory held-out estimate,m-scale_gate_slope-d122bda225,acnet2_pyr_soma,2,P04_step_2x,first_isi,definedness,450.1799999995906,,,9.022399999991796,r-16be743cbc8f0485fd82,r-c108fbd02faa41f1324a
neuron_model_behavioral_validation,Neuraxis,development_pilot,PILOT2_PROTOCOL,Exploratory development data; second development iteration informed by Pilot 1; not independent confirmation; never pooled with the confirmatory held-out estimate,m-scale_gate_slope-d122bda225,acnet2_pyr_soma,2,P04_step_2x,mean_frequency,definedness,4.2057450477401614,,,0.5,r-16be743cbc8f0485fd82,r-c108fbd02faa41f1324a
neuron_model_behavioral_validation,Neuraxis,development_pilot,PILOT2_PROTOCOL,Exploratory development data; second development iteration informed by Pilot 1; not independent confirmation; never pooled with the confirmatory held-out estimate,m-scale_gate_slope-d122bda225,acnet2_pyr_soma,2,P05_long_step,ap_half_width,definedness,0.5799999999994725,,,0.05,r-493fa57e11933a720397,r-8dd7401064025a5f2008
neuron_model_behavioral_validation,Neuraxis,development_pilot,PILOT2_PROTOCOL,Exploratory development data; second development iteration informed by Pilot 1; not independent confirmation; never pooled with the confirmatory held-out estimate,m-scale_gate_slope-d122bda225,acnet2_pyr_soma,2,P05_long_step,burst_count,definedness,1.0,,,0.5,r-493fa57e11933a720397,r-8dd7401064025a5f2008
neuron_model_behavioral_validation,Neuraxis,development_pilot,PILOT2_PROTOCOL,Exploratory development data; second development iteration informed by Pilot 1; not independent confirmation; never pooled with the confirmatory held-out estimate,m-scale_gate_slope-d122bda225,acnet2_pyr_soma,2,P05_long_step,firing_regime,categorical,tonic,silent,,,r-493fa57e11933a720397,r-8dd7401064025a5f2008
neuron_model_behavioral_validation,Neuraxis,development_pilot,PILOT2_PROTOCOL,Exploratory development data; second development iteration informed by Pilot 1; not independent confirmation; never pooled with the confirmatory held-out estimate,m-scale_gate_slope-d122bda225,acnet2_pyr_soma,2,P05_long_step,first_isi,definedness,584.4299999994685,,,11.707399999989352,r-493fa57e11933a720397,r-8dd7401064025a5f2008
neuron_model_behavioral_validation,Neuraxis,development_pilot,PILOT2_PROTOCOL,Exploratory development data; second development iteration informed by Pilot 1; not independent confirmation; never pooled with the confirmatory held-out estimate,m-scale_gate_slope-d122bda225,acnet2_pyr_soma,2,P05_long_step,mean_frequency,definedness,2.2302884320523764,,,0.5,r-493fa57e11933a720397,r-8dd7401064025a5f2008
neuron_model_behavioral_validation,Neuraxis,development_pilot,PILOT2_PROTOCOL,Exploratory development data; second development iteration informed by Pilot 1; not independent confirmation; never pooled with the confirmatory held-out estimate,m-scale_gate_slope-d122bda225,acnet2_pyr_soma,2,P06_ramp,firing_regime,categorical,tonic,silent,,,r-2e3e935d6ecd1df4b94b,r-077aa1d31e703c05d28c
neuron_model_behavioral_validation,Neuraxis,development_pilot,PILOT2_PROTOCOL,Exploratory development data; second development iteration informed by Pilot 1; not independent confirmation; never pooled with the confirmatory held-out estimate,m-scale_gate_slope-d122bda225,acnet2_pyr_soma,2,P06_ramp,mean_frequency,definedness,2.2421273304134544,,,0.5,r-2e3e935d6ecd1df4b94b,r-077aa1d31e703c05d28c
neuron_model_behavioral_validation,Neuraxis,development_pilot,PILOT2_PROTOCOL,Exploratory development data; second development iteration informed by Pilot 1; not independent confirmation; never pooled with the confirmatory held-out estimate,m-scale_gate_slope-d122bda225,acnet2_pyr_soma,2,P07_hyperpolarizing_step,baseline_voltage,exceeds,-67.60463941446939,-71.6257635421754,4.021124127706017,0.5,r-16be743cbc8f0485fd82,r-c108fbd02faa41f1324a
neuron_model_behavioral_validation,Neuraxis,development_pilot,PILOT2_PROTOCOL,Exploratory development data; second development iteration informed by Pilot 1; not independent confirmation; never pooled with the confirmatory held-out estimate,m-scale_gate_slope-d122bda225,acnet2_pyr_soma,2,P07_hyperpolarizing_step,minimum_voltage,exceeds,-71.0798568725586,-72.6669921875,1.5871353149414062,0.5,r-16be743cbc8f0485fd82,r-c108fbd02faa41f1324a
neuron_model_behavioral_validation,Neuraxis,development_pilot,PILOT2_PROTOCOL,Exploratory development data; second development iteration informed by Pilot 1; not independent confirmation; never pooled with the confirmatory held-out estimate,m-scale_gate_slope-d122bda225,acnet2_pyr_soma,2,P07_hyperpolarizing_step,sag_ratio,exceeds,0.07643158331354749,0.8092647771910482,0.7328331938775007,0.02,r-16be743cbc8f0485fd82,r-c108fbd02faa41f1324a
neuron_model_behavioral_validation,Neuraxis,development_pilot,PILOT2_PROTOCOL,Exploratory development data; second development iteration informed by Pilot 1; not independent confirmation; never pooled with the confirmatory held-out estimate,m-scale_gate_slope-d122bda225,acnet2_pyr_soma,2,P07_hyperpolarizing_step,voltage_deflection,exceeds,-3.209601085408565,-0.1985989776610495,3.0110021077475153,0.5,r-16be743cbc8f0485fd82,r-c108fbd02faa41f1324a
neuron_model_behavioral_validation,Neuraxis,development_pilot,PILOT2_PROTOCOL,Exploratory development data; second development iteration informed by Pilot 1; not independent confirmation; never pooled with the confirmatory held-out estimate,m-scale_gate_slope-d122bda225,acnet2_pyr_soma,2,P08_rebound,maximum_voltage,exceeds,-66.67135620117188,-68.98639678955078,2.3150405883789062,1.0,r-9a4410c4bbb6d01c1bee,r-390055530c23bd532231
neuron_model_behavioral_validation,Neuraxis,development_pilot,PILOT2_PROTOCOL,Exploratory development data; second development iteration informed by Pilot 1; not independent confirmation; never pooled with the confirmatory held-out estimate,m-shift_forward_rate_midpoint-26075274d4,acnet2_pyr_soma,1,P00_canonical,baseline_voltage,exceeds,-65.95622943333215,-73.34128840855193,7.385058975219778,0.5,r-7ce2d1a0f19cc5d24572,r-096dc4273f8b10fd509b
neuron_model_behavioral_validation,Neuraxis,development_pilot,PILOT2_PROTOCOL,Exploratory development data; second development iteration informed by Pilot 1; not independent confirmation; never pooled with the confirmatory held-out estimate,m-shift_forward_rate_midpoint-26075274d4,acnet2_pyr_soma,1,P00_canonical,first_isi,exceeds,18.340000000009383,30.000000000003553,11.65999999999417,0.5,r-7ce2d1a0f19cc5d24572,r-096dc4273f8b10fd509b
neuron_model_behavioral_validation,Neuraxis,development_pilot,PILOT2_PROTOCOL,Exploratory development data; second development iteration informed by Pilot 1; not independent confirmation; never pooled with the confirmatory held-out estimate,m-shift_forward_rate_midpoint-26075274d4,acnet2_pyr_soma,1,P00_canonical,mean_frequency,exceeds,16.20909735590306,15.005037405425703,1.2040599504773581,0.8104548677951531,r-7ce2d1a0f19cc5d24572,r-096dc4273f8b10fd509b
neuron_model_behavioral_validation,Neuraxis,development_pilot,PILOT2_PROTOCOL,Exploratory development data; second development iteration informed by Pilot 1; not independent confirmation; never pooled with the confirmatory held-out estimate,m-shift_forward_rate_midpoint-26075274d4,acnet2_pyr_soma,1,P02_weak_step,baseline_voltage,exceeds,-67.60466311136881,-71.92597583007826,4.32131271870945,0.5,r-85c49aecb0e07f4c5069,r-75bc8d3abd4d2f78f95f
neuron_model_behavioral_validation,Neuraxis,development_pilot,PILOT2_PROTOCOL,Exploratory development data; second development iteration informed by Pilot 1; not independent confirmation; never pooled with the confirmatory held-out estimate,m-shift_forward_rate_midpoint-26075274d4,acnet2_pyr_soma,1,P02_weak_step,voltage_deflection,exceeds,1.3910185084025102,6.623022090149135,5.232003581746625,0.5,r-85c49aecb0e07f4c5069,r-75bc8d3abd4d2f78f95f
neuron_model_behavioral_validation,Neuraxis,development_pilot,PILOT2_PROTOCOL,Exploratory development data; second development iteration informed by Pilot 1; not independent confirmation; never pooled with the confirmatory held-out estimate,m-shift_forward_rate_midpoint-26075274d4,acnet2_pyr_soma,1,P04_step_2x,firing_regime,categorical,tonic,single_spike,,,r-85c49aecb0e07f4c5069,r-75bc8d3abd4d2f78f95f
neuron_model_behavioral_validation,Neuraxis,development_pilot,PILOT2_PROTOCOL,Exploratory development data; second development iteration informed by Pilot 1; not independent confirmation; never pooled with the confirmatory held-out estimate,m-shift_forward_rate_midpoint-26075274d4,acnet2_pyr_soma,1,P04_step_2x,first_isi,definedness,451.11999999958977,,,9.022399999991796,r-85c49aecb0e07f4c5069,r-75bc8d3abd4d2f78f95f
neuron_model_behavioral_validation,Neuraxis,development_pilot,PILOT2_PROTOCOL,Exploratory development data; second development iteration informed by Pilot 1; not independent confirmation; never pooled with the confirmatory held-out estimate,m-shift_forward_rate_midpoint-26075274d4,acnet2_pyr_soma,1,P04_step_2x,mean_frequency,definedness,4.197007533633466,,,0.5,r-85c49aecb0e07f4c5069,r-75bc8d3abd4d2f78f95f
neuron_model_behavioral_validation,Neuraxis,development_pilot,PILOT2_PROTOCOL,Exploratory development data; second development iteration informed by Pilot 1; not independent confirmation; never pooled with the confirmatory held-out estimate,m-shift_forward_rate_midpoint-26075274d4,acnet2_pyr_soma,1,P05_long_step,first_isi,exceeds,585.3699999994676,447.8699999995927,137.4999999998749,11.707399999989352,r-f6700284baa99a5ef41f,r-604fcd4eb71b0c69defe
neuron_model_behavioral_validation,Neuraxis,development_pilot,PILOT2_PROTOCOL,Exploratory development data; second development iteration informed by Pilot 1; not independent confirmation; never pooled with the confirmatory held-out estimate,m-shift_forward_rate_midpoint-26075274d4,acnet2_pyr_soma,1,P06_ramp,mean_frequency,exceeds,2.240017920145719,2.827174804221227,0.5871568840755077,0.5,r-ee8bcdd517fb72ba8d0c,r-b43f8e84d9ace69d8408
neuron_model_behavioral_validation,Neuraxis,development_pilot,PILOT2_PROTOCOL,Exploratory development data; second development iteration informed by Pilot 1; not independent confirmation; never pooled with the confirmatory held-out estimate,m-shift_forward_rate_midpoint-26075274d4,acnet2_pyr_soma,1,P07_hyperpolarizing_step,baseline_voltage,exceeds,-67.60466311136881,-71.92597583007826,4.32131271870945,0.5,r-85c49aecb0e07f4c5069,r-75bc8d3abd4d2f78f95f
neuron_model_behavioral_validation,Neuraxis,development_pilot,PILOT2_PROTOCOL,Exploratory development data; second development iteration informed by Pilot 1; not independent confirmation; never pooled with the confirmatory held-out estimate,m-shift_forward_rate_midpoint-26075274d4,acnet2_pyr_soma,1,P07_hyperpolarizing_step,minimum_voltage,exceeds,-71.07988739013672,-72.98823547363281,1.9083480834960938,0.5,r-85c49aecb0e07f4c5069,r-75bc8d3abd4d2f78f95f
neuron_model_behavioral_validation,Neuraxis,development_pilot,PILOT2_PROTOCOL,Exploratory development data; second development iteration informed by Pilot 1; not independent confirmation; never pooled with the confirmatory held-out estimate,m-shift_forward_rate_midpoint-26075274d4,acnet2_pyr_soma,1,P07_hyperpolarizing_step,sag_ratio,definedness,0.07644029205149086,,,0.02,r-85c49aecb0e07f4c5069,r-75bc8d3abd4d2f78f95f
neuron_model_behavioral_validation,Neuraxis,development_pilot,PILOT2_PROTOCOL,Exploratory development data; second development iteration informed by Pilot 1; not independent confirmation; never pooled with the confirmatory held-out estimate,m-shift_forward_rate_midpoint-26075274d4,acnet2_pyr_soma,1,P07_hyperpolarizing_step,voltage_deflection,exceeds,-3.20957711995446,1.237208589172468,4.446785709126928,0.5,r-85c49aecb0e07f4c5069,r-75bc8d3abd4d2f78f95f
neuron_model_behavioral_validation,Neuraxis,development_pilot,PILOT2_PROTOCOL,Exploratory development data; second development iteration informed by Pilot 1; not independent confirmation; never pooled with the confirmatory held-out estimate,m-shift_forward_rate_midpoint-26075274d4,acnet2_pyr_soma,1,P08_rebound,maximum_voltage,exceeds,-66.67127990722656,-65.57047271728516,1.1008071899414062,1.0,r-2d208cbc545dcf997d15,r-e90918a9f63f1c68a698
neuron_model_behavioral_validation,Neuraxis,development_pilot,PILOT2_PROTOCOL,Exploratory development data; second development iteration informed by Pilot 1; not independent confirmation; never pooled with the confirmatory held-out estimate,m-shift_forward_rate_midpoint-26075274d4,acnet2_pyr_soma,2,P00_canonical,baseline_voltage,exceeds,-65.9562579345703,-73.33625830514094,7.380000370570642,0.5,r-2526a9bbad7e1faa361e,r-68815197f2b7b516dd6d
neuron_model_behavioral_validation,Neuraxis,development_pilot,PILOT2_PROTOCOL,Exploratory development data; second development iteration informed by Pilot 1; not independent confirmation; never pooled with the confirmatory held-out estimate,m-shift_forward_rate_midpoint-26075274d4,acnet2_pyr_soma,2,P00_canonical,first_isi,exceeds,18.300000000009362,29.780000000003795,11.479999999994433,0.5,r-2526a9bbad7e1faa361e,r-68815197f2b7b516dd6d
neuron_model_behavioral_validation,Neuraxis,development_pilot,PILOT2_PROTOCOL,Exploratory development data; second development iteration informed by Pilot 1; not independent confirmation; never pooled with the confirmatory held-out estimate,m-shift_forward_rate_midpoint-26075274d4,acnet2_pyr_soma,2,P00_canonical,mean_frequency,exceeds,16.27074520014227,15.05667763654286,1.214067563599409,0.8104548677951531,r-2526a9bbad7e1faa361e,r-68815197f2b7b516dd6d
neuron_model_behavioral_validation,Neuraxis,development_pilot,PILOT2_PROTOCOL,Exploratory development data; second development iteration informed by Pilot 1; not independent confirmation; never pooled with the confirmatory held-out estimate,m-shift_forward_rate_midpoint-26075274d4,acnet2_pyr_soma,2,P02_weak_step,baseline_voltage,exceeds,-67.60463941446939,-71.91327468872086,4.308635274251472,0.5,r-16be743cbc8f0485fd82,r-2944d4c33a00e7af9181
neuron_model_behavioral_validation,Neuraxis,development_pilot,PILOT2_PROTOCOL,Exploratory development data; second development iteration informed by Pilot 1; not independent confirmation; never pooled with the confirmatory held-out estimate,m-shift_forward_rate_midpoint-26075274d4,acnet2_pyr_soma,2,P02_weak_step,voltage_deflection,exceeds,1.390995571390789,6.608952337646727,5.217956766255938,0.5,r-16be743cbc8f0485fd82,r-2944d4c33a00e7af9181
neuron_model_behavioral_validation,Neuraxis,development_pilot,PILOT2_PROTOCOL,Exploratory development data; second development iteration informed by Pilot 1; not independent confirmation; never pooled with the confirmatory held-out estimate,m-shift_forward_rate_midpoint-26075274d4,acnet2_pyr_soma,2,P04_step_2x,firing_regime,categorical,tonic,single_spike,,,r-16be743cbc8f0485fd82,r-2944d4c33a00e7af9181
neuron_model_behavioral_validation,Neuraxis,development_pilot,PILOT2_PROTOCOL,Exploratory development data; second development iteration informed by Pilot 1; not independent confirmation; never pooled with the confirmatory held-out estimate,m-shift_forward_rate_midpoint-26075274d4,acnet2_pyr_soma,2,P04_step_2x,first_isi,definedness,450.1799999995906,,,9.022399999991796,r-16be743cbc8f0485fd82,r-2944d4c33a00e7af9181
neuron_model_behavioral_validation,Neuraxis,development_pilot,PILOT2_PROTOCOL,Exploratory development data; second development iteration informed by Pilot 1; not independent confirmation; never pooled with the confirmatory held-out estimate,m-shift_forward_rate_midpoint-26075274d4,acnet2_pyr_soma,2,P04_step_2x,mean_frequency,definedness,4.2057450477401614,,,0.5,r-16be743cbc8f0485fd82,r-2944d4c33a00e7af9181
neuron_model_behavioral_validation,Neuraxis,development_pilot,PILOT2_PROTOCOL,Exploratory development data; second development iteration informed by Pilot 1; not independent confirmation; never pooled with the confirmatory held-out estimate,m-shift_forward_rate_midpoint-26075274d4,acnet2_pyr_soma,2,P05_long_step,first_isi,exceeds,584.4299999994685,447.08999999959343,137.33999999987503,11.707399999989352,r-493fa57e11933a720397,r-1ff2b706e63d1424c176
neuron_model_behavioral_validation,Neuraxis,development_pilot,PILOT2_PROTOCOL,Exploratory development data; second development iteration informed by Pilot 1; not independent confirmation; never pooled with the confirmatory held-out estimate,m-shift_forward_rate_midpoint-26075274d4,acnet2_pyr_soma,2,P06_ramp,mean_frequency,exceeds,2.2421273304134544,2.8312570781457826,0.5891297477323283,0.5,r-2e3e935d6ecd1df4b94b,r-620f433a146cc1326b72
neuron_model_behavioral_validation,Neuraxis,development_pilot,PILOT2_PROTOCOL,Exploratory development data; second development iteration informed by Pilot 1; not independent confirmation; never pooled with the confirmatory held-out estimate,m-shift_forward_rate_midpoint-26075274d4,acnet2_pyr_soma,2,P07_hyperpolarizing_step,baseline_voltage,exceeds,-67.60463941446939,-71.91327468872086,4.308635274251472,0.5,r-16be743cbc8f0485fd82,r-2944d4c33a00e7af9181
neuron_model_behavioral_validation,Neuraxis,development_pilot,PILOT2_PROTOCOL,Exploratory development data; second development iteration informed by Pilot 1; not independent confirmation; never pooled with the confirmatory held-out estimate,m-shift_forward_rate_midpoint-26075274d4,acnet2_pyr_soma,2,P07_hyperpolarizing_step,minimum_voltage,exceeds,-71.0798568725586,-72.9797592163086,1.89990234375,0.5,r-16be743cbc8f0485fd82,r-2944d4c33a00e7af9181
neuron_model_behavioral_validation,Neuraxis,development_pilot,PILOT2_PROTOCOL,Exploratory development data; second development iteration informed by Pilot 1; not independent confirmation; never pooled with the confirmatory held-out estimate,m-shift_forward_rate_midpoint-26075274d4,acnet2_pyr_soma,2,P07_hyperpolarizing_step,sag_ratio,definedness,0.07643158331354749,,,0.02,r-16be743cbc8f0485fd82,r-2944d4c33a00e7af9181
neuron_model_behavioral_validation,Neuraxis,development_pilot,PILOT2_PROTOCOL,Exploratory development data; second development iteration informed by Pilot 1; not independent confirmation; never pooled with the confirmatory held-out estimate,m-shift_forward_rate_midpoint-26075274d4,acnet2_pyr_soma,2,P07_hyperpolarizing_step,voltage_deflection,exceeds,-3.209601085408565,1.2249452346802912,4.434546320088856,0.5,r-16be743cbc8f0485fd82,r-2944d4c33a00e7af9181
neuron_model_behavioral_validation,Neuraxis,development_pilot,PILOT2_PROTOCOL,Exploratory development data; second development iteration informed by Pilot 1; not independent confirmation; never pooled with the confirmatory held-out estimate,m-shift_forward_rate_midpoint-26075274d4,acnet2_pyr_soma,2,P08_rebound,maximum_voltage,exceeds,-66.67135620117188,-65.56979370117188,1.1015625,1.0,r-9a4410c4bbb6d01c1bee,r-55af843f3c6c0258c717
neuron_model_behavioral_validation,Neuraxis,development_pilot,PILOT2_PROTOCOL,Exploratory development data; second development iteration informed by Pilot 1; not independent confirmation; never pooled with the confirmatory held-out estimate,m-wrong_channel-749374c5d2,acnet2_pyr_soma,1,P00_canonical,ap_half_width,definedness,0.5800000000002967,,,0.05,r-7ce2d1a0f19cc5d24572,r-23972b8c18c24acdc5e7
neuron_model_behavioral_validation,Neuraxis,development_pilot,PILOT2_PROTOCOL,Exploratory development data; second development iteration informed by Pilot 1; not independent confirmation; never pooled with the confirmatory held-out estimate,m-wrong_channel-749374c5d2,acnet2_pyr_soma,1,P00_canonical,baseline_voltage,exceeds,-65.95622943333215,8.584337654113773,74.54056708744592,0.5,r-7ce2d1a0f19cc5d24572,r-23972b8c18c24acdc5e7
neuron_model_behavioral_validation,Neuraxis,development_pilot,PILOT2_PROTOCOL,Exploratory development data; second development iteration informed by Pilot 1; not independent confirmation; never pooled with the confirmatory held-out estimate,m-wrong_channel-749374c5d2,acnet2_pyr_soma,1,P00_canonical,firing_regime,categorical,tonic,silent,,,r-7ce2d1a0f19cc5d24572,r-23972b8c18c24acdc5e7
neuron_model_behavioral_validation,Neuraxis,development_pilot,PILOT2_PROTOCOL,Exploratory development data; second development iteration informed by Pilot 1; not independent confirmation; never pooled with the confirmatory held-out estimate,m-wrong_channel-749374c5d2,acnet2_pyr_soma,1,P00_canonical,first_isi,definedness,18.340000000009383,,,0.5,r-7ce2d1a0f19cc5d24572,r-23972b8c18c24acdc5e7
neuron_model_behavioral_validation,Neuraxis,development_pilot,PILOT2_PROTOCOL,Exploratory development data; second development iteration informed by Pilot 1; not independent confirmation; never pooled with the confirmatory held-out estimate,m-wrong_channel-749374c5d2,acnet2_pyr_soma,1,P00_canonical,mean_frequency,definedness,16.20909735590306,,,0.8104548677951531,r-7ce2d1a0f19cc5d24572,r-23972b8c18c24acdc5e7
neuron_model_behavioral_validation,Neuraxis,development_pilot,PILOT2_PROTOCOL,Exploratory development data; second development iteration informed by Pilot 1; not independent confirmation; never pooled with the confirmatory held-out estimate,m-wrong_channel-749374c5d2,acnet2_pyr_soma,1,P02_weak_step,baseline_voltage,exceeds,-67.60466311136881,7.219661815325501,74.8243249266943,0.5,r-85c49aecb0e07f4c5069,r-218ebe9eceb2e14e82be
neuron_model_behavioral_validation,Neuraxis,development_pilot,PILOT2_PROTOCOL,Exploratory development data; second development iteration informed by Pilot 1; not independent confirmation; never pooled with the confirmatory held-out estimate,m-wrong_channel-749374c5d2,acnet2_pyr_soma,1,P02_weak_step,voltage_deflection,exceeds,1.3910185084025102,-0.6308793409983862,2.0218978494008963,0.5,r-85c49aecb0e07f4c5069,r-218ebe9eceb2e14e82be
neuron_model_behavioral_validation,Neuraxis,development_pilot,PILOT2_PROTOCOL,Exploratory development data; second development iteration informed by Pilot 1; not independent confirmation; never pooled with the confirmatory held-out estimate,m-wrong_channel-749374c5d2,acnet2_pyr_soma,1,P04_step_2x,ap_half_width,definedness,0.5699999999994816,,,0.05,r-85c49aecb0e07f4c5069,r-218ebe9eceb2e14e82be
neuron_model_behavioral_validation,Neuraxis,development_pilot,PILOT2_PROTOCOL,Exploratory development data; second development iteration informed by Pilot 1; not independent confirmation; never pooled with the confirmatory held-out estimate,m-wrong_channel-749374c5d2,acnet2_pyr_soma,1,P04_step_2x,firing_regime,categorical,tonic,silent,,,r-85c49aecb0e07f4c5069,r-218ebe9eceb2e14e82be
neuron_model_behavioral_validation,Neuraxis,development_pilot,PILOT2_PROTOCOL,Exploratory development data; second development iteration informed by Pilot 1; not independent confirmation; never pooled with the confirmatory held-out estimate,m-wrong_channel-749374c5d2,acnet2_pyr_soma,1,P04_step_2x,first_isi,definedness,451.11999999958977,,,9.022399999991796,r-85c49aecb0e07f4c5069,r-218ebe9eceb2e14e82be
neuron_model_behavioral_validation,Neuraxis,development_pilot,PILOT2_PROTOCOL,Exploratory development data; second development iteration informed by Pilot 1; not independent confirmation; never pooled with the confirmatory held-out estimate,m-wrong_channel-749374c5d2,acnet2_pyr_soma,1,P04_step_2x,mean_frequency,definedness,4.197007533633466,,,0.5,r-85c49aecb0e07f4c5069,r-218ebe9eceb2e14e82be
neuron_model_behavioral_validation,Neuraxis,development_pilot,PILOT2_PROTOCOL,Exploratory development data; second development iteration informed by Pilot 1; not independent confirmation; never pooled with the confirmatory held-out estimate,m-wrong_channel-749374c5d2,acnet2_pyr_soma,1,P05_long_step,ap_half_width,definedness,0.5699999999994816,,,0.05,r-f6700284baa99a5ef41f,r-6b028bf12739a797dad1
neuron_model_behavioral_validation,Neuraxis,development_pilot,PILOT2_PROTOCOL,Exploratory development data; second development iteration informed by Pilot 1; not independent confirmation; never pooled with the confirmatory held-out estimate,m-wrong_channel-749374c5d2,acnet2_pyr_soma,1,P05_long_step,burst_count,definedness,1.0,,,0.5,r-f6700284baa99a5ef41f,r-6b028bf12739a797dad1
neuron_model_behavioral_validation,Neuraxis,development_pilot,PILOT2_PROTOCOL,Exploratory development data; second development iteration informed by Pilot 1; not independent confirmation; never pooled with the confirmatory held-out estimate,m-wrong_channel-749374c5d2,acnet2_pyr_soma,1,P05_long_step,firing_regime,categorical,tonic,silent,,,r-f6700284baa99a5ef41f,r-6b028bf12739a797dad1
neuron_model_behavioral_validation,Neuraxis,development_pilot,PILOT2_PROTOCOL,Exploratory development data; second development iteration informed by Pilot 1; not independent confirmation; never pooled with the confirmatory held-out estimate,m-wrong_channel-749374c5d2,acnet2_pyr_soma,1,P05_long_step,first_isi,definedness,585.3699999994676,,,11.707399999989352,r-f6700284baa99a5ef41f,r-6b028bf12739a797dad1
neuron_model_behavioral_validation,Neuraxis,development_pilot,PILOT2_PROTOCOL,Exploratory development data; second development iteration informed by Pilot 1; not independent confirmation; never pooled with the confirmatory held-out estimate,m-wrong_channel-749374c5d2,acnet2_pyr_soma,1,P05_long_step,mean_frequency,definedness,2.2267623432228354,,,0.5,r-f6700284baa99a5ef41f,r-6b028bf12739a797dad1
neuron_model_behavioral_validation,Neuraxis,development_pilot,PILOT2_PROTOCOL,Exploratory development data; second development iteration informed by Pilot 1; not independent confirmation; never pooled with the confirmatory held-out estimate,m-wrong_channel-749374c5d2,acnet2_pyr_soma,1,P06_ramp,firing_regime,categorical,tonic,silent,,,r-ee8bcdd517fb72ba8d0c,r-d44bd463765e16639da5
neuron_model_behavioral_validation,Neuraxis,development_pilot,PILOT2_PROTOCOL,Exploratory development data; second development iteration informed by Pilot 1; not independent confirmation; never pooled with the confirmatory held-out estimate,m-wrong_channel-749374c5d2,acnet2_pyr_soma,1,P06_ramp,mean_frequency,definedness,2.240017920145719,,,0.5,r-ee8bcdd517fb72ba8d0c,r-d44bd463765e16639da5
neuron_model_behavioral_validation,Neuraxis,development_pilot,PILOT2_PROTOCOL,Exploratory development data; second development iteration informed by Pilot 1; not independent confirmation; never pooled with the confirmatory held-out estimate,m-wrong_channel-749374c5d2,acnet2_pyr_soma,1,P07_hyperpolarizing_step,baseline_voltage,exceeds,-67.60466311136881,7.219661815325501,74.8243249266943,0.5,r-85c49aecb0e07f4c5069,r-218ebe9eceb2e14e82be
neuron_model_behavioral_validation,Neuraxis,development_pilot,PILOT2_PROTOCOL,Exploratory development data; second development iteration informed by Pilot 1; not independent confirmation; never pooled with the confirmatory held-out estimate,m-wrong_channel-749374c5d2,acnet2_pyr_soma,1,P07_hyperpolarizing_step,minimum_voltage,exceeds,-71.07988739013672,6.5803422927857005,77.66022968292242,0.5,r-85c49aecb0e07f4c5069,r-218ebe9eceb2e14e82be
neuron_model_behavioral_validation,Neuraxis,development_pilot,PILOT2_PROTOCOL,Exploratory development data; second development iteration informed by Pilot 1; not independent confirmation; never pooled with the confirmatory held-out estimate,m-wrong_channel-749374c5d2,acnet2_pyr_soma,1,P07_hyperpolarizing_step,sag_ratio,exceeds,0.07644029205149086,0.0070294137506545715,0.06941087830083628,0.02,r-85c49aecb0e07f4c5069,r-218ebe9eceb2e14e82be
neuron_model_behavioral_validation,Neuraxis,development_pilot,PILOT2_PROTOCOL,Exploratory development data; second development iteration informed by Pilot 1; not independent confirmation; never pooled with the confirmatory held-out estimate,m-wrong_channel-749374c5d2,acnet2_pyr_soma,1,P07_hyperpolarizing_step,voltage_deflection,exceeds,-3.20957711995446,-0.6348254810969971,2.574751638857463,0.5,r-85c49aecb0e07f4c5069,r-218ebe9eceb2e14e82be
neuron_model_behavioral_validation,Neuraxis,development_pilot,PILOT2_PROTOCOL,Exploratory development data; second development iteration informed by Pilot 1; not independent confirmation; never pooled with the confirmatory held-out estimate,m-wrong_channel-749374c5d2,acnet2_pyr_soma,1,P08_rebound,maximum_voltage,exceeds,-66.67127990722656,6.58540678024292,73.25668668746948,1.0,r-2d208cbc545dcf997d15,r-93f1445cd5976d2b5b57
neuron_model_behavioral_validation,Neuraxis,development_pilot,PILOT2_PROTOCOL,Exploratory development data; second development iteration informed by Pilot 1; not independent confirmation; never pooled with the confirmatory held-out estimate,m-wrong_channel-749374c5d2,acnet2_pyr_soma,2,P00_canonical,ap_half_width,definedness,0.5800000000002967,,,0.05,r-2526a9bbad7e1faa361e,r-590a0d1f05013a0d4341
neuron_model_behavioral_validation,Neuraxis,development_pilot,PILOT2_PROTOCOL,Exploratory development data; second development iteration informed by Pilot 1; not independent confirmation; never pooled with the confirmatory held-out estimate,m-wrong_channel-749374c5d2,acnet2_pyr_soma,2,P00_canonical,baseline_voltage,exceeds,-65.9562579345703,8.58431420734951,74.54057214191981,0.5,r-2526a9bbad7e1faa361e,r-590a0d1f05013a0d4341
neuron_model_behavioral_validation,Neuraxis,development_pilot,PILOT2_PROTOCOL,Exploratory development data; second development iteration informed by Pilot 1; not independent confirmation; never pooled with the confirmatory held-out estimate,m-wrong_channel-749374c5d2,acnet2_pyr_soma,2,P00_canonical,firing_regime,categorical,tonic,silent,,,r-2526a9bbad7e1faa361e,r-590a0d1f05013a0d4341
neuron_model_behavioral_validation,Neuraxis,development_pilot,PILOT2_PROTOCOL,Exploratory development data; second development iteration informed by Pilot 1; not independent confirmation; never pooled with the confirmatory held-out estimate,m-wrong_channel-749374c5d2,acnet2_pyr_soma,2,P00_canonical,first_isi,definedness,18.300000000009362,,,0.5,r-2526a9bbad7e1faa361e,r-590a0d1f05013a0d4341
neuron_model_behavioral_validation,Neuraxis,development_pilot,PILOT2_PROTOCOL,Exploratory development data; second development iteration informed by Pilot 1; not independent confirmation; never pooled with the confirmatory held-out estimate,m-wrong_channel-749374c5d2,acnet2_pyr_soma,2,P00_canonical,mean_frequency,definedness,16.27074520014227,,,0.8104548677951531,r-2526a9bbad7e1faa361e,r-590a0d1f05013a0d4341
neuron_model_behavioral_validation,Neuraxis,development_pilot,PILOT2_PROTOCOL,Exploratory development data; second development iteration informed by Pilot 1; not independent confirmation; never pooled with the confirmatory held-out estimate,m-wrong_channel-749374c5d2,acnet2_pyr_soma,2,P02_weak_step,baseline_voltage,exceeds,-67.60463941446939,7.219650001684906,74.8242894161543,0.5,r-16be743cbc8f0485fd82,r-bcb915e510f71b7bb39f
neuron_model_behavioral_validation,Neuraxis,development_pilot,PILOT2_PROTOCOL,Exploratory development data; second development iteration informed by Pilot 1; not independent confirmation; never pooled with the confirmatory held-out estimate,m-wrong_channel-749374c5d2,acnet2_pyr_soma,2,P02_weak_step,voltage_deflection,exceeds,1.390995571390789,-0.6308673249881025,2.0218628963788916,0.5,r-16be743cbc8f0485fd82,r-bcb915e510f71b7bb39f
neuron_model_behavioral_validation,Neuraxis,development_pilot,PILOT2_PROTOCOL,Exploratory development data; second development iteration informed by Pilot 1; not independent confirmation; never pooled with the confirmatory held-out estimate,m-wrong_channel-749374c5d2,acnet2_pyr_soma,2,P04_step_2x,ap_half_width,definedness,0.5699999999994816,,,0.05,r-16be743cbc8f0485fd82,r-bcb915e510f71b7bb39f
neuron_model_behavioral_validation,Neuraxis,development_pilot,PILOT2_PROTOCOL,Exploratory development data; second development iteration informed by Pilot 1; not independent confirmation; never pooled with the confirmatory held-out estimate,m-wrong_channel-749374c5d2,acnet2_pyr_soma,2,P04_step_2x,firing_regime,categorical,tonic,silent,,,r-16be743cbc8f0485fd82,r-bcb915e510f71b7bb39f
neuron_model_behavioral_validation,Neuraxis,development_pilot,PILOT2_PROTOCOL,Exploratory development data; second development iteration informed by Pilot 1; not independent confirmation; never pooled with the confirmatory held-out estimate,m-wrong_channel-749374c5d2,acnet2_pyr_soma,2,P04_step_2x,first_isi,definedness,450.1799999995906,,,9.022399999991796,r-16be743cbc8f0485fd82,r-bcb915e510f71b7bb39f
neuron_model_behavioral_validation,Neuraxis,development_pilot,PILOT2_PROTOCOL,Exploratory development data; second development iteration informed by Pilot 1; not independent confirmation; never pooled with the confirmatory held-out estimate,m-wrong_channel-749374c5d2,acnet2_pyr_soma,2,P04_step_2x,mean_frequency,definedness,4.2057450477401614,,,0.5,r-16be743cbc8f0485fd82,r-bcb915e510f71b7bb39f
neuron_model_behavioral_validation,Neuraxis,development_pilot,PILOT2_PROTOCOL,Exploratory development data; second development iteration informed by Pilot 1; not independent confirmation; never pooled with the confirmatory held-out estimate,m-wrong_channel-749374c5d2,acnet2_pyr_soma,2,P05_long_step,ap_half_width,definedness,0.5799999999994725,,,0.05,r-493fa57e11933a720397,r-70c9fd891dd611082fb3
neuron_model_behavioral_validation,Neuraxis,development_pilot,PILOT2_PROTOCOL,Exploratory development data; second development iteration informed by Pilot 1; not independent confirmation; never pooled with the confirmatory held-out estimate,m-wrong_channel-749374c5d2,acnet2_pyr_soma,2,P05_long_step,burst_count,definedness,1.0,,,0.5,r-493fa57e11933a720397,r-70c9fd891dd611082fb3
neuron_model_behavioral_validation,Neuraxis,development_pilot,PILOT2_PROTOCOL,Exploratory development data; second development iteration informed by Pilot 1; not independent confirmation; never pooled with the confirmatory held-out estimate,m-wrong_channel-749374c5d2,acnet2_pyr_soma,2,P05_long_step,firing_regime,categorical,tonic,silent,,,r-493fa57e11933a720397,r-70c9fd891dd611082fb3
neuron_model_behavioral_validation,Neuraxis,development_pilot,PILOT2_PROTOCOL,Exploratory development data; second development iteration informed by Pilot 1; not independent confirmation; never pooled with the confirmatory held-out estimate,m-wrong_channel-749374c5d2,acnet2_pyr_soma,2,P05_long_step,first_isi,definedness,584.4299999994685,,,11.707399999989352,r-493fa57e11933a720397,r-70c9fd891dd611082fb3
neuron_model_behavioral_validation,Neuraxis,development_pilot,PILOT2_PROTOCOL,Exploratory development data; second development iteration informed by Pilot 1; not independent confirmation; never pooled with the confirmatory held-out estimate,m-wrong_channel-749374c5d2,acnet2_pyr_soma,2,P05_long_step,mean_frequency,definedness,2.2302884320523764,,,0.5,r-493fa57e11933a720397,r-70c9fd891dd611082fb3
neuron_model_behavioral_validation,Neuraxis,development_pilot,PILOT2_PROTOCOL,Exploratory development data; second development iteration informed by Pilot 1; not independent confirmation; never pooled with the confirmatory held-out estimate,m-wrong_channel-749374c5d2,acnet2_pyr_soma,2,P06_ramp,firing_regime,categorical,tonic,silent,,,r-2e3e935d6ecd1df4b94b,r-72cd761e5d85a9704f57
neuron_model_behavioral_validation,Neuraxis,development_pilot,PILOT2_PROTOCOL,Exploratory development data; second development iteration informed by Pilot 1; not independent confirmation; never pooled with the confirmatory held-out estimate,m-wrong_channel-749374c5d2,acnet2_pyr_soma,2,P06_ramp,mean_frequency,definedness,2.2421273304134544,,,0.5,r-2e3e935d6ecd1df4b94b,r-72cd761e5d85a9704f57
neuron_model_behavioral_validation,Neuraxis,development_pilot,PILOT2_PROTOCOL,Exploratory development data; second development iteration informed by Pilot 1; not independent confirmation; never pooled with the confirmatory held-out estimate,m-wrong_channel-749374c5d2,acnet2_pyr_soma,2,P07_hyperpolarizing_step,baseline_voltage,exceeds,-67.60463941446939,7.219650001684906,74.8242894161543,0.5,r-16be743cbc8f0485fd82,r-bcb915e510f71b7bb39f
neuron_model_behavioral_validation,Neuraxis,development_pilot,PILOT2_PROTOCOL,Exploratory development data; second development iteration informed by Pilot 1; not independent confirmation; never pooled with the confirmatory held-out estimate,m-wrong_channel-749374c5d2,acnet2_pyr_soma,2,P07_hyperpolarizing_step,minimum_voltage,exceeds,-71.0798568725586,6.580343723297119,77.66020059585571,0.5,r-16be743cbc8f0485fd82,r-bcb915e510f71b7bb39f
neuron_model_behavioral_validation,Neuraxis,development_pilot,PILOT2_PROTOCOL,Exploratory development data; second development iteration informed by Pilot 1; not independent confirmation; never pooled with the confirmatory held-out estimate,m-wrong_channel-749374c5d2,acnet2_pyr_soma,2,P07_hyperpolarizing_step,sag_ratio,exceeds,0.07643158331354749,0.007027390395307763,0.06940419291823972,0.02,r-16be743cbc8f0485fd82,r-bcb915e510f71b7bb39f
neuron_model_behavioral_validation,Neuraxis,development_pilot,PILOT2_PROTOCOL,Exploratory development data; second development iteration informed by Pilot 1; not independent confirmation; never pooled with the confirmatory held-out estimate,m-wrong_channel-749374c5d2,acnet2_pyr_soma,2,P07_hyperpolarizing_step,voltage_deflection,exceeds,-3.209601085408565,-0.6348136235873847,2.57478746182118,0.5,r-16be743cbc8f0485fd82,r-bcb915e510f71b7bb39f
neuron_model_behavioral_validation,Neuraxis,development_pilot,PILOT2_PROTOCOL,Exploratory development data; second development iteration informed by Pilot 1; not independent confirmation; never pooled with the confirmatory held-out estimate,m-wrong_channel-749374c5d2,acnet2_pyr_soma,2,P08_rebound,maximum_voltage,exceeds,-66.67135620117188,6.58540773391691,73.25676393508878,1.0,r-9a4410c4bbb6d01c1bee,r-4ca3e45f1f301d319ade
neuron_model_behavioral_validation,Neuraxis,development_pilot,PILOT2_PROTOCOL,Exploratory development data; second development iteration informed by Pilot 1; not independent confirmation; never pooled with the confirmatory held-out estimate,m-duplicate_conductance-bdd4b1d9e1,acnet2_pyr_soma,1,P00_canonical,ap_half_width,exceeds,0.5800000000002967,0.4500000000002302,0.1300000000000665,0.05,r-7ce2d1a0f19cc5d24572,r-3acc6d26320bf94ac166
neuron_model_behavioral_validation,Neuraxis,development_pilot,PILOT2_PROTOCOL,Exploratory development data; second development iteration informed by Pilot 1; not independent confirmation; never pooled with the confirmatory held-out estimate,m-duplicate_conductance-bdd4b1d9e1,acnet2_pyr_soma,1,P00_canonical,baseline_voltage,exceeds,-65.95622943333215,-67.35401549203054,1.3977860586983866,0.5,r-7ce2d1a0f19cc5d24572,r-3acc6d26320bf94ac166
neuron_model_behavioral_validation,Neuraxis,development_pilot,PILOT2_PROTOCOL,Exploratory development data; second development iteration informed by Pilot 1; not independent confirmation; never pooled with the confirmatory held-out estimate,m-duplicate_conductance-bdd4b1d9e1,acnet2_pyr_soma,1,P00_canonical,mean_frequency,exceeds,16.20909735590306,21.001183703097283,4.792086347194221,0.8104548677951531,r-7ce2d1a0f19cc5d24572,r-3acc6d26320bf94ac166
neuron_model_behavioral_validation,Neuraxis,development_pilot,PILOT2_PROTOCOL,Exploratory development data; second development iteration informed by Pilot 1; not independent confirmation; never pooled with the confirmatory held-out estimate,m-duplicate_conductance-bdd4b1d9e1,acnet2_pyr_soma,1,P02_weak_step,baseline_voltage,exceeds,-67.60466311136881,-68.1846618270874,0.5799987157185882,0.5,r-85c49aecb0e07f4c5069,r-3a4614e30cf1c7b265d2
neuron_model_behavioral_validation,Neuraxis,development_pilot,PILOT2_PROTOCOL,Exploratory development data; second development iteration informed by Pilot 1; not independent confirmation; never pooled with the confirmatory held-out estimate,m-duplicate_conductance-bdd4b1d9e1,acnet2_pyr_soma,1,P04_step_2x,ap_half_width,definedness,0.5699999999994816,,,0.05,r-85c49aecb0e07f4c5069,r-3a4614e30cf1c7b265d2
neuron_model_behavioral_validation,Neuraxis,development_pilot,PILOT2_PROTOCOL,Exploratory development data; second development iteration informed by Pilot 1; not independent confirmation; never pooled with the confirmatory held-out estimate,m-duplicate_conductance-bdd4b1d9e1,acnet2_pyr_soma,1,P04_step_2x,firing_regime,categorical,tonic,silent,,,r-85c49aecb0e07f4c5069,r-3a4614e30cf1c7b265d2
neuron_model_behavioral_validation,Neuraxis,development_pilot,PILOT2_PROTOCOL,Exploratory development data; second development iteration informed by Pilot 1; not independent confirmation; never pooled with the confirmatory held-out estimate,m-duplicate_conductance-bdd4b1d9e1,acnet2_pyr_soma,1,P04_step_2x,first_isi,definedness,451.11999999958977,,,9.022399999991796,r-85c49aecb0e07f4c5069,r-3a4614e30cf1c7b265d2
neuron_model_behavioral_validation,Neuraxis,development_pilot,PILOT2_PROTOCOL,Exploratory development data; second development iteration informed by Pilot 1; not independent confirmation; never pooled with the confirmatory held-out estimate,m-duplicate_conductance-bdd4b1d9e1,acnet2_pyr_soma,1,P04_step_2x,mean_frequency,definedness,4.197007533633466,,,0.5,r-85c49aecb0e07f4c5069,r-3a4614e30cf1c7b265d2
neuron_model_behavioral_validation,Neuraxis,development_pilot,PILOT2_PROTOCOL,Exploratory development data; second development iteration informed by Pilot 1; not independent confirmation; never pooled with the confirmatory held-out estimate,m-duplicate_conductance-bdd4b1d9e1,acnet2_pyr_soma,1,P05_long_step,ap_half_width,definedness,0.5699999999994816,,,0.05,r-f6700284baa99a5ef41f,r-61ce1168e07b09c9ea20
neuron_model_behavioral_validation,Neuraxis,development_pilot,PILOT2_PROTOCOL,Exploratory development data; second development iteration informed by Pilot 1; not independent confirmation; never pooled with the confirmatory held-out estimate,m-duplicate_conductance-bdd4b1d9e1,acnet2_pyr_soma,1,P05_long_step,burst_count,definedness,1.0,,,0.5,r-f6700284baa99a5ef41f,r-61ce1168e07b09c9ea20
neuron_model_behavioral_validation,Neuraxis,development_pilot,PILOT2_PROTOCOL,Exploratory development data; second development iteration informed by Pilot 1; not independent confirmation; never pooled with the confirmatory held-out estimate,m-duplicate_conductance-bdd4b1d9e1,acnet2_pyr_soma,1,P05_long_step,firing_regime,categorical,tonic,silent,,,r-f6700284baa99a5ef41f,r-61ce1168e07b09c9ea20
neuron_model_behavioral_validation,Neuraxis,development_pilot,PILOT2_PROTOCOL,Exploratory development data; second development iteration informed by Pilot 1; not independent confirmation; never pooled with the confirmatory held-out estimate,m-duplicate_conductance-bdd4b1d9e1,acnet2_pyr_soma,1,P05_long_step,first_isi,definedness,585.3699999994676,,,11.707399999989352,r-f6700284baa99a5ef41f,r-61ce1168e07b09c9ea20
neuron_model_behavioral_validation,Neuraxis,development_pilot,PILOT2_PROTOCOL,Exploratory development data; second development iteration informed by Pilot 1; not independent confirmation; never pooled with the confirmatory held-out estimate,m-duplicate_conductance-bdd4b1d9e1,acnet2_pyr_soma,1,P05_long_step,mean_frequency,definedness,2.2267623432228354,,,0.5,r-f6700284baa99a5ef41f,r-61ce1168e07b09c9ea20
neuron_model_behavioral_validation,Neuraxis,development_pilot,PILOT2_PROTOCOL,Exploratory development data; second development iteration informed by Pilot 1; not independent confirmation; never pooled with the confirmatory held-out estimate,m-duplicate_conductance-bdd4b1d9e1,acnet2_pyr_soma,1,P06_ramp,firing_regime,categorical,tonic,silent,,,r-ee8bcdd517fb72ba8d0c,r-475c39f9fc77f29731ef
neuron_model_behavioral_validation,Neuraxis,development_pilot,PILOT2_PROTOCOL,Exploratory development data; second development iteration informed by Pilot 1; not independent confirmation; never pooled with the confirmatory held-out estimate,m-duplicate_conductance-bdd4b1d9e1,acnet2_pyr_soma,1,P06_ramp,mean_frequency,definedness,2.240017920145719,,,0.5,r-ee8bcdd517fb72ba8d0c,r-475c39f9fc77f29731ef
neuron_model_behavioral_validation,Neuraxis,development_pilot,PILOT2_PROTOCOL,Exploratory development data; second development iteration informed by Pilot 1; not independent confirmation; never pooled with the confirmatory held-out estimate,m-duplicate_conductance-bdd4b1d9e1,acnet2_pyr_soma,1,P07_hyperpolarizing_step,baseline_voltage,exceeds,-67.60466311136881,-68.1846618270874,0.5799987157185882,0.5,r-85c49aecb0e07f4c5069,r-3a4614e30cf1c7b265d2
neuron_model_behavioral_validation,Neuraxis,development_pilot,PILOT2_PROTOCOL,Exploratory development data; second development iteration informed by Pilot 1; not independent confirmation; never pooled with the confirmatory held-out estimate,m-duplicate_conductance-bdd4b1d9e1,acnet2_pyr_soma,2,P00_canonical,ap_half_width,exceeds,0.5800000000002967,0.46000000000023533,0.12000000000006139,0.05,r-2526a9bbad7e1faa361e,r-f8d50c7c971a467b94c0
neuron_model_behavioral_validation,Neuraxis,development_pilot,PILOT2_PROTOCOL,Exploratory development data; second development iteration informed by Pilot 1; not independent confirmation; never pooled with the confirmatory held-out estimate,m-duplicate_conductance-bdd4b1d9e1,acnet2_pyr_soma,2,P00_canonical,baseline_voltage,exceeds,-65.9562579345703,-67.35400042942592,1.3977424948556205,0.5,r-2526a9bbad7e1faa361e,r-f8d50c7c971a467b94c0
neuron_model_behavioral_validation,Neuraxis,development_pilot,PILOT2_PROTOCOL,Exploratory development data; second development iteration informed by Pilot 1; not independent confirmation; never pooled with the confirmatory held-out estimate,m-duplicate_conductance-bdd4b1d9e1,acnet2_pyr_soma,2,P00_canonical,mean_frequency,exceeds,16.27074520014227,21.14693273354535,4.87618753340308,0.8104548677951531,r-2526a9bbad7e1faa361e,r-f8d50c7c971a467b94c0
neuron_model_behavioral_validation,Neuraxis,development_pilot,PILOT2_PROTOCOL,Exploratory development data; second development iteration informed by Pilot 1; not independent confirmation; never pooled with the confirmatory held-out estimate,m-duplicate_conductance-bdd4b1d9e1,acnet2_pyr_soma,2,P02_weak_step,baseline_voltage,exceeds,-67.60463941446939,-68.18464952850341,0.5800101140340246,0.5,r-16be743cbc8f0485fd82,r-f7d6311036d9f9ccf9db
neuron_model_behavioral_validation,Neuraxis,development_pilot,PILOT2_PROTOCOL,Exploratory development data; second development iteration informed by Pilot 1; not independent confirmation; never pooled with the confirmatory held-out estimate,m-duplicate_conductance-bdd4b1d9e1,acnet2_pyr_soma,2,P04_step_2x,ap_half_width,definedness,0.5699999999994816,,,0.05,r-16be743cbc8f0485fd82,r-f7d6311036d9f9ccf9db
neuron_model_behavioral_validation,Neuraxis,development_pilot,PILOT2_PROTOCOL,Exploratory development data; second development iteration informed by Pilot 1; not independent confirmation; never pooled with the confirmatory held-out estimate,m-duplicate_conductance-bdd4b1d9e1,acnet2_pyr_soma,2,P04_step_2x,firing_regime,categorical,tonic,silent,,,r-16be743cbc8f0485fd82,r-f7d6311036d9f9ccf9db
neuron_model_behavioral_validation,Neuraxis,development_pilot,PILOT2_PROTOCOL,Exploratory development data; second development iteration informed by Pilot 1; not independent confirmation; never pooled with the confirmatory held-out estimate,m-duplicate_conductance-bdd4b1d9e1,acnet2_pyr_soma,2,P04_step_2x,first_isi,definedness,450.1799999995906,,,9.022399999991796,r-16be743cbc8f0485fd82,r-f7d6311036d9f9ccf9db
neuron_model_behavioral_validation,Neuraxis,development_pilot,PILOT2_PROTOCOL,Exploratory development data; second development iteration informed by Pilot 1; not independent confirmation; never pooled with the confirmatory held-out estimate,m-duplicate_conductance-bdd4b1d9e1,acnet2_pyr_soma,2,P04_step_2x,mean_frequency,definedness,4.2057450477401614,,,0.5,r-16be743cbc8f0485fd82,r-f7d6311036d9f9ccf9db
neuron_model_behavioral_validation,Neuraxis,development_pilot,PILOT2_PROTOCOL,Exploratory development data; second development iteration informed by Pilot 1; not independent confirmation; never pooled with the confirmatory held-out estimate,m-duplicate_conductance-bdd4b1d9e1,acnet2_pyr_soma,2,P05_long_step,ap_half_width,definedness,0.5799999999994725,,,0.05,r-493fa57e11933a720397,r-fc88d2d98d2a41a99a58
neuron_model_behavioral_validation,Neuraxis,development_pilot,PILOT2_PROTOCOL,Exploratory development data; second development iteration informed by Pilot 1; not independent confirmation; never pooled with the confirmatory held-out estimate,m-duplicate_conductance-bdd4b1d9e1,acnet2_pyr_soma,2,P05_long_step,burst_count,definedness,1.0,,,0.5,r-493fa57e11933a720397,r-fc88d2d98d2a41a99a58
neuron_model_behavioral_validation,Neuraxis,development_pilot,PILOT2_PROTOCOL,Exploratory development data; second development iteration informed by Pilot 1; not independent confirmation; never pooled with the confirmatory held-out estimate,m-duplicate_conductance-bdd4b1d9e1,acnet2_pyr_soma,2,P05_long_step,firing_regime,categorical,tonic,silent,,,r-493fa57e11933a720397,r-fc88d2d98d2a41a99a58
neuron_model_behavioral_validation,Neuraxis,development_pilot,PILOT2_PROTOCOL,Exploratory development data; second development iteration informed by Pilot 1; not independent confirmation; never pooled with the confirmatory held-out estimate,m-duplicate_conductance-bdd4b1d9e1,acnet2_pyr_soma,2,P05_long_step,first_isi,definedness,584.4299999994685,,,11.707399999989352,r-493fa57e11933a720397,r-fc88d2d98d2a41a99a58
neuron_model_behavioral_validation,Neuraxis,development_pilot,PILOT2_PROTOCOL,Exploratory development data; second development iteration informed by Pilot 1; not independent confirmation; never pooled with the confirmatory held-out estimate,m-duplicate_conductance-bdd4b1d9e1,acnet2_pyr_soma,2,P05_long_step,mean_frequency,definedness,2.2302884320523764,,,0.5,r-493fa57e11933a720397,r-fc88d2d98d2a41a99a58
neuron_model_behavioral_validation,Neuraxis,development_pilot,PILOT2_PROTOCOL,Exploratory development data; second development iteration informed by Pilot 1; not independent confirmation; never pooled with the confirmatory held-out estimate,m-duplicate_conductance-bdd4b1d9e1,acnet2_pyr_soma,2,P06_ramp,firing_regime,categorical,tonic,silent,,,r-2e3e935d6ecd1df4b94b,r-15c3e69a5a860938b21e
neuron_model_behavioral_validation,Neuraxis,development_pilot,PILOT2_PROTOCOL,Exploratory development data; second development iteration informed by Pilot 1; not independent confirmation; never pooled with the confirmatory held-out estimate,m-duplicate_conductance-bdd4b1d9e1,acnet2_pyr_soma,2,P06_ramp,mean_frequency,definedness,2.2421273304134544,,,0.5,r-2e3e935d6ecd1df4b94b,r-15c3e69a5a860938b21e
neuron_model_behavioral_validation,Neuraxis,development_pilot,PILOT2_PROTOCOL,Exploratory development data; second development iteration informed by Pilot 1; not independent confirmation; never pooled with the confirmatory held-out estimate,m-duplicate_conductance-bdd4b1d9e1,acnet2_pyr_soma,2,P07_hyperpolarizing_step,baseline_voltage,exceeds,-67.60463941446939,-68.18464952850341,0.5800101140340246,0.5,r-16be743cbc8f0485fd82,r-f7d6311036d9f9ccf9db
neuron_model_behavioral_validation,Neuraxis,development_pilot,PILOT2_PROTOCOL,Exploratory development data; second development iteration informed by Pilot 1; not independent confirmation; never pooled with the confirmatory held-out estimate,m-wrong_compatible_component-a38cf2a7ad,acnet2_pyr_soma,1,P00_canonical,ap_half_width,exceeds,0.5800000000002967,1.6500000000008441,1.0700000000005474,0.05,r-7ce2d1a0f19cc5d24572,r-09eac888c78ef5db401b
neuron_model_behavioral_validation,Neuraxis,development_pilot,PILOT2_PROTOCOL,Exploratory development data; second development iteration informed by Pilot 1; not independent confirmation; never pooled with the confirmatory held-out estimate,m-wrong_compatible_component-a38cf2a7ad,acnet2_pyr_soma,1,P00_canonical,baseline_voltage,exceeds,-65.95622943333215,-72.27760138375417,6.321371950422019,0.5,r-7ce2d1a0f19cc5d24572,r-09eac888c78ef5db401b
neuron_model_behavioral_validation,Neuraxis,development_pilot,PILOT2_PROTOCOL,Exploratory development data; second development iteration informed by Pilot 1; not independent confirmation; never pooled with the confirmatory held-out estimate,m-wrong_compatible_component-a38cf2a7ad,acnet2_pyr_soma,1,P00_canonical,firing_regime,categorical,tonic,single_spike,,,r-7ce2d1a0f19cc5d24572,r-09eac888c78ef5db401b
neuron_model_behavioral_validation,Neuraxis,development_pilot,PILOT2_PROTOCOL,Exploratory development data; second development iteration informed by Pilot 1; not independent confirmation; never pooled with the confirmatory held-out estimate,m-wrong_compatible_component-a38cf2a7ad,acnet2_pyr_soma,1,P00_canonical,first_isi,definedness,18.340000000009383,,,0.5,r-7ce2d1a0f19cc5d24572,r-09eac888c78ef5db401b
neuron_model_behavioral_validation,Neuraxis,development_pilot,PILOT2_PROTOCOL,Exploratory development data; second development iteration informed by Pilot 1; not independent confirmation; never pooled with the confirmatory held-out estimate,m-wrong_compatible_component-a38cf2a7ad,acnet2_pyr_soma,1,P00_canonical,mean_frequency,definedness,16.20909735590306,,,0.8104548677951531,r-7ce2d1a0f19cc5d24572,r-09eac888c78ef5db401b
neuron_model_behavioral_validation,Neuraxis,development_pilot,PILOT2_PROTOCOL,Exploratory development data; second development iteration informed by Pilot 1; not independent confirmation; never pooled with the confirmatory held-out estimate,m-wrong_compatible_component-a38cf2a7ad,acnet2_pyr_soma,1,P02_weak_step,baseline_voltage,exceeds,-67.60466311136881,-72.98460753377279,5.37994442240398,0.5,r-85c49aecb0e07f4c5069,r-f06a9b613e7652b70659
neuron_model_behavioral_validation,Neuraxis,development_pilot,PILOT2_PROTOCOL,Exploratory development data; second development iteration informed by Pilot 1; not independent confirmation; never pooled with the confirmatory held-out estimate,m-wrong_compatible_component-a38cf2a7ad,acnet2_pyr_soma,1,P02_weak_step,voltage_deflection,exceeds,1.3910185084025102,0.43667486928305266,0.9543436391194575,0.5,r-85c49aecb0e07f4c5069,r-f06a9b613e7652b70659
neuron_model_behavioral_validation,Neuraxis,development_pilot,PILOT2_PROTOCOL,Exploratory development data; second development iteration informed by Pilot 1; not independent confirmation; never pooled with the confirmatory held-out estimate,m-wrong_compatible_component-a38cf2a7ad,acnet2_pyr_soma,1,P04_step_2x,ap_half_width,definedness,0.5699999999994816,,,0.05,r-85c49aecb0e07f4c5069,r-f06a9b613e7652b70659
neuron_model_behavioral_validation,Neuraxis,development_pilot,PILOT2_PROTOCOL,Exploratory development data; second development iteration informed by Pilot 1; not independent confirmation; never pooled with the confirmatory held-out estimate,m-wrong_compatible_component-a38cf2a7ad,acnet2_pyr_soma,1,P04_step_2x,firing_regime,categorical,tonic,silent,,,r-85c49aecb0e07f4c5069,r-f06a9b613e7652b70659
neuron_model_behavioral_validation,Neuraxis,development_pilot,PILOT2_PROTOCOL,Exploratory development data; second development iteration informed by Pilot 1; not independent confirmation; never pooled with the confirmatory held-out estimate,m-wrong_compatible_component-a38cf2a7ad,acnet2_pyr_soma,1,P04_step_2x,first_isi,definedness,451.11999999958977,,,9.022399999991796,r-85c49aecb0e07f4c5069,r-f06a9b613e7652b70659
neuron_model_behavioral_validation,Neuraxis,development_pilot,PILOT2_PROTOCOL,Exploratory development data; second development iteration informed by Pilot 1; not independent confirmation; never pooled with the confirmatory held-out estimate,m-wrong_compatible_component-a38cf2a7ad,acnet2_pyr_soma,1,P04_step_2x,mean_frequency,definedness,4.197007533633466,,,0.5,r-85c49aecb0e07f4c5069,r-f06a9b613e7652b70659
neuron_model_behavioral_validation,Neuraxis,development_pilot,PILOT2_PROTOCOL,Exploratory development data; second development iteration informed by Pilot 1; not independent confirmation; never pooled with the confirmatory held-out estimate,m-wrong_compatible_component-a38cf2a7ad,acnet2_pyr_soma,1,P05_long_step,ap_half_width,definedness,0.5699999999994816,,,0.05,r-f6700284baa99a5ef41f,r-fc9c0ae7a45abe0f210d
neuron_model_behavioral_validation,Neuraxis,development_pilot,PILOT2_PROTOCOL,Exploratory development data; second development iteration informed by Pilot 1; not independent confirmation; never pooled with the confirmatory held-out estimate,m-wrong_compatible_component-a38cf2a7ad,acnet2_pyr_soma,1,P05_long_step,burst_count,definedness,1.0,,,0.5,r-f6700284baa99a5ef41f,r-fc9c0ae7a45abe0f210d
neuron_model_behavioral_validation,Neuraxis,development_pilot,PILOT2_PROTOCOL,Exploratory development data; second development iteration informed by Pilot 1; not independent confirmation; never pooled with the confirmatory held-out estimate,m-wrong_compatible_component-a38cf2a7ad,acnet2_pyr_soma,1,P05_long_step,firing_regime,categorical,tonic,silent,,,r-f6700284baa99a5ef41f,r-fc9c0ae7a45abe0f210d
neuron_model_behavioral_validation,Neuraxis,development_pilot,PILOT2_PROTOCOL,Exploratory development data; second development iteration informed by Pilot 1; not independent confirmation; never pooled with the confirmatory held-out estimate,m-wrong_compatible_component-a38cf2a7ad,acnet2_pyr_soma,1,P05_long_step,first_isi,definedness,585.3699999994676,,,11.707399999989352,r-f6700284baa99a5ef41f,r-fc9c0ae7a45abe0f210d
neuron_model_behavioral_validation,Neuraxis,development_pilot,PILOT2_PROTOCOL,Exploratory development data; second development iteration informed by Pilot 1; not independent confirmation; never pooled with the confirmatory held-out estimate,m-wrong_compatible_component-a38cf2a7ad,acnet2_pyr_soma,1,P05_long_step,mean_frequency,definedness,2.2267623432228354,,,0.5,r-f6700284baa99a5ef41f,r-fc9c0ae7a45abe0f210d
neuron_model_behavioral_validation,Neuraxis,development_pilot,PILOT2_PROTOCOL,Exploratory development data; second development iteration informed by Pilot 1; not independent confirmation; never pooled with the confirmatory held-out estimate,m-wrong_compatible_component-a38cf2a7ad,acnet2_pyr_soma,1,P06_ramp,firing_regime,categorical,tonic,silent,,,r-ee8bcdd517fb72ba8d0c,r-71e70060823d34949d11
neuron_model_behavioral_validation,Neuraxis,development_pilot,PILOT2_PROTOCOL,Exploratory development data; second development iteration informed by Pilot 1; not independent confirmation; never pooled with the confirmatory held-out estimate,m-wrong_compatible_component-a38cf2a7ad,acnet2_pyr_soma,1,P06_ramp,mean_frequency,definedness,2.240017920145719,,,0.5,r-ee8bcdd517fb72ba8d0c,r-71e70060823d34949d11
neuron_model_behavioral_validation,Neuraxis,development_pilot,PILOT2_PROTOCOL,Exploratory development data; second development iteration informed by Pilot 1; not independent confirmation; never pooled with the confirmatory held-out estimate,m-wrong_compatible_component-a38cf2a7ad,acnet2_pyr_soma,1,P07_hyperpolarizing_step,baseline_voltage,exceeds,-67.60466311136881,-72.98460753377279,5.37994442240398,0.5,r-85c49aecb0e07f4c5069,r-f06a9b613e7652b70659
neuron_model_behavioral_validation,Neuraxis,development_pilot,PILOT2_PROTOCOL,Exploratory development data; second development iteration informed by Pilot 1; not independent confirmation; never pooled with the confirmatory held-out estimate,m-wrong_compatible_component-a38cf2a7ad,acnet2_pyr_soma,1,P07_hyperpolarizing_step,minimum_voltage,exceeds,-71.07988739013672,-73.92534637451172,2.845458984375,0.5,r-85c49aecb0e07f4c5069,r-f06a9b613e7652b70659
neuron_model_behavioral_validation,Neuraxis,development_pilot,PILOT2_PROTOCOL,Exploratory development data; second development iteration informed by Pilot 1; not independent confirmation; never pooled with the confirmatory held-out estimate,m-wrong_compatible_component-a38cf2a7ad,acnet2_pyr_soma,1,P07_hyperpolarizing_step,sag_ratio,exceeds,0.07644029205149086,0.15048923104639775,0.07404893899490689,0.02,r-85c49aecb0e07f4c5069,r-f06a9b613e7652b70659
neuron_model_behavioral_validation,Neuraxis,development_pilot,PILOT2_PROTOCOL,Exploratory development data; second development iteration informed by Pilot 1; not independent confirmation; never pooled with the confirmatory held-out estimate,m-wrong_compatible_component-a38cf2a7ad,acnet2_pyr_soma,1,P07_hyperpolarizing_step,voltage_deflection,exceeds,-3.20957711995446,-0.7991677759806493,2.410409343973811,0.5,r-85c49aecb0e07f4c5069,r-f06a9b613e7652b70659
neuron_model_behavioral_validation,Neuraxis,development_pilot,PILOT2_PROTOCOL,Exploratory development data; second development iteration informed by Pilot 1; not independent confirmation; never pooled with the confirmatory held-out estimate,m-wrong_compatible_component-a38cf2a7ad,acnet2_pyr_soma,1,P08_rebound,maximum_voltage,exceeds,-66.67127990722656,-72.3894271850586,5.718147277832031,1.0,r-2d208cbc545dcf997d15,r-db77dbd9b8a3a92c5f30
neuron_model_behavioral_validation,Neuraxis,development_pilot,PILOT2_PROTOCOL,Exploratory development data; second development iteration informed by Pilot 1; not independent confirmation; never pooled with the confirmatory held-out estimate,m-wrong_compatible_component-a38cf2a7ad,acnet2_pyr_soma,2,P00_canonical,ap_half_width,exceeds,0.5800000000002967,1.640000000000839,1.0600000000005423,0.05,r-2526a9bbad7e1faa361e,r-de05b67705f380a9ce94
neuron_model_behavioral_validation,Neuraxis,development_pilot,PILOT2_PROTOCOL,Exploratory development data; second development iteration informed by Pilot 1; not independent confirmation; never pooled with the confirmatory held-out estimate,m-wrong_compatible_component-a38cf2a7ad,acnet2_pyr_soma,2,P00_canonical,baseline_voltage,exceeds,-65.9562579345703,-72.27742540631975,6.3211674717494475,0.5,r-2526a9bbad7e1faa361e,r-de05b67705f380a9ce94
neuron_model_behavioral_validation,Neuraxis,development_pilot,PILOT2_PROTOCOL,Exploratory development data; second development iteration informed by Pilot 1; not independent confirmation; never pooled with the confirmatory held-out estimate,m-wrong_compatible_component-a38cf2a7ad,acnet2_pyr_soma,2,P00_canonical,firing_regime,categorical,tonic,single_spike,,,r-2526a9bbad7e1faa361e,r-de05b67705f380a9ce94
neuron_model_behavioral_validation,Neuraxis,development_pilot,PILOT2_PROTOCOL,Exploratory development data; second development iteration informed by Pilot 1; not independent confirmation; never pooled with the confirmatory held-out estimate,m-wrong_compatible_component-a38cf2a7ad,acnet2_pyr_soma,2,P00_canonical,first_isi,definedness,18.300000000009362,,,0.5,r-2526a9bbad7e1faa361e,r-de05b67705f380a9ce94
neuron_model_behavioral_validation,Neuraxis,development_pilot,PILOT2_PROTOCOL,Exploratory development data; second development iteration informed by Pilot 1; not independent confirmation; never pooled with the confirmatory held-out estimate,m-wrong_compatible_component-a38cf2a7ad,acnet2_pyr_soma,2,P00_canonical,mean_frequency,definedness,16.27074520014227,,,0.8104548677951531,r-2526a9bbad7e1faa361e,r-de05b67705f380a9ce94
neuron_model_behavioral_validation,Neuraxis,development_pilot,PILOT2_PROTOCOL,Exploratory development data; second development iteration informed by Pilot 1; not independent confirmation; never pooled with the confirmatory held-out estimate,m-wrong_compatible_component-a38cf2a7ad,acnet2_pyr_soma,2,P02_weak_step,baseline_voltage,exceeds,-67.60463941446939,-72.98455255126953,5.379913136800141,0.5,r-16be743cbc8f0485fd82,r-284d8f17504a46d0f1bd
neuron_model_behavioral_validation,Neuraxis,development_pilot,PILOT2_PROTOCOL,Exploratory development data; second development iteration informed by Pilot 1; not independent confirmation; never pooled with the confirmatory held-out estimate,m-wrong_compatible_component-a38cf2a7ad,acnet2_pyr_soma,2,P02_weak_step,voltage_deflection,exceeds,1.390995571390789,0.4366199920654452,0.9543755793253439,0.5,r-16be743cbc8f0485fd82,r-284d8f17504a46d0f1bd
neuron_model_behavioral_validation,Neuraxis,development_pilot,PILOT2_PROTOCOL,Exploratory development data; second development iteration informed by Pilot 1; not independent confirmation; never pooled with the confirmatory held-out estimate,m-wrong_compatible_component-a38cf2a7ad,acnet2_pyr_soma,2,P04_step_2x,ap_half_width,definedness,0.5699999999994816,,,0.05,r-16be743cbc8f0485fd82,r-284d8f17504a46d0f1bd
neuron_model_behavioral_validation,Neuraxis,development_pilot,PILOT2_PROTOCOL,Exploratory development data; second development iteration informed by Pilot 1; not independent confirmation; never pooled with the confirmatory held-out estimate,m-wrong_compatible_component-a38cf2a7ad,acnet2_pyr_soma,2,P04_step_2x,firing_regime,categorical,tonic,silent,,,r-16be743cbc8f0485fd82,r-284d8f17504a46d0f1bd
neuron_model_behavioral_validation,Neuraxis,development_pilot,PILOT2_PROTOCOL,Exploratory development data; second development iteration informed by Pilot 1; not independent confirmation; never pooled with the confirmatory held-out estimate,m-wrong_compatible_component-a38cf2a7ad,acnet2_pyr_soma,2,P04_step_2x,first_isi,definedness,450.1799999995906,,,9.022399999991796,r-16be743cbc8f0485fd82,r-284d8f17504a46d0f1bd
neuron_model_behavioral_validation,Neuraxis,development_pilot,PILOT2_PROTOCOL,Exploratory development data; second development iteration informed by Pilot 1; not independent confirmation; never pooled with the confirmatory held-out estimate,m-wrong_compatible_component-a38cf2a7ad,acnet2_pyr_soma,2,P04_step_2x,mean_frequency,definedness,4.2057450477401614,,,0.5,r-16be743cbc8f0485fd82,r-284d8f17504a46d0f1bd
neuron_model_behavioral_validation,Neuraxis,development_pilot,PILOT2_PROTOCOL,Exploratory development data; second development iteration informed by Pilot 1; not independent confirmation; never pooled with the confirmatory held-out estimate,m-wrong_compatible_component-a38cf2a7ad,acnet2_pyr_soma,2,P05_long_step,ap_half_width,definedness,0.5799999999994725,,,0.05,r-493fa57e11933a720397,r-0dc46095b2e0f4e44b62
neuron_model_behavioral_validation,Neuraxis,development_pilot,PILOT2_PROTOCOL,Exploratory development data; second development iteration informed by Pilot 1; not independent confirmation; never pooled with the confirmatory held-out estimate,m-wrong_compatible_component-a38cf2a7ad,acnet2_pyr_soma,2,P05_long_step,burst_count,definedness,1.0,,,0.5,r-493fa57e11933a720397,r-0dc46095b2e0f4e44b62
neuron_model_behavioral_validation,Neuraxis,development_pilot,PILOT2_PROTOCOL,Exploratory development data; second development iteration informed by Pilot 1; not independent confirmation; never pooled with the confirmatory held-out estimate,m-wrong_compatible_component-a38cf2a7ad,acnet2_pyr_soma,2,P05_long_step,firing_regime,categorical,tonic,silent,,,r-493fa57e11933a720397,r-0dc46095b2e0f4e44b62
neuron_model_behavioral_validation,Neuraxis,development_pilot,PILOT2_PROTOCOL,Exploratory development data; second development iteration informed by Pilot 1; not independent confirmation; never pooled with the confirmatory held-out estimate,m-wrong_compatible_component-a38cf2a7ad,acnet2_pyr_soma,2,P05_long_step,first_isi,definedness,584.4299999994685,,,11.707399999989352,r-493fa57e11933a720397,r-0dc46095b2e0f4e44b62
neuron_model_behavioral_validation,Neuraxis,development_pilot,PILOT2_PROTOCOL,Exploratory development data; second development iteration informed by Pilot 1; not independent confirmation; never pooled with the confirmatory held-out estimate,m-wrong_compatible_component-a38cf2a7ad,acnet2_pyr_soma,2,P05_long_step,mean_frequency,definedness,2.2302884320523764,,,0.5,r-493fa57e11933a720397,r-0dc46095b2e0f4e44b62
neuron_model_behavioral_validation,Neuraxis,development_pilot,PILOT2_PROTOCOL,Exploratory development data; second development iteration informed by Pilot 1; not independent confirmation; never pooled with the confirmatory held-out estimate,m-wrong_compatible_component-a38cf2a7ad,acnet2_pyr_soma,2,P06_ramp,firing_regime,categorical,tonic,silent,,,r-2e3e935d6ecd1df4b94b,r-6f260b17e121575d2217
neuron_model_behavioral_validation,Neuraxis,development_pilot,PILOT2_PROTOCOL,Exploratory development data; second development iteration informed by Pilot 1; not independent confirmation; never pooled with the confirmatory held-out estimate,m-wrong_compatible_component-a38cf2a7ad,acnet2_pyr_soma,2,P06_ramp,mean_frequency,definedness,2.2421273304134544,,,0.5,r-2e3e935d6ecd1df4b94b,r-6f260b17e121575d2217
neuron_model_behavioral_validation,Neuraxis,development_pilot,PILOT2_PROTOCOL,Exploratory development data; second development iteration informed by Pilot 1; not independent confirmation; never pooled with the confirmatory held-out estimate,m-wrong_compatible_component-a38cf2a7ad,acnet2_pyr_soma,2,P07_hyperpolarizing_step,baseline_voltage,exceeds,-67.60463941446939,-72.98455255126953,5.379913136800141,0.5,r-16be743cbc8f0485fd82,r-284d8f17504a46d0f1bd
neuron_model_behavioral_validation,Neuraxis,development_pilot,PILOT2_PROTOCOL,Exploratory development data; second development iteration informed by Pilot 1; not independent confirmation; never pooled with the confirmatory held-out estimate,m-wrong_compatible_component-a38cf2a7ad,acnet2_pyr_soma,2,P07_hyperpolarizing_step,minimum_voltage,exceeds,-71.0798568725586,-73.92533111572266,2.8454742431640625,0.5,r-16be743cbc8f0485fd82,r-284d8f17504a46d0f1bd
neuron_model_behavioral_validation,Neuraxis,development_pilot,PILOT2_PROTOCOL,Exploratory development data; second development iteration informed by Pilot 1; not independent confirmation; never pooled with the confirmatory held-out estimate,m-wrong_compatible_component-a38cf2a7ad,acnet2_pyr_soma,2,P07_hyperpolarizing_step,sag_ratio,exceeds,0.07643158331354749,0.15046641251204915,0.07403482919850166,0.02,r-16be743cbc8f0485fd82,r-284d8f17504a46d0f1bd
neuron_model_behavioral_validation,Neuraxis,development_pilot,PILOT2_PROTOCOL,Exploratory development data; second development iteration informed by Pilot 1; not independent confirmation; never pooled with the confirmatory held-out estimate,m-wrong_compatible_component-a38cf2a7ad,acnet2_pyr_soma,2,P07_hyperpolarizing_step,voltage_deflection,exceeds,-3.209601085408565,-0.7992229888916285,2.4103780965169364,0.5,r-16be743cbc8f0485fd82,r-284d8f17504a46d0f1bd
neuron_model_behavioral_validation,Neuraxis,development_pilot,PILOT2_PROTOCOL,Exploratory development data; second development iteration informed by Pilot 1; not independent confirmation; never pooled with the confirmatory held-out estimate,m-wrong_compatible_component-a38cf2a7ad,acnet2_pyr_soma,2,P08_rebound,maximum_voltage,exceeds,-66.67135620117188,-72.38945770263672,5.718101501464844,1.0,r-9a4410c4bbb6d01c1bee,r-4f2dcad8f8fb593f84fe
neuron_model_behavioral_validation,Neuraxis,development_pilot,PILOT2_PROTOCOL,Exploratory development data; second development iteration informed by Pilot 1; not independent confirmation; never pooled with the confirmatory held-out estimate,m-scale_conductance-0fd04dc708,migliore2014_mt_soma,1,P05_long_step,first_isi,exceeds,91.02999999991721,89.01999999991904,2.009999999998172,1.8205999999983442,r-2e016fe90119b688bc84,r-4c74079ffc39bebf36f3
neuron_model_behavioral_validation,Neuraxis,development_pilot,PILOT2_PROTOCOL,Exploratory development data; second development iteration informed by Pilot 1; not independent confirmation; never pooled with the confirmatory held-out estimate,m-scale_conductance-0fd04dc708,migliore2014_mt_soma,2,P05_long_step,first_isi,exceeds,91.0399999999172,89.02999999991903,2.009999999998172,1.8205999999983442,r-002bf860824963a1f621,r-1256a4c965bdb3694c5e
neuron_model_behavioral_validation,Neuraxis,development_pilot,PILOT2_PROTOCOL,Exploratory development data; second development iteration informed by Pilot 1; not independent confirmation; never pooled with the confirmatory held-out estimate,m-scale_conductance-a9d05675ab,migliore2014_mt_soma,1,P04_step_2x,first_isi,exceeds,73.12999999993349,70.5899999999358,2.53999999999769,1.4625999999986699,r-007bacc26e9c06940666,r-a57600213a0c33d371cd
neuron_model_behavioral_validation,Neuraxis,development_pilot,PILOT2_PROTOCOL,Exploratory development data; second development iteration informed by Pilot 1; not independent confirmation; never pooled with the confirmatory held-out estimate,m-scale_conductance-a9d05675ab,migliore2014_mt_soma,1,P05_long_step,first_isi,exceeds,91.02999999991721,85.71999999992204,5.309999999995171,1.8205999999983442,r-2e016fe90119b688bc84,r-a2e2a0961c627f676847
neuron_model_behavioral_validation,Neuraxis,development_pilot,PILOT2_PROTOCOL,Exploratory development data; second development iteration informed by Pilot 1; not independent confirmation; never pooled with the confirmatory held-out estimate,m-scale_conductance-a9d05675ab,migliore2014_mt_soma,1,P05_long_step,mean_frequency,exceeds,9.706010063585746,10.41433428970527,0.7083242261195242,0.5,r-2e016fe90119b688bc84,r-a2e2a0961c627f676847
neuron_model_behavioral_validation,Neuraxis,development_pilot,PILOT2_PROTOCOL,Exploratory development data; second development iteration informed by Pilot 1; not independent confirmation; never pooled with the confirmatory held-out estimate,m-scale_conductance-a9d05675ab,migliore2014_mt_soma,1,P07_hyperpolarizing_step,minimum_voltage,exceeds,-81.01427459716797,-83.01493072509766,2.0006561279296875,0.5,r-007bacc26e9c06940666,r-a57600213a0c33d371cd
neuron_model_behavioral_validation,Neuraxis,development_pilot,PILOT2_PROTOCOL,Exploratory development data; second development iteration informed by Pilot 1; not independent confirmation; never pooled with the confirmatory held-out estimate,m-scale_conductance-a9d05675ab,migliore2014_mt_soma,1,P07_hyperpolarizing_step,voltage_deflection,exceeds,-16.013975125122172,-17.75490571492523,1.7409305898030567,0.8006987562561086,r-007bacc26e9c06940666,r-a57600213a0c33d371cd
neuron_model_behavioral_validation,Neuraxis,development_pilot,PILOT2_PROTOCOL,Exploratory development data; second development iteration informed by Pilot 1; not independent confirmation; never pooled with the confirmatory held-out estimate,m-scale_conductance-a9d05675ab,migliore2014_mt_soma,2,P04_step_2x,first_isi,exceeds,73.12999999993349,70.5899999999358,2.53999999999769,1.4625999999986699,r-0241c17b5ff2297d2a17,r-bf97f08b1ee66e7453d7
neuron_model_behavioral_validation,Neuraxis,development_pilot,PILOT2_PROTOCOL,Exploratory development data; second development iteration informed by Pilot 1; not independent confirmation; never pooled with the confirmatory held-out estimate,m-scale_conductance-a9d05675ab,migliore2014_mt_soma,2,P05_long_step,first_isi,exceeds,91.0399999999172,85.71999999992204,5.3199999999951615,1.8205999999983442,r-002bf860824963a1f621,r-b1bcd74f42bbeaf05dd0
neuron_model_behavioral_validation,Neuraxis,development_pilot,PILOT2_PROTOCOL,Exploratory development data; second development iteration informed by Pilot 1; not independent confirmation; never pooled with the confirmatory held-out estimate,m-scale_conductance-a9d05675ab,migliore2014_mt_soma,2,P05_long_step,mean_frequency,exceeds,9.707993766431983,10.416124160188929,0.7081303937569459,0.5,r-002bf860824963a1f621,r-b1bcd74f42bbeaf05dd0
neuron_model_behavioral_validation,Neuraxis,development_pilot,PILOT2_PROTOCOL,Exploratory development data; second development iteration informed by Pilot 1; not independent confirmation; never pooled with the confirmatory held-out estimate,m-scale_conductance-a9d05675ab,migliore2014_mt_soma,2,P07_hyperpolarizing_step,minimum_voltage,exceeds,-81.01427459716797,-83.01493072509766,2.0006561279296875,0.5,r-0241c17b5ff2297d2a17,r-bf97f08b1ee66e7453d7
neuron_model_behavioral_validation,Neuraxis,development_pilot,PILOT2_PROTOCOL,Exploratory development data; second development iteration informed by Pilot 1; not independent confirmation; never pooled with the confirmatory held-out estimate,m-scale_conductance-a9d05675ab,migliore2014_mt_soma,2,P07_hyperpolarizing_step,voltage_deflection,exceeds,-16.01397555389414,-17.75490614522309,1.7409305913289472,0.8006987562561086,r-0241c17b5ff2297d2a17,r-bf97f08b1ee66e7453d7
neuron_model_behavioral_validation,Neuraxis,development_pilot,PILOT2_PROTOCOL,Exploratory development data; second development iteration informed by Pilot 1; not independent confirmation; never pooled with the confirmatory held-out estimate,m-scale_conductance-fd3b7c7dcc,migliore2014_mt_soma,1,P00_canonical,ap_half_width,exceeds,3.849999999999234,4.679999999999069,0.8299999999998349,0.1924999999999617,r-fdc29d572ab8d33a1f37,r-78f35603703ed1cdb27d
neuron_model_behavioral_validation,Neuraxis,development_pilot,PILOT2_PROTOCOL,Exploratory development data; second development iteration informed by Pilot 1; not independent confirmation; never pooled with the confirmatory held-out estimate,m-scale_conductance-fd3b7c7dcc,migliore2014_mt_soma,1,P00_canonical,baseline_voltage,exceeds,-64.9999771118164,-64.08676807915987,0.913209032656539,0.5,r-fdc29d572ab8d33a1f37,r-78f35603703ed1cdb27d
neuron_model_behavioral_validation,Neuraxis,development_pilot,PILOT2_PROTOCOL,Exploratory development data; second development iteration informed by Pilot 1; not independent confirmation; never pooled with the confirmatory held-out estimate,m-scale_conductance-fd3b7c7dcc,migliore2014_mt_soma,1,P02_weak_step,baseline_voltage,exceeds,-64.9999771118164,-63.629332255045576,1.3706448567708307,0.5,r-007bacc26e9c06940666,r-807ba17d1088a751ff39
neuron_model_behavioral_validation,Neuraxis,development_pilot,PILOT2_PROTOCOL,Exploratory development data; second development iteration informed by Pilot 1; not independent confirmation; never pooled with the confirmatory held-out estimate,m-scale_conductance-fd3b7c7dcc,migliore2014_mt_soma,1,P02_weak_step,voltage_deflection,exceeds,6.550400881958055,7.803357806650844,1.2529569246927892,0.5,r-007bacc26e9c06940666,r-807ba17d1088a751ff39
neuron_model_behavioral_validation,Neuraxis,development_pilot,PILOT2_PROTOCOL,Exploratory development data; second development iteration informed by Pilot 1; not independent confirmation; never pooled with the confirmatory held-out estimate,m-scale_conductance-fd3b7c7dcc,migliore2014_mt_soma,1,P04_step_2x,ap_half_width,exceeds,3.8399999999965075,4.659999999995762,0.8199999999992542,0.1919999999998254,r-007bacc26e9c06940666,r-807ba17d1088a751ff39
neuron_model_behavioral_validation,Neuraxis,development_pilot,PILOT2_PROTOCOL,Exploratory development data; second development iteration informed by Pilot 1; not independent confirmation; never pooled with the confirmatory held-out estimate,m-scale_conductance-fd3b7c7dcc,migliore2014_mt_soma,1,P04_step_2x,first_isi,exceeds,73.12999999993349,71.5799999999349,1.5499999999985903,1.4625999999986699,r-007bacc26e9c06940666,r-807ba17d1088a751ff39
neuron_model_behavioral_validation,Neuraxis,development_pilot,PILOT2_PROTOCOL,Exploratory development data; second development iteration informed by Pilot 1; not independent confirmation; never pooled with the confirmatory held-out estimate,m-scale_conductance-fd3b7c7dcc,migliore2014_mt_soma,1,P05_long_step,ap_half_width,exceeds,3.8299999999965166,4.63999999999578,0.8099999999992633,0.19149999999982584,r-2e016fe90119b688bc84,r-049c14f528c6b9ceb85e
neuron_model_behavioral_validation,Neuraxis,development_pilot,PILOT2_PROTOCOL,Exploratory development data; second development iteration informed by Pilot 1; not independent confirmation; never pooled with the confirmatory held-out estimate,m-scale_conductance-fd3b7c7dcc,migliore2014_mt_soma,1,P05_long_step,first_isi,exceeds,91.02999999991721,84.07999999992353,6.949999999993679,1.8205999999983442,r-2e016fe90119b688bc84,r-049c14f528c6b9ceb85e
neuron_model_behavioral_validation,Neuraxis,development_pilot,PILOT2_PROTOCOL,Exploratory development data; second development iteration informed by Pilot 1; not independent confirmation; never pooled with the confirmatory held-out estimate,m-scale_conductance-fd3b7c7dcc,migliore2014_mt_soma,1,P05_long_step,mean_frequency,exceeds,9.706010063585746,10.685880898208175,0.9798708346224299,0.5,r-2e016fe90119b688bc84,r-049c14f528c6b9ceb85e
neuron_model_behavioral_validation,Neuraxis,development_pilot,PILOT2_PROTOCOL,Exploratory development data; second development iteration informed by Pilot 1; not independent confirmation; never pooled with the confirmatory held-out estimate,m-scale_conductance-fd3b7c7dcc,migliore2014_mt_soma,1,P06_ramp,mean_frequency,exceeds,9.067918711155903,10.082576299906618,1.0146575887507154,0.5,r-0cd5f319bb80295395e1,r-bc281f106b232b7c6101
neuron_model_behavioral_validation,Neuraxis,development_pilot,PILOT2_PROTOCOL,Exploratory development data; second development iteration informed by Pilot 1; not independent confirmation; never pooled with the confirmatory held-out estimate,m-scale_conductance-fd3b7c7dcc,migliore2014_mt_soma,1,P07_hyperpolarizing_step,baseline_voltage,exceeds,-64.9999771118164,-63.629332255045576,1.3706448567708307,0.5,r-007bacc26e9c06940666,r-807ba17d1088a751ff39
neuron_model_behavioral_validation,Neuraxis,development_pilot,PILOT2_PROTOCOL,Exploratory development data; second development iteration informed by Pilot 1; not independent confirmation; never pooled with the confirmatory held-out estimate,m-scale_conductance-fd3b7c7dcc,migliore2014_mt_soma,1,P07_hyperpolarizing_step,voltage_deflection,exceeds,-16.013975125122172,-17.201924680074164,1.1879495549519916,0.8006987562561086,r-007bacc26e9c06940666,r-807ba17d1088a751ff39
neuron_model_behavioral_validation,Neuraxis,development_pilot,PILOT2_PROTOCOL,Exploratory development data; second development iteration informed by Pilot 1; not independent confirmation; never pooled with the confirmatory held-out estimate,m-scale_conductance-fd3b7c7dcc,migliore2014_mt_soma,1,P08_rebound,maximum_voltage,exceeds,-64.96694946289062,-63.62934494018555,1.3376045227050781,1.0,r-4bf180c9dd3a7a73b475,r-e1be96b4532d7458fe5e
neuron_model_behavioral_validation,Neuraxis,development_pilot,PILOT2_PROTOCOL,Exploratory development data; second development iteration informed by Pilot 1; not independent confirmation; never pooled with the confirmatory held-out estimate,m-scale_conductance-fd3b7c7dcc,migliore2014_mt_soma,1,P09_short_pulse,ap_half_width,exceeds,3.809999999996535,4.569999999995844,0.7599999999993088,0.19049999999982675,r-35777975476ff8854a8b,r-02a68088e2c77a582ac8
neuron_model_behavioral_validation,Neuraxis,development_pilot,PILOT2_PROTOCOL,Exploratory development data; second development iteration informed by Pilot 1; not independent confirmation; never pooled with the confirmatory held-out estimate,m-scale_conductance-fd3b7c7dcc,migliore2014_mt_soma,2,P00_canonical,ap_half_width,exceeds,3.849999999999234,4.689999999999067,0.8399999999998329,0.1924999999999617,r-05c666388af07453703e,r-9f1dd678f3153592f443
neuron_model_behavioral_validation,Neuraxis,development_pilot,PILOT2_PROTOCOL,Exploratory development data; second development iteration informed by Pilot 1; not independent confirmation; never pooled with the confirmatory held-out estimate,m-scale_conductance-fd3b7c7dcc,migliore2014_mt_soma,2,P00_canonical,baseline_voltage,exceeds,-64.99992435132687,-64.08680095008357,0.9131234012432969,0.5,r-05c666388af07453703e,r-9f1dd678f3153592f443
neuron_model_behavioral_validation,Neuraxis,development_pilot,PILOT2_PROTOCOL,Exploratory development data; second development iteration informed by Pilot 1; not independent confirmation; never pooled with the confirmatory held-out estimate,m-scale_conductance-fd3b7c7dcc,migliore2014_mt_soma,2,P02_weak_step,baseline_voltage,exceeds,-64.9999771118164,-63.62933223215739,1.370644879659018,0.5,r-0241c17b5ff2297d2a17,r-baac4e962fc3f5f953e3
neuron_model_behavioral_validation,Neuraxis,development_pilot,PILOT2_PROTOCOL,Exploratory development data; second development iteration informed by Pilot 1; not independent confirmation; never pooled with the confirmatory held-out estimate,m-scale_conductance-fd3b7c7dcc,migliore2014_mt_soma,2,P02_weak_step,voltage_deflection,exceeds,6.550400972747852,7.8033579950968885,1.2529570223490367,0.5,r-0241c17b5ff2297d2a17,r-baac4e962fc3f5f953e3
neuron_model_behavioral_validation,Neuraxis,development_pilot,PILOT2_PROTOCOL,Exploratory development data; second development iteration informed by Pilot 1; not independent confirmation; never pooled with the confirmatory held-out estimate,m-scale_conductance-fd3b7c7dcc,migliore2014_mt_soma,2,P04_step_2x,ap_half_width,exceeds,3.8499999999964984,4.669999999995753,0.8199999999992542,0.1919999999998254,r-0241c17b5ff2297d2a17,r-baac4e962fc3f5f953e3
neuron_model_behavioral_validation,Neuraxis,development_pilot,PILOT2_PROTOCOL,Exploratory development data; second development iteration informed by Pilot 1; not independent confirmation; never pooled with the confirmatory held-out estimate,m-scale_conductance-fd3b7c7dcc,migliore2014_mt_soma,2,P04_step_2x,first_isi,exceeds,73.12999999993349,71.56999999993491,1.5599999999985812,1.4625999999986699,r-0241c17b5ff2297d2a17,r-baac4e962fc3f5f953e3
neuron_model_behavioral_validation,Neuraxis,development_pilot,PILOT2_PROTOCOL,Exploratory development data; second development iteration informed by Pilot 1; not independent confirmation; never pooled with the confirmatory held-out estimate,m-scale_conductance-fd3b7c7dcc,migliore2014_mt_soma,2,P05_long_step,ap_half_width,exceeds,3.8299999999965166,4.63999999999578,0.8099999999992633,0.19149999999982584,r-002bf860824963a1f621,r-b129dcba110297f5ae07
neuron_model_behavioral_validation,Neuraxis,development_pilot,PILOT2_PROTOCOL,Exploratory development data; second development iteration informed by Pilot 1; not independent confirmation; never pooled with the confirmatory held-out estimate,m-scale_conductance-fd3b7c7dcc,migliore2014_mt_soma,2,P05_long_step,first_isi,exceeds,91.0399999999172,84.06999999992354,6.969999999993661,1.8205999999983442,r-002bf860824963a1f621,r-b129dcba110297f5ae07
neuron_model_behavioral_validation,Neuraxis,development_pilot,PILOT2_PROTOCOL,Exploratory development data; second development iteration informed by Pilot 1; not independent confirmation; never pooled with the confirmatory held-out estimate,m-scale_conductance-fd3b7c7dcc,migliore2014_mt_soma,2,P05_long_step,mean_frequency,exceeds,9.707993766431983,10.688056351488326,0.9800625850563431,0.5,r-002bf860824963a1f621,r-b129dcba110297f5ae07
neuron_model_behavioral_validation,Neuraxis,development_pilot,PILOT2_PROTOCOL,Exploratory development data; second development iteration informed by Pilot 1; not independent confirmation; never pooled with the confirmatory held-out estimate,m-scale_conductance-fd3b7c7dcc,migliore2014_mt_soma,2,P06_ramp,mean_frequency,exceeds,9.068741057223095,10.083999717658479,1.015258660435384,0.5,r-046a6f9c0b3cbbc75058,r-92d926c581e6f3d0dce7
neuron_model_behavioral_validation,Neuraxis,development_pilot,PILOT2_PROTOCOL,Exploratory development data; second development iteration informed by Pilot 1; not independent confirmation; never pooled with the confirmatory held-out estimate,m-scale_conductance-fd3b7c7dcc,migliore2014_mt_soma,2,P07_hyperpolarizing_step,baseline_voltage,exceeds,-64.9999771118164,-63.62933223215739,1.370644879659018,0.5,r-0241c17b5ff2297d2a17,r-baac4e962fc3f5f953e3
neuron_model_behavioral_validation,Neuraxis,development_pilot,PILOT2_PROTOCOL,Exploratory development data; second development iteration informed by Pilot 1; not independent confirmation; never pooled with the confirmatory held-out estimate,m-scale_conductance-fd3b7c7dcc,migliore2014_mt_soma,2,P07_hyperpolarizing_step,voltage_deflection,exceeds,-16.01397555389414,-17.201925134786073,1.1879495808919316,0.8006987562561086,r-0241c17b5ff2297d2a17,r-baac4e962fc3f5f953e3
neuron_model_behavioral_validation,Neuraxis,development_pilot,PILOT2_PROTOCOL,Exploratory development data; second development iteration informed by Pilot 1; not independent confirmation; never pooled with the confirmatory held-out estimate,m-scale_conductance-fd3b7c7dcc,migliore2014_mt_soma,2,P08_rebound,maximum_voltage,exceeds,-64.96698760986328,-63.62936019897461,1.3376274108886719,1.0,r-819a62ed4de8eaad35cd,r-a6e0cdacc26cbe46b511
neuron_model_behavioral_validation,Neuraxis,development_pilot,PILOT2_PROTOCOL,Exploratory development data; second development iteration informed by Pilot 1; not independent confirmation; never pooled with the confirmatory held-out estimate,m-scale_conductance-fd3b7c7dcc,migliore2014_mt_soma,2,P09_short_pulse,ap_half_width,exceeds,3.8199999999965257,4.5799999999958345,0.7599999999993088,0.19049999999982675,r-aac3ae71b1a6189ef4f4,r-9c863d4a77bd83f78546
neuron_model_behavioral_validation,Neuraxis,development_pilot,PILOT2_PROTOCOL,Exploratory development data; second development iteration informed by Pilot 1; not independent confirmation; never pooled with the confirmatory held-out estimate,m-scale_conductance-de26f4d2e1,migliore2014_mt_soma,1,P00_canonical,baseline_voltage,exceeds,-64.9999771118164,-63.747372508642094,1.252604603174312,0.5,r-fdc29d572ab8d33a1f37,r-b963c182c883b7f60e0a
neuron_model_behavioral_validation,Neuraxis,development_pilot,PILOT2_PROTOCOL,Exploratory development data; second development iteration informed by Pilot 1; not independent confirmation; never pooled with the confirmatory held-out estimate,m-scale_conductance-de26f4d2e1,migliore2014_mt_soma,1,P02_weak_step,baseline_voltage,exceeds,-64.9999771118164,-63.6360834197998,1.3638936920166032,0.5,r-007bacc26e9c06940666,r-3d46c0f1b5b7429bd43f
neuron_model_behavioral_validation,Neuraxis,development_pilot,PILOT2_PROTOCOL,Exploratory development data; second development iteration informed by Pilot 1; not independent confirmation; never pooled with the confirmatory held-out estimate,m-scale_conductance-de26f4d2e1,migliore2014_mt_soma,1,P02_weak_step,voltage_deflection,exceeds,6.550400881958055,3.863109399414107,2.687291482543948,0.5,r-007bacc26e9c06940666,r-3d46c0f1b5b7429bd43f
neuron_model_behavioral_validation,Neuraxis,development_pilot,PILOT2_PROTOCOL,Exploratory development data; second development iteration informed by Pilot 1; not independent confirmation; never pooled with the confirmatory held-out estimate,m-scale_conductance-de26f4d2e1,migliore2014_mt_soma,1,P04_step_2x,first_isi,exceeds,73.12999999993349,132.51999999987947,59.389999999945985,1.4625999999986699,r-007bacc26e9c06940666,r-3d46c0f1b5b7429bd43f
neuron_model_behavioral_validation,Neuraxis,development_pilot,PILOT2_PROTOCOL,Exploratory development data; second development iteration informed by Pilot 1; not independent confirmation; never pooled with the confirmatory held-out estimate,m-scale_conductance-de26f4d2e1,migliore2014_mt_soma,1,P04_step_2x,mean_frequency,exceeds,14.612558450250988,9.037914049448219,5.57464440080277,0.7306279225125495,r-007bacc26e9c06940666,r-3d46c0f1b5b7429bd43f
neuron_model_behavioral_validation,Neuraxis,development_pilot,PILOT2_PROTOCOL,Exploratory development data; second development iteration informed by Pilot 1; not independent confirmation; never pooled with the confirmatory held-out estimate,m-scale_conductance-de26f4d2e1,migliore2014_mt_soma,1,P05_long_step,ap_half_width,definedness,3.8299999999965166,,,0.19149999999982584,r-2e016fe90119b688bc84,r-151657a1d30cfdb58553
neuron_model_behavioral_validation,Neuraxis,development_pilot,PILOT2_PROTOCOL,Exploratory development data; second development iteration informed by Pilot 1; not independent confirmation; never pooled with the confirmatory held-out estimate,m-scale_conductance-de26f4d2e1,migliore2014_mt_soma,1,P05_long_step,burst_count,definedness,1.0,,,0.5,r-2e016fe90119b688bc84,r-151657a1d30cfdb58553
neuron_model_behavioral_validation,Neuraxis,development_pilot,PILOT2_PROTOCOL,Exploratory development data; second development iteration informed by Pilot 1; not independent confirmation; never pooled with the confirmatory held-out estimate,m-scale_conductance-de26f4d2e1,migliore2014_mt_soma,1,P05_long_step,firing_regime,categorical,tonic,silent,,,r-2e016fe90119b688bc84,r-151657a1d30cfdb58553
neuron_model_behavioral_validation,Neuraxis,development_pilot,PILOT2_PROTOCOL,Exploratory development data; second development iteration informed by Pilot 1; not independent confirmation; never pooled with the confirmatory held-out estimate,m-scale_conductance-de26f4d2e1,migliore2014_mt_soma,1,P05_long_step,first_isi,definedness,91.02999999991721,,,1.8205999999983442,r-2e016fe90119b688bc84,r-151657a1d30cfdb58553
neuron_model_behavioral_validation,Neuraxis,development_pilot,PILOT2_PROTOCOL,Exploratory development data; second development iteration informed by Pilot 1; not independent confirmation; never pooled with the confirmatory held-out estimate,m-scale_conductance-de26f4d2e1,migliore2014_mt_soma,1,P05_long_step,mean_frequency,definedness,9.706010063585746,,,0.5,r-2e016fe90119b688bc84,r-151657a1d30cfdb58553
neuron_model_behavioral_validation,Neuraxis,development_pilot,PILOT2_PROTOCOL,Exploratory development data; second development iteration informed by Pilot 1; not independent confirmation; never pooled with the confirmatory held-out estimate,m-scale_conductance-de26f4d2e1,migliore2014_mt_soma,1,P06_ramp,mean_frequency,exceeds,9.067918711155903,5.040475014370587,4.0274436967853156,0.5,r-0cd5f319bb80295395e1,r-4de5fbcdc7899e8bf075
neuron_model_behavioral_validation,Neuraxis,development_pilot,PILOT2_PROTOCOL,Exploratory development data; second development iteration informed by Pilot 1; not independent confirmation; never pooled with the confirmatory held-out estimate,m-scale_conductance-de26f4d2e1,migliore2014_mt_soma,1,P07_hyperpolarizing_step,baseline_voltage,exceeds,-64.9999771118164,-63.6360834197998,1.3638936920166032,0.5,r-007bacc26e9c06940666,r-3d46c0f1b5b7429bd43f
neuron_model_behavioral_validation,Neuraxis,development_pilot,PILOT2_PROTOCOL,Exploratory development data; second development iteration informed by Pilot 1; not independent confirmation; never pooled with the confirmatory held-out estimate,m-scale_conductance-de26f4d2e1,migliore2014_mt_soma,1,P07_hyperpolarizing_step,minimum_voltage,exceeds,-81.01427459716797,-71.9321517944336,9.082122802734375,0.5,r-007bacc26e9c06940666,r-3d46c0f1b5b7429bd43f
neuron_model_behavioral_validation,Neuraxis,development_pilot,PILOT2_PROTOCOL,Exploratory development data; second development iteration informed by Pilot 1; not independent confirmation; never pooled with the confirmatory held-out estimate,m-scale_conductance-de26f4d2e1,migliore2014_mt_soma,1,P07_hyperpolarizing_step,voltage_deflection,exceeds,-16.013975125122172,-8.292054438781847,7.721920686340326,0.8006987562561086,r-007bacc26e9c06940666,r-3d46c0f1b5b7429bd43f
neuron_model_behavioral_validation,Neuraxis,development_pilot,PILOT2_PROTOCOL,Exploratory development data; second development iteration informed by Pilot 1; not independent confirmation; never pooled with the confirmatory held-out estimate,m-scale_conductance-de26f4d2e1,migliore2014_mt_soma,1,P08_rebound,maximum_voltage,exceeds,-64.96694946289062,-63.48822021484375,1.478729248046875,1.0,r-4bf180c9dd3a7a73b475,r-c602133c344596d7d995
neuron_model_behavioral_validation,Neuraxis,development_pilot,PILOT2_PROTOCOL,Exploratory development data; second development iteration informed by Pilot 1; not independent confirmation; never pooled with the confirmatory held-out estimate,m-scale_conductance-de26f4d2e1,migliore2014_mt_soma,2,P00_canonical,baseline_voltage,exceeds,-64.99992435132687,-63.7474613853948,1.252462965932068,0.5,r-05c666388af07453703e,r-11b167dc4373c8f23b2c
neuron_model_behavioral_validation,Neuraxis,development_pilot,PILOT2_PROTOCOL,Exploratory development data; second development iteration informed by Pilot 1; not independent confirmation; never pooled with the confirmatory held-out estimate,m-scale_conductance-de26f4d2e1,migliore2014_mt_soma,2,P02_weak_step,baseline_voltage,exceeds,-64.9999771118164,-63.63608341217041,1.363893699645999,0.5,r-0241c17b5ff2297d2a17,r-d50e9d4495b5c963d0a4
neuron_model_behavioral_validation,Neuraxis,development_pilot,PILOT2_PROTOCOL,Exploratory development data; second development iteration informed by Pilot 1; not independent confirmation; never pooled with the confirmatory held-out estimate,m-scale_conductance-de26f4d2e1,migliore2014_mt_soma,2,P02_weak_step,voltage_deflection,exceeds,6.550400972747852,3.863109603881881,2.6872913688659708,0.5,r-0241c17b5ff2297d2a17,r-d50e9d4495b5c963d0a4
neuron_model_behavioral_validation,Neuraxis,development_pilot,PILOT2_PROTOCOL,Exploratory development data; second development iteration informed by Pilot 1; not independent confirmation; never pooled with the confirmatory held-out estimate,m-scale_conductance-de26f4d2e1,migliore2014_mt_soma,2,P04_step_2x,first_isi,exceeds,73.12999999993349,132.4899999998795,59.35999999994601,1.4625999999986699,r-0241c17b5ff2297d2a17,r-d50e9d4495b5c963d0a4
neuron_model_behavioral_validation,Neuraxis,development_pilot,PILOT2_PROTOCOL,Exploratory development data; second development iteration informed by Pilot 1; not independent confirmation; never pooled with the confirmatory held-out estimate,m-scale_conductance-de26f4d2e1,migliore2014_mt_soma,2,P04_step_2x,mean_frequency,exceeds,14.614694030958587,9.040978233855736,5.573715797102851,0.7306279225125495,r-0241c17b5ff2297d2a17,r-d50e9d4495b5c963d0a4
neuron_model_behavioral_validation,Neuraxis,development_pilot,PILOT2_PROTOCOL,Exploratory development data; second development iteration informed by Pilot 1; not independent confirmation; never pooled with the confirmatory held-out estimate,m-scale_conductance-de26f4d2e1,migliore2014_mt_soma,2,P05_long_step,ap_half_width,definedness,3.8299999999965166,,,0.19149999999982584,r-002bf860824963a1f621,r-2455d44faad252e65d04
neuron_model_behavioral_validation,Neuraxis,development_pilot,PILOT2_PROTOCOL,Exploratory development data; second development iteration informed by Pilot 1; not independent confirmation; never pooled with the confirmatory held-out estimate,m-scale_conductance-de26f4d2e1,migliore2014_mt_soma,2,P05_long_step,burst_count,definedness,1.0,,,0.5,r-002bf860824963a1f621,r-2455d44faad252e65d04
neuron_model_behavioral_validation,Neuraxis,development_pilot,PILOT2_PROTOCOL,Exploratory development data; second development iteration informed by Pilot 1; not independent confirmation; never pooled with the confirmatory held-out estimate,m-scale_conductance-de26f4d2e1,migliore2014_mt_soma,2,P05_long_step,firing_regime,categorical,tonic,silent,,,r-002bf860824963a1f621,r-2455d44faad252e65d04
neuron_model_behavioral_validation,Neuraxis,development_pilot,PILOT2_PROTOCOL,Exploratory development data; second development iteration informed by Pilot 1; not independent confirmation; never pooled with the confirmatory held-out estimate,m-scale_conductance-de26f4d2e1,migliore2014_mt_soma,2,P05_long_step,first_isi,definedness,91.0399999999172,,,1.8205999999983442,r-002bf860824963a1f621,r-2455d44faad252e65d04
neuron_model_behavioral_validation,Neuraxis,development_pilot,PILOT2_PROTOCOL,Exploratory development data; second development iteration informed by Pilot 1; not independent confirmation; never pooled with the confirmatory held-out estimate,m-scale_conductance-de26f4d2e1,migliore2014_mt_soma,2,P05_long_step,mean_frequency,definedness,9.707993766431983,,,0.5,r-002bf860824963a1f621,r-2455d44faad252e65d04
neuron_model_behavioral_validation,Neuraxis,development_pilot,PILOT2_PROTOCOL,Exploratory development data; second development iteration informed by Pilot 1; not independent confirmation; never pooled with the confirmatory held-out estimate,m-scale_conductance-de26f4d2e1,migliore2014_mt_soma,2,P06_ramp,mean_frequency,exceeds,9.068741057223095,5.041084841463116,4.027656215759979,0.5,r-046a6f9c0b3cbbc75058,r-ccbf82f2366facfd7561
neuron_model_behavioral_validation,Neuraxis,development_pilot,PILOT2_PROTOCOL,Exploratory development data; second development iteration informed by Pilot 1; not independent confirmation; never pooled with the confirmatory held-out estimate,m-scale_conductance-de26f4d2e1,migliore2014_mt_soma,2,P07_hyperpolarizing_step,baseline_voltage,exceeds,-64.9999771118164,-63.63608341217041,1.363893699645999,0.5,r-0241c17b5ff2297d2a17,r-d50e9d4495b5c963d0a4
neuron_model_behavioral_validation,Neuraxis,development_pilot,PILOT2_PROTOCOL,Exploratory development data; second development iteration informed by Pilot 1; not independent confirmation; never pooled with the confirmatory held-out estimate,m-scale_conductance-de26f4d2e1,migliore2014_mt_soma,2,P07_hyperpolarizing_step,minimum_voltage,exceeds,-81.01427459716797,-71.93213653564453,9.082138061523438,0.5,r-0241c17b5ff2297d2a17,r-d50e9d4495b5c963d0a4
neuron_model_behavioral_validation,Neuraxis,development_pilot,PILOT2_PROTOCOL,Exploratory development data; second development iteration informed by Pilot 1; not independent confirmation; never pooled with the confirmatory held-out estimate,m-scale_conductance-de26f4d2e1,migliore2014_mt_soma,2,P07_hyperpolarizing_step,voltage_deflection,exceeds,-16.01397555389414,-8.292054882812607,7.721920671081534,0.8006987562561086,r-0241c17b5ff2297d2a17,r-d50e9d4495b5c963d0a4
neuron_model_behavioral_validation,Neuraxis,development_pilot,PILOT2_PROTOCOL,Exploratory development data; second development iteration informed by Pilot 1; not independent confirmation; never pooled with the confirmatory held-out estimate,m-scale_conductance-de26f4d2e1,migliore2014_mt_soma,2,P08_rebound,maximum_voltage,exceeds,-64.96698760986328,-63.48833465576172,1.4786529541015625,1.0,r-819a62ed4de8eaad35cd,r-d2112c77f36c6ccd29fb
neuron_model_behavioral_validation,Neuraxis,development_pilot,PILOT2_PROTOCOL,Exploratory development data; second development iteration informed by Pilot 1; not independent confirmation; never pooled with the confirmatory held-out estimate,m-shift_reversal-d4460926dc,migliore2014_mt_soma,1,P00_canonical,baseline_voltage,exceeds,-64.9999771118164,-67.72367471723415,2.7236976054177404,0.5,r-fdc29d572ab8d33a1f37,r-2d029fb712efca3d53bd
neuron_model_behavioral_validation,Neuraxis,development_pilot,PILOT2_PROTOCOL,Exploratory development data; second development iteration informed by Pilot 1; not independent confirmation; never pooled with the confirmatory held-out estimate,m-shift_reversal-d4460926dc,migliore2014_mt_soma,1,P02_weak_step,baseline_voltage,exceeds,-64.9999771118164,-68.86745948028565,3.86748236846924,0.5,r-007bacc26e9c06940666,r-16326c684c79063fc073
neuron_model_behavioral_validation,Neuraxis,development_pilot,PILOT2_PROTOCOL,Exploratory development data; second development iteration informed by Pilot 1; not independent confirmation; never pooled with the confirmatory held-out estimate,m-shift_reversal-d4460926dc,migliore2014_mt_soma,1,P04_step_2x,first_isi,exceeds,73.12999999993349,80.3699999999269,7.239999999993415,1.4625999999986699,r-007bacc26e9c06940666,r-16326c684c79063fc073
neuron_model_behavioral_validation,Neuraxis,development_pilot,PILOT2_PROTOCOL,Exploratory development data; second development iteration informed by Pilot 1; not independent confirmation; never pooled with the confirmatory held-out estimate,m-shift_reversal-d4460926dc,migliore2014_mt_soma,1,P04_step_2x,mean_frequency,exceeds,14.612558450250988,13.41831600135787,1.1942424488931191,0.7306279225125495,r-007bacc26e9c06940666,r-16326c684c79063fc073
neuron_model_behavioral_validation,Neuraxis,development_pilot,PILOT2_PROTOCOL,Exploratory development data; second development iteration informed by Pilot 1; not independent confirmation; never pooled with the confirmatory held-out estimate,m-shift_reversal-d4460926dc,migliore2014_mt_soma,1,P05_long_step,first_isi,exceeds,91.02999999991721,121.5999999998894,30.569999999972197,1.8205999999983442,r-2e016fe90119b688bc84,r-8a3c52709748f6f99932
neuron_model_behavioral_validation,Neuraxis,development_pilot,PILOT2_PROTOCOL,Exploratory development data; second development iteration informed by Pilot 1; not independent confirmation; never pooled with the confirmatory held-out estimate,m-shift_reversal-d4460926dc,migliore2014_mt_soma,1,P05_long_step,mean_frequency,exceeds,9.706010063585746,6.3285464910795985,3.377463572506147,0.5,r-2e016fe90119b688bc84,r-8a3c52709748f6f99932
neuron_model_behavioral_validation,Neuraxis,development_pilot,PILOT2_PROTOCOL,Exploratory development data; second development iteration informed by Pilot 1; not independent confirmation; never pooled with the confirmatory held-out estimate,m-shift_reversal-d4460926dc,migliore2014_mt_soma,1,P06_ramp,mean_frequency,exceeds,9.067918711155903,7.350007350015021,1.7179113611408816,0.5,r-0cd5f319bb80295395e1,r-f6f0a3b8bea37b0295fa
neuron_model_behavioral_validation,Neuraxis,development_pilot,PILOT2_PROTOCOL,Exploratory development data; second development iteration informed by Pilot 1; not independent confirmation; never pooled with the confirmatory held-out estimate,m-shift_reversal-d4460926dc,migliore2014_mt_soma,1,P07_hyperpolarizing_step,baseline_voltage,exceeds,-64.9999771118164,-68.86745948028565,3.86748236846924,0.5,r-007bacc26e9c06940666,r-16326c684c79063fc073
neuron_model_behavioral_validation,Neuraxis,development_pilot,PILOT2_PROTOCOL,Exploratory development data; second development iteration informed by Pilot 1; not independent confirmation; never pooled with the confirmatory held-out estimate,m-shift_reversal-d4460926dc,migliore2014_mt_soma,1,P07_hyperpolarizing_step,minimum_voltage,exceeds,-81.01427459716797,-85.7624282836914,4.7481536865234375,0.5,r-007bacc26e9c06940666,r-16326c684c79063fc073
neuron_model_behavioral_validation,Neuraxis,development_pilot,PILOT2_PROTOCOL,Exploratory development data; second development iteration informed by Pilot 1; not independent confirmation; never pooled with the confirmatory held-out estimate,m-shift_reversal-d4460926dc,migliore2014_mt_soma,1,P07_hyperpolarizing_step,voltage_deflection,exceeds,-16.013975125122172,-16.89484964141856,0.8808745162963874,0.8006987562561086,r-007bacc26e9c06940666,r-16326c684c79063fc073
neuron_model_behavioral_validation,Neuraxis,development_pilot,PILOT2_PROTOCOL,Exploratory development data; second development iteration informed by Pilot 1; not independent confirmation; never pooled with the confirmatory held-out estimate,m-shift_reversal-d4460926dc,migliore2014_mt_soma,1,P08_rebound,maximum_voltage,exceeds,-64.96694946289062,-68.86934661865234,3.9023971557617188,1.0,r-4bf180c9dd3a7a73b475,r-010cecd53908ecabf41f
neuron_model_behavioral_validation,Neuraxis,development_pilot,PILOT2_PROTOCOL,Exploratory development data; second development iteration informed by Pilot 1; not independent confirmation; never pooled with the confirmatory held-out estimate,m-shift_reversal-d4460926dc,migliore2014_mt_soma,2,P00_canonical,baseline_voltage,exceeds,-64.99992435132687,-67.72331131512846,2.7233869638015875,0.5,r-05c666388af07453703e,r-58c8b489cb368136ec4a
neuron_model_behavioral_validation,Neuraxis,development_pilot,PILOT2_PROTOCOL,Exploratory development data; second development iteration informed by Pilot 1; not independent confirmation; never pooled with the confirmatory held-out estimate,m-shift_reversal-d4460926dc,migliore2014_mt_soma,2,P02_weak_step,baseline_voltage,exceeds,-64.9999771118164,-68.86745948537191,3.8674823735555037,0.5,r-0241c17b5ff2297d2a17,r-c330ffa8c154ca96d7f3
neuron_model_behavioral_validation,Neuraxis,development_pilot,PILOT2_PROTOCOL,Exploratory development data; second development iteration informed by Pilot 1; not independent confirmation; never pooled with the confirmatory held-out estimate,m-shift_reversal-d4460926dc,migliore2014_mt_soma,2,P04_step_2x,first_isi,exceeds,73.12999999993349,80.3699999999269,7.239999999993415,1.4625999999986699,r-0241c17b5ff2297d2a17,r-c330ffa8c154ca96d7f3
neuron_model_behavioral_validation,Neuraxis,development_pilot,PILOT2_PROTOCOL,Exploratory development data; second development iteration informed by Pilot 1; not independent confirmation; never pooled with the confirmatory held-out estimate,m-shift_reversal-d4460926dc,migliore2014_mt_soma,2,P04_step_2x,mean_frequency,exceeds,14.614694030958587,13.42041692763526,1.1942771033233264,0.7306279225125495,r-0241c17b5ff2297d2a17,r-c330ffa8c154ca96d7f3
neuron_model_behavioral_validation,Neuraxis,development_pilot,PILOT2_PROTOCOL,Exploratory development data; second development iteration informed by Pilot 1; not independent confirmation; never pooled with the confirmatory held-out estimate,m-shift_reversal-d4460926dc,migliore2014_mt_soma,2,P05_long_step,first_isi,exceeds,91.0399999999172,121.5999999998894,30.559999999972206,1.8205999999983442,r-002bf860824963a1f621,r-e141525c85c137773298
neuron_model_behavioral_validation,Neuraxis,development_pilot,PILOT2_PROTOCOL,Exploratory development data; second development iteration informed by Pilot 1; not independent confirmation; never pooled with the confirmatory held-out estimate,m-shift_reversal-d4460926dc,migliore2014_mt_soma,2,P05_long_step,mean_frequency,exceeds,9.707993766431983,6.332386993272132,3.375606773159851,0.5,r-002bf860824963a1f621,r-e141525c85c137773298
neuron_model_behavioral_validation,Neuraxis,development_pilot,PILOT2_PROTOCOL,Exploratory development data; second development iteration informed by Pilot 1; not independent confirmation; never pooled with the confirmatory held-out estimate,m-shift_reversal-d4460926dc,migliore2014_mt_soma,2,P06_ramp,mean_frequency,exceeds,9.068741057223095,7.350624803115936,1.7181162541071586,0.5,r-046a6f9c0b3cbbc75058,r-4bb0ce1d9a10a02d7b25
neuron_model_behavioral_validation,Neuraxis,development_pilot,PILOT2_PROTOCOL,Exploratory development data; second development iteration informed by Pilot 1; not independent confirmation; never pooled with the confirmatory held-out estimate,m-shift_reversal-d4460926dc,migliore2014_mt_soma,2,P07_hyperpolarizing_step,baseline_voltage,exceeds,-64.9999771118164,-68.86745948537191,3.8674823735555037,0.5,r-0241c17b5ff2297d2a17,r-c330ffa8c154ca96d7f3
neuron_model_behavioral_validation,Neuraxis,development_pilot,PILOT2_PROTOCOL,Exploratory development data; second development iteration informed by Pilot 1; not independent confirmation; never pooled with the confirmatory held-out estimate,m-shift_reversal-d4460926dc,migliore2014_mt_soma,2,P07_hyperpolarizing_step,minimum_voltage,exceeds,-81.01427459716797,-85.7624282836914,4.7481536865234375,0.5,r-0241c17b5ff2297d2a17,r-c330ffa8c154ca96d7f3
neuron_model_behavioral_validation,Neuraxis,development_pilot,PILOT2_PROTOCOL,Exploratory development data; second development iteration informed by Pilot 1; not independent confirmation; never pooled with the confirmatory held-out estimate,m-shift_reversal-d4460926dc,migliore2014_mt_soma,2,P07_hyperpolarizing_step,voltage_deflection,exceeds,-16.01397555389414,-16.894850071207784,0.880874517313643,0.8006987562561086,r-0241c17b5ff2297d2a17,r-c330ffa8c154ca96d7f3
neuron_model_behavioral_validation,Neuraxis,development_pilot,PILOT2_PROTOCOL,Exploratory development data; second development iteration informed by Pilot 1; not independent confirmation; never pooled with the confirmatory held-out estimate,m-shift_reversal-d4460926dc,migliore2014_mt_soma,2,P08_rebound,maximum_voltage,exceeds,-64.96698760986328,-68.86934661865234,3.9023590087890625,1.0,r-819a62ed4de8eaad35cd,r-31d7bab2cb8ddb46dcbc
neuron_model_behavioral_validation,Neuraxis,development_pilot,PILOT2_PROTOCOL,Exploratory development data; second development iteration informed by Pilot 1; not independent confirmation; never pooled with the confirmatory held-out estimate,m-shift_reversal-3bffbb8e9b,migliore2014_mt_soma,1,P00_canonical,baseline_voltage,exceeds,-64.9999771118164,-64.28877413925247,0.7112029725639388,0.5,r-fdc29d572ab8d33a1f37,r-4d3bb920707eb3a1c1ca
neuron_model_behavioral_validation,Neuraxis,development_pilot,PILOT2_PROTOCOL,Exploratory development data; second development iteration informed by Pilot 1; not independent confirmation; never pooled with the confirmatory held-out estimate,m-shift_reversal-3bffbb8e9b,migliore2014_mt_soma,1,P02_weak_step,baseline_voltage,exceeds,-64.9999771118164,-63.980981988271076,1.0189951235453307,0.5,r-007bacc26e9c06940666,r-e4e2c4901b51c89f2ea1
neuron_model_behavioral_validation,Neuraxis,development_pilot,PILOT2_PROTOCOL,Exploratory development data; second development iteration informed by Pilot 1; not independent confirmation; never pooled with the confirmatory held-out estimate,m-shift_reversal-3bffbb8e9b,migliore2014_mt_soma,1,P04_step_2x,first_isi,exceeds,73.12999999993349,80.76999999992654,7.6399999999930515,1.4625999999986699,r-007bacc26e9c06940666,r-e4e2c4901b51c89f2ea1
neuron_model_behavioral_validation,Neuraxis,development_pilot,PILOT2_PROTOCOL,Exploratory development data; second development iteration informed by Pilot 1; not independent confirmation; never pooled with the confirmatory held-out estimate,m-shift_reversal-3bffbb8e9b,migliore2014_mt_soma,1,P04_step_2x,mean_frequency,exceeds,14.612558450250988,13.81533502189091,0.7972234283600788,0.7306279225125495,r-007bacc26e9c06940666,r-e4e2c4901b51c89f2ea1
neuron_model_behavioral_validation,Neuraxis,development_pilot,PILOT2_PROTOCOL,Exploratory development data; second development iteration informed by Pilot 1; not independent confirmation; never pooled with the confirmatory held-out estimate,m-shift_reversal-3bffbb8e9b,migliore2014_mt_soma,1,P05_long_step,first_isi,exceeds,91.02999999991721,97.28999999991152,6.259999999994307,1.8205999999983442,r-2e016fe90119b688bc84,r-dc35659bc9eac37d804f
neuron_model_behavioral_validation,Neuraxis,development_pilot,PILOT2_PROTOCOL,Exploratory development data; second development iteration informed by Pilot 1; not independent confirmation; never pooled with the confirmatory held-out estimate,m-shift_reversal-3bffbb8e9b,migliore2014_mt_soma,1,P06_ramp,mean_frequency,exceeds,9.067918711155903,8.548743868956699,0.5191748421992042,0.5,r-0cd5f319bb80295395e1,r-0731784e4b10c841e855
neuron_model_behavioral_validation,Neuraxis,development_pilot,PILOT2_PROTOCOL,Exploratory development data; second development iteration informed by Pilot 1; not independent confirmation; never pooled with the confirmatory held-out estimate,m-shift_reversal-3bffbb8e9b,migliore2014_mt_soma,1,P07_hyperpolarizing_step,baseline_voltage,exceeds,-64.9999771118164,-63.980981988271076,1.0189951235453307,0.5,r-007bacc26e9c06940666,r-e4e2c4901b51c89f2ea1
neuron_model_behavioral_validation,Neuraxis,development_pilot,PILOT2_PROTOCOL,Exploratory development data; second development iteration informed by Pilot 1; not independent confirmation; never pooled with the confirmatory held-out estimate,m-shift_reversal-3bffbb8e9b,migliore2014_mt_soma,2,P00_canonical,baseline_voltage,exceeds,-64.99992435132687,-64.2887926244024,0.7111317269244637,0.5,r-05c666388af07453703e,r-0e2b0cd0155838e7681a
neuron_model_behavioral_validation,Neuraxis,development_pilot,PILOT2_PROTOCOL,Exploratory development data; second development iteration informed by Pilot 1; not independent confirmation; never pooled with the confirmatory held-out estimate,m-shift_reversal-3bffbb8e9b,migliore2014_mt_soma,2,P02_weak_step,baseline_voltage,exceeds,-64.9999771118164,-63.98098197301229,1.0189951388041152,0.5,r-0241c17b5ff2297d2a17,r-06a6da25013236dab6d2
neuron_model_behavioral_validation,Neuraxis,development_pilot,PILOT2_PROTOCOL,Exploratory development data; second development iteration informed by Pilot 1; not independent confirmation; never pooled with the confirmatory held-out estimate,m-shift_reversal-3bffbb8e9b,migliore2014_mt_soma,2,P04_step_2x,first_isi,exceeds,73.12999999993349,80.74999999992656,7.61999999999307,1.4625999999986699,r-0241c17b5ff2297d2a17,r-06a6da25013236dab6d2
neuron_model_behavioral_validation,Neuraxis,development_pilot,PILOT2_PROTOCOL,Exploratory development data; second development iteration informed by Pilot 1; not independent confirmation; never pooled with the confirmatory held-out estimate,m-shift_reversal-3bffbb8e9b,migliore2014_mt_soma,2,P04_step_2x,mean_frequency,exceeds,14.614694030958587,13.81978993920956,0.7949040917490269,0.7306279225125495,r-0241c17b5ff2297d2a17,r-06a6da25013236dab6d2
neuron_model_behavioral_validation,Neuraxis,development_pilot,PILOT2_PROTOCOL,Exploratory development data; second development iteration informed by Pilot 1; not independent confirmation; never pooled with the confirmatory held-out estimate,m-shift_reversal-3bffbb8e9b,migliore2014_mt_soma,2,P05_long_step,first_isi,exceeds,91.0399999999172,97.26999999991153,6.229999999994334,1.8205999999983442,r-002bf860824963a1f621,r-d03a814b0e2ddea28657
neuron_model_behavioral_validation,Neuraxis,development_pilot,PILOT2_PROTOCOL,Exploratory development data; second development iteration informed by Pilot 1; not independent confirmation; never pooled with the confirmatory held-out estimate,m-shift_reversal-3bffbb8e9b,migliore2014_mt_soma,2,P06_ramp,mean_frequency,exceeds,9.068741057223095,8.550297122833962,0.5184439343891327,0.5,r-046a6f9c0b3cbbc75058,r-8de0a4e1f23e3df50202
neuron_model_behavioral_validation,Neuraxis,development_pilot,PILOT2_PROTOCOL,Exploratory development data; second development iteration informed by Pilot 1; not independent confirmation; never pooled with the confirmatory held-out estimate,m-shift_reversal-3bffbb8e9b,migliore2014_mt_soma,2,P07_hyperpolarizing_step,baseline_voltage,exceeds,-64.9999771118164,-63.98098197301229,1.0189951388041152,0.5,r-0241c17b5ff2297d2a17,r-06a6da25013236dab6d2
neuron_model_behavioral_validation,Neuraxis,development_pilot,PILOT2_PROTOCOL,Exploratory development data; second development iteration informed by Pilot 1; not independent confirmation; never pooled with the confirmatory held-out estimate,m-shift_reversal-9acb9774d9,migliore2014_mt_soma,1,P00_canonical,ap_half_width,exceeds,3.849999999999234,3.3899999999993256,0.4599999999999085,0.1924999999999617,r-fdc29d572ab8d33a1f37,r-7f84302635c971e4718f
neuron_model_behavioral_validation,Neuraxis,development_pilot,PILOT2_PROTOCOL,Exploratory development data; second development iteration informed by Pilot 1; not independent confirmation; never pooled with the confirmatory held-out estimate,m-shift_reversal-9acb9774d9,migliore2014_mt_soma,1,P04_step_2x,ap_half_width,exceeds,3.8399999999965075,3.389999999996917,0.4499999999995907,0.1919999999998254,r-007bacc26e9c06940666,r-b56fc25c3a2362deef6e
neuron_model_behavioral_validation,Neuraxis,development_pilot,PILOT2_PROTOCOL,Exploratory development data; second development iteration informed by Pilot 1; not independent confirmation; never pooled with the confirmatory held-out estimate,m-shift_reversal-9acb9774d9,migliore2014_mt_soma,1,P04_step_2x,first_isi,exceeds,73.12999999993349,71.52999999993494,1.5999999999985448,1.4625999999986699,r-007bacc26e9c06940666,r-b56fc25c3a2362deef6e
neuron_model_behavioral_validation,Neuraxis,development_pilot,PILOT2_PROTOCOL,Exploratory development data; second development iteration informed by Pilot 1; not independent confirmation; never pooled with the confirmatory held-out estimate,m-shift_reversal-9acb9774d9,migliore2014_mt_soma,1,P05_long_step,ap_half_width,exceeds,3.8299999999965166,3.369999999996935,0.45999999999958163,0.19149999999982584,r-2e016fe90119b688bc84,r-46ece7203e1efd7f00a8
neuron_model_behavioral_validation,Neuraxis,development_pilot,PILOT2_PROTOCOL,Exploratory development data; second development iteration informed by Pilot 1; not independent confirmation; never pooled with the confirmatory held-out estimate,m-shift_reversal-9acb9774d9,migliore2014_mt_soma,1,P05_long_step,first_isi,exceeds,91.02999999991721,88.76999999991926,2.2599999999979445,1.8205999999983442,r-2e016fe90119b688bc84,r-46ece7203e1efd7f00a8
neuron_model_behavioral_validation,Neuraxis,development_pilot,PILOT2_PROTOCOL,Exploratory development data; second development iteration informed by Pilot 1; not independent confirmation; never pooled with the confirmatory held-out estimate,m-shift_reversal-9acb9774d9,migliore2014_mt_soma,1,P09_short_pulse,ap_half_width,exceeds,3.809999999996535,3.359999999996944,0.4499999999995907,0.19049999999982675,r-35777975476ff8854a8b,r-74ed2645b230beea69ce
neuron_model_behavioral_validation,Neuraxis,development_pilot,PILOT2_PROTOCOL,Exploratory development data; second development iteration informed by Pilot 1; not independent confirmation; never pooled with the confirmatory held-out estimate,m-shift_reversal-9acb9774d9,migliore2014_mt_soma,2,P00_canonical,ap_half_width,exceeds,3.849999999999234,3.3999999999993236,0.44999999999991047,0.1924999999999617,r-05c666388af07453703e,r-c23cde969b7bac669056
neuron_model_behavioral_validation,Neuraxis,development_pilot,PILOT2_PROTOCOL,Exploratory development data; second development iteration informed by Pilot 1; not independent confirmation; never pooled with the confirmatory held-out estimate,m-shift_reversal-9acb9774d9,migliore2014_mt_soma,2,P04_step_2x,ap_half_width,exceeds,3.8499999999964984,3.389999999996917,0.45999999999958163,0.1919999999998254,r-0241c17b5ff2297d2a17,r-7be16f39864c12444dc7
neuron_model_behavioral_validation,Neuraxis,development_pilot,PILOT2_PROTOCOL,Exploratory development data; second development iteration informed by Pilot 1; not independent confirmation; never pooled with the confirmatory held-out estimate,m-shift_reversal-9acb9774d9,migliore2014_mt_soma,2,P04_step_2x,first_isi,exceeds,73.12999999993349,71.52999999993494,1.5999999999985448,1.4625999999986699,r-0241c17b5ff2297d2a17,r-7be16f39864c12444dc7
neuron_model_behavioral_validation,Neuraxis,development_pilot,PILOT2_PROTOCOL,Exploratory development data; second development iteration informed by Pilot 1; not independent confirmation; never pooled with the confirmatory held-out estimate,m-shift_reversal-9acb9774d9,migliore2014_mt_soma,2,P05_long_step,ap_half_width,exceeds,3.8299999999965166,3.369999999996935,0.45999999999958163,0.19149999999982584,r-002bf860824963a1f621,r-eaa820f779912834ec1b
neuron_model_behavioral_validation,Neuraxis,development_pilot,PILOT2_PROTOCOL,Exploratory development data; second development iteration informed by Pilot 1; not independent confirmation; never pooled with the confirmatory held-out estimate,m-shift_reversal-9acb9774d9,migliore2014_mt_soma,2,P05_long_step,first_isi,exceeds,91.0399999999172,88.76999999991926,2.2699999999979354,1.8205999999983442,r-002bf860824963a1f621,r-eaa820f779912834ec1b
neuron_model_behavioral_validation,Neuraxis,development_pilot,PILOT2_PROTOCOL,Exploratory development data; second development iteration informed by Pilot 1; not independent confirmation; never pooled with the confirmatory held-out estimate,m-shift_reversal-9acb9774d9,migliore2014_mt_soma,2,P09_short_pulse,ap_half_width,exceeds,3.8199999999965257,3.359999999996944,0.45999999999958163,0.19049999999982675,r-aac3ae71b1a6189ef4f4,r-1f87a5b65b51e15fcdbc
neuron_model_behavioral_validation,Neuraxis,development_pilot,PILOT2_PROTOCOL,Exploratory development data; second development iteration informed by Pilot 1; not independent confirmation; never pooled with the confirmatory held-out estimate,m-scale_capacitance-669e5e35b9,migliore2014_mt_soma,1,P04_step_2x,first_isi,exceeds,73.12999999993349,69.65999999993664,3.469999999996844,1.4625999999986699,r-007bacc26e9c06940666,r-f72145e1e9fec511aa6e
neuron_model_behavioral_validation,Neuraxis,development_pilot,PILOT2_PROTOCOL,Exploratory development data; second development iteration informed by Pilot 1; not independent confirmation; never pooled with the confirmatory held-out estimate,m-scale_capacitance-669e5e35b9,migliore2014_mt_soma,1,P04_step_2x,mean_frequency,exceeds,14.612558450250988,15.423937951719411,0.8113795014684229,0.7306279225125495,r-007bacc26e9c06940666,r-f72145e1e9fec511aa6e
neuron_model_behavioral_validation,Neuraxis,development_pilot,PILOT2_PROTOCOL,Exploratory development data; second development iteration informed by Pilot 1; not independent confirmation; never pooled with the confirmatory held-out estimate,m-scale_capacitance-669e5e35b9,migliore2014_mt_soma,1,P05_long_step,first_isi,exceeds,91.02999999991721,86.77999999992107,4.249999999996135,1.8205999999983442,r-2e016fe90119b688bc84,r-7e8725242f6c94d11736
neuron_model_behavioral_validation,Neuraxis,development_pilot,PILOT2_PROTOCOL,Exploratory development data; second development iteration informed by Pilot 1; not independent confirmation; never pooled with the confirmatory held-out estimate,m-scale_capacitance-669e5e35b9,migliore2014_mt_soma,2,P04_step_2x,first_isi,exceeds,73.12999999993349,69.64999999993665,3.479999999996835,1.4625999999986699,r-0241c17b5ff2297d2a17,r-b43223f7eed3639400ce
neuron_model_behavioral_validation,Neuraxis,development_pilot,PILOT2_PROTOCOL,Exploratory development data; second development iteration informed by Pilot 1; not independent confirmation; never pooled with the confirmatory held-out estimate,m-scale_capacitance-669e5e35b9,migliore2014_mt_soma,2,P04_step_2x,mean_frequency,exceeds,14.614694030958587,15.426657263770139,0.8119632328115518,0.7306279225125495,r-0241c17b5ff2297d2a17,r-b43223f7eed3639400ce
neuron_model_behavioral_validation,Neuraxis,development_pilot,PILOT2_PROTOCOL,Exploratory development data; second development iteration informed by Pilot 1; not independent confirmation; never pooled with the confirmatory held-out estimate,m-scale_capacitance-669e5e35b9,migliore2014_mt_soma,2,P05_long_step,first_isi,exceeds,91.0399999999172,86.76999999992108,4.2699999999961165,1.8205999999983442,r-002bf860824963a1f621,r-4b286348234c85dc9d07
neuron_model_behavioral_validation,Neuraxis,development_pilot,PILOT2_PROTOCOL,Exploratory development data; second development iteration informed by Pilot 1; not independent confirmation; never pooled with the confirmatory held-out estimate,m-scale_capacitance-f459583f48,migliore2014_mt_soma,1,P04_step_2x,first_isi,exceeds,73.12999999993349,65.27999999994063,7.8499999999928605,1.4625999999986699,r-007bacc26e9c06940666,r-c7352738bee39186b940
neuron_model_behavioral_validation,Neuraxis,development_pilot,PILOT2_PROTOCOL,Exploratory development data; second development iteration informed by Pilot 1; not independent confirmation; never pooled with the confirmatory held-out estimate,m-scale_capacitance-f459583f48,migliore2014_mt_soma,1,P04_step_2x,mean_frequency,exceeds,14.612558450250988,16.235742988207473,1.6231845379564849,0.7306279225125495,r-007bacc26e9c06940666,r-c7352738bee39186b940
neuron_model_behavioral_validation,Neuraxis,development_pilot,PILOT2_PROTOCOL,Exploratory development data; second development iteration informed by Pilot 1; not independent confirmation; never pooled with the confirmatory held-out estimate,m-scale_capacitance-f459583f48,migliore2014_mt_soma,1,P05_long_step,first_isi,exceeds,91.02999999991721,81.78999999992561,9.239999999991596,1.8205999999983442,r-2e016fe90119b688bc84,r-5fd1abd1635b12189555
neuron_model_behavioral_validation,Neuraxis,development_pilot,PILOT2_PROTOCOL,Exploratory development data; second development iteration informed by Pilot 1; not independent confirmation; never pooled with the confirmatory held-out estimate,m-scale_capacitance-f459583f48,migliore2014_mt_soma,1,P05_long_step,mean_frequency,exceeds,9.706010063585746,10.622315968358222,0.9163059047724769,0.5,r-2e016fe90119b688bc84,r-5fd1abd1635b12189555
neuron_model_behavioral_validation,Neuraxis,development_pilot,PILOT2_PROTOCOL,Exploratory development data; second development iteration informed by Pilot 1; not independent confirmation; never pooled with the confirmatory held-out estimate,m-scale_capacitance-f459583f48,migliore2014_mt_soma,1,P06_ramp,mean_frequency,exceeds,9.067918711155903,10.19035584723678,1.1224371360808778,0.5,r-0cd5f319bb80295395e1,r-4377e518a02c35c5fea5
neuron_model_behavioral_validation,Neuraxis,development_pilot,PILOT2_PROTOCOL,Exploratory development data; second development iteration informed by Pilot 1; not independent confirmation; never pooled with the confirmatory held-out estimate,m-scale_capacitance-f459583f48,migliore2014_mt_soma,1,P09_short_pulse,ap_half_width,exceeds,3.809999999996535,4.519999999995889,0.7099999999993543,0.19049999999982675,r-35777975476ff8854a8b,r-be0967ee585ff9a4a794
neuron_model_behavioral_validation,Neuraxis,development_pilot,PILOT2_PROTOCOL,Exploratory development data; second development iteration informed by Pilot 1; not independent confirmation; never pooled with the confirmatory held-out estimate,m-scale_capacitance-f459583f48,migliore2014_mt_soma,2,P04_step_2x,first_isi,exceeds,73.12999999993349,65.26999999994064,7.859999999992851,1.4625999999986699,r-0241c17b5ff2297d2a17,r-a9a321dfa35c35e0dbdc
neuron_model_behavioral_validation,Neuraxis,development_pilot,PILOT2_PROTOCOL,Exploratory development data; second development iteration informed by Pilot 1; not independent confirmation; never pooled with the confirmatory held-out estimate,m-scale_capacitance-f459583f48,migliore2014_mt_soma,2,P04_step_2x,mean_frequency,exceeds,14.614694030958587,16.240357287879316,1.6256632569207294,0.7306279225125495,r-0241c17b5ff2297d2a17,r-a9a321dfa35c35e0dbdc
neuron_model_behavioral_validation,Neuraxis,development_pilot,PILOT2_PROTOCOL,Exploratory development data; second development iteration informed by Pilot 1; not independent confirmation; never pooled with the confirmatory held-out estimate,m-scale_capacitance-f459583f48,migliore2014_mt_soma,2,P05_long_step,first_isi,exceeds,91.0399999999172,81.76999999992563,9.269999999991569,1.8205999999983442,r-002bf860824963a1f621,r-8082c98631d7760454cc
neuron_model_behavioral_validation,Neuraxis,development_pilot,PILOT2_PROTOCOL,Exploratory development data; second development iteration informed by Pilot 1; not independent confirmation; never pooled with the confirmatory held-out estimate,m-scale_capacitance-f459583f48,migliore2014_mt_soma,2,P05_long_step,mean_frequency,exceeds,9.707993766431983,10.625594527295274,0.9176007608632908,0.5,r-002bf860824963a1f621,r-8082c98631d7760454cc
neuron_model_behavioral_validation,Neuraxis,development_pilot,PILOT2_PROTOCOL,Exploratory development data; second development iteration informed by Pilot 1; not independent confirmation; never pooled with the confirmatory held-out estimate,m-scale_capacitance-f459583f48,migliore2014_mt_soma,2,P06_ramp,mean_frequency,exceeds,9.068741057223095,10.192121490098758,1.1233804328756634,0.5,r-046a6f9c0b3cbbc75058,r-541c810cb87fd09efd11
neuron_model_behavioral_validation,Neuraxis,development_pilot,PILOT2_PROTOCOL,Exploratory development data; second development iteration informed by Pilot 1; not independent confirmation; never pooled with the confirmatory held-out estimate,m-scale_capacitance-f459583f48,migliore2014_mt_soma,2,P09_short_pulse,ap_half_width,exceeds,3.8199999999965257,4.52999999999588,0.7099999999993543,0.19049999999982675,r-aac3ae71b1a6189ef4f4,r-83d0b2be9022b6315894
neuron_model_behavioral_validation,Neuraxis,development_pilot,PILOT2_PROTOCOL,Exploratory development data; second development iteration informed by Pilot 1; not independent confirmation; never pooled with the confirmatory held-out estimate,m-shift_gate_midpoint-f6ccf19d87,migliore2014_mt_soma,1,P00_canonical,baseline_voltage,exceeds,-64.9999771118164,-65.73527344660972,0.7352963347933184,0.5,r-fdc29d572ab8d33a1f37,r-50c19291728e4b370388
neuron_model_behavioral_validation,Neuraxis,development_pilot,PILOT2_PROTOCOL,Exploratory development data; second development iteration informed by Pilot 1; not independent confirmation; never pooled with the confirmatory held-out estimate,m-shift_gate_midpoint-f6ccf19d87,migliore2014_mt_soma,1,P02_weak_step,baseline_voltage,exceeds,-64.9999771118164,-65.93723993682862,0.9372628250122119,0.5,r-007bacc26e9c06940666,r-9ba7db60b19ad4bf7643
neuron_model_behavioral_validation,Neuraxis,development_pilot,PILOT2_PROTOCOL,Exploratory development data; second development iteration informed by Pilot 1; not independent confirmation; never pooled with the confirmatory held-out estimate,m-shift_gate_midpoint-f6ccf19d87,migliore2014_mt_soma,1,P02_weak_step,voltage_deflection,exceeds,6.550400881958055,5.952189144134572,0.5982117378234832,0.5,r-007bacc26e9c06940666,r-9ba7db60b19ad4bf7643
neuron_model_behavioral_validation,Neuraxis,development_pilot,PILOT2_PROTOCOL,Exploratory development data; second development iteration informed by Pilot 1; not independent confirmation; never pooled with the confirmatory held-out estimate,m-shift_gate_midpoint-f6ccf19d87,migliore2014_mt_soma,1,P04_step_2x,first_isi,exceeds,73.12999999993349,97.66999999991117,24.53999999997768,1.4625999999986699,r-007bacc26e9c06940666,r-9ba7db60b19ad4bf7643
neuron_model_behavioral_validation,Neuraxis,development_pilot,PILOT2_PROTOCOL,Exploratory development data; second development iteration informed by Pilot 1; not independent confirmation; never pooled with the confirmatory held-out estimate,m-shift_gate_midpoint-f6ccf19d87,migliore2014_mt_soma,1,P04_step_2x,mean_frequency,exceeds,14.612558450250988,11.77578897787577,2.8367694723752184,0.7306279225125495,r-007bacc26e9c06940666,r-9ba7db60b19ad4bf7643
neuron_model_behavioral_validation,Neuraxis,development_pilot,PILOT2_PROTOCOL,Exploratory development data; second development iteration informed by Pilot 1; not independent confirmation; never pooled with the confirmatory held-out estimate,m-shift_gate_midpoint-f6ccf19d87,migliore2014_mt_soma,1,P05_long_step,first_isi,exceeds,91.02999999991721,151.64999999986208,60.619999999944866,1.8205999999983442,r-2e016fe90119b688bc84,r-bdd5649b3372528d4d68
neuron_model_behavioral_validation,Neuraxis,development_pilot,PILOT2_PROTOCOL,Exploratory development data; second development iteration informed by Pilot 1; not independent confirmation; never pooled with the confirmatory held-out estimate,m-shift_gate_midpoint-f6ccf19d87,migliore2014_mt_soma,1,P05_long_step,mean_frequency,exceeds,9.706010063585746,5.521201413428592,4.184808650157153,0.5,r-2e016fe90119b688bc84,r-bdd5649b3372528d4d68
neuron_model_behavioral_validation,Neuraxis,development_pilot,PILOT2_PROTOCOL,Exploratory development data; second development iteration informed by Pilot 1; not independent confirmation; never pooled with the confirmatory held-out estimate,m-shift_gate_midpoint-f6ccf19d87,migliore2014_mt_soma,1,P06_ramp,mean_frequency,exceeds,9.067918711155903,6.344775077730122,2.7231436334257806,0.5,r-0cd5f319bb80295395e1,r-f866b88db477f6fa4cc0
neuron_model_behavioral_validation,Neuraxis,development_pilot,PILOT2_PROTOCOL,Exploratory development data; second development iteration informed by Pilot 1; not independent confirmation; never pooled with the confirmatory held-out estimate,m-shift_gate_midpoint-f6ccf19d87,migliore2014_mt_soma,1,P07_hyperpolarizing_step,baseline_voltage,exceeds,-64.9999771118164,-65.93723993682862,0.9372628250122119,0.5,r-007bacc26e9c06940666,r-9ba7db60b19ad4bf7643
neuron_model_behavioral_validation,Neuraxis,development_pilot,PILOT2_PROTOCOL,Exploratory development data; second development iteration informed by Pilot 1; not independent confirmation; never pooled with the confirmatory held-out estimate,m-shift_gate_midpoint-f6ccf19d87,migliore2014_mt_soma,2,P00_canonical,baseline_voltage,exceeds,-64.99992435132687,-65.7351297407008,0.735205389373931,0.5,r-05c666388af07453703e,r-22f4dbb7c9fb2aed5007
neuron_model_behavioral_validation,Neuraxis,development_pilot,PILOT2_PROTOCOL,Exploratory development data; second development iteration informed by Pilot 1; not independent confirmation; never pooled with the confirmatory held-out estimate,m-shift_gate_midpoint-f6ccf19d87,migliore2014_mt_soma,2,P02_weak_step,baseline_voltage,exceeds,-64.9999771118164,-65.93723993174235,0.9372628199259481,0.5,r-0241c17b5ff2297d2a17,r-d90068ee1e8efd7a3b2b
neuron_model_behavioral_validation,Neuraxis,development_pilot,PILOT2_PROTOCOL,Exploratory development data; second development iteration informed by Pilot 1; not independent confirmation; never pooled with the confirmatory held-out estimate,m-shift_gate_midpoint-f6ccf19d87,migliore2014_mt_soma,2,P02_weak_step,voltage_deflection,exceeds,6.550400972747852,5.952189233652803,0.5982117390950492,0.5,r-0241c17b5ff2297d2a17,r-d90068ee1e8efd7a3b2b
neuron_model_behavioral_validation,Neuraxis,development_pilot,PILOT2_PROTOCOL,Exploratory development data; second development iteration informed by Pilot 1; not independent confirmation; never pooled with the confirmatory held-out estimate,m-shift_gate_midpoint-f6ccf19d87,migliore2014_mt_soma,2,P04_step_2x,first_isi,exceeds,73.12999999993349,97.64999999991119,24.5199999999777,1.4625999999986699,r-0241c17b5ff2297d2a17,r-d90068ee1e8efd7a3b2b
neuron_model_behavioral_validation,Neuraxis,development_pilot,PILOT2_PROTOCOL,Exploratory development data; second development iteration informed by Pilot 1; not independent confirmation; never pooled with the confirmatory held-out estimate,m-shift_gate_midpoint-f6ccf19d87,migliore2014_mt_soma,2,P04_step_2x,mean_frequency,exceeds,14.614694030958587,11.778563015326391,2.836131015632196,0.7306279225125495,r-0241c17b5ff2297d2a17,r-d90068ee1e8efd7a3b2b
neuron_model_behavioral_validation,Neuraxis,development_pilot,PILOT2_PROTOCOL,Exploratory development data; second development iteration informed by Pilot 1; not independent confirmation; never pooled with the confirmatory held-out estimate,m-shift_gate_midpoint-f6ccf19d87,migliore2014_mt_soma,2,P05_long_step,first_isi,exceeds,91.0399999999172,151.6299999998621,60.589999999944894,1.8205999999983442,r-002bf860824963a1f621,r-de708f2b5201608c9df8
neuron_model_behavioral_validation,Neuraxis,development_pilot,PILOT2_PROTOCOL,Exploratory development data; second development iteration informed by Pilot 1; not independent confirmation; never pooled with the confirmatory held-out estimate,m-shift_gate_midpoint-f6ccf19d87,migliore2014_mt_soma,2,P05_long_step,mean_frequency,exceeds,9.707993766431983,5.525777753219898,4.182216013212085,0.5,r-002bf860824963a1f621,r-de708f2b5201608c9df8
neuron_model_behavioral_validation,Neuraxis,development_pilot,PILOT2_PROTOCOL,Exploratory development data; second development iteration informed by Pilot 1; not independent confirmation; never pooled with the confirmatory held-out estimate,m-shift_gate_midpoint-f6ccf19d87,migliore2014_mt_soma,2,P06_ramp,mean_frequency,exceeds,9.068741057223095,6.345446084866395,2.7232949723567,0.5,r-046a6f9c0b3cbbc75058,r-db62125758a3e3b0c13c
neuron_model_behavioral_validation,Neuraxis,development_pilot,PILOT2_PROTOCOL,Exploratory development data; second development iteration informed by Pilot 1; not independent confirmation; never pooled with the confirmatory held-out estimate,m-shift_gate_midpoint-f6ccf19d87,migliore2014_mt_soma,2,P07_hyperpolarizing_step,baseline_voltage,exceeds,-64.9999771118164,-65.93723993174235,0.9372628199259481,0.5,r-0241c17b5ff2297d2a17,r-d90068ee1e8efd7a3b2b
neuron_model_behavioral_validation,Neuraxis,development_pilot,PILOT2_PROTOCOL,Exploratory development data; second development iteration informed by Pilot 1; not independent confirmation; never pooled with the confirmatory held-out estimate,m-shift_gate_midpoint-c36e1e57f0,migliore2014_mt_soma,1,P06_ramp,mean_frequency,exceeds,9.067918711155903,8.50322059480917,0.5646981163467331,0.5,r-0cd5f319bb80295395e1,r-8a94a4fa829c0c2d73e3
neuron_model_behavioral_validation,Neuraxis,development_pilot,PILOT2_PROTOCOL,Exploratory development data; second development iteration informed by Pilot 1; not independent confirmation; never pooled with the confirmatory held-out estimate,m-shift_gate_midpoint-c36e1e57f0,migliore2014_mt_soma,2,P06_ramp,mean_frequency,exceeds,9.068741057223095,8.503853308539318,0.5648877486837769,0.5,r-046a6f9c0b3cbbc75058,r-d00c373d4196fab32999
neuron_model_behavioral_validation,Neuraxis,development_pilot,PILOT2_PROTOCOL,Exploratory development data; second development iteration informed by Pilot 1; not independent confirmation; never pooled with the confirmatory held-out estimate,m-scale_gate_slope-15951a0f18,migliore2014_mt_soma,1,P00_canonical,ap_half_width,exceeds,3.849999999999234,50.820000000004086,46.97000000000485,0.1924999999999617,r-fdc29d572ab8d33a1f37,r-d753db1fa81a34a26e56
neuron_model_behavioral_validation,Neuraxis,development_pilot,PILOT2_PROTOCOL,Exploratory development data; second development iteration informed by Pilot 1; not independent confirmation; never pooled with the confirmatory held-out estimate,m-scale_gate_slope-15951a0f18,migliore2014_mt_soma,1,P00_canonical,baseline_voltage,exceeds,-64.9999771118164,-63.569266115255026,1.4307109965613805,0.5,r-fdc29d572ab8d33a1f37,r-d753db1fa81a34a26e56
neuron_model_behavioral_validation,Neuraxis,development_pilot,PILOT2_PROTOCOL,Exploratory development data; second development iteration informed by Pilot 1; not independent confirmation; never pooled with the confirmatory held-out estimate,m-scale_gate_slope-15951a0f18,migliore2014_mt_soma,1,P02_weak_step,baseline_voltage,exceeds,-64.9999771118164,-62.73150979359945,2.268467318216956,0.5,r-007bacc26e9c06940666,r-e2ba43885ec4c6587c7f
neuron_model_behavioral_validation,Neuraxis,development_pilot,PILOT2_PROTOCOL,Exploratory development data; second development iteration informed by Pilot 1; not independent confirmation; never pooled with the confirmatory held-out estimate,m-scale_gate_slope-15951a0f18,migliore2014_mt_soma,1,P02_weak_step,voltage_deflection,exceeds,6.550400881958055,8.831640397389776,2.2812395154317215,0.5,r-007bacc26e9c06940666,r-e2ba43885ec4c6587c7f
neuron_model_behavioral_validation,Neuraxis,development_pilot,PILOT2_PROTOCOL,Exploratory development data; second development iteration informed by Pilot 1; not independent confirmation; never pooled with the confirmatory held-out estimate,m-scale_gate_slope-15951a0f18,migliore2014_mt_soma,1,P04_step_2x,ap_half_width,exceeds,3.8399999999965075,3.4199999999968895,0.419999999999618,0.1919999999998254,r-007bacc26e9c06940666,r-e2ba43885ec4c6587c7f
neuron_model_behavioral_validation,Neuraxis,development_pilot,PILOT2_PROTOCOL,Exploratory development data; second development iteration informed by Pilot 1; not independent confirmation; never pooled with the confirmatory held-out estimate,m-scale_gate_slope-15951a0f18,migliore2014_mt_soma,1,P04_step_2x,first_isi,exceeds,73.12999999993349,51.36999999995328,21.75999999998021,1.4625999999986699,r-007bacc26e9c06940666,r-e2ba43885ec4c6587c7f
neuron_model_behavioral_validation,Neuraxis,development_pilot,PILOT2_PROTOCOL,Exploratory development data; second development iteration informed by Pilot 1; not independent confirmation; never pooled with the confirmatory held-out estimate,m-scale_gate_slope-15951a0f18,migliore2014_mt_soma,1,P04_step_2x,mean_frequency,exceeds,14.612558450250988,20.1063401993002,5.4937817490492105,0.7306279225125495,r-007bacc26e9c06940666,r-e2ba43885ec4c6587c7f
neuron_model_behavioral_validation,Neuraxis,development_pilot,PILOT2_PROTOCOL,Exploratory development data; second development iteration informed by Pilot 1; not independent confirmation; never pooled with the confirmatory held-out estimate,m-scale_gate_slope-15951a0f18,migliore2014_mt_soma,1,P05_long_step,ap_half_width,exceeds,3.8299999999965166,3.3999999999969077,0.4299999999996089,0.19149999999982584,r-2e016fe90119b688bc84,r-5c028e4f655d8e01210d
neuron_model_behavioral_validation,Neuraxis,development_pilot,PILOT2_PROTOCOL,Exploratory development data; second development iteration informed by Pilot 1; not independent confirmation; never pooled with the confirmatory held-out estimate,m-scale_gate_slope-15951a0f18,migliore2014_mt_soma,1,P05_long_step,first_isi,exceeds,91.02999999991721,59.279999999946085,31.749999999971124,1.8205999999983442,r-2e016fe90119b688bc84,r-5c028e4f655d8e01210d
neuron_model_behavioral_validation,Neuraxis,development_pilot,PILOT2_PROTOCOL,Exploratory development data; second development iteration informed by Pilot 1; not independent confirmation; never pooled with the confirmatory held-out estimate,m-scale_gate_slope-15951a0f18,migliore2014_mt_soma,1,P05_long_step,mean_frequency,exceeds,9.706010063585746,15.118834035492972,5.412823971907226,0.5,r-2e016fe90119b688bc84,r-5c028e4f655d8e01210d
neuron_model_behavioral_validation,Neuraxis,development_pilot,PILOT2_PROTOCOL,Exploratory development data; second development iteration informed by Pilot 1; not independent confirmation; never pooled with the confirmatory held-out estimate,m-scale_gate_slope-15951a0f18,migliore2014_mt_soma,1,P06_ramp,mean_frequency,exceeds,9.067918711155903,13.61441871669815,4.5465000055422475,0.5,r-0cd5f319bb80295395e1,r-c3b97c161c04af1057dc
neuron_model_behavioral_validation,Neuraxis,development_pilot,PILOT2_PROTOCOL,Exploratory development data; second development iteration informed by Pilot 1; not independent confirmation; never pooled with the confirmatory held-out estimate,m-scale_gate_slope-15951a0f18,migliore2014_mt_soma,1,P07_hyperpolarizing_step,baseline_voltage,exceeds,-64.9999771118164,-62.73150979359945,2.268467318216956,0.5,r-007bacc26e9c06940666,r-e2ba43885ec4c6587c7f
neuron_model_behavioral_validation,Neuraxis,development_pilot,PILOT2_PROTOCOL,Exploratory development data; second development iteration informed by Pilot 1; not independent confirmation; never pooled with the confirmatory held-out estimate,m-scale_gate_slope-15951a0f18,migliore2014_mt_soma,1,P07_hyperpolarizing_step,voltage_deflection,exceeds,-16.013975125122172,-17.97359238382986,1.9596172587076879,0.8006987562561086,r-007bacc26e9c06940666,r-e2ba43885ec4c6587c7f
neuron_model_behavioral_validation,Neuraxis,development_pilot,PILOT2_PROTOCOL,Exploratory development data; second development iteration informed by Pilot 1; not independent confirmation; never pooled with the confirmatory held-out estimate,m-scale_gate_slope-15951a0f18,migliore2014_mt_soma,1,P08_rebound,maximum_voltage,exceeds,-64.96694946289062,-62.73313522338867,2.233814239501953,1.0,r-4bf180c9dd3a7a73b475,r-0c2fa98e451d83a4a295
neuron_model_behavioral_validation,Neuraxis,development_pilot,PILOT2_PROTOCOL,Exploratory development data; second development iteration informed by Pilot 1; not independent confirmation; never pooled with the confirmatory held-out estimate,m-scale_gate_slope-15951a0f18,migliore2014_mt_soma,1,P09_short_pulse,ap_half_width,exceeds,3.809999999996535,3.359999999996944,0.4499999999995907,0.19049999999982675,r-35777975476ff8854a8b,r-701792a60f6a35d31686
neuron_model_behavioral_validation,Neuraxis,development_pilot,PILOT2_PROTOCOL,Exploratory development data; second development iteration informed by Pilot 1; not independent confirmation; never pooled with the confirmatory held-out estimate,m-scale_gate_slope-15951a0f18,migliore2014_mt_soma,2,P00_canonical,ap_half_width,exceeds,3.849999999999234,50.87000000000407,47.020000000004835,0.1924999999999617,r-05c666388af07453703e,r-834ca6db2c73a0f02cf2
neuron_model_behavioral_validation,Neuraxis,development_pilot,PILOT2_PROTOCOL,Exploratory development data; second development iteration informed by Pilot 1; not independent confirmation; never pooled with the confirmatory held-out estimate,m-scale_gate_slope-15951a0f18,migliore2014_mt_soma,2,P00_canonical,baseline_voltage,exceeds,-64.99992435132687,-63.56933694336545,1.4305874079614185,0.5,r-05c666388af07453703e,r-834ca6db2c73a0f02cf2
neuron_model_behavioral_validation,Neuraxis,development_pilot,PILOT2_PROTOCOL,Exploratory development data; second development iteration informed by Pilot 1; not independent confirmation; never pooled with the confirmatory held-out estimate,m-scale_gate_slope-15951a0f18,migliore2014_mt_soma,2,P02_weak_step,baseline_voltage,exceeds,-64.9999771118164,-62.73150977706909,2.2684673347473137,0.5,r-0241c17b5ff2297d2a17,r-50b6946c7d8d279e502e
neuron_model_behavioral_validation,Neuraxis,development_pilot,PILOT2_PROTOCOL,Exploratory development data; second development iteration informed by Pilot 1; not independent confirmation; never pooled with the confirmatory held-out estimate,m-scale_gate_slope-15951a0f18,migliore2014_mt_soma,2,P02_weak_step,voltage_deflection,exceeds,6.550400972747852,8.831640940856978,2.2812399681091264,0.5,r-0241c17b5ff2297d2a17,r-50b6946c7d8d279e502e
neuron_model_behavioral_validation,Neuraxis,development_pilot,PILOT2_PROTOCOL,Exploratory development data; second development iteration informed by Pilot 1; not independent confirmation; never pooled with the confirmatory held-out estimate,m-scale_gate_slope-15951a0f18,migliore2014_mt_soma,2,P04_step_2x,ap_half_width,exceeds,3.8499999999964984,3.4299999999968804,0.419999999999618,0.1919999999998254,r-0241c17b5ff2297d2a17,r-50b6946c7d8d279e502e
neuron_model_behavioral_validation,Neuraxis,development_pilot,PILOT2_PROTOCOL,Exploratory development data; second development iteration informed by Pilot 1; not independent confirmation; never pooled with the confirmatory held-out estimate,m-scale_gate_slope-15951a0f18,migliore2014_mt_soma,2,P04_step_2x,first_isi,exceeds,73.12999999993349,51.38999999995326,21.739999999980228,1.4625999999986699,r-0241c17b5ff2297d2a17,r-50b6946c7d8d279e502e
neuron_model_behavioral_validation,Neuraxis,development_pilot,PILOT2_PROTOCOL,Exploratory development data; second development iteration informed by Pilot 1; not independent confirmation; never pooled with the confirmatory held-out estimate,m-scale_gate_slope-15951a0f18,migliore2014_mt_soma,2,P04_step_2x,mean_frequency,exceeds,14.614694030958587,20.10319640825293,5.488502377294344,0.7306279225125495,r-0241c17b5ff2297d2a17,r-50b6946c7d8d279e502e
neuron_model_behavioral_validation,Neuraxis,development_pilot,PILOT2_PROTOCOL,Exploratory development data; second development iteration informed by Pilot 1; not independent confirmation; never pooled with the confirmatory held-out estimate,m-scale_gate_slope-15951a0f18,migliore2014_mt_soma,2,P05_long_step,ap_half_width,exceeds,3.8299999999965166,3.4099999999968986,0.419999999999618,0.19149999999982584,r-002bf860824963a1f621,r-315b5b9079d2bd0844ee
neuron_model_behavioral_validation,Neuraxis,development_pilot,PILOT2_PROTOCOL,Exploratory development data; second development iteration informed by Pilot 1; not independent confirmation; never pooled with the confirmatory held-out estimate,m-scale_gate_slope-15951a0f18,migliore2014_mt_soma,2,P05_long_step,first_isi,exceeds,91.0399999999172,59.289999999946076,31.749999999971124,1.8205999999983442,r-002bf860824963a1f621,r-315b5b9079d2bd0844ee
neuron_model_behavioral_validation,Neuraxis,development_pilot,PILOT2_PROTOCOL,Exploratory development data; second development iteration informed by Pilot 1; not independent confirmation; never pooled with the confirmatory held-out estimate,m-scale_gate_slope-15951a0f18,migliore2014_mt_soma,2,P05_long_step,mean_frequency,exceeds,9.707993766431983,15.117462685036704,5.409468918604722,0.5,r-002bf860824963a1f621,r-315b5b9079d2bd0844ee
neuron_model_behavioral_validation,Neuraxis,development_pilot,PILOT2_PROTOCOL,Exploratory development data; second development iteration informed by Pilot 1; not independent confirmation; never pooled with the confirmatory held-out estimate,m-scale_gate_slope-15951a0f18,migliore2014_mt_soma,2,P06_ramp,mean_frequency,exceeds,9.068741057223095,13.61342073848992,4.544679681266825,0.5,r-046a6f9c0b3cbbc75058,r-ee6da22f37612b8f5fba
neuron_model_behavioral_validation,Neuraxis,development_pilot,PILOT2_PROTOCOL,Exploratory development data; second development iteration informed by Pilot 1; not independent confirmation; never pooled with the confirmatory held-out estimate,m-scale_gate_slope-15951a0f18,migliore2014_mt_soma,2,P07_hyperpolarizing_step,baseline_voltage,exceeds,-64.9999771118164,-62.73150977706909,2.2684673347473137,0.5,r-0241c17b5ff2297d2a17,r-50b6946c7d8d279e502e
neuron_model_behavioral_validation,Neuraxis,development_pilot,PILOT2_PROTOCOL,Exploratory development data; second development iteration informed by Pilot 1; not independent confirmation; never pooled with the confirmatory held-out estimate,m-scale_gate_slope-15951a0f18,migliore2014_mt_soma,2,P07_hyperpolarizing_step,voltage_deflection,exceeds,-16.01397555389414,-17.973592829132187,1.9596172752380454,0.8006987562561086,r-0241c17b5ff2297d2a17,r-50b6946c7d8d279e502e
neuron_model_behavioral_validation,Neuraxis,development_pilot,PILOT2_PROTOCOL,Exploratory development data; second development iteration informed by Pilot 1; not independent confirmation; never pooled with the confirmatory held-out estimate,m-scale_gate_slope-15951a0f18,migliore2014_mt_soma,2,P08_rebound,maximum_voltage,exceeds,-64.96698760986328,-62.73313522338867,2.2338523864746094,1.0,r-819a62ed4de8eaad35cd,r-8dbf3df80cbe079b29ee
neuron_model_behavioral_validation,Neuraxis,development_pilot,PILOT2_PROTOCOL,Exploratory development data; second development iteration informed by Pilot 1; not independent confirmation; never pooled with the confirmatory held-out estimate,m-scale_gate_slope-15951a0f18,migliore2014_mt_soma,2,P09_short_pulse,ap_half_width,exceeds,3.8199999999965257,3.369999999996935,0.4499999999995907,0.19049999999982675,r-aac3ae71b1a6189ef4f4,r-2c0e997c6d2b47527736
neuron_model_behavioral_validation,Neuraxis,development_pilot,PILOT2_PROTOCOL,Exploratory development data; second development iteration informed by Pilot 1; not independent confirmation; never pooled with the confirmatory held-out estimate,m-duplicate_conductance-36dae66739,migliore2014_mt_soma,1,P00_canonical,ap_half_width,exceeds,3.849999999999234,4.359999999999133,0.5099999999998985,0.1924999999999617,r-fdc29d572ab8d33a1f37,r-418ad48da46838bbcd90
neuron_model_behavioral_validation,Neuraxis,development_pilot,PILOT2_PROTOCOL,Exploratory development data; second development iteration informed by Pilot 1; not independent confirmation; never pooled with the confirmatory held-out estimate,m-duplicate_conductance-36dae66739,migliore2014_mt_soma,1,P04_step_2x,ap_half_width,exceeds,3.8399999999965075,4.349999999996044,0.5099999999995362,0.1919999999998254,r-007bacc26e9c06940666,r-a5b03fd8abf7a881c393
neuron_model_behavioral_validation,Neuraxis,development_pilot,PILOT2_PROTOCOL,Exploratory development data; second development iteration informed by Pilot 1; not independent confirmation; never pooled with the confirmatory held-out estimate,m-duplicate_conductance-36dae66739,migliore2014_mt_soma,1,P04_step_2x,first_isi,exceeds,73.12999999993349,66.80999999993924,6.319999999994252,1.4625999999986699,r-007bacc26e9c06940666,r-a5b03fd8abf7a881c393
neuron_model_behavioral_validation,Neuraxis,development_pilot,PILOT2_PROTOCOL,Exploratory development data; second development iteration informed by Pilot 1; not independent confirmation; never pooled with the confirmatory held-out estimate,m-duplicate_conductance-36dae66739,migliore2014_mt_soma,1,P04_step_2x,mean_frequency,exceeds,14.612558450250988,16.02564102566029,1.4130825754093,0.7306279225125495,r-007bacc26e9c06940666,r-a5b03fd8abf7a881c393
neuron_model_behavioral_validation,Neuraxis,development_pilot,PILOT2_PROTOCOL,Exploratory development data; second development iteration informed by Pilot 1; not independent confirmation; never pooled with the confirmatory held-out estimate,m-duplicate_conductance-36dae66739,migliore2014_mt_soma,1,P05_long_step,ap_half_width,exceeds,3.8299999999965166,4.329999999996062,0.49999999999954525,0.19149999999982584,r-2e016fe90119b688bc84,r-4fb2f519e8cf74cd98ad
neuron_model_behavioral_validation,Neuraxis,development_pilot,PILOT2_PROTOCOL,Exploratory development data; second development iteration informed by Pilot 1; not independent confirmation; never pooled with the confirmatory held-out estimate,m-duplicate_conductance-36dae66739,migliore2014_mt_soma,1,P05_long_step,first_isi,exceeds,91.02999999991721,79.19999999992797,11.82999999998924,1.8205999999983442,r-2e016fe90119b688bc84,r-4fb2f519e8cf74cd98ad
neuron_model_behavioral_validation,Neuraxis,development_pilot,PILOT2_PROTOCOL,Exploratory development data; second development iteration informed by Pilot 1; not independent confirmation; never pooled with the confirmatory held-out estimate,m-duplicate_conductance-36dae66739,migliore2014_mt_soma,1,P05_long_step,mean_frequency,exceeds,9.706010063585746,11.174319382347287,1.4683093187615412,0.5,r-2e016fe90119b688bc84,r-4fb2f519e8cf74cd98ad
neuron_model_behavioral_validation,Neuraxis,development_pilot,PILOT2_PROTOCOL,Exploratory development data; second development iteration informed by Pilot 1; not independent confirmation; never pooled with the confirmatory held-out estimate,m-duplicate_conductance-36dae66739,migliore2014_mt_soma,1,P06_ramp,mean_frequency,exceeds,9.067918711155903,10.240760274053399,1.1728415628974957,0.5,r-0cd5f319bb80295395e1,r-ceca322b05cd7c82934c
neuron_model_behavioral_validation,Neuraxis,development_pilot,PILOT2_PROTOCOL,Exploratory development data; second development iteration informed by Pilot 1; not independent confirmation; never pooled with the confirmatory held-out estimate,m-duplicate_conductance-36dae66739,migliore2014_mt_soma,1,P09_short_pulse,ap_half_width,exceeds,3.809999999996535,4.299999999996089,0.48999999999955435,0.19049999999982675,r-35777975476ff8854a8b,r-190722a89232c47e009c
neuron_model_behavioral_validation,Neuraxis,development_pilot,PILOT2_PROTOCOL,Exploratory development data; second development iteration informed by Pilot 1; not independent confirmation; never pooled with the confirmatory held-out estimate,m-duplicate_conductance-36dae66739,migliore2014_mt_soma,2,P00_canonical,ap_half_width,exceeds,3.849999999999234,4.359999999999133,0.5099999999998985,0.1924999999999617,r-05c666388af07453703e,r-25e5a2bf07079c8ba848
neuron_model_behavioral_validation,Neuraxis,development_pilot,PILOT2_PROTOCOL,Exploratory development data; second development iteration informed by Pilot 1; not independent confirmation; never pooled with the confirmatory held-out estimate,m-duplicate_conductance-36dae66739,migliore2014_mt_soma,2,P04_step_2x,ap_half_width,exceeds,3.8499999999964984,4.359999999996035,0.5099999999995362,0.1919999999998254,r-0241c17b5ff2297d2a17,r-8fdcb27ab90ba3a3622b
neuron_model_behavioral_validation,Neuraxis,development_pilot,PILOT2_PROTOCOL,Exploratory development data; second development iteration informed by Pilot 1; not independent confirmation; never pooled with the confirmatory held-out estimate,m-duplicate_conductance-36dae66739,migliore2014_mt_soma,2,P04_step_2x,first_isi,exceeds,73.12999999993349,66.80999999993924,6.319999999994252,1.4625999999986699,r-0241c17b5ff2297d2a17,r-8fdcb27ab90ba3a3622b
neuron_model_behavioral_validation,Neuraxis,development_pilot,PILOT2_PROTOCOL,Exploratory development data; second development iteration informed by Pilot 1; not independent confirmation; never pooled with the confirmatory held-out estimate,m-duplicate_conductance-36dae66739,migliore2014_mt_soma,2,P04_step_2x,mean_frequency,exceeds,14.614694030958587,16.02857666241165,1.4138826314530615,0.7306279225125495,r-0241c17b5ff2297d2a17,r-8fdcb27ab90ba3a3622b
neuron_model_behavioral_validation,Neuraxis,development_pilot,PILOT2_PROTOCOL,Exploratory development data; second development iteration informed by Pilot 1; not independent confirmation; never pooled with the confirmatory held-out estimate,m-duplicate_conductance-36dae66739,migliore2014_mt_soma,2,P05_long_step,ap_half_width,exceeds,3.8299999999965166,4.339999999996053,0.5099999999995362,0.19149999999982584,r-002bf860824963a1f621,r-22d39ecdfcc9d5a00a37
neuron_model_behavioral_validation,Neuraxis,development_pilot,PILOT2_PROTOCOL,Exploratory development data; second development iteration informed by Pilot 1; not independent confirmation; never pooled with the confirmatory held-out estimate,m-duplicate_conductance-36dae66739,migliore2014_mt_soma,2,P05_long_step,first_isi,exceeds,91.0399999999172,79.19999999992797,11.839999999989232,1.8205999999983442,r-002bf860824963a1f621,r-22d39ecdfcc9d5a00a37
neuron_model_behavioral_validation,Neuraxis,development_pilot,PILOT2_PROTOCOL,Exploratory development data; second development iteration informed by Pilot 1; not independent confirmation; never pooled with the confirmatory held-out estimate,m-duplicate_conductance-36dae66739,migliore2014_mt_soma,2,P05_long_step,mean_frequency,exceeds,9.707993766431983,11.175738487701807,1.467744721269824,0.5,r-002bf860824963a1f621,r-22d39ecdfcc9d5a00a37
neuron_model_behavioral_validation,Neuraxis,development_pilot,PILOT2_PROTOCOL,Exploratory development data; second development iteration informed by Pilot 1; not independent confirmation; never pooled with the confirmatory held-out estimate,m-duplicate_conductance-36dae66739,migliore2014_mt_soma,2,P06_ramp,mean_frequency,exceeds,9.068741057223095,10.241809113172405,1.1730680559493099,0.5,r-046a6f9c0b3cbbc75058,r-69dc5830065511fa612e
neuron_model_behavioral_validation,Neuraxis,development_pilot,PILOT2_PROTOCOL,Exploratory development data; second development iteration informed by Pilot 1; not independent confirmation; never pooled with the confirmatory held-out estimate,m-duplicate_conductance-36dae66739,migliore2014_mt_soma,2,P09_short_pulse,ap_half_width,exceeds,3.8199999999965257,4.299999999996089,0.47999999999956344,0.19049999999982675,r-aac3ae71b1a6189ef4f4,r-162ff6a311f33b811ac8
neuron_model_behavioral_validation,Neuraxis,development_pilot,PILOT2_PROTOCOL,Exploratory development data; second development iteration informed by Pilot 1; not independent confirmation; never pooled with the confirmatory held-out estimate,m-wrong_compatible_component-d99b9d3dab,migliore2014_mt_soma,1,P02_weak_step,voltage_deflection,exceeds,6.550400881958055,7.729691845957483,1.1792909639994278,0.5,r-007bacc26e9c06940666,r-4e4219ec4fd90b90b97f
neuron_model_behavioral_validation,Neuraxis,development_pilot,PILOT2_PROTOCOL,Exploratory development data; second development iteration informed by Pilot 1; not independent confirmation; never pooled with the confirmatory held-out estimate,m-wrong_compatible_component-d99b9d3dab,migliore2014_mt_soma,1,P04_step_2x,first_isi,exceeds,73.12999999993349,57.48999999994771,15.639999999985776,1.4625999999986699,r-007bacc26e9c06940666,r-4e4219ec4fd90b90b97f
neuron_model_behavioral_validation,Neuraxis,development_pilot,PILOT2_PROTOCOL,Exploratory development data; second development iteration informed by Pilot 1; not independent confirmation; never pooled with the confirmatory held-out estimate,m-wrong_compatible_component-d99b9d3dab,migliore2014_mt_soma,1,P04_step_2x,mean_frequency,exceeds,14.612558450250988,18.338529249975608,3.725970799724619,0.7306279225125495,r-007bacc26e9c06940666,r-4e4219ec4fd90b90b97f
neuron_model_behavioral_validation,Neuraxis,development_pilot,PILOT2_PROTOCOL,Exploratory development data; second development iteration informed by Pilot 1; not independent confirmation; never pooled with the confirmatory held-out estimate,m-wrong_compatible_component-d99b9d3dab,migliore2014_mt_soma,1,P05_long_step,first_isi,exceeds,91.02999999991721,65.18999999994071,25.8399999999765,1.8205999999983442,r-2e016fe90119b688bc84,r-5a55dd79161781d26e6c
neuron_model_behavioral_validation,Neuraxis,development_pilot,PILOT2_PROTOCOL,Exploratory development data; second development iteration informed by Pilot 1; not independent confirmation; never pooled with the confirmatory held-out estimate,m-wrong_compatible_component-d99b9d3dab,migliore2014_mt_soma,1,P05_long_step,mean_frequency,exceeds,9.706010063585746,14.336917562703775,4.630907499118029,0.5,r-2e016fe90119b688bc84,r-5a55dd79161781d26e6c
neuron_model_behavioral_validation,Neuraxis,development_pilot,PILOT2_PROTOCOL,Exploratory development data; second development iteration informed by Pilot 1; not independent confirmation; never pooled with the confirmatory held-out estimate,m-wrong_compatible_component-d99b9d3dab,migliore2014_mt_soma,1,P06_ramp,mean_frequency,exceeds,9.067918711155903,13.123227102506032,4.055308391350129,0.5,r-0cd5f319bb80295395e1,r-7c0b6e71ea0aa207d0d9
neuron_model_behavioral_validation,Neuraxis,development_pilot,PILOT2_PROTOCOL,Exploratory development data; second development iteration informed by Pilot 1; not independent confirmation; never pooled with the confirmatory held-out estimate,m-wrong_compatible_component-d99b9d3dab,migliore2014_mt_soma,2,P02_weak_step,voltage_deflection,exceeds,6.550400972747852,7.72969244562789,1.1792914728800383,0.5,r-0241c17b5ff2297d2a17,r-9e1dfbfa03bbaf6993d0
neuron_model_behavioral_validation,Neuraxis,development_pilot,PILOT2_PROTOCOL,Exploratory development data; second development iteration informed by Pilot 1; not independent confirmation; never pooled with the confirmatory held-out estimate,m-wrong_compatible_component-d99b9d3dab,migliore2014_mt_soma,2,P04_step_2x,first_isi,exceeds,73.12999999993349,57.48999999994771,15.639999999985776,1.4625999999986699,r-0241c17b5ff2297d2a17,r-9e1dfbfa03bbaf6993d0
neuron_model_behavioral_validation,Neuraxis,development_pilot,PILOT2_PROTOCOL,Exploratory development data; second development iteration informed by Pilot 1; not independent confirmation; never pooled with the confirmatory held-out estimate,m-wrong_compatible_component-d99b9d3dab,migliore2014_mt_soma,2,P04_step_2x,mean_frequency,exceeds,14.614694030958587,18.342266696579227,3.72757266562064,0.7306279225125495,r-0241c17b5ff2297d2a17,r-9e1dfbfa03bbaf6993d0
neuron_model_behavioral_validation,Neuraxis,development_pilot,PILOT2_PROTOCOL,Exploratory development data; second development iteration informed by Pilot 1; not independent confirmation; never pooled with the confirmatory held-out estimate,m-wrong_compatible_component-d99b9d3dab,migliore2014_mt_soma,2,P05_long_step,first_isi,exceeds,91.0399999999172,65.17999999994072,25.85999999997648,1.8205999999983442,r-002bf860824963a1f621,r-0b5fae8b85e597cfbcbd
neuron_model_behavioral_validation,Neuraxis,development_pilot,PILOT2_PROTOCOL,Exploratory development data; second development iteration informed by Pilot 1; not independent confirmation; never pooled with the confirmatory held-out estimate,m-wrong_compatible_component-d99b9d3dab,migliore2014_mt_soma,2,P05_long_step,mean_frequency,exceeds,9.707993766431983,14.339707674796214,4.631713908364231,0.5,r-002bf860824963a1f621,r-0b5fae8b85e597cfbcbd
neuron_model_behavioral_validation,Neuraxis,development_pilot,PILOT2_PROTOCOL,Exploratory development data; second development iteration informed by Pilot 1; not independent confirmation; never pooled with the confirmatory held-out estimate,m-wrong_compatible_component-d99b9d3dab,migliore2014_mt_soma,2,P06_ramp,mean_frequency,exceeds,9.068741057223095,13.125082031776328,4.056340974553233,0.5,r-046a6f9c0b3cbbc75058,r-655d555d58041655d001
neuron_model_behavioral_validation,Neuraxis,development_pilot,PILOT2_PROTOCOL,Exploratory development data; second development iteration informed by Pilot 1; not independent confirmation; never pooled with the confirmatory held-out estimate,m-scale_conductance-ae18f4c43e,nml2_hh_example,1,P00_canonical,ap_half_width,exceeds,1.3400000000006855,1.4400000000007367,0.10000000000005116,0.06700000000003428,r-5f0a94c66ff17cd98a0a,r-60577319b329b3cce6b4
neuron_model_behavioral_validation,Neuraxis,development_pilot,PILOT2_PROTOCOL,Exploratory development data; second development iteration informed by Pilot 1; not independent confirmation; never pooled with the confirmatory held-out estimate,m-scale_conductance-ae18f4c43e,nml2_hh_example,1,P00_canonical,first_isi,exceeds,16.350000000008365,14.810000000007577,1.5400000000007878,0.5,r-5f0a94c66ff17cd98a0a,r-60577319b329b3cce6b4
neuron_model_behavioral_validation,Neuraxis,development_pilot,PILOT2_PROTOCOL,Exploratory development data; second development iteration informed by Pilot 1; not independent confirmation; never pooled with the confirmatory held-out estimate,m-scale_conductance-ae18f4c43e,nml2_hh_example,1,P00_canonical,mean_frequency,exceeds,70.3446889760081,77.82966422061554,7.4849752446074405,3.517234448800405,r-5f0a94c66ff17cd98a0a,r-60577319b329b3cce6b4
neuron_model_behavioral_validation,Neuraxis,development_pilot,PILOT2_PROTOCOL,Exploratory development data; second development iteration informed by Pilot 1; not independent confirmation; never pooled with the confirmatory held-out estimate,m-scale_conductance-ae18f4c43e,nml2_hh_example,1,P04_step_2x,ap_half_width,exceeds,1.3099999999988086,1.4199999999987085,0.10999999999989996,0.06549999999994043,r-66b1007575e04915ac55,r-59604b72727b2cbead5d
neuron_model_behavioral_validation,Neuraxis,development_pilot,PILOT2_PROTOCOL,Exploratory development data; second development iteration informed by Pilot 1; not independent confirmation; never pooled with the confirmatory held-out estimate,m-scale_conductance-ae18f4c43e,nml2_hh_example,1,P04_step_2x,burst_count,definedness,,1.0,,inf,r-66b1007575e04915ac55,r-59604b72727b2cbead5d
neuron_model_behavioral_validation,Neuraxis,development_pilot,PILOT2_PROTOCOL,Exploratory development data; second development iteration informed by Pilot 1; not independent confirmation; never pooled with the confirmatory held-out estimate,m-scale_conductance-ae18f4c43e,nml2_hh_example,1,P04_step_2x,firing_regime,categorical,single_spike,tonic,,,r-66b1007575e04915ac55,r-59604b72727b2cbead5d
neuron_model_behavioral_validation,Neuraxis,development_pilot,PILOT2_PROTOCOL,Exploratory development data; second development iteration informed by Pilot 1; not independent confirmation; never pooled with the confirmatory held-out estimate,m-scale_conductance-ae18f4c43e,nml2_hh_example,1,P04_step_2x,first_isi,definedness,,17.159999999984393,,inf,r-66b1007575e04915ac55,r-59604b72727b2cbead5d
neuron_model_behavioral_validation,Neuraxis,development_pilot,PILOT2_PROTOCOL,Exploratory development data; second development iteration informed by Pilot 1; not independent confirmation; never pooled with the confirmatory held-out estimate,m-scale_conductance-ae18f4c43e,nml2_hh_example,1,P04_step_2x,mean_frequency,definedness,,60.40471156757275,,inf,r-66b1007575e04915ac55,r-59604b72727b2cbead5d
neuron_model_behavioral_validation,Neuraxis,development_pilot,PILOT2_PROTOCOL,Exploratory development data; second development iteration informed by Pilot 1; not independent confirmation; never pooled with the confirmatory held-out estimate,m-scale_conductance-ae18f4c43e,nml2_hh_example,1,P05_long_step,ap_half_width,exceeds,1.2899999999988268,1.4099999999987176,0.11999999999989086,0.06449999999994134,r-940eedfaa66e3fa96c16,r-15cd0326b846ce4f5961
neuron_model_behavioral_validation,Neuraxis,development_pilot,PILOT2_PROTOCOL,Exploratory development data; second development iteration informed by Pilot 1; not independent confirmation; never pooled with the confirmatory held-out estimate,m-scale_conductance-ae18f4c43e,nml2_hh_example,1,P05_long_step,burst_count,definedness,,1.0,,inf,r-940eedfaa66e3fa96c16,r-15cd0326b846ce4f5961
neuron_model_behavioral_validation,Neuraxis,development_pilot,PILOT2_PROTOCOL,Exploratory development data; second development iteration informed by Pilot 1; not independent confirmation; never pooled with the confirmatory held-out estimate,m-scale_conductance-ae18f4c43e,nml2_hh_example,1,P05_long_step,firing_regime,categorical,single_spike,tonic,,,r-940eedfaa66e3fa96c16,r-15cd0326b846ce4f5961
neuron_model_behavioral_validation,Neuraxis,development_pilot,PILOT2_PROTOCOL,Exploratory development data; second development iteration informed by Pilot 1; not independent confirmation; never pooled with the confirmatory held-out estimate,m-scale_conductance-ae18f4c43e,nml2_hh_example,1,P05_long_step,first_isi,definedness,,18.65999999998303,,inf,r-940eedfaa66e3fa96c16,r-15cd0326b846ce4f5961
neuron_model_behavioral_validation,Neuraxis,development_pilot,PILOT2_PROTOCOL,Exploratory development data; second development iteration informed by Pilot 1; not independent confirmation; never pooled with the confirmatory held-out estimate,m-scale_conductance-ae18f4c43e,nml2_hh_example,1,P05_long_step,mean_frequency,definedness,,54.29673163830712,,inf,r-940eedfaa66e3fa96c16,r-15cd0326b846ce4f5961
neuron_model_behavioral_validation,Neuraxis,development_pilot,PILOT2_PROTOCOL,Exploratory development data; second development iteration informed by Pilot 1; not independent confirmation; never pooled with the confirmatory held-out estimate,m-scale_conductance-ae18f4c43e,nml2_hh_example,1,P07_hyperpolarizing_step,sag_ratio,exceeds,0.34640087069052167,0.3710765665695018,0.02467569587898011,0.02,r-66b1007575e04915ac55,r-59604b72727b2cbead5d
neuron_model_behavioral_validation,Neuraxis,development_pilot,PILOT2_PROTOCOL,Exploratory development data; second development iteration informed by Pilot 1; not independent confirmation; never pooled with the confirmatory held-out estimate,m-scale_conductance-ae18f4c43e,nml2_hh_example,1,P08_rebound,maximum_voltage,exceeds,42.80941009326659,44.97521591212168,2.165805818855091,1.0,r-011ab0e03522b12f620c,r-d2d18ef02b200dda5240
neuron_model_behavioral_validation,Neuraxis,development_pilot,PILOT2_PROTOCOL,Exploratory development data; second development iteration informed by Pilot 1; not independent confirmation; never pooled with the confirmatory held-out estimate,m-scale_conductance-ae18f4c43e,nml2_hh_example,1,P09_short_pulse,ap_half_width,exceeds,1.479999999998654,1.579999999998563,0.09999999999990905,0.0739999999999327,r-efc8f2fd727ba1854c5f,r-0bc59f4fff5fa14fcc76
neuron_model_behavioral_validation,Neuraxis,development_pilot,PILOT2_PROTOCOL,Exploratory development data; second development iteration informed by Pilot 1; not independent confirmation; never pooled with the confirmatory held-out estimate,m-scale_conductance-ae18f4c43e,nml2_hh_example,2,P00_canonical,ap_half_width,exceeds,1.3400000000006855,1.4500000000007418,0.11000000000005627,0.06700000000003428,r-d4235ef154cdc2eeb44c,r-7cba09a2f7798a6d48ae
neuron_model_behavioral_validation,Neuraxis,development_pilot,PILOT2_PROTOCOL,Exploratory development data; second development iteration informed by Pilot 1; not independent confirmation; never pooled with the confirmatory held-out estimate,m-scale_conductance-ae18f4c43e,nml2_hh_example,2,P00_canonical,first_isi,exceeds,16.290000000008334,14.74000000000754,1.550000000000793,0.5,r-d4235ef154cdc2eeb44c,r-7cba09a2f7798a6d48ae
neuron_model_behavioral_validation,Neuraxis,development_pilot,PILOT2_PROTOCOL,Exploratory development data; second development iteration informed by Pilot 1; not independent confirmation; never pooled with the confirmatory held-out estimate,m-scale_conductance-ae18f4c43e,nml2_hh_example,2,P00_canonical,mean_frequency,exceeds,70.67851373185125,78.2297720161169,7.551258284265643,3.517234448800405,r-d4235ef154cdc2eeb44c,r-7cba09a2f7798a6d48ae
neuron_model_behavioral_validation,Neuraxis,development_pilot,PILOT2_PROTOCOL,Exploratory development data; second development iteration informed by Pilot 1; not independent confirmation; never pooled with the confirmatory held-out estimate,m-scale_conductance-ae18f4c43e,nml2_hh_example,2,P04_step_2x,ap_half_width,exceeds,1.3099999999988086,1.4299999999986994,0.11999999999989086,0.06549999999994043,r-8d6f46142acd4ec898a7,r-1dc0a9d2342745347517
neuron_model_behavioral_validation,Neuraxis,development_pilot,PILOT2_PROTOCOL,Exploratory development data; second development iteration informed by Pilot 1; not independent confirmation; never pooled with the confirmatory held-out estimate,m-scale_conductance-ae18f4c43e,nml2_hh_example,2,P04_step_2x,burst_count,definedness,,1.0,,inf,r-8d6f46142acd4ec898a7,r-1dc0a9d2342745347517
neuron_model_behavioral_validation,Neuraxis,development_pilot,PILOT2_PROTOCOL,Exploratory development data; second development iteration informed by Pilot 1; not independent confirmation; never pooled with the confirmatory held-out estimate,m-scale_conductance-ae18f4c43e,nml2_hh_example,2,P04_step_2x,firing_regime,categorical,single_spike,tonic,,,r-8d6f46142acd4ec898a7,r-1dc0a9d2342745347517
neuron_model_behavioral_validation,Neuraxis,development_pilot,PILOT2_PROTOCOL,Exploratory development data; second development iteration informed by Pilot 1; not independent confirmation; never pooled with the confirmatory held-out estimate,m-scale_conductance-ae18f4c43e,nml2_hh_example,2,P04_step_2x,first_isi,definedness,,17.11999999998443,,inf,r-8d6f46142acd4ec898a7,r-1dc0a9d2342745347517
neuron_model_behavioral_validation,Neuraxis,development_pilot,PILOT2_PROTOCOL,Exploratory development data; second development iteration informed by Pilot 1; not independent confirmation; never pooled with the confirmatory held-out estimate,m-scale_conductance-ae18f4c43e,nml2_hh_example,2,P04_step_2x,mean_frequency,definedness,,60.54001695127542,,inf,r-8d6f46142acd4ec898a7,r-1dc0a9d2342745347517
neuron_model_behavioral_validation,Neuraxis,development_pilot,PILOT2_PROTOCOL,Exploratory development data; second development iteration informed by Pilot 1; not independent confirmation; never pooled with the confirmatory held-out estimate,m-scale_conductance-ae18f4c43e,nml2_hh_example,2,P05_long_step,ap_half_width,exceeds,1.2899999999988268,1.4099999999987176,0.11999999999989086,0.06449999999994134,r-a455ac42295a97429d02,r-067fda74511560ee62d6
neuron_model_behavioral_validation,Neuraxis,development_pilot,PILOT2_PROTOCOL,Exploratory development data; second development iteration informed by Pilot 1; not independent confirmation; never pooled with the confirmatory held-out estimate,m-scale_conductance-ae18f4c43e,nml2_hh_example,2,P05_long_step,burst_count,definedness,,1.0,,inf,r-a455ac42295a97429d02,r-067fda74511560ee62d6
neuron_model_behavioral_validation,Neuraxis,development_pilot,PILOT2_PROTOCOL,Exploratory development data; second development iteration informed by Pilot 1; not independent confirmation; never pooled with the confirmatory held-out estimate,m-scale_conductance-ae18f4c43e,nml2_hh_example,2,P05_long_step,firing_regime,categorical,single_spike,tonic,,,r-a455ac42295a97429d02,r-067fda74511560ee62d6
neuron_model_behavioral_validation,Neuraxis,development_pilot,PILOT2_PROTOCOL,Exploratory development data; second development iteration informed by Pilot 1; not independent confirmation; never pooled with the confirmatory held-out estimate,m-scale_conductance-ae18f4c43e,nml2_hh_example,2,P05_long_step,first_isi,definedness,,18.619999999983065,,inf,r-a455ac42295a97429d02,r-067fda74511560ee62d6
neuron_model_behavioral_validation,Neuraxis,development_pilot,PILOT2_PROTOCOL,Exploratory development data; second development iteration informed by Pilot 1; not independent confirmation; never pooled with the confirmatory held-out estimate,m-scale_conductance-ae18f4c43e,nml2_hh_example,2,P05_long_step,mean_frequency,definedness,,54.41134980442753,,inf,r-a455ac42295a97429d02,r-067fda74511560ee62d6
neuron_model_behavioral_validation,Neuraxis,development_pilot,PILOT2_PROTOCOL,Exploratory development data; second development iteration informed by Pilot 1; not independent confirmation; never pooled with the confirmatory held-out estimate,m-scale_conductance-ae18f4c43e,nml2_hh_example,2,P07_hyperpolarizing_step,sag_ratio,exceeds,0.3460314920631419,0.37073673836355187,0.02470524630040999,0.02,r-8d6f46142acd4ec898a7,r-1dc0a9d2342745347517
neuron_model_behavioral_validation,Neuraxis,development_pilot,PILOT2_PROTOCOL,Exploratory development data; second development iteration informed by Pilot 1; not independent confirmation; never pooled with the confirmatory held-out estimate,m-scale_conductance-ae18f4c43e,nml2_hh_example,2,P08_rebound,maximum_voltage,exceeds,42.82489776491602,44.98347854650152,2.1585807815855063,1.0,r-a628bd90e08153ec217d,r-7af13a9e673a69eb3166
neuron_model_behavioral_validation,Neuraxis,development_pilot,PILOT2_PROTOCOL,Exploratory development data; second development iteration informed by Pilot 1; not independent confirmation; never pooled with the confirmatory held-out estimate,m-scale_conductance-ae18f4c43e,nml2_hh_example,2,P09_short_pulse,ap_half_width,exceeds,1.4899999999986449,1.579999999998563,0.08999999999991815,0.0739999999999327,r-2c9f7eaf5c4d0d4f33d4,r-b6cb8d85beb2258c6a98
neuron_model_behavioral_validation,Neuraxis,development_pilot,PILOT2_PROTOCOL,Exploratory development data; second development iteration informed by Pilot 1; not independent confirmation; never pooled with the confirmatory held-out estimate,m-scale_conductance-f937b97f50,nml2_hh_example,1,P00_canonical,first_isi,exceeds,16.350000000008365,15.200000000007776,1.1500000000005883,0.5,r-5f0a94c66ff17cd98a0a,r-56eb26d40d67d8d07726
neuron_model_behavioral_validation,Neuraxis,development_pilot,PILOT2_PROTOCOL,Exploratory development data; second development iteration informed by Pilot 1; not independent confirmation; never pooled with the confirmatory held-out estimate,m-scale_conductance-f937b97f50,nml2_hh_example,1,P00_canonical,mean_frequency,exceeds,70.3446889760081,75.81501137227629,5.4703223962681875,3.517234448800405,r-5f0a94c66ff17cd98a0a,r-56eb26d40d67d8d07726
neuron_model_behavioral_validation,Neuraxis,development_pilot,PILOT2_PROTOCOL,Exploratory development data; second development iteration informed by Pilot 1; not independent confirmation; never pooled with the confirmatory held-out estimate,m-scale_conductance-f937b97f50,nml2_hh_example,1,P04_step_2x,burst_count,definedness,,1.0,,inf,r-66b1007575e04915ac55,r-b1b304cdfe4a52835b8a
neuron_model_behavioral_validation,Neuraxis,development_pilot,PILOT2_PROTOCOL,Exploratory development data; second development iteration informed by Pilot 1; not independent confirmation; never pooled with the confirmatory held-out estimate,m-scale_conductance-f937b97f50,nml2_hh_example,1,P04_step_2x,firing_regime,categorical,single_spike,tonic,,,r-66b1007575e04915ac55,r-b1b304cdfe4a52835b8a
neuron_model_behavioral_validation,Neuraxis,development_pilot,PILOT2_PROTOCOL,Exploratory development data; second development iteration informed by Pilot 1; not independent confirmation; never pooled with the confirmatory held-out estimate,m-scale_conductance-f937b97f50,nml2_hh_example,1,P04_step_2x,first_isi,definedness,,18.629999999983056,,inf,r-66b1007575e04915ac55,r-b1b304cdfe4a52835b8a
neuron_model_behavioral_validation,Neuraxis,development_pilot,PILOT2_PROTOCOL,Exploratory development data; second development iteration informed by Pilot 1; not independent confirmation; never pooled with the confirmatory held-out estimate,m-scale_conductance-f937b97f50,nml2_hh_example,1,P04_step_2x,mean_frequency,definedness,,55.634542869571334,,inf,r-66b1007575e04915ac55,r-b1b304cdfe4a52835b8a
neuron_model_behavioral_validation,Neuraxis,development_pilot,PILOT2_PROTOCOL,Exploratory development data; second development iteration informed by Pilot 1; not independent confirmation; never pooled with the confirmatory held-out estimate,m-scale_conductance-f937b97f50,nml2_hh_example,2,P00_canonical,first_isi,exceeds,16.290000000008334,15.13000000000774,1.1600000000005934,0.5,r-d4235ef154cdc2eeb44c,r-e97f30cfb2df0a7c4cb3
neuron_model_behavioral_validation,Neuraxis,development_pilot,PILOT2_PROTOCOL,Exploratory development data; second development iteration informed by Pilot 1; not independent confirmation; never pooled with the confirmatory held-out estimate,m-scale_conductance-f937b97f50,nml2_hh_example,2,P00_canonical,mean_frequency,exceeds,70.67851373185125,76.19462283664144,5.516109104790189,3.517234448800405,r-d4235ef154cdc2eeb44c,r-e97f30cfb2df0a7c4cb3
neuron_model_behavioral_validation,Neuraxis,development_pilot,PILOT2_PROTOCOL,Exploratory development data; second development iteration informed by Pilot 1; not independent confirmation; never pooled with the confirmatory held-out estimate,m-scale_conductance-f937b97f50,nml2_hh_example,2,P04_step_2x,burst_count,definedness,,1.0,,inf,r-8d6f46142acd4ec898a7,r-e2a1a8be0d08550e99d9
neuron_model_behavioral_validation,Neuraxis,development_pilot,PILOT2_PROTOCOL,Exploratory development data; second development iteration informed by Pilot 1; not independent confirmation; never pooled with the confirmatory held-out estimate,m-scale_conductance-f937b97f50,nml2_hh_example,2,P04_step_2x,firing_regime,categorical,single_spike,tonic,,,r-8d6f46142acd4ec898a7,r-e2a1a8be0d08550e99d9
neuron_model_behavioral_validation,Neuraxis,development_pilot,PILOT2_PROTOCOL,Exploratory development data; second development iteration informed by Pilot 1; not independent confirmation; never pooled with the confirmatory held-out estimate,m-scale_conductance-f937b97f50,nml2_hh_example,2,P04_step_2x,first_isi,definedness,,18.589999999983092,,inf,r-8d6f46142acd4ec898a7,r-e2a1a8be0d08550e99d9
neuron_model_behavioral_validation,Neuraxis,development_pilot,PILOT2_PROTOCOL,Exploratory development data; second development iteration informed by Pilot 1; not independent confirmation; never pooled with the confirmatory held-out estimate,m-scale_conductance-f937b97f50,nml2_hh_example,2,P04_step_2x,mean_frequency,definedness,,55.74711457070939,,inf,r-8d6f46142acd4ec898a7,r-e2a1a8be0d08550e99d9
neuron_model_behavioral_validation,Neuraxis,development_pilot,PILOT2_PROTOCOL,Exploratory development data; second development iteration informed by Pilot 1; not independent confirmation; never pooled with the confirmatory held-out estimate,m-scale_conductance-1b265d3832,nml2_hh_example,1,P00_canonical,baseline_voltage,exceeds,-64.9740524291991,-66.82975769042957,1.8557052612304688,0.5,r-5f0a94c66ff17cd98a0a,r-5e4602f7a5fde45ad8c0
neuron_model_behavioral_validation,Neuraxis,development_pilot,PILOT2_PROTOCOL,Exploratory development data; second development iteration informed by Pilot 1; not independent confirmation; never pooled with the confirmatory held-out estimate,m-scale_conductance-1b265d3832,nml2_hh_example,1,P02_weak_step,baseline_voltage,exceeds,-64.97405242919922,-66.82975769042969,1.8557052612304688,0.5,r-66b1007575e04915ac55,r-c1a9df196abc768929bb
neuron_model_behavioral_validation,Neuraxis,development_pilot,PILOT2_PROTOCOL,Exploratory development data; second development iteration informed by Pilot 1; not independent confirmation; never pooled with the confirmatory held-out estimate,m-scale_conductance-1b265d3832,nml2_hh_example,1,P04_step_2x,firing_regime,categorical,single_spike,tonic,,,r-66b1007575e04915ac55,r-c1a9df196abc768929bb
neuron_model_behavioral_validation,Neuraxis,development_pilot,PILOT2_PROTOCOL,Exploratory development data; second development iteration informed by Pilot 1; not independent confirmation; never pooled with the confirmatory held-out estimate,m-scale_conductance-1b265d3832,nml2_hh_example,1,P04_step_2x,first_isi,definedness,,21.389999999980546,,inf,r-66b1007575e04915ac55,r-c1a9df196abc768929bb
neuron_model_behavioral_validation,Neuraxis,development_pilot,PILOT2_PROTOCOL,Exploratory development data; second development iteration informed by Pilot 1; not independent confirmation; never pooled with the confirmatory held-out estimate,m-scale_conductance-1b265d3832,nml2_hh_example,1,P04_step_2x,mean_frequency,definedness,,80.35355564532308,,inf,r-66b1007575e04915ac55,r-c1a9df196abc768929bb
neuron_model_behavioral_validation,Neuraxis,development_pilot,PILOT2_PROTOCOL,Exploratory development data; second development iteration informed by Pilot 1; not independent confirmation; never pooled with the confirmatory held-out estimate,m-scale_conductance-1b265d3832,nml2_hh_example,1,P07_hyperpolarizing_step,baseline_voltage,exceeds,-64.97405242919922,-66.82975769042969,1.8557052612304688,0.5,r-66b1007575e04915ac55,r-c1a9df196abc768929bb
neuron_model_behavioral_validation,Neuraxis,development_pilot,PILOT2_PROTOCOL,Exploratory development data; second development iteration informed by Pilot 1; not independent confirmation; never pooled with the confirmatory held-out estimate,m-scale_conductance-1b265d3832,nml2_hh_example,1,P07_hyperpolarizing_step,minimum_voltage,exceeds,-68.47553253173788,-72.35440826416016,3.878875732422273,0.5,r-66b1007575e04915ac55,r-c1a9df196abc768929bb
neuron_model_behavioral_validation,Neuraxis,development_pilot,PILOT2_PROTOCOL,Exploratory development data; second development iteration informed by Pilot 1; not independent confirmation; never pooled with the confirmatory held-out estimate,m-scale_conductance-1b265d3832,nml2_hh_example,1,P07_hyperpolarizing_step,sag_ratio,exceeds,0.34640087069052167,0.15102501936810242,0.19537585132241925,0.02,r-66b1007575e04915ac55,r-c1a9df196abc768929bb
neuron_model_behavioral_validation,Neuraxis,development_pilot,PILOT2_PROTOCOL,Exploratory development data; second development iteration informed by Pilot 1; not independent confirmation; never pooled with the confirmatory held-out estimate,m-scale_conductance-1b265d3832,nml2_hh_example,1,P07_hyperpolarizing_step,voltage_deflection,exceeds,-2.288564346313734,-4.690290113830827,2.4017257675170924,0.5,r-66b1007575e04915ac55,r-c1a9df196abc768929bb
neuron_model_behavioral_validation,Neuraxis,development_pilot,PILOT2_PROTOCOL,Exploratory development data; second development iteration informed by Pilot 1; not independent confirmation; never pooled with the confirmatory held-out estimate,m-scale_conductance-1b265d3832,nml2_hh_example,1,P08_rebound,maximum_voltage,exceeds,42.80941009326659,45.79120635916626,2.9817962658996677,1.0,r-011ab0e03522b12f620c,r-d3209ec16b2076623fa3
neuron_model_behavioral_validation,Neuraxis,development_pilot,PILOT2_PROTOCOL,Exploratory development data; second development iteration informed by Pilot 1; not independent confirmation; never pooled with the confirmatory held-out estimate,m-scale_conductance-1b265d3832,nml2_hh_example,1,P09_short_pulse,ap_half_width,exceeds,1.479999999998654,1.5599999999985812,0.07999999999992724,0.0739999999999327,r-efc8f2fd727ba1854c5f,r-c2e1c6a3b76825cae70f
neuron_model_behavioral_validation,Neuraxis,development_pilot,PILOT2_PROTOCOL,Exploratory development data; second development iteration informed by Pilot 1; not independent confirmation; never pooled with the confirmatory held-out estimate,m-scale_conductance-1b265d3832,nml2_hh_example,2,P00_canonical,ap_half_width,exceeds,1.3400000000006855,1.4100000000007213,0.07000000000003581,0.06700000000003428,r-d4235ef154cdc2eeb44c,r-fbb1c18b3a3edeb5bd90
neuron_model_behavioral_validation,Neuraxis,development_pilot,PILOT2_PROTOCOL,Exploratory development data; second development iteration informed by Pilot 1; not independent confirmation; never pooled with the confirmatory held-out estimate,m-scale_conductance-1b265d3832,nml2_hh_example,2,P00_canonical,baseline_voltage,exceeds,-64.97401246824452,-66.82971772947499,1.8557052612304688,0.5,r-d4235ef154cdc2eeb44c,r-fbb1c18b3a3edeb5bd90
neuron_model_behavioral_validation,Neuraxis,development_pilot,PILOT2_PROTOCOL,Exploratory development data; second development iteration informed by Pilot 1; not independent confirmation; never pooled with the confirmatory held-out estimate,m-scale_conductance-1b265d3832,nml2_hh_example,2,P02_weak_step,baseline_voltage,exceeds,-64.97405242919922,-66.82975769042969,1.8557052612304688,0.5,r-8d6f46142acd4ec898a7,r-bade57540971c422b072
neuron_model_behavioral_validation,Neuraxis,development_pilot,PILOT2_PROTOCOL,Exploratory development data; second development iteration informed by Pilot 1; not independent confirmation; never pooled with the confirmatory held-out estimate,m-scale_conductance-1b265d3832,nml2_hh_example,2,P04_step_2x,firing_regime,categorical,single_spike,tonic,,,r-8d6f46142acd4ec898a7,r-bade57540971c422b072
neuron_model_behavioral_validation,Neuraxis,development_pilot,PILOT2_PROTOCOL,Exploratory development data; second development iteration informed by Pilot 1; not independent confirmation; never pooled with the confirmatory held-out estimate,m-scale_conductance-1b265d3832,nml2_hh_example,2,P04_step_2x,first_isi,definedness,,21.379999999980555,,inf,r-8d6f46142acd4ec898a7,r-bade57540971c422b072
neuron_model_behavioral_validation,Neuraxis,development_pilot,PILOT2_PROTOCOL,Exploratory development data; second development iteration informed by Pilot 1; not independent confirmation; never pooled with the confirmatory held-out estimate,m-scale_conductance-1b265d3832,nml2_hh_example,2,P04_step_2x,mean_frequency,definedness,,80.48289738479308,,inf,r-8d6f46142acd4ec898a7,r-bade57540971c422b072
neuron_model_behavioral_validation,Neuraxis,development_pilot,PILOT2_PROTOCOL,Exploratory development data; second development iteration informed by Pilot 1; not independent confirmation; never pooled with the confirmatory held-out estimate,m-scale_conductance-1b265d3832,nml2_hh_example,2,P07_hyperpolarizing_step,baseline_voltage,exceeds,-64.97405242919922,-66.82975769042969,1.8557052612304688,0.5,r-8d6f46142acd4ec898a7,r-bade57540971c422b072
neuron_model_behavioral_validation,Neuraxis,development_pilot,PILOT2_PROTOCOL,Exploratory development data; second development iteration informed by Pilot 1; not independent confirmation; never pooled with the confirmatory held-out estimate,m-scale_conductance-1b265d3832,nml2_hh_example,2,P07_hyperpolarizing_step,minimum_voltage,exceeds,-68.47355651855469,-72.35285186767496,3.8792953491202695,0.5,r-8d6f46142acd4ec898a7,r-bade57540971c422b072
neuron_model_behavioral_validation,Neuraxis,development_pilot,PILOT2_PROTOCOL,Exploratory development data; second development iteration informed by Pilot 1; not independent confirmation; never pooled with the confirmatory held-out estimate,m-scale_conductance-1b265d3832,nml2_hh_example,2,P07_hyperpolarizing_step,sag_ratio,exceeds,0.3460314920631419,0.15078557664264655,0.19524591542049533,0.02,r-8d6f46142acd4ec898a7,r-bade57540971c422b072
neuron_model_behavioral_validation,Neuraxis,development_pilot,PILOT2_PROTOCOL,Exploratory development data; second development iteration informed by Pilot 1; not independent confirmation; never pooled with the confirmatory held-out estimate,m-scale_conductance-1b265d3832,nml2_hh_example,2,P07_hyperpolarizing_step,voltage_deflection,exceeds,-2.2885654678347294,-4.690291236877698,2.4017257690429688,0.5,r-8d6f46142acd4ec898a7,r-bade57540971c422b072
neuron_model_behavioral_validation,Neuraxis,development_pilot,PILOT2_PROTOCOL,Exploratory development data; second development iteration informed by Pilot 1; not independent confirmation; never pooled with the confirmatory held-out estimate,m-scale_conductance-1b265d3832,nml2_hh_example,2,P08_rebound,maximum_voltage,exceeds,42.82489776491602,45.78948974539763,2.9645919804816145,1.0,r-a628bd90e08153ec217d,r-eac65a1604b0e5a7d573
neuron_model_behavioral_validation,Neuraxis,development_pilot,PILOT2_PROTOCOL,Exploratory development data; second development iteration informed by Pilot 1; not independent confirmation; never pooled with the confirmatory held-out estimate,m-scale_conductance-ecad0d4d76,nml2_hh_example,1,P00_canonical,ap_half_width,exceeds,1.3400000000006855,1.0900000000005576,0.2500000000001279,0.06700000000003428,r-5f0a94c66ff17cd98a0a,r-14538a484e5a4f9e53ef
neuron_model_behavioral_validation,Neuraxis,development_pilot,PILOT2_PROTOCOL,Exploratory development data; second development iteration informed by Pilot 1; not independent confirmation; never pooled with the confirmatory held-out estimate,m-scale_conductance-ecad0d4d76,nml2_hh_example,1,P00_canonical,baseline_voltage,exceeds,-64.9740524291991,-67.27938079833973,2.305328369140625,0.5,r-5f0a94c66ff17cd98a0a,r-14538a484e5a4f9e53ef
neuron_model_behavioral_validation,Neuraxis,development_pilot,PILOT2_PROTOCOL,Exploratory development data; second development iteration informed by Pilot 1; not independent confirmation; never pooled with the confirmatory held-out estimate,m-scale_conductance-ecad0d4d76,nml2_hh_example,1,P00_canonical,firing_regime,categorical,tonic,single_spike,,,r-5f0a94c66ff17cd98a0a,r-14538a484e5a4f9e53ef
neuron_model_behavioral_validation,Neuraxis,development_pilot,PILOT2_PROTOCOL,Exploratory development data; second development iteration informed by Pilot 1; not independent confirmation; never pooled with the confirmatory held-out estimate,m-scale_conductance-ecad0d4d76,nml2_hh_example,1,P00_canonical,first_isi,definedness,16.350000000008365,,,0.5,r-5f0a94c66ff17cd98a0a,r-14538a484e5a4f9e53ef
neuron_model_behavioral_validation,Neuraxis,development_pilot,PILOT2_PROTOCOL,Exploratory development data; second development iteration informed by Pilot 1; not independent confirmation; never pooled with the confirmatory held-out estimate,m-scale_conductance-ecad0d4d76,nml2_hh_example,1,P00_canonical,mean_frequency,definedness,70.3446889760081,,,3.517234448800405,r-5f0a94c66ff17cd98a0a,r-14538a484e5a4f9e53ef
neuron_model_behavioral_validation,Neuraxis,development_pilot,PILOT2_PROTOCOL,Exploratory development data; second development iteration informed by Pilot 1; not independent confirmation; never pooled with the confirmatory held-out estimate,m-scale_conductance-ecad0d4d76,nml2_hh_example,1,P02_weak_step,baseline_voltage,exceeds,-64.97405242919922,-67.27938079833984,2.305328369140625,0.5,r-66b1007575e04915ac55,r-e8ceec13f97b813ccc54
neuron_model_behavioral_validation,Neuraxis,development_pilot,PILOT2_PROTOCOL,Exploratory development data; second development iteration informed by Pilot 1; not independent confirmation; never pooled with the confirmatory held-out estimate,m-scale_conductance-ecad0d4d76,nml2_hh_example,1,P04_step_2x,ap_half_width,definedness,1.3099999999988086,,,0.06549999999994043,r-66b1007575e04915ac55,r-e8ceec13f97b813ccc54
neuron_model_behavioral_validation,Neuraxis,development_pilot,PILOT2_PROTOCOL,Exploratory development data; second development iteration informed by Pilot 1; not independent confirmation; never pooled with the confirmatory held-out estimate,m-scale_conductance-ecad0d4d76,nml2_hh_example,1,P04_step_2x,firing_regime,categorical,single_spike,silent,,,r-66b1007575e04915ac55,r-e8ceec13f97b813ccc54
neuron_model_behavioral_validation,Neuraxis,development_pilot,PILOT2_PROTOCOL,Exploratory development data; second development iteration informed by Pilot 1; not independent confirmation; never pooled with the confirmatory held-out estimate,m-scale_conductance-ecad0d4d76,nml2_hh_example,1,P05_long_step,ap_half_width,definedness,1.2899999999988268,,,0.06449999999994134,r-940eedfaa66e3fa96c16,r-19ac20d0f6b5f40acb03
neuron_model_behavioral_validation,Neuraxis,development_pilot,PILOT2_PROTOCOL,Exploratory development data; second development iteration informed by Pilot 1; not independent confirmation; never pooled with the confirmatory held-out estimate,m-scale_conductance-ecad0d4d76,nml2_hh_example,1,P05_long_step,firing_regime,categorical,single_spike,silent,,,r-940eedfaa66e3fa96c16,r-19ac20d0f6b5f40acb03
neuron_model_behavioral_validation,Neuraxis,development_pilot,PILOT2_PROTOCOL,Exploratory development data; second development iteration informed by Pilot 1; not independent confirmation; never pooled with the confirmatory held-out estimate,m-scale_conductance-ecad0d4d76,nml2_hh_example,1,P07_hyperpolarizing_step,baseline_voltage,exceeds,-64.97405242919922,-67.27938079833984,2.305328369140625,0.5,r-66b1007575e04915ac55,r-e8ceec13f97b813ccc54
neuron_model_behavioral_validation,Neuraxis,development_pilot,PILOT2_PROTOCOL,Exploratory development data; second development iteration informed by Pilot 1; not independent confirmation; never pooled with the confirmatory held-out estimate,m-scale_conductance-ecad0d4d76,nml2_hh_example,1,P07_hyperpolarizing_step,minimum_voltage,exceeds,-68.47553253173788,-69.94233703613281,1.4668045043949292,0.5,r-66b1007575e04915ac55,r-e8ceec13f97b813ccc54
neuron_model_behavioral_validation,Neuraxis,development_pilot,PILOT2_PROTOCOL,Exploratory development data; second development iteration informed by Pilot 1; not independent confirmation; never pooled with the confirmatory held-out estimate,m-scale_conductance-ecad0d4d76,nml2_hh_example,1,P07_hyperpolarizing_step,voltage_deflection,exceeds,-2.288564346313734,-1.7631966079714516,0.5253677383422826,0.5,r-66b1007575e04915ac55,r-e8ceec13f97b813ccc54
neuron_model_behavioral_validation,Neuraxis,development_pilot,PILOT2_PROTOCOL,Exploratory development data; second development iteration informed by Pilot 1; not independent confirmation; never pooled with the confirmatory held-out estimate,m-scale_conductance-ecad0d4d76,nml2_hh_example,1,P08_rebound,firing_regime,categorical,single_spike,silent,,,r-011ab0e03522b12f620c,r-c5a2180fe5a75166e45b
neuron_model_behavioral_validation,Neuraxis,development_pilot,PILOT2_PROTOCOL,Exploratory development data; second development iteration informed by Pilot 1; not independent confirmation; never pooled with the confirmatory held-out estimate,m-scale_conductance-ecad0d4d76,nml2_hh_example,1,P08_rebound,maximum_voltage,exceeds,42.80941009326659,-63.27359008788839,106.08300018115497,1.0,r-011ab0e03522b12f620c,r-c5a2180fe5a75166e45b
neuron_model_behavioral_validation,Neuraxis,development_pilot,PILOT2_PROTOCOL,Exploratory development data; second development iteration informed by Pilot 1; not independent confirmation; never pooled with the confirmatory held-out estimate,m-scale_conductance-ecad0d4d76,nml2_hh_example,1,P09_short_pulse,ap_half_width,exceeds,1.479999999998654,1.269999999998845,0.209999999999809,0.0739999999999327,r-efc8f2fd727ba1854c5f,r-74ba038669c7ba4182a2
neuron_model_behavioral_validation,Neuraxis,development_pilot,PILOT2_PROTOCOL,Exploratory development data; second development iteration informed by Pilot 1; not independent confirmation; never pooled with the confirmatory held-out estimate,m-scale_conductance-ecad0d4d76,nml2_hh_example,2,P00_canonical,ap_half_width,exceeds,1.3400000000006855,1.1000000000005627,0.24000000000012278,0.06700000000003428,r-d4235ef154cdc2eeb44c,r-2efc3d5325d681e22003
neuron_model_behavioral_validation,Neuraxis,development_pilot,PILOT2_PROTOCOL,Exploratory development data; second development iteration informed by Pilot 1; not independent confirmation; never pooled with the confirmatory held-out estimate,m-scale_conductance-ecad0d4d76,nml2_hh_example,2,P00_canonical,baseline_voltage,exceeds,-64.97401246824452,-67.27934084500693,2.3053283767624038,0.5,r-d4235ef154cdc2eeb44c,r-2efc3d5325d681e22003
neuron_model_behavioral_validation,Neuraxis,development_pilot,PILOT2_PROTOCOL,Exploratory development data; second development iteration informed by Pilot 1; not independent confirmation; never pooled with the confirmatory held-out estimate,m-scale_conductance-ecad0d4d76,nml2_hh_example,2,P00_canonical,firing_regime,categorical,tonic,single_spike,,,r-d4235ef154cdc2eeb44c,r-2efc3d5325d681e22003
neuron_model_behavioral_validation,Neuraxis,development_pilot,PILOT2_PROTOCOL,Exploratory development data; second development iteration informed by Pilot 1; not independent confirmation; never pooled with the confirmatory held-out estimate,m-scale_conductance-ecad0d4d76,nml2_hh_example,2,P00_canonical,first_isi,definedness,16.290000000008334,,,0.5,r-d4235ef154cdc2eeb44c,r-2efc3d5325d681e22003
neuron_model_behavioral_validation,Neuraxis,development_pilot,PILOT2_PROTOCOL,Exploratory development data; second development iteration informed by Pilot 1; not independent confirmation; never pooled with the confirmatory held-out estimate,m-scale_conductance-ecad0d4d76,nml2_hh_example,2,P00_canonical,mean_frequency,definedness,70.67851373185125,,,3.517234448800405,r-d4235ef154cdc2eeb44c,r-2efc3d5325d681e22003
neuron_model_behavioral_validation,Neuraxis,development_pilot,PILOT2_PROTOCOL,Exploratory development data; second development iteration informed by Pilot 1; not independent confirmation; never pooled with the confirmatory held-out estimate,m-scale_conductance-ecad0d4d76,nml2_hh_example,2,P02_weak_step,baseline_voltage,exceeds,-64.97405242919922,-67.27938079833984,2.305328369140625,0.5,r-8d6f46142acd4ec898a7,r-a149378a0c90bc9509b6
neuron_model_behavioral_validation,Neuraxis,development_pilot,PILOT2_PROTOCOL,Exploratory development data; second development iteration informed by Pilot 1; not independent confirmation; never pooled with the confirmatory held-out estimate,m-scale_conductance-ecad0d4d76,nml2_hh_example,2,P04_step_2x,ap_half_width,definedness,1.3099999999988086,,,0.06549999999994043,r-8d6f46142acd4ec898a7,r-a149378a0c90bc9509b6
neuron_model_behavioral_validation,Neuraxis,development_pilot,PILOT2_PROTOCOL,Exploratory development data; second development iteration informed by Pilot 1; not independent confirmation; never pooled with the confirmatory held-out estimate,m-scale_conductance-ecad0d4d76,nml2_hh_example,2,P04_step_2x,firing_regime,categorical,single_spike,silent,,,r-8d6f46142acd4ec898a7,r-a149378a0c90bc9509b6
neuron_model_behavioral_validation,Neuraxis,development_pilot,PILOT2_PROTOCOL,Exploratory development data; second development iteration informed by Pilot 1; not independent confirmation; never pooled with the confirmatory held-out estimate,m-scale_conductance-ecad0d4d76,nml2_hh_example,2,P05_long_step,ap_half_width,definedness,1.2899999999988268,,,0.06449999999994134,r-a455ac42295a97429d02,r-3d3d2d06c109041ba48e
neuron_model_behavioral_validation,Neuraxis,development_pilot,PILOT2_PROTOCOL,Exploratory development data; second development iteration informed by Pilot 1; not independent confirmation; never pooled with the confirmatory held-out estimate,m-scale_conductance-ecad0d4d76,nml2_hh_example,2,P05_long_step,firing_regime,categorical,single_spike,silent,,,r-a455ac42295a97429d02,r-3d3d2d06c109041ba48e
neuron_model_behavioral_validation,Neuraxis,development_pilot,PILOT2_PROTOCOL,Exploratory development data; second development iteration informed by Pilot 1; not independent confirmation; never pooled with the confirmatory held-out estimate,m-scale_conductance-ecad0d4d76,nml2_hh_example,2,P07_hyperpolarizing_step,baseline_voltage,exceeds,-64.97405242919922,-67.27938079833984,2.305328369140625,0.5,r-8d6f46142acd4ec898a7,r-a149378a0c90bc9509b6
neuron_model_behavioral_validation,Neuraxis,development_pilot,PILOT2_PROTOCOL,Exploratory development data; second development iteration informed by Pilot 1; not independent confirmation; never pooled with the confirmatory held-out estimate,m-scale_conductance-ecad0d4d76,nml2_hh_example,2,P07_hyperpolarizing_step,minimum_voltage,exceeds,-68.47355651855469,-69.94060516357422,1.4670486450195312,0.5,r-8d6f46142acd4ec898a7,r-a149378a0c90bc9509b6
neuron_model_behavioral_validation,Neuraxis,development_pilot,PILOT2_PROTOCOL,Exploratory development data; second development iteration informed by Pilot 1; not independent confirmation; never pooled with the confirmatory held-out estimate,m-scale_conductance-ecad0d4d76,nml2_hh_example,2,P07_hyperpolarizing_step,voltage_deflection,exceeds,-2.2885654678347294,-1.7631977310183231,0.5253677368164062,0.5,r-8d6f46142acd4ec898a7,r-a149378a0c90bc9509b6
neuron_model_behavioral_validation,Neuraxis,development_pilot,PILOT2_PROTOCOL,Exploratory development data; second development iteration informed by Pilot 1; not independent confirmation; never pooled with the confirmatory held-out estimate,m-scale_conductance-ecad0d4d76,nml2_hh_example,2,P08_rebound,firing_regime,categorical,single_spike,silent,,,r-a628bd90e08153ec217d,r-7d3265a7a65959603af6
neuron_model_behavioral_validation,Neuraxis,development_pilot,PILOT2_PROTOCOL,Exploratory development data; second development iteration informed by Pilot 1; not independent confirmation; never pooled with the confirmatory held-out estimate,m-scale_conductance-ecad0d4d76,nml2_hh_example,2,P08_rebound,maximum_voltage,exceeds,42.82489776491602,-63.28019332885921,106.10509109377523,1.0,r-a628bd90e08153ec217d,r-7d3265a7a65959603af6
neuron_model_behavioral_validation,Neuraxis,development_pilot,PILOT2_PROTOCOL,Exploratory development data; second development iteration informed by Pilot 1; not independent confirmation; never pooled with the confirmatory held-out estimate,m-scale_conductance-ecad0d4d76,nml2_hh_example,2,P09_short_pulse,ap_half_width,exceeds,1.4899999999986449,1.2799999999988358,0.209999999999809,0.0739999999999327,r-2c9f7eaf5c4d0d4f33d4,r-38856f6e8732ae6f0fca
neuron_model_behavioral_validation,Neuraxis,development_pilot,PILOT2_PROTOCOL,Exploratory development data; second development iteration informed by Pilot 1; not independent confirmation; never pooled with the confirmatory held-out estimate,m-shift_reversal-a84a36ad81,nml2_hh_example,1,P00_canonical,first_isi,exceeds,16.350000000008365,17.190000000008794,0.8400000000004297,0.5,r-5f0a94c66ff17cd98a0a,r-89a1a2b96b8a791c108a
neuron_model_behavioral_validation,Neuraxis,development_pilot,PILOT2_PROTOCOL,Exploratory development data; second development iteration informed by Pilot 1; not independent confirmation; never pooled with the confirmatory held-out estimate,m-shift_reversal-a84a36ad81,nml2_hh_example,1,P08_rebound,maximum_voltage,exceeds,42.80941009326659,37.819190979617,4.990219113649594,1.0,r-011ab0e03522b12f620c,r-ad2e8517141d908a506f
neuron_model_behavioral_validation,Neuraxis,development_pilot,PILOT2_PROTOCOL,Exploratory development data; second development iteration informed by Pilot 1; not independent confirmation; never pooled with the confirmatory held-out estimate,m-shift_reversal-a84a36ad81,nml2_hh_example,2,P00_canonical,first_isi,exceeds,16.290000000008334,17.130000000008764,0.8400000000004297,0.5,r-d4235ef154cdc2eeb44c,r-45421d731021d98553bd
neuron_model_behavioral_validation,Neuraxis,development_pilot,PILOT2_PROTOCOL,Exploratory development data; second development iteration informed by Pilot 1; not independent confirmation; never pooled with the confirmatory held-out estimate,m-shift_reversal-a84a36ad81,nml2_hh_example,2,P08_rebound,maximum_voltage,exceeds,42.82489776491602,37.84135436893672,4.9835433959792965,1.0,r-a628bd90e08153ec217d,r-2cb40cc040da25665d34
neuron_model_behavioral_validation,Neuraxis,development_pilot,PILOT2_PROTOCOL,Exploratory development data; second development iteration informed by Pilot 1; not independent confirmation; never pooled with the confirmatory held-out estimate,m-shift_reversal-b9112ba83d,nml2_hh_example,1,P00_canonical,baseline_voltage,exceeds,-64.9740524291991,-65.56224060058582,0.5881881713867188,0.5,r-5f0a94c66ff17cd98a0a,r-bc0264e43c7943f729fc
neuron_model_behavioral_validation,Neuraxis,development_pilot,PILOT2_PROTOCOL,Exploratory development data; second development iteration informed by Pilot 1; not independent confirmation; never pooled with the confirmatory held-out estimate,m-shift_reversal-b9112ba83d,nml2_hh_example,1,P02_weak_step,baseline_voltage,exceeds,-64.97405242919922,-65.56224060058594,0.5881881713867188,0.5,r-66b1007575e04915ac55,r-6407e5d4409f9fd3f0a2
neuron_model_behavioral_validation,Neuraxis,development_pilot,PILOT2_PROTOCOL,Exploratory development data; second development iteration informed by Pilot 1; not independent confirmation; never pooled with the confirmatory held-out estimate,m-shift_reversal-b9112ba83d,nml2_hh_example,1,P07_hyperpolarizing_step,baseline_voltage,exceeds,-64.97405242919922,-65.56224060058594,0.5881881713867188,0.5,r-66b1007575e04915ac55,r-6407e5d4409f9fd3f0a2
neuron_model_behavioral_validation,Neuraxis,development_pilot,PILOT2_PROTOCOL,Exploratory development data; second development iteration informed by Pilot 1; not independent confirmation; never pooled with the confirmatory held-out estimate,m-shift_reversal-b9112ba83d,nml2_hh_example,1,P07_hyperpolarizing_step,minimum_voltage,exceeds,-68.47553253173788,-69.03553009033203,0.5599975585941479,0.5,r-66b1007575e04915ac55,r-6407e5d4409f9fd3f0a2
neuron_model_behavioral_validation,Neuraxis,development_pilot,PILOT2_PROTOCOL,Exploratory development data; second development iteration informed by Pilot 1; not independent confirmation; never pooled with the confirmatory held-out estimate,m-shift_reversal-b9112ba83d,nml2_hh_example,2,P00_canonical,baseline_voltage,exceeds,-64.97401246824452,-65.56220063963124,0.5881881713867188,0.5,r-d4235ef154cdc2eeb44c,r-5be97d295230c4b6c29c
neuron_model_behavioral_validation,Neuraxis,development_pilot,PILOT2_PROTOCOL,Exploratory development data; second development iteration informed by Pilot 1; not independent confirmation; never pooled with the confirmatory held-out estimate,m-shift_reversal-b9112ba83d,nml2_hh_example,2,P02_weak_step,baseline_voltage,exceeds,-64.97405242919922,-65.56224060058594,0.5881881713867188,0.5,r-8d6f46142acd4ec898a7,r-ddfa94fbcc2a10bf0822
neuron_model_behavioral_validation,Neuraxis,development_pilot,PILOT2_PROTOCOL,Exploratory development data; second development iteration informed by Pilot 1; not independent confirmation; never pooled with the confirmatory held-out estimate,m-shift_reversal-b9112ba83d,nml2_hh_example,2,P07_hyperpolarizing_step,baseline_voltage,exceeds,-64.97405242919922,-65.56224060058594,0.5881881713867188,0.5,r-8d6f46142acd4ec898a7,r-ddfa94fbcc2a10bf0822
neuron_model_behavioral_validation,Neuraxis,development_pilot,PILOT2_PROTOCOL,Exploratory development data; second development iteration informed by Pilot 1; not independent confirmation; never pooled with the confirmatory held-out estimate,m-shift_reversal-b9112ba83d,nml2_hh_example,2,P07_hyperpolarizing_step,minimum_voltage,exceeds,-68.47355651855469,-69.03335571289062,0.5597991943359375,0.5,r-8d6f46142acd4ec898a7,r-ddfa94fbcc2a10bf0822
neuron_model_behavioral_validation,Neuraxis,development_pilot,PILOT2_PROTOCOL,Exploratory development data; second development iteration informed by Pilot 1; not independent confirmation; never pooled with the confirmatory held-out estimate,m-shift_reversal-36bce9b069,nml2_hh_example,1,P00_canonical,ap_half_width,exceeds,1.3400000000006855,1.4300000000007316,0.09000000000004604,0.06700000000003428,r-5f0a94c66ff17cd98a0a,r-4e9c67fde5bf9998fb0e
neuron_model_behavioral_validation,Neuraxis,development_pilot,PILOT2_PROTOCOL,Exploratory development data; second development iteration informed by Pilot 1; not independent confirmation; never pooled with the confirmatory held-out estimate,m-shift_reversal-36bce9b069,nml2_hh_example,1,P00_canonical,baseline_voltage,exceeds,-64.9740524291991,-68.26614379882801,3.2920913696289062,0.5,r-5f0a94c66ff17cd98a0a,r-4e9c67fde5bf9998fb0e
neuron_model_behavioral_validation,Neuraxis,development_pilot,PILOT2_PROTOCOL,Exploratory development data; second development iteration informed by Pilot 1; not independent confirmation; never pooled with the confirmatory held-out estimate,m-shift_reversal-36bce9b069,nml2_hh_example,1,P00_canonical,firing_regime,categorical,tonic,single_spike,,,r-5f0a94c66ff17cd98a0a,r-4e9c67fde5bf9998fb0e
neuron_model_behavioral_validation,Neuraxis,development_pilot,PILOT2_PROTOCOL,Exploratory development data; second development iteration informed by Pilot 1; not independent confirmation; never pooled with the confirmatory held-out estimate,m-shift_reversal-36bce9b069,nml2_hh_example,1,P00_canonical,first_isi,definedness,16.350000000008365,,,0.5,r-5f0a94c66ff17cd98a0a,r-4e9c67fde5bf9998fb0e
neuron_model_behavioral_validation,Neuraxis,development_pilot,PILOT2_PROTOCOL,Exploratory development data; second development iteration informed by Pilot 1; not independent confirmation; never pooled with the confirmatory held-out estimate,m-shift_reversal-36bce9b069,nml2_hh_example,1,P00_canonical,mean_frequency,definedness,70.3446889760081,,,3.517234448800405,r-5f0a94c66ff17cd98a0a,r-4e9c67fde5bf9998fb0e
neuron_model_behavioral_validation,Neuraxis,development_pilot,PILOT2_PROTOCOL,Exploratory development data; second development iteration informed by Pilot 1; not independent confirmation; never pooled with the confirmatory held-out estimate,m-shift_reversal-36bce9b069,nml2_hh_example,1,P02_weak_step,baseline_voltage,exceeds,-64.97405242919922,-68.26614379882812,3.2920913696289062,0.5,r-66b1007575e04915ac55,r-98d84e3da6430a96d8ec
neuron_model_behavioral_validation,Neuraxis,development_pilot,PILOT2_PROTOCOL,Exploratory development data; second development iteration informed by Pilot 1; not independent confirmation; never pooled with the confirmatory held-out estimate,m-shift_reversal-36bce9b069,nml2_hh_example,1,P02_weak_step,voltage_deflection,exceeds,0.8909443115235689,1.4378956054688814,0.5469512939453125,0.5,r-66b1007575e04915ac55,r-98d84e3da6430a96d8ec
neuron_model_behavioral_validation,Neuraxis,development_pilot,PILOT2_PROTOCOL,Exploratory development data; second development iteration informed by Pilot 1; not independent confirmation; never pooled with the confirmatory held-out estimate,m-shift_reversal-36bce9b069,nml2_hh_example,1,P04_step_2x,ap_half_width,exceeds,1.3099999999988086,1.379999999998745,0.06999999999993634,0.06549999999994043,r-66b1007575e04915ac55,r-98d84e3da6430a96d8ec
neuron_model_behavioral_validation,Neuraxis,development_pilot,PILOT2_PROTOCOL,Exploratory development data; second development iteration informed by Pilot 1; not independent confirmation; never pooled with the confirmatory held-out estimate,m-shift_reversal-36bce9b069,nml2_hh_example,1,P07_hyperpolarizing_step,baseline_voltage,exceeds,-64.97405242919922,-68.26614379882812,3.2920913696289062,0.5,r-66b1007575e04915ac55,r-98d84e3da6430a96d8ec
neuron_model_behavioral_validation,Neuraxis,development_pilot,PILOT2_PROTOCOL,Exploratory development data; second development iteration informed by Pilot 1; not independent confirmation; never pooled with the confirmatory held-out estimate,m-shift_reversal-36bce9b069,nml2_hh_example,1,P07_hyperpolarizing_step,minimum_voltage,exceeds,-68.47553253173788,-72.85845184326172,4.382919311523835,0.5,r-66b1007575e04915ac55,r-98d84e3da6430a96d8ec
neuron_model_behavioral_validation,Neuraxis,development_pilot,PILOT2_PROTOCOL,Exploratory development data; second development iteration informed by Pilot 1; not independent confirmation; never pooled with the confirmatory held-out estimate,m-shift_reversal-36bce9b069,nml2_hh_example,1,P07_hyperpolarizing_step,sag_ratio,exceeds,0.34640087069052167,0.08128663334008818,0.2651142373504335,0.02,r-66b1007575e04915ac55,r-98d84e3da6430a96d8ec
neuron_model_behavioral_validation,Neuraxis,development_pilot,PILOT2_PROTOCOL,Exploratory development data; second development iteration informed by Pilot 1; not independent confirmation; never pooled with the confirmatory held-out estimate,m-shift_reversal-36bce9b069,nml2_hh_example,1,P07_hyperpolarizing_step,voltage_deflection,exceeds,-2.288564346313734,-4.219014784240983,1.9304504379272487,0.5,r-66b1007575e04915ac55,r-98d84e3da6430a96d8ec
neuron_model_behavioral_validation,Neuraxis,development_pilot,PILOT2_PROTOCOL,Exploratory development data; second development iteration informed by Pilot 1; not independent confirmation; never pooled with the confirmatory held-out estimate,m-shift_reversal-36bce9b069,nml2_hh_example,1,P08_rebound,firing_regime,categorical,single_spike,silent,,,r-011ab0e03522b12f620c,r-9b8b87b42b9fd34d7aec
neuron_model_behavioral_validation,Neuraxis,development_pilot,PILOT2_PROTOCOL,Exploratory development data; second development iteration informed by Pilot 1; not independent confirmation; never pooled with the confirmatory held-out estimate,m-shift_reversal-36bce9b069,nml2_hh_example,1,P08_rebound,maximum_voltage,exceeds,42.80941009326659,-64.88719940185636,107.69660949512296,1.0,r-011ab0e03522b12f620c,r-9b8b87b42b9fd34d7aec
neuron_model_behavioral_validation,Neuraxis,development_pilot,PILOT2_PROTOCOL,Exploratory development data; second development iteration informed by Pilot 1; not independent confirmation; never pooled with the confirmatory held-out estimate,m-shift_reversal-36bce9b069,nml2_hh_example,1,P09_short_pulse,ap_half_width,exceeds,1.479999999998654,1.6099999999985357,0.12999999999988177,0.0739999999999327,r-efc8f2fd727ba1854c5f,r-09bb541c7691ad01dddb
neuron_model_behavioral_validation,Neuraxis,development_pilot,PILOT2_PROTOCOL,Exploratory development data; second development iteration informed by Pilot 1; not independent confirmation; never pooled with the confirmatory held-out estimate,m-shift_reversal-36bce9b069,nml2_hh_example,2,P00_canonical,ap_half_width,exceeds,1.3400000000006855,1.4200000000007265,0.08000000000004093,0.06700000000003428,r-d4235ef154cdc2eeb44c,r-9f16acbd58788b72626f
neuron_model_behavioral_validation,Neuraxis,development_pilot,PILOT2_PROTOCOL,Exploratory development data; second development iteration informed by Pilot 1; not independent confirmation; never pooled with the confirmatory held-out estimate,m-shift_reversal-36bce9b069,nml2_hh_example,2,P00_canonical,baseline_voltage,exceeds,-64.97401246824452,-68.26610383025167,3.2920913620071417,0.5,r-d4235ef154cdc2eeb44c,r-9f16acbd58788b72626f
neuron_model_behavioral_validation,Neuraxis,development_pilot,PILOT2_PROTOCOL,Exploratory development data; second development iteration informed by Pilot 1; not independent confirmation; never pooled with the confirmatory held-out estimate,m-shift_reversal-36bce9b069,nml2_hh_example,2,P00_canonical,firing_regime,categorical,tonic,single_spike,,,r-d4235ef154cdc2eeb44c,r-9f16acbd58788b72626f
neuron_model_behavioral_validation,Neuraxis,development_pilot,PILOT2_PROTOCOL,Exploratory development data; second development iteration informed by Pilot 1; not independent confirmation; never pooled with the confirmatory held-out estimate,m-shift_reversal-36bce9b069,nml2_hh_example,2,P00_canonical,first_isi,definedness,16.290000000008334,,,0.5,r-d4235ef154cdc2eeb44c,r-9f16acbd58788b72626f
neuron_model_behavioral_validation,Neuraxis,development_pilot,PILOT2_PROTOCOL,Exploratory development data; second development iteration informed by Pilot 1; not independent confirmation; never pooled with the confirmatory held-out estimate,m-shift_reversal-36bce9b069,nml2_hh_example,2,P00_canonical,mean_frequency,definedness,70.67851373185125,,,3.517234448800405,r-d4235ef154cdc2eeb44c,r-9f16acbd58788b72626f
neuron_model_behavioral_validation,Neuraxis,development_pilot,PILOT2_PROTOCOL,Exploratory development data; second development iteration informed by Pilot 1; not independent confirmation; never pooled with the confirmatory held-out estimate,m-shift_reversal-36bce9b069,nml2_hh_example,2,P02_weak_step,baseline_voltage,exceeds,-64.97405242919922,-68.26614379882812,3.2920913696289062,0.5,r-8d6f46142acd4ec898a7,r-76c7cd37560be932511a
neuron_model_behavioral_validation,Neuraxis,development_pilot,PILOT2_PROTOCOL,Exploratory development data; second development iteration informed by Pilot 1; not independent confirmation; never pooled with the confirmatory held-out estimate,m-shift_reversal-36bce9b069,nml2_hh_example,2,P02_weak_step,voltage_deflection,exceeds,0.890944874572881,1.4378961685181935,0.5469512939453125,0.5,r-8d6f46142acd4ec898a7,r-76c7cd37560be932511a
neuron_model_behavioral_validation,Neuraxis,development_pilot,PILOT2_PROTOCOL,Exploratory development data; second development iteration informed by Pilot 1; not independent confirmation; never pooled with the confirmatory held-out estimate,m-shift_reversal-36bce9b069,nml2_hh_example,2,P04_step_2x,ap_half_width,exceeds,1.3099999999988086,1.379999999998745,0.06999999999993634,0.06549999999994043,r-8d6f46142acd4ec898a7,r-76c7cd37560be932511a
neuron_model_behavioral_validation,Neuraxis,development_pilot,PILOT2_PROTOCOL,Exploratory development data; second development iteration informed by Pilot 1; not independent confirmation; never pooled with the confirmatory held-out estimate,m-shift_reversal-36bce9b069,nml2_hh_example,2,P07_hyperpolarizing_step,baseline_voltage,exceeds,-64.97405242919922,-68.26614379882812,3.2920913696289062,0.5,r-8d6f46142acd4ec898a7,r-76c7cd37560be932511a
neuron_model_behavioral_validation,Neuraxis,development_pilot,PILOT2_PROTOCOL,Exploratory development data; second development iteration informed by Pilot 1; not independent confirmation; never pooled with the confirmatory held-out estimate,m-shift_reversal-36bce9b069,nml2_hh_example,2,P07_hyperpolarizing_step,minimum_voltage,exceeds,-68.47355651855469,-72.85767364501953,4.384117126464844,0.5,r-8d6f46142acd4ec898a7,r-76c7cd37560be932511a
neuron_model_behavioral_validation,Neuraxis,development_pilot,PILOT2_PROTOCOL,Exploratory development data; second development iteration informed by Pilot 1; not independent confirmation; never pooled with the confirmatory held-out estimate,m-shift_reversal-36bce9b069,nml2_hh_example,2,P07_hyperpolarizing_step,sag_ratio,exceeds,0.3460314920631419,0.08113068038497495,0.2649008116781669,0.02,r-8d6f46142acd4ec898a7,r-76c7cd37560be932511a
neuron_model_behavioral_validation,Neuraxis,development_pilot,PILOT2_PROTOCOL,Exploratory development data; second development iteration informed by Pilot 1; not independent confirmation; never pooled with the confirmatory held-out estimate,m-shift_reversal-36bce9b069,nml2_hh_example,2,P07_hyperpolarizing_step,voltage_deflection,exceeds,-2.2885654678347294,-4.219015905761978,1.9304504379272487,0.5,r-8d6f46142acd4ec898a7,r-76c7cd37560be932511a
neuron_model_behavioral_validation,Neuraxis,development_pilot,PILOT2_PROTOCOL,Exploratory development data; second development iteration informed by Pilot 1; not independent confirmation; never pooled with the confirmatory held-out estimate,m-shift_reversal-36bce9b069,nml2_hh_example,2,P08_rebound,firing_regime,categorical,single_spike,silent,,,r-a628bd90e08153ec217d,r-5b7db53d4195d047e90f
neuron_model_behavioral_validation,Neuraxis,development_pilot,PILOT2_PROTOCOL,Exploratory development data; second development iteration informed by Pilot 1; not independent confirmation; never pooled with the confirmatory held-out estimate,m-shift_reversal-36bce9b069,nml2_hh_example,2,P08_rebound,maximum_voltage,exceeds,42.82489776491602,-64.89012908935547,107.71502685427149,1.0,r-a628bd90e08153ec217d,r-5b7db53d4195d047e90f
neuron_model_behavioral_validation,Neuraxis,development_pilot,PILOT2_PROTOCOL,Exploratory development data; second development iteration informed by Pilot 1; not independent confirmation; never pooled with the confirmatory held-out estimate,m-shift_reversal-36bce9b069,nml2_hh_example,2,P09_short_pulse,ap_half_width,exceeds,1.4899999999986449,1.6099999999985357,0.11999999999989086,0.0739999999999327,r-2c9f7eaf5c4d0d4f33d4,r-8ab46f83d8e434af8e2a
neuron_model_behavioral_validation,Neuraxis,development_pilot,PILOT2_PROTOCOL,Exploratory development data; second development iteration informed by Pilot 1; not independent confirmation; never pooled with the confirmatory held-out estimate,m-shift_reversal-754db6a01c,nml2_hh_example,1,P00_canonical,baseline_voltage,exceeds,-64.9740524291991,-67.32974243164051,2.3556900024414062,0.5,r-5f0a94c66ff17cd98a0a,r-a040d88c7eb8310ebb81
neuron_model_behavioral_validation,Neuraxis,development_pilot,PILOT2_PROTOCOL,Exploratory development data; second development iteration informed by Pilot 1; not independent confirmation; never pooled with the confirmatory held-out estimate,m-shift_reversal-754db6a01c,nml2_hh_example,1,P00_canonical,firing_regime,categorical,tonic,single_spike,,,r-5f0a94c66ff17cd98a0a,r-a040d88c7eb8310ebb81
neuron_model_behavioral_validation,Neuraxis,development_pilot,PILOT2_PROTOCOL,Exploratory development data; second development iteration informed by Pilot 1; not independent confirmation; never pooled with the confirmatory held-out estimate,m-shift_reversal-754db6a01c,nml2_hh_example,1,P00_canonical,first_isi,definedness,16.350000000008365,,,0.5,r-5f0a94c66ff17cd98a0a,r-a040d88c7eb8310ebb81
neuron_model_behavioral_validation,Neuraxis,development_pilot,PILOT2_PROTOCOL,Exploratory development data; second development iteration informed by Pilot 1; not independent confirmation; never pooled with the confirmatory held-out estimate,m-shift_reversal-754db6a01c,nml2_hh_example,1,P00_canonical,mean_frequency,definedness,70.3446889760081,,,3.517234448800405,r-5f0a94c66ff17cd98a0a,r-a040d88c7eb8310ebb81
neuron_model_behavioral_validation,Neuraxis,development_pilot,PILOT2_PROTOCOL,Exploratory development data; second development iteration informed by Pilot 1; not independent confirmation; never pooled with the confirmatory held-out estimate,m-shift_reversal-754db6a01c,nml2_hh_example,1,P02_weak_step,baseline_voltage,exceeds,-64.97405242919922,-67.32974243164062,2.3556900024414062,0.5,r-66b1007575e04915ac55,r-7b06c29970edadbead68
neuron_model_behavioral_validation,Neuraxis,development_pilot,PILOT2_PROTOCOL,Exploratory development data; second development iteration informed by Pilot 1; not independent confirmation; never pooled with the confirmatory held-out estimate,m-shift_reversal-754db6a01c,nml2_hh_example,1,P05_long_step,ap_half_width,definedness,1.2899999999988268,,,0.06449999999994134,r-940eedfaa66e3fa96c16,r-9fbe90a1f98a6425f141
neuron_model_behavioral_validation,Neuraxis,development_pilot,PILOT2_PROTOCOL,Exploratory development data; second development iteration informed by Pilot 1; not independent confirmation; never pooled with the confirmatory held-out estimate,m-shift_reversal-754db6a01c,nml2_hh_example,1,P05_long_step,firing_regime,categorical,single_spike,silent,,,r-940eedfaa66e3fa96c16,r-9fbe90a1f98a6425f141
neuron_model_behavioral_validation,Neuraxis,development_pilot,PILOT2_PROTOCOL,Exploratory development data; second development iteration informed by Pilot 1; not independent confirmation; never pooled with the confirmatory held-out estimate,m-shift_reversal-754db6a01c,nml2_hh_example,1,P07_hyperpolarizing_step,baseline_voltage,exceeds,-64.97405242919922,-67.32974243164062,2.3556900024414062,0.5,r-66b1007575e04915ac55,r-7b06c29970edadbead68
neuron_model_behavioral_validation,Neuraxis,development_pilot,PILOT2_PROTOCOL,Exploratory development data; second development iteration informed by Pilot 1; not independent confirmation; never pooled with the confirmatory held-out estimate,m-shift_reversal-754db6a01c,nml2_hh_example,1,P07_hyperpolarizing_step,minimum_voltage,exceeds,-68.47553253173788,-70.73348999023457,2.2579574584966906,0.5,r-66b1007575e04915ac55,r-7b06c29970edadbead68
neuron_model_behavioral_validation,Neuraxis,development_pilot,PILOT2_PROTOCOL,Exploratory development data; second development iteration informed by Pilot 1; not independent confirmation; never pooled with the confirmatory held-out estimate,m-shift_reversal-754db6a01c,nml2_hh_example,1,P07_hyperpolarizing_step,sag_ratio,exceeds,0.34640087069052167,0.39569614198357,0.04929527129304834,0.02,r-66b1007575e04915ac55,r-7b06c29970edadbead68
neuron_model_behavioral_validation,Neuraxis,development_pilot,PILOT2_PROTOCOL,Exploratory development data; second development iteration informed by Pilot 1; not independent confirmation; never pooled with the confirmatory held-out estimate,m-shift_reversal-754db6a01c,nml2_hh_example,1,P08_rebound,maximum_voltage,exceeds,42.80941009326659,39.61691665562606,3.192493437640529,1.0,r-011ab0e03522b12f620c,r-f75936e874900756853b
neuron_model_behavioral_validation,Neuraxis,development_pilot,PILOT2_PROTOCOL,Exploratory development data; second development iteration informed by Pilot 1; not independent confirmation; never pooled with the confirmatory held-out estimate,m-shift_reversal-754db6a01c,nml2_hh_example,2,P00_canonical,baseline_voltage,exceeds,-64.97401246824452,-67.32970247830771,2.355690010063185,0.5,r-d4235ef154cdc2eeb44c,r-e93bdc9328cbe9377bae
neuron_model_behavioral_validation,Neuraxis,development_pilot,PILOT2_PROTOCOL,Exploratory development data; second development iteration informed by Pilot 1; not independent confirmation; never pooled with the confirmatory held-out estimate,m-shift_reversal-754db6a01c,nml2_hh_example,2,P00_canonical,firing_regime,categorical,tonic,single_spike,,,r-d4235ef154cdc2eeb44c,r-e93bdc9328cbe9377bae
neuron_model_behavioral_validation,Neuraxis,development_pilot,PILOT2_PROTOCOL,Exploratory development data; second development iteration informed by Pilot 1; not independent confirmation; never pooled with the confirmatory held-out estimate,m-shift_reversal-754db6a01c,nml2_hh_example,2,P00_canonical,first_isi,definedness,16.290000000008334,,,0.5,r-d4235ef154cdc2eeb44c,r-e93bdc9328cbe9377bae
neuron_model_behavioral_validation,Neuraxis,development_pilot,PILOT2_PROTOCOL,Exploratory development data; second development iteration informed by Pilot 1; not independent confirmation; never pooled with the confirmatory held-out estimate,m-shift_reversal-754db6a01c,nml2_hh_example,2,P00_canonical,mean_frequency,definedness,70.67851373185125,,,3.517234448800405,r-d4235ef154cdc2eeb44c,r-e93bdc9328cbe9377bae
neuron_model_behavioral_validation,Neuraxis,development_pilot,PILOT2_PROTOCOL,Exploratory development data; second development iteration informed by Pilot 1; not independent confirmation; never pooled with the confirmatory held-out estimate,m-shift_reversal-754db6a01c,nml2_hh_example,2,P02_weak_step,baseline_voltage,exceeds,-64.97405242919922,-67.32974243164062,2.3556900024414062,0.5,r-8d6f46142acd4ec898a7,r-ef56154345f1d065e7d1
neuron_model_behavioral_validation,Neuraxis,development_pilot,PILOT2_PROTOCOL,Exploratory development data; second development iteration informed by Pilot 1; not independent confirmation; never pooled with the confirmatory held-out estimate,m-shift_reversal-754db6a01c,nml2_hh_example,2,P05_long_step,ap_half_width,definedness,1.2899999999988268,,,0.06449999999994134,r-a455ac42295a97429d02,r-c9a5c024078070d1c9b4
neuron_model_behavioral_validation,Neuraxis,development_pilot,PILOT2_PROTOCOL,Exploratory development data; second development iteration informed by Pilot 1; not independent confirmation; never pooled with the confirmatory held-out estimate,m-shift_reversal-754db6a01c,nml2_hh_example,2,P05_long_step,firing_regime,categorical,single_spike,silent,,,r-a455ac42295a97429d02,r-c9a5c024078070d1c9b4
neuron_model_behavioral_validation,Neuraxis,development_pilot,PILOT2_PROTOCOL,Exploratory development data; second development iteration informed by Pilot 1; not independent confirmation; never pooled with the confirmatory held-out estimate,m-shift_reversal-754db6a01c,nml2_hh_example,2,P07_hyperpolarizing_step,baseline_voltage,exceeds,-64.97405242919922,-67.32974243164062,2.3556900024414062,0.5,r-8d6f46142acd4ec898a7,r-ef56154345f1d065e7d1
neuron_model_behavioral_validation,Neuraxis,development_pilot,PILOT2_PROTOCOL,Exploratory development data; second development iteration informed by Pilot 1; not independent confirmation; never pooled with the confirmatory held-out estimate,m-shift_reversal-754db6a01c,nml2_hh_example,2,P07_hyperpolarizing_step,minimum_voltage,exceeds,-68.47355651855469,-70.73066711425781,2.257110595703125,0.5,r-8d6f46142acd4ec898a7,r-ef56154345f1d065e7d1
neuron_model_behavioral_validation,Neuraxis,development_pilot,PILOT2_PROTOCOL,Exploratory development data; second development iteration informed by Pilot 1; not independent confirmation; never pooled with the confirmatory held-out estimate,m-shift_reversal-754db6a01c,nml2_hh_example,2,P07_hyperpolarizing_step,sag_ratio,exceeds,0.3460314920631419,0.39519422073457006,0.04916272867142818,0.02,r-8d6f46142acd4ec898a7,r-ef56154345f1d065e7d1
neuron_model_behavioral_validation,Neuraxis,development_pilot,PILOT2_PROTOCOL,Exploratory development data; second development iteration informed by Pilot 1; not independent confirmation; never pooled with the confirmatory held-out estimate,m-shift_reversal-754db6a01c,nml2_hh_example,2,P08_rebound,maximum_voltage,exceeds,42.82489776491602,39.70424652113837,3.120651243777644,1.0,r-a628bd90e08153ec217d,r-eb45175d54e6318335fb
neuron_model_behavioral_validation,Neuraxis,development_pilot,PILOT2_PROTOCOL,Exploratory development data; second development iteration informed by Pilot 1; not independent confirmation; never pooled with the confirmatory held-out estimate,m-scale_capacitance-0eba58b1c3,nml2_hh_example,1,P07_hyperpolarizing_step,sag_ratio,exceeds,0.34640087069052167,0.3690160132099763,0.022615142519454623,0.02,r-66b1007575e04915ac55,r-08c2f70900d24c6b7146
neuron_model_behavioral_validation,Neuraxis,development_pilot,PILOT2_PROTOCOL,Exploratory development data; second development iteration informed by Pilot 1; not independent confirmation; never pooled with the confirmatory held-out estimate,m-scale_capacitance-0eba58b1c3,nml2_hh_example,1,P08_rebound,maximum_voltage,exceeds,42.80941009326659,43.832363128815565,1.0229530355489729,1.0,r-011ab0e03522b12f620c,r-35d82a541f4f97b97d02
neuron_model_behavioral_validation,Neuraxis,development_pilot,PILOT2_PROTOCOL,Exploratory development data; second development iteration informed by Pilot 1; not independent confirmation; never pooled with the confirmatory held-out estimate,m-scale_capacitance-0eba58b1c3,nml2_hh_example,2,P07_hyperpolarizing_step,sag_ratio,exceeds,0.3460314920631419,0.36863845248792554,0.022606960424783662,0.02,r-8d6f46142acd4ec898a7,r-892ca6056e7852e73d18
neuron_model_behavioral_validation,Neuraxis,development_pilot,PILOT2_PROTOCOL,Exploratory development data; second development iteration informed by Pilot 1; not independent confirmation; never pooled with the confirmatory held-out estimate,m-scale_capacitance-0eba58b1c3,nml2_hh_example,2,P08_rebound,maximum_voltage,exceeds,42.82489776491602,43.848373413382106,1.0234756484660892,1.0,r-a628bd90e08153ec217d,r-f0facc795c1acfff02e6
neuron_model_behavioral_validation,Neuraxis,development_pilot,PILOT2_PROTOCOL,Exploratory development data; second development iteration informed by Pilot 1; not independent confirmation; never pooled with the confirmatory held-out estimate,m-scale_capacitance-e015416fbf,nml2_hh_example,1,P00_canonical,ap_half_width,exceeds,1.3400000000006855,1.470000000000752,0.1300000000000665,0.06700000000003428,r-5f0a94c66ff17cd98a0a,r-05ee1b09bc7fa73032b3
neuron_model_behavioral_validation,Neuraxis,development_pilot,PILOT2_PROTOCOL,Exploratory development data; second development iteration informed by Pilot 1; not independent confirmation; never pooled with the confirmatory held-out estimate,m-scale_capacitance-e015416fbf,nml2_hh_example,1,P00_canonical,first_isi,exceeds,16.350000000008365,15.180000000007766,1.1700000000005986,0.5,r-5f0a94c66ff17cd98a0a,r-05ee1b09bc7fa73032b3
neuron_model_behavioral_validation,Neuraxis,development_pilot,PILOT2_PROTOCOL,Exploratory development data; second development iteration informed by Pilot 1; not independent confirmation; never pooled with the confirmatory held-out estimate,m-scale_capacitance-e015416fbf,nml2_hh_example,1,P00_canonical,mean_frequency,exceeds,70.3446889760081,76.47765759862597,6.132968622617867,3.517234448800405,r-5f0a94c66ff17cd98a0a,r-05ee1b09bc7fa73032b3
neuron_model_behavioral_validation,Neuraxis,development_pilot,PILOT2_PROTOCOL,Exploratory development data; second development iteration informed by Pilot 1; not independent confirmation; never pooled with the confirmatory held-out estimate,m-scale_capacitance-e015416fbf,nml2_hh_example,1,P07_hyperpolarizing_step,sag_ratio,exceeds,0.34640087069052167,0.4084074481952082,0.06200657750468652,0.02,r-66b1007575e04915ac55,r-84ec206da21c9b4d9c32
neuron_model_behavioral_validation,Neuraxis,development_pilot,PILOT2_PROTOCOL,Exploratory development data; second development iteration informed by Pilot 1; not independent confirmation; never pooled with the confirmatory held-out estimate,m-scale_capacitance-e015416fbf,nml2_hh_example,1,P08_rebound,maximum_voltage,exceeds,42.80941009326659,45.0868263245638,2.2774162312972095,1.0,r-011ab0e03522b12f620c,r-846fba9437a8895f47af
neuron_model_behavioral_validation,Neuraxis,development_pilot,PILOT2_PROTOCOL,Exploratory development data; second development iteration informed by Pilot 1; not independent confirmation; never pooled with the confirmatory held-out estimate,m-scale_capacitance-e015416fbf,nml2_hh_example,2,P00_canonical,ap_half_width,exceeds,1.3400000000006855,1.470000000000752,0.1300000000000665,0.06700000000003428,r-d4235ef154cdc2eeb44c,r-714e0c8a0a3353751312
neuron_model_behavioral_validation,Neuraxis,development_pilot,PILOT2_PROTOCOL,Exploratory development data; second development iteration informed by Pilot 1; not independent confirmation; never pooled with the confirmatory held-out estimate,m-scale_capacitance-e015416fbf,nml2_hh_example,2,P00_canonical,first_isi,exceeds,16.290000000008334,15.100000000007725,1.1900000000006088,0.5,r-d4235ef154cdc2eeb44c,r-714e0c8a0a3353751312
neuron_model_behavioral_validation,Neuraxis,development_pilot,PILOT2_PROTOCOL,Exploratory development data; second development iteration informed by Pilot 1; not independent confirmation; never pooled with the confirmatory held-out estimate,m-scale_capacitance-e015416fbf,nml2_hh_example,2,P00_canonical,mean_frequency,exceeds,70.67851373185125,76.91462476653346,6.23611103468221,3.517234448800405,r-d4235ef154cdc2eeb44c,r-714e0c8a0a3353751312
neuron_model_behavioral_validation,Neuraxis,development_pilot,PILOT2_PROTOCOL,Exploratory development data; second development iteration informed by Pilot 1; not independent confirmation; never pooled with the confirmatory held-out estimate,m-scale_capacitance-e015416fbf,nml2_hh_example,2,P07_hyperpolarizing_step,sag_ratio,exceeds,0.3460314920631419,0.40802626681625037,0.061994774753108495,0.02,r-8d6f46142acd4ec898a7,r-13c2dbfc23b30baf32b9
neuron_model_behavioral_validation,Neuraxis,development_pilot,PILOT2_PROTOCOL,Exploratory development data; second development iteration informed by Pilot 1; not independent confirmation; never pooled with the confirmatory held-out estimate,m-scale_capacitance-e015416fbf,nml2_hh_example,2,P08_rebound,maximum_voltage,exceeds,42.82489776491602,45.10905456524665,2.284156800330635,1.0,r-a628bd90e08153ec217d,r-7aecf1665cf17aa1f60d
neuron_model_behavioral_validation,Neuraxis,development_pilot,PILOT2_PROTOCOL,Exploratory development data; second development iteration informed by Pilot 1; not independent confirmation; never pooled with the confirmatory held-out estimate,m-scale_gate_time_constant-06060ba499,nml2_hh_example,1,P00_canonical,first_isi,exceeds,16.350000000008365,17.30000000000885,0.950000000000486,0.5,r-5f0a94c66ff17cd98a0a,r-b16953fd241b4ec6c6fa
neuron_model_behavioral_validation,Neuraxis,development_pilot,PILOT2_PROTOCOL,Exploratory development data; second development iteration informed by Pilot 1; not independent confirmation; never pooled with the confirmatory held-out estimate,m-scale_gate_time_constant-06060ba499,nml2_hh_example,1,P08_rebound,maximum_voltage,exceeds,42.80941009326659,40.224544525326266,2.5848655679403265,1.0,r-011ab0e03522b12f620c,r-79756fc0b813bffed3e4
neuron_model_behavioral_validation,Neuraxis,development_pilot,PILOT2_PROTOCOL,Exploratory development data; second development iteration informed by Pilot 1; not independent confirmation; never pooled with the confirmatory held-out estimate,m-scale_gate_time_constant-06060ba499,nml2_hh_example,2,P00_canonical,first_isi,exceeds,16.290000000008334,17.230000000008815,0.9400000000004809,0.5,r-d4235ef154cdc2eeb44c,r-3ef6e399186a980fef7f
neuron_model_behavioral_validation,Neuraxis,development_pilot,PILOT2_PROTOCOL,Exploratory development data; second development iteration informed by Pilot 1; not independent confirmation; never pooled with the confirmatory held-out estimate,m-scale_gate_time_constant-06060ba499,nml2_hh_example,2,P08_rebound,maximum_voltage,exceeds,42.82489776491602,40.257511139722126,2.5673866251938904,1.0,r-a628bd90e08153ec217d,r-33027febbead86bdcce3
neuron_model_behavioral_validation,Neuraxis,development_pilot,PILOT2_PROTOCOL,Exploratory development data; second development iteration informed by Pilot 1; not independent confirmation; never pooled with the confirmatory held-out estimate,m-scale_gate_time_constant-445843d9fa,nml2_hh_example,1,P00_canonical,ap_half_width,exceeds,1.3400000000006855,1.1000000000005627,0.24000000000012278,0.06700000000003428,r-5f0a94c66ff17cd98a0a,r-ba63a7ac600e78163ca1
neuron_model_behavioral_validation,Neuraxis,development_pilot,PILOT2_PROTOCOL,Exploratory development data; second development iteration informed by Pilot 1; not independent confirmation; never pooled with the confirmatory held-out estimate,m-scale_gate_time_constant-445843d9fa,nml2_hh_example,1,P00_canonical,firing_regime,categorical,tonic,single_spike,,,r-5f0a94c66ff17cd98a0a,r-ba63a7ac600e78163ca1
neuron_model_behavioral_validation,Neuraxis,development_pilot,PILOT2_PROTOCOL,Exploratory development data; second development iteration informed by Pilot 1; not independent confirmation; never pooled with the confirmatory held-out estimate,m-scale_gate_time_constant-445843d9fa,nml2_hh_example,1,P00_canonical,first_isi,definedness,16.350000000008365,,,0.5,r-5f0a94c66ff17cd98a0a,r-ba63a7ac600e78163ca1
neuron_model_behavioral_validation,Neuraxis,development_pilot,PILOT2_PROTOCOL,Exploratory development data; second development iteration informed by Pilot 1; not independent confirmation; never pooled with the confirmatory held-out estimate,m-scale_gate_time_constant-445843d9fa,nml2_hh_example,1,P00_canonical,mean_frequency,definedness,70.3446889760081,,,3.517234448800405,r-5f0a94c66ff17cd98a0a,r-ba63a7ac600e78163ca1
neuron_model_behavioral_validation,Neuraxis,development_pilot,PILOT2_PROTOCOL,Exploratory development data; second development iteration informed by Pilot 1; not independent confirmation; never pooled with the confirmatory held-out estimate,m-scale_gate_time_constant-445843d9fa,nml2_hh_example,1,P04_step_2x,ap_half_width,exceeds,1.3099999999988086,1.0699999999990268,0.23999999999978172,0.06549999999994043,r-66b1007575e04915ac55,r-313113e82b24975d1f16
neuron_model_behavioral_validation,Neuraxis,development_pilot,PILOT2_PROTOCOL,Exploratory development data; second development iteration informed by Pilot 1; not independent confirmation; never pooled with the confirmatory held-out estimate,m-scale_gate_time_constant-445843d9fa,nml2_hh_example,1,P05_long_step,ap_half_width,definedness,1.2899999999988268,,,0.06449999999994134,r-940eedfaa66e3fa96c16,r-6d79253f360c8c73504c
neuron_model_behavioral_validation,Neuraxis,development_pilot,PILOT2_PROTOCOL,Exploratory development data; second development iteration informed by Pilot 1; not independent confirmation; never pooled with the confirmatory held-out estimate,m-scale_gate_time_constant-445843d9fa,nml2_hh_example,1,P05_long_step,firing_regime,categorical,single_spike,silent,,,r-940eedfaa66e3fa96c16,r-6d79253f360c8c73504c
neuron_model_behavioral_validation,Neuraxis,development_pilot,PILOT2_PROTOCOL,Exploratory development data; second development iteration informed by Pilot 1; not independent confirmation; never pooled with the confirmatory held-out estimate,m-scale_gate_time_constant-445843d9fa,nml2_hh_example,1,P07_hyperpolarizing_step,sag_ratio,exceeds,0.34640087069052167,0.258427776445463,0.08797309424505867,0.02,r-66b1007575e04915ac55,r-313113e82b24975d1f16
neuron_model_behavioral_validation,Neuraxis,development_pilot,PILOT2_PROTOCOL,Exploratory development data; second development iteration informed by Pilot 1; not independent confirmation; never pooled with the confirmatory held-out estimate,m-scale_gate_time_constant-445843d9fa,nml2_hh_example,1,P08_rebound,firing_regime,categorical,single_spike,silent,,,r-011ab0e03522b12f620c,r-899f2ae1e670971f9f6c
neuron_model_behavioral_validation,Neuraxis,development_pilot,PILOT2_PROTOCOL,Exploratory development data; second development iteration informed by Pilot 1; not independent confirmation; never pooled with the confirmatory held-out estimate,m-scale_gate_time_constant-445843d9fa,nml2_hh_example,1,P08_rebound,maximum_voltage,exceeds,42.80941009326659,-59.26568984985262,102.07509994311921,1.0,r-011ab0e03522b12f620c,r-899f2ae1e670971f9f6c
neuron_model_behavioral_validation,Neuraxis,development_pilot,PILOT2_PROTOCOL,Exploratory development data; second development iteration informed by Pilot 1; not independent confirmation; never pooled with the confirmatory held-out estimate,m-scale_gate_time_constant-445843d9fa,nml2_hh_example,1,P09_short_pulse,ap_half_width,exceeds,1.479999999998654,1.259999999998854,0.2199999999997999,0.0739999999999327,r-efc8f2fd727ba1854c5f,r-8f613af3fb5fc59f4025
neuron_model_behavioral_validation,Neuraxis,development_pilot,PILOT2_PROTOCOL,Exploratory development data; second development iteration informed by Pilot 1; not independent confirmation; never pooled with the confirmatory held-out estimate,m-scale_gate_time_constant-445843d9fa,nml2_hh_example,2,P00_canonical,ap_half_width,exceeds,1.3400000000006855,1.1000000000005627,0.24000000000012278,0.06700000000003428,r-d4235ef154cdc2eeb44c,r-a37e92ebfea1d8fcdf5c
neuron_model_behavioral_validation,Neuraxis,development_pilot,PILOT2_PROTOCOL,Exploratory development data; second development iteration informed by Pilot 1; not independent confirmation; never pooled with the confirmatory held-out estimate,m-scale_gate_time_constant-445843d9fa,nml2_hh_example,2,P00_canonical,firing_regime,categorical,tonic,single_spike,,,r-d4235ef154cdc2eeb44c,r-a37e92ebfea1d8fcdf5c
neuron_model_behavioral_validation,Neuraxis,development_pilot,PILOT2_PROTOCOL,Exploratory development data; second development iteration informed by Pilot 1; not independent confirmation; never pooled with the confirmatory held-out estimate,m-scale_gate_time_constant-445843d9fa,nml2_hh_example,2,P00_canonical,first_isi,definedness,16.290000000008334,,,0.5,r-d4235ef154cdc2eeb44c,r-a37e92ebfea1d8fcdf5c
neuron_model_behavioral_validation,Neuraxis,development_pilot,PILOT2_PROTOCOL,Exploratory development data; second development iteration informed by Pilot 1; not independent confirmation; never pooled with the confirmatory held-out estimate,m-scale_gate_time_constant-445843d9fa,nml2_hh_example,2,P00_canonical,mean_frequency,definedness,70.67851373185125,,,3.517234448800405,r-d4235ef154cdc2eeb44c,r-a37e92ebfea1d8fcdf5c
neuron_model_behavioral_validation,Neuraxis,development_pilot,PILOT2_PROTOCOL,Exploratory development data; second development iteration informed by Pilot 1; not independent confirmation; never pooled with the confirmatory held-out estimate,m-scale_gate_time_constant-445843d9fa,nml2_hh_example,2,P04_step_2x,ap_half_width,exceeds,1.3099999999988086,1.0699999999990268,0.23999999999978172,0.06549999999994043,r-8d6f46142acd4ec898a7,r-cca104b0a313e73aea89
neuron_model_behavioral_validation,Neuraxis,development_pilot,PILOT2_PROTOCOL,Exploratory development data; second development iteration informed by Pilot 1; not independent confirmation; never pooled with the confirmatory held-out estimate,m-scale_gate_time_constant-445843d9fa,nml2_hh_example,2,P05_long_step,ap_half_width,definedness,1.2899999999988268,,,0.06449999999994134,r-a455ac42295a97429d02,r-d56f0717ee25658594a5
neuron_model_behavioral_validation,Neuraxis,development_pilot,PILOT2_PROTOCOL,Exploratory development data; second development iteration informed by Pilot 1; not independent confirmation; never pooled with the confirmatory held-out estimate,m-scale_gate_time_constant-445843d9fa,nml2_hh_example,2,P05_long_step,firing_regime,categorical,single_spike,silent,,,r-a455ac42295a97429d02,r-d56f0717ee25658594a5
neuron_model_behavioral_validation,Neuraxis,development_pilot,PILOT2_PROTOCOL,Exploratory development data; second development iteration informed by Pilot 1; not independent confirmation; never pooled with the confirmatory held-out estimate,m-scale_gate_time_constant-445843d9fa,nml2_hh_example,2,P07_hyperpolarizing_step,sag_ratio,exceeds,0.3460314920631419,0.2578311107041644,0.08820038135897745,0.02,r-8d6f46142acd4ec898a7,r-cca104b0a313e73aea89
neuron_model_behavioral_validation,Neuraxis,development_pilot,PILOT2_PROTOCOL,Exploratory development data; second development iteration informed by Pilot 1; not independent confirmation; never pooled with the confirmatory held-out estimate,m-scale_gate_time_constant-445843d9fa,nml2_hh_example,2,P08_rebound,firing_regime,categorical,single_spike,silent,,,r-a628bd90e08153ec217d,r-3321153f4a69bca3c5fd
neuron_model_behavioral_validation,Neuraxis,development_pilot,PILOT2_PROTOCOL,Exploratory development data; second development iteration informed by Pilot 1; not independent confirmation; never pooled with the confirmatory held-out estimate,m-scale_gate_time_constant-445843d9fa,nml2_hh_example,2,P08_rebound,maximum_voltage,exceeds,42.82489776491602,-59.26295471191944,102.08785247683545,1.0,r-a628bd90e08153ec217d,r-3321153f4a69bca3c5fd
neuron_model_behavioral_validation,Neuraxis,development_pilot,PILOT2_PROTOCOL,Exploratory development data; second development iteration informed by Pilot 1; not independent confirmation; never pooled with the confirmatory held-out estimate,m-scale_gate_time_constant-445843d9fa,nml2_hh_example,2,P09_short_pulse,ap_half_width,exceeds,1.4899999999986449,1.2499999999988631,0.23999999999978172,0.0739999999999327,r-2c9f7eaf5c4d0d4f33d4,r-91306cc7baae45a60967
neuron_model_behavioral_validation,Neuraxis,development_pilot,PILOT2_PROTOCOL,Exploratory development data; second development iteration informed by Pilot 1; not independent confirmation; never pooled with the confirmatory held-out estimate,m-shift_gate_midpoint-cdbd253d57,nml2_hh_example,1,P00_canonical,ap_half_width,definedness,1.3400000000006855,,,0.06700000000003428,r-5f0a94c66ff17cd98a0a,r-b88f32fc4385160d3f1f
neuron_model_behavioral_validation,Neuraxis,development_pilot,PILOT2_PROTOCOL,Exploratory development data; second development iteration informed by Pilot 1; not independent confirmation; never pooled with the confirmatory held-out estimate,m-shift_gate_midpoint-cdbd253d57,nml2_hh_example,1,P00_canonical,baseline_voltage,exceeds,-64.9740524291991,-65.72621154785145,0.7521591186523438,0.5,r-5f0a94c66ff17cd98a0a,r-b88f32fc4385160d3f1f
neuron_model_behavioral_validation,Neuraxis,development_pilot,PILOT2_PROTOCOL,Exploratory development data; second development iteration informed by Pilot 1; not independent confirmation; never pooled with the confirmatory held-out estimate,m-shift_gate_midpoint-cdbd253d57,nml2_hh_example,1,P00_canonical,firing_regime,categorical,tonic,silent,,,r-5f0a94c66ff17cd98a0a,r-b88f32fc4385160d3f1f
neuron_model_behavioral_validation,Neuraxis,development_pilot,PILOT2_PROTOCOL,Exploratory development data; second development iteration informed by Pilot 1; not independent confirmation; never pooled with the confirmatory held-out estimate,m-shift_gate_midpoint-cdbd253d57,nml2_hh_example,1,P00_canonical,first_isi,definedness,16.350000000008365,,,0.5,r-5f0a94c66ff17cd98a0a,r-b88f32fc4385160d3f1f
neuron_model_behavioral_validation,Neuraxis,development_pilot,PILOT2_PROTOCOL,Exploratory development data; second development iteration informed by Pilot 1; not independent confirmation; never pooled with the confirmatory held-out estimate,m-shift_gate_midpoint-cdbd253d57,nml2_hh_example,1,P00_canonical,mean_frequency,definedness,70.3446889760081,,,3.517234448800405,r-5f0a94c66ff17cd98a0a,r-b88f32fc4385160d3f1f
neuron_model_behavioral_validation,Neuraxis,development_pilot,PILOT2_PROTOCOL,Exploratory development data; second development iteration informed by Pilot 1; not independent confirmation; never pooled with the confirmatory held-out estimate,m-shift_gate_midpoint-cdbd253d57,nml2_hh_example,1,P02_weak_step,baseline_voltage,exceeds,-64.97405242919922,-65.72621154785156,0.7521591186523438,0.5,r-66b1007575e04915ac55,r-33e48155ce0adc773e25
neuron_model_behavioral_validation,Neuraxis,development_pilot,PILOT2_PROTOCOL,Exploratory development data; second development iteration informed by Pilot 1; not independent confirmation; never pooled with the confirmatory held-out estimate,m-shift_gate_midpoint-cdbd253d57,nml2_hh_example,1,P04_step_2x,ap_half_width,definedness,1.3099999999988086,,,0.06549999999994043,r-66b1007575e04915ac55,r-33e48155ce0adc773e25
neuron_model_behavioral_validation,Neuraxis,development_pilot,PILOT2_PROTOCOL,Exploratory development data; second development iteration informed by Pilot 1; not independent confirmation; never pooled with the confirmatory held-out estimate,m-shift_gate_midpoint-cdbd253d57,nml2_hh_example,1,P04_step_2x,firing_regime,categorical,single_spike,silent,,,r-66b1007575e04915ac55,r-33e48155ce0adc773e25
neuron_model_behavioral_validation,Neuraxis,development_pilot,PILOT2_PROTOCOL,Exploratory development data; second development iteration informed by Pilot 1; not independent confirmation; never pooled with the confirmatory held-out estimate,m-shift_gate_midpoint-cdbd253d57,nml2_hh_example,1,P05_long_step,ap_half_width,definedness,1.2899999999988268,,,0.06449999999994134,r-940eedfaa66e3fa96c16,r-3a2fb11210dc29d262af
neuron_model_behavioral_validation,Neuraxis,development_pilot,PILOT2_PROTOCOL,Exploratory development data; second development iteration informed by Pilot 1; not independent confirmation; never pooled with the confirmatory held-out estimate,m-shift_gate_midpoint-cdbd253d57,nml2_hh_example,1,P05_long_step,firing_regime,categorical,single_spike,silent,,,r-940eedfaa66e3fa96c16,r-3a2fb11210dc29d262af
neuron_model_behavioral_validation,Neuraxis,development_pilot,PILOT2_PROTOCOL,Exploratory development data; second development iteration informed by Pilot 1; not independent confirmation; never pooled with the confirmatory held-out estimate,m-shift_gate_midpoint-cdbd253d57,nml2_hh_example,1,P07_hyperpolarizing_step,baseline_voltage,exceeds,-64.97405242919922,-65.72621154785156,0.7521591186523438,0.5,r-66b1007575e04915ac55,r-33e48155ce0adc773e25
neuron_model_behavioral_validation,Neuraxis,development_pilot,PILOT2_PROTOCOL,Exploratory development data; second development iteration informed by Pilot 1; not independent confirmation; never pooled with the confirmatory held-out estimate,m-shift_gate_midpoint-cdbd253d57,nml2_hh_example,1,P07_hyperpolarizing_step,sag_ratio,exceeds,0.34640087069052167,0.2783741561627605,0.06802671452776116,0.02,r-66b1007575e04915ac55,r-33e48155ce0adc773e25
neuron_model_behavioral_validation,Neuraxis,development_pilot,PILOT2_PROTOCOL,Exploratory development data; second development iteration informed by Pilot 1; not independent confirmation; never pooled with the confirmatory held-out estimate,m-shift_gate_midpoint-cdbd253d57,nml2_hh_example,1,P08_rebound,firing_regime,categorical,single_spike,silent,,,r-011ab0e03522b12f620c,r-163bfd1de02a49c82537
neuron_model_behavioral_validation,Neuraxis,development_pilot,PILOT2_PROTOCOL,Exploratory development data; second development iteration informed by Pilot 1; not independent confirmation; never pooled with the confirmatory held-out estimate,m-shift_gate_midpoint-cdbd253d57,nml2_hh_example,1,P08_rebound,maximum_voltage,exceeds,42.80941009326659,-62.93923568725541,105.748645780522,1.0,r-011ab0e03522b12f620c,r-163bfd1de02a49c82537
neuron_model_behavioral_validation,Neuraxis,development_pilot,PILOT2_PROTOCOL,Exploratory development data; second development iteration informed by Pilot 1; not independent confirmation; never pooled with the confirmatory held-out estimate,m-shift_gate_midpoint-cdbd253d57,nml2_hh_example,2,P00_canonical,ap_half_width,definedness,1.3400000000006855,,,0.06700000000003428,r-d4235ef154cdc2eeb44c,r-e168859f56e00a0f8230
neuron_model_behavioral_validation,Neuraxis,development_pilot,PILOT2_PROTOCOL,Exploratory development data; second development iteration informed by Pilot 1; not independent confirmation; never pooled with the confirmatory held-out estimate,m-shift_gate_midpoint-cdbd253d57,nml2_hh_example,2,P00_canonical,baseline_voltage,exceeds,-64.97401246824452,-65.72617158689687,0.7521591186523438,0.5,r-d4235ef154cdc2eeb44c,r-e168859f56e00a0f8230
neuron_model_behavioral_validation,Neuraxis,development_pilot,PILOT2_PROTOCOL,Exploratory development data; second development iteration informed by Pilot 1; not independent confirmation; never pooled with the confirmatory held-out estimate,m-shift_gate_midpoint-cdbd253d57,nml2_hh_example,2,P00_canonical,firing_regime,categorical,tonic,silent,,,r-d4235ef154cdc2eeb44c,r-e168859f56e00a0f8230
neuron_model_behavioral_validation,Neuraxis,development_pilot,PILOT2_PROTOCOL,Exploratory development data; second development iteration informed by Pilot 1; not independent confirmation; never pooled with the confirmatory held-out estimate,m-shift_gate_midpoint-cdbd253d57,nml2_hh_example,2,P00_canonical,first_isi,definedness,16.290000000008334,,,0.5,r-d4235ef154cdc2eeb44c,r-e168859f56e00a0f8230
neuron_model_behavioral_validation,Neuraxis,development_pilot,PILOT2_PROTOCOL,Exploratory development data; second development iteration informed by Pilot 1; not independent confirmation; never pooled with the confirmatory held-out estimate,m-shift_gate_midpoint-cdbd253d57,nml2_hh_example,2,P00_canonical,mean_frequency,definedness,70.67851373185125,,,3.517234448800405,r-d4235ef154cdc2eeb44c,r-e168859f56e00a0f8230
neuron_model_behavioral_validation,Neuraxis,development_pilot,PILOT2_PROTOCOL,Exploratory development data; second development iteration informed by Pilot 1; not independent confirmation; never pooled with the confirmatory held-out estimate,m-shift_gate_midpoint-cdbd253d57,nml2_hh_example,2,P02_weak_step,baseline_voltage,exceeds,-64.97405242919922,-65.72621154785156,0.7521591186523438,0.5,r-8d6f46142acd4ec898a7,r-1d49306c2b2cc327d0e4
neuron_model_behavioral_validation,Neuraxis,development_pilot,PILOT2_PROTOCOL,Exploratory development data; second development iteration informed by Pilot 1; not independent confirmation; never pooled with the confirmatory held-out estimate,m-shift_gate_midpoint-cdbd253d57,nml2_hh_example,2,P04_step_2x,ap_half_width,definedness,1.3099999999988086,,,0.06549999999994043,r-8d6f46142acd4ec898a7,r-1d49306c2b2cc327d0e4
neuron_model_behavioral_validation,Neuraxis,development_pilot,PILOT2_PROTOCOL,Exploratory development data; second development iteration informed by Pilot 1; not independent confirmation; never pooled with the confirmatory held-out estimate,m-shift_gate_midpoint-cdbd253d57,nml2_hh_example,2,P04_step_2x,firing_regime,categorical,single_spike,silent,,,r-8d6f46142acd4ec898a7,r-1d49306c2b2cc327d0e4
neuron_model_behavioral_validation,Neuraxis,development_pilot,PILOT2_PROTOCOL,Exploratory development data; second development iteration informed by Pilot 1; not independent confirmation; never pooled with the confirmatory held-out estimate,m-shift_gate_midpoint-cdbd253d57,nml2_hh_example,2,P05_long_step,ap_half_width,definedness,1.2899999999988268,,,0.06449999999994134,r-a455ac42295a97429d02,r-95c21e72f55a1b9aa8dd
neuron_model_behavioral_validation,Neuraxis,development_pilot,PILOT2_PROTOCOL,Exploratory development data; second development iteration informed by Pilot 1; not independent confirmation; never pooled with the confirmatory held-out estimate,m-shift_gate_midpoint-cdbd253d57,nml2_hh_example,2,P05_long_step,firing_regime,categorical,single_spike,silent,,,r-a455ac42295a97429d02,r-95c21e72f55a1b9aa8dd
neuron_model_behavioral_validation,Neuraxis,development_pilot,PILOT2_PROTOCOL,Exploratory development data; second development iteration informed by Pilot 1; not independent confirmation; never pooled with the confirmatory held-out estimate,m-shift_gate_midpoint-cdbd253d57,nml2_hh_example,2,P07_hyperpolarizing_step,baseline_voltage,exceeds,-64.97405242919922,-65.72621154785156,0.7521591186523438,0.5,r-8d6f46142acd4ec898a7,r-1d49306c2b2cc327d0e4
neuron_model_behavioral_validation,Neuraxis,development_pilot,PILOT2_PROTOCOL,Exploratory development data; second development iteration informed by Pilot 1; not independent confirmation; never pooled with the confirmatory held-out estimate,m-shift_gate_midpoint-cdbd253d57,nml2_hh_example,2,P07_hyperpolarizing_step,sag_ratio,exceeds,0.3460314920631419,0.2779374075614743,0.0680940845016676,0.02,r-8d6f46142acd4ec898a7,r-1d49306c2b2cc327d0e4
neuron_model_behavioral_validation,Neuraxis,development_pilot,PILOT2_PROTOCOL,Exploratory development data; second development iteration informed by Pilot 1; not independent confirmation; never pooled with the confirmatory held-out estimate,m-shift_gate_midpoint-cdbd253d57,nml2_hh_example,2,P08_rebound,firing_regime,categorical,single_spike,silent,,,r-a628bd90e08153ec217d,r-3b2cdb340661baeffc44
neuron_model_behavioral_validation,Neuraxis,development_pilot,PILOT2_PROTOCOL,Exploratory development data; second development iteration informed by Pilot 1; not independent confirmation; never pooled with the confirmatory held-out estimate,m-shift_gate_midpoint-cdbd253d57,nml2_hh_example,2,P08_rebound,maximum_voltage,exceeds,42.82489776491602,-62.94490051269263,105.76979827760864,1.0,r-a628bd90e08153ec217d,r-3b2cdb340661baeffc44
neuron_model_behavioral_validation,Neuraxis,development_pilot,PILOT2_PROTOCOL,Exploratory development data; second development iteration informed by Pilot 1; not independent confirmation; never pooled with the confirmatory held-out estimate,m-shift_gate_midpoint-6ea0967285,nml2_hh_example,1,P00_canonical,baseline_voltage,exceeds,-64.9740524291991,-51.50961751672971,13.464434912469393,0.5,r-5f0a94c66ff17cd98a0a,r-99658c1594885c6768c9
neuron_model_behavioral_validation,Neuraxis,development_pilot,PILOT2_PROTOCOL,Exploratory development data; second development iteration informed by Pilot 1; not independent confirmation; never pooled with the confirmatory held-out estimate,m-shift_gate_midpoint-6ea0967285,nml2_hh_example,1,P00_canonical,first_isi,exceeds,16.350000000008365,10.670000000005459,5.680000000002906,0.5,r-5f0a94c66ff17cd98a0a,r-99658c1594885c6768c9
neuron_model_behavioral_validation,Neuraxis,development_pilot,PILOT2_PROTOCOL,Exploratory development data; second development iteration informed by Pilot 1; not independent confirmation; never pooled with the confirmatory held-out estimate,m-shift_gate_midpoint-6ea0967285,nml2_hh_example,1,P00_canonical,mean_frequency,exceeds,70.3446889760081,103.36985734963314,33.025168373625036,3.517234448800405,r-5f0a94c66ff17cd98a0a,r-99658c1594885c6768c9
neuron_model_behavioral_validation,Neuraxis,development_pilot,PILOT2_PROTOCOL,Exploratory development data; second development iteration informed by Pilot 1; not independent confirmation; never pooled with the confirmatory held-out estimate,m-shift_gate_midpoint-6ea0967285,nml2_hh_example,1,P02_weak_step,baseline_voltage,exceeds,-64.97405242919922,-55.76652137832129,9.207531050877925,0.5,r-66b1007575e04915ac55,r-a9260c80a3ea561938d7
neuron_model_behavioral_validation,Neuraxis,development_pilot,PILOT2_PROTOCOL,Exploratory development data; second development iteration informed by Pilot 1; not independent confirmation; never pooled with the confirmatory held-out estimate,m-shift_gate_midpoint-6ea0967285,nml2_hh_example,1,P02_weak_step,voltage_deflection,exceeds,0.8909443115235689,2.8833319132774733,1.9923876017539044,0.5,r-66b1007575e04915ac55,r-a9260c80a3ea561938d7
neuron_model_behavioral_validation,Neuraxis,development_pilot,PILOT2_PROTOCOL,Exploratory development data; second development iteration informed by Pilot 1; not independent confirmation; never pooled with the confirmatory held-out estimate,m-shift_gate_midpoint-6ea0967285,nml2_hh_example,1,P04_step_2x,burst_count,definedness,,1.0,,inf,r-66b1007575e04915ac55,r-a9260c80a3ea561938d7
neuron_model_behavioral_validation,Neuraxis,development_pilot,PILOT2_PROTOCOL,Exploratory development data; second development iteration informed by Pilot 1; not independent confirmation; never pooled with the confirmatory held-out estimate,m-shift_gate_midpoint-6ea0967285,nml2_hh_example,1,P04_step_2x,firing_regime,categorical,single_spike,tonic,,,r-66b1007575e04915ac55,r-a9260c80a3ea561938d7
neuron_model_behavioral_validation,Neuraxis,development_pilot,PILOT2_PROTOCOL,Exploratory development data; second development iteration informed by Pilot 1; not independent confirmation; never pooled with the confirmatory held-out estimate,m-shift_gate_midpoint-6ea0967285,nml2_hh_example,1,P04_step_2x,first_isi,definedness,,11.569999999989477,,inf,r-66b1007575e04915ac55,r-a9260c80a3ea561938d7
neuron_model_behavioral_validation,Neuraxis,development_pilot,PILOT2_PROTOCOL,Exploratory development data; second development iteration informed by Pilot 1; not independent confirmation; never pooled with the confirmatory held-out estimate,m-shift_gate_midpoint-6ea0967285,nml2_hh_example,1,P04_step_2x,mean_frequency,definedness,,87.38771694519016,,inf,r-66b1007575e04915ac55,r-a9260c80a3ea561938d7
neuron_model_behavioral_validation,Neuraxis,development_pilot,PILOT2_PROTOCOL,Exploratory development data; second development iteration informed by Pilot 1; not independent confirmation; never pooled with the confirmatory held-out estimate,m-shift_gate_midpoint-6ea0967285,nml2_hh_example,1,P05_long_step,burst_count,definedness,,1.0,,inf,r-940eedfaa66e3fa96c16,r-e7438007ea16e95fbd07
neuron_model_behavioral_validation,Neuraxis,development_pilot,PILOT2_PROTOCOL,Exploratory development data; second development iteration informed by Pilot 1; not independent confirmation; never pooled with the confirmatory held-out estimate,m-shift_gate_midpoint-6ea0967285,nml2_hh_example,1,P05_long_step,firing_regime,categorical,single_spike,tonic,,,r-940eedfaa66e3fa96c16,r-e7438007ea16e95fbd07
neuron_model_behavioral_validation,Neuraxis,development_pilot,PILOT2_PROTOCOL,Exploratory development data; second development iteration informed by Pilot 1; not independent confirmation; never pooled with the confirmatory held-out estimate,m-shift_gate_midpoint-6ea0967285,nml2_hh_example,1,P05_long_step,first_isi,definedness,,12.079999999989013,,inf,r-940eedfaa66e3fa96c16,r-e7438007ea16e95fbd07
neuron_model_behavioral_validation,Neuraxis,development_pilot,PILOT2_PROTOCOL,Exploratory development data; second development iteration informed by Pilot 1; not independent confirmation; never pooled with the confirmatory held-out estimate,m-shift_gate_midpoint-6ea0967285,nml2_hh_example,1,P05_long_step,mean_frequency,definedness,,83.03902834316507,,inf,r-940eedfaa66e3fa96c16,r-e7438007ea16e95fbd07
neuron_model_behavioral_validation,Neuraxis,development_pilot,PILOT2_PROTOCOL,Exploratory development data; second development iteration informed by Pilot 1; not independent confirmation; never pooled with the confirmatory held-out estimate,m-shift_gate_midpoint-6ea0967285,nml2_hh_example,1,P06_ramp,firing_regime,categorical,silent,tonic,,,r-b32245eb811666b0240b,r-4d88a66016f4bbec5ec3
neuron_model_behavioral_validation,Neuraxis,development_pilot,PILOT2_PROTOCOL,Exploratory development data; second development iteration informed by Pilot 1; not independent confirmation; never pooled with the confirmatory held-out estimate,m-shift_gate_midpoint-6ea0967285,nml2_hh_example,1,P06_ramp,mean_frequency,definedness,,82.50908103004048,,inf,r-b32245eb811666b0240b,r-4d88a66016f4bbec5ec3
neuron_model_behavioral_validation,Neuraxis,development_pilot,PILOT2_PROTOCOL,Exploratory development data; second development iteration informed by Pilot 1; not independent confirmation; never pooled with the confirmatory held-out estimate,m-shift_gate_midpoint-6ea0967285,nml2_hh_example,1,P07_hyperpolarizing_step,baseline_voltage,exceeds,-64.97405242919922,-55.76652137832129,9.207531050877925,0.5,r-66b1007575e04915ac55,r-a9260c80a3ea561938d7
neuron_model_behavioral_validation,Neuraxis,development_pilot,PILOT2_PROTOCOL,Exploratory development data; second development iteration informed by Pilot 1; not independent confirmation; never pooled with the confirmatory held-out estimate,m-shift_gate_midpoint-6ea0967285,nml2_hh_example,1,P07_hyperpolarizing_step,minimum_voltage,exceeds,-68.47553253173788,-76.13420867919615,7.658676147458266,0.5,r-66b1007575e04915ac55,r-a9260c80a3ea561938d7
neuron_model_behavioral_validation,Neuraxis,development_pilot,PILOT2_PROTOCOL,Exploratory development data; second development iteration informed by Pilot 1; not independent confirmation; never pooled with the confirmatory held-out estimate,m-shift_gate_midpoint-6ea0967285,nml2_hh_example,1,P07_hyperpolarizing_step,sag_ratio,exceeds,0.34640087069052167,0.8384767486060886,0.4920758779155669,0.02,r-66b1007575e04915ac55,r-a9260c80a3ea561938d7
neuron_model_behavioral_validation,Neuraxis,development_pilot,PILOT2_PROTOCOL,Exploratory development data; second development iteration informed by Pilot 1; not independent confirmation; never pooled with the confirmatory held-out estimate,m-shift_gate_midpoint-6ea0967285,nml2_hh_example,1,P07_hyperpolarizing_step,voltage_deflection,exceeds,-2.288564346313734,-3.2898550762117864,1.0012907298980522,0.5,r-66b1007575e04915ac55,r-a9260c80a3ea561938d7
neuron_model_behavioral_validation,Neuraxis,development_pilot,PILOT2_PROTOCOL,Exploratory development data; second development iteration informed by Pilot 1; not independent confirmation; never pooled with the confirmatory held-out estimate,m-shift_gate_midpoint-6ea0967285,nml2_hh_example,1,P08_rebound,firing_regime,categorical,single_spike,tonic,,,r-011ab0e03522b12f620c,r-989ec9b28fe5b630c618
neuron_model_behavioral_validation,Neuraxis,development_pilot,PILOT2_PROTOCOL,Exploratory development data; second development iteration informed by Pilot 1; not independent confirmation; never pooled with the confirmatory held-out estimate,m-shift_gate_midpoint-6ea0967285,nml2_hh_example,1,P08_rebound,maximum_voltage,exceeds,42.80941009326659,47.12617874035803,4.316768647091436,1.0,r-011ab0e03522b12f620c,r-989ec9b28fe5b630c618
neuron_model_behavioral_validation,Neuraxis,development_pilot,PILOT2_PROTOCOL,Exploratory development data; second development iteration informed by Pilot 1; not independent confirmation; never pooled with the confirmatory held-out estimate,m-shift_gate_midpoint-6ea0967285,nml2_hh_example,1,P09_short_pulse,ap_half_width,exceeds,1.479999999998654,1.2399999999988722,0.23999999999978172,0.0739999999999327,r-efc8f2fd727ba1854c5f,r-c244096bb01f34850b8d
neuron_model_behavioral_validation,Neuraxis,development_pilot,PILOT2_PROTOCOL,Exploratory development data; second development iteration informed by Pilot 1; not independent confirmation; never pooled with the confirmatory held-out estimate,m-shift_gate_midpoint-6ea0967285,nml2_hh_example,2,P00_canonical,ap_half_width,exceeds,1.3400000000006855,1.4200000000007265,0.08000000000004093,0.06700000000003428,r-d4235ef154cdc2eeb44c,r-8dfccef1a04fc0517d93
neuron_model_behavioral_validation,Neuraxis,development_pilot,PILOT2_PROTOCOL,Exploratory development data; second development iteration informed by Pilot 1; not independent confirmation; never pooled with the confirmatory held-out estimate,m-shift_gate_midpoint-6ea0967285,nml2_hh_example,2,P00_canonical,baseline_voltage,exceeds,-64.97401246824452,-52.20779737375742,12.766215094487102,0.5,r-d4235ef154cdc2eeb44c,r-8dfccef1a04fc0517d93
neuron_model_behavioral_validation,Neuraxis,development_pilot,PILOT2_PROTOCOL,Exploratory development data; second development iteration informed by Pilot 1; not independent confirmation; never pooled with the confirmatory held-out estimate,m-shift_gate_midpoint-6ea0967285,nml2_hh_example,2,P00_canonical,first_isi,exceeds,16.290000000008334,10.640000000005443,5.6500000000028905,0.5,r-d4235ef154cdc2eeb44c,r-8dfccef1a04fc0517d93
neuron_model_behavioral_validation,Neuraxis,development_pilot,PILOT2_PROTOCOL,Exploratory development data; second development iteration informed by Pilot 1; not independent confirmation; never pooled with the confirmatory held-out estimate,m-shift_gate_midpoint-6ea0967285,nml2_hh_example,2,P00_canonical,mean_frequency,exceeds,70.67851373185125,104.13412475271757,33.455611020866314,3.517234448800405,r-d4235ef154cdc2eeb44c,r-8dfccef1a04fc0517d93
neuron_model_behavioral_validation,Neuraxis,development_pilot,PILOT2_PROTOCOL,Exploratory development data; second development iteration informed by Pilot 1; not independent confirmation; never pooled with the confirmatory held-out estimate,m-shift_gate_midpoint-6ea0967285,nml2_hh_example,2,P02_weak_step,baseline_voltage,exceeds,-64.97405242919922,-55.79536573548809,9.178686693711128,0.5,r-8d6f46142acd4ec898a7,r-5a9c11ca1e72a48e071d
neuron_model_behavioral_validation,Neuraxis,development_pilot,PILOT2_PROTOCOL,Exploratory development data; second development iteration informed by Pilot 1; not independent confirmation; never pooled with the confirmatory held-out estimate,m-shift_gate_midpoint-6ea0967285,nml2_hh_example,2,P02_weak_step,voltage_deflection,exceeds,0.890944874572881,2.5782354772591702,1.6872906026862893,0.5,r-8d6f46142acd4ec898a7,r-5a9c11ca1e72a48e071d
neuron_model_behavioral_validation,Neuraxis,development_pilot,PILOT2_PROTOCOL,Exploratory development data; second development iteration informed by Pilot 1; not independent confirmation; never pooled with the confirmatory held-out estimate,m-shift_gate_midpoint-6ea0967285,nml2_hh_example,2,P04_step_2x,burst_count,definedness,,1.0,,inf,r-8d6f46142acd4ec898a7,r-5a9c11ca1e72a48e071d
neuron_model_behavioral_validation,Neuraxis,development_pilot,PILOT2_PROTOCOL,Exploratory development data; second development iteration informed by Pilot 1; not independent confirmation; never pooled with the confirmatory held-out estimate,m-shift_gate_midpoint-6ea0967285,nml2_hh_example,2,P04_step_2x,firing_regime,categorical,single_spike,tonic,,,r-8d6f46142acd4ec898a7,r-5a9c11ca1e72a48e071d
neuron_model_behavioral_validation,Neuraxis,development_pilot,PILOT2_PROTOCOL,Exploratory development data; second development iteration informed by Pilot 1; not independent confirmation; never pooled with the confirmatory held-out estimate,m-shift_gate_midpoint-6ea0967285,nml2_hh_example,2,P04_step_2x,first_isi,definedness,,11.539999999989504,,inf,r-8d6f46142acd4ec898a7,r-5a9c11ca1e72a48e071d
neuron_model_behavioral_validation,Neuraxis,development_pilot,PILOT2_PROTOCOL,Exploratory development data; second development iteration informed by Pilot 1; not independent confirmation; never pooled with the confirmatory held-out estimate,m-shift_gate_midpoint-6ea0967285,nml2_hh_example,2,P04_step_2x,mean_frequency,definedness,,87.75868402802222,,inf,r-8d6f46142acd4ec898a7,r-5a9c11ca1e72a48e071d
neuron_model_behavioral_validation,Neuraxis,development_pilot,PILOT2_PROTOCOL,Exploratory development data; second development iteration informed by Pilot 1; not independent confirmation; never pooled with the confirmatory held-out estimate,m-shift_gate_midpoint-6ea0967285,nml2_hh_example,2,P05_long_step,burst_count,definedness,,1.0,,inf,r-a455ac42295a97429d02,r-acd91c98dfa8e07c5118
neuron_model_behavioral_validation,Neuraxis,development_pilot,PILOT2_PROTOCOL,Exploratory development data; second development iteration informed by Pilot 1; not independent confirmation; never pooled with the confirmatory held-out estimate,m-shift_gate_midpoint-6ea0967285,nml2_hh_example,2,P05_long_step,firing_regime,categorical,single_spike,tonic,,,r-a455ac42295a97429d02,r-acd91c98dfa8e07c5118
neuron_model_behavioral_validation,Neuraxis,development_pilot,PILOT2_PROTOCOL,Exploratory development data; second development iteration informed by Pilot 1; not independent confirmation; never pooled with the confirmatory held-out estimate,m-shift_gate_midpoint-6ea0967285,nml2_hh_example,2,P05_long_step,first_isi,definedness,,12.059999999989031,,inf,r-a455ac42295a97429d02,r-acd91c98dfa8e07c5118
neuron_model_behavioral_validation,Neuraxis,development_pilot,PILOT2_PROTOCOL,Exploratory development data; second development iteration informed by Pilot 1; not independent confirmation; never pooled with the confirmatory held-out estimate,m-shift_gate_midpoint-6ea0967285,nml2_hh_example,2,P05_long_step,mean_frequency,definedness,,83.28608771113646,,inf,r-a455ac42295a97429d02,r-acd91c98dfa8e07c5118
neuron_model_behavioral_validation,Neuraxis,development_pilot,PILOT2_PROTOCOL,Exploratory development data; second development iteration informed by Pilot 1; not independent confirmation; never pooled with the confirmatory held-out estimate,m-shift_gate_midpoint-6ea0967285,nml2_hh_example,2,P06_ramp,firing_regime,categorical,silent,tonic,,,r-4dc549d9b01b28a8eeb4,r-c133339ef1838860670d
neuron_model_behavioral_validation,Neuraxis,development_pilot,PILOT2_PROTOCOL,Exploratory development data; second development iteration informed by Pilot 1; not independent confirmation; never pooled with the confirmatory held-out estimate,m-shift_gate_midpoint-6ea0967285,nml2_hh_example,2,P06_ramp,mean_frequency,definedness,,82.74136260906235,,inf,r-4dc549d9b01b28a8eeb4,r-c133339ef1838860670d
neuron_model_behavioral_validation,Neuraxis,development_pilot,PILOT2_PROTOCOL,Exploratory development data; second development iteration informed by Pilot 1; not independent confirmation; never pooled with the confirmatory held-out estimate,m-shift_gate_midpoint-6ea0967285,nml2_hh_example,2,P07_hyperpolarizing_step,baseline_voltage,exceeds,-64.97405242919922,-55.79536573548809,9.178686693711128,0.5,r-8d6f46142acd4ec898a7,r-5a9c11ca1e72a48e071d
neuron_model_behavioral_validation,Neuraxis,development_pilot,PILOT2_PROTOCOL,Exploratory development data; second development iteration informed by Pilot 1; not independent confirmation; never pooled with the confirmatory held-out estimate,m-shift_gate_midpoint-6ea0967285,nml2_hh_example,2,P07_hyperpolarizing_step,minimum_voltage,exceeds,-68.47355651855469,-76.12903594970703,7.655479431152344,0.5,r-8d6f46142acd4ec898a7,r-5a9c11ca1e72a48e071d
neuron_model_behavioral_validation,Neuraxis,development_pilot,PILOT2_PROTOCOL,Exploratory development data; second development iteration informed by Pilot 1; not independent confirmation; never pooled with the confirmatory held-out estimate,m-shift_gate_midpoint-6ea0967285,nml2_hh_example,2,P07_hyperpolarizing_step,sag_ratio,exceeds,0.3460314920631419,0.7395392504441892,0.39350775838104735,0.02,r-8d6f46142acd4ec898a7,r-5a9c11ca1e72a48e071d
neuron_model_behavioral_validation,Neuraxis,development_pilot,PILOT2_PROTOCOL,Exploratory development data; second development iteration informed by Pilot 1; not independent confirmation; never pooled with the confirmatory held-out estimate,m-shift_gate_midpoint-6ea0967285,nml2_hh_example,2,P07_hyperpolarizing_step,voltage_deflection,exceeds,-2.2885654678347294,-5.29612298521613,3.0075575173814,0.5,r-8d6f46142acd4ec898a7,r-5a9c11ca1e72a48e071d
neuron_model_behavioral_validation,Neuraxis,development_pilot,PILOT2_PROTOCOL,Exploratory development data; second development iteration informed by Pilot 1; not independent confirmation; never pooled with the confirmatory held-out estimate,m-shift_gate_midpoint-6ea0967285,nml2_hh_example,2,P08_rebound,firing_regime,categorical,single_spike,tonic,,,r-a628bd90e08153ec217d,r-354b9f73c22d59fe698d
neuron_model_behavioral_validation,Neuraxis,development_pilot,PILOT2_PROTOCOL,Exploratory development data; second development iteration informed by Pilot 1; not independent confirmation; never pooled with the confirmatory held-out estimate,m-shift_gate_midpoint-6ea0967285,nml2_hh_example,2,P08_rebound,maximum_voltage,exceeds,42.82489776491602,47.10226440427811,4.277366639362093,1.0,r-a628bd90e08153ec217d,r-354b9f73c22d59fe698d
neuron_model_behavioral_validation,Neuraxis,development_pilot,PILOT2_PROTOCOL,Exploratory development data; second development iteration informed by Pilot 1; not independent confirmation; never pooled with the confirmatory held-out estimate,m-shift_gate_midpoint-6ea0967285,nml2_hh_example,2,P09_short_pulse,ap_half_width,exceeds,1.4899999999986449,1.2799999999988358,0.209999999999809,0.0739999999999327,r-2c9f7eaf5c4d0d4f33d4,r-3418711358fc96db9086
neuron_model_behavioral_validation,Neuraxis,development_pilot,PILOT2_PROTOCOL,Exploratory development data; second development iteration informed by Pilot 1; not independent confirmation; never pooled with the confirmatory held-out estimate,m-scale_gate_slope-6f355edc68,nml2_hh_example,1,P00_canonical,ap_half_width,exceeds,1.3400000000006855,1.2300000000006293,0.11000000000005627,0.06700000000003428,r-5f0a94c66ff17cd98a0a,r-89ab37845776d6dde041
neuron_model_behavioral_validation,Neuraxis,development_pilot,PILOT2_PROTOCOL,Exploratory development data; second development iteration informed by Pilot 1; not independent confirmation; never pooled with the confirmatory held-out estimate,m-scale_gate_slope-6f355edc68,nml2_hh_example,1,P00_canonical,baseline_voltage,exceeds,-64.9740524291991,-52.11281193439833,12.861240494800775,0.5,r-5f0a94c66ff17cd98a0a,r-89ab37845776d6dde041
neuron_model_behavioral_validation,Neuraxis,development_pilot,PILOT2_PROTOCOL,Exploratory development data; second development iteration informed by Pilot 1; not independent confirmation; never pooled with the confirmatory held-out estimate,m-scale_gate_slope-6f355edc68,nml2_hh_example,1,P00_canonical,first_isi,exceeds,16.350000000008365,12.890000000006594,3.46000000000177,0.5,r-5f0a94c66ff17cd98a0a,r-89ab37845776d6dde041
neuron_model_behavioral_validation,Neuraxis,development_pilot,PILOT2_PROTOCOL,Exploratory development data; second development iteration informed by Pilot 1; not independent confirmation; never pooled with the confirmatory held-out estimate,m-scale_gate_slope-6f355edc68,nml2_hh_example,1,P00_canonical,mean_frequency,exceeds,70.3446889760081,82.25375282750187,11.90906385149377,3.517234448800405,r-5f0a94c66ff17cd98a0a,r-89ab37845776d6dde041
neuron_model_behavioral_validation,Neuraxis,development_pilot,PILOT2_PROTOCOL,Exploratory development data; second development iteration informed by Pilot 1; not independent confirmation; never pooled with the confirmatory held-out estimate,m-scale_gate_slope-6f355edc68,nml2_hh_example,1,P02_weak_step,baseline_voltage,exceeds,-64.97405242919922,-58.683431787992255,6.290620641206964,0.5,r-66b1007575e04915ac55,r-6489506df8371ec997e1
neuron_model_behavioral_validation,Neuraxis,development_pilot,PILOT2_PROTOCOL,Exploratory development data; second development iteration informed by Pilot 1; not independent confirmation; never pooled with the confirmatory held-out estimate,m-scale_gate_slope-6f355edc68,nml2_hh_example,1,P02_weak_step,voltage_deflection,exceeds,0.8909443115235689,-0.40117829140330485,1.2921226029268738,0.5,r-66b1007575e04915ac55,r-6489506df8371ec997e1
neuron_model_behavioral_validation,Neuraxis,development_pilot,PILOT2_PROTOCOL,Exploratory development data; second development iteration informed by Pilot 1; not independent confirmation; never pooled with the confirmatory held-out estimate,m-scale_gate_slope-6f355edc68,nml2_hh_example,1,P04_step_2x,burst_count,definedness,,1.0,,inf,r-66b1007575e04915ac55,r-6489506df8371ec997e1
neuron_model_behavioral_validation,Neuraxis,development_pilot,PILOT2_PROTOCOL,Exploratory development data; second development iteration informed by Pilot 1; not independent confirmation; never pooled with the confirmatory held-out estimate,m-scale_gate_slope-6f355edc68,nml2_hh_example,1,P04_step_2x,firing_regime,categorical,single_spike,tonic,,,r-66b1007575e04915ac55,r-6489506df8371ec997e1
neuron_model_behavioral_validation,Neuraxis,development_pilot,PILOT2_PROTOCOL,Exploratory development data; second development iteration informed by Pilot 1; not independent confirmation; never pooled with the confirmatory held-out estimate,m-scale_gate_slope-6f355edc68,nml2_hh_example,1,P04_step_2x,first_isi,definedness,,14.299999999986994,,inf,r-66b1007575e04915ac55,r-6489506df8371ec997e1
neuron_model_behavioral_validation,Neuraxis,development_pilot,PILOT2_PROTOCOL,Exploratory development data; second development iteration informed by Pilot 1; not independent confirmation; never pooled with the confirmatory held-out estimate,m-scale_gate_slope-6f355edc68,nml2_hh_example,1,P04_step_2x,mean_frequency,definedness,,71.93948861309099,,inf,r-66b1007575e04915ac55,r-6489506df8371ec997e1
neuron_model_behavioral_validation,Neuraxis,development_pilot,PILOT2_PROTOCOL,Exploratory development data; second development iteration informed by Pilot 1; not independent confirmation; never pooled with the confirmatory held-out estimate,m-scale_gate_slope-6f355edc68,nml2_hh_example,1,P05_long_step,burst_count,definedness,,1.0,,inf,r-940eedfaa66e3fa96c16,r-6fc1de645d5762cf8025
neuron_model_behavioral_validation,Neuraxis,development_pilot,PILOT2_PROTOCOL,Exploratory development data; second development iteration informed by Pilot 1; not independent confirmation; never pooled with the confirmatory held-out estimate,m-scale_gate_slope-6f355edc68,nml2_hh_example,1,P05_long_step,firing_regime,categorical,single_spike,tonic,,,r-940eedfaa66e3fa96c16,r-6fc1de645d5762cf8025
neuron_model_behavioral_validation,Neuraxis,development_pilot,PILOT2_PROTOCOL,Exploratory development data; second development iteration informed by Pilot 1; not independent confirmation; never pooled with the confirmatory held-out estimate,m-scale_gate_slope-6f355edc68,nml2_hh_example,1,P05_long_step,first_isi,definedness,,14.889999999986458,,inf,r-940eedfaa66e3fa96c16,r-6fc1de645d5762cf8025
neuron_model_behavioral_validation,Neuraxis,development_pilot,PILOT2_PROTOCOL,Exploratory development data; second development iteration informed by Pilot 1; not independent confirmation; never pooled with the confirmatory held-out estimate,m-scale_gate_slope-6f355edc68,nml2_hh_example,1,P05_long_step,mean_frequency,definedness,,67.88763841523102,,inf,r-940eedfaa66e3fa96c16,r-6fc1de645d5762cf8025
neuron_model_behavioral_validation,Neuraxis,development_pilot,PILOT2_PROTOCOL,Exploratory development data; second development iteration informed by Pilot 1; not independent confirmation; never pooled with the confirmatory held-out estimate,m-scale_gate_slope-6f355edc68,nml2_hh_example,1,P06_ramp,firing_regime,categorical,silent,tonic,,,r-b32245eb811666b0240b,r-fef1b973a424c6c8bb0f
neuron_model_behavioral_validation,Neuraxis,development_pilot,PILOT2_PROTOCOL,Exploratory development data; second development iteration informed by Pilot 1; not independent confirmation; never pooled with the confirmatory held-out estimate,m-scale_gate_slope-6f355edc68,nml2_hh_example,1,P06_ramp,mean_frequency,definedness,,67.5641607422675,,inf,r-b32245eb811666b0240b,r-fef1b973a424c6c8bb0f
neuron_model_behavioral_validation,Neuraxis,development_pilot,PILOT2_PROTOCOL,Exploratory development data; second development iteration informed by Pilot 1; not independent confirmation; never pooled with the confirmatory held-out estimate,m-scale_gate_slope-6f355edc68,nml2_hh_example,1,P07_hyperpolarizing_step,baseline_voltage,exceeds,-64.97405242919922,-58.683431787992255,6.290620641206964,0.5,r-66b1007575e04915ac55,r-6489506df8371ec997e1
neuron_model_behavioral_validation,Neuraxis,development_pilot,PILOT2_PROTOCOL,Exploratory development data; second development iteration informed by Pilot 1; not independent confirmation; never pooled with the confirmatory held-out estimate,m-scale_gate_slope-6f355edc68,nml2_hh_example,1,P07_hyperpolarizing_step,minimum_voltage,exceeds,-68.47553253173788,-70.01915740966797,1.5436248779300854,0.5,r-66b1007575e04915ac55,r-6489506df8371ec997e1
neuron_model_behavioral_validation,Neuraxis,development_pilot,PILOT2_PROTOCOL,Exploratory development data; second development iteration informed by Pilot 1; not independent confirmation; never pooled with the confirmatory held-out estimate,m-scale_gate_slope-6f355edc68,nml2_hh_example,1,P07_hyperpolarizing_step,sag_ratio,exceeds,0.34640087069052167,0.4128670421671373,0.06646617147661565,0.02,r-66b1007575e04915ac55,r-6489506df8371ec997e1
neuron_model_behavioral_validation,Neuraxis,development_pilot,PILOT2_PROTOCOL,Exploratory development data; second development iteration informed by Pilot 1; not independent confirmation; never pooled with the confirmatory held-out estimate,m-scale_gate_slope-6f355edc68,nml2_hh_example,1,P07_hyperpolarizing_step,voltage_deflection,exceeds,-2.288564346313734,-6.655578113436228,4.367013767122494,0.5,r-66b1007575e04915ac55,r-6489506df8371ec997e1
neuron_model_behavioral_validation,Neuraxis,development_pilot,PILOT2_PROTOCOL,Exploratory development data; second development iteration informed by Pilot 1; not independent confirmation; never pooled with the confirmatory held-out estimate,m-scale_gate_slope-6f355edc68,nml2_hh_example,1,P08_rebound,firing_regime,categorical,single_spike,tonic,,,r-011ab0e03522b12f620c,r-0bf2ff10ef2fa6a2e66d
neuron_model_behavioral_validation,Neuraxis,development_pilot,PILOT2_PROTOCOL,Exploratory development data; second development iteration informed by Pilot 1; not independent confirmation; never pooled with the confirmatory held-out estimate,m-scale_gate_slope-6f355edc68,nml2_hh_example,1,P08_rebound,maximum_voltage,exceeds,42.80941009326659,41.41091537384783,1.398494719418764,1.0,r-011ab0e03522b12f620c,r-0bf2ff10ef2fa6a2e66d
neuron_model_behavioral_validation,Neuraxis,development_pilot,PILOT2_PROTOCOL,Exploratory development data; second development iteration informed by Pilot 1; not independent confirmation; never pooled with the confirmatory held-out estimate,m-scale_gate_slope-6f355edc68,nml2_hh_example,2,P00_canonical,ap_half_width,exceeds,1.3400000000006855,1.2300000000006293,0.11000000000005627,0.06700000000003428,r-d4235ef154cdc2eeb44c,r-23f1af5782ede052af8a
neuron_model_behavioral_validation,Neuraxis,development_pilot,PILOT2_PROTOCOL,Exploratory development data; second development iteration informed by Pilot 1; not independent confirmation; never pooled with the confirmatory held-out estimate,m-scale_gate_slope-6f355edc68,nml2_hh_example,2,P00_canonical,baseline_voltage,exceeds,-64.97401246824452,-52.74477584914939,12.229236619095133,0.5,r-d4235ef154cdc2eeb44c,r-23f1af5782ede052af8a
neuron_model_behavioral_validation,Neuraxis,development_pilot,PILOT2_PROTOCOL,Exploratory development data; second development iteration informed by Pilot 1; not independent confirmation; never pooled with the confirmatory held-out estimate,m-scale_gate_slope-6f355edc68,nml2_hh_example,2,P00_canonical,first_isi,exceeds,16.290000000008334,12.840000000006569,3.450000000001765,0.5,r-d4235ef154cdc2eeb44c,r-23f1af5782ede052af8a
neuron_model_behavioral_validation,Neuraxis,development_pilot,PILOT2_PROTOCOL,Exploratory development data; second development iteration informed by Pilot 1; not independent confirmation; never pooled with the confirmatory held-out estimate,m-scale_gate_slope-6f355edc68,nml2_hh_example,2,P00_canonical,mean_frequency,exceeds,70.67851373185125,83.39414156158418,12.715627829732924,3.517234448800405,r-d4235ef154cdc2eeb44c,r-23f1af5782ede052af8a
neuron_model_behavioral_validation,Neuraxis,development_pilot,PILOT2_PROTOCOL,Exploratory development data; second development iteration informed by Pilot 1; not independent confirmation; never pooled with the confirmatory held-out estimate,m-scale_gate_slope-6f355edc68,nml2_hh_example,2,P02_weak_step,baseline_voltage,exceeds,-64.97405242919922,-58.92712438783753,6.046928041361689,0.5,r-8d6f46142acd4ec898a7,r-aba64c048d70f317aa9d
neuron_model_behavioral_validation,Neuraxis,development_pilot,PILOT2_PROTOCOL,Exploratory development data; second development iteration informed by Pilot 1; not independent confirmation; never pooled with the confirmatory held-out estimate,m-scale_gate_slope-6f355edc68,nml2_hh_example,2,P02_weak_step,voltage_deflection,exceeds,0.890944874572881,-0.10329271441269583,0.9942375889855768,0.5,r-8d6f46142acd4ec898a7,r-aba64c048d70f317aa9d
neuron_model_behavioral_validation,Neuraxis,development_pilot,PILOT2_PROTOCOL,Exploratory development data; second development iteration informed by Pilot 1; not independent confirmation; never pooled with the confirmatory held-out estimate,m-scale_gate_slope-6f355edc68,nml2_hh_example,2,P04_step_2x,burst_count,definedness,,1.0,,inf,r-8d6f46142acd4ec898a7,r-aba64c048d70f317aa9d
neuron_model_behavioral_validation,Neuraxis,development_pilot,PILOT2_PROTOCOL,Exploratory development data; second development iteration informed by Pilot 1; not independent confirmation; never pooled with the confirmatory held-out estimate,m-scale_gate_slope-6f355edc68,nml2_hh_example,2,P04_step_2x,firing_regime,categorical,single_spike,tonic,,,r-8d6f46142acd4ec898a7,r-aba64c048d70f317aa9d
neuron_model_behavioral_validation,Neuraxis,development_pilot,PILOT2_PROTOCOL,Exploratory development data; second development iteration informed by Pilot 1; not independent confirmation; never pooled with the confirmatory held-out estimate,m-scale_gate_slope-6f355edc68,nml2_hh_example,2,P04_step_2x,first_isi,definedness,,14.289999999987003,,inf,r-8d6f46142acd4ec898a7,r-aba64c048d70f317aa9d
neuron_model_behavioral_validation,Neuraxis,development_pilot,PILOT2_PROTOCOL,Exploratory development data; second development iteration informed by Pilot 1; not independent confirmation; never pooled with the confirmatory held-out estimate,m-scale_gate_slope-6f355edc68,nml2_hh_example,2,P04_step_2x,mean_frequency,definedness,,72.1645351402036,,inf,r-8d6f46142acd4ec898a7,r-aba64c048d70f317aa9d
neuron_model_behavioral_validation,Neuraxis,development_pilot,PILOT2_PROTOCOL,Exploratory development data; second development iteration informed by Pilot 1; not independent confirmation; never pooled with the confirmatory held-out estimate,m-scale_gate_slope-6f355edc68,nml2_hh_example,2,P05_long_step,burst_count,definedness,,1.0,,inf,r-a455ac42295a97429d02,r-5a0a2ab1425c960b612e
neuron_model_behavioral_validation,Neuraxis,development_pilot,PILOT2_PROTOCOL,Exploratory development data; second development iteration informed by Pilot 1; not independent confirmation; never pooled with the confirmatory held-out estimate,m-scale_gate_slope-6f355edc68,nml2_hh_example,2,P05_long_step,firing_regime,categorical,single_spike,tonic,,,r-a455ac42295a97429d02,r-5a0a2ab1425c960b612e
neuron_model_behavioral_validation,Neuraxis,development_pilot,PILOT2_PROTOCOL,Exploratory development data; second development iteration informed by Pilot 1; not independent confirmation; never pooled with the confirmatory held-out estimate,m-scale_gate_slope-6f355edc68,nml2_hh_example,2,P05_long_step,first_isi,definedness,,14.869999999986476,,inf,r-a455ac42295a97429d02,r-5a0a2ab1425c960b612e
neuron_model_behavioral_validation,Neuraxis,development_pilot,PILOT2_PROTOCOL,Exploratory development data; second development iteration informed by Pilot 1; not independent confirmation; never pooled with the confirmatory held-out estimate,m-scale_gate_slope-6f355edc68,nml2_hh_example,2,P05_long_step,mean_frequency,definedness,,68.08783330483637,,inf,r-a455ac42295a97429d02,r-5a0a2ab1425c960b612e
neuron_model_behavioral_validation,Neuraxis,development_pilot,PILOT2_PROTOCOL,Exploratory development data; second development iteration informed by Pilot 1; not independent confirmation; never pooled with the confirmatory held-out estimate,m-scale_gate_slope-6f355edc68,nml2_hh_example,2,P06_ramp,firing_regime,categorical,silent,tonic,,,r-4dc549d9b01b28a8eeb4,r-0bfc94e086428de431b7
neuron_model_behavioral_validation,Neuraxis,development_pilot,PILOT2_PROTOCOL,Exploratory development data; second development iteration informed by Pilot 1; not independent confirmation; never pooled with the confirmatory held-out estimate,m-scale_gate_slope-6f355edc68,nml2_hh_example,2,P06_ramp,mean_frequency,definedness,,67.76575300907211,,inf,r-4dc549d9b01b28a8eeb4,r-0bfc94e086428de431b7
neuron_model_behavioral_validation,Neuraxis,development_pilot,PILOT2_PROTOCOL,Exploratory development data; second development iteration informed by Pilot 1; not independent confirmation; never pooled with the confirmatory held-out estimate,m-scale_gate_slope-6f355edc68,nml2_hh_example,2,P07_hyperpolarizing_step,baseline_voltage,exceeds,-64.97405242919922,-58.92712438783753,6.046928041361689,0.5,r-8d6f46142acd4ec898a7,r-aba64c048d70f317aa9d
neuron_model_behavioral_validation,Neuraxis,development_pilot,PILOT2_PROTOCOL,Exploratory development data; second development iteration informed by Pilot 1; not independent confirmation; never pooled with the confirmatory held-out estimate,m-scale_gate_slope-6f355edc68,nml2_hh_example,2,P07_hyperpolarizing_step,minimum_voltage,exceeds,-68.47355651855469,-69.07450103759766,0.6009445190429688,0.5,r-8d6f46142acd4ec898a7,r-aba64c048d70f317aa9d
neuron_model_behavioral_validation,Neuraxis,development_pilot,PILOT2_PROTOCOL,Exploratory development data; second development iteration informed by Pilot 1; not independent confirmation; never pooled with the confirmatory held-out estimate,m-scale_gate_slope-6f355edc68,nml2_hh_example,2,P07_hyperpolarizing_step,sag_ratio,exceeds,0.3460314920631419,0.3681237174473544,0.022092225384212516,0.02,r-8d6f46142acd4ec898a7,r-aba64c048d70f317aa9d
neuron_model_behavioral_validation,Neuraxis,development_pilot,PILOT2_PROTOCOL,Exploratory development data; second development iteration informed by Pilot 1; not independent confirmation; never pooled with the confirmatory held-out estimate,m-scale_gate_slope-6f355edc68,nml2_hh_example,2,P07_hyperpolarizing_step,voltage_deflection,exceeds,-2.2885654678347294,-6.411886635111948,4.1233211672772185,0.5,r-8d6f46142acd4ec898a7,r-aba64c048d70f317aa9d
neuron_model_behavioral_validation,Neuraxis,development_pilot,PILOT2_PROTOCOL,Exploratory development data; second development iteration informed by Pilot 1; not independent confirmation; never pooled with the confirmatory held-out estimate,m-scale_gate_slope-6f355edc68,nml2_hh_example,2,P08_rebound,firing_regime,categorical,single_spike,tonic,,,r-a628bd90e08153ec217d,r-5b8744526baea71430ea
neuron_model_behavioral_validation,Neuraxis,development_pilot,PILOT2_PROTOCOL,Exploratory development data; second development iteration informed by Pilot 1; not independent confirmation; never pooled with the confirmatory held-out estimate,m-scale_gate_slope-6f355edc68,nml2_hh_example,2,P08_rebound,maximum_voltage,exceeds,42.82489776491602,41.431087492723016,1.3938102721930008,1.0,r-a628bd90e08153ec217d,r-5b8744526baea71430ea
neuron_model_behavioral_validation,Neuraxis,development_pilot,PILOT2_PROTOCOL,Exploratory development data; second development iteration informed by Pilot 1; not independent confirmation; never pooled with the confirmatory held-out estimate,m-shift_forward_rate_midpoint-c7610b4176,nml2_hh_example,1,P00_canonical,firing_regime,categorical,tonic,single_spike,,,r-5f0a94c66ff17cd98a0a,r-285828059396e31e9dae
neuron_model_behavioral_validation,Neuraxis,development_pilot,PILOT2_PROTOCOL,Exploratory development data; second development iteration informed by Pilot 1; not independent confirmation; never pooled with the confirmatory held-out estimate,m-shift_forward_rate_midpoint-c7610b4176,nml2_hh_example,1,P00_canonical,first_isi,definedness,16.350000000008365,,,0.5,r-5f0a94c66ff17cd98a0a,r-285828059396e31e9dae
neuron_model_behavioral_validation,Neuraxis,development_pilot,PILOT2_PROTOCOL,Exploratory development data; second development iteration informed by Pilot 1; not independent confirmation; never pooled with the confirmatory held-out estimate,m-shift_forward_rate_midpoint-c7610b4176,nml2_hh_example,1,P00_canonical,mean_frequency,definedness,70.3446889760081,,,3.517234448800405,r-5f0a94c66ff17cd98a0a,r-285828059396e31e9dae
neuron_model_behavioral_validation,Neuraxis,development_pilot,PILOT2_PROTOCOL,Exploratory development data; second development iteration informed by Pilot 1; not independent confirmation; never pooled with the confirmatory held-out estimate,m-shift_forward_rate_midpoint-c7610b4176,nml2_hh_example,2,P00_canonical,firing_regime,categorical,tonic,single_spike,,,r-d4235ef154cdc2eeb44c,r-527fe532a0690ebf792f
neuron_model_behavioral_validation,Neuraxis,development_pilot,PILOT2_PROTOCOL,Exploratory development data; second development iteration informed by Pilot 1; not independent confirmation; never pooled with the confirmatory held-out estimate,m-shift_forward_rate_midpoint-c7610b4176,nml2_hh_example,2,P00_canonical,first_isi,definedness,16.290000000008334,,,0.5,r-d4235ef154cdc2eeb44c,r-527fe532a0690ebf792f
neuron_model_behavioral_validation,Neuraxis,development_pilot,PILOT2_PROTOCOL,Exploratory development data; second development iteration informed by Pilot 1; not independent confirmation; never pooled with the confirmatory held-out estimate,m-shift_forward_rate_midpoint-c7610b4176,nml2_hh_example,2,P00_canonical,mean_frequency,definedness,70.67851373185125,,,3.517234448800405,r-d4235ef154cdc2eeb44c,r-527fe532a0690ebf792f
neuron_model_behavioral_validation,Neuraxis,development_pilot,PILOT2_PROTOCOL,Exploratory development data; second development iteration informed by Pilot 1; not independent confirmation; never pooled with the confirmatory held-out estimate,m-increase_dt-c64b4ee7fc,nml2_hh_example,1,P09_short_pulse,ap_half_width,definedness,1.479999999998654,,,0.0739999999999327,r-efc8f2fd727ba1854c5f,r-181fcf99436c493fcf3a
neuron_model_behavioral_validation,Neuraxis,development_pilot,PILOT2_PROTOCOL,Exploratory development data; second development iteration informed by Pilot 1; not independent confirmation; never pooled with the confirmatory held-out estimate,m-increase_dt-c64b4ee7fc,nml2_hh_example,2,P09_short_pulse,ap_half_width,definedness,1.4899999999986449,,,0.0739999999999327,r-2c9f7eaf5c4d0d4f33d4,r-19cc7315bac33e1f0a89
neuron_model_behavioral_validation,Neuraxis,development_pilot,PILOT2_PROTOCOL,Exploratory development data; second development iteration informed by Pilot 1; not independent confirmation; never pooled with the confirmatory held-out estimate,m-duplicate_conductance-ce59b87707,nml2_hh_example,1,P00_canonical,ap_half_width,exceeds,1.3400000000006855,1.7600000000009004,0.42000000000021487,0.06700000000003428,r-5f0a94c66ff17cd98a0a,r-e3558a263c009a6c9735
neuron_model_behavioral_validation,Neuraxis,development_pilot,PILOT2_PROTOCOL,Exploratory development data; second development iteration informed by Pilot 1; not independent confirmation; never pooled with the confirmatory held-out estimate,m-duplicate_conductance-ce59b87707,nml2_hh_example,1,P00_canonical,baseline_voltage,exceeds,-64.9740524291991,-68.33688373164064,3.362831302441535,0.5,r-5f0a94c66ff17cd98a0a,r-e3558a263c009a6c9735
neuron_model_behavioral_validation,Neuraxis,development_pilot,PILOT2_PROTOCOL,Exploratory development data; second development iteration informed by Pilot 1; not independent confirmation; never pooled with the confirmatory held-out estimate,m-duplicate_conductance-ce59b87707,nml2_hh_example,1,P00_canonical,first_isi,exceeds,16.350000000008365,13.640000000006978,2.7100000000013864,0.5,r-5f0a94c66ff17cd98a0a,r-e3558a263c009a6c9735
neuron_model_behavioral_validation,Neuraxis,development_pilot,PILOT2_PROTOCOL,Exploratory development data; second development iteration informed by Pilot 1; not independent confirmation; never pooled with the confirmatory held-out estimate,m-duplicate_conductance-ce59b87707,nml2_hh_example,1,P00_canonical,mean_frequency,exceeds,70.3446889760081,83.7257980115411,13.381109035533001,3.517234448800405,r-5f0a94c66ff17cd98a0a,r-e3558a263c009a6c9735
neuron_model_behavioral_validation,Neuraxis,development_pilot,PILOT2_PROTOCOL,Exploratory development data; second development iteration informed by Pilot 1; not independent confirmation; never pooled with the confirmatory held-out estimate,m-duplicate_conductance-ce59b87707,nml2_hh_example,1,P02_weak_step,baseline_voltage,exceeds,-64.97405242919922,-53.44771764471238,11.526334784486842,0.5,r-66b1007575e04915ac55,r-3f6cb2a07edec9fa0c03
neuron_model_behavioral_validation,Neuraxis,development_pilot,PILOT2_PROTOCOL,Exploratory development data; second development iteration informed by Pilot 1; not independent confirmation; never pooled with the confirmatory held-out estimate,m-duplicate_conductance-ce59b87707,nml2_hh_example,1,P02_weak_step,voltage_deflection,exceeds,0.8909443115235689,-2.4997083795273696,3.3906526910509385,0.5,r-66b1007575e04915ac55,r-3f6cb2a07edec9fa0c03
neuron_model_behavioral_validation,Neuraxis,development_pilot,PILOT2_PROTOCOL,Exploratory development data; second development iteration informed by Pilot 1; not independent confirmation; never pooled with the confirmatory held-out estimate,m-duplicate_conductance-ce59b87707,nml2_hh_example,1,P04_step_2x,ap_half_width,exceeds,1.3099999999988086,1.6299999999985175,0.31999999999970896,0.06549999999994043,r-66b1007575e04915ac55,r-3f6cb2a07edec9fa0c03
neuron_model_behavioral_validation,Neuraxis,development_pilot,PILOT2_PROTOCOL,Exploratory development data; second development iteration informed by Pilot 1; not independent confirmation; never pooled with the confirmatory held-out estimate,m-duplicate_conductance-ce59b87707,nml2_hh_example,1,P04_step_2x,burst_count,definedness,,1.0,,inf,r-66b1007575e04915ac55,r-3f6cb2a07edec9fa0c03
neuron_model_behavioral_validation,Neuraxis,development_pilot,PILOT2_PROTOCOL,Exploratory development data; second development iteration informed by Pilot 1; not independent confirmation; never pooled with the confirmatory held-out estimate,m-duplicate_conductance-ce59b87707,nml2_hh_example,1,P04_step_2x,firing_regime,categorical,single_spike,tonic,,,r-66b1007575e04915ac55,r-3f6cb2a07edec9fa0c03
neuron_model_behavioral_validation,Neuraxis,development_pilot,PILOT2_PROTOCOL,Exploratory development data; second development iteration informed by Pilot 1; not independent confirmation; never pooled with the confirmatory held-out estimate,m-duplicate_conductance-ce59b87707,nml2_hh_example,1,P04_step_2x,first_isi,definedness,,14.90999999998644,,inf,r-66b1007575e04915ac55,r-3f6cb2a07edec9fa0c03
neuron_model_behavioral_validation,Neuraxis,development_pilot,PILOT2_PROTOCOL,Exploratory development data; second development iteration informed by Pilot 1; not independent confirmation; never pooled with the confirmatory held-out estimate,m-duplicate_conductance-ce59b87707,nml2_hh_example,1,P04_step_2x,mean_frequency,definedness,,67.5205630806536,,inf,r-66b1007575e04915ac55,r-3f6cb2a07edec9fa0c03
neuron_model_behavioral_validation,Neuraxis,development_pilot,PILOT2_PROTOCOL,Exploratory development data; second development iteration informed by Pilot 1; not independent confirmation; never pooled with the confirmatory held-out estimate,m-duplicate_conductance-ce59b87707,nml2_hh_example,1,P05_long_step,ap_half_width,exceeds,1.2899999999988268,1.6499999999984993,0.3599999999996726,0.06449999999994134,r-940eedfaa66e3fa96c16,r-27a04d4a84010326953b
neuron_model_behavioral_validation,Neuraxis,development_pilot,PILOT2_PROTOCOL,Exploratory development data; second development iteration informed by Pilot 1; not independent confirmation; never pooled with the confirmatory held-out estimate,m-duplicate_conductance-ce59b87707,nml2_hh_example,1,P05_long_step,burst_count,definedness,,1.0,,inf,r-940eedfaa66e3fa96c16,r-27a04d4a84010326953b
neuron_model_behavioral_validation,Neuraxis,development_pilot,PILOT2_PROTOCOL,Exploratory development data; second development iteration informed by Pilot 1; not independent confirmation; never pooled with the confirmatory held-out estimate,m-duplicate_conductance-ce59b87707,nml2_hh_example,1,P05_long_step,firing_regime,categorical,single_spike,tonic,,,r-940eedfaa66e3fa96c16,r-27a04d4a84010326953b
neuron_model_behavioral_validation,Neuraxis,development_pilot,PILOT2_PROTOCOL,Exploratory development data; second development iteration informed by Pilot 1; not independent confirmation; never pooled with the confirmatory held-out estimate,m-duplicate_conductance-ce59b87707,nml2_hh_example,1,P05_long_step,first_isi,definedness,,15.619999999985794,,inf,r-940eedfaa66e3fa96c16,r-27a04d4a84010326953b
neuron_model_behavioral_validation,Neuraxis,development_pilot,PILOT2_PROTOCOL,Exploratory development data; second development iteration informed by Pilot 1; not independent confirmation; never pooled with the confirmatory held-out estimate,m-duplicate_conductance-ce59b87707,nml2_hh_example,1,P05_long_step,mean_frequency,definedness,,64.1099485616644,,inf,r-940eedfaa66e3fa96c16,r-27a04d4a84010326953b
neuron_model_behavioral_validation,Neuraxis,development_pilot,PILOT2_PROTOCOL,Exploratory development data; second development iteration informed by Pilot 1; not independent confirmation; never pooled with the confirmatory held-out estimate,m-duplicate_conductance-ce59b87707,nml2_hh_example,1,P06_ramp,firing_regime,categorical,silent,tonic,,,r-b32245eb811666b0240b,r-deff08f87ccd02fdb8de
neuron_model_behavioral_validation,Neuraxis,development_pilot,PILOT2_PROTOCOL,Exploratory development data; second development iteration informed by Pilot 1; not independent confirmation; never pooled with the confirmatory held-out estimate,m-duplicate_conductance-ce59b87707,nml2_hh_example,1,P06_ramp,mean_frequency,definedness,,63.55996327653166,,inf,r-b32245eb811666b0240b,r-deff08f87ccd02fdb8de
neuron_model_behavioral_validation,Neuraxis,development_pilot,PILOT2_PROTOCOL,Exploratory development data; second development iteration informed by Pilot 1; not independent confirmation; never pooled with the confirmatory held-out estimate,m-duplicate_conductance-ce59b87707,nml2_hh_example,1,P07_hyperpolarizing_step,baseline_voltage,exceeds,-64.97405242919922,-53.44771764471238,11.526334784486842,0.5,r-66b1007575e04915ac55,r-3f6cb2a07edec9fa0c03
neuron_model_behavioral_validation,Neuraxis,development_pilot,PILOT2_PROTOCOL,Exploratory development data; second development iteration informed by Pilot 1; not independent confirmation; never pooled with the confirmatory held-out estimate,m-duplicate_conductance-ce59b87707,nml2_hh_example,1,P07_hyperpolarizing_step,minimum_voltage,exceeds,-68.47553253173788,-76.50673675537149,8.031204223633608,0.5,r-66b1007575e04915ac55,r-3f6cb2a07edec9fa0c03
neuron_model_behavioral_validation,Neuraxis,development_pilot,PILOT2_PROTOCOL,Exploratory development data; second development iteration informed by Pilot 1; not independent confirmation; never pooled with the confirmatory held-out estimate,m-duplicate_conductance-ce59b87707,nml2_hh_example,1,P07_hyperpolarizing_step,sag_ratio,exceeds,0.34640087069052167,0.441969606663512,0.09556873597299032,0.02,r-66b1007575e04915ac55,r-3f6cb2a07edec9fa0c03
neuron_model_behavioral_validation,Neuraxis,development_pilot,PILOT2_PROTOCOL,Exploratory development data; second development iteration informed by Pilot 1; not independent confirmation; never pooled with the confirmatory held-out estimate,m-duplicate_conductance-ce59b87707,nml2_hh_example,1,P07_hyperpolarizing_step,voltage_deflection,exceeds,-2.288564346313734,-12.8676335042747,10.579069157960966,0.5,r-66b1007575e04915ac55,r-3f6cb2a07edec9fa0c03
neuron_model_behavioral_validation,Neuraxis,development_pilot,PILOT2_PROTOCOL,Exploratory development data; second development iteration informed by Pilot 1; not independent confirmation; never pooled with the confirmatory held-out estimate,m-duplicate_conductance-ce59b87707,nml2_hh_example,1,P08_rebound,firing_regime,categorical,single_spike,tonic,,,r-011ab0e03522b12f620c,r-097b566a41a1a9341f12
neuron_model_behavioral_validation,Neuraxis,development_pilot,PILOT2_PROTOCOL,Exploratory development data; second development iteration informed by Pilot 1; not independent confirmation; never pooled with the confirmatory held-out estimate,m-duplicate_conductance-ce59b87707,nml2_hh_example,1,P08_rebound,maximum_voltage,exceeds,42.80941009326659,47.384048461705824,4.574638368439231,1.0,r-011ab0e03522b12f620c,r-097b566a41a1a9341f12
neuron_model_behavioral_validation,Neuraxis,development_pilot,PILOT2_PROTOCOL,Exploratory development data; second development iteration informed by Pilot 1; not independent confirmation; never pooled with the confirmatory held-out estimate,m-duplicate_conductance-ce59b87707,nml2_hh_example,1,P09_short_pulse,ap_half_width,exceeds,1.479999999998654,1.689999999998463,0.209999999999809,0.0739999999999327,r-efc8f2fd727ba1854c5f,r-fe0a03ff1cea15679d27
neuron_model_behavioral_validation,Neuraxis,development_pilot,PILOT2_PROTOCOL,Exploratory development data; second development iteration informed by Pilot 1; not independent confirmation; never pooled with the confirmatory held-out estimate,m-duplicate_conductance-ce59b87707,nml2_hh_example,2,P00_canonical,ap_half_width,exceeds,1.3400000000006855,1.7800000000009106,0.4400000000002251,0.06700000000003428,r-d4235ef154cdc2eeb44c,r-10fcaa19648b9c65ed4d
neuron_model_behavioral_validation,Neuraxis,development_pilot,PILOT2_PROTOCOL,Exploratory development data; second development iteration informed by Pilot 1; not independent confirmation; never pooled with the confirmatory held-out estimate,m-duplicate_conductance-ce59b87707,nml2_hh_example,2,P00_canonical,baseline_voltage,exceeds,-64.97401246824452,-67.83900175750475,2.8649892892602224,0.5,r-d4235ef154cdc2eeb44c,r-10fcaa19648b9c65ed4d
neuron_model_behavioral_validation,Neuraxis,development_pilot,PILOT2_PROTOCOL,Exploratory development data; second development iteration informed by Pilot 1; not independent confirmation; never pooled with the confirmatory held-out estimate,m-duplicate_conductance-ce59b87707,nml2_hh_example,2,P00_canonical,first_isi,exceeds,16.290000000008334,13.570000000006942,2.7200000000013915,0.5,r-d4235ef154cdc2eeb44c,r-10fcaa19648b9c65ed4d
neuron_model_behavioral_validation,Neuraxis,development_pilot,PILOT2_PROTOCOL,Exploratory development data; second development iteration informed by Pilot 1; not independent confirmation; never pooled with the confirmatory held-out estimate,m-duplicate_conductance-ce59b87707,nml2_hh_example,2,P00_canonical,mean_frequency,exceeds,70.67851373185125,84.27262193197853,13.59410820012728,3.517234448800405,r-d4235ef154cdc2eeb44c,r-10fcaa19648b9c65ed4d
neuron_model_behavioral_validation,Neuraxis,development_pilot,PILOT2_PROTOCOL,Exploratory development data; second development iteration informed by Pilot 1; not independent confirmation; never pooled with the confirmatory held-out estimate,m-duplicate_conductance-ce59b87707,nml2_hh_example,2,P02_weak_step,baseline_voltage,exceeds,-64.97405242919922,-53.66611218494042,11.307940244258802,0.5,r-8d6f46142acd4ec898a7,r-84f63844efcc277b5c1d
neuron_model_behavioral_validation,Neuraxis,development_pilot,PILOT2_PROTOCOL,Exploratory development data; second development iteration informed by Pilot 1; not independent confirmation; never pooled with the confirmatory held-out estimate,m-duplicate_conductance-ce59b87707,nml2_hh_example,2,P02_weak_step,voltage_deflection,exceeds,0.890944874572881,-2.4539226385282618,3.3448675131011427,0.5,r-8d6f46142acd4ec898a7,r-84f63844efcc277b5c1d
neuron_model_behavioral_validation,Neuraxis,development_pilot,PILOT2_PROTOCOL,Exploratory development data; second development iteration informed by Pilot 1; not independent confirmation; never pooled with the confirmatory held-out estimate,m-duplicate_conductance-ce59b87707,nml2_hh_example,2,P04_step_2x,ap_half_width,exceeds,1.3099999999988086,1.6399999999985084,0.32999999999969987,0.06549999999994043,r-8d6f46142acd4ec898a7,r-84f63844efcc277b5c1d
neuron_model_behavioral_validation,Neuraxis,development_pilot,PILOT2_PROTOCOL,Exploratory development data; second development iteration informed by Pilot 1; not independent confirmation; never pooled with the confirmatory held-out estimate,m-duplicate_conductance-ce59b87707,nml2_hh_example,2,P04_step_2x,burst_count,definedness,,1.0,,inf,r-8d6f46142acd4ec898a7,r-84f63844efcc277b5c1d
neuron_model_behavioral_validation,Neuraxis,development_pilot,PILOT2_PROTOCOL,Exploratory development data; second development iteration informed by Pilot 1; not independent confirmation; never pooled with the confirmatory held-out estimate,m-duplicate_conductance-ce59b87707,nml2_hh_example,2,P04_step_2x,firing_regime,categorical,single_spike,tonic,,,r-8d6f46142acd4ec898a7,r-84f63844efcc277b5c1d
neuron_model_behavioral_validation,Neuraxis,development_pilot,PILOT2_PROTOCOL,Exploratory development data; second development iteration informed by Pilot 1; not independent confirmation; never pooled with the confirmatory held-out estimate,m-duplicate_conductance-ce59b87707,nml2_hh_example,2,P04_step_2x,first_isi,definedness,,14.879999999986467,,inf,r-8d6f46142acd4ec898a7,r-84f63844efcc277b5c1d
neuron_model_behavioral_validation,Neuraxis,development_pilot,PILOT2_PROTOCOL,Exploratory development data; second development iteration informed by Pilot 1; not independent confirmation; never pooled with the confirmatory held-out estimate,m-duplicate_conductance-ce59b87707,nml2_hh_example,2,P04_step_2x,mean_frequency,definedness,,67.77154827190495,,inf,r-8d6f46142acd4ec898a7,r-84f63844efcc277b5c1d
neuron_model_behavioral_validation,Neuraxis,development_pilot,PILOT2_PROTOCOL,Exploratory development data; second development iteration informed by Pilot 1; not independent confirmation; never pooled with the confirmatory held-out estimate,m-duplicate_conductance-ce59b87707,nml2_hh_example,2,P05_long_step,ap_half_width,exceeds,1.2899999999988268,1.6599999999984902,0.3699999999996635,0.06449999999994134,r-a455ac42295a97429d02,r-03606ab34e8d937fb2aa
neuron_model_behavioral_validation,Neuraxis,development_pilot,PILOT2_PROTOCOL,Exploratory development data; second development iteration informed by Pilot 1; not independent confirmation; never pooled with the confirmatory held-out estimate,m-duplicate_conductance-ce59b87707,nml2_hh_example,2,P05_long_step,burst_count,definedness,,1.0,,inf,r-a455ac42295a97429d02,r-03606ab34e8d937fb2aa
neuron_model_behavioral_validation,Neuraxis,development_pilot,PILOT2_PROTOCOL,Exploratory development data; second development iteration informed by Pilot 1; not independent confirmation; never pooled with the confirmatory held-out estimate,m-duplicate_conductance-ce59b87707,nml2_hh_example,2,P05_long_step,firing_regime,categorical,single_spike,tonic,,,r-a455ac42295a97429d02,r-03606ab34e8d937fb2aa
neuron_model_behavioral_validation,Neuraxis,development_pilot,PILOT2_PROTOCOL,Exploratory development data; second development iteration informed by Pilot 1; not independent confirmation; never pooled with the confirmatory held-out estimate,m-duplicate_conductance-ce59b87707,nml2_hh_example,2,P05_long_step,first_isi,definedness,,15.589999999985821,,inf,r-a455ac42295a97429d02,r-03606ab34e8d937fb2aa
neuron_model_behavioral_validation,Neuraxis,development_pilot,PILOT2_PROTOCOL,Exploratory development data; second development iteration informed by Pilot 1; not independent confirmation; never pooled with the confirmatory held-out estimate,m-duplicate_conductance-ce59b87707,nml2_hh_example,2,P05_long_step,mean_frequency,definedness,,64.27832514777435,,inf,r-a455ac42295a97429d02,r-03606ab34e8d937fb2aa
neuron_model_behavioral_validation,Neuraxis,development_pilot,PILOT2_PROTOCOL,Exploratory development data; second development iteration informed by Pilot 1; not independent confirmation; never pooled with the confirmatory held-out estimate,m-duplicate_conductance-ce59b87707,nml2_hh_example,2,P06_ramp,firing_regime,categorical,silent,tonic,,,r-4dc549d9b01b28a8eeb4,r-9bd703740e6d3f5873c8
neuron_model_behavioral_validation,Neuraxis,development_pilot,PILOT2_PROTOCOL,Exploratory development data; second development iteration informed by Pilot 1; not independent confirmation; never pooled with the confirmatory held-out estimate,m-duplicate_conductance-ce59b87707,nml2_hh_example,2,P06_ramp,mean_frequency,definedness,,63.71874747154446,,inf,r-4dc549d9b01b28a8eeb4,r-9bd703740e6d3f5873c8
neuron_model_behavioral_validation,Neuraxis,development_pilot,PILOT2_PROTOCOL,Exploratory development data; second development iteration informed by Pilot 1; not independent confirmation; never pooled with the confirmatory held-out estimate,m-duplicate_conductance-ce59b87707,nml2_hh_example,2,P07_hyperpolarizing_step,baseline_voltage,exceeds,-64.97405242919922,-53.66611218494042,11.307940244258802,0.5,r-8d6f46142acd4ec898a7,r-84f63844efcc277b5c1d
neuron_model_behavioral_validation,Neuraxis,development_pilot,PILOT2_PROTOCOL,Exploratory development data; second development iteration informed by Pilot 1; not independent confirmation; never pooled with the confirmatory held-out estimate,m-duplicate_conductance-ce59b87707,nml2_hh_example,2,P07_hyperpolarizing_step,minimum_voltage,exceeds,-68.47355651855469,-76.30449676513672,7.830940246582031,0.5,r-8d6f46142acd4ec898a7,r-84f63844efcc277b5c1d
neuron_model_behavioral_validation,Neuraxis,development_pilot,PILOT2_PROTOCOL,Exploratory development data; second development iteration informed by Pilot 1; not independent confirmation; never pooled with the confirmatory held-out estimate,m-duplicate_conductance-ce59b87707,nml2_hh_example,2,P07_hyperpolarizing_step,sag_ratio,exceeds,0.3460314920631419,0.44124811376192413,0.09521662169878226,0.02,r-8d6f46142acd4ec898a7,r-84f63844efcc277b5c1d
neuron_model_behavioral_validation,Neuraxis,development_pilot,PILOT2_PROTOCOL,Exploratory development data; second development iteration informed by Pilot 1; not independent confirmation; never pooled with the confirmatory held-out estimate,m-duplicate_conductance-ce59b87707,nml2_hh_example,2,P07_hyperpolarizing_step,voltage_deflection,exceeds,-2.2885654678347294,-12.649240085567655,10.360674617732926,0.5,r-8d6f46142acd4ec898a7,r-84f63844efcc277b5c1d
neuron_model_behavioral_validation,Neuraxis,development_pilot,PILOT2_PROTOCOL,Exploratory development data; second development iteration informed by Pilot 1; not independent confirmation; never pooled with the confirmatory held-out estimate,m-duplicate_conductance-ce59b87707,nml2_hh_example,2,P08_rebound,firing_regime,categorical,single_spike,tonic,,,r-a628bd90e08153ec217d,r-a764d68738c7b98d786d
neuron_model_behavioral_validation,Neuraxis,development_pilot,PILOT2_PROTOCOL,Exploratory development data; second development iteration informed by Pilot 1; not independent confirmation; never pooled with the confirmatory held-out estimate,m-duplicate_conductance-ce59b87707,nml2_hh_example,2,P08_rebound,maximum_voltage,exceeds,42.82489776491602,47.39022827113314,4.565330506217123,1.0,r-a628bd90e08153ec217d,r-a764d68738c7b98d786d
neuron_model_behavioral_validation,Neuraxis,development_pilot,PILOT2_PROTOCOL,Exploratory development data; second development iteration informed by Pilot 1; not independent confirmation; never pooled with the confirmatory held-out estimate,m-duplicate_conductance-ce59b87707,nml2_hh_example,2,P09_short_pulse,ap_half_width,exceeds,1.4899999999986449,1.689999999998463,0.1999999999998181,0.0739999999999327,r-2c9f7eaf5c4d0d4f33d4,r-ba83c947ba0f195d44ab
neuron_model_behavioral_validation,Neuraxis,development_pilot,PILOT2_PROTOCOL,Exploratory development data; second development iteration informed by Pilot 1; not independent confirmation; never pooled with the confirmatory held-out estimate,m-scale_conductance-979dd75955,osb_hh2_477127614,1,P02_weak_step,voltage_deflection,exceeds,10.734862386067746,23.433437576274613,12.698575190206867,0.5367431193033874,r-d2b3788dfa4671532754,r-11ee70329835683b6f9b
neuron_model_behavioral_validation,Neuraxis,development_pilot,PILOT2_PROTOCOL,Exploratory development data; second development iteration informed by Pilot 1; not independent confirmation; never pooled with the confirmatory held-out estimate,m-scale_conductance-979dd75955,osb_hh2_477127614,1,P04_step_2x,first_isi,exceeds,28.339999999974225,21.31999999998061,7.019999999993615,2.1299999999980628,r-d2b3788dfa4671532754,r-11ee70329835683b6f9b
neuron_model_behavioral_validation,Neuraxis,development_pilot,PILOT2_PROTOCOL,Exploratory development data; second development iteration informed by Pilot 1; not independent confirmation; never pooled with the confirmatory held-out estimate,m-scale_conductance-979dd75955,osb_hh2_477127614,1,P04_step_2x,mean_frequency,exceeds,31.968628119643075,42.512703200648886,10.544075081005811,1.8677289872833818,r-d2b3788dfa4671532754,r-11ee70329835683b6f9b
neuron_model_behavioral_validation,Neuraxis,development_pilot,PILOT2_PROTOCOL,Exploratory development data; second development iteration informed by Pilot 1; not independent confirmation; never pooled with the confirmatory held-out estimate,m-scale_conductance-979dd75955,osb_hh2_477127614,1,P05_long_step,first_isi,exceeds,47.569999999956735,29.439999999973224,18.12999999998351,3.2399999999970532,r-5fe7a143f3c88a372d40,r-5fb5f16f1eb6cc1eb43d
neuron_model_behavioral_validation,Neuraxis,development_pilot,PILOT2_PROTOCOL,Exploratory development data; second development iteration informed by Pilot 1; not independent confirmation; never pooled with the confirmatory held-out estimate,m-scale_conductance-979dd75955,osb_hh2_477127614,1,P05_long_step,mean_frequency,exceeds,18.19606257420694,29.471694469946037,11.275631895739096,0.9191130292234142,r-5fe7a143f3c88a372d40,r-5fb5f16f1eb6cc1eb43d
neuron_model_behavioral_validation,Neuraxis,development_pilot,PILOT2_PROTOCOL,Exploratory development data; second development iteration informed by Pilot 1; not independent confirmation; never pooled with the confirmatory held-out estimate,m-scale_conductance-979dd75955,osb_hh2_477127614,1,P06_ramp,mean_frequency,exceeds,20.37510569588198,29.305065734324437,8.929960038442456,2.3187916737492316,r-0957e33747fc542d9104,r-b74bf277de7b0dd32c49
neuron_model_behavioral_validation,Neuraxis,development_pilot,PILOT2_PROTOCOL,Exploratory development data; second development iteration informed by Pilot 1; not independent confirmation; never pooled with the confirmatory held-out estimate,m-scale_conductance-979dd75955,osb_hh2_477127614,1,P07_hyperpolarizing_step,minimum_voltage,exceeds,-93.17750549316406,-114.95460510253906,21.777099609375,0.5,r-d2b3788dfa4671532754,r-11ee70329835683b6f9b
neuron_model_behavioral_validation,Neuraxis,development_pilot,PILOT2_PROTOCOL,Exploratory development data; second development iteration informed by Pilot 1; not independent confirmation; never pooled with the confirmatory held-out estimate,m-scale_conductance-979dd75955,osb_hh2_477127614,1,P07_hyperpolarizing_step,voltage_deflection,exceeds,-21.756712349955293,-43.64380647735601,21.887094127400715,1.0878356174977648,r-d2b3788dfa4671532754,r-11ee70329835683b6f9b
neuron_model_behavioral_validation,Neuraxis,development_pilot,PILOT2_PROTOCOL,Exploratory development data; second development iteration informed by Pilot 1; not independent confirmation; never pooled with the confirmatory held-out estimate,m-scale_conductance-979dd75955,osb_hh2_477127614,1,P08_rebound,maximum_voltage,exceeds,-71.3893814086914,-73.57891845705343,2.189537048362027,1.0,r-6563a518c7df60efa667,r-54ab8187616bf9bf9549
neuron_model_behavioral_validation,Neuraxis,development_pilot,PILOT2_PROTOCOL,Exploratory development data; second development iteration informed by Pilot 1; not independent confirmation; never pooled with the confirmatory held-out estimate,m-scale_conductance-979dd75955,osb_hh2_477127614,2,P02_weak_step,voltage_deflection,exceeds,10.734858737436959,23.433968617229326,12.699109879792367,0.5367431193033874,r-ae1b79422775c8a979b7,r-d09476efa4a03492a69e
neuron_model_behavioral_validation,Neuraxis,development_pilot,PILOT2_PROTOCOL,Exploratory development data; second development iteration informed by Pilot 1; not independent confirmation; never pooled with the confirmatory held-out estimate,m-scale_conductance-979dd75955,osb_hh2_477127614,2,P04_step_2x,first_isi,exceeds,27.62999999997487,20.729999999981146,6.8999999999937245,2.1299999999980628,r-ae1b79422775c8a979b7,r-d09476efa4a03492a69e
neuron_model_behavioral_validation,Neuraxis,development_pilot,PILOT2_PROTOCOL,Exploratory development data; second development iteration informed by Pilot 1; not independent confirmation; never pooled with the confirmatory held-out estimate,m-scale_conductance-979dd75955,osb_hh2_477127614,2,P04_step_2x,mean_frequency,exceeds,32.591204448737535,43.54678168551896,10.955577236781423,1.8677289872833818,r-ae1b79422775c8a979b7,r-d09476efa4a03492a69e
neuron_model_behavioral_validation,Neuraxis,development_pilot,PILOT2_PROTOCOL,Exploratory development data; second development iteration informed by Pilot 1; not independent confirmation; never pooled with the confirmatory held-out estimate,m-scale_conductance-979dd75955,osb_hh2_477127614,2,P05_long_step,first_isi,exceeds,46.48999999995772,28.61999999997397,17.869999999983747,3.2399999999970532,r-317893116e9cb0c903c3,r-0c4175e3965b5bdef5f2
neuron_model_behavioral_validation,Neuraxis,development_pilot,PILOT2_PROTOCOL,Exploratory development data; second development iteration informed by Pilot 1; not independent confirmation; never pooled with the confirmatory held-out estimate,m-scale_conductance-979dd75955,osb_hh2_477127614,2,P05_long_step,mean_frequency,exceeds,18.50243358394808,30.10536879071285,11.60293520676477,0.9191130292234142,r-317893116e9cb0c903c3,r-0c4175e3965b5bdef5f2
neuron_model_behavioral_validation,Neuraxis,development_pilot,PILOT2_PROTOCOL,Exploratory development data; second development iteration informed by Pilot 1; not independent confirmation; never pooled with the confirmatory held-out estimate,m-scale_conductance-979dd75955,osb_hh2_477127614,2,P06_ramp,mean_frequency,exceeds,21.14803625379839,30.14287723813992,8.99484098434153,2.3187916737492316,r-24b7e809e0450dd29615,r-c581b83ab85dcb99b9d3
neuron_model_behavioral_validation,Neuraxis,development_pilot,PILOT2_PROTOCOL,Exploratory development data; second development iteration informed by Pilot 1; not independent confirmation; never pooled with the confirmatory held-out estimate,m-scale_conductance-979dd75955,osb_hh2_477127614,2,P07_hyperpolarizing_step,minimum_voltage,exceeds,-93.17750549316406,-114.95459747314453,21.77709197998047,0.5,r-ae1b79422775c8a979b7,r-d09476efa4a03492a69e
neuron_model_behavioral_validation,Neuraxis,development_pilot,PILOT2_PROTOCOL,Exploratory development data; second development iteration informed by Pilot 1; not independent confirmation; never pooled with the confirmatory held-out estimate,m-scale_conductance-979dd75955,osb_hh2_477127614,2,P07_hyperpolarizing_step,voltage_deflection,exceeds,-21.756715906270415,-43.64381723632816,21.887101330057746,1.0878356174977648,r-ae1b79422775c8a979b7,r-d09476efa4a03492a69e
neuron_model_behavioral_validation,Neuraxis,development_pilot,PILOT2_PROTOCOL,Exploratory development data; second development iteration informed by Pilot 1; not independent confirmation; never pooled with the confirmatory held-out estimate,m-scale_conductance-979dd75955,osb_hh2_477127614,2,P08_rebound,maximum_voltage,exceeds,-71.38938903808594,-73.57910919191802,2.1897201538320843,1.0,r-f477372d2665f709d8ac,r-368039e04ff0ac69fab7
neuron_model_behavioral_validation,Neuraxis,development_pilot,PILOT2_PROTOCOL,Exploratory development data; second development iteration informed by Pilot 1; not independent confirmation; never pooled with the confirmatory held-out estimate,m-scale_conductance-1f40a5f389,osb_hh2_477127614,1,P00_canonical,first_isi,exceeds,23.42999999997869,43.62999999996032,20.199999999981628,7.439999999993233,r-50990666ac8ec9a46823,r-b6ef0b5d472dfb983baa
neuron_model_behavioral_validation,Neuraxis,development_pilot,PILOT2_PROTOCOL,Exploratory development data; second development iteration informed by Pilot 1; not independent confirmation; never pooled with the confirmatory held-out estimate,m-scale_conductance-1f40a5f389,osb_hh2_477127614,1,P00_canonical,mean_frequency,exceeds,39.70955298393104,21.23984027642346,18.46971270750758,11.603158080029147,r-50990666ac8ec9a46823,r-b6ef0b5d472dfb983baa
neuron_model_behavioral_validation,Neuraxis,development_pilot,PILOT2_PROTOCOL,Exploratory development data; second development iteration informed by Pilot 1; not independent confirmation; never pooled with the confirmatory held-out estimate,m-scale_conductance-1f40a5f389,osb_hh2_477127614,1,P02_weak_step,voltage_deflection,exceeds,10.734862386067746,5.439547556050655,5.295314830017091,0.5367431193033874,r-d2b3788dfa4671532754,r-f70c65e5d87d4486323e
neuron_model_behavioral_validation,Neuraxis,development_pilot,PILOT2_PROTOCOL,Exploratory development data; second development iteration informed by Pilot 1; not independent confirmation; never pooled with the confirmatory held-out estimate,m-scale_conductance-1f40a5f389,osb_hh2_477127614,1,P04_step_2x,ap_half_width,definedness,0.6499999999994088,,,0.05,r-d2b3788dfa4671532754,r-f70c65e5d87d4486323e
neuron_model_behavioral_validation,Neuraxis,development_pilot,PILOT2_PROTOCOL,Exploratory development data; second development iteration informed by Pilot 1; not independent confirmation; never pooled with the confirmatory held-out estimate,m-scale_conductance-1f40a5f389,osb_hh2_477127614,1,P04_step_2x,burst_count,definedness,1.0,,,0.5,r-d2b3788dfa4671532754,r-f70c65e5d87d4486323e
neuron_model_behavioral_validation,Neuraxis,development_pilot,PILOT2_PROTOCOL,Exploratory development data; second development iteration informed by Pilot 1; not independent confirmation; never pooled with the confirmatory held-out estimate,m-scale_conductance-1f40a5f389,osb_hh2_477127614,1,P04_step_2x,firing_regime,categorical,tonic,silent,,,r-d2b3788dfa4671532754,r-f70c65e5d87d4486323e
neuron_model_behavioral_validation,Neuraxis,development_pilot,PILOT2_PROTOCOL,Exploratory development data; second development iteration informed by Pilot 1; not independent confirmation; never pooled with the confirmatory held-out estimate,m-scale_conductance-1f40a5f389,osb_hh2_477127614,1,P04_step_2x,first_isi,definedness,28.339999999974225,,,2.1299999999980628,r-d2b3788dfa4671532754,r-f70c65e5d87d4486323e
neuron_model_behavioral_validation,Neuraxis,development_pilot,PILOT2_PROTOCOL,Exploratory development data; second development iteration informed by Pilot 1; not independent confirmation; never pooled with the confirmatory held-out estimate,m-scale_conductance-1f40a5f389,osb_hh2_477127614,1,P04_step_2x,mean_frequency,definedness,31.968628119643075,,,1.8677289872833818,r-d2b3788dfa4671532754,r-f70c65e5d87d4486323e
neuron_model_behavioral_validation,Neuraxis,development_pilot,PILOT2_PROTOCOL,Exploratory development data; second development iteration informed by Pilot 1; not independent confirmation; never pooled with the confirmatory held-out estimate,m-scale_conductance-1f40a5f389,osb_hh2_477127614,1,P05_long_step,ap_half_width,definedness,0.6499999999994088,,,0.05,r-5fe7a143f3c88a372d40,r-3aa6eb2ed9d4b91369fd
neuron_model_behavioral_validation,Neuraxis,development_pilot,PILOT2_PROTOCOL,Exploratory development data; second development iteration informed by Pilot 1; not independent confirmation; never pooled with the confirmatory held-out estimate,m-scale_conductance-1f40a5f389,osb_hh2_477127614,1,P05_long_step,burst_count,definedness,1.0,,,0.5,r-5fe7a143f3c88a372d40,r-3aa6eb2ed9d4b91369fd
neuron_model_behavioral_validation,Neuraxis,development_pilot,PILOT2_PROTOCOL,Exploratory development data; second development iteration informed by Pilot 1; not independent confirmation; never pooled with the confirmatory held-out estimate,m-scale_conductance-1f40a5f389,osb_hh2_477127614,1,P05_long_step,firing_regime,categorical,tonic,silent,,,r-5fe7a143f3c88a372d40,r-3aa6eb2ed9d4b91369fd
neuron_model_behavioral_validation,Neuraxis,development_pilot,PILOT2_PROTOCOL,Exploratory development data; second development iteration informed by Pilot 1; not independent confirmation; never pooled with the confirmatory held-out estimate,m-scale_conductance-1f40a5f389,osb_hh2_477127614,1,P05_long_step,first_isi,definedness,47.569999999956735,,,3.2399999999970532,r-5fe7a143f3c88a372d40,r-3aa6eb2ed9d4b91369fd
neuron_model_behavioral_validation,Neuraxis,development_pilot,PILOT2_PROTOCOL,Exploratory development data; second development iteration informed by Pilot 1; not independent confirmation; never pooled with the confirmatory held-out estimate,m-scale_conductance-1f40a5f389,osb_hh2_477127614,1,P05_long_step,mean_frequency,definedness,18.19606257420694,,,0.9191130292234142,r-5fe7a143f3c88a372d40,r-3aa6eb2ed9d4b91369fd
neuron_model_behavioral_validation,Neuraxis,development_pilot,PILOT2_PROTOCOL,Exploratory development data; second development iteration informed by Pilot 1; not independent confirmation; never pooled with the confirmatory held-out estimate,m-scale_conductance-1f40a5f389,osb_hh2_477127614,1,P06_ramp,mean_frequency,exceeds,20.37510569588198,6.1401803166350195,14.234925379246961,2.3187916737492316,r-0957e33747fc542d9104,r-d930a826a3dd5b21a69b
neuron_model_behavioral_validation,Neuraxis,development_pilot,PILOT2_PROTOCOL,Exploratory development data; second development iteration informed by Pilot 1; not independent confirmation; never pooled with the confirmatory held-out estimate,m-scale_conductance-1f40a5f389,osb_hh2_477127614,1,P07_hyperpolarizing_step,minimum_voltage,exceeds,-93.17750549316406,-82.2496566772461,10.927848815917969,0.5,r-d2b3788dfa4671532754,r-f70c65e5d87d4486323e
neuron_model_behavioral_validation,Neuraxis,development_pilot,PILOT2_PROTOCOL,Exploratory development data; second development iteration informed by Pilot 1; not independent confirmation; never pooled with the confirmatory held-out estimate,m-scale_conductance-1f40a5f389,osb_hh2_477127614,1,P07_hyperpolarizing_step,voltage_deflection,exceeds,-21.756712349955293,-10.886206859842986,10.870505490112308,1.0878356174977648,r-d2b3788dfa4671532754,r-f70c65e5d87d4486323e
neuron_model_behavioral_validation,Neuraxis,development_pilot,PILOT2_PROTOCOL,Exploratory development data; second development iteration informed by Pilot 1; not independent confirmation; never pooled with the confirmatory held-out estimate,m-scale_conductance-1f40a5f389,osb_hh2_477127614,2,P00_canonical,first_isi,exceeds,20.949999999980946,40.489999999963175,19.53999999998223,7.439999999993233,r-cff06a8ac591df54f373,r-063e3bf69b9d836f50f3
neuron_model_behavioral_validation,Neuraxis,development_pilot,PILOT2_PROTOCOL,Exploratory development data; second development iteration informed by Pilot 1; not independent confirmation; never pooled with the confirmatory held-out estimate,m-scale_conductance-1f40a5f389,osb_hh2_477127614,2,P00_canonical,mean_frequency,exceeds,43.577272343940756,22.50858139668113,21.068690947259626,11.603158080029147,r-cff06a8ac591df54f373,r-063e3bf69b9d836f50f3
neuron_model_behavioral_validation,Neuraxis,development_pilot,PILOT2_PROTOCOL,Exploratory development data; second development iteration informed by Pilot 1; not independent confirmation; never pooled with the confirmatory held-out estimate,m-scale_conductance-1f40a5f389,osb_hh2_477127614,2,P02_weak_step,voltage_deflection,exceeds,10.734858737436959,5.439547340393091,5.295311397043868,0.5367431193033874,r-ae1b79422775c8a979b7,r-357aae0bd0b90293648a
neuron_model_behavioral_validation,Neuraxis,development_pilot,PILOT2_PROTOCOL,Exploratory development data; second development iteration informed by Pilot 1; not independent confirmation; never pooled with the confirmatory held-out estimate,m-scale_conductance-1f40a5f389,osb_hh2_477127614,2,P04_step_2x,ap_half_width,definedness,0.6599999999993997,,,0.05,r-ae1b79422775c8a979b7,r-357aae0bd0b90293648a
neuron_model_behavioral_validation,Neuraxis,development_pilot,PILOT2_PROTOCOL,Exploratory development data; second development iteration informed by Pilot 1; not independent confirmation; never pooled with the confirmatory held-out estimate,m-scale_conductance-1f40a5f389,osb_hh2_477127614,2,P04_step_2x,burst_count,definedness,1.0,,,0.5,r-ae1b79422775c8a979b7,r-357aae0bd0b90293648a
neuron_model_behavioral_validation,Neuraxis,development_pilot,PILOT2_PROTOCOL,Exploratory development data; second development iteration informed by Pilot 1; not independent confirmation; never pooled with the confirmatory held-out estimate,m-scale_conductance-1f40a5f389,osb_hh2_477127614,2,P04_step_2x,firing_regime,categorical,tonic,silent,,,r-ae1b79422775c8a979b7,r-357aae0bd0b90293648a
neuron_model_behavioral_validation,Neuraxis,development_pilot,PILOT2_PROTOCOL,Exploratory development data; second development iteration informed by Pilot 1; not independent confirmation; never pooled with the confirmatory held-out estimate,m-scale_conductance-1f40a5f389,osb_hh2_477127614,2,P04_step_2x,first_isi,definedness,27.62999999997487,,,2.1299999999980628,r-ae1b79422775c8a979b7,r-357aae0bd0b90293648a
neuron_model_behavioral_validation,Neuraxis,development_pilot,PILOT2_PROTOCOL,Exploratory development data; second development iteration informed by Pilot 1; not independent confirmation; never pooled with the confirmatory held-out estimate,m-scale_conductance-1f40a5f389,osb_hh2_477127614,2,P04_step_2x,mean_frequency,definedness,32.591204448737535,,,1.8677289872833818,r-ae1b79422775c8a979b7,r-357aae0bd0b90293648a
neuron_model_behavioral_validation,Neuraxis,development_pilot,PILOT2_PROTOCOL,Exploratory development data; second development iteration informed by Pilot 1; not independent confirmation; never pooled with the confirmatory held-out estimate,m-scale_conductance-1f40a5f389,osb_hh2_477127614,2,P05_long_step,ap_half_width,definedness,0.6499999999994088,,,0.05,r-317893116e9cb0c903c3,r-90e052e9853cf93b4fbd
neuron_model_behavioral_validation,Neuraxis,development_pilot,PILOT2_PROTOCOL,Exploratory development data; second development iteration informed by Pilot 1; not independent confirmation; never pooled with the confirmatory held-out estimate,m-scale_conductance-1f40a5f389,osb_hh2_477127614,2,P05_long_step,burst_count,definedness,1.0,,,0.5,r-317893116e9cb0c903c3,r-90e052e9853cf93b4fbd
neuron_model_behavioral_validation,Neuraxis,development_pilot,PILOT2_PROTOCOL,Exploratory development data; second development iteration informed by Pilot 1; not independent confirmation; never pooled with the confirmatory held-out estimate,m-scale_conductance-1f40a5f389,osb_hh2_477127614,2,P05_long_step,firing_regime,categorical,tonic,silent,,,r-317893116e9cb0c903c3,r-90e052e9853cf93b4fbd
neuron_model_behavioral_validation,Neuraxis,development_pilot,PILOT2_PROTOCOL,Exploratory development data; second development iteration informed by Pilot 1; not independent confirmation; never pooled with the confirmatory held-out estimate,m-scale_conductance-1f40a5f389,osb_hh2_477127614,2,P05_long_step,first_isi,definedness,46.48999999995772,,,3.2399999999970532,r-317893116e9cb0c903c3,r-90e052e9853cf93b4fbd
neuron_model_behavioral_validation,Neuraxis,development_pilot,PILOT2_PROTOCOL,Exploratory development data; second development iteration informed by Pilot 1; not independent confirmation; never pooled with the confirmatory held-out estimate,m-scale_conductance-1f40a5f389,osb_hh2_477127614,2,P05_long_step,mean_frequency,definedness,18.50243358394808,,,0.9191130292234142,r-317893116e9cb0c903c3,r-90e052e9853cf93b4fbd
neuron_model_behavioral_validation,Neuraxis,development_pilot,PILOT2_PROTOCOL,Exploratory development data; second development iteration informed by Pilot 1; not independent confirmation; never pooled with the confirmatory held-out estimate,m-scale_conductance-1f40a5f389,osb_hh2_477127614,2,P06_ramp,mean_frequency,exceeds,21.14803625379839,6.154666776089369,14.993369477709022,2.3187916737492316,r-24b7e809e0450dd29615,r-9251dc6d192171c3e5d5
neuron_model_behavioral_validation,Neuraxis,development_pilot,PILOT2_PROTOCOL,Exploratory development data; second development iteration informed by Pilot 1; not independent confirmation; never pooled with the confirmatory held-out estimate,m-scale_conductance-1f40a5f389,osb_hh2_477127614,2,P07_hyperpolarizing_step,minimum_voltage,exceeds,-93.17750549316406,-82.2496566772461,10.927848815917969,0.5,r-ae1b79422775c8a979b7,r-357aae0bd0b90293648a
neuron_model_behavioral_validation,Neuraxis,development_pilot,PILOT2_PROTOCOL,Exploratory development data; second development iteration informed by Pilot 1; not independent confirmation; never pooled with the confirmatory held-out estimate,m-scale_conductance-1f40a5f389,osb_hh2_477127614,2,P07_hyperpolarizing_step,voltage_deflection,exceeds,-21.756715906270415,-10.886207456970283,10.870508449300132,1.0878356174977648,r-ae1b79422775c8a979b7,r-357aae0bd0b90293648a
neuron_model_behavioral_validation,Neuraxis,development_pilot,PILOT2_PROTOCOL,Exploratory development data; second development iteration informed by Pilot 1; not independent confirmation; never pooled with the confirmatory held-out estimate,m-shift_reversal-c7e1f18cfe,osb_hh2_477127614,1,P04_step_2x,first_isi,exceeds,28.339999999974225,24.609999999977617,3.7299999999966076,2.1299999999980628,r-d2b3788dfa4671532754,r-653f0a5cbe743bf80944
neuron_model_behavioral_validation,Neuraxis,development_pilot,PILOT2_PROTOCOL,Exploratory development data; second development iteration informed by Pilot 1; not independent confirmation; never pooled with the confirmatory held-out estimate,m-shift_reversal-c7e1f18cfe,osb_hh2_477127614,1,P04_step_2x,mean_frequency,exceeds,31.968628119643075,35.5901687393125,3.621540619669428,1.8677289872833818,r-d2b3788dfa4671532754,r-653f0a5cbe743bf80944
neuron_model_behavioral_validation,Neuraxis,development_pilot,PILOT2_PROTOCOL,Exploratory development data; second development iteration informed by Pilot 1; not independent confirmation; never pooled with the confirmatory held-out estimate,m-shift_reversal-c7e1f18cfe,osb_hh2_477127614,1,P05_long_step,first_isi,exceeds,47.569999999956735,41.609999999962156,5.959999999994579,3.2399999999970532,r-5fe7a143f3c88a372d40,r-a7c29b454b2ad49d8e38
neuron_model_behavioral_validation,Neuraxis,development_pilot,PILOT2_PROTOCOL,Exploratory development data; second development iteration informed by Pilot 1; not independent confirmation; never pooled with the confirmatory held-out estimate,m-shift_reversal-c7e1f18cfe,osb_hh2_477127614,1,P05_long_step,mean_frequency,exceeds,18.19606257420694,19.859051653872285,1.6629890796653441,0.9191130292234142,r-5fe7a143f3c88a372d40,r-a7c29b454b2ad49d8e38
neuron_model_behavioral_validation,Neuraxis,development_pilot,PILOT2_PROTOCOL,Exploratory development data; second development iteration informed by Pilot 1; not independent confirmation; never pooled with the confirmatory held-out estimate,m-shift_reversal-c7e1f18cfe,osb_hh2_477127614,1,P06_ramp,mean_frequency,exceeds,20.37510569588198,23.058106428222988,2.683000732341007,2.3187916737492316,r-0957e33747fc542d9104,r-fd9a4dbaef80df18f6df
neuron_model_behavioral_validation,Neuraxis,development_pilot,PILOT2_PROTOCOL,Exploratory development data; second development iteration informed by Pilot 1; not independent confirmation; never pooled with the confirmatory held-out estimate,m-shift_reversal-c7e1f18cfe,osb_hh2_477127614,2,P04_step_2x,first_isi,exceeds,27.62999999997487,23.909999999978254,3.7199999999966167,2.1299999999980628,r-ae1b79422775c8a979b7,r-999541f7d8e534e7d3bf
neuron_model_behavioral_validation,Neuraxis,development_pilot,PILOT2_PROTOCOL,Exploratory development data; second development iteration informed by Pilot 1; not independent confirmation; never pooled with the confirmatory held-out estimate,m-shift_reversal-c7e1f18cfe,osb_hh2_477127614,2,P04_step_2x,mean_frequency,exceeds,32.591204448737535,36.377599482672174,3.786395033934639,1.8677289872833818,r-ae1b79422775c8a979b7,r-999541f7d8e534e7d3bf
neuron_model_behavioral_validation,Neuraxis,development_pilot,PILOT2_PROTOCOL,Exploratory development data; second development iteration informed by Pilot 1; not independent confirmation; never pooled with the confirmatory held-out estimate,m-shift_reversal-c7e1f18cfe,osb_hh2_477127614,2,P05_long_step,first_isi,exceeds,46.48999999995772,40.4599999999632,6.029999999994516,3.2399999999970532,r-317893116e9cb0c903c3,r-92465a91e66909f0c0f7
neuron_model_behavioral_validation,Neuraxis,development_pilot,PILOT2_PROTOCOL,Exploratory development data; second development iteration informed by Pilot 1; not independent confirmation; never pooled with the confirmatory held-out estimate,m-shift_reversal-c7e1f18cfe,osb_hh2_477127614,2,P05_long_step,mean_frequency,exceeds,18.50243358394808,20.228480689352967,1.7260471054048878,0.9191130292234142,r-317893116e9cb0c903c3,r-92465a91e66909f0c0f7
neuron_model_behavioral_validation,Neuraxis,development_pilot,PILOT2_PROTOCOL,Exploratory development data; second development iteration informed by Pilot 1; not independent confirmation; never pooled with the confirmatory held-out estimate,m-shift_reversal-d2ca2a5c38,osb_hh2_477127614,1,P00_canonical,baseline_voltage,exceeds,-71.41928124039258,-61.63902852856674,9.780252711825838,0.5,r-50990666ac8ec9a46823,r-108cfe45576b45ef9266
neuron_model_behavioral_validation,Neuraxis,development_pilot,PILOT2_PROTOCOL,Exploratory development data; second development iteration informed by Pilot 1; not independent confirmation; never pooled with the confirmatory held-out estimate,m-shift_reversal-d2ca2a5c38,osb_hh2_477127614,1,P02_weak_step,baseline_voltage,exceeds,-71.4206871846517,-61.6376864344279,9.783000750223799,0.5,r-d2b3788dfa4671532754,r-bc2b68196d93ebb698ac
neuron_model_behavioral_validation,Neuraxis,development_pilot,PILOT2_PROTOCOL,Exploratory development data; second development iteration informed by Pilot 1; not independent confirmation; never pooled with the confirmatory held-out estimate,m-shift_reversal-d2ca2a5c38,osb_hh2_477127614,1,P04_step_2x,first_isi,exceeds,28.339999999974225,21.939999999980046,6.399999999994179,2.1299999999980628,r-d2b3788dfa4671532754,r-bc2b68196d93ebb698ac
neuron_model_behavioral_validation,Neuraxis,development_pilot,PILOT2_PROTOCOL,Exploratory development data; second development iteration informed by Pilot 1; not independent confirmation; never pooled with the confirmatory held-out estimate,m-shift_reversal-d2ca2a5c38,osb_hh2_477127614,1,P04_step_2x,mean_frequency,exceeds,31.968628119643075,42.820439623230236,10.851811503587161,1.8677289872833818,r-d2b3788dfa4671532754,r-bc2b68196d93ebb698ac
neuron_model_behavioral_validation,Neuraxis,development_pilot,PILOT2_PROTOCOL,Exploratory development data; second development iteration informed by Pilot 1; not independent confirmation; never pooled with the confirmatory held-out estimate,m-shift_reversal-d2ca2a5c38,osb_hh2_477127614,1,P05_long_step,first_isi,exceeds,47.569999999956735,30.319999999972424,17.24999999998431,3.2399999999970532,r-5fe7a143f3c88a372d40,r-90f9f02c7a62a5c51d2c
neuron_model_behavioral_validation,Neuraxis,development_pilot,PILOT2_PROTOCOL,Exploratory development data; second development iteration informed by Pilot 1; not independent confirmation; never pooled with the confirmatory held-out estimate,m-shift_reversal-d2ca2a5c38,osb_hh2_477127614,1,P05_long_step,mean_frequency,exceeds,18.19606257420694,29.682547668106697,11.486485093899756,0.9191130292234142,r-5fe7a143f3c88a372d40,r-90f9f02c7a62a5c51d2c
neuron_model_behavioral_validation,Neuraxis,development_pilot,PILOT2_PROTOCOL,Exploratory development data; second development iteration informed by Pilot 1; not independent confirmation; never pooled with the confirmatory held-out estimate,m-shift_reversal-d2ca2a5c38,osb_hh2_477127614,1,P06_ramp,mean_frequency,exceeds,20.37510569588198,29.238586868880173,8.863481172998192,2.3187916737492316,r-0957e33747fc542d9104,r-db21f3f338696d949ec7
neuron_model_behavioral_validation,Neuraxis,development_pilot,PILOT2_PROTOCOL,Exploratory development data; second development iteration informed by Pilot 1; not independent confirmation; never pooled with the confirmatory held-out estimate,m-shift_reversal-d2ca2a5c38,osb_hh2_477127614,1,P07_hyperpolarizing_step,baseline_voltage,exceeds,-71.4206871846517,-61.6376864344279,9.783000750223799,0.5,r-d2b3788dfa4671532754,r-bc2b68196d93ebb698ac
neuron_model_behavioral_validation,Neuraxis,development_pilot,PILOT2_PROTOCOL,Exploratory development data; second development iteration informed by Pilot 1; not independent confirmation; never pooled with the confirmatory held-out estimate,m-shift_reversal-d2ca2a5c38,osb_hh2_477127614,1,P07_hyperpolarizing_step,minimum_voltage,exceeds,-93.17750549316406,-83.19142150878906,9.986083984375,0.5,r-d2b3788dfa4671532754,r-bc2b68196d93ebb698ac
neuron_model_behavioral_validation,Neuraxis,development_pilot,PILOT2_PROTOCOL,Exploratory development data; second development iteration informed by Pilot 1; not independent confirmation; never pooled with the confirmatory held-out estimate,m-shift_reversal-d2ca2a5c38,osb_hh2_477127614,1,P08_rebound,maximum_voltage,exceeds,-71.3893814086914,-61.515384674072266,9.87399673461914,1.0,r-6563a518c7df60efa667,r-5ac6a10c836a7ed1f5c1
neuron_model_behavioral_validation,Neuraxis,development_pilot,PILOT2_PROTOCOL,Exploratory development data; second development iteration informed by Pilot 1; not independent confirmation; never pooled with the confirmatory held-out estimate,m-shift_reversal-d2ca2a5c38,osb_hh2_477127614,2,P00_canonical,baseline_voltage,exceeds,-71.4192472556787,-61.63901585303427,9.780231402644425,0.5,r-cff06a8ac591df54f373,r-56b7df41b6189a5f0a39
neuron_model_behavioral_validation,Neuraxis,development_pilot,PILOT2_PROTOCOL,Exploratory development data; second development iteration informed by Pilot 1; not independent confirmation; never pooled with the confirmatory held-out estimate,m-shift_reversal-d2ca2a5c38,osb_hh2_477127614,2,P02_weak_step,baseline_voltage,exceeds,-71.42068381754557,-61.637685779571534,9.782998037974032,0.5,r-ae1b79422775c8a979b7,r-f8576e12b5077564c723
neuron_model_behavioral_validation,Neuraxis,development_pilot,PILOT2_PROTOCOL,Exploratory development data; second development iteration informed by Pilot 1; not independent confirmation; never pooled with the confirmatory held-out estimate,m-shift_reversal-d2ca2a5c38,osb_hh2_477127614,2,P04_step_2x,first_isi,exceeds,27.62999999997487,21.41999999998052,6.209999999994352,2.1299999999980628,r-ae1b79422775c8a979b7,r-f8576e12b5077564c723
neuron_model_behavioral_validation,Neuraxis,development_pilot,PILOT2_PROTOCOL,Exploratory development data; second development iteration informed by Pilot 1; not independent confirmation; never pooled with the confirmatory held-out estimate,m-shift_reversal-d2ca2a5c38,osb_hh2_477127614,2,P04_step_2x,mean_frequency,exceeds,32.591204448737535,43.75182299267613,11.160618543938597,1.8677289872833818,r-ae1b79422775c8a979b7,r-f8576e12b5077564c723
neuron_model_behavioral_validation,Neuraxis,development_pilot,PILOT2_PROTOCOL,Exploratory development data; second development iteration informed by Pilot 1; not independent confirmation; never pooled with the confirmatory held-out estimate,m-shift_reversal-d2ca2a5c38,osb_hh2_477127614,2,P05_long_step,first_isi,exceeds,46.48999999995772,29.60999999997307,16.879999999984648,3.2399999999970532,r-317893116e9cb0c903c3,r-e64cc0274805a94afba4
neuron_model_behavioral_validation,Neuraxis,development_pilot,PILOT2_PROTOCOL,Exploratory development data; second development iteration informed by Pilot 1; not independent confirmation; never pooled with the confirmatory held-out estimate,m-shift_reversal-d2ca2a5c38,osb_hh2_477127614,2,P05_long_step,mean_frequency,exceeds,18.50243358394808,30.239496814720617,11.737063230772538,0.9191130292234142,r-317893116e9cb0c903c3,r-e64cc0274805a94afba4
neuron_model_behavioral_validation,Neuraxis,development_pilot,PILOT2_PROTOCOL,Exploratory development data; second development iteration informed by Pilot 1; not independent confirmation; never pooled with the confirmatory held-out estimate,m-shift_reversal-d2ca2a5c38,osb_hh2_477127614,2,P06_ramp,mean_frequency,exceeds,21.14803625379839,30.036644706573142,8.88860845277475,2.3187916737492316,r-24b7e809e0450dd29615,r-37eb5e96950ea9096364
neuron_model_behavioral_validation,Neuraxis,development_pilot,PILOT2_PROTOCOL,Exploratory development data; second development iteration informed by Pilot 1; not independent confirmation; never pooled with the confirmatory held-out estimate,m-shift_reversal-d2ca2a5c38,osb_hh2_477127614,2,P07_hyperpolarizing_step,baseline_voltage,exceeds,-71.42068381754557,-61.637685779571534,9.782998037974032,0.5,r-ae1b79422775c8a979b7,r-f8576e12b5077564c723
neuron_model_behavioral_validation,Neuraxis,development_pilot,PILOT2_PROTOCOL,Exploratory development data; second development iteration informed by Pilot 1; not independent confirmation; never pooled with the confirmatory held-out estimate,m-shift_reversal-d2ca2a5c38,osb_hh2_477127614,2,P07_hyperpolarizing_step,minimum_voltage,exceeds,-93.17750549316406,-83.19142150878906,9.986083984375,0.5,r-ae1b79422775c8a979b7,r-f8576e12b5077564c723
neuron_model_behavioral_validation,Neuraxis,development_pilot,PILOT2_PROTOCOL,Exploratory development data; second development iteration informed by Pilot 1; not independent confirmation; never pooled with the confirmatory held-out estimate,m-shift_reversal-d2ca2a5c38,osb_hh2_477127614,2,P08_rebound,maximum_voltage,exceeds,-71.38938903808594,-61.51538848876953,9.874000549316406,1.0,r-f477372d2665f709d8ac,r-9cfcb0449fdd617d8210
neuron_model_behavioral_validation,Neuraxis,development_pilot,PILOT2_PROTOCOL,Exploratory development data; second development iteration informed by Pilot 1; not independent confirmation; never pooled with the confirmatory held-out estimate,m-scale_capacitance-8ea1c6d58b,osb_hh2_477127614,1,P04_step_2x,first_isi,exceeds,28.339999999974225,25.52999999997678,2.8099999999974443,2.1299999999980628,r-d2b3788dfa4671532754,r-742773b9865cc7339d90
neuron_model_behavioral_validation,Neuraxis,development_pilot,PILOT2_PROTOCOL,Exploratory development data; second development iteration informed by Pilot 1; not independent confirmation; never pooled with the confirmatory held-out estimate,m-scale_capacitance-8ea1c6d58b,osb_hh2_477127614,1,P04_step_2x,mean_frequency,exceeds,31.968628119643075,35.94688319381725,3.978255074174175,1.8677289872833818,r-d2b3788dfa4671532754,r-742773b9865cc7339d90
neuron_model_behavioral_validation,Neuraxis,development_pilot,PILOT2_PROTOCOL,Exploratory development data; second development iteration informed by Pilot 1; not independent confirmation; never pooled with the confirmatory held-out estimate,m-scale_capacitance-8ea1c6d58b,osb_hh2_477127614,1,P05_long_step,first_isi,exceeds,47.569999999956735,42.2199999999616,5.349999999995134,3.2399999999970532,r-5fe7a143f3c88a372d40,r-8850dd3cabb9abba21ea
neuron_model_behavioral_validation,Neuraxis,development_pilot,PILOT2_PROTOCOL,Exploratory development data; second development iteration informed by Pilot 1; not independent confirmation; never pooled with the confirmatory held-out estimate,m-scale_capacitance-8ea1c6d58b,osb_hh2_477127614,1,P05_long_step,mean_frequency,exceeds,18.19606257420694,20.72360772734372,2.527545153136778,0.9191130292234142,r-5fe7a143f3c88a372d40,r-8850dd3cabb9abba21ea
neuron_model_behavioral_validation,Neuraxis,development_pilot,PILOT2_PROTOCOL,Exploratory development data; second development iteration informed by Pilot 1; not independent confirmation; never pooled with the confirmatory held-out estimate,m-scale_capacitance-8ea1c6d58b,osb_hh2_477127614,1,P06_ramp,mean_frequency,exceeds,20.37510569588198,23.178007094509717,2.8029013986277356,2.3187916737492316,r-0957e33747fc542d9104,r-898c877228dab0b3f8e2
neuron_model_behavioral_validation,Neuraxis,development_pilot,PILOT2_PROTOCOL,Exploratory development data; second development iteration informed by Pilot 1; not independent confirmation; never pooled with the confirmatory held-out estimate,m-scale_capacitance-8ea1c6d58b,osb_hh2_477127614,2,P04_step_2x,ap_half_width,exceeds,0.6599999999993997,0.5999999999994543,0.05999999999994543,0.05,r-ae1b79422775c8a979b7,r-38090822c1a8dd139c4b
neuron_model_behavioral_validation,Neuraxis,development_pilot,PILOT2_PROTOCOL,Exploratory development data; second development iteration informed by Pilot 1; not independent confirmation; never pooled with the confirmatory held-out estimate,m-scale_capacitance-8ea1c6d58b,osb_hh2_477127614,2,P04_step_2x,first_isi,exceeds,27.62999999997487,24.9599999999773,2.6699999999975716,2.1299999999980628,r-ae1b79422775c8a979b7,r-38090822c1a8dd139c4b
neuron_model_behavioral_validation,Neuraxis,development_pilot,PILOT2_PROTOCOL,Exploratory development data; second development iteration informed by Pilot 1; not independent confirmation; never pooled with the confirmatory held-out estimate,m-scale_capacitance-8ea1c6d58b,osb_hh2_477127614,2,P04_step_2x,mean_frequency,exceeds,32.591204448737535,36.57347204165524,3.982267592917708,1.8677289872833818,r-ae1b79422775c8a979b7,r-38090822c1a8dd139c4b
neuron_model_behavioral_validation,Neuraxis,development_pilot,PILOT2_PROTOCOL,Exploratory development data; second development iteration informed by Pilot 1; not independent confirmation; never pooled with the confirmatory held-out estimate,m-scale_capacitance-8ea1c6d58b,osb_hh2_477127614,2,P05_long_step,first_isi,exceeds,46.48999999995772,41.389999999962356,5.099999999995362,3.2399999999970532,r-317893116e9cb0c903c3,r-d325a1835e76c9389f6d
neuron_model_behavioral_validation,Neuraxis,development_pilot,PILOT2_PROTOCOL,Exploratory development data; second development iteration informed by Pilot 1; not independent confirmation; never pooled with the confirmatory held-out estimate,m-scale_capacitance-8ea1c6d58b,osb_hh2_477127614,2,P05_long_step,mean_frequency,exceeds,18.50243358394808,21.01902221506529,2.5165886311172123,0.9191130292234142,r-317893116e9cb0c903c3,r-d325a1835e76c9389f6d
neuron_model_behavioral_validation,Neuraxis,development_pilot,PILOT2_PROTOCOL,Exploratory development data; second development iteration informed by Pilot 1; not independent confirmation; never pooled with the confirmatory held-out estimate,m-scale_capacitance-d886e6ca3e,osb_hh2_477127614,1,P00_canonical,ap_half_width,exceeds,0.6499999999994088,0.529999999999518,0.11999999999989086,0.05,r-50990666ac8ec9a46823,r-400a1d4568fe9464917d
neuron_model_behavioral_validation,Neuraxis,development_pilot,PILOT2_PROTOCOL,Exploratory development data; second development iteration informed by Pilot 1; not independent confirmation; never pooled with the confirmatory held-out estimate,m-scale_capacitance-d886e6ca3e,osb_hh2_477127614,1,P00_canonical,first_isi,exceeds,23.42999999997869,15.519999999985885,7.909999999992806,7.439999999993233,r-50990666ac8ec9a46823,r-400a1d4568fe9464917d
neuron_model_behavioral_validation,Neuraxis,development_pilot,PILOT2_PROTOCOL,Exploratory development data; second development iteration informed by Pilot 1; not independent confirmation; never pooled with the confirmatory held-out estimate,m-scale_capacitance-d886e6ca3e,osb_hh2_477127614,1,P00_canonical,mean_frequency,exceeds,39.70955298393104,60.46613896224452,20.75658597831348,11.603158080029147,r-50990666ac8ec9a46823,r-400a1d4568fe9464917d
neuron_model_behavioral_validation,Neuraxis,development_pilot,PILOT2_PROTOCOL,Exploratory development data; second development iteration informed by Pilot 1; not independent confirmation; never pooled with the confirmatory held-out estimate,m-scale_capacitance-d886e6ca3e,osb_hh2_477127614,1,P04_step_2x,ap_half_width,exceeds,0.6499999999994088,0.529999999999518,0.11999999999989086,0.05,r-d2b3788dfa4671532754,r-9ea5c7be3fe8a2572624
neuron_model_behavioral_validation,Neuraxis,development_pilot,PILOT2_PROTOCOL,Exploratory development data; second development iteration informed by Pilot 1; not independent confirmation; never pooled with the confirmatory held-out estimate,m-scale_capacitance-d886e6ca3e,osb_hh2_477127614,1,P04_step_2x,first_isi,exceeds,28.339999999974225,19.149999999982583,9.189999999991642,2.1299999999980628,r-d2b3788dfa4671532754,r-9ea5c7be3fe8a2572624
neuron_model_behavioral_validation,Neuraxis,development_pilot,PILOT2_PROTOCOL,Exploratory development data; second development iteration informed by Pilot 1; not independent confirmation; never pooled with the confirmatory held-out estimate,m-scale_capacitance-d886e6ca3e,osb_hh2_477127614,1,P04_step_2x,mean_frequency,exceeds,31.968628119643075,48.265460030222215,16.29683191057914,1.8677289872833818,r-d2b3788dfa4671532754,r-9ea5c7be3fe8a2572624
neuron_model_behavioral_validation,Neuraxis,development_pilot,PILOT2_PROTOCOL,Exploratory development data; second development iteration informed by Pilot 1; not independent confirmation; never pooled with the confirmatory held-out estimate,m-scale_capacitance-d886e6ca3e,osb_hh2_477127614,1,P05_long_step,ap_half_width,exceeds,0.6499999999994088,0.5199999999995271,0.12999999999988177,0.05,r-5fe7a143f3c88a372d40,r-14eb3141ea0a48f04ea6
neuron_model_behavioral_validation,Neuraxis,development_pilot,PILOT2_PROTOCOL,Exploratory development data; second development iteration informed by Pilot 1; not independent confirmation; never pooled with the confirmatory held-out estimate,m-scale_capacitance-d886e6ca3e,osb_hh2_477127614,1,P05_long_step,first_isi,exceeds,47.569999999956735,30.72999999997205,16.839999999984684,3.2399999999970532,r-5fe7a143f3c88a372d40,r-14eb3141ea0a48f04ea6
neuron_model_behavioral_validation,Neuraxis,development_pilot,PILOT2_PROTOCOL,Exploratory development data; second development iteration informed by Pilot 1; not independent confirmation; never pooled with the confirmatory held-out estimate,m-scale_capacitance-d886e6ca3e,osb_hh2_477127614,1,P05_long_step,mean_frequency,exceeds,18.19606257420694,28.547102719434097,10.351040145227156,0.9191130292234142,r-5fe7a143f3c88a372d40,r-14eb3141ea0a48f04ea6
neuron_model_behavioral_validation,Neuraxis,development_pilot,PILOT2_PROTOCOL,Exploratory development data; second development iteration informed by Pilot 1; not independent confirmation; never pooled with the confirmatory held-out estimate,m-scale_capacitance-d886e6ca3e,osb_hh2_477127614,1,P06_ramp,mean_frequency,exceeds,20.37510569588198,31.105135357540657,10.730029661658676,2.3187916737492316,r-0957e33747fc542d9104,r-dfa0e143b1af7aac60b7
neuron_model_behavioral_validation,Neuraxis,development_pilot,PILOT2_PROTOCOL,Exploratory development data; second development iteration informed by Pilot 1; not independent confirmation; never pooled with the confirmatory held-out estimate,m-scale_capacitance-d886e6ca3e,osb_hh2_477127614,1,P09_short_pulse,ap_half_width,definedness,,0.5399999999995089,,inf,r-00f5b9389bbdd9e19b1d,r-b016a693e9b97b73b7ce
neuron_model_behavioral_validation,Neuraxis,development_pilot,PILOT2_PROTOCOL,Exploratory development data; second development iteration informed by Pilot 1; not independent confirmation; never pooled with the confirmatory held-out estimate,m-scale_capacitance-d886e6ca3e,osb_hh2_477127614,2,P00_canonical,ap_half_width,exceeds,0.6499999999994088,0.529999999999518,0.11999999999989086,0.05,r-cff06a8ac591df54f373,r-eeda5c726f29c30d9e53
neuron_model_behavioral_validation,Neuraxis,development_pilot,PILOT2_PROTOCOL,Exploratory development data; second development iteration informed by Pilot 1; not independent confirmation; never pooled with the confirmatory held-out estimate,m-scale_capacitance-d886e6ca3e,osb_hh2_477127614,2,P00_canonical,mean_frequency,exceeds,43.577272343940756,65.00691562939043,21.42964328544968,11.603158080029147,r-cff06a8ac591df54f373,r-eeda5c726f29c30d9e53
neuron_model_behavioral_validation,Neuraxis,development_pilot,PILOT2_PROTOCOL,Exploratory development data; second development iteration informed by Pilot 1; not independent confirmation; never pooled with the confirmatory held-out estimate,m-scale_capacitance-d886e6ca3e,osb_hh2_477127614,2,P04_step_2x,ap_half_width,exceeds,0.6599999999993997,0.529999999999518,0.12999999999988177,0.05,r-ae1b79422775c8a979b7,r-434c83cd187e37f12397
neuron_model_behavioral_validation,Neuraxis,development_pilot,PILOT2_PROTOCOL,Exploratory development data; second development iteration informed by Pilot 1; not independent confirmation; never pooled with the confirmatory held-out estimate,m-scale_capacitance-d886e6ca3e,osb_hh2_477127614,2,P04_step_2x,first_isi,exceeds,27.62999999997487,18.77999999998292,8.849999999991951,2.1299999999980628,r-ae1b79422775c8a979b7,r-434c83cd187e37f12397
neuron_model_behavioral_validation,Neuraxis,development_pilot,PILOT2_PROTOCOL,Exploratory development data; second development iteration informed by Pilot 1; not independent confirmation; never pooled with the confirmatory held-out estimate,m-scale_capacitance-d886e6ca3e,osb_hh2_477127614,2,P04_step_2x,mean_frequency,exceeds,32.591204448737535,49.0616950816225,16.470490632884967,1.8677289872833818,r-ae1b79422775c8a979b7,r-434c83cd187e37f12397
neuron_model_behavioral_validation,Neuraxis,development_pilot,PILOT2_PROTOCOL,Exploratory development data; second development iteration informed by Pilot 1; not independent confirmation; never pooled with the confirmatory held-out estimate,m-scale_capacitance-d886e6ca3e,osb_hh2_477127614,2,P05_long_step,ap_half_width,exceeds,0.6499999999994088,0.529999999999518,0.11999999999989086,0.05,r-317893116e9cb0c903c3,r-988c649dc3928724e77b
neuron_model_behavioral_validation,Neuraxis,development_pilot,PILOT2_PROTOCOL,Exploratory development data; second development iteration informed by Pilot 1; not independent confirmation; never pooled with the confirmatory held-out estimate,m-scale_capacitance-d886e6ca3e,osb_hh2_477127614,2,P05_long_step,first_isi,exceeds,46.48999999995772,30.239999999972497,16.24999999998522,3.2399999999970532,r-317893116e9cb0c903c3,r-988c649dc3928724e77b
neuron_model_behavioral_validation,Neuraxis,development_pilot,PILOT2_PROTOCOL,Exploratory development data; second development iteration informed by Pilot 1; not independent confirmation; never pooled with the confirmatory held-out estimate,m-scale_capacitance-d886e6ca3e,osb_hh2_477127614,2,P05_long_step,mean_frequency,exceeds,18.50243358394808,28.8832811406907,10.38084755674262,0.9191130292234142,r-317893116e9cb0c903c3,r-988c649dc3928724e77b
neuron_model_behavioral_validation,Neuraxis,development_pilot,PILOT2_PROTOCOL,Exploratory development data; second development iteration informed by Pilot 1; not independent confirmation; never pooled with the confirmatory held-out estimate,m-scale_capacitance-d886e6ca3e,osb_hh2_477127614,2,P06_ramp,mean_frequency,exceeds,21.14803625379839,31.29353334278754,10.14549708898915,2.3187916737492316,r-24b7e809e0450dd29615,r-ff50d639c9d02f719e7d
neuron_model_behavioral_validation,Neuraxis,development_pilot,PILOT2_PROTOCOL,Exploratory development data; second development iteration informed by Pilot 1; not independent confirmation; never pooled with the confirmatory held-out estimate,m-scale_capacitance-d886e6ca3e,osb_hh2_477127614,2,P09_short_pulse,ap_half_width,definedness,,0.5399999999995089,,inf,r-34e1187a894445f911cf,r-2a18dcfe964cc19a16c3
neuron_model_behavioral_validation,Neuraxis,development_pilot,PILOT2_PROTOCOL,Exploratory development data; second development iteration informed by Pilot 1; not independent confirmation; never pooled with the confirmatory held-out estimate,m-shift_channel_vshift-8dac96bdae,osb_hh2_477127614,1,P00_canonical,mean_frequency,exceeds,39.70955298393104,56.28002745373088,16.57047446979984,11.603158080029147,r-50990666ac8ec9a46823,r-f6737678091aa9298f62
neuron_model_behavioral_validation,Neuraxis,development_pilot,PILOT2_PROTOCOL,Exploratory development data; second development iteration informed by Pilot 1; not independent confirmation; never pooled with the confirmatory held-out estimate,m-shift_channel_vshift-8dac96bdae,osb_hh2_477127614,1,P04_step_2x,ap_half_width,exceeds,0.6499999999994088,0.7099999999993543,0.05999999999994543,0.05,r-d2b3788dfa4671532754,r-0d2d6ef6f0015891c293
neuron_model_behavioral_validation,Neuraxis,development_pilot,PILOT2_PROTOCOL,Exploratory development data; second development iteration informed by Pilot 1; not independent confirmation; never pooled with the confirmatory held-out estimate,m-shift_channel_vshift-8dac96bdae,osb_hh2_477127614,1,P04_step_2x,first_isi,exceeds,28.339999999974225,16.219999999985248,12.119999999988977,2.1299999999980628,r-d2b3788dfa4671532754,r-0d2d6ef6f0015891c293
neuron_model_behavioral_validation,Neuraxis,development_pilot,PILOT2_PROTOCOL,Exploratory development data; second development iteration informed by Pilot 1; not independent confirmation; never pooled with the confirmatory held-out estimate,m-shift_channel_vshift-8dac96bdae,osb_hh2_477127614,1,P04_step_2x,mean_frequency,exceeds,31.968628119643075,54.002160086466375,22.0335319668233,1.8677289872833818,r-d2b3788dfa4671532754,r-0d2d6ef6f0015891c293
neuron_model_behavioral_validation,Neuraxis,development_pilot,PILOT2_PROTOCOL,Exploratory development data; second development iteration informed by Pilot 1; not independent confirmation; never pooled with the confirmatory held-out estimate,m-shift_channel_vshift-8dac96bdae,osb_hh2_477127614,1,P05_long_step,ap_half_width,exceeds,0.6499999999994088,0.7099999999993543,0.05999999999994543,0.05,r-5fe7a143f3c88a372d40,r-5f1094062e67aadae165
neuron_model_behavioral_validation,Neuraxis,development_pilot,PILOT2_PROTOCOL,Exploratory development data; second development iteration informed by Pilot 1; not independent confirmation; never pooled with the confirmatory held-out estimate,m-shift_channel_vshift-8dac96bdae,osb_hh2_477127614,1,P05_long_step,first_isi,exceeds,47.569999999956735,23.179999999978918,24.389999999977817,3.2399999999970532,r-5fe7a143f3c88a372d40,r-5f1094062e67aadae165
neuron_model_behavioral_validation,Neuraxis,development_pilot,PILOT2_PROTOCOL,Exploratory development data; second development iteration informed by Pilot 1; not independent confirmation; never pooled with the confirmatory held-out estimate,m-shift_channel_vshift-8dac96bdae,osb_hh2_477127614,1,P05_long_step,mean_frequency,exceeds,18.19606257420694,35.032930955032185,16.836868380825244,0.9191130292234142,r-5fe7a143f3c88a372d40,r-5f1094062e67aadae165
neuron_model_behavioral_validation,Neuraxis,development_pilot,PILOT2_PROTOCOL,Exploratory development data; second development iteration informed by Pilot 1; not independent confirmation; never pooled with the confirmatory held-out estimate,m-shift_channel_vshift-8dac96bdae,osb_hh2_477127614,1,P06_ramp,mean_frequency,exceeds,20.37510569588198,35.42259151683216,15.047485820950183,2.3187916737492316,r-0957e33747fc542d9104,r-1886eb91f47b6b9fc786
neuron_model_behavioral_validation,Neuraxis,development_pilot,PILOT2_PROTOCOL,Exploratory development data; second development iteration informed by Pilot 1; not independent confirmation; never pooled with the confirmatory held-out estimate,m-shift_channel_vshift-8dac96bdae,osb_hh2_477127614,2,P00_canonical,ap_half_width,exceeds,0.6499999999994088,0.7099999999993543,0.05999999999994543,0.05,r-cff06a8ac591df54f373,r-07800e0250bd7487ac6c
neuron_model_behavioral_validation,Neuraxis,development_pilot,PILOT2_PROTOCOL,Exploratory development data; second development iteration informed by Pilot 1; not independent confirmation; never pooled with the confirmatory held-out estimate,m-shift_channel_vshift-8dac96bdae,osb_hh2_477127614,2,P00_canonical,mean_frequency,exceeds,43.577272343940756,65.05100275435535,21.473730410414596,11.603158080029147,r-cff06a8ac591df54f373,r-07800e0250bd7487ac6c
neuron_model_behavioral_validation,Neuraxis,development_pilot,PILOT2_PROTOCOL,Exploratory development data; second development iteration informed by Pilot 1; not independent confirmation; never pooled with the confirmatory held-out estimate,m-shift_channel_vshift-8dac96bdae,osb_hh2_477127614,2,P04_step_2x,first_isi,exceeds,27.62999999997487,15.549999999985857,12.079999999989013,2.1299999999980628,r-ae1b79422775c8a979b7,r-82347bc8acd43b5c9563
neuron_model_behavioral_validation,Neuraxis,development_pilot,PILOT2_PROTOCOL,Exploratory development data; second development iteration informed by Pilot 1; not independent confirmation; never pooled with the confirmatory held-out estimate,m-shift_channel_vshift-8dac96bdae,osb_hh2_477127614,2,P04_step_2x,mean_frequency,exceeds,32.591204448737535,56.04147068837465,23.450266239637116,1.8677289872833818,r-ae1b79422775c8a979b7,r-82347bc8acd43b5c9563
neuron_model_behavioral_validation,Neuraxis,development_pilot,PILOT2_PROTOCOL,Exploratory development data; second development iteration informed by Pilot 1; not independent confirmation; never pooled with the confirmatory held-out estimate,m-shift_channel_vshift-8dac96bdae,osb_hh2_477127614,2,P05_long_step,ap_half_width,exceeds,0.6499999999994088,0.7099999999993543,0.05999999999994543,0.05,r-317893116e9cb0c903c3,r-2c7db128bf932d6bc84e
neuron_model_behavioral_validation,Neuraxis,development_pilot,PILOT2_PROTOCOL,Exploratory development data; second development iteration informed by Pilot 1; not independent confirmation; never pooled with the confirmatory held-out estimate,m-shift_channel_vshift-8dac96bdae,osb_hh2_477127614,2,P05_long_step,first_isi,exceeds,46.48999999995772,22.07999999997992,24.4099999999778,3.2399999999970532,r-317893116e9cb0c903c3,r-2c7db128bf932d6bc84e
neuron_model_behavioral_validation,Neuraxis,development_pilot,PILOT2_PROTOCOL,Exploratory development data; second development iteration informed by Pilot 1; not independent confirmation; never pooled with the confirmatory held-out estimate,m-shift_channel_vshift-8dac96bdae,osb_hh2_477127614,2,P05_long_step,mean_frequency,exceeds,18.50243358394808,36.28355598999941,17.781122406051328,0.9191130292234142,r-317893116e9cb0c903c3,r-2c7db128bf932d6bc84e
neuron_model_behavioral_validation,Neuraxis,development_pilot,PILOT2_PROTOCOL,Exploratory development data; second development iteration informed by Pilot 1; not independent confirmation; never pooled with the confirmatory held-out estimate,m-shift_channel_vshift-8dac96bdae,osb_hh2_477127614,2,P06_ramp,mean_frequency,exceeds,21.14803625379839,37.094219317103835,15.946183063305444,2.3187916737492316,r-24b7e809e0450dd29615,r-fa641e4e1bd4c7413b11
neuron_model_behavioral_validation,Neuraxis,development_pilot,PILOT2_PROTOCOL,Exploratory development data; second development iteration informed by Pilot 1; not independent confirmation; never pooled with the confirmatory held-out estimate,m-wrong_channel-105026e445,osb_hh2_477127614,1,P00_canonical,ap_half_width,definedness,0.6499999999994088,,,0.05,r-50990666ac8ec9a46823,r-83500d9fdd06efa9953f
neuron_model_behavioral_validation,Neuraxis,development_pilot,PILOT2_PROTOCOL,Exploratory development data; second development iteration informed by Pilot 1; not independent confirmation; never pooled with the confirmatory held-out estimate,m-wrong_channel-105026e445,osb_hh2_477127614,1,P00_canonical,firing_regime,categorical,tonic,silent,,,r-50990666ac8ec9a46823,r-83500d9fdd06efa9953f
neuron_model_behavioral_validation,Neuraxis,development_pilot,PILOT2_PROTOCOL,Exploratory development data; second development iteration informed by Pilot 1; not independent confirmation; never pooled with the confirmatory held-out estimate,m-wrong_channel-105026e445,osb_hh2_477127614,1,P00_canonical,first_isi,definedness,23.42999999997869,,,7.439999999993233,r-50990666ac8ec9a46823,r-83500d9fdd06efa9953f
neuron_model_behavioral_validation,Neuraxis,development_pilot,PILOT2_PROTOCOL,Exploratory development data; second development iteration informed by Pilot 1; not independent confirmation; never pooled with the confirmatory held-out estimate,m-wrong_channel-105026e445,osb_hh2_477127614,1,P00_canonical,mean_frequency,definedness,39.70955298393104,,,11.603158080029147,r-50990666ac8ec9a46823,r-83500d9fdd06efa9953f
neuron_model_behavioral_validation,Neuraxis,development_pilot,PILOT2_PROTOCOL,Exploratory development data; second development iteration informed by Pilot 1; not independent confirmation; never pooled with the confirmatory held-out estimate,m-wrong_channel-105026e445,osb_hh2_477127614,1,P04_step_2x,ap_half_width,definedness,0.6499999999994088,,,0.05,r-d2b3788dfa4671532754,r-0f69334f7fe9b2435640
neuron_model_behavioral_validation,Neuraxis,development_pilot,PILOT2_PROTOCOL,Exploratory development data; second development iteration informed by Pilot 1; not independent confirmation; never pooled with the confirmatory held-out estimate,m-wrong_channel-105026e445,osb_hh2_477127614,1,P04_step_2x,burst_count,definedness,1.0,,,0.5,r-d2b3788dfa4671532754,r-0f69334f7fe9b2435640
neuron_model_behavioral_validation,Neuraxis,development_pilot,PILOT2_PROTOCOL,Exploratory development data; second development iteration informed by Pilot 1; not independent confirmation; never pooled with the confirmatory held-out estimate,m-wrong_channel-105026e445,osb_hh2_477127614,1,P04_step_2x,firing_regime,categorical,tonic,silent,,,r-d2b3788dfa4671532754,r-0f69334f7fe9b2435640
neuron_model_behavioral_validation,Neuraxis,development_pilot,PILOT2_PROTOCOL,Exploratory development data; second development iteration informed by Pilot 1; not independent confirmation; never pooled with the confirmatory held-out estimate,m-wrong_channel-105026e445,osb_hh2_477127614,1,P04_step_2x,first_isi,definedness,28.339999999974225,,,2.1299999999980628,r-d2b3788dfa4671532754,r-0f69334f7fe9b2435640
neuron_model_behavioral_validation,Neuraxis,development_pilot,PILOT2_PROTOCOL,Exploratory development data; second development iteration informed by Pilot 1; not independent confirmation; never pooled with the confirmatory held-out estimate,m-wrong_channel-105026e445,osb_hh2_477127614,1,P04_step_2x,mean_frequency,definedness,31.968628119643075,,,1.8677289872833818,r-d2b3788dfa4671532754,r-0f69334f7fe9b2435640
neuron_model_behavioral_validation,Neuraxis,development_pilot,PILOT2_PROTOCOL,Exploratory development data; second development iteration informed by Pilot 1; not independent confirmation; never pooled with the confirmatory held-out estimate,m-wrong_channel-105026e445,osb_hh2_477127614,1,P05_long_step,ap_half_width,definedness,0.6499999999994088,,,0.05,r-5fe7a143f3c88a372d40,r-c967d4adfff16ea26680
neuron_model_behavioral_validation,Neuraxis,development_pilot,PILOT2_PROTOCOL,Exploratory development data; second development iteration informed by Pilot 1; not independent confirmation; never pooled with the confirmatory held-out estimate,m-wrong_channel-105026e445,osb_hh2_477127614,1,P05_long_step,burst_count,definedness,1.0,,,0.5,r-5fe7a143f3c88a372d40,r-c967d4adfff16ea26680
neuron_model_behavioral_validation,Neuraxis,development_pilot,PILOT2_PROTOCOL,Exploratory development data; second development iteration informed by Pilot 1; not independent confirmation; never pooled with the confirmatory held-out estimate,m-wrong_channel-105026e445,osb_hh2_477127614,1,P05_long_step,firing_regime,categorical,tonic,silent,,,r-5fe7a143f3c88a372d40,r-c967d4adfff16ea26680
neuron_model_behavioral_validation,Neuraxis,development_pilot,PILOT2_PROTOCOL,Exploratory development data; second development iteration informed by Pilot 1; not independent confirmation; never pooled with the confirmatory held-out estimate,m-wrong_channel-105026e445,osb_hh2_477127614,1,P05_long_step,first_isi,definedness,47.569999999956735,,,3.2399999999970532,r-5fe7a143f3c88a372d40,r-c967d4adfff16ea26680
neuron_model_behavioral_validation,Neuraxis,development_pilot,PILOT2_PROTOCOL,Exploratory development data; second development iteration informed by Pilot 1; not independent confirmation; never pooled with the confirmatory held-out estimate,m-wrong_channel-105026e445,osb_hh2_477127614,1,P05_long_step,mean_frequency,definedness,18.19606257420694,,,0.9191130292234142,r-5fe7a143f3c88a372d40,r-c967d4adfff16ea26680
neuron_model_behavioral_validation,Neuraxis,development_pilot,PILOT2_PROTOCOL,Exploratory development data; second development iteration informed by Pilot 1; not independent confirmation; never pooled with the confirmatory held-out estimate,m-wrong_channel-105026e445,osb_hh2_477127614,1,P06_ramp,firing_regime,categorical,tonic,silent,,,r-0957e33747fc542d9104,r-899528a77fbac50b1522
neuron_model_behavioral_validation,Neuraxis,development_pilot,PILOT2_PROTOCOL,Exploratory development data; second development iteration informed by Pilot 1; not independent confirmation; never pooled with the confirmatory held-out estimate,m-wrong_channel-105026e445,osb_hh2_477127614,1,P06_ramp,mean_frequency,definedness,20.37510569588198,,,2.3187916737492316,r-0957e33747fc542d9104,r-899528a77fbac50b1522
neuron_model_behavioral_validation,Neuraxis,development_pilot,PILOT2_PROTOCOL,Exploratory development data; second development iteration informed by Pilot 1; not independent confirmation; never pooled with the confirmatory held-out estimate,m-wrong_channel-105026e445,osb_hh2_477127614,2,P00_canonical,ap_half_width,definedness,0.6499999999994088,,,0.05,r-cff06a8ac591df54f373,r-0116f017713fea5e535e
neuron_model_behavioral_validation,Neuraxis,development_pilot,PILOT2_PROTOCOL,Exploratory development data; second development iteration informed by Pilot 1; not independent confirmation; never pooled with the confirmatory held-out estimate,m-wrong_channel-105026e445,osb_hh2_477127614,2,P00_canonical,firing_regime,categorical,tonic,silent,,,r-cff06a8ac591df54f373,r-0116f017713fea5e535e
neuron_model_behavioral_validation,Neuraxis,development_pilot,PILOT2_PROTOCOL,Exploratory development data; second development iteration informed by Pilot 1; not independent confirmation; never pooled with the confirmatory held-out estimate,m-wrong_channel-105026e445,osb_hh2_477127614,2,P00_canonical,first_isi,definedness,20.949999999980946,,,7.439999999993233,r-cff06a8ac591df54f373,r-0116f017713fea5e535e
neuron_model_behavioral_validation,Neuraxis,development_pilot,PILOT2_PROTOCOL,Exploratory development data; second development iteration informed by Pilot 1; not independent confirmation; never pooled with the confirmatory held-out estimate,m-wrong_channel-105026e445,osb_hh2_477127614,2,P00_canonical,mean_frequency,definedness,43.577272343940756,,,11.603158080029147,r-cff06a8ac591df54f373,r-0116f017713fea5e535e
neuron_model_behavioral_validation,Neuraxis,development_pilot,PILOT2_PROTOCOL,Exploratory development data; second development iteration informed by Pilot 1; not independent confirmation; never pooled with the confirmatory held-out estimate,m-wrong_channel-105026e445,osb_hh2_477127614,2,P04_step_2x,ap_half_width,definedness,0.6599999999993997,,,0.05,r-ae1b79422775c8a979b7,r-30d17c54ac2eae6167d0
neuron_model_behavioral_validation,Neuraxis,development_pilot,PILOT2_PROTOCOL,Exploratory development data; second development iteration informed by Pilot 1; not independent confirmation; never pooled with the confirmatory held-out estimate,m-wrong_channel-105026e445,osb_hh2_477127614,2,P04_step_2x,burst_count,definedness,1.0,,,0.5,r-ae1b79422775c8a979b7,r-30d17c54ac2eae6167d0
neuron_model_behavioral_validation,Neuraxis,development_pilot,PILOT2_PROTOCOL,Exploratory development data; second development iteration informed by Pilot 1; not independent confirmation; never pooled with the confirmatory held-out estimate,m-wrong_channel-105026e445,osb_hh2_477127614,2,P04_step_2x,firing_regime,categorical,tonic,silent,,,r-ae1b79422775c8a979b7,r-30d17c54ac2eae6167d0
neuron_model_behavioral_validation,Neuraxis,development_pilot,PILOT2_PROTOCOL,Exploratory development data; second development iteration informed by Pilot 1; not independent confirmation; never pooled with the confirmatory held-out estimate,m-wrong_channel-105026e445,osb_hh2_477127614,2,P04_step_2x,first_isi,definedness,27.62999999997487,,,2.1299999999980628,r-ae1b79422775c8a979b7,r-30d17c54ac2eae6167d0
neuron_model_behavioral_validation,Neuraxis,development_pilot,PILOT2_PROTOCOL,Exploratory development data; second development iteration informed by Pilot 1; not independent confirmation; never pooled with the confirmatory held-out estimate,m-wrong_channel-105026e445,osb_hh2_477127614,2,P04_step_2x,mean_frequency,definedness,32.591204448737535,,,1.8677289872833818,r-ae1b79422775c8a979b7,r-30d17c54ac2eae6167d0
neuron_model_behavioral_validation,Neuraxis,development_pilot,PILOT2_PROTOCOL,Exploratory development data; second development iteration informed by Pilot 1; not independent confirmation; never pooled with the confirmatory held-out estimate,m-wrong_channel-105026e445,osb_hh2_477127614,2,P05_long_step,ap_half_width,definedness,0.6499999999994088,,,0.05,r-317893116e9cb0c903c3,r-0764fc815d36e1fc8119
neuron_model_behavioral_validation,Neuraxis,development_pilot,PILOT2_PROTOCOL,Exploratory development data; second development iteration informed by Pilot 1; not independent confirmation; never pooled with the confirmatory held-out estimate,m-wrong_channel-105026e445,osb_hh2_477127614,2,P05_long_step,burst_count,definedness,1.0,,,0.5,r-317893116e9cb0c903c3,r-0764fc815d36e1fc8119
neuron_model_behavioral_validation,Neuraxis,development_pilot,PILOT2_PROTOCOL,Exploratory development data; second development iteration informed by Pilot 1; not independent confirmation; never pooled with the confirmatory held-out estimate,m-wrong_channel-105026e445,osb_hh2_477127614,2,P05_long_step,firing_regime,categorical,tonic,silent,,,r-317893116e9cb0c903c3,r-0764fc815d36e1fc8119
neuron_model_behavioral_validation,Neuraxis,development_pilot,PILOT2_PROTOCOL,Exploratory development data; second development iteration informed by Pilot 1; not independent confirmation; never pooled with the confirmatory held-out estimate,m-wrong_channel-105026e445,osb_hh2_477127614,2,P05_long_step,first_isi,definedness,46.48999999995772,,,3.2399999999970532,r-317893116e9cb0c903c3,r-0764fc815d36e1fc8119
neuron_model_behavioral_validation,Neuraxis,development_pilot,PILOT2_PROTOCOL,Exploratory development data; second development iteration informed by Pilot 1; not independent confirmation; never pooled with the confirmatory held-out estimate,m-wrong_channel-105026e445,osb_hh2_477127614,2,P05_long_step,mean_frequency,definedness,18.50243358394808,,,0.9191130292234142,r-317893116e9cb0c903c3,r-0764fc815d36e1fc8119
neuron_model_behavioral_validation,Neuraxis,development_pilot,PILOT2_PROTOCOL,Exploratory development data; second development iteration informed by Pilot 1; not independent confirmation; never pooled with the confirmatory held-out estimate,m-wrong_channel-105026e445,osb_hh2_477127614,2,P06_ramp,firing_regime,categorical,tonic,silent,,,r-24b7e809e0450dd29615,r-8a6f2ae9249af8fcc2f7
neuron_model_behavioral_validation,Neuraxis,development_pilot,PILOT2_PROTOCOL,Exploratory development data; second development iteration informed by Pilot 1; not independent confirmation; never pooled with the confirmatory held-out estimate,m-wrong_channel-105026e445,osb_hh2_477127614,2,P06_ramp,mean_frequency,definedness,21.14803625379839,,,2.3187916737492316,r-24b7e809e0450dd29615,r-8a6f2ae9249af8fcc2f7
neuron_model_behavioral_validation,Neuraxis,development_pilot,PILOT2_PROTOCOL,Exploratory development data; second development iteration informed by Pilot 1; not independent confirmation; never pooled with the confirmatory held-out estimate,m-duplicate_conductance-06ea96d790,osb_hh2_477127614,1,P05_long_step,mean_frequency,exceeds,18.19606257420694,16.096093679236695,2.099968894970246,0.9191130292234142,r-5fe7a143f3c88a372d40,r-2c1bd8dcd6f601d7d9f7
neuron_model_behavioral_validation,Neuraxis,development_pilot,PILOT2_PROTOCOL,Exploratory development data; second development iteration informed by Pilot 1; not independent confirmation; never pooled with the confirmatory held-out estimate,m-duplicate_conductance-06ea96d790,osb_hh2_477127614,2,P05_long_step,mean_frequency,exceeds,18.50243358394808,16.336115577993656,2.166318005954423,0.9191130292234142,r-317893116e9cb0c903c3,r-672375e7feb7452feb7e
neuron_model_behavioral_validation,Neuraxis,development_pilot,PILOT2_PROTOCOL,Exploratory development data; second development iteration informed by Pilot 1; not independent confirmation; never pooled with the confirmatory held-out estimate,m-wrong_compatible_component-a12a6658b4,osb_hh2_477127614,1,P05_long_step,mean_frequency,exceeds,18.19606257420694,20.39338846342957,2.197325889222629,0.9191130292234142,r-5fe7a143f3c88a372d40,r-a22fa9b32906dca4fa21
neuron_model_behavioral_validation,Neuraxis,development_pilot,PILOT2_PROTOCOL,Exploratory development data; second development iteration informed by Pilot 1; not independent confirmation; never pooled with the confirmatory held-out estimate,m-wrong_compatible_component-a12a6658b4,osb_hh2_477127614,2,P05_long_step,mean_frequency,exceeds,18.50243358394808,20.767695596201598,2.265262012253519,0.9191130292234142,r-317893116e9cb0c903c3,r-9b7e85278ca258a133d1
neuron_model_behavioral_validation,Neuraxis,development_pilot,PILOT2_PROTOCOL,Exploratory development data; second development iteration informed by Pilot 1; not independent confirmation; never pooled with the confirmatory held-out estimate,m-scale_conductance-8d921084f4,pospischil2008_fs,1,P00_canonical,first_isi,exceeds,20.2299999999816,19.44999999998231,0.7799999999992906,0.5,r-4cceac4cec0eb866659f,r-5567f02389795c6ec4b6
neuron_model_behavioral_validation,Neuraxis,development_pilot,PILOT2_PROTOCOL,Exploratory development data; second development iteration informed by Pilot 1; not independent confirmation; never pooled with the confirmatory held-out estimate,m-scale_conductance-8d921084f4,pospischil2008_fs,2,P00_canonical,first_isi,exceeds,20.199999999981628,19.419999999982338,0.7799999999992906,0.5,r-c9243a4c0b8a67de36a8,r-694f1990031799d5c551
neuron_model_behavioral_validation,Neuraxis,development_pilot,PILOT2_PROTOCOL,Exploratory development data; second development iteration informed by Pilot 1; not independent confirmation; never pooled with the confirmatory held-out estimate,m-scale_conductance-10ff293ca8,pospischil2008_fs,1,P00_canonical,first_isi,exceeds,20.2299999999816,13.209999999987986,7.019999999993615,0.5,r-4cceac4cec0eb866659f,r-3eb3dae08757c4be7ae7
neuron_model_behavioral_validation,Neuraxis,development_pilot,PILOT2_PROTOCOL,Exploratory development data; second development iteration informed by Pilot 1; not independent confirmation; never pooled with the confirmatory held-out estimate,m-scale_conductance-10ff293ca8,pospischil2008_fs,1,P00_canonical,mean_frequency,exceeds,49.81568197674742,76.33399817792704,26.518316201179623,2.4907840988373713,r-4cceac4cec0eb866659f,r-3eb3dae08757c4be7ae7
neuron_model_behavioral_validation,Neuraxis,development_pilot,PILOT2_PROTOCOL,Exploratory development data; second development iteration informed by Pilot 1; not independent confirmation; never pooled with the confirmatory held-out estimate,m-scale_conductance-10ff293ca8,pospischil2008_fs,1,P02_weak_step,voltage_deflection,exceeds,9.085962840271158,14.489035445613474,5.403072605342317,0.5,r-54e05e4e4388308e9268,r-021307729cf1e7122622
neuron_model_behavioral_validation,Neuraxis,development_pilot,PILOT2_PROTOCOL,Exploratory development data; second development iteration informed by Pilot 1; not independent confirmation; never pooled with the confirmatory held-out estimate,m-scale_conductance-10ff293ca8,pospischil2008_fs,1,P04_step_2x,first_isi,exceeds,10.549999999990405,8.93999999999187,1.6099999999985357,0.5,r-54e05e4e4388308e9268,r-021307729cf1e7122622
neuron_model_behavioral_validation,Neuraxis,development_pilot,PILOT2_PROTOCOL,Exploratory development data; second development iteration informed by Pilot 1; not independent confirmation; never pooled with the confirmatory held-out estimate,m-scale_conductance-10ff293ca8,pospischil2008_fs,1,P04_step_2x,mean_frequency,exceeds,95.40435206246943,112.68966072376007,17.285308661290642,4.770217603123472,r-54e05e4e4388308e9268,r-021307729cf1e7122622
neuron_model_behavioral_validation,Neuraxis,development_pilot,PILOT2_PROTOCOL,Exploratory development data; second development iteration informed by Pilot 1; not independent confirmation; never pooled with the confirmatory held-out estimate,m-scale_conductance-10ff293ca8,pospischil2008_fs,1,P05_long_step,first_isi,exceeds,15.599999999985812,11.639999999989413,3.9599999999963984,0.5,r-d95212df9ca6b2b4efff,r-259e7b6f88afc8ca662d
neuron_model_behavioral_validation,Neuraxis,development_pilot,PILOT2_PROTOCOL,Exploratory development data; second development iteration informed by Pilot 1; not independent confirmation; never pooled with the confirmatory held-out estimate,m-scale_conductance-10ff293ca8,pospischil2008_fs,1,P05_long_step,mean_frequency,exceeds,64.1838868356668,86.03656554019264,21.852678704525843,3.20919434178334,r-d95212df9ca6b2b4efff,r-259e7b6f88afc8ca662d
neuron_model_behavioral_validation,Neuraxis,development_pilot,PILOT2_PROTOCOL,Exploratory development data; second development iteration informed by Pilot 1; not independent confirmation; never pooled with the confirmatory held-out estimate,m-scale_conductance-10ff293ca8,pospischil2008_fs,1,P06_ramp,mean_frequency,exceeds,61.0030501525709,80.09691726997967,19.09386711740877,3.050152507628545,r-5888f8cf54a64bb2eb2f,r-62d46e7eef3d889ea01b
neuron_model_behavioral_validation,Neuraxis,development_pilot,PILOT2_PROTOCOL,Exploratory development data; second development iteration informed by Pilot 1; not independent confirmation; never pooled with the confirmatory held-out estimate,m-scale_conductance-10ff293ca8,pospischil2008_fs,1,P07_hyperpolarizing_step,minimum_voltage,exceeds,-88.16673278808594,-106.33346557617188,18.166732788085938,0.5,r-54e05e4e4388308e9268,r-021307729cf1e7122622
neuron_model_behavioral_validation,Neuraxis,development_pilot,PILOT2_PROTOCOL,Exploratory development data; second development iteration informed by Pilot 1; not independent confirmation; never pooled with the confirmatory held-out estimate,m-scale_conductance-10ff293ca8,pospischil2008_fs,1,P07_hyperpolarizing_step,voltage_deflection,exceeds,-18.16673769226105,-36.33347811126741,18.16674041900636,0.9083368846130526,r-54e05e4e4388308e9268,r-021307729cf1e7122622
neuron_model_behavioral_validation,Neuraxis,development_pilot,PILOT2_PROTOCOL,Exploratory development data; second development iteration informed by Pilot 1; not independent confirmation; never pooled with the confirmatory held-out estimate,m-scale_conductance-10ff293ca8,pospischil2008_fs,2,P00_canonical,first_isi,exceeds,20.199999999981628,13.169999999988022,7.029999999993606,0.5,r-c9243a4c0b8a67de36a8,r-f4d2edcbbc391b595f77
neuron_model_behavioral_validation,Neuraxis,development_pilot,PILOT2_PROTOCOL,Exploratory development data; second development iteration informed by Pilot 1; not independent confirmation; never pooled with the confirmatory held-out estimate,m-scale_conductance-10ff293ca8,pospischil2008_fs,2,P00_canonical,mean_frequency,exceeds,49.88153136307411,76.49976556532826,26.61823420225415,2.4907840988373713,r-c9243a4c0b8a67de36a8,r-f4d2edcbbc391b595f77
neuron_model_behavioral_validation,Neuraxis,development_pilot,PILOT2_PROTOCOL,Exploratory development data; second development iteration informed by Pilot 1; not independent confirmation; never pooled with the confirmatory held-out estimate,m-scale_conductance-10ff293ca8,pospischil2008_fs,2,P02_weak_step,voltage_deflection,exceeds,9.08596352157609,14.452508792843773,5.366545271267682,0.5,r-e087238cb438e653e31d,r-7e2d21dcd75a0540434c
neuron_model_behavioral_validation,Neuraxis,development_pilot,PILOT2_PROTOCOL,Exploratory development data; second development iteration informed by Pilot 1; not independent confirmation; never pooled with the confirmatory held-out estimate,m-scale_conductance-10ff293ca8,pospischil2008_fs,2,P04_step_2x,first_isi,exceeds,10.439999999990505,8.82999999999197,1.6099999999985357,0.5,r-e087238cb438e653e31d,r-7e2d21dcd75a0540434c
neuron_model_behavioral_validation,Neuraxis,development_pilot,PILOT2_PROTOCOL,Exploratory development data; second development iteration informed by Pilot 1; not independent confirmation; never pooled with the confirmatory held-out estimate,m-scale_conductance-10ff293ca8,pospischil2008_fs,2,P04_step_2x,mean_frequency,exceeds,96.26762399481751,113.99259048175202,17.724966486934505,4.770217603123472,r-e087238cb438e653e31d,r-7e2d21dcd75a0540434c
neuron_model_behavioral_validation,Neuraxis,development_pilot,PILOT2_PROTOCOL,Exploratory development data; second development iteration informed by Pilot 1; not independent confirmation; never pooled with the confirmatory held-out estimate,m-scale_conductance-10ff293ca8,pospischil2008_fs,2,P05_long_step,first_isi,exceeds,15.489999999985912,11.519999999989523,3.9699999999963893,0.5,r-880359fc85650f897997,r-f379af994425be2cf52f
neuron_model_behavioral_validation,Neuraxis,development_pilot,PILOT2_PROTOCOL,Exploratory development data; second development iteration informed by Pilot 1; not independent confirmation; never pooled with the confirmatory held-out estimate,m-scale_conductance-10ff293ca8,pospischil2008_fs,2,P05_long_step,mean_frequency,exceeds,64.68078278777342,86.99806391576406,22.31728112799064,3.20919434178334,r-880359fc85650f897997,r-f379af994425be2cf52f
neuron_model_behavioral_validation,Neuraxis,development_pilot,PILOT2_PROTOCOL,Exploratory development data; second development iteration informed by Pilot 1; not independent confirmation; never pooled with the confirmatory held-out estimate,m-scale_conductance-10ff293ca8,pospischil2008_fs,2,P06_ramp,mean_frequency,exceeds,61.23944623484154,81.04457451606787,19.80512828122633,3.050152507628545,r-b0adc3019253aae3e3e8,r-738aa3935bedd5fc9ce9
neuron_model_behavioral_validation,Neuraxis,development_pilot,PILOT2_PROTOCOL,Exploratory development data; second development iteration informed by Pilot 1; not independent confirmation; never pooled with the confirmatory held-out estimate,m-scale_conductance-10ff293ca8,pospischil2008_fs,2,P07_hyperpolarizing_step,minimum_voltage,exceeds,-88.16673278808594,-106.33346557617188,18.166732788085938,0.5,r-e087238cb438e653e31d,r-7e2d21dcd75a0540434c
neuron_model_behavioral_validation,Neuraxis,development_pilot,PILOT2_PROTOCOL,Exploratory development data; second development iteration informed by Pilot 1; not independent confirmation; never pooled with the confirmatory held-out estimate,m-scale_conductance-10ff293ca8,pospischil2008_fs,2,P07_hyperpolarizing_step,voltage_deflection,exceeds,-18.166739054870916,-36.3334794723514,18.166740417480483,0.9083368846130526,r-e087238cb438e653e31d,r-7e2d21dcd75a0540434c
neuron_model_behavioral_validation,Neuraxis,development_pilot,PILOT2_PROTOCOL,Exploratory development data; second development iteration informed by Pilot 1; not independent confirmation; never pooled with the confirmatory held-out estimate,m-scale_conductance-2c1b980b1d,pospischil2008_fs,1,P00_canonical,ap_half_width,exceeds,0.5599999999994907,0.45999999999958163,0.09999999999990905,0.05,r-4cceac4cec0eb866659f,r-ce687e1d6a22a76e95ae
neuron_model_behavioral_validation,Neuraxis,development_pilot,PILOT2_PROTOCOL,Exploratory development data; second development iteration informed by Pilot 1; not independent confirmation; never pooled with the confirmatory held-out estimate,m-scale_conductance-2c1b980b1d,pospischil2008_fs,1,P00_canonical,first_isi,exceeds,20.2299999999816,21.41999999998052,1.1899999999989177,0.5,r-4cceac4cec0eb866659f,r-ce687e1d6a22a76e95ae
neuron_model_behavioral_validation,Neuraxis,development_pilot,PILOT2_PROTOCOL,Exploratory development data; second development iteration informed by Pilot 1; not independent confirmation; never pooled with the confirmatory held-out estimate,m-scale_conductance-2c1b980b1d,pospischil2008_fs,1,P00_canonical,mean_frequency,exceeds,49.81568197674742,47.16161540949514,2.654066567252279,2.4907840988373713,r-4cceac4cec0eb866659f,r-ce687e1d6a22a76e95ae
neuron_model_behavioral_validation,Neuraxis,development_pilot,PILOT2_PROTOCOL,Exploratory development data; second development iteration informed by Pilot 1; not independent confirmation; never pooled with the confirmatory held-out estimate,m-scale_conductance-2c1b980b1d,pospischil2008_fs,1,P04_step_2x,ap_half_width,exceeds,0.5699999999994816,0.45999999999958163,0.10999999999989996,0.05,r-54e05e4e4388308e9268,r-54c3c635f8e2178649f9
neuron_model_behavioral_validation,Neuraxis,development_pilot,PILOT2_PROTOCOL,Exploratory development data; second development iteration informed by Pilot 1; not independent confirmation; never pooled with the confirmatory held-out estimate,m-scale_conductance-2c1b980b1d,pospischil2008_fs,1,P04_step_2x,first_isi,exceeds,10.549999999990405,11.249999999989768,0.6999999999993634,0.5,r-54e05e4e4388308e9268,r-54c3c635f8e2178649f9
neuron_model_behavioral_validation,Neuraxis,development_pilot,PILOT2_PROTOCOL,Exploratory development data; second development iteration informed by Pilot 1; not independent confirmation; never pooled with the confirmatory held-out estimate,m-scale_conductance-2c1b980b1d,pospischil2008_fs,1,P04_step_2x,mean_frequency,exceeds,95.40435206246943,89.50548221089008,5.898869851579349,4.770217603123472,r-54e05e4e4388308e9268,r-54c3c635f8e2178649f9
neuron_model_behavioral_validation,Neuraxis,development_pilot,PILOT2_PROTOCOL,Exploratory development data; second development iteration informed by Pilot 1; not independent confirmation; never pooled with the confirmatory held-out estimate,m-scale_conductance-2c1b980b1d,pospischil2008_fs,1,P05_long_step,ap_half_width,exceeds,0.5699999999994816,0.45999999999958163,0.10999999999989996,0.05,r-d95212df9ca6b2b4efff,r-352f32332874fb3c49cf
neuron_model_behavioral_validation,Neuraxis,development_pilot,PILOT2_PROTOCOL,Exploratory development data; second development iteration informed by Pilot 1; not independent confirmation; never pooled with the confirmatory held-out estimate,m-scale_conductance-2c1b980b1d,pospischil2008_fs,1,P05_long_step,first_isi,exceeds,15.599999999985812,16.56999999998493,0.9699999999991178,0.5,r-d95212df9ca6b2b4efff,r-352f32332874fb3c49cf
neuron_model_behavioral_validation,Neuraxis,development_pilot,PILOT2_PROTOCOL,Exploratory development data; second development iteration informed by Pilot 1; not independent confirmation; never pooled with the confirmatory held-out estimate,m-scale_conductance-2c1b980b1d,pospischil2008_fs,1,P05_long_step,mean_frequency,exceeds,64.1838868356668,60.4631477113648,3.720739124302,3.20919434178334,r-d95212df9ca6b2b4efff,r-352f32332874fb3c49cf
neuron_model_behavioral_validation,Neuraxis,development_pilot,PILOT2_PROTOCOL,Exploratory development data; second development iteration informed by Pilot 1; not independent confirmation; never pooled with the confirmatory held-out estimate,m-scale_conductance-2c1b980b1d,pospischil2008_fs,1,P06_ramp,mean_frequency,exceeds,61.0030501525709,57.111367166032906,3.891682986537994,3.050152507628545,r-5888f8cf54a64bb2eb2f,r-726b158b101765b23e1d
neuron_model_behavioral_validation,Neuraxis,development_pilot,PILOT2_PROTOCOL,Exploratory development data; second development iteration informed by Pilot 1; not independent confirmation; never pooled with the confirmatory held-out estimate,m-scale_conductance-2c1b980b1d,pospischil2008_fs,1,P09_short_pulse,ap_half_width,exceeds,0.7199999999993452,0.5899999999994634,0.12999999999988177,0.05,r-534f36c941e5711ea7a5,r-8f937920749f958302e7
neuron_model_behavioral_validation,Neuraxis,development_pilot,PILOT2_PROTOCOL,Exploratory development data; second development iteration informed by Pilot 1; not independent confirmation; never pooled with the confirmatory held-out estimate,m-scale_conductance-2c1b980b1d,pospischil2008_fs,2,P00_canonical,ap_half_width,exceeds,0.5699999999994816,0.45999999999958163,0.10999999999989996,0.05,r-c9243a4c0b8a67de36a8,r-3d4e7a161fe2d065b50b
neuron_model_behavioral_validation,Neuraxis,development_pilot,PILOT2_PROTOCOL,Exploratory development data; second development iteration informed by Pilot 1; not independent confirmation; never pooled with the confirmatory held-out estimate,m-scale_conductance-2c1b980b1d,pospischil2008_fs,2,P00_canonical,first_isi,exceeds,20.199999999981628,21.389999999980546,1.1899999999989177,0.5,r-c9243a4c0b8a67de36a8,r-3d4e7a161fe2d065b50b
neuron_model_behavioral_validation,Neuraxis,development_pilot,PILOT2_PROTOCOL,Exploratory development data; second development iteration informed by Pilot 1; not independent confirmation; never pooled with the confirmatory held-out estimate,m-scale_conductance-2c1b980b1d,pospischil2008_fs,2,P00_canonical,mean_frequency,exceeds,49.88153136307411,47.219046672357756,2.6624846907163544,2.4907840988373713,r-c9243a4c0b8a67de36a8,r-3d4e7a161fe2d065b50b
neuron_model_behavioral_validation,Neuraxis,development_pilot,PILOT2_PROTOCOL,Exploratory development data; second development iteration informed by Pilot 1; not independent confirmation; never pooled with the confirmatory held-out estimate,m-scale_conductance-2c1b980b1d,pospischil2008_fs,2,P04_step_2x,ap_half_width,exceeds,0.5699999999994816,0.46999999999957254,0.09999999999990905,0.05,r-e087238cb438e653e31d,r-465849d912b50d6fd681
neuron_model_behavioral_validation,Neuraxis,development_pilot,PILOT2_PROTOCOL,Exploratory development data; second development iteration informed by Pilot 1; not independent confirmation; never pooled with the confirmatory held-out estimate,m-scale_conductance-2c1b980b1d,pospischil2008_fs,2,P04_step_2x,first_isi,exceeds,10.439999999990505,11.14999999998986,0.7099999999993543,0.5,r-e087238cb438e653e31d,r-465849d912b50d6fd681
neuron_model_behavioral_validation,Neuraxis,development_pilot,PILOT2_PROTOCOL,Exploratory development data; second development iteration informed by Pilot 1; not independent confirmation; never pooled with the confirmatory held-out estimate,m-scale_conductance-2c1b980b1d,pospischil2008_fs,2,P04_step_2x,mean_frequency,exceeds,96.26762399481751,90.26538021794569,6.002243776871822,4.770217603123472,r-e087238cb438e653e31d,r-465849d912b50d6fd681
neuron_model_behavioral_validation,Neuraxis,development_pilot,PILOT2_PROTOCOL,Exploratory development data; second development iteration informed by Pilot 1; not independent confirmation; never pooled with the confirmatory held-out estimate,m-scale_conductance-2c1b980b1d,pospischil2008_fs,2,P05_long_step,ap_half_width,exceeds,0.5699999999994816,0.4499999999995907,0.11999999999989086,0.05,r-880359fc85650f897997,r-24073d45d20c0d58a710
neuron_model_behavioral_validation,Neuraxis,development_pilot,PILOT2_PROTOCOL,Exploratory development data; second development iteration informed by Pilot 1; not independent confirmation; never pooled with the confirmatory held-out estimate,m-scale_conductance-2c1b980b1d,pospischil2008_fs,2,P05_long_step,first_isi,exceeds,15.489999999985912,16.45999999998503,0.9699999999991178,0.5,r-880359fc85650f897997,r-24073d45d20c0d58a710
neuron_model_behavioral_validation,Neuraxis,development_pilot,PILOT2_PROTOCOL,Exploratory development data; second development iteration informed by Pilot 1; not independent confirmation; never pooled with the confirmatory held-out estimate,m-scale_conductance-2c1b980b1d,pospischil2008_fs,2,P05_long_step,mean_frequency,exceeds,64.68078278777342,60.893064732743255,3.787718055030169,3.20919434178334,r-880359fc85650f897997,r-24073d45d20c0d58a710
neuron_model_behavioral_validation,Neuraxis,development_pilot,PILOT2_PROTOCOL,Exploratory development data; second development iteration informed by Pilot 1; not independent confirmation; never pooled with the confirmatory held-out estimate,m-scale_conductance-2c1b980b1d,pospischil2008_fs,2,P06_ramp,mean_frequency,exceeds,61.23944623484154,57.32099758654381,3.9184486482977263,3.050152507628545,r-b0adc3019253aae3e3e8,r-f46a1d45d068c2e9eb47
neuron_model_behavioral_validation,Neuraxis,development_pilot,PILOT2_PROTOCOL,Exploratory development data; second development iteration informed by Pilot 1; not independent confirmation; never pooled with the confirmatory held-out estimate,m-scale_conductance-2c1b980b1d,pospischil2008_fs,2,P09_short_pulse,ap_half_width,exceeds,0.7099999999993543,0.5899999999994634,0.11999999999989086,0.05,r-84e85309a66928a29934,r-0d3af3fa55e3df6c23cb
neuron_model_behavioral_validation,Neuraxis,development_pilot,PILOT2_PROTOCOL,Exploratory development data; second development iteration informed by Pilot 1; not independent confirmation; never pooled with the confirmatory held-out estimate,m-shift_reversal-296104fa71,pospischil2008_fs,1,P00_canonical,ap_half_width,definedness,0.5599999999994907,,,0.05,r-4cceac4cec0eb866659f,r-2efd7faf9e7ad0b0269c
neuron_model_behavioral_validation,Neuraxis,development_pilot,PILOT2_PROTOCOL,Exploratory development data; second development iteration informed by Pilot 1; not independent confirmation; never pooled with the confirmatory held-out estimate,m-shift_reversal-296104fa71,pospischil2008_fs,1,P00_canonical,baseline_voltage,exceeds,-69.99999237060547,-80.0,10.000007629394531,0.5,r-4cceac4cec0eb866659f,r-2efd7faf9e7ad0b0269c
neuron_model_behavioral_validation,Neuraxis,development_pilot,PILOT2_PROTOCOL,Exploratory development data; second development iteration informed by Pilot 1; not independent confirmation; never pooled with the confirmatory held-out estimate,m-shift_reversal-296104fa71,pospischil2008_fs,1,P00_canonical,firing_regime,categorical,tonic,silent,,,r-4cceac4cec0eb866659f,r-2efd7faf9e7ad0b0269c
neuron_model_behavioral_validation,Neuraxis,development_pilot,PILOT2_PROTOCOL,Exploratory development data; second development iteration informed by Pilot 1; not independent confirmation; never pooled with the confirmatory held-out estimate,m-shift_reversal-296104fa71,pospischil2008_fs,1,P00_canonical,first_isi,definedness,20.2299999999816,,,0.5,r-4cceac4cec0eb866659f,r-2efd7faf9e7ad0b0269c
neuron_model_behavioral_validation,Neuraxis,development_pilot,PILOT2_PROTOCOL,Exploratory development data; second development iteration informed by Pilot 1; not independent confirmation; never pooled with the confirmatory held-out estimate,m-shift_reversal-296104fa71,pospischil2008_fs,1,P00_canonical,mean_frequency,definedness,49.81568197674742,,,2.4907840988373713,r-4cceac4cec0eb866659f,r-2efd7faf9e7ad0b0269c
neuron_model_behavioral_validation,Neuraxis,development_pilot,PILOT2_PROTOCOL,Exploratory development data; second development iteration informed by Pilot 1; not independent confirmation; never pooled with the confirmatory held-out estimate,m-shift_reversal-296104fa71,pospischil2008_fs,1,P02_weak_step,baseline_voltage,exceeds,-69.99999237060547,-80.0,10.000007629394531,0.5,r-54e05e4e4388308e9268,r-784aab310d80ae66255a
neuron_model_behavioral_validation,Neuraxis,development_pilot,PILOT2_PROTOCOL,Exploratory development data; second development iteration informed by Pilot 1; not independent confirmation; never pooled with the confirmatory held-out estimate,m-shift_reversal-296104fa71,pospischil2008_fs,1,P04_step_2x,first_isi,exceeds,10.549999999990405,16.539999999984957,5.989999999994552,0.5,r-54e05e4e4388308e9268,r-784aab310d80ae66255a
neuron_model_behavioral_validation,Neuraxis,development_pilot,PILOT2_PROTOCOL,Exploratory development data; second development iteration informed by Pilot 1; not independent confirmation; never pooled with the confirmatory held-out estimate,m-shift_reversal-296104fa71,pospischil2008_fs,1,P04_step_2x,mean_frequency,exceeds,95.40435206246943,60.588924344700544,34.815427717768884,4.770217603123472,r-54e05e4e4388308e9268,r-784aab310d80ae66255a
neuron_model_behavioral_validation,Neuraxis,development_pilot,PILOT2_PROTOCOL,Exploratory development data; second development iteration informed by Pilot 1; not independent confirmation; never pooled with the confirmatory held-out estimate,m-shift_reversal-296104fa71,pospischil2008_fs,1,P05_long_step,ap_half_width,definedness,0.5699999999994816,,,0.05,r-d95212df9ca6b2b4efff,r-04959c0d6787b6845ea6
neuron_model_behavioral_validation,Neuraxis,development_pilot,PILOT2_PROTOCOL,Exploratory development data; second development iteration informed by Pilot 1; not independent confirmation; never pooled with the confirmatory held-out estimate,m-shift_reversal-296104fa71,pospischil2008_fs,1,P05_long_step,burst_count,definedness,1.0,,,0.5,r-d95212df9ca6b2b4efff,r-04959c0d6787b6845ea6
neuron_model_behavioral_validation,Neuraxis,development_pilot,PILOT2_PROTOCOL,Exploratory development data; second development iteration informed by Pilot 1; not independent confirmation; never pooled with the confirmatory held-out estimate,m-shift_reversal-296104fa71,pospischil2008_fs,1,P05_long_step,firing_regime,categorical,tonic,silent,,,r-d95212df9ca6b2b4efff,r-04959c0d6787b6845ea6
neuron_model_behavioral_validation,Neuraxis,development_pilot,PILOT2_PROTOCOL,Exploratory development data; second development iteration informed by Pilot 1; not independent confirmation; never pooled with the confirmatory held-out estimate,m-shift_reversal-296104fa71,pospischil2008_fs,1,P05_long_step,first_isi,definedness,15.599999999985812,,,0.5,r-d95212df9ca6b2b4efff,r-04959c0d6787b6845ea6
neuron_model_behavioral_validation,Neuraxis,development_pilot,PILOT2_PROTOCOL,Exploratory development data; second development iteration informed by Pilot 1; not independent confirmation; never pooled with the confirmatory held-out estimate,m-shift_reversal-296104fa71,pospischil2008_fs,1,P05_long_step,mean_frequency,definedness,64.1838868356668,,,3.20919434178334,r-d95212df9ca6b2b4efff,r-04959c0d6787b6845ea6
neuron_model_behavioral_validation,Neuraxis,development_pilot,PILOT2_PROTOCOL,Exploratory development data; second development iteration informed by Pilot 1; not independent confirmation; never pooled with the confirmatory held-out estimate,m-shift_reversal-296104fa71,pospischil2008_fs,1,P06_ramp,mean_frequency,exceeds,61.0030501525709,36.29983665077276,24.70321350179814,3.050152507628545,r-5888f8cf54a64bb2eb2f,r-b242292e4d40eef1fa8d
neuron_model_behavioral_validation,Neuraxis,development_pilot,PILOT2_PROTOCOL,Exploratory development data; second development iteration informed by Pilot 1; not independent confirmation; never pooled with the confirmatory held-out estimate,m-shift_reversal-296104fa71,pospischil2008_fs,1,P07_hyperpolarizing_step,baseline_voltage,exceeds,-69.99999237060547,-80.0,10.000007629394531,0.5,r-54e05e4e4388308e9268,r-784aab310d80ae66255a
neuron_model_behavioral_validation,Neuraxis,development_pilot,PILOT2_PROTOCOL,Exploratory development data; second development iteration informed by Pilot 1; not independent confirmation; never pooled with the confirmatory held-out estimate,m-shift_reversal-296104fa71,pospischil2008_fs,1,P07_hyperpolarizing_step,minimum_voltage,exceeds,-88.16673278808594,-98.16673278808594,10.0,0.5,r-54e05e4e4388308e9268,r-784aab310d80ae66255a
neuron_model_behavioral_validation,Neuraxis,development_pilot,PILOT2_PROTOCOL,Exploratory development data; second development iteration informed by Pilot 1; not independent confirmation; never pooled with the confirmatory held-out estimate,m-shift_reversal-296104fa71,pospischil2008_fs,1,P08_rebound,maximum_voltage,exceeds,-69.99999237060547,-80.0,10.000007629394531,1.0,r-de0fcfa82ff394f21b28,r-35edd0708c3122565b8d
neuron_model_behavioral_validation,Neuraxis,development_pilot,PILOT2_PROTOCOL,Exploratory development data; second development iteration informed by Pilot 1; not independent confirmation; never pooled with the confirmatory held-out estimate,m-shift_reversal-296104fa71,pospischil2008_fs,2,P00_canonical,ap_half_width,definedness,0.5699999999994816,,,0.05,r-c9243a4c0b8a67de36a8,r-ec08ca0d3977149e48f9
neuron_model_behavioral_validation,Neuraxis,development_pilot,PILOT2_PROTOCOL,Exploratory development data; second development iteration informed by Pilot 1; not independent confirmation; never pooled with the confirmatory held-out estimate,m-shift_reversal-296104fa71,pospischil2008_fs,2,P00_canonical,baseline_voltage,exceeds,-69.99999237060547,-80.0,10.000007629394531,0.5,r-c9243a4c0b8a67de36a8,r-ec08ca0d3977149e48f9
neuron_model_behavioral_validation,Neuraxis,development_pilot,PILOT2_PROTOCOL,Exploratory development data; second development iteration informed by Pilot 1; not independent confirmation; never pooled with the confirmatory held-out estimate,m-shift_reversal-296104fa71,pospischil2008_fs,2,P00_canonical,firing_regime,categorical,tonic,silent,,,r-c9243a4c0b8a67de36a8,r-ec08ca0d3977149e48f9
neuron_model_behavioral_validation,Neuraxis,development_pilot,PILOT2_PROTOCOL,Exploratory development data; second development iteration informed by Pilot 1; not independent confirmation; never pooled with the confirmatory held-out estimate,m-shift_reversal-296104fa71,pospischil2008_fs,2,P00_canonical,first_isi,definedness,20.199999999981628,,,0.5,r-c9243a4c0b8a67de36a8,r-ec08ca0d3977149e48f9
neuron_model_behavioral_validation,Neuraxis,development_pilot,PILOT2_PROTOCOL,Exploratory development data; second development iteration informed by Pilot 1; not independent confirmation; never pooled with the confirmatory held-out estimate,m-shift_reversal-296104fa71,pospischil2008_fs,2,P00_canonical,mean_frequency,definedness,49.88153136307411,,,2.4907840988373713,r-c9243a4c0b8a67de36a8,r-ec08ca0d3977149e48f9
neuron_model_behavioral_validation,Neuraxis,development_pilot,PILOT2_PROTOCOL,Exploratory development data; second development iteration informed by Pilot 1; not independent confirmation; never pooled with the confirmatory held-out estimate,m-shift_reversal-296104fa71,pospischil2008_fs,2,P02_weak_step,baseline_voltage,exceeds,-69.99999237060547,-80.0,10.000007629394531,0.5,r-e087238cb438e653e31d,r-5ceada61b1e86c945488
neuron_model_behavioral_validation,Neuraxis,development_pilot,PILOT2_PROTOCOL,Exploratory development data; second development iteration informed by Pilot 1; not independent confirmation; never pooled with the confirmatory held-out estimate,m-shift_reversal-296104fa71,pospischil2008_fs,2,P04_step_2x,first_isi,exceeds,10.439999999990505,16.409999999985075,5.96999999999457,0.5,r-e087238cb438e653e31d,r-5ceada61b1e86c945488
neuron_model_behavioral_validation,Neuraxis,development_pilot,PILOT2_PROTOCOL,Exploratory development data; second development iteration informed by Pilot 1; not independent confirmation; never pooled with the confirmatory held-out estimate,m-shift_reversal-296104fa71,pospischil2008_fs,2,P04_step_2x,mean_frequency,exceeds,96.26762399481751,61.03639803876845,35.23122595604906,4.770217603123472,r-e087238cb438e653e31d,r-5ceada61b1e86c945488
neuron_model_behavioral_validation,Neuraxis,development_pilot,PILOT2_PROTOCOL,Exploratory development data; second development iteration informed by Pilot 1; not independent confirmation; never pooled with the confirmatory held-out estimate,m-shift_reversal-296104fa71,pospischil2008_fs,2,P05_long_step,ap_half_width,definedness,0.5699999999994816,,,0.05,r-880359fc85650f897997,r-040f7e3668b03d317614
neuron_model_behavioral_validation,Neuraxis,development_pilot,PILOT2_PROTOCOL,Exploratory development data; second development iteration informed by Pilot 1; not independent confirmation; never pooled with the confirmatory held-out estimate,m-shift_reversal-296104fa71,pospischil2008_fs,2,P05_long_step,burst_count,definedness,1.0,,,0.5,r-880359fc85650f897997,r-040f7e3668b03d317614
neuron_model_behavioral_validation,Neuraxis,development_pilot,PILOT2_PROTOCOL,Exploratory development data; second development iteration informed by Pilot 1; not independent confirmation; never pooled with the confirmatory held-out estimate,m-shift_reversal-296104fa71,pospischil2008_fs,2,P05_long_step,firing_regime,categorical,tonic,silent,,,r-880359fc85650f897997,r-040f7e3668b03d317614
neuron_model_behavioral_validation,Neuraxis,development_pilot,PILOT2_PROTOCOL,Exploratory development data; second development iteration informed by Pilot 1; not independent confirmation; never pooled with the confirmatory held-out estimate,m-shift_reversal-296104fa71,pospischil2008_fs,2,P05_long_step,first_isi,definedness,15.489999999985912,,,0.5,r-880359fc85650f897997,r-040f7e3668b03d317614
neuron_model_behavioral_validation,Neuraxis,development_pilot,PILOT2_PROTOCOL,Exploratory development data; second development iteration informed by Pilot 1; not independent confirmation; never pooled with the confirmatory held-out estimate,m-shift_reversal-296104fa71,pospischil2008_fs,2,P05_long_step,mean_frequency,definedness,64.68078278777342,,,3.20919434178334,r-880359fc85650f897997,r-040f7e3668b03d317614
neuron_model_behavioral_validation,Neuraxis,development_pilot,PILOT2_PROTOCOL,Exploratory development data; second development iteration informed by Pilot 1; not independent confirmation; never pooled with the confirmatory held-out estimate,m-shift_reversal-296104fa71,pospischil2008_fs,2,P06_ramp,mean_frequency,exceeds,61.23944623484154,37.08901363275701,24.15043260208453,3.050152507628545,r-b0adc3019253aae3e3e8,r-34e36e0439d24fee56b9
neuron_model_behavioral_validation,Neuraxis,development_pilot,PILOT2_PROTOCOL,Exploratory development data; second development iteration informed by Pilot 1; not independent confirmation; never pooled with the confirmatory held-out estimate,m-shift_reversal-296104fa71,pospischil2008_fs,2,P07_hyperpolarizing_step,baseline_voltage,exceeds,-69.99999237060547,-80.0,10.000007629394531,0.5,r-e087238cb438e653e31d,r-5ceada61b1e86c945488
neuron_model_behavioral_validation,Neuraxis,development_pilot,PILOT2_PROTOCOL,Exploratory development data; second development iteration informed by Pilot 1; not independent confirmation; never pooled with the confirmatory held-out estimate,m-shift_reversal-296104fa71,pospischil2008_fs,2,P07_hyperpolarizing_step,minimum_voltage,exceeds,-88.16673278808594,-98.16673278808594,10.0,0.5,r-e087238cb438e653e31d,r-5ceada61b1e86c945488
neuron_model_behavioral_validation,Neuraxis,development_pilot,PILOT2_PROTOCOL,Exploratory development data; second development iteration informed by Pilot 1; not independent confirmation; never pooled with the confirmatory held-out estimate,m-shift_reversal-296104fa71,pospischil2008_fs,2,P08_rebound,maximum_voltage,exceeds,-69.99999237060547,-80.0,10.000007629394531,1.0,r-04ea8f91ad5c5fd46bb0,r-ece9d3dcafb8b9bb8957
neuron_model_behavioral_validation,Neuraxis,development_pilot,PILOT2_PROTOCOL,Exploratory development data; second development iteration informed by Pilot 1; not independent confirmation; never pooled with the confirmatory held-out estimate,m-shift_reversal-99c62df08a,pospischil2008_fs,1,P00_canonical,first_isi,exceeds,20.2299999999816,21.00999999998089,0.7799999999992906,0.5,r-4cceac4cec0eb866659f,r-35a0cbe112823007caac
neuron_model_behavioral_validation,Neuraxis,development_pilot,PILOT2_PROTOCOL,Exploratory development data; second development iteration informed by Pilot 1; not independent confirmation; never pooled with the confirmatory held-out estimate,m-shift_reversal-99c62df08a,pospischil2008_fs,1,P04_step_2x,first_isi,exceeds,10.549999999990405,11.079999999989923,0.529999999999518,0.5,r-54e05e4e4388308e9268,r-90ddea7b40297109325f
neuron_model_behavioral_validation,Neuraxis,development_pilot,PILOT2_PROTOCOL,Exploratory development data; second development iteration informed by Pilot 1; not independent confirmation; never pooled with the confirmatory held-out estimate,m-shift_reversal-99c62df08a,pospischil2008_fs,1,P05_long_step,first_isi,exceeds,15.599999999985812,16.309999999985166,0.7099999999993543,0.5,r-d95212df9ca6b2b4efff,r-a1395ec490b9fc56d6f7
neuron_model_behavioral_validation,Neuraxis,development_pilot,PILOT2_PROTOCOL,Exploratory development data; second development iteration informed by Pilot 1; not independent confirmation; never pooled with the confirmatory held-out estimate,m-shift_reversal-99c62df08a,pospischil2008_fs,2,P00_canonical,first_isi,exceeds,20.199999999981628,20.98999999998091,0.7899999999992815,0.5,r-c9243a4c0b8a67de36a8,r-8b6448acf598cc41cd2e
neuron_model_behavioral_validation,Neuraxis,development_pilot,PILOT2_PROTOCOL,Exploratory development data; second development iteration informed by Pilot 1; not independent confirmation; never pooled with the confirmatory held-out estimate,m-shift_reversal-99c62df08a,pospischil2008_fs,2,P04_step_2x,first_isi,exceeds,10.439999999990505,10.969999999990023,0.529999999999518,0.5,r-e087238cb438e653e31d,r-54aaf41bc28073beaa78
neuron_model_behavioral_validation,Neuraxis,development_pilot,PILOT2_PROTOCOL,Exploratory development data; second development iteration informed by Pilot 1; not independent confirmation; never pooled with the confirmatory held-out estimate,m-shift_reversal-99c62df08a,pospischil2008_fs,2,P05_long_step,first_isi,exceeds,15.489999999985912,16.179999999985284,0.6899999999993724,0.5,r-880359fc85650f897997,r-c54c8c86e7983bea2b58
neuron_model_behavioral_validation,Neuraxis,development_pilot,PILOT2_PROTOCOL,Exploratory development data; second development iteration informed by Pilot 1; not independent confirmation; never pooled with the confirmatory held-out estimate,m-scale_capacitance-8945c94953,pospischil2008_fs,1,P00_canonical,first_isi,exceeds,20.2299999999816,16.959999999984575,3.269999999997026,0.5,r-4cceac4cec0eb866659f,r-0ca42dcce955133708ba
neuron_model_behavioral_validation,Neuraxis,development_pilot,PILOT2_PROTOCOL,Exploratory development data; second development iteration informed by Pilot 1; not independent confirmation; never pooled with the confirmatory held-out estimate,m-scale_capacitance-8945c94953,pospischil2008_fs,1,P00_canonical,mean_frequency,exceeds,49.81568197674742,59.42211988419971,9.606437907452289,2.4907840988373713,r-4cceac4cec0eb866659f,r-0ca42dcce955133708ba
neuron_model_behavioral_validation,Neuraxis,development_pilot,PILOT2_PROTOCOL,Exploratory development data; second development iteration informed by Pilot 1; not independent confirmation; never pooled with the confirmatory held-out estimate,m-scale_capacitance-8945c94953,pospischil2008_fs,1,P04_step_2x,first_isi,exceeds,10.549999999990405,9.06999999999175,1.479999999998654,0.5,r-54e05e4e4388308e9268,r-b0e3ae581690fc39ad94
neuron_model_behavioral_validation,Neuraxis,development_pilot,PILOT2_PROTOCOL,Exploratory development data; second development iteration informed by Pilot 1; not independent confirmation; never pooled with the confirmatory held-out estimate,m-scale_capacitance-8945c94953,pospischil2008_fs,1,P04_step_2x,mean_frequency,exceeds,95.40435206246943,110.91393078983664,15.509578727367213,4.770217603123472,r-54e05e4e4388308e9268,r-b0e3ae581690fc39ad94
neuron_model_behavioral_validation,Neuraxis,development_pilot,PILOT2_PROTOCOL,Exploratory development data; second development iteration informed by Pilot 1; not independent confirmation; never pooled with the confirmatory held-out estimate,m-scale_capacitance-8945c94953,pospischil2008_fs,1,P05_long_step,first_isi,exceeds,15.599999999985812,13.209999999987986,2.3899999999978263,0.5,r-d95212df9ca6b2b4efff,r-83f849aa5ef2ee5e705b
neuron_model_behavioral_validation,Neuraxis,development_pilot,PILOT2_PROTOCOL,Exploratory development data; second development iteration informed by Pilot 1; not independent confirmation; never pooled with the confirmatory held-out estimate,m-scale_capacitance-8945c94953,pospischil2008_fs,1,P05_long_step,mean_frequency,exceeds,64.1838868356668,75.8191988269249,11.635311991258106,3.20919434178334,r-d95212df9ca6b2b4efff,r-83f849aa5ef2ee5e705b
neuron_model_behavioral_validation,Neuraxis,development_pilot,PILOT2_PROTOCOL,Exploratory development data; second development iteration informed by Pilot 1; not independent confirmation; never pooled with the confirmatory held-out estimate,m-scale_capacitance-8945c94953,pospischil2008_fs,1,P06_ramp,mean_frequency,exceeds,61.0030501525709,70.30583036214799,9.302780209577087,3.050152507628545,r-5888f8cf54a64bb2eb2f,r-e64cc5208301f7be46ee
neuron_model_behavioral_validation,Neuraxis,development_pilot,PILOT2_PROTOCOL,Exploratory development data; second development iteration informed by Pilot 1; not independent confirmation; never pooled with the confirmatory held-out estimate,m-scale_capacitance-8945c94953,pospischil2008_fs,2,P00_canonical,first_isi,exceeds,20.199999999981628,16.929999999984602,3.269999999997026,0.5,r-c9243a4c0b8a67de36a8,r-d845b7667b3a92a94248
neuron_model_behavioral_validation,Neuraxis,development_pilot,PILOT2_PROTOCOL,Exploratory development data; second development iteration informed by Pilot 1; not independent confirmation; never pooled with the confirmatory held-out estimate,m-scale_capacitance-8945c94953,pospischil2008_fs,2,P00_canonical,mean_frequency,exceeds,49.88153136307411,59.49724825234129,9.615716889267183,2.4907840988373713,r-c9243a4c0b8a67de36a8,r-d845b7667b3a92a94248
neuron_model_behavioral_validation,Neuraxis,development_pilot,PILOT2_PROTOCOL,Exploratory development data; second development iteration informed by Pilot 1; not independent confirmation; never pooled with the confirmatory held-out estimate,m-scale_capacitance-8945c94953,pospischil2008_fs,2,P04_step_2x,first_isi,exceeds,10.439999999990505,8.999999999991815,1.4399999999986903,0.5,r-e087238cb438e653e31d,r-c96011421f1cd572b194
neuron_model_behavioral_validation,Neuraxis,development_pilot,PILOT2_PROTOCOL,Exploratory development data; second development iteration informed by Pilot 1; not independent confirmation; never pooled with the confirmatory held-out estimate,m-scale_capacitance-8945c94953,pospischil2008_fs,2,P04_step_2x,mean_frequency,exceeds,96.26762399481751,111.86819892212817,15.60057492731066,4.770217603123472,r-e087238cb438e653e31d,r-c96011421f1cd572b194
neuron_model_behavioral_validation,Neuraxis,development_pilot,PILOT2_PROTOCOL,Exploratory development data; second development iteration informed by Pilot 1; not independent confirmation; never pooled with the confirmatory held-out estimate,m-scale_capacitance-8945c94953,pospischil2008_fs,2,P05_long_step,first_isi,exceeds,15.489999999985912,13.109999999988077,2.3799999999978354,0.5,r-880359fc85650f897997,r-e1a346ceb65bf61324c0
neuron_model_behavioral_validation,Neuraxis,development_pilot,PILOT2_PROTOCOL,Exploratory development data; second development iteration informed by Pilot 1; not independent confirmation; never pooled with the confirmatory held-out estimate,m-scale_capacitance-8945c94953,pospischil2008_fs,2,P05_long_step,mean_frequency,exceeds,64.68078278777342,76.3700127114506,11.689229923677175,3.20919434178334,r-880359fc85650f897997,r-e1a346ceb65bf61324c0
neuron_model_behavioral_validation,Neuraxis,development_pilot,PILOT2_PROTOCOL,Exploratory development data; second development iteration informed by Pilot 1; not independent confirmation; never pooled with the confirmatory held-out estimate,m-scale_capacitance-8945c94953,pospischil2008_fs,2,P06_ramp,mean_frequency,exceeds,61.23944623484154,71.13586951083937,9.896423275997833,3.050152507628545,r-b0adc3019253aae3e3e8,r-747989071062048c0813
neuron_model_behavioral_validation,Neuraxis,development_pilot,PILOT2_PROTOCOL,Exploratory development data; second development iteration informed by Pilot 1; not independent confirmation; never pooled with the confirmatory held-out estimate,m-scale_capacitance-5a8359e4e8,pospischil2008_fs,1,P00_canonical,first_isi,exceeds,20.2299999999816,11.689999999989368,8.539999999992233,0.5,r-4cceac4cec0eb866659f,r-dafe43d5a2d0478d6f0a
neuron_model_behavioral_validation,Neuraxis,development_pilot,PILOT2_PROTOCOL,Exploratory development data; second development iteration informed by Pilot 1; not independent confirmation; never pooled with the confirmatory held-out estimate,m-scale_capacitance-5a8359e4e8,pospischil2008_fs,1,P00_canonical,mean_frequency,exceeds,49.81568197674742,86.16445100946046,36.348769032713044,2.4907840988373713,r-4cceac4cec0eb866659f,r-dafe43d5a2d0478d6f0a
neuron_model_behavioral_validation,Neuraxis,development_pilot,PILOT2_PROTOCOL,Exploratory development data; second development iteration informed by Pilot 1; not independent confirmation; never pooled with the confirmatory held-out estimate,m-scale_capacitance-5a8359e4e8,pospischil2008_fs,1,P04_step_2x,first_isi,exceeds,10.549999999990405,6.609999999993988,3.9399999999964166,0.5,r-54e05e4e4388308e9268,r-09e167a8d306a6eb4f6b
neuron_model_behavioral_validation,Neuraxis,development_pilot,PILOT2_PROTOCOL,Exploratory development data; second development iteration informed by Pilot 1; not independent confirmation; never pooled with the confirmatory held-out estimate,m-scale_capacitance-5a8359e4e8,pospischil2008_fs,1,P04_step_2x,mean_frequency,exceeds,95.40435206246943,152.36567762648073,56.961325564011304,4.770217603123472,r-54e05e4e4388308e9268,r-09e167a8d306a6eb4f6b
neuron_model_behavioral_validation,Neuraxis,development_pilot,PILOT2_PROTOCOL,Exploratory development data; second development iteration informed by Pilot 1; not independent confirmation; never pooled with the confirmatory held-out estimate,m-scale_capacitance-5a8359e4e8,pospischil2008_fs,1,P05_long_step,first_isi,exceeds,15.599999999985812,9.299999999991542,6.29999999999427,0.5,r-d95212df9ca6b2b4efff,r-dcc19b43bd0cd09f0270
neuron_model_behavioral_validation,Neuraxis,development_pilot,PILOT2_PROTOCOL,Exploratory development data; second development iteration informed by Pilot 1; not independent confirmation; never pooled with the confirmatory held-out estimate,m-scale_capacitance-5a8359e4e8,pospischil2008_fs,1,P05_long_step,mean_frequency,exceeds,64.1838868356668,107.77752713216752,43.59364029650072,3.20919434178334,r-d95212df9ca6b2b4efff,r-dcc19b43bd0cd09f0270
neuron_model_behavioral_validation,Neuraxis,development_pilot,PILOT2_PROTOCOL,Exploratory development data; second development iteration informed by Pilot 1; not independent confirmation; never pooled with the confirmatory held-out estimate,m-scale_capacitance-5a8359e4e8,pospischil2008_fs,1,P06_ramp,mean_frequency,exceeds,61.0030501525709,96.25218071356916,35.24913056099826,3.050152507628545,r-5888f8cf54a64bb2eb2f,r-7fb48de644d0afbf82cc
neuron_model_behavioral_validation,Neuraxis,development_pilot,PILOT2_PROTOCOL,Exploratory development data; second development iteration informed by Pilot 1; not independent confirmation; never pooled with the confirmatory held-out estimate,m-scale_capacitance-5a8359e4e8,pospischil2008_fs,2,P00_canonical,first_isi,exceeds,20.199999999981628,11.669999999989386,8.529999999992242,0.5,r-c9243a4c0b8a67de36a8,r-2dfc8aa8ce2f766944a5
neuron_model_behavioral_validation,Neuraxis,development_pilot,PILOT2_PROTOCOL,Exploratory development data; second development iteration informed by Pilot 1; not independent confirmation; never pooled with the confirmatory held-out estimate,m-scale_capacitance-5a8359e4e8,pospischil2008_fs,2,P00_canonical,mean_frequency,exceeds,49.88153136307411,86.26639061432233,36.38485925124822,2.4907840988373713,r-c9243a4c0b8a67de36a8,r-2dfc8aa8ce2f766944a5
neuron_model_behavioral_validation,Neuraxis,development_pilot,PILOT2_PROTOCOL,Exploratory development data; second development iteration informed by Pilot 1; not independent confirmation; never pooled with the confirmatory held-out estimate,m-scale_capacitance-5a8359e4e8,pospischil2008_fs,2,P04_step_2x,first_isi,exceeds,10.439999999990505,6.559999999994034,3.879999999996471,0.5,r-e087238cb438e653e31d,r-dbd73eda7d07789986f2
neuron_model_behavioral_validation,Neuraxis,development_pilot,PILOT2_PROTOCOL,Exploratory development data; second development iteration informed by Pilot 1; not independent confirmation; never pooled with the confirmatory held-out estimate,m-scale_capacitance-5a8359e4e8,pospischil2008_fs,2,P04_step_2x,mean_frequency,exceeds,96.26762399481751,153.55396613748889,57.28634214267137,4.770217603123472,r-e087238cb438e653e31d,r-dbd73eda7d07789986f2
neuron_model_behavioral_validation,Neuraxis,development_pilot,PILOT2_PROTOCOL,Exploratory development data; second development iteration informed by Pilot 1; not independent confirmation; never pooled with the confirmatory held-out estimate,m-scale_capacitance-5a8359e4e8,pospischil2008_fs,2,P05_long_step,first_isi,exceeds,15.489999999985912,9.239999999991596,6.249999999994316,0.5,r-880359fc85650f897997,r-d245f6c89bcc16c80a63
neuron_model_behavioral_validation,Neuraxis,development_pilot,PILOT2_PROTOCOL,Exploratory development data; second development iteration informed by Pilot 1; not independent confirmation; never pooled with the confirmatory held-out estimate,m-scale_capacitance-5a8359e4e8,pospischil2008_fs,2,P05_long_step,mean_frequency,exceeds,64.68078278777342,108.49582592427956,43.815043136506134,3.20919434178334,r-880359fc85650f897997,r-d245f6c89bcc16c80a63
neuron_model_behavioral_validation,Neuraxis,development_pilot,PILOT2_PROTOCOL,Exploratory development data; second development iteration informed by Pilot 1; not independent confirmation; never pooled with the confirmatory held-out estimate,m-scale_capacitance-5a8359e4e8,pospischil2008_fs,2,P06_ramp,mean_frequency,exceeds,61.23944623484154,97.13988142935891,35.90043519451737,3.050152507628545,r-b0adc3019253aae3e3e8,r-90d57c02f08d91be81ff
neuron_model_behavioral_validation,Neuraxis,development_pilot,PILOT2_PROTOCOL,Exploratory development data; second development iteration informed by Pilot 1; not independent confirmation; never pooled with the confirmatory held-out estimate,m-scale_gate_time_constant-dda33c4c51,pospischil2008_fs,1,P00_canonical,ap_half_width,exceeds,0.5599999999994907,0.629999999999427,0.06999999999993634,0.05,r-4cceac4cec0eb866659f,r-a116dc3d73e13b2a52fc
neuron_model_behavioral_validation,Neuraxis,development_pilot,PILOT2_PROTOCOL,Exploratory development data; second development iteration informed by Pilot 1; not independent confirmation; never pooled with the confirmatory held-out estimate,m-scale_gate_time_constant-dda33c4c51,pospischil2008_fs,1,P04_step_2x,ap_half_width,exceeds,0.5699999999994816,0.629999999999427,0.05999999999994543,0.05,r-54e05e4e4388308e9268,r-978c53dba465884f7dc7
neuron_model_behavioral_validation,Neuraxis,development_pilot,PILOT2_PROTOCOL,Exploratory development data; second development iteration informed by Pilot 1; not independent confirmation; never pooled with the confirmatory held-out estimate,m-scale_gate_time_constant-dda33c4c51,pospischil2008_fs,1,P05_long_step,ap_half_width,exceeds,0.5699999999994816,0.629999999999427,0.05999999999994543,0.05,r-d95212df9ca6b2b4efff,r-8b9541ca34ee6103c12b
neuron_model_behavioral_validation,Neuraxis,development_pilot,PILOT2_PROTOCOL,Exploratory development data; second development iteration informed by Pilot 1; not independent confirmation; never pooled with the confirmatory held-out estimate,m-scale_gate_time_constant-dda33c4c51,pospischil2008_fs,1,P09_short_pulse,ap_half_width,exceeds,0.7199999999993452,0.7899999999992815,0.06999999999993634,0.05,r-534f36c941e5711ea7a5,r-49d9fdb7537e2dd265cb
neuron_model_behavioral_validation,Neuraxis,development_pilot,PILOT2_PROTOCOL,Exploratory development data; second development iteration informed by Pilot 1; not independent confirmation; never pooled with the confirmatory held-out estimate,m-scale_gate_time_constant-dda33c4c51,pospischil2008_fs,2,P00_canonical,ap_half_width,exceeds,0.5699999999994816,0.629999999999427,0.05999999999994543,0.05,r-c9243a4c0b8a67de36a8,r-7d3a2902d2f69dae8864
neuron_model_behavioral_validation,Neuraxis,development_pilot,PILOT2_PROTOCOL,Exploratory development data; second development iteration informed by Pilot 1; not independent confirmation; never pooled with the confirmatory held-out estimate,m-scale_gate_time_constant-dda33c4c51,pospischil2008_fs,2,P00_canonical,first_isi,exceeds,20.199999999981628,20.709999999981164,0.5099999999995362,0.5,r-c9243a4c0b8a67de36a8,r-7d3a2902d2f69dae8864
neuron_model_behavioral_validation,Neuraxis,development_pilot,PILOT2_PROTOCOL,Exploratory development data; second development iteration informed by Pilot 1; not independent confirmation; never pooled with the confirmatory held-out estimate,m-scale_gate_time_constant-dda33c4c51,pospischil2008_fs,2,P04_step_2x,ap_half_width,exceeds,0.5699999999994816,0.6399999999994179,0.06999999999993634,0.05,r-e087238cb438e653e31d,r-8b23310106fbc3840dae
neuron_model_behavioral_validation,Neuraxis,development_pilot,PILOT2_PROTOCOL,Exploratory development data; second development iteration informed by Pilot 1; not independent confirmation; never pooled with the confirmatory held-out estimate,m-scale_gate_time_constant-dda33c4c51,pospischil2008_fs,2,P05_long_step,ap_half_width,exceeds,0.5699999999994816,0.629999999999427,0.05999999999994543,0.05,r-880359fc85650f897997,r-94e280f7a428324812f0
neuron_model_behavioral_validation,Neuraxis,development_pilot,PILOT2_PROTOCOL,Exploratory development data; second development iteration informed by Pilot 1; not independent confirmation; never pooled with the confirmatory held-out estimate,m-scale_gate_time_constant-dda33c4c51,pospischil2008_fs,2,P09_short_pulse,ap_half_width,exceeds,0.7099999999993543,0.7899999999992815,0.07999999999992724,0.05,r-84e85309a66928a29934,r-5502d129997dd0a6829a
neuron_model_behavioral_validation,Neuraxis,development_pilot,PILOT2_PROTOCOL,Exploratory development data; second development iteration informed by Pilot 1; not independent confirmation; never pooled with the confirmatory held-out estimate,m-scale_gate_time_constant-2e28d01edd,pospischil2008_fs,1,P00_canonical,ap_half_width,exceeds,0.5599999999994907,0.47999999999956344,0.07999999999992724,0.05,r-4cceac4cec0eb866659f,r-054689ba190025196741
neuron_model_behavioral_validation,Neuraxis,development_pilot,PILOT2_PROTOCOL,Exploratory development data; second development iteration informed by Pilot 1; not independent confirmation; never pooled with the confirmatory held-out estimate,m-scale_gate_time_constant-2e28d01edd,pospischil2008_fs,1,P00_canonical,first_isi,exceeds,20.2299999999816,19.079999999982647,1.149999999998954,0.5,r-4cceac4cec0eb866659f,r-054689ba190025196741
neuron_model_behavioral_validation,Neuraxis,development_pilot,PILOT2_PROTOCOL,Exploratory development data; second development iteration informed by Pilot 1; not independent confirmation; never pooled with the confirmatory held-out estimate,m-scale_gate_time_constant-2e28d01edd,pospischil2008_fs,1,P00_canonical,mean_frequency,exceeds,49.81568197674742,52.64609290788395,2.8304109311365266,2.4907840988373713,r-4cceac4cec0eb866659f,r-054689ba190025196741
neuron_model_behavioral_validation,Neuraxis,development_pilot,PILOT2_PROTOCOL,Exploratory development data; second development iteration informed by Pilot 1; not independent confirmation; never pooled with the confirmatory held-out estimate,m-scale_gate_time_constant-2e28d01edd,pospischil2008_fs,1,P04_step_2x,ap_half_width,exceeds,0.5699999999994816,0.47999999999956344,0.08999999999991815,0.05,r-54e05e4e4388308e9268,r-60e7d84d440bdad95212
neuron_model_behavioral_validation,Neuraxis,development_pilot,PILOT2_PROTOCOL,Exploratory development data; second development iteration informed by Pilot 1; not independent confirmation; never pooled with the confirmatory held-out estimate,m-scale_gate_time_constant-2e28d01edd,pospischil2008_fs,1,P04_step_2x,first_isi,exceeds,10.549999999990405,9.72999999999115,0.8199999999992542,0.5,r-54e05e4e4388308e9268,r-60e7d84d440bdad95212
neuron_model_behavioral_validation,Neuraxis,development_pilot,PILOT2_PROTOCOL,Exploratory development data; second development iteration informed by Pilot 1; not independent confirmation; never pooled with the confirmatory held-out estimate,m-scale_gate_time_constant-2e28d01edd,pospischil2008_fs,1,P04_step_2x,mean_frequency,exceeds,95.40435206246943,103.10320428597909,7.698852223509661,4.770217603123472,r-54e05e4e4388308e9268,r-60e7d84d440bdad95212
neuron_model_behavioral_validation,Neuraxis,development_pilot,PILOT2_PROTOCOL,Exploratory development data; second development iteration informed by Pilot 1; not independent confirmation; never pooled with the confirmatory held-out estimate,m-scale_gate_time_constant-2e28d01edd,pospischil2008_fs,1,P05_long_step,ap_half_width,exceeds,0.5699999999994816,0.46999999999957254,0.09999999999990905,0.05,r-d95212df9ca6b2b4efff,r-f8f8d2005c014c7bdf1e
neuron_model_behavioral_validation,Neuraxis,development_pilot,PILOT2_PROTOCOL,Exploratory development data; second development iteration informed by Pilot 1; not independent confirmation; never pooled with the confirmatory held-out estimate,m-scale_gate_time_constant-2e28d01edd,pospischil2008_fs,1,P05_long_step,first_isi,exceeds,15.599999999985812,14.619999999986703,0.9799999999991087,0.5,r-d95212df9ca6b2b4efff,r-f8f8d2005c014c7bdf1e
neuron_model_behavioral_validation,Neuraxis,development_pilot,PILOT2_PROTOCOL,Exploratory development data; second development iteration informed by Pilot 1; not independent confirmation; never pooled with the confirmatory held-out estimate,m-scale_gate_time_constant-2e28d01edd,pospischil2008_fs,1,P05_long_step,mean_frequency,exceeds,64.1838868356668,68.43972523451188,4.255838398845086,3.20919434178334,r-d95212df9ca6b2b4efff,r-f8f8d2005c014c7bdf1e
neuron_model_behavioral_validation,Neuraxis,development_pilot,PILOT2_PROTOCOL,Exploratory development data; second development iteration informed by Pilot 1; not independent confirmation; never pooled with the confirmatory held-out estimate,m-scale_gate_time_constant-2e28d01edd,pospischil2008_fs,1,P06_ramp,mean_frequency,exceeds,61.0030501525709,65.39695954450261,4.393909391931707,3.050152507628545,r-5888f8cf54a64bb2eb2f,r-beeccdc9f5c5f5f645c9
neuron_model_behavioral_validation,Neuraxis,development_pilot,PILOT2_PROTOCOL,Exploratory development data; second development iteration informed by Pilot 1; not independent confirmation; never pooled with the confirmatory held-out estimate,m-scale_gate_time_constant-2e28d01edd,pospischil2008_fs,1,P09_short_pulse,ap_half_width,exceeds,0.7199999999993452,0.6099999999994452,0.10999999999989996,0.05,r-534f36c941e5711ea7a5,r-2b3d9ab826ebf5187332
neuron_model_behavioral_validation,Neuraxis,development_pilot,PILOT2_PROTOCOL,Exploratory development data; second development iteration informed by Pilot 1; not independent confirmation; never pooled with the confirmatory held-out estimate,m-scale_gate_time_constant-2e28d01edd,pospischil2008_fs,2,P00_canonical,ap_half_width,exceeds,0.5699999999994816,0.46999999999957254,0.09999999999990905,0.05,r-c9243a4c0b8a67de36a8,r-409029e3be134b1e0feb
neuron_model_behavioral_validation,Neuraxis,development_pilot,PILOT2_PROTOCOL,Exploratory development data; second development iteration informed by Pilot 1; not independent confirmation; never pooled with the confirmatory held-out estimate,m-scale_gate_time_constant-2e28d01edd,pospischil2008_fs,2,P00_canonical,first_isi,exceeds,20.199999999981628,19.049999999982674,1.149999999998954,0.5,r-c9243a4c0b8a67de36a8,r-409029e3be134b1e0feb
neuron_model_behavioral_validation,Neuraxis,development_pilot,PILOT2_PROTOCOL,Exploratory development data; second development iteration informed by Pilot 1; not independent confirmation; never pooled with the confirmatory held-out estimate,m-scale_gate_time_constant-2e28d01edd,pospischil2008_fs,2,P00_canonical,mean_frequency,exceeds,49.88153136307411,52.74261603382017,2.8610846707460595,2.4907840988373713,r-c9243a4c0b8a67de36a8,r-409029e3be134b1e0feb
neuron_model_behavioral_validation,Neuraxis,development_pilot,PILOT2_PROTOCOL,Exploratory development data; second development iteration informed by Pilot 1; not independent confirmation; never pooled with the confirmatory held-out estimate,m-scale_gate_time_constant-2e28d01edd,pospischil2008_fs,2,P04_step_2x,ap_half_width,exceeds,0.5699999999994816,0.47999999999956344,0.08999999999991815,0.05,r-e087238cb438e653e31d,r-195b63a49cb2255438d8
neuron_model_behavioral_validation,Neuraxis,development_pilot,PILOT2_PROTOCOL,Exploratory development data; second development iteration informed by Pilot 1; not independent confirmation; never pooled with the confirmatory held-out estimate,m-scale_gate_time_constant-2e28d01edd,pospischil2008_fs,2,P04_step_2x,first_isi,exceeds,10.439999999990505,9.60999999999126,0.8299999999992451,0.5,r-e087238cb438e653e31d,r-195b63a49cb2255438d8
neuron_model_behavioral_validation,Neuraxis,development_pilot,PILOT2_PROTOCOL,Exploratory development data; second development iteration informed by Pilot 1; not independent confirmation; never pooled with the confirmatory held-out estimate,m-scale_gate_time_constant-2e28d01edd,pospischil2008_fs,2,P04_step_2x,mean_frequency,exceeds,96.26762399481751,104.39880342922089,8.131179434403379,4.770217603123472,r-e087238cb438e653e31d,r-195b63a49cb2255438d8
neuron_model_behavioral_validation,Neuraxis,development_pilot,PILOT2_PROTOCOL,Exploratory development data; second development iteration informed by Pilot 1; not independent confirmation; never pooled with the confirmatory held-out estimate,m-scale_gate_time_constant-2e28d01edd,pospischil2008_fs,2,P05_long_step,ap_half_width,exceeds,0.5699999999994816,0.46999999999957254,0.09999999999990905,0.05,r-880359fc85650f897997,r-1a8a2f158c1ed1beca34
neuron_model_behavioral_validation,Neuraxis,development_pilot,PILOT2_PROTOCOL,Exploratory development data; second development iteration informed by Pilot 1; not independent confirmation; never pooled with the confirmatory held-out estimate,m-scale_gate_time_constant-2e28d01edd,pospischil2008_fs,2,P05_long_step,first_isi,exceeds,15.489999999985912,14.46999999998684,1.0199999999990723,0.5,r-880359fc85650f897997,r-1a8a2f158c1ed1beca34
neuron_model_behavioral_validation,Neuraxis,development_pilot,PILOT2_PROTOCOL,Exploratory development data; second development iteration informed by Pilot 1; not independent confirmation; never pooled with the confirmatory held-out estimate,m-scale_gate_time_constant-2e28d01edd,pospischil2008_fs,2,P05_long_step,mean_frequency,exceeds,64.68078278777342,69.18576377561071,4.5049809878372855,3.20919434178334,r-880359fc85650f897997,r-1a8a2f158c1ed1beca34
neuron_model_behavioral_validation,Neuraxis,development_pilot,PILOT2_PROTOCOL,Exploratory development data; second development iteration informed by Pilot 1; not independent confirmation; never pooled with the confirmatory held-out estimate,m-scale_gate_time_constant-2e28d01edd,pospischil2008_fs,2,P06_ramp,mean_frequency,exceeds,61.23944623484154,66.32099360913672,5.081547374295184,3.050152507628545,r-b0adc3019253aae3e3e8,r-6754727158967cdcfdef
neuron_model_behavioral_validation,Neuraxis,development_pilot,PILOT2_PROTOCOL,Exploratory development data; second development iteration informed by Pilot 1; not independent confirmation; never pooled with the confirmatory held-out estimate,m-scale_gate_time_constant-2e28d01edd,pospischil2008_fs,2,P09_short_pulse,ap_half_width,exceeds,0.7099999999993543,0.6099999999994452,0.09999999999990905,0.05,r-84e85309a66928a29934,r-fa163cb353f72a8a2e5c
neuron_model_behavioral_validation,Neuraxis,development_pilot,PILOT2_PROTOCOL,Exploratory development data; second development iteration informed by Pilot 1; not independent confirmation; never pooled with the confirmatory held-out estimate,m-increase_dt-2391bb7a93,pospischil2008_fs,1,P04_step_2x,first_isi,exceeds,10.549999999990405,11.099999999989905,0.5499999999994998,0.5,r-54e05e4e4388308e9268,r-0bc143b1d915402a39ef
neuron_model_behavioral_validation,Neuraxis,development_pilot,PILOT2_PROTOCOL,Exploratory development data; second development iteration informed by Pilot 1; not independent confirmation; never pooled with the confirmatory held-out estimate,m-increase_dt-2391bb7a93,pospischil2008_fs,1,P04_step_2x,mean_frequency,exceeds,95.40435206246943,90.61254077574908,4.791811286720346,4.770217603123472,r-54e05e4e4388308e9268,r-0bc143b1d915402a39ef
neuron_model_behavioral_validation,Neuraxis,development_pilot,PILOT2_PROTOCOL,Exploratory development data; second development iteration informed by Pilot 1; not independent confirmation; never pooled with the confirmatory held-out estimate,m-increase_dt-2391bb7a93,pospischil2008_fs,1,P05_long_step,first_isi,exceeds,15.599999999985812,16.299999999985175,0.6999999999993634,0.5,r-d95212df9ca6b2b4efff,r-9be687f5262174060bce
neuron_model_behavioral_validation,Neuraxis,development_pilot,PILOT2_PROTOCOL,Exploratory development data; second development iteration informed by Pilot 1; not independent confirmation; never pooled with the confirmatory held-out estimate,m-increase_dt-2391bb7a93,pospischil2008_fs,1,P06_ramp,mean_frequency,exceeds,61.0030501525709,57.399500523704155,3.6035496288667446,3.050152507628545,r-5888f8cf54a64bb2eb2f,r-5da6357040f183df548c
neuron_model_behavioral_validation,Neuraxis,development_pilot,PILOT2_PROTOCOL,Exploratory development data; second development iteration informed by Pilot 1; not independent confirmation; never pooled with the confirmatory held-out estimate,m-increase_dt-2391bb7a93,pospischil2008_fs,1,P09_short_pulse,ap_half_width,definedness,0.7199999999993452,,,0.05,r-534f36c941e5711ea7a5,r-85934e64d8708b5f04f4
neuron_model_behavioral_validation,Neuraxis,development_pilot,PILOT2_PROTOCOL,Exploratory development data; second development iteration informed by Pilot 1; not independent confirmation; never pooled with the confirmatory held-out estimate,m-increase_dt-2391bb7a93,pospischil2008_fs,2,P09_short_pulse,ap_half_width,definedness,0.7099999999993543,,,0.05,r-84e85309a66928a29934,r-c06db54116f8e371e764
neuron_model_behavioral_validation,Neuraxis,development_pilot,PILOT2_PROTOCOL,Exploratory development data; second development iteration informed by Pilot 1; not independent confirmation; never pooled with the confirmatory held-out estimate,m-duplicate_conductance-328cf062a2,pospischil2008_fs,1,P00_canonical,ap_half_width,exceeds,0.5599999999994907,0.6599999999993997,0.09999999999990905,0.05,r-4cceac4cec0eb866659f,r-f07d0448402c3c165e38
neuron_model_behavioral_validation,Neuraxis,development_pilot,PILOT2_PROTOCOL,Exploratory development data; second development iteration informed by Pilot 1; not independent confirmation; never pooled with the confirmatory held-out estimate,m-duplicate_conductance-328cf062a2,pospischil2008_fs,1,P00_canonical,first_isi,exceeds,20.2299999999816,18.11999999998352,2.109999999998081,0.5,r-4cceac4cec0eb866659f,r-f07d0448402c3c165e38
neuron_model_behavioral_validation,Neuraxis,development_pilot,PILOT2_PROTOCOL,Exploratory development data; second development iteration informed by Pilot 1; not independent confirmation; never pooled with the confirmatory held-out estimate,m-duplicate_conductance-328cf062a2,pospischil2008_fs,1,P00_canonical,mean_frequency,exceeds,49.81568197674742,55.701843224699026,5.8861612479516054,2.4907840988373713,r-4cceac4cec0eb866659f,r-f07d0448402c3c165e38
neuron_model_behavioral_validation,Neuraxis,development_pilot,PILOT2_PROTOCOL,Exploratory development data; second development iteration informed by Pilot 1; not independent confirmation; never pooled with the confirmatory held-out estimate,m-duplicate_conductance-328cf062a2,pospischil2008_fs,1,P04_step_2x,ap_half_width,exceeds,0.5699999999994816,0.6599999999993997,0.08999999999991815,0.05,r-54e05e4e4388308e9268,r-0528428126c4a6be3352
neuron_model_behavioral_validation,Neuraxis,development_pilot,PILOT2_PROTOCOL,Exploratory development data; second development iteration informed by Pilot 1; not independent confirmation; never pooled with the confirmatory held-out estimate,m-duplicate_conductance-328cf062a2,pospischil2008_fs,1,P05_long_step,ap_half_width,exceeds,0.5699999999994816,0.6599999999993997,0.08999999999991815,0.05,r-d95212df9ca6b2b4efff,r-c89c6f3f4ab154089142
neuron_model_behavioral_validation,Neuraxis,development_pilot,PILOT2_PROTOCOL,Exploratory development data; second development iteration informed by Pilot 1; not independent confirmation; never pooled with the confirmatory held-out estimate,m-duplicate_conductance-328cf062a2,pospischil2008_fs,1,P05_long_step,first_isi,exceeds,15.599999999985812,14.559999999986758,1.0399999999990541,0.5,r-d95212df9ca6b2b4efff,r-c89c6f3f4ab154089142
neuron_model_behavioral_validation,Neuraxis,development_pilot,PILOT2_PROTOCOL,Exploratory development data; second development iteration informed by Pilot 1; not independent confirmation; never pooled with the confirmatory held-out estimate,m-duplicate_conductance-328cf062a2,pospischil2008_fs,1,P05_long_step,mean_frequency,exceeds,64.1838868356668,68.81344524295835,4.6295584072915545,3.20919434178334,r-d95212df9ca6b2b4efff,r-c89c6f3f4ab154089142
neuron_model_behavioral_validation,Neuraxis,development_pilot,PILOT2_PROTOCOL,Exploratory development data; second development iteration informed by Pilot 1; not independent confirmation; never pooled with the confirmatory held-out estimate,m-duplicate_conductance-328cf062a2,pospischil2008_fs,1,P09_short_pulse,ap_half_width,exceeds,0.7199999999993452,0.7899999999992815,0.06999999999993634,0.05,r-534f36c941e5711ea7a5,r-70e51ce26fc57bd4fbba
neuron_model_behavioral_validation,Neuraxis,development_pilot,PILOT2_PROTOCOL,Exploratory development data; second development iteration informed by Pilot 1; not independent confirmation; never pooled with the confirmatory held-out estimate,m-duplicate_conductance-328cf062a2,pospischil2008_fs,2,P00_canonical,ap_half_width,exceeds,0.5699999999994816,0.6499999999994088,0.07999999999992724,0.05,r-c9243a4c0b8a67de36a8,r-a2a3f6e0698693710f3b
neuron_model_behavioral_validation,Neuraxis,development_pilot,PILOT2_PROTOCOL,Exploratory development data; second development iteration informed by Pilot 1; not independent confirmation; never pooled with the confirmatory held-out estimate,m-duplicate_conductance-328cf062a2,pospischil2008_fs,2,P00_canonical,first_isi,exceeds,20.199999999981628,18.099999999983538,2.09999999999809,0.5,r-c9243a4c0b8a67de36a8,r-a2a3f6e0698693710f3b
neuron_model_behavioral_validation,Neuraxis,development_pilot,PILOT2_PROTOCOL,Exploratory development data; second development iteration informed by Pilot 1; not independent confirmation; never pooled with the confirmatory held-out estimate,m-duplicate_conductance-328cf062a2,pospischil2008_fs,2,P00_canonical,mean_frequency,exceeds,49.88153136307411,55.77386234003583,5.892330976961723,2.4907840988373713,r-c9243a4c0b8a67de36a8,r-a2a3f6e0698693710f3b
neuron_model_behavioral_validation,Neuraxis,development_pilot,PILOT2_PROTOCOL,Exploratory development data; second development iteration informed by Pilot 1; not independent confirmation; never pooled with the confirmatory held-out estimate,m-duplicate_conductance-328cf062a2,pospischil2008_fs,2,P04_step_2x,ap_half_width,exceeds,0.5699999999994816,0.6599999999993997,0.08999999999991815,0.05,r-e087238cb438e653e31d,r-260d77eb653ab7ec597a
neuron_model_behavioral_validation,Neuraxis,development_pilot,PILOT2_PROTOCOL,Exploratory development data; second development iteration informed by Pilot 1; not independent confirmation; never pooled with the confirmatory held-out estimate,m-duplicate_conductance-328cf062a2,pospischil2008_fs,2,P05_long_step,ap_half_width,exceeds,0.5699999999994816,0.6599999999993997,0.08999999999991815,0.05,r-880359fc85650f897997,r-3c80656cb141cc2f7403
neuron_model_behavioral_validation,Neuraxis,development_pilot,PILOT2_PROTOCOL,Exploratory development data; second development iteration informed by Pilot 1; not independent confirmation; never pooled with the confirmatory held-out estimate,m-duplicate_conductance-328cf062a2,pospischil2008_fs,2,P05_long_step,first_isi,exceeds,15.489999999985912,14.449999999986858,1.0399999999990541,0.5,r-880359fc85650f897997,r-3c80656cb141cc2f7403
neuron_model_behavioral_validation,Neuraxis,development_pilot,PILOT2_PROTOCOL,Exploratory development data; second development iteration informed by Pilot 1; not independent confirmation; never pooled with the confirmatory held-out estimate,m-duplicate_conductance-328cf062a2,pospischil2008_fs,2,P05_long_step,mean_frequency,exceeds,64.68078278777342,69.31817040202111,4.637387614247686,3.20919434178334,r-880359fc85650f897997,r-3c80656cb141cc2f7403
neuron_model_behavioral_validation,Neuraxis,development_pilot,PILOT2_PROTOCOL,Exploratory development data; second development iteration informed by Pilot 1; not independent confirmation; never pooled with the confirmatory held-out estimate,m-duplicate_conductance-328cf062a2,pospischil2008_fs,2,P09_short_pulse,ap_half_width,exceeds,0.7099999999993543,0.7999999999992724,0.08999999999991815,0.05,r-84e85309a66928a29934,r-2db63ee1c7dc9ce29c79
