study_id,project_name,study_phase,protocol_version,designation,variant_id,model_id,level_factor,protocol_id,feature,reason,ref_value,var_value,diff,tau,ref_run_id,var_run_id
neuron_model_behavioral_validation,Neuraxis,development_pilot,PILOT2_PROTOCOL,Exploratory development data; second development iteration informed by Pilot 1; not independent confirmation; never pooled with the confirmatory held-out estimate,m-scale_conductance-44150b501c,acnet2_pyr_soma,1,P03_rheobase,rheobase,exceeds,0.007615600027320539,0.006522778498736425,0.0010928215285841139,0.00015231200054641078,s-f72e8dc74d5f026206e4,s-e3cc3fb5381901f1cd1e
neuron_model_behavioral_validation,Neuraxis,development_pilot,PILOT2_PROTOCOL,Exploratory development data; second development iteration informed by Pilot 1; not independent confirmation; never pooled with the confirmatory held-out estimate,m-scale_conductance-44150b501c,acnet2_pyr_soma,1,P04_step_2x,first_spike_latency,exceeds,25.40999999984905,24.359999999850004,1.049999999999045,0.508199999996981,r-85c49aecb0e07f4c5069,r-fb5a54a6f1afdd735a28
neuron_model_behavioral_validation,Neuraxis,development_pilot,PILOT2_PROTOCOL,Exploratory development data; second development iteration informed by Pilot 1; not independent confirmation; never pooled with the confirmatory held-out estimate,m-scale_conductance-44150b501c,acnet2_pyr_soma,1,P04_step_2x,last_isi,exceeds,451.11999999958977,430.33999999960866,20.7799999999811,9.022399999991796,r-85c49aecb0e07f4c5069,r-fb5a54a6f1afdd735a28
neuron_model_behavioral_validation,Neuraxis,development_pilot,PILOT2_PROTOCOL,Exploratory development data; second development iteration informed by Pilot 1; not independent confirmation; never pooled with the confirmatory held-out estimate,m-scale_conductance-44150b501c,acnet2_pyr_soma,1,P05_long_step,first_spike_latency,exceeds,37.16999999983835,34.1499999998411,3.0199999999972533,0.7433999999967671,r-f6700284baa99a5ef41f,r-ffd228d54d4607adfcbf
neuron_model_behavioral_validation,Neuraxis,development_pilot,PILOT2_PROTOCOL,Exploratory development data; second development iteration informed by Pilot 1; not independent confirmation; never pooled with the confirmatory held-out estimate,m-scale_conductance-44150b501c,acnet2_pyr_soma,1,P05_long_step,last_isi,exceeds,586.8900000005651,506.879999999539,80.01000000102613,11.737800000011303,r-f6700284baa99a5ef41f,r-ffd228d54d4607adfcbf
neuron_model_behavioral_validation,Neuraxis,development_pilot,PILOT2_PROTOCOL,Exploratory development data; second development iteration informed by Pilot 1; not independent confirmation; never pooled with the confirmatory held-out estimate,m-scale_conductance-44150b501c,acnet2_pyr_soma,1,P06_ramp,first_spike_latency,exceeds,501.13999999941643,428.54999999948245,72.58999999993398,10.02279999998833,r-ee8bcdd517fb72ba8d0c,r-71719fbf3aad64f53526
neuron_model_behavioral_validation,Neuraxis,development_pilot,PILOT2_PROTOCOL,Exploratory development data; second development iteration informed by Pilot 1; not independent confirmation; never pooled with the confirmatory held-out estimate,m-scale_conductance-44150b501c,acnet2_pyr_soma,1,P07_hyperpolarizing_step,steady_state_voltage,exceeds,-70.81424023132327,-71.75014665069583,0.9359064193725573,0.5,r-85c49aecb0e07f4c5069,r-fb5a54a6f1afdd735a28
neuron_model_behavioral_validation,Neuraxis,development_pilot,PILOT2_PROTOCOL,Exploratory development data; second development iteration informed by Pilot 1; not independent confirmation; never pooled with the confirmatory held-out estimate,m-scale_conductance-44150b501c,acnet2_pyr_soma,1,P09_short_pulse,ahp_depth,definedness,,-6.935772814432781,,inf,r-195ba3020e76bc4e3add,r-658adbba6cdd718372f7
neuron_model_behavioral_validation,Neuraxis,development_pilot,PILOT2_PROTOCOL,Exploratory development data; second development iteration informed by Pilot 1; not independent confirmation; never pooled with the confirmatory held-out estimate,m-scale_conductance-44150b501c,acnet2_pyr_soma,1,P09_short_pulse,ap_amplitude,definedness,,97.94194030767557,,inf,r-195ba3020e76bc4e3add,r-658adbba6cdd718372f7
neuron_model_behavioral_validation,Neuraxis,development_pilot,PILOT2_PROTOCOL,Exploratory development data; second development iteration informed by Pilot 1; not independent confirmation; never pooled with the confirmatory held-out estimate,m-scale_conductance-44150b501c,acnet2_pyr_soma,1,P09_short_pulse,first_spike_latency,definedness,,27.879999999846802,,inf,r-195ba3020e76bc4e3add,r-658adbba6cdd718372f7
neuron_model_behavioral_validation,Neuraxis,development_pilot,PILOT2_PROTOCOL,Exploratory development data; second development iteration informed by Pilot 1; not independent confirmation; never pooled with the confirmatory held-out estimate,m-scale_conductance-44150b501c,acnet2_pyr_soma,1,P09_short_pulse,spike_count,exceeds,0.0,1.0,1.0,0.5,r-195ba3020e76bc4e3add,r-658adbba6cdd718372f7
neuron_model_behavioral_validation,Neuraxis,development_pilot,PILOT2_PROTOCOL,Exploratory development data; second development iteration informed by Pilot 1; not independent confirmation; never pooled with the confirmatory held-out estimate,m-scale_conductance-44150b501c,acnet2_pyr_soma,2,P03_rheobase,rheobase,exceeds,0.007615600027320539,0.006522778498736425,0.0010928215285841139,0.00015231200054641078,s-4f52e2b97721efbbe2d2,s-42a217796a22f3298f96
neuron_model_behavioral_validation,Neuraxis,development_pilot,PILOT2_PROTOCOL,Exploratory development data; second development iteration informed by Pilot 1; not independent confirmation; never pooled with the confirmatory held-out estimate,m-scale_conductance-44150b501c,acnet2_pyr_soma,2,P04_step_2x,first_spike_latency,exceeds,25.359999999849094,24.30999999985005,1.049999999999045,0.508199999996981,r-16be743cbc8f0485fd82,r-dca38405d926c3c97741
neuron_model_behavioral_validation,Neuraxis,development_pilot,PILOT2_PROTOCOL,Exploratory development data; second development iteration informed by Pilot 1; not independent confirmation; never pooled with the confirmatory held-out estimate,m-scale_conductance-44150b501c,acnet2_pyr_soma,2,P04_step_2x,last_isi,exceeds,450.1799999995906,429.4099999996095,20.76999999998111,9.022399999991796,r-16be743cbc8f0485fd82,r-dca38405d926c3c97741
neuron_model_behavioral_validation,Neuraxis,development_pilot,PILOT2_PROTOCOL,Exploratory development data; second development iteration informed by Pilot 1; not independent confirmation; never pooled with the confirmatory held-out estimate,m-scale_conductance-44150b501c,acnet2_pyr_soma,2,P05_long_step,first_spike_latency,exceeds,37.10999999983841,34.089999999841154,3.0199999999972533,0.7433999999967671,r-493fa57e11933a720397,r-a157bdf928b79f971150
neuron_model_behavioral_validation,Neuraxis,development_pilot,PILOT2_PROTOCOL,Exploratory development data; second development iteration informed by Pilot 1; not independent confirmation; never pooled with the confirmatory held-out estimate,m-scale_conductance-44150b501c,acnet2_pyr_soma,2,P05_long_step,last_isi,exceeds,585.9700000005014,505.9699999995398,80.00000000096156,11.737800000011303,r-493fa57e11933a720397,r-a157bdf928b79f971150
neuron_model_behavioral_validation,Neuraxis,development_pilot,PILOT2_PROTOCOL,Exploratory development data; second development iteration informed by Pilot 1; not independent confirmation; never pooled with the confirmatory held-out estimate,m-scale_conductance-44150b501c,acnet2_pyr_soma,2,P06_ramp,first_spike_latency,exceeds,501.0599999994165,428.4699999994825,72.58999999993398,10.02279999998833,r-2e3e935d6ecd1df4b94b,r-df34936cb4955fa9cc9c
neuron_model_behavioral_validation,Neuraxis,development_pilot,PILOT2_PROTOCOL,Exploratory development data; second development iteration informed by Pilot 1; not independent confirmation; never pooled with the confirmatory held-out estimate,m-scale_conductance-44150b501c,acnet2_pyr_soma,2,P07_hyperpolarizing_step,steady_state_voltage,exceeds,-70.81424049987795,-71.75014685974124,0.9359063598632815,0.5,r-16be743cbc8f0485fd82,r-dca38405d926c3c97741
neuron_model_behavioral_validation,Neuraxis,development_pilot,PILOT2_PROTOCOL,Exploratory development data; second development iteration informed by Pilot 1; not independent confirmation; never pooled with the confirmatory held-out estimate,m-scale_conductance-44150b501c,acnet2_pyr_soma,2,P09_short_pulse,ahp_depth,definedness,,-6.934515932718909,,inf,r-eb52f398ba2e116da449,r-64e64946029e26bf0935
neuron_model_behavioral_validation,Neuraxis,development_pilot,PILOT2_PROTOCOL,Exploratory development data; second development iteration informed by Pilot 1; not independent confirmation; never pooled with the confirmatory held-out estimate,m-scale_conductance-44150b501c,acnet2_pyr_soma,2,P09_short_pulse,ap_amplitude,definedness,,97.52888107244742,,inf,r-eb52f398ba2e116da449,r-64e64946029e26bf0935
neuron_model_behavioral_validation,Neuraxis,development_pilot,PILOT2_PROTOCOL,Exploratory development data; second development iteration informed by Pilot 1; not independent confirmation; never pooled with the confirmatory held-out estimate,m-scale_conductance-44150b501c,acnet2_pyr_soma,2,P09_short_pulse,first_spike_latency,definedness,,27.42999999984721,,inf,r-eb52f398ba2e116da449,r-64e64946029e26bf0935
neuron_model_behavioral_validation,Neuraxis,development_pilot,PILOT2_PROTOCOL,Exploratory development data; second development iteration informed by Pilot 1; not independent confirmation; never pooled with the confirmatory held-out estimate,m-scale_conductance-44150b501c,acnet2_pyr_soma,2,P09_short_pulse,spike_count,exceeds,0.0,1.0,1.0,0.5,r-eb52f398ba2e116da449,r-64e64946029e26bf0935
neuron_model_behavioral_validation,Neuraxis,development_pilot,PILOT2_PROTOCOL,Exploratory development data; second development iteration informed by Pilot 1; not independent confirmation; never pooled with the confirmatory held-out estimate,m-scale_conductance-15a5694767,acnet2_pyr_soma,1,P00_canonical,ap_amplitude,exceeds,100.04901504481984,96.38759231545106,3.6614227293687804,2.000980300896397,r-7ce2d1a0f19cc5d24572,r-ba5ebf2c70d08e6d878f
neuron_model_behavioral_validation,Neuraxis,development_pilot,PILOT2_PROTOCOL,Exploratory development data; second development iteration informed by Pilot 1; not independent confirmation; never pooled with the confirmatory held-out estimate,m-scale_conductance-15a5694767,acnet2_pyr_soma,1,P03_rheobase,rheobase,exceeds,0.007615600027320539,0.009937845775561779,0.0023222457482412395,0.00015231200054641078,s-f72e8dc74d5f026206e4,s-3671158570d9279efaf0
neuron_model_behavioral_validation,Neuraxis,development_pilot,PILOT2_PROTOCOL,Exploratory development data; second development iteration informed by Pilot 1; not independent confirmation; never pooled with the confirmatory held-out estimate,m-scale_conductance-15a5694767,acnet2_pyr_soma,1,P04_step_2x,ap_amplitude,exceeds,98.06893539575677,94.3179626488064,3.7509727469503673,1.9613787079151355,r-85c49aecb0e07f4c5069,r-6dc406f1fda17a3970d6
neuron_model_behavioral_validation,Neuraxis,development_pilot,PILOT2_PROTOCOL,Exploratory development data; second development iteration informed by Pilot 1; not independent confirmation; never pooled with the confirmatory held-out estimate,m-scale_conductance-15a5694767,acnet2_pyr_soma,1,P04_step_2x,first_spike_latency,exceeds,25.40999999984905,31.36999999984363,5.959999999994579,0.508199999996981,r-85c49aecb0e07f4c5069,r-6dc406f1fda17a3970d6
neuron_model_behavioral_validation,Neuraxis,development_pilot,PILOT2_PROTOCOL,Exploratory development data; second development iteration informed by Pilot 1; not independent confirmation; never pooled with the confirmatory held-out estimate,m-scale_conductance-15a5694767,acnet2_pyr_soma,1,P04_step_2x,last_isi,definedness,451.11999999958977,,,9.022399999991796,r-85c49aecb0e07f4c5069,r-6dc406f1fda17a3970d6
neuron_model_behavioral_validation,Neuraxis,development_pilot,PILOT2_PROTOCOL,Exploratory development data; second development iteration informed by Pilot 1; not independent confirmation; never pooled with the confirmatory held-out estimate,m-scale_conductance-15a5694767,acnet2_pyr_soma,1,P04_step_2x,spike_count,exceeds,2.0,1.0,1.0,0.5,r-85c49aecb0e07f4c5069,r-6dc406f1fda17a3970d6
neuron_model_behavioral_validation,Neuraxis,development_pilot,PILOT2_PROTOCOL,Exploratory development data; second development iteration informed by Pilot 1; not independent confirmation; never pooled with the confirmatory held-out estimate,m-scale_conductance-15a5694767,acnet2_pyr_soma,1,P05_long_step,adaptation_index,definedness,-8.519410542851502e-06,,,0.01,r-f6700284baa99a5ef41f,r-863c3d9774e0a62d793d
neuron_model_behavioral_validation,Neuraxis,development_pilot,PILOT2_PROTOCOL,Exploratory development data; second development iteration informed by Pilot 1; not independent confirmation; never pooled with the confirmatory held-out estimate,m-scale_conductance-15a5694767,acnet2_pyr_soma,1,P05_long_step,ap_amplitude,exceeds,98.06814575218911,94.19318390079698,3.874961851392129,1.9613629150437824,r-f6700284baa99a5ef41f,r-863c3d9774e0a62d793d
neuron_model_behavioral_validation,Neuraxis,development_pilot,PILOT2_PROTOCOL,Exploratory development data; second development iteration informed by Pilot 1; not independent confirmation; never pooled with the confirmatory held-out estimate,m-scale_conductance-15a5694767,acnet2_pyr_soma,1,P05_long_step,first_spike_latency,exceeds,37.16999999983835,53.89999999982314,16.729999999984784,0.7433999999967671,r-f6700284baa99a5ef41f,r-863c3d9774e0a62d793d
neuron_model_behavioral_validation,Neuraxis,development_pilot,PILOT2_PROTOCOL,Exploratory development data; second development iteration informed by Pilot 1; not independent confirmation; never pooled with the confirmatory held-out estimate,m-scale_conductance-15a5694767,acnet2_pyr_soma,1,P05_long_step,last_isi,definedness,586.8900000005651,,,11.737800000011303,r-f6700284baa99a5ef41f,r-863c3d9774e0a62d793d
neuron_model_behavioral_validation,Neuraxis,development_pilot,PILOT2_PROTOCOL,Exploratory development data; second development iteration informed by Pilot 1; not independent confirmation; never pooled with the confirmatory held-out estimate,m-scale_conductance-15a5694767,acnet2_pyr_soma,1,P05_long_step,spike_count,exceeds,4.0,1.0,3.0,0.5,r-f6700284baa99a5ef41f,r-863c3d9774e0a62d793d
neuron_model_behavioral_validation,Neuraxis,development_pilot,PILOT2_PROTOCOL,Exploratory development data; second development iteration informed by Pilot 1; not independent confirmation; never pooled with the confirmatory held-out estimate,m-scale_conductance-15a5694767,acnet2_pyr_soma,1,P06_ramp,first_spike_latency,exceeds,501.13999999941643,691.889999999243,190.7499999998265,10.02279999998833,r-ee8bcdd517fb72ba8d0c,r-c0de12fddd2bd743795c
neuron_model_behavioral_validation,Neuraxis,development_pilot,PILOT2_PROTOCOL,Exploratory development data; second development iteration informed by Pilot 1; not independent confirmation; never pooled with the confirmatory held-out estimate,m-scale_conductance-15a5694767,acnet2_pyr_soma,1,P06_ramp,spike_count,exceeds,2.0,1.0,1.0,0.5,r-ee8bcdd517fb72ba8d0c,r-c0de12fddd2bd743795c
neuron_model_behavioral_validation,Neuraxis,development_pilot,PILOT2_PROTOCOL,Exploratory development data; second development iteration informed by Pilot 1; not independent confirmation; never pooled with the confirmatory held-out estimate,m-scale_conductance-15a5694767,acnet2_pyr_soma,2,P00_canonical,ap_amplitude,exceeds,99.87902450527808,96.18842697122393,3.690597534054149,2.000980300896397,r-2526a9bbad7e1faa361e,r-539fdd9e605c979bdec6
neuron_model_behavioral_validation,Neuraxis,development_pilot,PILOT2_PROTOCOL,Exploratory development data; second development iteration informed by Pilot 1; not independent confirmation; never pooled with the confirmatory held-out estimate,m-scale_conductance-15a5694767,acnet2_pyr_soma,2,P03_rheobase,rheobase,exceeds,0.007615600027320539,0.009937845775561779,0.0023222457482412395,0.00015231200054641078,s-4f52e2b97721efbbe2d2,s-708bba3c380236b3f70e
neuron_model_behavioral_validation,Neuraxis,development_pilot,PILOT2_PROTOCOL,Exploratory development data; second development iteration informed by Pilot 1; not independent confirmation; never pooled with the confirmatory held-out estimate,m-scale_conductance-15a5694767,acnet2_pyr_soma,2,P04_step_2x,ap_amplitude,exceeds,97.6356582663006,93.81272125295516,3.822937013345438,1.9613787079151355,r-16be743cbc8f0485fd82,r-4fbf9adbd0518ad1278d
neuron_model_behavioral_validation,Neuraxis,development_pilot,PILOT2_PROTOCOL,Exploratory development data; second development iteration informed by Pilot 1; not independent confirmation; never pooled with the confirmatory held-out estimate,m-scale_conductance-15a5694767,acnet2_pyr_soma,2,P04_step_2x,first_spike_latency,exceeds,25.359999999849094,31.309999999843683,5.9499999999945885,0.508199999996981,r-16be743cbc8f0485fd82,r-4fbf9adbd0518ad1278d
neuron_model_behavioral_validation,Neuraxis,development_pilot,PILOT2_PROTOCOL,Exploratory development data; second development iteration informed by Pilot 1; not independent confirmation; never pooled with the confirmatory held-out estimate,m-scale_conductance-15a5694767,acnet2_pyr_soma,2,P04_step_2x,last_isi,definedness,450.1799999995906,,,9.022399999991796,r-16be743cbc8f0485fd82,r-4fbf9adbd0518ad1278d
neuron_model_behavioral_validation,Neuraxis,development_pilot,PILOT2_PROTOCOL,Exploratory development data; second development iteration informed by Pilot 1; not independent confirmation; never pooled with the confirmatory held-out estimate,m-scale_conductance-15a5694767,acnet2_pyr_soma,2,P04_step_2x,spike_count,exceeds,2.0,1.0,1.0,0.5,r-16be743cbc8f0485fd82,r-4fbf9adbd0518ad1278d
neuron_model_behavioral_validation,Neuraxis,development_pilot,PILOT2_PROTOCOL,Exploratory development data; second development iteration informed by Pilot 1; not independent confirmation; never pooled with the confirmatory held-out estimate,m-scale_conductance-15a5694767,acnet2_pyr_soma,2,P05_long_step,adaptation_index,definedness,-8.532786352377084e-06,,,0.01,r-493fa57e11933a720397,r-a2b160546175a6ecd619
neuron_model_behavioral_validation,Neuraxis,development_pilot,PILOT2_PROTOCOL,Exploratory development data; second development iteration informed by Pilot 1; not independent confirmation; never pooled with the confirmatory held-out estimate,m-scale_conductance-15a5694767,acnet2_pyr_soma,2,P05_long_step,ap_amplitude,exceeds,97.55448913585151,93.72512817561869,3.829360960232819,1.9613629150437824,r-493fa57e11933a720397,r-a2b160546175a6ecd619
neuron_model_behavioral_validation,Neuraxis,development_pilot,PILOT2_PROTOCOL,Exploratory development data; second development iteration informed by Pilot 1; not independent confirmation; never pooled with the confirmatory held-out estimate,m-scale_conductance-15a5694767,acnet2_pyr_soma,2,P05_long_step,first_spike_latency,exceeds,37.10999999983841,53.8299999998232,16.719999999984793,0.7433999999967671,r-493fa57e11933a720397,r-a2b160546175a6ecd619
neuron_model_behavioral_validation,Neuraxis,development_pilot,PILOT2_PROTOCOL,Exploratory development data; second development iteration informed by Pilot 1; not independent confirmation; never pooled with the confirmatory held-out estimate,m-scale_conductance-15a5694767,acnet2_pyr_soma,2,P05_long_step,last_isi,definedness,585.9700000005014,,,11.737800000011303,r-493fa57e11933a720397,r-a2b160546175a6ecd619
neuron_model_behavioral_validation,Neuraxis,development_pilot,PILOT2_PROTOCOL,Exploratory development data; second development iteration informed by Pilot 1; not independent confirmation; never pooled with the confirmatory held-out estimate,m-scale_conductance-15a5694767,acnet2_pyr_soma,2,P05_long_step,spike_count,exceeds,4.0,1.0,3.0,0.5,r-493fa57e11933a720397,r-a2b160546175a6ecd619
neuron_model_behavioral_validation,Neuraxis,development_pilot,PILOT2_PROTOCOL,Exploratory development data; second development iteration informed by Pilot 1; not independent confirmation; never pooled with the confirmatory held-out estimate,m-scale_conductance-15a5694767,acnet2_pyr_soma,2,P06_ramp,first_spike_latency,exceeds,501.0599999994165,691.799999999243,190.73999999982652,10.02279999998833,r-2e3e935d6ecd1df4b94b,r-955de6e3c4193b290401
neuron_model_behavioral_validation,Neuraxis,development_pilot,PILOT2_PROTOCOL,Exploratory development data; second development iteration informed by Pilot 1; not independent confirmation; never pooled with the confirmatory held-out estimate,m-scale_conductance-15a5694767,acnet2_pyr_soma,2,P06_ramp,spike_count,exceeds,2.0,1.0,1.0,0.5,r-2e3e935d6ecd1df4b94b,r-955de6e3c4193b290401
neuron_model_behavioral_validation,Neuraxis,development_pilot,PILOT2_PROTOCOL,Exploratory development data; second development iteration informed by Pilot 1; not independent confirmation; never pooled with the confirmatory held-out estimate,m-scale_conductance-2ed5496dc2,acnet2_pyr_soma,1,P00_canonical,adaptation_index,exceeds,0.08360766405035329,0.029502934321434044,0.05410472972891925,0.01,r-7ce2d1a0f19cc5d24572,r-0e1e94a9d1ff6d8b600b
neuron_model_behavioral_validation,Neuraxis,development_pilot,PILOT2_PROTOCOL,Exploratory development data; second development iteration informed by Pilot 1; not independent confirmation; never pooled with the confirmatory held-out estimate,m-scale_conductance-2ed5496dc2,acnet2_pyr_soma,1,P00_canonical,last_isi,exceeds,76.88999999993013,37.629999999965776,39.25999999996435,1.5377999999986025,r-7ce2d1a0f19cc5d24572,r-0e1e94a9d1ff6d8b600b
neuron_model_behavioral_validation,Neuraxis,development_pilot,PILOT2_PROTOCOL,Exploratory development data; second development iteration informed by Pilot 1; not independent confirmation; never pooled with the confirmatory held-out estimate,m-scale_conductance-2ed5496dc2,acnet2_pyr_soma,1,P00_canonical,spike_count,exceeds,8.0,15.0,7.0,0.5,r-7ce2d1a0f19cc5d24572,r-0e1e94a9d1ff6d8b600b
neuron_model_behavioral_validation,Neuraxis,development_pilot,PILOT2_PROTOCOL,Exploratory development data; second development iteration informed by Pilot 1; not independent confirmation; never pooled with the confirmatory held-out estimate,m-scale_conductance-2ed5496dc2,acnet2_pyr_soma,1,P02_weak_step,steady_state_voltage,exceeds,-66.2136446029663,-65.34640342559813,0.8672411773681716,0.5,r-85c49aecb0e07f4c5069,r-c1122fde757e302f00b2
neuron_model_behavioral_validation,Neuraxis,development_pilot,PILOT2_PROTOCOL,Exploratory development data; second development iteration informed by Pilot 1; not independent confirmation; never pooled with the confirmatory held-out estimate,m-scale_conductance-2ed5496dc2,acnet2_pyr_soma,1,P03_rheobase,rheobase,exceeds,0.007615600027320539,0.005703162352298341,0.0019124376750221982,0.00015231200054641078,s-f72e8dc74d5f026206e4,s-c12a1fcaf2aee84dd1d2
neuron_model_behavioral_validation,Neuraxis,development_pilot,PILOT2_PROTOCOL,Exploratory development data; second development iteration informed by Pilot 1; not independent confirmation; never pooled with the confirmatory held-out estimate,m-scale_conductance-2ed5496dc2,acnet2_pyr_soma,1,P04_step_2x,ahp_depth,exceeds,-7.019535802205411,-7.59371910095237,0.5741832987469593,0.5,r-85c49aecb0e07f4c5069,r-c1122fde757e302f00b2
neuron_model_behavioral_validation,Neuraxis,development_pilot,PILOT2_PROTOCOL,Exploratory development data; second development iteration informed by Pilot 1; not independent confirmation; never pooled with the confirmatory held-out estimate,m-scale_conductance-2ed5496dc2,acnet2_pyr_soma,1,P04_step_2x,first_spike_latency,exceeds,25.40999999984905,21.799999999852332,3.6099999999967167,0.508199999996981,r-85c49aecb0e07f4c5069,r-c1122fde757e302f00b2
neuron_model_behavioral_validation,Neuraxis,development_pilot,PILOT2_PROTOCOL,Exploratory development data; second development iteration informed by Pilot 1; not independent confirmation; never pooled with the confirmatory held-out estimate,m-scale_conductance-2ed5496dc2,acnet2_pyr_soma,1,P04_step_2x,last_isi,exceeds,451.11999999958977,343.9899999996872,107.12999999990257,9.022399999991796,r-85c49aecb0e07f4c5069,r-c1122fde757e302f00b2
neuron_model_behavioral_validation,Neuraxis,development_pilot,PILOT2_PROTOCOL,Exploratory development data; second development iteration informed by Pilot 1; not independent confirmation; never pooled with the confirmatory held-out estimate,m-scale_conductance-2ed5496dc2,acnet2_pyr_soma,1,P05_long_step,ahp_depth,exceeds,-7.059071324666348,-7.63142356872558,0.5723522440592319,0.5,r-f6700284baa99a5ef41f,r-5416aa0622f314b55b7a
neuron_model_behavioral_validation,Neuraxis,development_pilot,PILOT2_PROTOCOL,Exploratory development data; second development iteration informed by Pilot 1; not independent confirmation; never pooled with the confirmatory held-out estimate,m-scale_conductance-2ed5496dc2,acnet2_pyr_soma,1,P05_long_step,first_spike_latency,exceeds,37.16999999983835,29.999999999844874,7.169999999993479,0.7433999999967671,r-f6700284baa99a5ef41f,r-5416aa0622f314b55b7a
neuron_model_behavioral_validation,Neuraxis,development_pilot,PILOT2_PROTOCOL,Exploratory development data; second development iteration informed by Pilot 1; not independent confirmation; never pooled with the confirmatory held-out estimate,m-scale_conductance-2ed5496dc2,acnet2_pyr_soma,1,P05_long_step,last_isi,exceeds,586.8900000005651,407.5699999996293,179.3200000009358,11.737800000011303,r-f6700284baa99a5ef41f,r-5416aa0622f314b55b7a
neuron_model_behavioral_validation,Neuraxis,development_pilot,PILOT2_PROTOCOL,Exploratory development data; second development iteration informed by Pilot 1; not independent confirmation; never pooled with the confirmatory held-out estimate,m-scale_conductance-2ed5496dc2,acnet2_pyr_soma,1,P05_long_step,spike_count,exceeds,4.0,5.0,1.0,0.5,r-f6700284baa99a5ef41f,r-5416aa0622f314b55b7a
neuron_model_behavioral_validation,Neuraxis,development_pilot,PILOT2_PROTOCOL,Exploratory development data; second development iteration informed by Pilot 1; not independent confirmation; never pooled with the confirmatory held-out estimate,m-scale_conductance-2ed5496dc2,acnet2_pyr_soma,1,P06_ramp,first_spike_latency,exceeds,501.13999999941643,336.699999999566,164.43999999985044,10.02279999998833,r-ee8bcdd517fb72ba8d0c,r-89ba659b087e26fe7720
neuron_model_behavioral_validation,Neuraxis,development_pilot,PILOT2_PROTOCOL,Exploratory development data; second development iteration informed by Pilot 1; not independent confirmation; never pooled with the confirmatory held-out estimate,m-scale_conductance-2ed5496dc2,acnet2_pyr_soma,1,P06_ramp,spike_count,exceeds,2.0,3.0,1.0,0.5,r-ee8bcdd517fb72ba8d0c,r-89ba659b087e26fe7720
neuron_model_behavioral_validation,Neuraxis,development_pilot,PILOT2_PROTOCOL,Exploratory development data; second development iteration informed by Pilot 1; not independent confirmation; never pooled with the confirmatory held-out estimate,m-scale_conductance-2ed5496dc2,acnet2_pyr_soma,1,P09_short_pulse,ahp_depth,definedness,,-7.749213790893549,,inf,r-195ba3020e76bc4e3add,r-b3a2414391cd3e8bb790
neuron_model_behavioral_validation,Neuraxis,development_pilot,PILOT2_PROTOCOL,Exploratory development data; second development iteration informed by Pilot 1; not independent confirmation; never pooled with the confirmatory held-out estimate,m-scale_conductance-2ed5496dc2,acnet2_pyr_soma,1,P09_short_pulse,ap_amplitude,definedness,,97.97423172106667,,inf,r-195ba3020e76bc4e3add,r-b3a2414391cd3e8bb790
neuron_model_behavioral_validation,Neuraxis,development_pilot,PILOT2_PROTOCOL,Exploratory development data; second development iteration informed by Pilot 1; not independent confirmation; never pooled with the confirmatory held-out estimate,m-scale_conductance-2ed5496dc2,acnet2_pyr_soma,1,P09_short_pulse,first_spike_latency,definedness,,10.679999999862446,,inf,r-195ba3020e76bc4e3add,r-b3a2414391cd3e8bb790
neuron_model_behavioral_validation,Neuraxis,development_pilot,PILOT2_PROTOCOL,Exploratory development data; second development iteration informed by Pilot 1; not independent confirmation; never pooled with the confirmatory held-out estimate,m-scale_conductance-2ed5496dc2,acnet2_pyr_soma,1,P09_short_pulse,spike_count,exceeds,0.0,1.0,1.0,0.5,r-195ba3020e76bc4e3add,r-b3a2414391cd3e8bb790
neuron_model_behavioral_validation,Neuraxis,development_pilot,PILOT2_PROTOCOL,Exploratory development data; second development iteration informed by Pilot 1; not independent confirmation; never pooled with the confirmatory held-out estimate,m-scale_conductance-2ed5496dc2,acnet2_pyr_soma,2,P00_canonical,adaptation_index,exceeds,0.08394194146984126,0.029446628825684513,0.054495312644156746,0.01,r-2526a9bbad7e1faa361e,r-87692c27cfd95028290c
neuron_model_behavioral_validation,Neuraxis,development_pilot,PILOT2_PROTOCOL,Exploratory development data; second development iteration informed by Pilot 1; not independent confirmation; never pooled with the confirmatory held-out estimate,m-scale_conductance-2ed5496dc2,acnet2_pyr_soma,2,P00_canonical,last_isi,exceeds,76.5899999999304,37.46999999996592,39.11999999996448,1.5377999999986025,r-2526a9bbad7e1faa361e,r-87692c27cfd95028290c
neuron_model_behavioral_validation,Neuraxis,development_pilot,PILOT2_PROTOCOL,Exploratory development data; second development iteration informed by Pilot 1; not independent confirmation; never pooled with the confirmatory held-out estimate,m-scale_conductance-2ed5496dc2,acnet2_pyr_soma,2,P00_canonical,spike_count,exceeds,8.0,15.0,7.0,0.5,r-2526a9bbad7e1faa361e,r-87692c27cfd95028290c
neuron_model_behavioral_validation,Neuraxis,development_pilot,PILOT2_PROTOCOL,Exploratory development data; second development iteration informed by Pilot 1; not independent confirmation; never pooled with the confirmatory held-out estimate,m-scale_conductance-2ed5496dc2,acnet2_pyr_soma,2,P02_weak_step,steady_state_voltage,exceeds,-66.2136438430786,-65.34640200195311,0.867241841125491,0.5,r-16be743cbc8f0485fd82,r-fe15ac2e2967476edf28
neuron_model_behavioral_validation,Neuraxis,development_pilot,PILOT2_PROTOCOL,Exploratory development data; second development iteration informed by Pilot 1; not independent confirmation; never pooled with the confirmatory held-out estimate,m-scale_conductance-2ed5496dc2,acnet2_pyr_soma,2,P03_rheobase,rheobase,exceeds,0.007615600027320539,0.005703162352298341,0.0019124376750221982,0.00015231200054641078,s-4f52e2b97721efbbe2d2,s-f981e03d73b97a1fa183
neuron_model_behavioral_validation,Neuraxis,development_pilot,PILOT2_PROTOCOL,Exploratory development data; second development iteration informed by Pilot 1; not independent confirmation; never pooled with the confirmatory held-out estimate,m-scale_conductance-2ed5496dc2,acnet2_pyr_soma,2,P04_step_2x,ahp_depth,exceeds,-7.016957875569673,-7.591152524312335,0.5741946487426617,0.5,r-16be743cbc8f0485fd82,r-fe15ac2e2967476edf28
neuron_model_behavioral_validation,Neuraxis,development_pilot,PILOT2_PROTOCOL,Exploratory development data; second development iteration informed by Pilot 1; not independent confirmation; never pooled with the confirmatory held-out estimate,m-scale_conductance-2ed5496dc2,acnet2_pyr_soma,2,P04_step_2x,first_spike_latency,exceeds,25.359999999849094,21.749999999852378,3.6099999999967167,0.508199999996981,r-16be743cbc8f0485fd82,r-fe15ac2e2967476edf28
neuron_model_behavioral_validation,Neuraxis,development_pilot,PILOT2_PROTOCOL,Exploratory development data; second development iteration informed by Pilot 1; not independent confirmation; never pooled with the confirmatory held-out estimate,m-scale_conductance-2ed5496dc2,acnet2_pyr_soma,2,P04_step_2x,last_isi,exceeds,450.1799999995906,342.94999999968815,107.22999999990247,9.022399999991796,r-16be743cbc8f0485fd82,r-fe15ac2e2967476edf28
neuron_model_behavioral_validation,Neuraxis,development_pilot,PILOT2_PROTOCOL,Exploratory development data; second development iteration informed by Pilot 1; not independent confirmation; never pooled with the confirmatory held-out estimate,m-scale_conductance-2ed5496dc2,acnet2_pyr_soma,2,P05_long_step,ahp_depth,exceeds,-7.056752797444673,-7.6291011327107725,0.5723483352660992,0.5,r-493fa57e11933a720397,r-f5628dd410e727fcdd3c
neuron_model_behavioral_validation,Neuraxis,development_pilot,PILOT2_PROTOCOL,Exploratory development data; second development iteration informed by Pilot 1; not independent confirmation; never pooled with the confirmatory held-out estimate,m-scale_conductance-2ed5496dc2,acnet2_pyr_soma,2,P05_long_step,first_spike_latency,exceeds,37.10999999983841,29.93999999984493,7.169999999993479,0.7433999999967671,r-493fa57e11933a720397,r-f5628dd410e727fcdd3c
neuron_model_behavioral_validation,Neuraxis,development_pilot,PILOT2_PROTOCOL,Exploratory development data; second development iteration informed by Pilot 1; not independent confirmation; never pooled with the confirmatory held-out estimate,m-scale_conductance-2ed5496dc2,acnet2_pyr_soma,2,P05_long_step,last_isi,exceeds,585.9700000005014,406.55999999963024,179.41000000087115,11.737800000011303,r-493fa57e11933a720397,r-f5628dd410e727fcdd3c
neuron_model_behavioral_validation,Neuraxis,development_pilot,PILOT2_PROTOCOL,Exploratory development data; second development iteration informed by Pilot 1; not independent confirmation; never pooled with the confirmatory held-out estimate,m-scale_conductance-2ed5496dc2,acnet2_pyr_soma,2,P05_long_step,spike_count,exceeds,4.0,5.0,1.0,0.5,r-493fa57e11933a720397,r-f5628dd410e727fcdd3c
neuron_model_behavioral_validation,Neuraxis,development_pilot,PILOT2_PROTOCOL,Exploratory development data; second development iteration informed by Pilot 1; not independent confirmation; never pooled with the confirmatory held-out estimate,m-scale_conductance-2ed5496dc2,acnet2_pyr_soma,2,P06_ramp,first_spike_latency,exceeds,501.0599999994165,336.61999999956606,164.43999999985044,10.02279999998833,r-2e3e935d6ecd1df4b94b,r-3195a146caa5b6670ac5
neuron_model_behavioral_validation,Neuraxis,development_pilot,PILOT2_PROTOCOL,Exploratory development data; second development iteration informed by Pilot 1; not independent confirmation; never pooled with the confirmatory held-out estimate,m-scale_conductance-2ed5496dc2,acnet2_pyr_soma,2,P06_ramp,spike_count,exceeds,2.0,3.0,1.0,0.5,r-2e3e935d6ecd1df4b94b,r-3195a146caa5b6670ac5
neuron_model_behavioral_validation,Neuraxis,development_pilot,PILOT2_PROTOCOL,Exploratory development data; second development iteration informed by Pilot 1; not independent confirmation; never pooled with the confirmatory held-out estimate,m-scale_conductance-2ed5496dc2,acnet2_pyr_soma,2,P09_short_pulse,ahp_depth,definedness,,-7.7477229588826475,,inf,r-eb52f398ba2e116da449,r-4e776fb480844a40f9c2
neuron_model_behavioral_validation,Neuraxis,development_pilot,PILOT2_PROTOCOL,Exploratory development data; second development iteration informed by Pilot 1; not independent confirmation; never pooled with the confirmatory held-out estimate,m-scale_conductance-2ed5496dc2,acnet2_pyr_soma,2,P09_short_pulse,ap_amplitude,definedness,,97.4406662003909,,inf,r-eb52f398ba2e116da449,r-4e776fb480844a40f9c2
neuron_model_behavioral_validation,Neuraxis,development_pilot,PILOT2_PROTOCOL,Exploratory development data; second development iteration informed by Pilot 1; not independent confirmation; never pooled with the confirmatory held-out estimate,m-scale_conductance-2ed5496dc2,acnet2_pyr_soma,2,P09_short_pulse,first_spike_latency,definedness,,10.60999999986251,,inf,r-eb52f398ba2e116da449,r-4e776fb480844a40f9c2
neuron_model_behavioral_validation,Neuraxis,development_pilot,PILOT2_PROTOCOL,Exploratory development data; second development iteration informed by Pilot 1; not independent confirmation; never pooled with the confirmatory held-out estimate,m-scale_conductance-2ed5496dc2,acnet2_pyr_soma,2,P09_short_pulse,spike_count,exceeds,0.0,1.0,1.0,0.5,r-eb52f398ba2e116da449,r-4e776fb480844a40f9c2
neuron_model_behavioral_validation,Neuraxis,development_pilot,PILOT2_PROTOCOL,Exploratory development data; second development iteration informed by Pilot 1; not independent confirmation; never pooled with the confirmatory held-out estimate,m-scale_conductance-2dc7e425d7,acnet2_pyr_soma,1,P00_canonical,adaptation_index,exceeds,0.08360766405035329,-0.002924664672067675,0.08653232872242096,0.01,r-7ce2d1a0f19cc5d24572,r-5930454d481e53940212
neuron_model_behavioral_validation,Neuraxis,development_pilot,PILOT2_PROTOCOL,Exploratory development data; second development iteration informed by Pilot 1; not independent confirmation; never pooled with the confirmatory held-out estimate,m-scale_conductance-2dc7e425d7,acnet2_pyr_soma,1,P00_canonical,last_isi,exceeds,76.88999999993013,148.29999999986518,71.40999999993505,1.5377999999986025,r-7ce2d1a0f19cc5d24572,r-5930454d481e53940212
neuron_model_behavioral_validation,Neuraxis,development_pilot,PILOT2_PROTOCOL,Exploratory development data; second development iteration informed by Pilot 1; not independent confirmation; never pooled with the confirmatory held-out estimate,m-scale_conductance-2dc7e425d7,acnet2_pyr_soma,1,P00_canonical,spike_count,exceeds,8.0,4.0,4.0,0.5,r-7ce2d1a0f19cc5d24572,r-5930454d481e53940212
neuron_model_behavioral_validation,Neuraxis,development_pilot,PILOT2_PROTOCOL,Exploratory development data; second development iteration informed by Pilot 1; not independent confirmation; never pooled with the confirmatory held-out estimate,m-scale_conductance-2dc7e425d7,acnet2_pyr_soma,1,P02_weak_step,steady_state_voltage,exceeds,-66.2136446029663,-67.17584812622069,0.962203523254388,0.5,r-85c49aecb0e07f4c5069,r-43bfb2e52ad234532b8e
neuron_model_behavioral_validation,Neuraxis,development_pilot,PILOT2_PROTOCOL,Exploratory development data; second development iteration informed by Pilot 1; not independent confirmation; never pooled with the confirmatory held-out estimate,m-scale_conductance-2dc7e425d7,acnet2_pyr_soma,1,P03_rheobase,rheobase,exceeds,0.007615600027320539,0.010450105867085582,0.0028345058397650424,0.00015231200054641078,s-f72e8dc74d5f026206e4,s-02e49cab2bc44fd815d9
neuron_model_behavioral_validation,Neuraxis,development_pilot,PILOT2_PROTOCOL,Exploratory development data; second development iteration informed by Pilot 1; not independent confirmation; never pooled with the confirmatory held-out estimate,m-scale_conductance-2dc7e425d7,acnet2_pyr_soma,1,P04_step_2x,ahp_depth,exceeds,-7.019535802205411,-6.265901781717943,0.7536340204874676,0.5,r-85c49aecb0e07f4c5069,r-43bfb2e52ad234532b8e
neuron_model_behavioral_validation,Neuraxis,development_pilot,PILOT2_PROTOCOL,Exploratory development data; second development iteration informed by Pilot 1; not independent confirmation; never pooled with the confirmatory held-out estimate,m-scale_conductance-2dc7e425d7,acnet2_pyr_soma,1,P04_step_2x,first_spike_latency,exceeds,25.40999999984905,32.58999999984252,7.17999999999347,0.508199999996981,r-85c49aecb0e07f4c5069,r-43bfb2e52ad234532b8e
neuron_model_behavioral_validation,Neuraxis,development_pilot,PILOT2_PROTOCOL,Exploratory development data; second development iteration informed by Pilot 1; not independent confirmation; never pooled with the confirmatory held-out estimate,m-scale_conductance-2dc7e425d7,acnet2_pyr_soma,1,P04_step_2x,last_isi,definedness,451.11999999958977,,,9.022399999991796,r-85c49aecb0e07f4c5069,r-43bfb2e52ad234532b8e
neuron_model_behavioral_validation,Neuraxis,development_pilot,PILOT2_PROTOCOL,Exploratory development data; second development iteration informed by Pilot 1; not independent confirmation; never pooled with the confirmatory held-out estimate,m-scale_conductance-2dc7e425d7,acnet2_pyr_soma,1,P04_step_2x,spike_count,exceeds,2.0,1.0,1.0,0.5,r-85c49aecb0e07f4c5069,r-43bfb2e52ad234532b8e
neuron_model_behavioral_validation,Neuraxis,development_pilot,PILOT2_PROTOCOL,Exploratory development data; second development iteration informed by Pilot 1; not independent confirmation; never pooled with the confirmatory held-out estimate,m-scale_conductance-2dc7e425d7,acnet2_pyr_soma,1,P05_long_step,adaptation_index,definedness,-8.519410542851502e-06,,,0.01,r-f6700284baa99a5ef41f,r-5c7252a122a3efd754f0
neuron_model_behavioral_validation,Neuraxis,development_pilot,PILOT2_PROTOCOL,Exploratory development data; second development iteration informed by Pilot 1; not independent confirmation; never pooled with the confirmatory held-out estimate,m-scale_conductance-2dc7e425d7,acnet2_pyr_soma,1,P05_long_step,ahp_depth,exceeds,-7.059071324666348,-6.304720141092943,0.7543511835734051,0.5,r-f6700284baa99a5ef41f,r-5c7252a122a3efd754f0
neuron_model_behavioral_validation,Neuraxis,development_pilot,PILOT2_PROTOCOL,Exploratory development data; second development iteration informed by Pilot 1; not independent confirmation; never pooled with the confirmatory held-out estimate,m-scale_conductance-2dc7e425d7,acnet2_pyr_soma,1,P05_long_step,first_spike_latency,exceeds,37.16999999983835,58.56999999981889,21.399999999980537,0.7433999999967671,r-f6700284baa99a5ef41f,r-5c7252a122a3efd754f0
neuron_model_behavioral_validation,Neuraxis,development_pilot,PILOT2_PROTOCOL,Exploratory development data; second development iteration informed by Pilot 1; not independent confirmation; never pooled with the confirmatory held-out estimate,m-scale_conductance-2dc7e425d7,acnet2_pyr_soma,1,P05_long_step,last_isi,definedness,586.8900000005651,,,11.737800000011303,r-f6700284baa99a5ef41f,r-5c7252a122a3efd754f0
neuron_model_behavioral_validation,Neuraxis,development_pilot,PILOT2_PROTOCOL,Exploratory development data; second development iteration informed by Pilot 1; not independent confirmation; never pooled with the confirmatory held-out estimate,m-scale_conductance-2dc7e425d7,acnet2_pyr_soma,1,P05_long_step,spike_count,exceeds,4.0,1.0,3.0,0.5,r-f6700284baa99a5ef41f,r-5c7252a122a3efd754f0
neuron_model_behavioral_validation,Neuraxis,development_pilot,PILOT2_PROTOCOL,Exploratory development data; second development iteration informed by Pilot 1; not independent confirmation; never pooled with the confirmatory held-out estimate,m-scale_conductance-2dc7e425d7,acnet2_pyr_soma,1,P06_ramp,first_spike_latency,exceeds,501.13999999941643,972.9699999989873,471.8299999995709,10.02279999998833,r-ee8bcdd517fb72ba8d0c,r-961e77a44163320f453b
neuron_model_behavioral_validation,Neuraxis,development_pilot,PILOT2_PROTOCOL,Exploratory development data; second development iteration informed by Pilot 1; not independent confirmation; never pooled with the confirmatory held-out estimate,m-scale_conductance-2dc7e425d7,acnet2_pyr_soma,1,P06_ramp,spike_count,exceeds,2.0,1.0,1.0,0.5,r-ee8bcdd517fb72ba8d0c,r-961e77a44163320f453b
neuron_model_behavioral_validation,Neuraxis,development_pilot,PILOT2_PROTOCOL,Exploratory development data; second development iteration informed by Pilot 1; not independent confirmation; never pooled with the confirmatory held-out estimate,m-scale_conductance-2dc7e425d7,acnet2_pyr_soma,2,P00_canonical,adaptation_index,exceeds,0.08394194146984126,-0.0030321406913279805,0.08697408216116924,0.01,r-2526a9bbad7e1faa361e,r-e98d1a626d036379099e
neuron_model_behavioral_validation,Neuraxis,development_pilot,PILOT2_PROTOCOL,Exploratory development data; second development iteration informed by Pilot 1; not independent confirmation; never pooled with the confirmatory held-out estimate,m-scale_conductance-2dc7e425d7,acnet2_pyr_soma,2,P00_canonical,last_isi,exceeds,76.5899999999304,147.9599999998655,71.36999999993509,1.5377999999986025,r-2526a9bbad7e1faa361e,r-e98d1a626d036379099e
neuron_model_behavioral_validation,Neuraxis,development_pilot,PILOT2_PROTOCOL,Exploratory development data; second development iteration informed by Pilot 1; not independent confirmation; never pooled with the confirmatory held-out estimate,m-scale_conductance-2dc7e425d7,acnet2_pyr_soma,2,P00_canonical,spike_count,exceeds,8.0,4.0,4.0,0.5,r-2526a9bbad7e1faa361e,r-e98d1a626d036379099e
neuron_model_behavioral_validation,Neuraxis,development_pilot,PILOT2_PROTOCOL,Exploratory development data; second development iteration informed by Pilot 1; not independent confirmation; never pooled with the confirmatory held-out estimate,m-scale_conductance-2dc7e425d7,acnet2_pyr_soma,2,P02_weak_step,steady_state_voltage,exceeds,-66.2136438430786,-67.17584783325194,0.9622039901733359,0.5,r-16be743cbc8f0485fd82,r-2493dc2c5a977c0f843e
neuron_model_behavioral_validation,Neuraxis,development_pilot,PILOT2_PROTOCOL,Exploratory development data; second development iteration informed by Pilot 1; not independent confirmation; never pooled with the confirmatory held-out estimate,m-scale_conductance-2dc7e425d7,acnet2_pyr_soma,2,P03_rheobase,rheobase,exceeds,0.007615600027320539,0.010450105867085582,0.0028345058397650424,0.00015231200054641078,s-4f52e2b97721efbbe2d2,s-220cb68968522d633e71
neuron_model_behavioral_validation,Neuraxis,development_pilot,PILOT2_PROTOCOL,Exploratory development data; second development iteration informed by Pilot 1; not independent confirmation; never pooled with the confirmatory held-out estimate,m-scale_conductance-2dc7e425d7,acnet2_pyr_soma,2,P04_step_2x,ahp_depth,exceeds,-7.016957875569673,-6.26378640238444,0.7531714731852333,0.5,r-16be743cbc8f0485fd82,r-2493dc2c5a977c0f843e
neuron_model_behavioral_validation,Neuraxis,development_pilot,PILOT2_PROTOCOL,Exploratory development data; second development iteration informed by Pilot 1; not independent confirmation; never pooled with the confirmatory held-out estimate,m-scale_conductance-2dc7e425d7,acnet2_pyr_soma,2,P04_step_2x,first_spike_latency,exceeds,25.359999999849094,32.52999999984257,7.169999999993479,0.508199999996981,r-16be743cbc8f0485fd82,r-2493dc2c5a977c0f843e
neuron_model_behavioral_validation,Neuraxis,development_pilot,PILOT2_PROTOCOL,Exploratory development data; second development iteration informed by Pilot 1; not independent confirmation; never pooled with the confirmatory held-out estimate,m-scale_conductance-2dc7e425d7,acnet2_pyr_soma,2,P04_step_2x,last_isi,definedness,450.1799999995906,,,9.022399999991796,r-16be743cbc8f0485fd82,r-2493dc2c5a977c0f843e
neuron_model_behavioral_validation,Neuraxis,development_pilot,PILOT2_PROTOCOL,Exploratory development data; second development iteration informed by Pilot 1; not independent confirmation; never pooled with the confirmatory held-out estimate,m-scale_conductance-2dc7e425d7,acnet2_pyr_soma,2,P04_step_2x,spike_count,exceeds,2.0,1.0,1.0,0.5,r-16be743cbc8f0485fd82,r-2493dc2c5a977c0f843e
neuron_model_behavioral_validation,Neuraxis,development_pilot,PILOT2_PROTOCOL,Exploratory development data; second development iteration informed by Pilot 1; not independent confirmation; never pooled with the confirmatory held-out estimate,m-scale_conductance-2dc7e425d7,acnet2_pyr_soma,2,P05_long_step,adaptation_index,definedness,-8.532786352377084e-06,,,0.01,r-493fa57e11933a720397,r-a01083ba7f4ad57483ac
neuron_model_behavioral_validation,Neuraxis,development_pilot,PILOT2_PROTOCOL,Exploratory development data; second development iteration informed by Pilot 1; not independent confirmation; never pooled with the confirmatory held-out estimate,m-scale_conductance-2dc7e425d7,acnet2_pyr_soma,2,P05_long_step,ahp_depth,exceeds,-7.056752797444673,-6.302826014200846,0.753926783243827,0.5,r-493fa57e11933a720397,r-a01083ba7f4ad57483ac
neuron_model_behavioral_validation,Neuraxis,development_pilot,PILOT2_PROTOCOL,Exploratory development data; second development iteration informed by Pilot 1; not independent confirmation; never pooled with the confirmatory held-out estimate,m-scale_conductance-2dc7e425d7,acnet2_pyr_soma,2,P05_long_step,first_spike_latency,exceeds,37.10999999983841,58.48999999981896,21.379999999980555,0.7433999999967671,r-493fa57e11933a720397,r-a01083ba7f4ad57483ac
neuron_model_behavioral_validation,Neuraxis,development_pilot,PILOT2_PROTOCOL,Exploratory development data; second development iteration informed by Pilot 1; not independent confirmation; never pooled with the confirmatory held-out estimate,m-scale_conductance-2dc7e425d7,acnet2_pyr_soma,2,P05_long_step,last_isi,definedness,585.9700000005014,,,11.737800000011303,r-493fa57e11933a720397,r-a01083ba7f4ad57483ac
neuron_model_behavioral_validation,Neuraxis,development_pilot,PILOT2_PROTOCOL,Exploratory development data; second development iteration informed by Pilot 1; not independent confirmation; never pooled with the confirmatory held-out estimate,m-scale_conductance-2dc7e425d7,acnet2_pyr_soma,2,P05_long_step,spike_count,exceeds,4.0,1.0,3.0,0.5,r-493fa57e11933a720397,r-a01083ba7f4ad57483ac
neuron_model_behavioral_validation,Neuraxis,development_pilot,PILOT2_PROTOCOL,Exploratory development data; second development iteration informed by Pilot 1; not independent confirmation; never pooled with the confirmatory held-out estimate,m-scale_conductance-2dc7e425d7,acnet2_pyr_soma,2,P06_ramp,first_spike_latency,exceeds,501.0599999994165,972.8599999989874,471.7999999995709,10.02279999998833,r-2e3e935d6ecd1df4b94b,r-28570166f27e855eeaaf
neuron_model_behavioral_validation,Neuraxis,development_pilot,PILOT2_PROTOCOL,Exploratory development data; second development iteration informed by Pilot 1; not independent confirmation; never pooled with the confirmatory held-out estimate,m-scale_conductance-2dc7e425d7,acnet2_pyr_soma,2,P06_ramp,spike_count,exceeds,2.0,1.0,1.0,0.5,r-2e3e935d6ecd1df4b94b,r-28570166f27e855eeaaf
neuron_model_behavioral_validation,Neuraxis,development_pilot,PILOT2_PROTOCOL,Exploratory development data; second development iteration informed by Pilot 1; not independent confirmation; never pooled with the confirmatory held-out estimate,m-shift_reversal-3400b10721,acnet2_pyr_soma,1,P00_canonical,adaptation_index,exceeds,0.08360766405035329,0.024795690162097123,0.05881197388825617,0.01,r-7ce2d1a0f19cc5d24572,r-2da37e0e72678eff37b7
neuron_model_behavioral_validation,Neuraxis,development_pilot,PILOT2_PROTOCOL,Exploratory development data; second development iteration informed by Pilot 1; not independent confirmation; never pooled with the confirmatory held-out estimate,m-shift_reversal-3400b10721,acnet2_pyr_soma,1,P00_canonical,last_isi,exceeds,76.88999999993013,36.839999999966494,40.04999999996363,1.5377999999986025,r-7ce2d1a0f19cc5d24572,r-2da37e0e72678eff37b7
neuron_model_behavioral_validation,Neuraxis,development_pilot,PILOT2_PROTOCOL,Exploratory development data; second development iteration informed by Pilot 1; not independent confirmation; never pooled with the confirmatory held-out estimate,m-shift_reversal-3400b10721,acnet2_pyr_soma,1,P00_canonical,spike_count,exceeds,8.0,15.0,7.0,0.5,r-7ce2d1a0f19cc5d24572,r-2da37e0e72678eff37b7
neuron_model_behavioral_validation,Neuraxis,development_pilot,PILOT2_PROTOCOL,Exploratory development data; second development iteration informed by Pilot 1; not independent confirmation; never pooled with the confirmatory held-out estimate,m-shift_reversal-3400b10721,acnet2_pyr_soma,1,P02_weak_step,steady_state_voltage,exceeds,-66.2136446029663,-64.96725969085692,1.2463849121093773,0.5,r-85c49aecb0e07f4c5069,r-66cca1fd06302306e115
neuron_model_behavioral_validation,Neuraxis,development_pilot,PILOT2_PROTOCOL,Exploratory development data; second development iteration informed by Pilot 1; not independent confirmation; never pooled with the confirmatory held-out estimate,m-shift_reversal-3400b10721,acnet2_pyr_soma,1,P03_rheobase,rheobase,exceeds,0.007615600027320539,0.005395806297384059,0.0022197937299364805,0.00015231200054641078,s-f72e8dc74d5f026206e4,s-1c7fa5f2c22b842929b8
neuron_model_behavioral_validation,Neuraxis,development_pilot,PILOT2_PROTOCOL,Exploratory development data; second development iteration informed by Pilot 1; not independent confirmation; never pooled with the confirmatory held-out estimate,m-shift_reversal-3400b10721,acnet2_pyr_soma,1,P04_step_2x,ahp_depth,exceeds,-7.019535802205411,-7.940022852579531,0.9204870503741205,0.5,r-85c49aecb0e07f4c5069,r-66cca1fd06302306e115
neuron_model_behavioral_validation,Neuraxis,development_pilot,PILOT2_PROTOCOL,Exploratory development data; second development iteration informed by Pilot 1; not independent confirmation; never pooled with the confirmatory held-out estimate,m-shift_reversal-3400b10721,acnet2_pyr_soma,1,P04_step_2x,first_spike_latency,exceeds,25.40999999984905,20.319999999853678,5.089999999995371,0.508199999996981,r-85c49aecb0e07f4c5069,r-66cca1fd06302306e115
neuron_model_behavioral_validation,Neuraxis,development_pilot,PILOT2_PROTOCOL,Exploratory development data; second development iteration informed by Pilot 1; not independent confirmation; never pooled with the confirmatory held-out estimate,m-shift_reversal-3400b10721,acnet2_pyr_soma,1,P04_step_2x,last_isi,exceeds,451.11999999958977,368.55999999966485,82.55999999992491,9.022399999991796,r-85c49aecb0e07f4c5069,r-66cca1fd06302306e115
neuron_model_behavioral_validation,Neuraxis,development_pilot,PILOT2_PROTOCOL,Exploratory development data; second development iteration informed by Pilot 1; not independent confirmation; never pooled with the confirmatory held-out estimate,m-shift_reversal-3400b10721,acnet2_pyr_soma,1,P05_long_step,ahp_depth,exceeds,-7.059071324666348,-7.97701778666179,0.9179464619954416,0.5,r-f6700284baa99a5ef41f,r-0a1178edf3f7cd297371
neuron_model_behavioral_validation,Neuraxis,development_pilot,PILOT2_PROTOCOL,Exploratory development data; second development iteration informed by Pilot 1; not independent confirmation; never pooled with the confirmatory held-out estimate,m-shift_reversal-3400b10721,acnet2_pyr_soma,1,P05_long_step,first_spike_latency,exceeds,37.16999999983835,27.569999999847084,9.599999999991269,0.7433999999967671,r-f6700284baa99a5ef41f,r-0a1178edf3f7cd297371
neuron_model_behavioral_validation,Neuraxis,development_pilot,PILOT2_PROTOCOL,Exploratory development data; second development iteration informed by Pilot 1; not independent confirmation; never pooled with the confirmatory held-out estimate,m-shift_reversal-3400b10721,acnet2_pyr_soma,1,P05_long_step,last_isi,exceeds,586.8900000005651,431.90999999972655,154.98000000083857,11.737800000011303,r-f6700284baa99a5ef41f,r-0a1178edf3f7cd297371
neuron_model_behavioral_validation,Neuraxis,development_pilot,PILOT2_PROTOCOL,Exploratory development data; second development iteration informed by Pilot 1; not independent confirmation; never pooled with the confirmatory held-out estimate,m-shift_reversal-3400b10721,acnet2_pyr_soma,1,P05_long_step,spike_count,exceeds,4.0,5.0,1.0,0.5,r-f6700284baa99a5ef41f,r-0a1178edf3f7cd297371
neuron_model_behavioral_validation,Neuraxis,development_pilot,PILOT2_PROTOCOL,Exploratory development data; second development iteration informed by Pilot 1; not independent confirmation; never pooled with the confirmatory held-out estimate,m-shift_reversal-3400b10721,acnet2_pyr_soma,1,P06_ramp,first_spike_latency,exceeds,501.13999999941643,325.1499999995765,175.98999999983994,10.02279999998833,r-ee8bcdd517fb72ba8d0c,r-e5447bd45f73717a8249
neuron_model_behavioral_validation,Neuraxis,development_pilot,PILOT2_PROTOCOL,Exploratory development data; second development iteration informed by Pilot 1; not independent confirmation; never pooled with the confirmatory held-out estimate,m-shift_reversal-3400b10721,acnet2_pyr_soma,1,P06_ramp,spike_count,exceeds,2.0,3.0,1.0,0.5,r-ee8bcdd517fb72ba8d0c,r-e5447bd45f73717a8249
neuron_model_behavioral_validation,Neuraxis,development_pilot,PILOT2_PROTOCOL,Exploratory development data; second development iteration informed by Pilot 1; not independent confirmation; never pooled with the confirmatory held-out estimate,m-shift_reversal-3400b10721,acnet2_pyr_soma,1,P07_hyperpolarizing_step,steady_state_voltage,exceeds,-70.81424023132327,-70.15805413055422,0.6561861007690482,0.5,r-85c49aecb0e07f4c5069,r-66cca1fd06302306e115
neuron_model_behavioral_validation,Neuraxis,development_pilot,PILOT2_PROTOCOL,Exploratory development data; second development iteration informed by Pilot 1; not independent confirmation; never pooled with the confirmatory held-out estimate,m-shift_reversal-3400b10721,acnet2_pyr_soma,1,P09_short_pulse,ahp_depth,definedness,,-8.093106653849077,,inf,r-195ba3020e76bc4e3add,r-b87c611d902701375e8f
neuron_model_behavioral_validation,Neuraxis,development_pilot,PILOT2_PROTOCOL,Exploratory development data; second development iteration informed by Pilot 1; not independent confirmation; never pooled with the confirmatory held-out estimate,m-shift_reversal-3400b10721,acnet2_pyr_soma,1,P09_short_pulse,ap_amplitude,definedness,,98.0150260935946,,inf,r-195ba3020e76bc4e3add,r-b87c611d902701375e8f
neuron_model_behavioral_validation,Neuraxis,development_pilot,PILOT2_PROTOCOL,Exploratory development data; second development iteration informed by Pilot 1; not independent confirmation; never pooled with the confirmatory held-out estimate,m-shift_reversal-3400b10721,acnet2_pyr_soma,1,P09_short_pulse,first_spike_latency,definedness,,8.579999999864356,,inf,r-195ba3020e76bc4e3add,r-b87c611d902701375e8f
neuron_model_behavioral_validation,Neuraxis,development_pilot,PILOT2_PROTOCOL,Exploratory development data; second development iteration informed by Pilot 1; not independent confirmation; never pooled with the confirmatory held-out estimate,m-shift_reversal-3400b10721,acnet2_pyr_soma,1,P09_short_pulse,spike_count,exceeds,0.0,1.0,1.0,0.5,r-195ba3020e76bc4e3add,r-b87c611d902701375e8f
neuron_model_behavioral_validation,Neuraxis,development_pilot,PILOT2_PROTOCOL,Exploratory development data; second development iteration informed by Pilot 1; not independent confirmation; never pooled with the confirmatory held-out estimate,m-shift_reversal-3400b10721,acnet2_pyr_soma,2,P00_canonical,adaptation_index,exceeds,0.08394194146984126,0.024784922001199444,0.05915701946864181,0.01,r-2526a9bbad7e1faa361e,r-67c697e8dc958075dda0
neuron_model_behavioral_validation,Neuraxis,development_pilot,PILOT2_PROTOCOL,Exploratory development data; second development iteration informed by Pilot 1; not independent confirmation; never pooled with the confirmatory held-out estimate,m-shift_reversal-3400b10721,acnet2_pyr_soma,2,P00_canonical,last_isi,exceeds,76.5899999999304,36.7199999999666,39.869999999963795,1.5377999999986025,r-2526a9bbad7e1faa361e,r-67c697e8dc958075dda0
neuron_model_behavioral_validation,Neuraxis,development_pilot,PILOT2_PROTOCOL,Exploratory development data; second development iteration informed by Pilot 1; not independent confirmation; never pooled with the confirmatory held-out estimate,m-shift_reversal-3400b10721,acnet2_pyr_soma,2,P00_canonical,spike_count,exceeds,8.0,15.0,7.0,0.5,r-2526a9bbad7e1faa361e,r-67c697e8dc958075dda0
neuron_model_behavioral_validation,Neuraxis,development_pilot,PILOT2_PROTOCOL,Exploratory development data; second development iteration informed by Pilot 1; not independent confirmation; never pooled with the confirmatory held-out estimate,m-shift_reversal-3400b10721,acnet2_pyr_soma,2,P02_weak_step,steady_state_voltage,exceeds,-66.2136438430786,-64.96725820465086,1.2463856384277392,0.5,r-16be743cbc8f0485fd82,r-c03ae52a5f573ff2f740
neuron_model_behavioral_validation,Neuraxis,development_pilot,PILOT2_PROTOCOL,Exploratory development data; second development iteration informed by Pilot 1; not independent confirmation; never pooled with the confirmatory held-out estimate,m-shift_reversal-3400b10721,acnet2_pyr_soma,2,P03_rheobase,rheobase,exceeds,0.007615600027320539,0.005395806297384059,0.0022197937299364805,0.00015231200054641078,s-4f52e2b97721efbbe2d2,s-adfaf805a618cebeff31
neuron_model_behavioral_validation,Neuraxis,development_pilot,PILOT2_PROTOCOL,Exploratory development data; second development iteration informed by Pilot 1; not independent confirmation; never pooled with the confirmatory held-out estimate,m-shift_reversal-3400b10721,acnet2_pyr_soma,2,P04_step_2x,ahp_depth,exceeds,-7.016957875569673,-7.937255373636887,0.9202974980672138,0.5,r-16be743cbc8f0485fd82,r-c03ae52a5f573ff2f740
neuron_model_behavioral_validation,Neuraxis,development_pilot,PILOT2_PROTOCOL,Exploratory development data; second development iteration informed by Pilot 1; not independent confirmation; never pooled with the confirmatory held-out estimate,m-shift_reversal-3400b10721,acnet2_pyr_soma,2,P04_step_2x,first_spike_latency,exceeds,25.359999999849094,20.269999999853724,5.089999999995371,0.508199999996981,r-16be743cbc8f0485fd82,r-c03ae52a5f573ff2f740
neuron_model_behavioral_validation,Neuraxis,development_pilot,PILOT2_PROTOCOL,Exploratory development data; second development iteration informed by Pilot 1; not independent confirmation; never pooled with the confirmatory held-out estimate,m-shift_reversal-3400b10721,acnet2_pyr_soma,2,P04_step_2x,last_isi,exceeds,450.1799999995906,367.6099999996657,82.5699999999249,9.022399999991796,r-16be743cbc8f0485fd82,r-c03ae52a5f573ff2f740
neuron_model_behavioral_validation,Neuraxis,development_pilot,PILOT2_PROTOCOL,Exploratory development data; second development iteration informed by Pilot 1; not independent confirmation; never pooled with the confirmatory held-out estimate,m-shift_reversal-3400b10721,acnet2_pyr_soma,2,P05_long_step,ahp_depth,exceeds,-7.056752797444673,-7.974509707132981,0.9177569096883076,0.5,r-493fa57e11933a720397,r-77ba738752aa90a420db
neuron_model_behavioral_validation,Neuraxis,development_pilot,PILOT2_PROTOCOL,Exploratory development data; second development iteration informed by Pilot 1; not independent confirmation; never pooled with the confirmatory held-out estimate,m-shift_reversal-3400b10721,acnet2_pyr_soma,2,P05_long_step,first_spike_latency,exceeds,37.10999999983841,27.51999999984713,9.589999999991278,0.7433999999967671,r-493fa57e11933a720397,r-77ba738752aa90a420db
neuron_model_behavioral_validation,Neuraxis,development_pilot,PILOT2_PROTOCOL,Exploratory development data; second development iteration informed by Pilot 1; not independent confirmation; never pooled with the confirmatory held-out estimate,m-shift_reversal-3400b10721,acnet2_pyr_soma,2,P05_long_step,last_isi,exceeds,585.9700000005014,430.97999999964054,154.99000000086085,11.737800000011303,r-493fa57e11933a720397,r-77ba738752aa90a420db
neuron_model_behavioral_validation,Neuraxis,development_pilot,PILOT2_PROTOCOL,Exploratory development data; second development iteration informed by Pilot 1; not independent confirmation; never pooled with the confirmatory held-out estimate,m-shift_reversal-3400b10721,acnet2_pyr_soma,2,P05_long_step,spike_count,exceeds,4.0,5.0,1.0,0.5,r-493fa57e11933a720397,r-77ba738752aa90a420db
neuron_model_behavioral_validation,Neuraxis,development_pilot,PILOT2_PROTOCOL,Exploratory development data; second development iteration informed by Pilot 1; not independent confirmation; never pooled with the confirmatory held-out estimate,m-shift_reversal-3400b10721,acnet2_pyr_soma,2,P06_ramp,first_spike_latency,exceeds,501.0599999994165,325.0599999995766,175.99999999983993,10.02279999998833,r-2e3e935d6ecd1df4b94b,r-220c6e8b818ce9049e9e
neuron_model_behavioral_validation,Neuraxis,development_pilot,PILOT2_PROTOCOL,Exploratory development data; second development iteration informed by Pilot 1; not independent confirmation; never pooled with the confirmatory held-out estimate,m-shift_reversal-3400b10721,acnet2_pyr_soma,2,P06_ramp,spike_count,exceeds,2.0,3.0,1.0,0.5,r-2e3e935d6ecd1df4b94b,r-220c6e8b818ce9049e9e
neuron_model_behavioral_validation,Neuraxis,development_pilot,PILOT2_PROTOCOL,Exploratory development data; second development iteration informed by Pilot 1; not independent confirmation; never pooled with the confirmatory held-out estimate,m-shift_reversal-3400b10721,acnet2_pyr_soma,2,P07_hyperpolarizing_step,steady_state_voltage,exceeds,-70.81424049987795,-70.15805426177981,0.6561862380981438,0.5,r-16be743cbc8f0485fd82,r-c03ae52a5f573ff2f740
neuron_model_behavioral_validation,Neuraxis,development_pilot,PILOT2_PROTOCOL,Exploratory development data; second development iteration informed by Pilot 1; not independent confirmation; never pooled with the confirmatory held-out estimate,m-shift_reversal-3400b10721,acnet2_pyr_soma,2,P09_short_pulse,ahp_depth,definedness,,-8.091376772562242,,inf,r-eb52f398ba2e116da449,r-05a9522147cc646e5857
neuron_model_behavioral_validation,Neuraxis,development_pilot,PILOT2_PROTOCOL,Exploratory development data; second development iteration informed by Pilot 1; not independent confirmation; never pooled with the confirmatory held-out estimate,m-shift_reversal-3400b10721,acnet2_pyr_soma,2,P09_short_pulse,ap_amplitude,definedness,,97.48746872108046,,inf,r-eb52f398ba2e116da449,r-05a9522147cc646e5857
neuron_model_behavioral_validation,Neuraxis,development_pilot,PILOT2_PROTOCOL,Exploratory development data; second development iteration informed by Pilot 1; not independent confirmation; never pooled with the confirmatory held-out estimate,m-shift_reversal-3400b10721,acnet2_pyr_soma,2,P09_short_pulse,first_spike_latency,definedness,,8.51999999986441,,inf,r-eb52f398ba2e116da449,r-05a9522147cc646e5857
neuron_model_behavioral_validation,Neuraxis,development_pilot,PILOT2_PROTOCOL,Exploratory development data; second development iteration informed by Pilot 1; not independent confirmation; never pooled with the confirmatory held-out estimate,m-shift_reversal-3400b10721,acnet2_pyr_soma,2,P09_short_pulse,spike_count,exceeds,0.0,1.0,1.0,0.5,r-eb52f398ba2e116da449,r-05a9522147cc646e5857
neuron_model_behavioral_validation,Neuraxis,development_pilot,PILOT2_PROTOCOL,Exploratory development data; second development iteration informed by Pilot 1; not independent confirmation; never pooled with the confirmatory held-out estimate,m-shift_reversal-2c628fb0f6,acnet2_pyr_soma,1,P00_canonical,adaptation_index,exceeds,0.08360766405035329,-0.013803017073637663,0.09741068112399096,0.01,r-7ce2d1a0f19cc5d24572,r-a2a47d0560066a50aee0
neuron_model_behavioral_validation,Neuraxis,development_pilot,PILOT2_PROTOCOL,Exploratory development data; second development iteration informed by Pilot 1; not independent confirmation; never pooled with the confirmatory held-out estimate,m-shift_reversal-2c628fb0f6,acnet2_pyr_soma,1,P00_canonical,ahp_depth,exceeds,-7.047089353288882,-0.615015553065831,6.432073800223051,0.5,r-7ce2d1a0f19cc5d24572,r-a2a47d0560066a50aee0
neuron_model_behavioral_validation,Neuraxis,development_pilot,PILOT2_PROTOCOL,Exploratory development data; second development iteration informed by Pilot 1; not independent confirmation; never pooled with the confirmatory held-out estimate,m-shift_reversal-2c628fb0f6,acnet2_pyr_soma,1,P00_canonical,ap_amplitude,exceeds,100.04901504481984,97.19705963123461,2.8519554135852303,2.000980300896397,r-7ce2d1a0f19cc5d24572,r-a2a47d0560066a50aee0
neuron_model_behavioral_validation,Neuraxis,development_pilot,PILOT2_PROTOCOL,Exploratory development data; second development iteration informed by Pilot 1; not independent confirmation; never pooled with the confirmatory held-out estimate,m-shift_reversal-2c628fb0f6,acnet2_pyr_soma,1,P00_canonical,first_spike_latency,exceeds,32.640000000015604,35.41000000001702,2.770000000001417,0.6528000000003121,r-7ce2d1a0f19cc5d24572,r-a2a47d0560066a50aee0
neuron_model_behavioral_validation,Neuraxis,development_pilot,PILOT2_PROTOCOL,Exploratory development data; second development iteration informed by Pilot 1; not independent confirmation; never pooled with the confirmatory held-out estimate,m-shift_reversal-2c628fb0f6,acnet2_pyr_soma,1,P00_canonical,last_isi,exceeds,76.88999999993013,71.91999999993465,4.96999999999548,1.5377999999986025,r-7ce2d1a0f19cc5d24572,r-a2a47d0560066a50aee0
neuron_model_behavioral_validation,Neuraxis,development_pilot,PILOT2_PROTOCOL,Exploratory development data; second development iteration informed by Pilot 1; not independent confirmation; never pooled with the confirmatory held-out estimate,m-shift_reversal-2c628fb0f6,acnet2_pyr_soma,1,P02_weak_step,spike_count,exceeds,0.0,1.0,1.0,0.5,r-85c49aecb0e07f4c5069,r-dc905c17af1e27b88607
neuron_model_behavioral_validation,Neuraxis,development_pilot,PILOT2_PROTOCOL,Exploratory development data; second development iteration informed by Pilot 1; not independent confirmation; never pooled with the confirmatory held-out estimate,m-shift_reversal-2c628fb0f6,acnet2_pyr_soma,1,P02_weak_step,steady_state_voltage,exceeds,-66.2136446029663,-69.32851186372204,3.1148672607557444,0.5,r-85c49aecb0e07f4c5069,r-dc905c17af1e27b88607
neuron_model_behavioral_validation,Neuraxis,development_pilot,PILOT2_PROTOCOL,Exploratory development data; second development iteration informed by Pilot 1; not independent confirmation; never pooled with the confirmatory held-out estimate,m-shift_reversal-2c628fb0f6,acnet2_pyr_soma,1,P03_rheobase,rheobase,exceeds,0.007615600027320539,0.0025271497848507614,0.005088450242469778,0.00015231200054641078,s-f72e8dc74d5f026206e4,s-5dd600ac3c198b3ab039
neuron_model_behavioral_validation,Neuraxis,development_pilot,PILOT2_PROTOCOL,Exploratory development data; second development iteration informed by Pilot 1; not independent confirmation; never pooled with the confirmatory held-out estimate,m-shift_reversal-2c628fb0f6,acnet2_pyr_soma,1,P04_step_2x,ahp_depth,exceeds,-7.019535802205411,-5.050780899047098,1.9687549031583131,0.5,r-85c49aecb0e07f4c5069,r-dc905c17af1e27b88607
neuron_model_behavioral_validation,Neuraxis,development_pilot,PILOT2_PROTOCOL,Exploratory development data; second development iteration informed by Pilot 1; not independent confirmation; never pooled with the confirmatory held-out estimate,m-shift_reversal-2c628fb0f6,acnet2_pyr_soma,1,P04_step_2x,first_spike_latency,exceeds,25.40999999984905,68.08999999981023,42.67999999996118,0.508199999996981,r-85c49aecb0e07f4c5069,r-dc905c17af1e27b88607
neuron_model_behavioral_validation,Neuraxis,development_pilot,PILOT2_PROTOCOL,Exploratory development data; second development iteration informed by Pilot 1; not independent confirmation; never pooled with the confirmatory held-out estimate,m-shift_reversal-2c628fb0f6,acnet2_pyr_soma,1,P04_step_2x,last_isi,exceeds,451.11999999958977,361.3599999996714,89.75999999991836,9.022399999991796,r-85c49aecb0e07f4c5069,r-dc905c17af1e27b88607
neuron_model_behavioral_validation,Neuraxis,development_pilot,PILOT2_PROTOCOL,Exploratory development data; second development iteration informed by Pilot 1; not independent confirmation; never pooled with the confirmatory held-out estimate,m-shift_reversal-2c628fb0f6,acnet2_pyr_soma,1,P05_long_step,ahp_depth,exceeds,-7.059071324666348,-5.08797419738724,1.9710971272791085,0.5,r-f6700284baa99a5ef41f,r-33802259fdf4ebeb0ff1
neuron_model_behavioral_validation,Neuraxis,development_pilot,PILOT2_PROTOCOL,Exploratory development data; second development iteration informed by Pilot 1; not independent confirmation; never pooled with the confirmatory held-out estimate,m-shift_reversal-2c628fb0f6,acnet2_pyr_soma,1,P05_long_step,first_spike_latency,exceeds,37.16999999983835,100.34999999978089,63.17999999994254,0.7433999999967671,r-f6700284baa99a5ef41f,r-33802259fdf4ebeb0ff1
neuron_model_behavioral_validation,Neuraxis,development_pilot,PILOT2_PROTOCOL,Exploratory development data; second development iteration informed by Pilot 1; not independent confirmation; never pooled with the confirmatory held-out estimate,m-shift_reversal-2c628fb0f6,acnet2_pyr_soma,1,P05_long_step,last_isi,exceeds,586.8900000005651,392.22999999964327,194.66000000092185,11.737800000011303,r-f6700284baa99a5ef41f,r-33802259fdf4ebeb0ff1
neuron_model_behavioral_validation,Neuraxis,development_pilot,PILOT2_PROTOCOL,Exploratory development data; second development iteration informed by Pilot 1; not independent confirmation; never pooled with the confirmatory held-out estimate,m-shift_reversal-2c628fb0f6,acnet2_pyr_soma,1,P05_long_step,spike_count,exceeds,4.0,5.0,1.0,0.5,r-f6700284baa99a5ef41f,r-33802259fdf4ebeb0ff1
neuron_model_behavioral_validation,Neuraxis,development_pilot,PILOT2_PROTOCOL,Exploratory development data; second development iteration informed by Pilot 1; not independent confirmation; never pooled with the confirmatory held-out estimate,m-shift_reversal-2c628fb0f6,acnet2_pyr_soma,1,P06_ramp,first_spike_latency,exceeds,501.13999999941643,210.56999999968065,290.5699999997358,10.02279999998833,r-ee8bcdd517fb72ba8d0c,r-8c27f3a2840f4439e847
neuron_model_behavioral_validation,Neuraxis,development_pilot,PILOT2_PROTOCOL,Exploratory development data; second development iteration informed by Pilot 1; not independent confirmation; never pooled with the confirmatory held-out estimate,m-shift_reversal-2c628fb0f6,acnet2_pyr_soma,1,P06_ramp,spike_count,exceeds,2.0,3.0,1.0,0.5,r-ee8bcdd517fb72ba8d0c,r-8c27f3a2840f4439e847
neuron_model_behavioral_validation,Neuraxis,development_pilot,PILOT2_PROTOCOL,Exploratory development data; second development iteration informed by Pilot 1; not independent confirmation; never pooled with the confirmatory held-out estimate,m-shift_reversal-2c628fb0f6,acnet2_pyr_soma,1,P07_hyperpolarizing_step,steady_state_voltage,exceeds,-70.81424023132327,-67.20566532897952,3.6085749023437472,0.5,r-85c49aecb0e07f4c5069,r-dc905c17af1e27b88607
neuron_model_behavioral_validation,Neuraxis,development_pilot,PILOT2_PROTOCOL,Exploratory development data; second development iteration informed by Pilot 1; not independent confirmation; never pooled with the confirmatory held-out estimate,m-shift_reversal-2c628fb0f6,acnet2_pyr_soma,1,P08_rebound,first_spike_latency,definedness,,50.74999999937131,,inf,r-2d208cbc545dcf997d15,r-68ca7cfdd63afceef5f0
neuron_model_behavioral_validation,Neuraxis,development_pilot,PILOT2_PROTOCOL,Exploratory development data; second development iteration informed by Pilot 1; not independent confirmation; never pooled with the confirmatory held-out estimate,m-shift_reversal-2c628fb0f6,acnet2_pyr_soma,1,P08_rebound,spike_count,exceeds,0.0,1.0,1.0,0.5,r-2d208cbc545dcf997d15,r-68ca7cfdd63afceef5f0
neuron_model_behavioral_validation,Neuraxis,development_pilot,PILOT2_PROTOCOL,Exploratory development data; second development iteration informed by Pilot 1; not independent confirmation; never pooled with the confirmatory held-out estimate,m-shift_reversal-2c628fb0f6,acnet2_pyr_soma,2,P00_canonical,adaptation_index,exceeds,0.08394194146984126,-0.013479627216693277,0.09742156868653454,0.01,r-2526a9bbad7e1faa361e,r-bed3817d91c9b8c6e9e4
neuron_model_behavioral_validation,Neuraxis,development_pilot,PILOT2_PROTOCOL,Exploratory development data; second development iteration informed by Pilot 1; not independent confirmation; never pooled with the confirmatory held-out estimate,m-shift_reversal-2c628fb0f6,acnet2_pyr_soma,2,P00_canonical,ahp_depth,exceeds,-7.040942077636629,-0.6163664899551407,6.424575587681488,0.5,r-2526a9bbad7e1faa361e,r-bed3817d91c9b8c6e9e4
neuron_model_behavioral_validation,Neuraxis,development_pilot,PILOT2_PROTOCOL,Exploratory development data; second development iteration informed by Pilot 1; not independent confirmation; never pooled with the confirmatory held-out estimate,m-shift_reversal-2c628fb0f6,acnet2_pyr_soma,2,P00_canonical,ap_amplitude,exceeds,99.87902450527808,96.97681808437832,2.902206420899759,2.000980300896397,r-2526a9bbad7e1faa361e,r-bed3817d91c9b8c6e9e4
neuron_model_behavioral_validation,Neuraxis,development_pilot,PILOT2_PROTOCOL,Exploratory development data; second development iteration informed by Pilot 1; not independent confirmation; never pooled with the confirmatory held-out estimate,m-shift_reversal-2c628fb0f6,acnet2_pyr_soma,2,P00_canonical,first_spike_latency,exceeds,32.6300000000156,35.39000000001701,2.760000000001412,0.6528000000003121,r-2526a9bbad7e1faa361e,r-bed3817d91c9b8c6e9e4
neuron_model_behavioral_validation,Neuraxis,development_pilot,PILOT2_PROTOCOL,Exploratory development data; second development iteration informed by Pilot 1; not independent confirmation; never pooled with the confirmatory held-out estimate,m-shift_reversal-2c628fb0f6,acnet2_pyr_soma,2,P00_canonical,last_isi,exceeds,76.5899999999304,71.62999999993491,4.959999999995489,1.5377999999986025,r-2526a9bbad7e1faa361e,r-bed3817d91c9b8c6e9e4
neuron_model_behavioral_validation,Neuraxis,development_pilot,PILOT2_PROTOCOL,Exploratory development data; second development iteration informed by Pilot 1; not independent confirmation; never pooled with the confirmatory held-out estimate,m-shift_reversal-2c628fb0f6,acnet2_pyr_soma,2,P02_weak_step,spike_count,exceeds,0.0,1.0,1.0,0.5,r-16be743cbc8f0485fd82,r-14bd4cb4aac631f574ae
neuron_model_behavioral_validation,Neuraxis,development_pilot,PILOT2_PROTOCOL,Exploratory development data; second development iteration informed by Pilot 1; not independent confirmation; never pooled with the confirmatory held-out estimate,m-shift_reversal-2c628fb0f6,acnet2_pyr_soma,2,P02_weak_step,steady_state_voltage,exceeds,-66.2136438430786,-69.2759501464975,3.062306303418893,0.5,r-16be743cbc8f0485fd82,r-14bd4cb4aac631f574ae
neuron_model_behavioral_validation,Neuraxis,development_pilot,PILOT2_PROTOCOL,Exploratory development data; second development iteration informed by Pilot 1; not independent confirmation; never pooled with the confirmatory held-out estimate,m-shift_reversal-2c628fb0f6,acnet2_pyr_soma,2,P03_rheobase,rheobase,exceeds,0.007615600027320539,0.0025271497848507614,0.005088450242469778,0.00015231200054641078,s-4f52e2b97721efbbe2d2,s-0e004d14d58891327bcd
neuron_model_behavioral_validation,Neuraxis,development_pilot,PILOT2_PROTOCOL,Exploratory development data; second development iteration informed by Pilot 1; not independent confirmation; never pooled with the confirmatory held-out estimate,m-shift_reversal-2c628fb0f6,acnet2_pyr_soma,2,P04_step_2x,ahp_depth,exceeds,-7.016957875569673,-5.071442481994168,1.945515393575505,0.5,r-16be743cbc8f0485fd82,r-14bd4cb4aac631f574ae
neuron_model_behavioral_validation,Neuraxis,development_pilot,PILOT2_PROTOCOL,Exploratory development data; second development iteration informed by Pilot 1; not independent confirmation; never pooled with the confirmatory held-out estimate,m-shift_reversal-2c628fb0f6,acnet2_pyr_soma,2,P04_step_2x,first_spike_latency,exceeds,25.359999999849094,67.03999999981119,41.67999999996209,0.508199999996981,r-16be743cbc8f0485fd82,r-14bd4cb4aac631f574ae
neuron_model_behavioral_validation,Neuraxis,development_pilot,PILOT2_PROTOCOL,Exploratory development data; second development iteration informed by Pilot 1; not independent confirmation; never pooled with the confirmatory held-out estimate,m-shift_reversal-2c628fb0f6,acnet2_pyr_soma,2,P04_step_2x,last_isi,exceeds,450.1799999995906,360.42999999967225,89.74999999991837,9.022399999991796,r-16be743cbc8f0485fd82,r-14bd4cb4aac631f574ae
neuron_model_behavioral_validation,Neuraxis,development_pilot,PILOT2_PROTOCOL,Exploratory development data; second development iteration informed by Pilot 1; not independent confirmation; never pooled with the confirmatory held-out estimate,m-shift_reversal-2c628fb0f6,acnet2_pyr_soma,2,P05_long_step,ahp_depth,exceeds,-7.056752797444673,-5.108872291564481,1.9478805058801925,0.5,r-493fa57e11933a720397,r-d1feda6b709b7e47c6a3
neuron_model_behavioral_validation,Neuraxis,development_pilot,PILOT2_PROTOCOL,Exploratory development data; second development iteration informed by Pilot 1; not independent confirmation; never pooled with the confirmatory held-out estimate,m-shift_reversal-2c628fb0f6,acnet2_pyr_soma,2,P05_long_step,first_spike_latency,exceeds,37.10999999983841,99.20999999978193,62.09999999994352,0.7433999999967671,r-493fa57e11933a720397,r-d1feda6b709b7e47c6a3
neuron_model_behavioral_validation,Neuraxis,development_pilot,PILOT2_PROTOCOL,Exploratory development data; second development iteration informed by Pilot 1; not independent confirmation; never pooled with the confirmatory held-out estimate,m-shift_reversal-2c628fb0f6,acnet2_pyr_soma,2,P05_long_step,last_isi,exceeds,585.9700000005014,391.3299999996441,194.6400000008573,11.737800000011303,r-493fa57e11933a720397,r-d1feda6b709b7e47c6a3
neuron_model_behavioral_validation,Neuraxis,development_pilot,PILOT2_PROTOCOL,Exploratory development data; second development iteration informed by Pilot 1; not independent confirmation; never pooled with the confirmatory held-out estimate,m-shift_reversal-2c628fb0f6,acnet2_pyr_soma,2,P05_long_step,spike_count,exceeds,4.0,5.0,1.0,0.5,r-493fa57e11933a720397,r-d1feda6b709b7e47c6a3
neuron_model_behavioral_validation,Neuraxis,development_pilot,PILOT2_PROTOCOL,Exploratory development data; second development iteration informed by Pilot 1; not independent confirmation; never pooled with the confirmatory held-out estimate,m-shift_reversal-2c628fb0f6,acnet2_pyr_soma,2,P06_ramp,first_spike_latency,exceeds,501.0599999994165,209.91999999968124,291.13999999973527,10.02279999998833,r-2e3e935d6ecd1df4b94b,r-4f80128d62dead424bc0
neuron_model_behavioral_validation,Neuraxis,development_pilot,PILOT2_PROTOCOL,Exploratory development data; second development iteration informed by Pilot 1; not independent confirmation; never pooled with the confirmatory held-out estimate,m-shift_reversal-2c628fb0f6,acnet2_pyr_soma,2,P06_ramp,spike_count,exceeds,2.0,3.0,1.0,0.5,r-2e3e935d6ecd1df4b94b,r-4f80128d62dead424bc0
neuron_model_behavioral_validation,Neuraxis,development_pilot,PILOT2_PROTOCOL,Exploratory development data; second development iteration informed by Pilot 1; not independent confirmation; never pooled with the confirmatory held-out estimate,m-shift_reversal-2c628fb0f6,acnet2_pyr_soma,2,P07_hyperpolarizing_step,steady_state_voltage,exceeds,-70.81424049987795,-67.20561691131594,3.6086235885620113,0.5,r-16be743cbc8f0485fd82,r-14bd4cb4aac631f574ae
neuron_model_behavioral_validation,Neuraxis,development_pilot,PILOT2_PROTOCOL,Exploratory development data; second development iteration informed by Pilot 1; not independent confirmation; never pooled with the confirmatory held-out estimate,m-shift_reversal-2c628fb0f6,acnet2_pyr_soma,2,P08_rebound,first_spike_latency,definedness,,50.689999999371366,,inf,r-9a4410c4bbb6d01c1bee,r-9781c1ea561910401d14
neuron_model_behavioral_validation,Neuraxis,development_pilot,PILOT2_PROTOCOL,Exploratory development data; second development iteration informed by Pilot 1; not independent confirmation; never pooled with the confirmatory held-out estimate,m-shift_reversal-2c628fb0f6,acnet2_pyr_soma,2,P08_rebound,spike_count,exceeds,0.0,1.0,1.0,0.5,r-9a4410c4bbb6d01c1bee,r-9781c1ea561910401d14
neuron_model_behavioral_validation,Neuraxis,development_pilot,PILOT2_PROTOCOL,Exploratory development data; second development iteration informed by Pilot 1; not independent confirmation; never pooled with the confirmatory held-out estimate,m-shift_reversal-9553007c36,acnet2_pyr_soma,1,P00_canonical,adaptation_index,exceeds,0.08360766405035329,-0.005627147147519321,0.0892348111978726,0.01,r-7ce2d1a0f19cc5d24572,r-3726dc182fe5f782a997
neuron_model_behavioral_validation,Neuraxis,development_pilot,PILOT2_PROTOCOL,Exploratory development data; second development iteration informed by Pilot 1; not independent confirmation; never pooled with the confirmatory held-out estimate,m-shift_reversal-9553007c36,acnet2_pyr_soma,1,P00_canonical,last_isi,exceeds,76.88999999993013,84.03999999992362,7.149999999993497,1.5377999999986025,r-7ce2d1a0f19cc5d24572,r-3726dc182fe5f782a997
neuron_model_behavioral_validation,Neuraxis,development_pilot,PILOT2_PROTOCOL,Exploratory development data; second development iteration informed by Pilot 1; not independent confirmation; never pooled with the confirmatory held-out estimate,m-shift_reversal-9553007c36,acnet2_pyr_soma,1,P00_canonical,spike_count,exceeds,8.0,7.0,1.0,0.5,r-7ce2d1a0f19cc5d24572,r-3726dc182fe5f782a997
neuron_model_behavioral_validation,Neuraxis,development_pilot,PILOT2_PROTOCOL,Exploratory development data; second development iteration informed by Pilot 1; not independent confirmation; never pooled with the confirmatory held-out estimate,m-shift_reversal-9553007c36,acnet2_pyr_soma,1,P03_rheobase,rheobase,exceeds,0.007615600027320539,0.00782050406393006,0.00020490403660952065,0.00015231200054641078,s-f72e8dc74d5f026206e4,s-571d0e8fad8673f3eb7c
neuron_model_behavioral_validation,Neuraxis,development_pilot,PILOT2_PROTOCOL,Exploratory development data; second development iteration informed by Pilot 1; not independent confirmation; never pooled with the confirmatory held-out estimate,m-shift_reversal-9553007c36,acnet2_pyr_soma,1,P04_step_2x,last_isi,exceeds,451.11999999958977,467.329999999575,16.209999999985257,9.022399999991796,r-85c49aecb0e07f4c5069,r-99da8fcc007edcec4fbb
neuron_model_behavioral_validation,Neuraxis,development_pilot,PILOT2_PROTOCOL,Exploratory development data; second development iteration informed by Pilot 1; not independent confirmation; never pooled with the confirmatory held-out estimate,m-shift_reversal-9553007c36,acnet2_pyr_soma,1,P05_long_step,adaptation_index,definedness,-8.519410542851502e-06,,,0.01,r-f6700284baa99a5ef41f,r-4edc21a84ae47fa37557
neuron_model_behavioral_validation,Neuraxis,development_pilot,PILOT2_PROTOCOL,Exploratory development data; second development iteration informed by Pilot 1; not independent confirmation; never pooled with the confirmatory held-out estimate,m-shift_reversal-9553007c36,acnet2_pyr_soma,1,P05_long_step,first_spike_latency,exceeds,37.16999999983835,38.20999999983741,1.0399999999990541,0.7433999999967671,r-f6700284baa99a5ef41f,r-4edc21a84ae47fa37557
neuron_model_behavioral_validation,Neuraxis,development_pilot,PILOT2_PROTOCOL,Exploratory development data; second development iteration informed by Pilot 1; not independent confirmation; never pooled with the confirmatory held-out estimate,m-shift_reversal-9553007c36,acnet2_pyr_soma,1,P05_long_step,last_isi,definedness,586.8900000005651,,,11.737800000011303,r-f6700284baa99a5ef41f,r-4edc21a84ae47fa37557
neuron_model_behavioral_validation,Neuraxis,development_pilot,PILOT2_PROTOCOL,Exploratory development data; second development iteration informed by Pilot 1; not independent confirmation; never pooled with the confirmatory held-out estimate,m-shift_reversal-9553007c36,acnet2_pyr_soma,1,P05_long_step,spike_count,exceeds,4.0,1.0,3.0,0.5,r-f6700284baa99a5ef41f,r-4edc21a84ae47fa37557
neuron_model_behavioral_validation,Neuraxis,development_pilot,PILOT2_PROTOCOL,Exploratory development data; second development iteration informed by Pilot 1; not independent confirmation; never pooled with the confirmatory held-out estimate,m-shift_reversal-9553007c36,acnet2_pyr_soma,1,P06_ramp,first_spike_latency,exceeds,501.13999999941643,528.1099999993919,26.96999999997547,10.02279999998833,r-ee8bcdd517fb72ba8d0c,r-fbe51ca99c0c6a90f138
neuron_model_behavioral_validation,Neuraxis,development_pilot,PILOT2_PROTOCOL,Exploratory development data; second development iteration informed by Pilot 1; not independent confirmation; never pooled with the confirmatory held-out estimate,m-shift_reversal-9553007c36,acnet2_pyr_soma,2,P00_canonical,adaptation_index,exceeds,0.08394194146984126,-0.0050604420762389675,0.08900238354608023,0.01,r-2526a9bbad7e1faa361e,r-a24df4c0618b8027aa0e
neuron_model_behavioral_validation,Neuraxis,development_pilot,PILOT2_PROTOCOL,Exploratory development data; second development iteration informed by Pilot 1; not independent confirmation; never pooled with the confirmatory held-out estimate,m-shift_reversal-9553007c36,acnet2_pyr_soma,2,P00_canonical,last_isi,exceeds,76.5899999999304,83.7399999999239,7.149999999993497,1.5377999999986025,r-2526a9bbad7e1faa361e,r-a24df4c0618b8027aa0e
neuron_model_behavioral_validation,Neuraxis,development_pilot,PILOT2_PROTOCOL,Exploratory development data; second development iteration informed by Pilot 1; not independent confirmation; never pooled with the confirmatory held-out estimate,m-shift_reversal-9553007c36,acnet2_pyr_soma,2,P00_canonical,spike_count,exceeds,8.0,7.0,1.0,0.5,r-2526a9bbad7e1faa361e,r-a24df4c0618b8027aa0e
neuron_model_behavioral_validation,Neuraxis,development_pilot,PILOT2_PROTOCOL,Exploratory development data; second development iteration informed by Pilot 1; not independent confirmation; never pooled with the confirmatory held-out estimate,m-shift_reversal-9553007c36,acnet2_pyr_soma,2,P03_rheobase,rheobase,exceeds,0.007615600027320539,0.00782050406393006,0.00020490403660952065,0.00015231200054641078,s-4f52e2b97721efbbe2d2,s-6dfa4f1589c74d8893c4
neuron_model_behavioral_validation,Neuraxis,development_pilot,PILOT2_PROTOCOL,Exploratory development data; second development iteration informed by Pilot 1; not independent confirmation; never pooled with the confirmatory held-out estimate,m-shift_reversal-9553007c36,acnet2_pyr_soma,2,P04_step_2x,last_isi,exceeds,450.1799999995906,466.42999999957584,16.24999999998522,9.022399999991796,r-16be743cbc8f0485fd82,r-884e315f9ee611dc88cc
neuron_model_behavioral_validation,Neuraxis,development_pilot,PILOT2_PROTOCOL,Exploratory development data; second development iteration informed by Pilot 1; not independent confirmation; never pooled with the confirmatory held-out estimate,m-shift_reversal-9553007c36,acnet2_pyr_soma,2,P05_long_step,adaptation_index,definedness,-8.532786352377084e-06,,,0.01,r-493fa57e11933a720397,r-d5bf9da1592a1d3a4f1c
neuron_model_behavioral_validation,Neuraxis,development_pilot,PILOT2_PROTOCOL,Exploratory development data; second development iteration informed by Pilot 1; not independent confirmation; never pooled with the confirmatory held-out estimate,m-shift_reversal-9553007c36,acnet2_pyr_soma,2,P05_long_step,first_spike_latency,exceeds,37.10999999983841,38.14999999983746,1.0399999999990541,0.7433999999967671,r-493fa57e11933a720397,r-d5bf9da1592a1d3a4f1c
neuron_model_behavioral_validation,Neuraxis,development_pilot,PILOT2_PROTOCOL,Exploratory development data; second development iteration informed by Pilot 1; not independent confirmation; never pooled with the confirmatory held-out estimate,m-shift_reversal-9553007c36,acnet2_pyr_soma,2,P05_long_step,last_isi,definedness,585.9700000005014,,,11.737800000011303,r-493fa57e11933a720397,r-d5bf9da1592a1d3a4f1c
neuron_model_behavioral_validation,Neuraxis,development_pilot,PILOT2_PROTOCOL,Exploratory development data; second development iteration informed by Pilot 1; not independent confirmation; never pooled with the confirmatory held-out estimate,m-shift_reversal-9553007c36,acnet2_pyr_soma,2,P05_long_step,spike_count,exceeds,4.0,1.0,3.0,0.5,r-493fa57e11933a720397,r-d5bf9da1592a1d3a4f1c
neuron_model_behavioral_validation,Neuraxis,development_pilot,PILOT2_PROTOCOL,Exploratory development data; second development iteration informed by Pilot 1; not independent confirmation; never pooled with the confirmatory held-out estimate,m-shift_reversal-9553007c36,acnet2_pyr_soma,2,P06_ramp,first_spike_latency,exceeds,501.0599999994165,528.019999999392,26.95999999997548,10.02279999998833,r-2e3e935d6ecd1df4b94b,r-54257f29f2ff41e6a985
neuron_model_behavioral_validation,Neuraxis,development_pilot,PILOT2_PROTOCOL,Exploratory development data; second development iteration informed by Pilot 1; not independent confirmation; never pooled with the confirmatory held-out estimate,m-shift_reversal-513c92c08b,acnet2_pyr_soma,1,P00_canonical,adaptation_index,exceeds,0.08360766405035329,-0.0038040393524786894,0.08741170340283198,0.01,r-7ce2d1a0f19cc5d24572,r-4a4869cebde203d1d89a
neuron_model_behavioral_validation,Neuraxis,development_pilot,PILOT2_PROTOCOL,Exploratory development data; second development iteration informed by Pilot 1; not independent confirmation; never pooled with the confirmatory held-out estimate,m-shift_reversal-513c92c08b,acnet2_pyr_soma,1,P00_canonical,ahp_depth,exceeds,-7.047089353288882,-1.3443191201346423,5.70277023315424,0.5,r-7ce2d1a0f19cc5d24572,r-4a4869cebde203d1d89a
neuron_model_behavioral_validation,Neuraxis,development_pilot,PILOT2_PROTOCOL,Exploratory development data; second development iteration informed by Pilot 1; not independent confirmation; never pooled with the confirmatory held-out estimate,m-shift_reversal-513c92c08b,acnet2_pyr_soma,1,P00_canonical,ap_amplitude,exceeds,100.04901504481984,97.40631103504982,2.6427040097700143,2.000980300896397,r-7ce2d1a0f19cc5d24572,r-4a4869cebde203d1d89a
neuron_model_behavioral_validation,Neuraxis,development_pilot,PILOT2_PROTOCOL,Exploratory development data; second development iteration informed by Pilot 1; not independent confirmation; never pooled with the confirmatory held-out estimate,m-shift_reversal-513c92c08b,acnet2_pyr_soma,1,P00_canonical,first_spike_latency,exceeds,32.640000000015604,34.890000000016755,2.250000000001151,0.6528000000003121,r-7ce2d1a0f19cc5d24572,r-4a4869cebde203d1d89a
neuron_model_behavioral_validation,Neuraxis,development_pilot,PILOT2_PROTOCOL,Exploratory development data; second development iteration informed by Pilot 1; not independent confirmation; never pooled with the confirmatory held-out estimate,m-shift_reversal-513c92c08b,acnet2_pyr_soma,1,P00_canonical,last_isi,exceeds,76.88999999993013,67.29999999993885,9.589999999991278,1.5377999999986025,r-7ce2d1a0f19cc5d24572,r-4a4869cebde203d1d89a
neuron_model_behavioral_validation,Neuraxis,development_pilot,PILOT2_PROTOCOL,Exploratory development data; second development iteration informed by Pilot 1; not independent confirmation; never pooled with the confirmatory held-out estimate,m-shift_reversal-513c92c08b,acnet2_pyr_soma,1,P02_weak_step,spike_count,exceeds,0.0,2.0,2.0,0.5,r-85c49aecb0e07f4c5069,r-9cd54835ebb831e0d45e
neuron_model_behavioral_validation,Neuraxis,development_pilot,PILOT2_PROTOCOL,Exploratory development data; second development iteration informed by Pilot 1; not independent confirmation; never pooled with the confirmatory held-out estimate,m-shift_reversal-513c92c08b,acnet2_pyr_soma,1,P03_rheobase,rheobase,exceeds,0.007615600027320539,0.0,0.007615600027320539,0.00015231200054641078,s-f72e8dc74d5f026206e4,s-b972516c88eb222ce888
neuron_model_behavioral_validation,Neuraxis,development_pilot,PILOT2_PROTOCOL,Exploratory development data; second development iteration informed by Pilot 1; not independent confirmation; never pooled with the confirmatory held-out estimate,m-shift_reversal-513c92c08b,acnet2_pyr_soma,1,P04_step_2x,first_spike_latency,exceeds,25.40999999984905,26.52999999984803,1.1199999999989814,0.508199999996981,r-85c49aecb0e07f4c5069,r-9cd54835ebb831e0d45e
neuron_model_behavioral_validation,Neuraxis,development_pilot,PILOT2_PROTOCOL,Exploratory development data; second development iteration informed by Pilot 1; not independent confirmation; never pooled with the confirmatory held-out estimate,m-shift_reversal-513c92c08b,acnet2_pyr_soma,1,P04_step_2x,last_isi,exceeds,451.11999999958977,311.71999999971655,139.39999999987322,9.022399999991796,r-85c49aecb0e07f4c5069,r-9cd54835ebb831e0d45e
neuron_model_behavioral_validation,Neuraxis,development_pilot,PILOT2_PROTOCOL,Exploratory development data; second development iteration informed by Pilot 1; not independent confirmation; never pooled with the confirmatory held-out estimate,m-shift_reversal-513c92c08b,acnet2_pyr_soma,1,P05_long_step,last_isi,exceeds,586.8900000005651,331.5099999996985,255.38000000086663,11.737800000011303,r-f6700284baa99a5ef41f,r-a7891c90cb10f9ebcdfc
neuron_model_behavioral_validation,Neuraxis,development_pilot,PILOT2_PROTOCOL,Exploratory development data; second development iteration informed by Pilot 1; not independent confirmation; never pooled with the confirmatory held-out estimate,m-shift_reversal-513c92c08b,acnet2_pyr_soma,1,P05_long_step,spike_count,exceeds,4.0,6.0,2.0,0.5,r-f6700284baa99a5ef41f,r-a7891c90cb10f9ebcdfc
neuron_model_behavioral_validation,Neuraxis,development_pilot,PILOT2_PROTOCOL,Exploratory development data; second development iteration informed by Pilot 1; not independent confirmation; never pooled with the confirmatory held-out estimate,m-shift_reversal-513c92c08b,acnet2_pyr_soma,1,P06_ramp,first_spike_latency,exceeds,501.13999999941643,106.62999999977518,394.50999999964125,10.02279999998833,r-ee8bcdd517fb72ba8d0c,r-1e2136cd545de1dad40e
neuron_model_behavioral_validation,Neuraxis,development_pilot,PILOT2_PROTOCOL,Exploratory development data; second development iteration informed by Pilot 1; not independent confirmation; never pooled with the confirmatory held-out estimate,m-shift_reversal-513c92c08b,acnet2_pyr_soma,1,P06_ramp,spike_count,exceeds,2.0,3.0,1.0,0.5,r-ee8bcdd517fb72ba8d0c,r-1e2136cd545de1dad40e
neuron_model_behavioral_validation,Neuraxis,development_pilot,PILOT2_PROTOCOL,Exploratory development data; second development iteration informed by Pilot 1; not independent confirmation; never pooled with the confirmatory held-out estimate,m-shift_reversal-513c92c08b,acnet2_pyr_soma,1,P07_hyperpolarizing_step,steady_state_voltage,exceeds,-70.81424023132327,-64.06190358276368,6.7523366485595915,0.5,r-85c49aecb0e07f4c5069,r-9cd54835ebb831e0d45e
neuron_model_behavioral_validation,Neuraxis,development_pilot,PILOT2_PROTOCOL,Exploratory development data; second development iteration informed by Pilot 1; not independent confirmation; never pooled with the confirmatory held-out estimate,m-shift_reversal-513c92c08b,acnet2_pyr_soma,1,P08_rebound,first_spike_latency,definedness,,21.159999999398224,,inf,r-2d208cbc545dcf997d15,r-91c3a22f66f5ccbdfd59
neuron_model_behavioral_validation,Neuraxis,development_pilot,PILOT2_PROTOCOL,Exploratory development data; second development iteration informed by Pilot 1; not independent confirmation; never pooled with the confirmatory held-out estimate,m-shift_reversal-513c92c08b,acnet2_pyr_soma,1,P08_rebound,spike_count,exceeds,0.0,1.0,1.0,0.5,r-2d208cbc545dcf997d15,r-91c3a22f66f5ccbdfd59
neuron_model_behavioral_validation,Neuraxis,development_pilot,PILOT2_PROTOCOL,Exploratory development data; second development iteration informed by Pilot 1; not independent confirmation; never pooled with the confirmatory held-out estimate,m-shift_reversal-513c92c08b,acnet2_pyr_soma,2,P00_canonical,adaptation_index,exceeds,0.08394194146984126,-0.0030553682454783197,0.08699730971531958,0.01,r-2526a9bbad7e1faa361e,r-ca4db41ab1835932f008
neuron_model_behavioral_validation,Neuraxis,development_pilot,PILOT2_PROTOCOL,Exploratory development data; second development iteration informed by Pilot 1; not independent confirmation; never pooled with the confirmatory held-out estimate,m-shift_reversal-513c92c08b,acnet2_pyr_soma,2,P00_canonical,ahp_depth,exceeds,-7.040942077636629,-1.3477965327670631,5.693145544869566,0.5,r-2526a9bbad7e1faa361e,r-ca4db41ab1835932f008
neuron_model_behavioral_validation,Neuraxis,development_pilot,PILOT2_PROTOCOL,Exploratory development data; second development iteration informed by Pilot 1; not independent confirmation; never pooled with the confirmatory held-out estimate,m-shift_reversal-513c92c08b,acnet2_pyr_soma,2,P00_canonical,ap_amplitude,exceeds,99.87902450527808,97.221569061033,2.6574554442450875,2.000980300896397,r-2526a9bbad7e1faa361e,r-ca4db41ab1835932f008
neuron_model_behavioral_validation,Neuraxis,development_pilot,PILOT2_PROTOCOL,Exploratory development data; second development iteration informed by Pilot 1; not independent confirmation; never pooled with the confirmatory held-out estimate,m-shift_reversal-513c92c08b,acnet2_pyr_soma,2,P00_canonical,first_spike_latency,exceeds,32.6300000000156,34.870000000016745,2.240000000001146,0.6528000000003121,r-2526a9bbad7e1faa361e,r-ca4db41ab1835932f008
neuron_model_behavioral_validation,Neuraxis,development_pilot,PILOT2_PROTOCOL,Exploratory development data; second development iteration informed by Pilot 1; not independent confirmation; never pooled with the confirmatory held-out estimate,m-shift_reversal-513c92c08b,acnet2_pyr_soma,2,P00_canonical,last_isi,exceeds,76.5899999999304,67.0199999999391,9.569999999991296,1.5377999999986025,r-2526a9bbad7e1faa361e,r-ca4db41ab1835932f008
neuron_model_behavioral_validation,Neuraxis,development_pilot,PILOT2_PROTOCOL,Exploratory development data; second development iteration informed by Pilot 1; not independent confirmation; never pooled with the confirmatory held-out estimate,m-shift_reversal-513c92c08b,acnet2_pyr_soma,2,P02_weak_step,spike_count,exceeds,0.0,2.0,2.0,0.5,r-16be743cbc8f0485fd82,r-b120d102421e4bb29187
neuron_model_behavioral_validation,Neuraxis,development_pilot,PILOT2_PROTOCOL,Exploratory development data; second development iteration informed by Pilot 1; not independent confirmation; never pooled with the confirmatory held-out estimate,m-shift_reversal-513c92c08b,acnet2_pyr_soma,2,P03_rheobase,rheobase,exceeds,0.007615600027320539,0.0,0.007615600027320539,0.00015231200054641078,s-4f52e2b97721efbbe2d2,s-657d7c25c64cfe29df49
neuron_model_behavioral_validation,Neuraxis,development_pilot,PILOT2_PROTOCOL,Exploratory development data; second development iteration informed by Pilot 1; not independent confirmation; never pooled with the confirmatory held-out estimate,m-shift_reversal-513c92c08b,acnet2_pyr_soma,2,P04_step_2x,first_spike_latency,exceeds,25.359999999849094,26.109999999848412,0.7499999999993179,0.508199999996981,r-16be743cbc8f0485fd82,r-b120d102421e4bb29187
neuron_model_behavioral_validation,Neuraxis,development_pilot,PILOT2_PROTOCOL,Exploratory development data; second development iteration informed by Pilot 1; not independent confirmation; never pooled with the confirmatory held-out estimate,m-shift_reversal-513c92c08b,acnet2_pyr_soma,2,P04_step_2x,last_isi,exceeds,450.1799999995906,310.7899999997174,139.38999999987323,9.022399999991796,r-16be743cbc8f0485fd82,r-b120d102421e4bb29187
neuron_model_behavioral_validation,Neuraxis,development_pilot,PILOT2_PROTOCOL,Exploratory development data; second development iteration informed by Pilot 1; not independent confirmation; never pooled with the confirmatory held-out estimate,m-shift_reversal-513c92c08b,acnet2_pyr_soma,2,P05_long_step,first_spike_latency,exceeds,37.10999999983841,36.3499999998391,0.7599999999993088,0.7433999999967671,r-493fa57e11933a720397,r-9759e49c30d1be3e3886
neuron_model_behavioral_validation,Neuraxis,development_pilot,PILOT2_PROTOCOL,Exploratory development data; second development iteration informed by Pilot 1; not independent confirmation; never pooled with the confirmatory held-out estimate,m-shift_reversal-513c92c08b,acnet2_pyr_soma,2,P05_long_step,last_isi,exceeds,585.9700000005014,330.6099999996993,255.36000000080207,11.737800000011303,r-493fa57e11933a720397,r-9759e49c30d1be3e3886
neuron_model_behavioral_validation,Neuraxis,development_pilot,PILOT2_PROTOCOL,Exploratory development data; second development iteration informed by Pilot 1; not independent confirmation; never pooled with the confirmatory held-out estimate,m-shift_reversal-513c92c08b,acnet2_pyr_soma,2,P05_long_step,spike_count,exceeds,4.0,6.0,2.0,0.5,r-493fa57e11933a720397,r-9759e49c30d1be3e3886
neuron_model_behavioral_validation,Neuraxis,development_pilot,PILOT2_PROTOCOL,Exploratory development data; second development iteration informed by Pilot 1; not independent confirmation; never pooled with the confirmatory held-out estimate,m-shift_reversal-513c92c08b,acnet2_pyr_soma,2,P06_ramp,first_spike_latency,exceeds,501.0599999994165,105.81999999977592,395.2399999996406,10.02279999998833,r-2e3e935d6ecd1df4b94b,r-fa45ce5a7d02b544ca96
neuron_model_behavioral_validation,Neuraxis,development_pilot,PILOT2_PROTOCOL,Exploratory development data; second development iteration informed by Pilot 1; not independent confirmation; never pooled with the confirmatory held-out estimate,m-shift_reversal-513c92c08b,acnet2_pyr_soma,2,P06_ramp,spike_count,exceeds,2.0,3.0,1.0,0.5,r-2e3e935d6ecd1df4b94b,r-fa45ce5a7d02b544ca96
neuron_model_behavioral_validation,Neuraxis,development_pilot,PILOT2_PROTOCOL,Exploratory development data; second development iteration informed by Pilot 1; not independent confirmation; never pooled with the confirmatory held-out estimate,m-shift_reversal-513c92c08b,acnet2_pyr_soma,2,P07_hyperpolarizing_step,steady_state_voltage,exceeds,-70.81424049987795,-64.06182834167481,6.752412158203143,0.5,r-16be743cbc8f0485fd82,r-b120d102421e4bb29187
neuron_model_behavioral_validation,Neuraxis,development_pilot,PILOT2_PROTOCOL,Exploratory development data; second development iteration informed by Pilot 1; not independent confirmation; never pooled with the confirmatory held-out estimate,m-shift_reversal-513c92c08b,acnet2_pyr_soma,2,P08_rebound,first_spike_latency,definedness,,21.10999999939827,,inf,r-9a4410c4bbb6d01c1bee,r-8be932858b6c6d630b9d
neuron_model_behavioral_validation,Neuraxis,development_pilot,PILOT2_PROTOCOL,Exploratory development data; second development iteration informed by Pilot 1; not independent confirmation; never pooled with the confirmatory held-out estimate,m-shift_reversal-513c92c08b,acnet2_pyr_soma,2,P08_rebound,spike_count,exceeds,0.0,1.0,1.0,0.5,r-9a4410c4bbb6d01c1bee,r-8be932858b6c6d630b9d
neuron_model_behavioral_validation,Neuraxis,development_pilot,PILOT2_PROTOCOL,Exploratory development data; second development iteration informed by Pilot 1; not independent confirmation; never pooled with the confirmatory held-out estimate,m-scale_capacitance-d750ebfac4,acnet2_pyr_soma,1,P00_canonical,ap_amplitude,exceeds,100.04901504481984,102.79596328704014,2.7469482422202987,2.000980300896397,r-7ce2d1a0f19cc5d24572,r-67a5c3751c604230c884
neuron_model_behavioral_validation,Neuraxis,development_pilot,PILOT2_PROTOCOL,Exploratory development data; second development iteration informed by Pilot 1; not independent confirmation; never pooled with the confirmatory held-out estimate,m-scale_capacitance-d750ebfac4,acnet2_pyr_soma,1,P00_canonical,last_isi,exceeds,76.88999999993013,73.35999999993334,3.5299999999967895,1.5377999999986025,r-7ce2d1a0f19cc5d24572,r-67a5c3751c604230c884
neuron_model_behavioral_validation,Neuraxis,development_pilot,PILOT2_PROTOCOL,Exploratory development data; second development iteration informed by Pilot 1; not independent confirmation; never pooled with the confirmatory held-out estimate,m-scale_capacitance-d750ebfac4,acnet2_pyr_soma,1,P03_rheobase,rheobase,exceeds,0.007615600027320539,0.007308243972406257,0.00030735605491428227,0.00015231200054641078,s-f72e8dc74d5f026206e4,s-4400dd7a3347c33dcf73
neuron_model_behavioral_validation,Neuraxis,development_pilot,PILOT2_PROTOCOL,Exploratory development data; second development iteration informed by Pilot 1; not independent confirmation; never pooled with the confirmatory held-out estimate,m-scale_capacitance-d750ebfac4,acnet2_pyr_soma,1,P04_step_2x,ap_amplitude,exceeds,98.06893539575677,100.07933044643937,2.010395050682604,1.9613787079151355,r-85c49aecb0e07f4c5069,r-6b2f3c148115ff170d06
neuron_model_behavioral_validation,Neuraxis,development_pilot,PILOT2_PROTOCOL,Exploratory development data; second development iteration informed by Pilot 1; not independent confirmation; never pooled with the confirmatory held-out estimate,m-scale_capacitance-d750ebfac4,acnet2_pyr_soma,1,P04_step_2x,first_spike_latency,exceeds,25.40999999984905,20.069999999853906,5.339999999995143,0.508199999996981,r-85c49aecb0e07f4c5069,r-6b2f3c148115ff170d06
neuron_model_behavioral_validation,Neuraxis,development_pilot,PILOT2_PROTOCOL,Exploratory development data; second development iteration informed by Pilot 1; not independent confirmation; never pooled with the confirmatory held-out estimate,m-scale_capacitance-d750ebfac4,acnet2_pyr_soma,1,P04_step_2x,last_isi,exceeds,451.11999999958977,437.50999999960214,13.609999999987622,9.022399999991796,r-85c49aecb0e07f4c5069,r-6b2f3c148115ff170d06
neuron_model_behavioral_validation,Neuraxis,development_pilot,PILOT2_PROTOCOL,Exploratory development data; second development iteration informed by Pilot 1; not independent confirmation; never pooled with the confirmatory held-out estimate,m-scale_capacitance-d750ebfac4,acnet2_pyr_soma,1,P05_long_step,first_spike_latency,exceeds,37.16999999983835,29.019999999845766,8.149999999992588,0.7433999999967671,r-f6700284baa99a5ef41f,r-3e5ccfa7f4c15e1fe161
neuron_model_behavioral_validation,Neuraxis,development_pilot,PILOT2_PROTOCOL,Exploratory development data; second development iteration informed by Pilot 1; not independent confirmation; never pooled with the confirmatory held-out estimate,m-scale_capacitance-d750ebfac4,acnet2_pyr_soma,1,P05_long_step,last_isi,exceeds,586.8900000005651,561.5199999994893,25.370000001075823,11.737800000011303,r-f6700284baa99a5ef41f,r-3e5ccfa7f4c15e1fe161
neuron_model_behavioral_validation,Neuraxis,development_pilot,PILOT2_PROTOCOL,Exploratory development data; second development iteration informed by Pilot 1; not independent confirmation; never pooled with the confirmatory held-out estimate,m-scale_capacitance-d750ebfac4,acnet2_pyr_soma,1,P06_ramp,first_spike_latency,exceeds,501.13999999941643,486.80999999942946,14.329999999986967,10.02279999998833,r-ee8bcdd517fb72ba8d0c,r-8e362fe6f5e68125dcea
neuron_model_behavioral_validation,Neuraxis,development_pilot,PILOT2_PROTOCOL,Exploratory development data; second development iteration informed by Pilot 1; not independent confirmation; never pooled with the confirmatory held-out estimate,m-scale_capacitance-d750ebfac4,acnet2_pyr_soma,1,P09_short_pulse,ahp_depth,definedness,,-7.188040217081706,,inf,r-195ba3020e76bc4e3add,r-b7dd7e19019e683a13f5
neuron_model_behavioral_validation,Neuraxis,development_pilot,PILOT2_PROTOCOL,Exploratory development data; second development iteration informed by Pilot 1; not independent confirmation; never pooled with the confirmatory held-out estimate,m-scale_capacitance-d750ebfac4,acnet2_pyr_soma,1,P09_short_pulse,ap_amplitude,definedness,,99.93616485789168,,inf,r-195ba3020e76bc4e3add,r-b7dd7e19019e683a13f5
neuron_model_behavioral_validation,Neuraxis,development_pilot,PILOT2_PROTOCOL,Exploratory development data; second development iteration informed by Pilot 1; not independent confirmation; never pooled with the confirmatory held-out estimate,m-scale_capacitance-d750ebfac4,acnet2_pyr_soma,1,P09_short_pulse,first_spike_latency,definedness,,6.459999999866284,,inf,r-195ba3020e76bc4e3add,r-b7dd7e19019e683a13f5
neuron_model_behavioral_validation,Neuraxis,development_pilot,PILOT2_PROTOCOL,Exploratory development data; second development iteration informed by Pilot 1; not independent confirmation; never pooled with the confirmatory held-out estimate,m-scale_capacitance-d750ebfac4,acnet2_pyr_soma,1,P09_short_pulse,spike_count,exceeds,0.0,1.0,1.0,0.5,r-195ba3020e76bc4e3add,r-b7dd7e19019e683a13f5
neuron_model_behavioral_validation,Neuraxis,development_pilot,PILOT2_PROTOCOL,Exploratory development data; second development iteration informed by Pilot 1; not independent confirmation; never pooled with the confirmatory held-out estimate,m-scale_capacitance-d750ebfac4,acnet2_pyr_soma,2,P00_canonical,ap_amplitude,exceeds,99.87902450527808,102.64216232271141,2.763137817433332,2.000980300896397,r-2526a9bbad7e1faa361e,r-f875db77652018a7100d
neuron_model_behavioral_validation,Neuraxis,development_pilot,PILOT2_PROTOCOL,Exploratory development data; second development iteration informed by Pilot 1; not independent confirmation; never pooled with the confirmatory held-out estimate,m-scale_capacitance-d750ebfac4,acnet2_pyr_soma,2,P00_canonical,last_isi,exceeds,76.5899999999304,73.05999999993361,3.5299999999967895,1.5377999999986025,r-2526a9bbad7e1faa361e,r-f875db77652018a7100d
neuron_model_behavioral_validation,Neuraxis,development_pilot,PILOT2_PROTOCOL,Exploratory development data; second development iteration informed by Pilot 1; not independent confirmation; never pooled with the confirmatory held-out estimate,m-scale_capacitance-d750ebfac4,acnet2_pyr_soma,2,P03_rheobase,rheobase,exceeds,0.007615600027320539,0.007308243972406257,0.00030735605491428227,0.00015231200054641078,s-4f52e2b97721efbbe2d2,s-83a3f4a59f1ebe6b2a2e
neuron_model_behavioral_validation,Neuraxis,development_pilot,PILOT2_PROTOCOL,Exploratory development data; second development iteration informed by Pilot 1; not independent confirmation; never pooled with the confirmatory held-out estimate,m-scale_capacitance-d750ebfac4,acnet2_pyr_soma,2,P04_step_2x,first_spike_latency,exceeds,25.359999999849094,20.01999999985395,5.339999999995143,0.508199999996981,r-16be743cbc8f0485fd82,r-acbfefaeb7c75685c6a7
neuron_model_behavioral_validation,Neuraxis,development_pilot,PILOT2_PROTOCOL,Exploratory development data; second development iteration informed by Pilot 1; not independent confirmation; never pooled with the confirmatory held-out estimate,m-scale_capacitance-d750ebfac4,acnet2_pyr_soma,2,P04_step_2x,last_isi,exceeds,450.1799999995906,436.539999999603,13.639999999987594,9.022399999991796,r-16be743cbc8f0485fd82,r-acbfefaeb7c75685c6a7
neuron_model_behavioral_validation,Neuraxis,development_pilot,PILOT2_PROTOCOL,Exploratory development data; second development iteration informed by Pilot 1; not independent confirmation; never pooled with the confirmatory held-out estimate,m-scale_capacitance-d750ebfac4,acnet2_pyr_soma,2,P05_long_step,ap_amplitude,exceeds,97.55448913585151,99.51774597461298,1.9632568387614668,1.9613629150437824,r-493fa57e11933a720397,r-be52af83c0580834b5be
neuron_model_behavioral_validation,Neuraxis,development_pilot,PILOT2_PROTOCOL,Exploratory development data; second development iteration informed by Pilot 1; not independent confirmation; never pooled with the confirmatory held-out estimate,m-scale_capacitance-d750ebfac4,acnet2_pyr_soma,2,P05_long_step,first_spike_latency,exceeds,37.10999999983841,28.96999999984581,8.139999999992597,0.7433999999967671,r-493fa57e11933a720397,r-be52af83c0580834b5be
neuron_model_behavioral_validation,Neuraxis,development_pilot,PILOT2_PROTOCOL,Exploratory development data; second development iteration informed by Pilot 1; not independent confirmation; never pooled with the confirmatory held-out estimate,m-scale_capacitance-d750ebfac4,acnet2_pyr_soma,2,P05_long_step,last_isi,exceeds,585.9700000005014,560.5599999994902,25.410000001011213,11.737800000011303,r-493fa57e11933a720397,r-be52af83c0580834b5be
neuron_model_behavioral_validation,Neuraxis,development_pilot,PILOT2_PROTOCOL,Exploratory development data; second development iteration informed by Pilot 1; not independent confirmation; never pooled with the confirmatory held-out estimate,m-scale_capacitance-d750ebfac4,acnet2_pyr_soma,2,P06_ramp,first_spike_latency,exceeds,501.0599999994165,486.71999999942955,14.339999999986958,10.02279999998833,r-2e3e935d6ecd1df4b94b,r-548f939e558b28586424
neuron_model_behavioral_validation,Neuraxis,development_pilot,PILOT2_PROTOCOL,Exploratory development data; second development iteration informed by Pilot 1; not independent confirmation; never pooled with the confirmatory held-out estimate,m-scale_capacitance-d750ebfac4,acnet2_pyr_soma,2,P09_short_pulse,ahp_depth,definedness,,-7.1866583124792385,,inf,r-eb52f398ba2e116da449,r-575bfbc07ace8bda7f0e
neuron_model_behavioral_validation,Neuraxis,development_pilot,PILOT2_PROTOCOL,Exploratory development data; second development iteration informed by Pilot 1; not independent confirmation; never pooled with the confirmatory held-out estimate,m-scale_capacitance-d750ebfac4,acnet2_pyr_soma,2,P09_short_pulse,ap_amplitude,definedness,,99.50751495331957,,inf,r-eb52f398ba2e116da449,r-575bfbc07ace8bda7f0e
neuron_model_behavioral_validation,Neuraxis,development_pilot,PILOT2_PROTOCOL,Exploratory development data; second development iteration informed by Pilot 1; not independent confirmation; never pooled with the confirmatory held-out estimate,m-scale_capacitance-d750ebfac4,acnet2_pyr_soma,2,P09_short_pulse,first_spike_latency,definedness,,6.399999999866338,,inf,r-eb52f398ba2e116da449,r-575bfbc07ace8bda7f0e
neuron_model_behavioral_validation,Neuraxis,development_pilot,PILOT2_PROTOCOL,Exploratory development data; second development iteration informed by Pilot 1; not independent confirmation; never pooled with the confirmatory held-out estimate,m-scale_capacitance-d750ebfac4,acnet2_pyr_soma,2,P09_short_pulse,spike_count,exceeds,0.0,1.0,1.0,0.5,r-eb52f398ba2e116da449,r-575bfbc07ace8bda7f0e
neuron_model_behavioral_validation,Neuraxis,development_pilot,PILOT2_PROTOCOL,Exploratory development data; second development iteration informed by Pilot 1; not independent confirmation; never pooled with the confirmatory held-out estimate,m-scale_capacitance-e86da299c1,acnet2_pyr_soma,1,P00_canonical,ap_amplitude,exceeds,100.04901504481984,115.19244766190107,15.143432617081231,2.000980300896397,r-7ce2d1a0f19cc5d24572,r-d3372013b99a41353508
neuron_model_behavioral_validation,Neuraxis,development_pilot,PILOT2_PROTOCOL,Exploratory development data; second development iteration informed by Pilot 1; not independent confirmation; never pooled with the confirmatory held-out estimate,m-scale_capacitance-e86da299c1,acnet2_pyr_soma,1,P00_canonical,first_spike_latency,exceeds,32.640000000015604,31.470000000015006,1.1700000000005986,0.6528000000003121,r-7ce2d1a0f19cc5d24572,r-d3372013b99a41353508
neuron_model_behavioral_validation,Neuraxis,development_pilot,PILOT2_PROTOCOL,Exploratory development data; second development iteration informed by Pilot 1; not independent confirmation; never pooled with the confirmatory held-out estimate,m-scale_capacitance-e86da299c1,acnet2_pyr_soma,1,P00_canonical,last_isi,exceeds,76.88999999993013,67.94999999993826,8.93999999999187,1.5377999999986025,r-7ce2d1a0f19cc5d24572,r-d3372013b99a41353508
neuron_model_behavioral_validation,Neuraxis,development_pilot,PILOT2_PROTOCOL,Exploratory development data; second development iteration informed by Pilot 1; not independent confirmation; never pooled with the confirmatory held-out estimate,m-scale_capacitance-e86da299c1,acnet2_pyr_soma,1,P00_canonical,spike_count,exceeds,8.0,9.0,1.0,0.5,r-7ce2d1a0f19cc5d24572,r-d3372013b99a41353508
neuron_model_behavioral_validation,Neuraxis,development_pilot,PILOT2_PROTOCOL,Exploratory development data; second development iteration informed by Pilot 1; not independent confirmation; never pooled with the confirmatory held-out estimate,m-scale_capacitance-e86da299c1,acnet2_pyr_soma,1,P03_rheobase,rheobase,exceeds,0.007615600027320539,0.006795983880882453,0.0008196161464380861,0.00015231200054641078,s-f72e8dc74d5f026206e4,s-8125cdf65ae78e98b10e
neuron_model_behavioral_validation,Neuraxis,development_pilot,PILOT2_PROTOCOL,Exploratory development data; second development iteration informed by Pilot 1; not independent confirmation; never pooled with the confirmatory held-out estimate,m-scale_capacitance-e86da299c1,acnet2_pyr_soma,1,P04_step_2x,ap_amplitude,exceeds,98.06893539575677,103.36754607915228,5.298610683395509,1.9613787079151355,r-85c49aecb0e07f4c5069,r-59d2b4f3b4022be4c6a8
neuron_model_behavioral_validation,Neuraxis,development_pilot,PILOT2_PROTOCOL,Exploratory development data; second development iteration informed by Pilot 1; not independent confirmation; never pooled with the confirmatory held-out estimate,m-scale_capacitance-e86da299c1,acnet2_pyr_soma,1,P04_step_2x,first_spike_latency,exceeds,25.40999999984905,12.319999999860954,13.089999999988095,0.508199999996981,r-85c49aecb0e07f4c5069,r-59d2b4f3b4022be4c6a8
neuron_model_behavioral_validation,Neuraxis,development_pilot,PILOT2_PROTOCOL,Exploratory development data; second development iteration informed by Pilot 1; not independent confirmation; never pooled with the confirmatory held-out estimate,m-scale_capacitance-e86da299c1,acnet2_pyr_soma,1,P04_step_2x,last_isi,exceeds,451.11999999958977,415.5399999996221,35.57999999996764,9.022399999991796,r-85c49aecb0e07f4c5069,r-59d2b4f3b4022be4c6a8
neuron_model_behavioral_validation,Neuraxis,development_pilot,PILOT2_PROTOCOL,Exploratory development data; second development iteration informed by Pilot 1; not independent confirmation; never pooled with the confirmatory held-out estimate,m-scale_capacitance-e86da299c1,acnet2_pyr_soma,1,P05_long_step,ap_amplitude,exceeds,98.06814575218911,103.21031951683564,5.142173764646529,1.9613629150437824,r-f6700284baa99a5ef41f,r-9398cf72774d89fd5cde
neuron_model_behavioral_validation,Neuraxis,development_pilot,PILOT2_PROTOCOL,Exploratory development data; second development iteration informed by Pilot 1; not independent confirmation; never pooled with the confirmatory held-out estimate,m-scale_capacitance-e86da299c1,acnet2_pyr_soma,1,P05_long_step,first_spike_latency,exceeds,37.16999999983835,17.36999999985636,19.799999999981992,0.7433999999967671,r-f6700284baa99a5ef41f,r-9398cf72774d89fd5cde
neuron_model_behavioral_validation,Neuraxis,development_pilot,PILOT2_PROTOCOL,Exploratory development data; second development iteration informed by Pilot 1; not independent confirmation; never pooled with the confirmatory held-out estimate,m-scale_capacitance-e86da299c1,acnet2_pyr_soma,1,P05_long_step,last_isi,exceeds,586.8900000005651,524.0399999995234,62.850000001041735,11.737800000011303,r-f6700284baa99a5ef41f,r-9398cf72774d89fd5cde
neuron_model_behavioral_validation,Neuraxis,development_pilot,PILOT2_PROTOCOL,Exploratory development data; second development iteration informed by Pilot 1; not independent confirmation; never pooled with the confirmatory held-out estimate,m-scale_capacitance-e86da299c1,acnet2_pyr_soma,1,P06_ramp,first_spike_latency,exceeds,501.13999999941643,461.73999999945227,39.399999999964166,10.02279999998833,r-ee8bcdd517fb72ba8d0c,r-75e043cdd124250e6375
neuron_model_behavioral_validation,Neuraxis,development_pilot,PILOT2_PROTOCOL,Exploratory development data; second development iteration informed by Pilot 1; not independent confirmation; never pooled with the confirmatory held-out estimate,m-scale_capacitance-e86da299c1,acnet2_pyr_soma,1,P09_short_pulse,ahp_depth,definedness,,-7.193619267781571,,inf,r-195ba3020e76bc4e3add,r-39a89ee09fbed42e1e6d
neuron_model_behavioral_validation,Neuraxis,development_pilot,PILOT2_PROTOCOL,Exploratory development data; second development iteration informed by Pilot 1; not independent confirmation; never pooled with the confirmatory held-out estimate,m-scale_capacitance-e86da299c1,acnet2_pyr_soma,1,P09_short_pulse,ap_amplitude,definedness,,104.44334792741344,,inf,r-195ba3020e76bc4e3add,r-39a89ee09fbed42e1e6d
neuron_model_behavioral_validation,Neuraxis,development_pilot,PILOT2_PROTOCOL,Exploratory development data; second development iteration informed by Pilot 1; not independent confirmation; never pooled with the confirmatory held-out estimate,m-scale_capacitance-e86da299c1,acnet2_pyr_soma,1,P09_short_pulse,first_spike_latency,definedness,,3.0999999998693397,,inf,r-195ba3020e76bc4e3add,r-39a89ee09fbed42e1e6d
neuron_model_behavioral_validation,Neuraxis,development_pilot,PILOT2_PROTOCOL,Exploratory development data; second development iteration informed by Pilot 1; not independent confirmation; never pooled with the confirmatory held-out estimate,m-scale_capacitance-e86da299c1,acnet2_pyr_soma,1,P09_short_pulse,spike_count,exceeds,0.0,1.0,1.0,0.5,r-195ba3020e76bc4e3add,r-39a89ee09fbed42e1e6d
neuron_model_behavioral_validation,Neuraxis,development_pilot,PILOT2_PROTOCOL,Exploratory development data; second development iteration informed by Pilot 1; not independent confirmation; never pooled with the confirmatory held-out estimate,m-scale_capacitance-e86da299c1,acnet2_pyr_soma,2,P00_canonical,ap_amplitude,exceeds,99.87902450527808,114.97919845543966,15.100173950161576,2.000980300896397,r-2526a9bbad7e1faa361e,r-7e9645d1aa4bf656b45a
neuron_model_behavioral_validation,Neuraxis,development_pilot,PILOT2_PROTOCOL,Exploratory development data; second development iteration informed by Pilot 1; not independent confirmation; never pooled with the confirmatory held-out estimate,m-scale_capacitance-e86da299c1,acnet2_pyr_soma,2,P00_canonical,first_spike_latency,exceeds,32.6300000000156,31.460000000015,1.1700000000005986,0.6528000000003121,r-2526a9bbad7e1faa361e,r-7e9645d1aa4bf656b45a
neuron_model_behavioral_validation,Neuraxis,development_pilot,PILOT2_PROTOCOL,Exploratory development data; second development iteration informed by Pilot 1; not independent confirmation; never pooled with the confirmatory held-out estimate,m-scale_capacitance-e86da299c1,acnet2_pyr_soma,2,P00_canonical,last_isi,exceeds,76.5899999999304,67.64999999993853,8.93999999999187,1.5377999999986025,r-2526a9bbad7e1faa361e,r-7e9645d1aa4bf656b45a
neuron_model_behavioral_validation,Neuraxis,development_pilot,PILOT2_PROTOCOL,Exploratory development data; second development iteration informed by Pilot 1; not independent confirmation; never pooled with the confirmatory held-out estimate,m-scale_capacitance-e86da299c1,acnet2_pyr_soma,2,P00_canonical,spike_count,exceeds,8.0,9.0,1.0,0.5,r-2526a9bbad7e1faa361e,r-7e9645d1aa4bf656b45a
neuron_model_behavioral_validation,Neuraxis,development_pilot,PILOT2_PROTOCOL,Exploratory development data; second development iteration informed by Pilot 1; not independent confirmation; never pooled with the confirmatory held-out estimate,m-scale_capacitance-e86da299c1,acnet2_pyr_soma,2,P03_rheobase,rheobase,exceeds,0.007615600027320539,0.006795983880882453,0.0008196161464380861,0.00015231200054641078,s-4f52e2b97721efbbe2d2,s-69c3d31678837278312b
neuron_model_behavioral_validation,Neuraxis,development_pilot,PILOT2_PROTOCOL,Exploratory development data; second development iteration informed by Pilot 1; not independent confirmation; never pooled with the confirmatory held-out estimate,m-scale_capacitance-e86da299c1,acnet2_pyr_soma,2,P04_step_2x,ap_amplitude,exceeds,97.6356582663006,102.93304825067867,5.297389984378071,1.9613787079151355,r-16be743cbc8f0485fd82,r-3d077d017184bc9457ad
neuron_model_behavioral_validation,Neuraxis,development_pilot,PILOT2_PROTOCOL,Exploratory development data; second development iteration informed by Pilot 1; not independent confirmation; never pooled with the confirmatory held-out estimate,m-scale_capacitance-e86da299c1,acnet2_pyr_soma,2,P04_step_2x,first_spike_latency,exceeds,25.359999999849094,12.27999999986099,13.079999999988104,0.508199999996981,r-16be743cbc8f0485fd82,r-3d077d017184bc9457ad
neuron_model_behavioral_validation,Neuraxis,development_pilot,PILOT2_PROTOCOL,Exploratory development data; second development iteration informed by Pilot 1; not independent confirmation; never pooled with the confirmatory held-out estimate,m-scale_capacitance-e86da299c1,acnet2_pyr_soma,2,P04_step_2x,last_isi,exceeds,450.1799999995906,414.4899999996231,35.68999999996754,9.022399999991796,r-16be743cbc8f0485fd82,r-3d077d017184bc9457ad
neuron_model_behavioral_validation,Neuraxis,development_pilot,PILOT2_PROTOCOL,Exploratory development data; second development iteration informed by Pilot 1; not independent confirmation; never pooled with the confirmatory held-out estimate,m-scale_capacitance-e86da299c1,acnet2_pyr_soma,2,P05_long_step,ap_amplitude,exceeds,97.55448913585151,102.82633972222817,5.271850586376658,1.9613629150437824,r-493fa57e11933a720397,r-c9f21a5c1e6afdc1e19c
neuron_model_behavioral_validation,Neuraxis,development_pilot,PILOT2_PROTOCOL,Exploratory development data; second development iteration informed by Pilot 1; not independent confirmation; never pooled with the confirmatory held-out estimate,m-scale_capacitance-e86da299c1,acnet2_pyr_soma,2,P05_long_step,first_spike_latency,exceeds,37.10999999983841,17.319999999856407,19.789999999982,0.7433999999967671,r-493fa57e11933a720397,r-c9f21a5c1e6afdc1e19c
neuron_model_behavioral_validation,Neuraxis,development_pilot,PILOT2_PROTOCOL,Exploratory development data; second development iteration informed by Pilot 1; not independent confirmation; never pooled with the confirmatory held-out estimate,m-scale_capacitance-e86da299c1,acnet2_pyr_soma,2,P05_long_step,last_isi,exceeds,585.9700000005014,523.0199999995243,62.95000000097707,11.737800000011303,r-493fa57e11933a720397,r-c9f21a5c1e6afdc1e19c
neuron_model_behavioral_validation,Neuraxis,development_pilot,PILOT2_PROTOCOL,Exploratory development data; second development iteration informed by Pilot 1; not independent confirmation; never pooled with the confirmatory held-out estimate,m-scale_capacitance-e86da299c1,acnet2_pyr_soma,2,P06_ramp,first_spike_latency,exceeds,501.0599999994165,461.64999999945235,39.40999999996416,10.02279999998833,r-2e3e935d6ecd1df4b94b,r-64fe8a9c38655fd97373
neuron_model_behavioral_validation,Neuraxis,development_pilot,PILOT2_PROTOCOL,Exploratory development data; second development iteration informed by Pilot 1; not independent confirmation; never pooled with the confirmatory held-out estimate,m-scale_capacitance-e86da299c1,acnet2_pyr_soma,2,P09_short_pulse,ahp_depth,definedness,,-7.192380088806161,,inf,r-eb52f398ba2e116da449,r-565d6cbdafbd72cb47b2
neuron_model_behavioral_validation,Neuraxis,development_pilot,PILOT2_PROTOCOL,Exploratory development data; second development iteration informed by Pilot 1; not independent confirmation; never pooled with the confirmatory held-out estimate,m-scale_capacitance-e86da299c1,acnet2_pyr_soma,2,P09_short_pulse,ap_amplitude,definedness,,104.0886230498906,,inf,r-eb52f398ba2e116da449,r-565d6cbdafbd72cb47b2
neuron_model_behavioral_validation,Neuraxis,development_pilot,PILOT2_PROTOCOL,Exploratory development data; second development iteration informed by Pilot 1; not independent confirmation; never pooled with the confirmatory held-out estimate,m-scale_capacitance-e86da299c1,acnet2_pyr_soma,2,P09_short_pulse,first_spike_latency,definedness,,3.079999999869358,,inf,r-eb52f398ba2e116da449,r-565d6cbdafbd72cb47b2
neuron_model_behavioral_validation,Neuraxis,development_pilot,PILOT2_PROTOCOL,Exploratory development data; second development iteration informed by Pilot 1; not independent confirmation; never pooled with the confirmatory held-out estimate,m-scale_capacitance-e86da299c1,acnet2_pyr_soma,2,P09_short_pulse,spike_count,exceeds,0.0,1.0,1.0,0.5,r-eb52f398ba2e116da449,r-565d6cbdafbd72cb47b2
neuron_model_behavioral_validation,Neuraxis,development_pilot,PILOT2_PROTOCOL,Exploratory development data; second development iteration informed by Pilot 1; not independent confirmation; never pooled with the confirmatory held-out estimate,m-scale_gate_time_constant-25d2ef79c1,acnet2_pyr_soma,1,P00_canonical,adaptation_index,exceeds,0.08360766405035329,0.07314791643162374,0.010459747618729545,0.01,r-7ce2d1a0f19cc5d24572,r-be89725a6908c658c10b
neuron_model_behavioral_validation,Neuraxis,development_pilot,PILOT2_PROTOCOL,Exploratory development data; second development iteration informed by Pilot 1; not independent confirmation; never pooled with the confirmatory held-out estimate,m-scale_gate_time_constant-25d2ef79c1,acnet2_pyr_soma,1,P00_canonical,last_isi,exceeds,76.88999999993013,64.75999999994116,12.129999999988968,1.5377999999986025,r-7ce2d1a0f19cc5d24572,r-be89725a6908c658c10b
neuron_model_behavioral_validation,Neuraxis,development_pilot,PILOT2_PROTOCOL,Exploratory development data; second development iteration informed by Pilot 1; not independent confirmation; never pooled with the confirmatory held-out estimate,m-scale_gate_time_constant-25d2ef79c1,acnet2_pyr_soma,1,P00_canonical,spike_count,exceeds,8.0,9.0,1.0,0.5,r-7ce2d1a0f19cc5d24572,r-be89725a6908c658c10b
neuron_model_behavioral_validation,Neuraxis,development_pilot,PILOT2_PROTOCOL,Exploratory development data; second development iteration informed by Pilot 1; not independent confirmation; never pooled with the confirmatory held-out estimate,m-scale_gate_time_constant-25d2ef79c1,acnet2_pyr_soma,1,P04_step_2x,last_isi,exceeds,451.11999999958977,431.00999999960806,20.10999999998171,9.022399999991796,r-85c49aecb0e07f4c5069,r-c154a272fb0a30c33b8a
neuron_model_behavioral_validation,Neuraxis,development_pilot,PILOT2_PROTOCOL,Exploratory development data; second development iteration informed by Pilot 1; not independent confirmation; never pooled with the confirmatory held-out estimate,m-scale_gate_time_constant-25d2ef79c1,acnet2_pyr_soma,1,P05_long_step,last_isi,exceeds,586.8900000005651,566.9399999994844,19.950000001080753,11.737800000011303,r-f6700284baa99a5ef41f,r-f93bfa9eb75d2b2d8f19
neuron_model_behavioral_validation,Neuraxis,development_pilot,PILOT2_PROTOCOL,Exploratory development data; second development iteration informed by Pilot 1; not independent confirmation; never pooled with the confirmatory held-out estimate,m-scale_gate_time_constant-25d2ef79c1,acnet2_pyr_soma,2,P00_canonical,adaptation_index,exceeds,0.08394194146984126,0.07318947423665083,0.010752467233190427,0.01,r-2526a9bbad7e1faa361e,r-d43b5541167d0f9500a4
neuron_model_behavioral_validation,Neuraxis,development_pilot,PILOT2_PROTOCOL,Exploratory development data; second development iteration informed by Pilot 1; not independent confirmation; never pooled with the confirmatory held-out estimate,m-scale_gate_time_constant-25d2ef79c1,acnet2_pyr_soma,2,P00_canonical,last_isi,exceeds,76.5899999999304,64.46999999994142,12.119999999988977,1.5377999999986025,r-2526a9bbad7e1faa361e,r-d43b5541167d0f9500a4
neuron_model_behavioral_validation,Neuraxis,development_pilot,PILOT2_PROTOCOL,Exploratory development data; second development iteration informed by Pilot 1; not independent confirmation; never pooled with the confirmatory held-out estimate,m-scale_gate_time_constant-25d2ef79c1,acnet2_pyr_soma,2,P00_canonical,spike_count,exceeds,8.0,9.0,1.0,0.5,r-2526a9bbad7e1faa361e,r-d43b5541167d0f9500a4
neuron_model_behavioral_validation,Neuraxis,development_pilot,PILOT2_PROTOCOL,Exploratory development data; second development iteration informed by Pilot 1; not independent confirmation; never pooled with the confirmatory held-out estimate,m-scale_gate_time_constant-25d2ef79c1,acnet2_pyr_soma,2,P04_step_2x,last_isi,exceeds,450.1799999995906,430.03999999960894,20.139999999981683,9.022399999991796,r-16be743cbc8f0485fd82,r-153c541f2831524df490
neuron_model_behavioral_validation,Neuraxis,development_pilot,PILOT2_PROTOCOL,Exploratory development data; second development iteration informed by Pilot 1; not independent confirmation; never pooled with the confirmatory held-out estimate,m-scale_gate_time_constant-25d2ef79c1,acnet2_pyr_soma,2,P05_long_step,last_isi,exceeds,585.9700000005014,566.0099999994852,19.96000000101617,11.737800000011303,r-493fa57e11933a720397,r-77abcb8366cde978e39a
neuron_model_behavioral_validation,Neuraxis,development_pilot,PILOT2_PROTOCOL,Exploratory development data; second development iteration informed by Pilot 1; not independent confirmation; never pooled with the confirmatory held-out estimate,m-scale_gate_time_constant-eb0c17da65,acnet2_pyr_soma,1,P00_canonical,adaptation_index,exceeds,0.08360766405035329,-0.04671932739912799,0.1303269914494813,0.01,r-7ce2d1a0f19cc5d24572,r-992f6d2676616d2b1b47
neuron_model_behavioral_validation,Neuraxis,development_pilot,PILOT2_PROTOCOL,Exploratory development data; second development iteration informed by Pilot 1; not independent confirmation; never pooled with the confirmatory held-out estimate,m-scale_gate_time_constant-eb0c17da65,acnet2_pyr_soma,1,P00_canonical,ahp_depth,exceeds,-7.047089353288882,-7.568164269583633,0.5210749162947508,0.5,r-7ce2d1a0f19cc5d24572,r-992f6d2676616d2b1b47
neuron_model_behavioral_validation,Neuraxis,development_pilot,PILOT2_PROTOCOL,Exploratory development data; second development iteration informed by Pilot 1; not independent confirmation; never pooled with the confirmatory held-out estimate,m-scale_gate_time_constant-eb0c17da65,acnet2_pyr_soma,1,P00_canonical,ap_amplitude,exceeds,100.04901504481984,102.63596725449597,2.5869522096761273,2.000980300896397,r-7ce2d1a0f19cc5d24572,r-992f6d2676616d2b1b47
neuron_model_behavioral_validation,Neuraxis,development_pilot,PILOT2_PROTOCOL,Exploratory development data; second development iteration informed by Pilot 1; not independent confirmation; never pooled with the confirmatory held-out estimate,m-scale_gate_time_constant-eb0c17da65,acnet2_pyr_soma,1,P00_canonical,last_isi,exceeds,76.88999999993013,120.59999999989037,43.709999999960246,1.5377999999986025,r-7ce2d1a0f19cc5d24572,r-992f6d2676616d2b1b47
neuron_model_behavioral_validation,Neuraxis,development_pilot,PILOT2_PROTOCOL,Exploratory development data; second development iteration informed by Pilot 1; not independent confirmation; never pooled with the confirmatory held-out estimate,m-scale_gate_time_constant-eb0c17da65,acnet2_pyr_soma,1,P00_canonical,spike_count,exceeds,8.0,5.0,3.0,0.5,r-7ce2d1a0f19cc5d24572,r-992f6d2676616d2b1b47
neuron_model_behavioral_validation,Neuraxis,development_pilot,PILOT2_PROTOCOL,Exploratory development data; second development iteration informed by Pilot 1; not independent confirmation; never pooled with the confirmatory held-out estimate,m-scale_gate_time_constant-eb0c17da65,acnet2_pyr_soma,1,P04_step_2x,ap_amplitude,exceeds,98.06893539575677,100.60270309325779,2.5337676975010197,1.9613787079151355,r-85c49aecb0e07f4c5069,r-554d9ad1f1b1ad0f907e
neuron_model_behavioral_validation,Neuraxis,development_pilot,PILOT2_PROTOCOL,Exploratory development data; second development iteration informed by Pilot 1; not independent confirmation; never pooled with the confirmatory held-out estimate,m-scale_gate_time_constant-eb0c17da65,acnet2_pyr_soma,1,P04_step_2x,last_isi,definedness,451.11999999958977,,,9.022399999991796,r-85c49aecb0e07f4c5069,r-554d9ad1f1b1ad0f907e
neuron_model_behavioral_validation,Neuraxis,development_pilot,PILOT2_PROTOCOL,Exploratory development data; second development iteration informed by Pilot 1; not independent confirmation; never pooled with the confirmatory held-out estimate,m-scale_gate_time_constant-eb0c17da65,acnet2_pyr_soma,1,P04_step_2x,spike_count,exceeds,2.0,1.0,1.0,0.5,r-85c49aecb0e07f4c5069,r-554d9ad1f1b1ad0f907e
neuron_model_behavioral_validation,Neuraxis,development_pilot,PILOT2_PROTOCOL,Exploratory development data; second development iteration informed by Pilot 1; not independent confirmation; never pooled with the confirmatory held-out estimate,m-scale_gate_time_constant-eb0c17da65,acnet2_pyr_soma,1,P05_long_step,ap_amplitude,exceeds,98.06814575218911,100.56618499677191,2.498039244582799,1.9613629150437824,r-f6700284baa99a5ef41f,r-6d6cddcfd246a560b827
neuron_model_behavioral_validation,Neuraxis,development_pilot,PILOT2_PROTOCOL,Exploratory development data; second development iteration informed by Pilot 1; not independent confirmation; never pooled with the confirmatory held-out estimate,m-scale_gate_time_constant-eb0c17da65,acnet2_pyr_soma,1,P05_long_step,last_isi,exceeds,586.8900000005651,647.6000000046679,60.71000000410277,11.737800000011303,r-f6700284baa99a5ef41f,r-6d6cddcfd246a560b827
neuron_model_behavioral_validation,Neuraxis,development_pilot,PILOT2_PROTOCOL,Exploratory development data; second development iteration informed by Pilot 1; not independent confirmation; never pooled with the confirmatory held-out estimate,m-scale_gate_time_constant-eb0c17da65,acnet2_pyr_soma,2,P00_canonical,adaptation_index,exceeds,0.08394194146984126,-0.04667826472914667,0.13062020619898793,0.01,r-2526a9bbad7e1faa361e,r-7be27abc7573e88ede15
neuron_model_behavioral_validation,Neuraxis,development_pilot,PILOT2_PROTOCOL,Exploratory development data; second development iteration informed by Pilot 1; not independent confirmation; never pooled with the confirmatory held-out estimate,m-scale_gate_time_constant-eb0c17da65,acnet2_pyr_soma,2,P00_canonical,ahp_depth,exceeds,-7.040942077636629,-7.564954267229368,0.5240121895927388,0.5,r-2526a9bbad7e1faa361e,r-7be27abc7573e88ede15
neuron_model_behavioral_validation,Neuraxis,development_pilot,PILOT2_PROTOCOL,Exploratory development data; second development iteration informed by Pilot 1; not independent confirmation; never pooled with the confirmatory held-out estimate,m-scale_gate_time_constant-eb0c17da65,acnet2_pyr_soma,2,P00_canonical,ap_amplitude,exceeds,99.87902450527808,102.53409576402812,2.6550712587500414,2.000980300896397,r-2526a9bbad7e1faa361e,r-7be27abc7573e88ede15
neuron_model_behavioral_validation,Neuraxis,development_pilot,PILOT2_PROTOCOL,Exploratory development data; second development iteration informed by Pilot 1; not independent confirmation; never pooled with the confirmatory held-out estimate,m-scale_gate_time_constant-eb0c17da65,acnet2_pyr_soma,2,P00_canonical,last_isi,exceeds,76.5899999999304,120.27999999989066,43.689999999960264,1.5377999999986025,r-2526a9bbad7e1faa361e,r-7be27abc7573e88ede15
neuron_model_behavioral_validation,Neuraxis,development_pilot,PILOT2_PROTOCOL,Exploratory development data; second development iteration informed by Pilot 1; not independent confirmation; never pooled with the confirmatory held-out estimate,m-scale_gate_time_constant-eb0c17da65,acnet2_pyr_soma,2,P00_canonical,spike_count,exceeds,8.0,5.0,3.0,0.5,r-2526a9bbad7e1faa361e,r-7be27abc7573e88ede15
neuron_model_behavioral_validation,Neuraxis,development_pilot,PILOT2_PROTOCOL,Exploratory development data; second development iteration informed by Pilot 1; not independent confirmation; never pooled with the confirmatory held-out estimate,m-scale_gate_time_constant-eb0c17da65,acnet2_pyr_soma,2,P04_step_2x,ap_amplitude,exceeds,97.6356582663006,100.29986572216364,2.6642074558630497,1.9613787079151355,r-16be743cbc8f0485fd82,r-2e5528ccb8009523ca79
neuron_model_behavioral_validation,Neuraxis,development_pilot,PILOT2_PROTOCOL,Exploratory development data; second development iteration informed by Pilot 1; not independent confirmation; never pooled with the confirmatory held-out estimate,m-scale_gate_time_constant-eb0c17da65,acnet2_pyr_soma,2,P04_step_2x,last_isi,definedness,450.1799999995906,,,9.022399999991796,r-16be743cbc8f0485fd82,r-2e5528ccb8009523ca79
neuron_model_behavioral_validation,Neuraxis,development_pilot,PILOT2_PROTOCOL,Exploratory development data; second development iteration informed by Pilot 1; not independent confirmation; never pooled with the confirmatory held-out estimate,m-scale_gate_time_constant-eb0c17da65,acnet2_pyr_soma,2,P04_step_2x,spike_count,exceeds,2.0,1.0,1.0,0.5,r-16be743cbc8f0485fd82,r-2e5528ccb8009523ca79
neuron_model_behavioral_validation,Neuraxis,development_pilot,PILOT2_PROTOCOL,Exploratory development data; second development iteration informed by Pilot 1; not independent confirmation; never pooled with the confirmatory held-out estimate,m-scale_gate_time_constant-eb0c17da65,acnet2_pyr_soma,2,P05_long_step,ap_amplitude,exceeds,97.55448913585151,100.17643738059338,2.6219482447418727,1.9613629150437824,r-493fa57e11933a720397,r-cf92c96d7f9950f320c2
neuron_model_behavioral_validation,Neuraxis,development_pilot,PILOT2_PROTOCOL,Exploratory development data; second development iteration informed by Pilot 1; not independent confirmation; never pooled with the confirmatory held-out estimate,m-scale_gate_time_constant-eb0c17da65,acnet2_pyr_soma,2,P05_long_step,last_isi,exceeds,585.9700000005014,646.7400000046082,60.770000004106805,11.737800000011303,r-493fa57e11933a720397,r-cf92c96d7f9950f320c2
neuron_model_behavioral_validation,Neuraxis,development_pilot,PILOT2_PROTOCOL,Exploratory development data; second development iteration informed by Pilot 1; not independent confirmation; never pooled with the confirmatory held-out estimate,m-shift_gate_midpoint-e68b2bd3be,acnet2_pyr_soma,1,P00_canonical,adaptation_index,exceeds,0.08360766405035329,0.061764830800615726,0.021842833249737563,0.01,r-7ce2d1a0f19cc5d24572,r-ae50ba04ee5dab210d0b
neuron_model_behavioral_validation,Neuraxis,development_pilot,PILOT2_PROTOCOL,Exploratory development data; second development iteration informed by Pilot 1; not independent confirmation; never pooled with the confirmatory held-out estimate,m-shift_gate_midpoint-e68b2bd3be,acnet2_pyr_soma,1,P00_canonical,last_isi,exceeds,76.88999999993013,58.86999999994646,18.019999999983668,1.5377999999986025,r-7ce2d1a0f19cc5d24572,r-ae50ba04ee5dab210d0b
neuron_model_behavioral_validation,Neuraxis,development_pilot,PILOT2_PROTOCOL,Exploratory development data; second development iteration informed by Pilot 1; not independent confirmation; never pooled with the confirmatory held-out estimate,m-shift_gate_midpoint-e68b2bd3be,acnet2_pyr_soma,1,P00_canonical,spike_count,exceeds,8.0,10.0,2.0,0.5,r-7ce2d1a0f19cc5d24572,r-ae50ba04ee5dab210d0b
neuron_model_behavioral_validation,Neuraxis,development_pilot,PILOT2_PROTOCOL,Exploratory development data; second development iteration informed by Pilot 1; not independent confirmation; never pooled with the confirmatory held-out estimate,m-shift_gate_midpoint-e68b2bd3be,acnet2_pyr_soma,1,P02_weak_step,steady_state_voltage,exceeds,-66.2136446029663,-65.1290979156494,1.0845466873169016,0.5,r-85c49aecb0e07f4c5069,r-cc41cdfc9df9ab25629c
neuron_model_behavioral_validation,Neuraxis,development_pilot,PILOT2_PROTOCOL,Exploratory development data; second development iteration informed by Pilot 1; not independent confirmation; never pooled with the confirmatory held-out estimate,m-shift_gate_midpoint-e68b2bd3be,acnet2_pyr_soma,1,P03_rheobase,rheobase,exceeds,0.007615600027320539,0.0053275049518475516,0.0022880950754729876,0.00015231200054641078,s-f72e8dc74d5f026206e4,s-7695f9e82a96728e2793
neuron_model_behavioral_validation,Neuraxis,development_pilot,PILOT2_PROTOCOL,Exploratory development data; second development iteration informed by Pilot 1; not independent confirmation; never pooled with the confirmatory held-out estimate,m-shift_gate_midpoint-e68b2bd3be,acnet2_pyr_soma,1,P04_step_2x,ahp_depth,exceeds,-7.019535802205411,-7.717420936584475,0.6978851343790637,0.5,r-85c49aecb0e07f4c5069,r-cc41cdfc9df9ab25629c
neuron_model_behavioral_validation,Neuraxis,development_pilot,PILOT2_PROTOCOL,Exploratory development data; second development iteration informed by Pilot 1; not independent confirmation; never pooled with the confirmatory held-out estimate,m-shift_gate_midpoint-e68b2bd3be,acnet2_pyr_soma,1,P04_step_2x,first_spike_latency,exceeds,25.40999999984905,21.169999999852905,4.239999999996144,0.508199999996981,r-85c49aecb0e07f4c5069,r-cc41cdfc9df9ab25629c
neuron_model_behavioral_validation,Neuraxis,development_pilot,PILOT2_PROTOCOL,Exploratory development data; second development iteration informed by Pilot 1; not independent confirmation; never pooled with the confirmatory held-out estimate,m-shift_gate_midpoint-e68b2bd3be,acnet2_pyr_soma,1,P04_step_2x,last_isi,exceeds,451.11999999958977,392.21999999964333,58.89999999994643,9.022399999991796,r-85c49aecb0e07f4c5069,r-cc41cdfc9df9ab25629c
neuron_model_behavioral_validation,Neuraxis,development_pilot,PILOT2_PROTOCOL,Exploratory development data; second development iteration informed by Pilot 1; not independent confirmation; never pooled with the confirmatory held-out estimate,m-shift_gate_midpoint-e68b2bd3be,acnet2_pyr_soma,1,P05_long_step,ahp_depth,exceeds,-7.059071324666348,-7.754324317932131,0.6952529932657825,0.5,r-f6700284baa99a5ef41f,r-33238cda2c1b83752548
neuron_model_behavioral_validation,Neuraxis,development_pilot,PILOT2_PROTOCOL,Exploratory development data; second development iteration informed by Pilot 1; not independent confirmation; never pooled with the confirmatory held-out estimate,m-shift_gate_midpoint-e68b2bd3be,acnet2_pyr_soma,1,P05_long_step,first_spike_latency,exceeds,37.16999999983835,28.85999999984591,8.309999999992442,0.7433999999967671,r-f6700284baa99a5ef41f,r-33238cda2c1b83752548
neuron_model_behavioral_validation,Neuraxis,development_pilot,PILOT2_PROTOCOL,Exploratory development data; second development iteration informed by Pilot 1; not independent confirmation; never pooled with the confirmatory held-out estimate,m-shift_gate_midpoint-e68b2bd3be,acnet2_pyr_soma,1,P05_long_step,last_isi,exceeds,586.8900000005651,450.83000000147763,136.0599999990875,11.737800000011303,r-f6700284baa99a5ef41f,r-33238cda2c1b83752548
neuron_model_behavioral_validation,Neuraxis,development_pilot,PILOT2_PROTOCOL,Exploratory development data; second development iteration informed by Pilot 1; not independent confirmation; never pooled with the confirmatory held-out estimate,m-shift_gate_midpoint-e68b2bd3be,acnet2_pyr_soma,1,P05_long_step,spike_count,exceeds,4.0,5.0,1.0,0.5,r-f6700284baa99a5ef41f,r-33238cda2c1b83752548
neuron_model_behavioral_validation,Neuraxis,development_pilot,PILOT2_PROTOCOL,Exploratory development data; second development iteration informed by Pilot 1; not independent confirmation; never pooled with the confirmatory held-out estimate,m-shift_gate_midpoint-e68b2bd3be,acnet2_pyr_soma,1,P06_ramp,first_spike_latency,exceeds,501.13999999941643,313.8999999995867,187.2399999998297,10.02279999998833,r-ee8bcdd517fb72ba8d0c,r-41d69f1458942ea64080
neuron_model_behavioral_validation,Neuraxis,development_pilot,PILOT2_PROTOCOL,Exploratory development data; second development iteration informed by Pilot 1; not independent confirmation; never pooled with the confirmatory held-out estimate,m-shift_gate_midpoint-e68b2bd3be,acnet2_pyr_soma,1,P09_short_pulse,ahp_depth,definedness,,-7.869337440490725,,inf,r-195ba3020e76bc4e3add,r-478f258ebbf7bed1c18b
neuron_model_behavioral_validation,Neuraxis,development_pilot,PILOT2_PROTOCOL,Exploratory development data; second development iteration informed by Pilot 1; not independent confirmation; never pooled with the confirmatory held-out estimate,m-shift_gate_midpoint-e68b2bd3be,acnet2_pyr_soma,1,P09_short_pulse,ap_amplitude,definedness,,97.99366378937756,,inf,r-195ba3020e76bc4e3add,r-478f258ebbf7bed1c18b
neuron_model_behavioral_validation,Neuraxis,development_pilot,PILOT2_PROTOCOL,Exploratory development data; second development iteration informed by Pilot 1; not independent confirmation; never pooled with the confirmatory held-out estimate,m-shift_gate_midpoint-e68b2bd3be,acnet2_pyr_soma,1,P09_short_pulse,first_spike_latency,definedness,,9.829999999863219,,inf,r-195ba3020e76bc4e3add,r-478f258ebbf7bed1c18b
neuron_model_behavioral_validation,Neuraxis,development_pilot,PILOT2_PROTOCOL,Exploratory development data; second development iteration informed by Pilot 1; not independent confirmation; never pooled with the confirmatory held-out estimate,m-shift_gate_midpoint-e68b2bd3be,acnet2_pyr_soma,1,P09_short_pulse,spike_count,exceeds,0.0,1.0,1.0,0.5,r-195ba3020e76bc4e3add,r-478f258ebbf7bed1c18b
neuron_model_behavioral_validation,Neuraxis,development_pilot,PILOT2_PROTOCOL,Exploratory development data; second development iteration informed by Pilot 1; not independent confirmation; never pooled with the confirmatory held-out estimate,m-shift_gate_midpoint-e68b2bd3be,acnet2_pyr_soma,2,P00_canonical,adaptation_index,exceeds,0.08394194146984126,0.061873888334997365,0.02206805313484389,0.01,r-2526a9bbad7e1faa361e,r-4504727cb83fe33e5ee7
neuron_model_behavioral_validation,Neuraxis,development_pilot,PILOT2_PROTOCOL,Exploratory development data; second development iteration informed by Pilot 1; not independent confirmation; never pooled with the confirmatory held-out estimate,m-shift_gate_midpoint-e68b2bd3be,acnet2_pyr_soma,2,P00_canonical,last_isi,exceeds,76.5899999999304,58.549999999946806,18.039999999983593,1.5377999999986025,r-2526a9bbad7e1faa361e,r-4504727cb83fe33e5ee7
neuron_model_behavioral_validation,Neuraxis,development_pilot,PILOT2_PROTOCOL,Exploratory development data; second development iteration informed by Pilot 1; not independent confirmation; never pooled with the confirmatory held-out estimate,m-shift_gate_midpoint-e68b2bd3be,acnet2_pyr_soma,2,P00_canonical,spike_count,exceeds,8.0,10.0,2.0,0.5,r-2526a9bbad7e1faa361e,r-4504727cb83fe33e5ee7
neuron_model_behavioral_validation,Neuraxis,development_pilot,PILOT2_PROTOCOL,Exploratory development data; second development iteration informed by Pilot 1; not independent confirmation; never pooled with the confirmatory held-out estimate,m-shift_gate_midpoint-e68b2bd3be,acnet2_pyr_soma,2,P02_weak_step,steady_state_voltage,exceeds,-66.2136438430786,-65.12909624786376,1.0845475952148433,0.5,r-16be743cbc8f0485fd82,r-4591cdf9cdfe42720d61
neuron_model_behavioral_validation,Neuraxis,development_pilot,PILOT2_PROTOCOL,Exploratory development data; second development iteration informed by Pilot 1; not independent confirmation; never pooled with the confirmatory held-out estimate,m-shift_gate_midpoint-e68b2bd3be,acnet2_pyr_soma,2,P03_rheobase,rheobase,exceeds,0.007615600027320539,0.0053275049518475516,0.0022880950754729876,0.00015231200054641078,s-4f52e2b97721efbbe2d2,s-8176e26b8896bc9608ac
neuron_model_behavioral_validation,Neuraxis,development_pilot,PILOT2_PROTOCOL,Exploratory development data; second development iteration informed by Pilot 1; not independent confirmation; never pooled with the confirmatory held-out estimate,m-shift_gate_midpoint-e68b2bd3be,acnet2_pyr_soma,2,P04_step_2x,ahp_depth,exceeds,-7.016957875569673,-7.7149512736002634,0.6979933980305901,0.5,r-16be743cbc8f0485fd82,r-4591cdf9cdfe42720d61
neuron_model_behavioral_validation,Neuraxis,development_pilot,PILOT2_PROTOCOL,Exploratory development data; second development iteration informed by Pilot 1; not independent confirmation; never pooled with the confirmatory held-out estimate,m-shift_gate_midpoint-e68b2bd3be,acnet2_pyr_soma,2,P04_step_2x,first_spike_latency,exceeds,25.359999999849094,21.12999999985294,4.229999999996153,0.508199999996981,r-16be743cbc8f0485fd82,r-4591cdf9cdfe42720d61
neuron_model_behavioral_validation,Neuraxis,development_pilot,PILOT2_PROTOCOL,Exploratory development data; second development iteration informed by Pilot 1; not independent confirmation; never pooled with the confirmatory held-out estimate,m-shift_gate_midpoint-e68b2bd3be,acnet2_pyr_soma,2,P04_step_2x,last_isi,exceeds,450.1799999995906,391.0399999996444,59.13999999994621,9.022399999991796,r-16be743cbc8f0485fd82,r-4591cdf9cdfe42720d61
neuron_model_behavioral_validation,Neuraxis,development_pilot,PILOT2_PROTOCOL,Exploratory development data; second development iteration informed by Pilot 1; not independent confirmation; never pooled with the confirmatory held-out estimate,m-shift_gate_midpoint-e68b2bd3be,acnet2_pyr_soma,2,P05_long_step,ahp_depth,exceeds,-7.056752797444673,-7.75209879557292,0.6953459981282464,0.5,r-493fa57e11933a720397,r-f8506e07aedd87a7aaa0
neuron_model_behavioral_validation,Neuraxis,development_pilot,PILOT2_PROTOCOL,Exploratory development data; second development iteration informed by Pilot 1; not independent confirmation; never pooled with the confirmatory held-out estimate,m-shift_gate_midpoint-e68b2bd3be,acnet2_pyr_soma,2,P05_long_step,first_spike_latency,exceeds,37.10999999983841,28.809999999845957,8.299999999992451,0.7433999999967671,r-493fa57e11933a720397,r-f8506e07aedd87a7aaa0
neuron_model_behavioral_validation,Neuraxis,development_pilot,PILOT2_PROTOCOL,Exploratory development data; second development iteration informed by Pilot 1; not independent confirmation; never pooled with the confirmatory held-out estimate,m-shift_gate_midpoint-e68b2bd3be,acnet2_pyr_soma,2,P05_long_step,last_isi,exceeds,585.9700000005014,449.68000000137204,136.28999999912935,11.737800000011303,r-493fa57e11933a720397,r-f8506e07aedd87a7aaa0
neuron_model_behavioral_validation,Neuraxis,development_pilot,PILOT2_PROTOCOL,Exploratory development data; second development iteration informed by Pilot 1; not independent confirmation; never pooled with the confirmatory held-out estimate,m-shift_gate_midpoint-e68b2bd3be,acnet2_pyr_soma,2,P05_long_step,spike_count,exceeds,4.0,5.0,1.0,0.5,r-493fa57e11933a720397,r-f8506e07aedd87a7aaa0
neuron_model_behavioral_validation,Neuraxis,development_pilot,PILOT2_PROTOCOL,Exploratory development data; second development iteration informed by Pilot 1; not independent confirmation; never pooled with the confirmatory held-out estimate,m-shift_gate_midpoint-e68b2bd3be,acnet2_pyr_soma,2,P06_ramp,first_spike_latency,exceeds,501.0599999994165,313.8199999995868,187.2399999998297,10.02279999998833,r-2e3e935d6ecd1df4b94b,r-ab9887f881518fa6302a
neuron_model_behavioral_validation,Neuraxis,development_pilot,PILOT2_PROTOCOL,Exploratory development data; second development iteration informed by Pilot 1; not independent confirmation; never pooled with the confirmatory held-out estimate,m-shift_gate_midpoint-e68b2bd3be,acnet2_pyr_soma,2,P09_short_pulse,ahp_depth,definedness,,-7.867913004557295,,inf,r-eb52f398ba2e116da449,r-0b46428d12ee1e11eab2
neuron_model_behavioral_validation,Neuraxis,development_pilot,PILOT2_PROTOCOL,Exploratory development data; second development iteration informed by Pilot 1; not independent confirmation; never pooled with the confirmatory held-out estimate,m-shift_gate_midpoint-e68b2bd3be,acnet2_pyr_soma,2,P09_short_pulse,ap_amplitude,definedness,,97.52399826085654,,inf,r-eb52f398ba2e116da449,r-0b46428d12ee1e11eab2
neuron_model_behavioral_validation,Neuraxis,development_pilot,PILOT2_PROTOCOL,Exploratory development data; second development iteration informed by Pilot 1; not independent confirmation; never pooled with the confirmatory held-out estimate,m-shift_gate_midpoint-e68b2bd3be,acnet2_pyr_soma,2,P09_short_pulse,first_spike_latency,definedness,,9.759999999863282,,inf,r-eb52f398ba2e116da449,r-0b46428d12ee1e11eab2
neuron_model_behavioral_validation,Neuraxis,development_pilot,PILOT2_PROTOCOL,Exploratory development data; second development iteration informed by Pilot 1; not independent confirmation; never pooled with the confirmatory held-out estimate,m-shift_gate_midpoint-e68b2bd3be,acnet2_pyr_soma,2,P09_short_pulse,spike_count,exceeds,0.0,1.0,1.0,0.5,r-eb52f398ba2e116da449,r-0b46428d12ee1e11eab2
neuron_model_behavioral_validation,Neuraxis,development_pilot,PILOT2_PROTOCOL,Exploratory development data; second development iteration informed by Pilot 1; not independent confirmation; never pooled with the confirmatory held-out estimate,m-shift_gate_midpoint-3c7134e6ec,acnet2_pyr_soma,1,P00_canonical,adaptation_index,exceeds,0.08360766405035329,-0.01664867476962522,0.1002563388199785,0.01,r-7ce2d1a0f19cc5d24572,r-840105f58a8e56d9450f
neuron_model_behavioral_validation,Neuraxis,development_pilot,PILOT2_PROTOCOL,Exploratory development data; second development iteration informed by Pilot 1; not independent confirmation; never pooled with the confirmatory held-out estimate,m-shift_gate_midpoint-3c7134e6ec,acnet2_pyr_soma,1,P00_canonical,last_isi,exceeds,76.88999999993013,91.83999999991653,14.949999999986403,1.5377999999986025,r-7ce2d1a0f19cc5d24572,r-840105f58a8e56d9450f
neuron_model_behavioral_validation,Neuraxis,development_pilot,PILOT2_PROTOCOL,Exploratory development data; second development iteration informed by Pilot 1; not independent confirmation; never pooled with the confirmatory held-out estimate,m-shift_gate_midpoint-3c7134e6ec,acnet2_pyr_soma,1,P00_canonical,spike_count,exceeds,8.0,7.0,1.0,0.5,r-7ce2d1a0f19cc5d24572,r-840105f58a8e56d9450f
neuron_model_behavioral_validation,Neuraxis,development_pilot,PILOT2_PROTOCOL,Exploratory development data; second development iteration informed by Pilot 1; not independent confirmation; never pooled with the confirmatory held-out estimate,m-shift_gate_midpoint-3c7134e6ec,acnet2_pyr_soma,1,P04_step_2x,last_isi,exceeds,451.11999999958977,473.02999999956984,21.909999999980073,9.022399999991796,r-85c49aecb0e07f4c5069,r-790f5508d9e7a51b61b6
neuron_model_behavioral_validation,Neuraxis,development_pilot,PILOT2_PROTOCOL,Exploratory development data; second development iteration informed by Pilot 1; not independent confirmation; never pooled with the confirmatory held-out estimate,m-shift_gate_midpoint-3c7134e6ec,acnet2_pyr_soma,1,P05_long_step,last_isi,exceeds,586.8900000005651,604.3600000017468,17.47000000118169,11.737800000011303,r-f6700284baa99a5ef41f,r-ab49aaeecb1fe56235f7
neuron_model_behavioral_validation,Neuraxis,development_pilot,PILOT2_PROTOCOL,Exploratory development data; second development iteration informed by Pilot 1; not independent confirmation; never pooled with the confirmatory held-out estimate,m-shift_gate_midpoint-3c7134e6ec,acnet2_pyr_soma,2,P00_canonical,adaptation_index,exceeds,0.08394194146984126,-0.01679938253401503,0.10074132400385628,0.01,r-2526a9bbad7e1faa361e,r-16e123e3ee5f1ee35449
neuron_model_behavioral_validation,Neuraxis,development_pilot,PILOT2_PROTOCOL,Exploratory development data; second development iteration informed by Pilot 1; not independent confirmation; never pooled with the confirmatory held-out estimate,m-shift_gate_midpoint-3c7134e6ec,acnet2_pyr_soma,2,P00_canonical,last_isi,exceeds,76.5899999999304,91.85999999991651,15.269999999986112,1.5377999999986025,r-2526a9bbad7e1faa361e,r-16e123e3ee5f1ee35449
neuron_model_behavioral_validation,Neuraxis,development_pilot,PILOT2_PROTOCOL,Exploratory development data; second development iteration informed by Pilot 1; not independent confirmation; never pooled with the confirmatory held-out estimate,m-shift_gate_midpoint-3c7134e6ec,acnet2_pyr_soma,2,P00_canonical,spike_count,exceeds,8.0,7.0,1.0,0.5,r-2526a9bbad7e1faa361e,r-16e123e3ee5f1ee35449
neuron_model_behavioral_validation,Neuraxis,development_pilot,PILOT2_PROTOCOL,Exploratory development data; second development iteration informed by Pilot 1; not independent confirmation; never pooled with the confirmatory held-out estimate,m-shift_gate_midpoint-3c7134e6ec,acnet2_pyr_soma,2,P04_step_2x,last_isi,exceeds,450.1799999995906,473.1699999995697,22.98999999997909,9.022399999991796,r-16be743cbc8f0485fd82,r-a5bccc7c66a919ba6d6d
neuron_model_behavioral_validation,Neuraxis,development_pilot,PILOT2_PROTOCOL,Exploratory development data; second development iteration informed by Pilot 1; not independent confirmation; never pooled with the confirmatory held-out estimate,m-shift_gate_midpoint-3c7134e6ec,acnet2_pyr_soma,2,P05_long_step,last_isi,exceeds,585.9700000005014,604.4600000017526,18.490000001251246,11.737800000011303,r-493fa57e11933a720397,r-99a34bbfaf1bb4a35a2d
neuron_model_behavioral_validation,Neuraxis,development_pilot,PILOT2_PROTOCOL,Exploratory development data; second development iteration informed by Pilot 1; not independent confirmation; never pooled with the confirmatory held-out estimate,m-scale_gate_slope-d122bda225,acnet2_pyr_soma,1,P00_canonical,adaptation_index,exceeds,0.08360766405035329,-0.01961323435065521,0.1032208984010085,0.01,r-7ce2d1a0f19cc5d24572,r-3de6dd5309f1024f5822
neuron_model_behavioral_validation,Neuraxis,development_pilot,PILOT2_PROTOCOL,Exploratory development data; second development iteration informed by Pilot 1; not independent confirmation; never pooled with the confirmatory held-out estimate,m-scale_gate_slope-d122bda225,acnet2_pyr_soma,1,P00_canonical,ahp_depth,exceeds,-7.047089353288882,0.6459193529401404,7.693008706229023,0.5,r-7ce2d1a0f19cc5d24572,r-3de6dd5309f1024f5822
neuron_model_behavioral_validation,Neuraxis,development_pilot,PILOT2_PROTOCOL,Exploratory development data; second development iteration informed by Pilot 1; not independent confirmation; never pooled with the confirmatory held-out estimate,m-scale_gate_slope-d122bda225,acnet2_pyr_soma,1,P00_canonical,ap_amplitude,exceeds,100.04901504481984,96.76613235466795,3.2828826901518937,2.000980300896397,r-7ce2d1a0f19cc5d24572,r-3de6dd5309f1024f5822
neuron_model_behavioral_validation,Neuraxis,development_pilot,PILOT2_PROTOCOL,Exploratory development data; second development iteration informed by Pilot 1; not independent confirmation; never pooled with the confirmatory held-out estimate,m-scale_gate_slope-d122bda225,acnet2_pyr_soma,1,P00_canonical,first_spike_latency,exceeds,32.640000000015604,36.38000000001752,3.7400000000019133,0.6528000000003121,r-7ce2d1a0f19cc5d24572,r-3de6dd5309f1024f5822
neuron_model_behavioral_validation,Neuraxis,development_pilot,PILOT2_PROTOCOL,Exploratory development data; second development iteration informed by Pilot 1; not independent confirmation; never pooled with the confirmatory held-out estimate,m-scale_gate_slope-d122bda225,acnet2_pyr_soma,1,P00_canonical,last_isi,exceeds,76.88999999993013,102.68999999990666,25.799999999976535,1.5377999999986025,r-7ce2d1a0f19cc5d24572,r-3de6dd5309f1024f5822
neuron_model_behavioral_validation,Neuraxis,development_pilot,PILOT2_PROTOCOL,Exploratory development data; second development iteration informed by Pilot 1; not independent confirmation; never pooled with the confirmatory held-out estimate,m-scale_gate_slope-d122bda225,acnet2_pyr_soma,1,P00_canonical,spike_count,exceeds,8.0,6.0,2.0,0.5,r-7ce2d1a0f19cc5d24572,r-3de6dd5309f1024f5822
neuron_model_behavioral_validation,Neuraxis,development_pilot,PILOT2_PROTOCOL,Exploratory development data; second development iteration informed by Pilot 1; not independent confirmation; never pooled with the confirmatory held-out estimate,m-scale_gate_slope-d122bda225,acnet2_pyr_soma,1,P02_weak_step,steady_state_voltage,exceeds,-66.2136446029663,-69.78645777130126,3.57281316833496,0.5,r-85c49aecb0e07f4c5069,r-1d655b957b54a26bf16c
neuron_model_behavioral_validation,Neuraxis,development_pilot,PILOT2_PROTOCOL,Exploratory development data; second development iteration informed by Pilot 1; not independent confirmation; never pooled with the confirmatory held-out estimate,m-scale_gate_slope-d122bda225,acnet2_pyr_soma,1,P03_rheobase,rheobase,exceeds,0.007615600027320539,0.03582405573389796,0.02820845570657742,0.00015231200054641078,s-f72e8dc74d5f026206e4,s-13c6307a34e69f26428a
neuron_model_behavioral_validation,Neuraxis,development_pilot,PILOT2_PROTOCOL,Exploratory development data; second development iteration informed by Pilot 1; not independent confirmation; never pooled with the confirmatory held-out estimate,m-scale_gate_slope-d122bda225,acnet2_pyr_soma,1,P04_step_2x,ahp_depth,definedness,-7.019535802205411,,,0.5,r-85c49aecb0e07f4c5069,r-1d655b957b54a26bf16c
neuron_model_behavioral_validation,Neuraxis,development_pilot,PILOT2_PROTOCOL,Exploratory development data; second development iteration informed by Pilot 1; not independent confirmation; never pooled with the confirmatory held-out estimate,m-scale_gate_slope-d122bda225,acnet2_pyr_soma,1,P04_step_2x,ap_amplitude,definedness,98.06893539575677,,,1.9613787079151355,r-85c49aecb0e07f4c5069,r-1d655b957b54a26bf16c
neuron_model_behavioral_validation,Neuraxis,development_pilot,PILOT2_PROTOCOL,Exploratory development data; second development iteration informed by Pilot 1; not independent confirmation; never pooled with the confirmatory held-out estimate,m-scale_gate_slope-d122bda225,acnet2_pyr_soma,1,P04_step_2x,first_spike_latency,definedness,25.40999999984905,,,0.508199999996981,r-85c49aecb0e07f4c5069,r-1d655b957b54a26bf16c
neuron_model_behavioral_validation,Neuraxis,development_pilot,PILOT2_PROTOCOL,Exploratory development data; second development iteration informed by Pilot 1; not independent confirmation; never pooled with the confirmatory held-out estimate,m-scale_gate_slope-d122bda225,acnet2_pyr_soma,1,P04_step_2x,last_isi,definedness,451.11999999958977,,,9.022399999991796,r-85c49aecb0e07f4c5069,r-1d655b957b54a26bf16c
neuron_model_behavioral_validation,Neuraxis,development_pilot,PILOT2_PROTOCOL,Exploratory development data; second development iteration informed by Pilot 1; not independent confirmation; never pooled with the confirmatory held-out estimate,m-scale_gate_slope-d122bda225,acnet2_pyr_soma,1,P04_step_2x,spike_count,exceeds,2.0,0.0,2.0,0.5,r-85c49aecb0e07f4c5069,r-1d655b957b54a26bf16c
neuron_model_behavioral_validation,Neuraxis,development_pilot,PILOT2_PROTOCOL,Exploratory development data; second development iteration informed by Pilot 1; not independent confirmation; never pooled with the confirmatory held-out estimate,m-scale_gate_slope-d122bda225,acnet2_pyr_soma,1,P05_long_step,adaptation_index,definedness,-8.519410542851502e-06,,,0.01,r-f6700284baa99a5ef41f,r-2bdd2847d592c61bdf4e
neuron_model_behavioral_validation,Neuraxis,development_pilot,PILOT2_PROTOCOL,Exploratory development data; second development iteration informed by Pilot 1; not independent confirmation; never pooled with the confirmatory held-out estimate,m-scale_gate_slope-d122bda225,acnet2_pyr_soma,1,P05_long_step,ahp_depth,definedness,-7.059071324666348,,,0.5,r-f6700284baa99a5ef41f,r-2bdd2847d592c61bdf4e
neuron_model_behavioral_validation,Neuraxis,development_pilot,PILOT2_PROTOCOL,Exploratory development data; second development iteration informed by Pilot 1; not independent confirmation; never pooled with the confirmatory held-out estimate,m-scale_gate_slope-d122bda225,acnet2_pyr_soma,1,P05_long_step,ap_amplitude,definedness,98.06814575218911,,,1.9613629150437824,r-f6700284baa99a5ef41f,r-2bdd2847d592c61bdf4e
neuron_model_behavioral_validation,Neuraxis,development_pilot,PILOT2_PROTOCOL,Exploratory development data; second development iteration informed by Pilot 1; not independent confirmation; never pooled with the confirmatory held-out estimate,m-scale_gate_slope-d122bda225,acnet2_pyr_soma,1,P05_long_step,first_spike_latency,definedness,37.16999999983835,,,0.7433999999967671,r-f6700284baa99a5ef41f,r-2bdd2847d592c61bdf4e
neuron_model_behavioral_validation,Neuraxis,development_pilot,PILOT2_PROTOCOL,Exploratory development data; second development iteration informed by Pilot 1; not independent confirmation; never pooled with the confirmatory held-out estimate,m-scale_gate_slope-d122bda225,acnet2_pyr_soma,1,P05_long_step,last_isi,definedness,586.8900000005651,,,11.737800000011303,r-f6700284baa99a5ef41f,r-2bdd2847d592c61bdf4e
neuron_model_behavioral_validation,Neuraxis,development_pilot,PILOT2_PROTOCOL,Exploratory development data; second development iteration informed by Pilot 1; not independent confirmation; never pooled with the confirmatory held-out estimate,m-scale_gate_slope-d122bda225,acnet2_pyr_soma,1,P05_long_step,spike_count,exceeds,4.0,0.0,4.0,0.5,r-f6700284baa99a5ef41f,r-2bdd2847d592c61bdf4e
neuron_model_behavioral_validation,Neuraxis,development_pilot,PILOT2_PROTOCOL,Exploratory development data; second development iteration informed by Pilot 1; not independent confirmation; never pooled with the confirmatory held-out estimate,m-scale_gate_slope-d122bda225,acnet2_pyr_soma,1,P06_ramp,first_spike_latency,definedness,501.13999999941643,,,10.02279999998833,r-ee8bcdd517fb72ba8d0c,r-631592fbdc43329e3cc1
neuron_model_behavioral_validation,Neuraxis,development_pilot,PILOT2_PROTOCOL,Exploratory development data; second development iteration informed by Pilot 1; not independent confirmation; never pooled with the confirmatory held-out estimate,m-scale_gate_slope-d122bda225,acnet2_pyr_soma,1,P06_ramp,spike_count,exceeds,2.0,0.0,2.0,0.5,r-ee8bcdd517fb72ba8d0c,r-631592fbdc43329e3cc1
neuron_model_behavioral_validation,Neuraxis,development_pilot,PILOT2_PROTOCOL,Exploratory development data; second development iteration informed by Pilot 1; not independent confirmation; never pooled with the confirmatory held-out estimate,m-scale_gate_slope-d122bda225,acnet2_pyr_soma,1,P07_hyperpolarizing_step,steady_state_voltage,exceeds,-70.81424023132327,-71.82436180114749,1.0101215698242214,0.5,r-85c49aecb0e07f4c5069,r-1d655b957b54a26bf16c
neuron_model_behavioral_validation,Neuraxis,development_pilot,PILOT2_PROTOCOL,Exploratory development data; second development iteration informed by Pilot 1; not independent confirmation; never pooled with the confirmatory held-out estimate,m-scale_gate_slope-d122bda225,acnet2_pyr_soma,2,P00_canonical,adaptation_index,exceeds,0.08394194146984126,-0.019481725326317447,0.1034236667961587,0.01,r-2526a9bbad7e1faa361e,r-a4a2b5d29483817331f1
neuron_model_behavioral_validation,Neuraxis,development_pilot,PILOT2_PROTOCOL,Exploratory development data; second development iteration informed by Pilot 1; not independent confirmation; never pooled with the confirmatory held-out estimate,m-scale_gate_slope-d122bda225,acnet2_pyr_soma,2,P00_canonical,ahp_depth,exceeds,-7.040942077636629,0.6481986781528946,7.6891407557895235,0.5,r-2526a9bbad7e1faa361e,r-a4a2b5d29483817331f1
neuron_model_behavioral_validation,Neuraxis,development_pilot,PILOT2_PROTOCOL,Exploratory development data; second development iteration informed by Pilot 1; not independent confirmation; never pooled with the confirmatory held-out estimate,m-scale_gate_slope-d122bda225,acnet2_pyr_soma,2,P00_canonical,ap_amplitude,exceeds,99.87902450527808,96.6165084837971,3.2625160214809767,2.000980300896397,r-2526a9bbad7e1faa361e,r-a4a2b5d29483817331f1
neuron_model_behavioral_validation,Neuraxis,development_pilot,PILOT2_PROTOCOL,Exploratory development data; second development iteration informed by Pilot 1; not independent confirmation; never pooled with the confirmatory held-out estimate,m-scale_gate_slope-d122bda225,acnet2_pyr_soma,2,P00_canonical,first_spike_latency,exceeds,32.6300000000156,36.3500000000175,3.720000000001903,0.6528000000003121,r-2526a9bbad7e1faa361e,r-a4a2b5d29483817331f1
neuron_model_behavioral_validation,Neuraxis,development_pilot,PILOT2_PROTOCOL,Exploratory development data; second development iteration informed by Pilot 1; not independent confirmation; never pooled with the confirmatory held-out estimate,m-scale_gate_slope-d122bda225,acnet2_pyr_soma,2,P00_canonical,last_isi,exceeds,76.5899999999304,102.37999999990694,25.789999999976544,1.5377999999986025,r-2526a9bbad7e1faa361e,r-a4a2b5d29483817331f1
neuron_model_behavioral_validation,Neuraxis,development_pilot,PILOT2_PROTOCOL,Exploratory development data; second development iteration informed by Pilot 1; not independent confirmation; never pooled with the confirmatory held-out estimate,m-scale_gate_slope-d122bda225,acnet2_pyr_soma,2,P00_canonical,spike_count,exceeds,8.0,6.0,2.0,0.5,r-2526a9bbad7e1faa361e,r-a4a2b5d29483817331f1
neuron_model_behavioral_validation,Neuraxis,development_pilot,PILOT2_PROTOCOL,Exploratory development data; second development iteration informed by Pilot 1; not independent confirmation; never pooled with the confirmatory held-out estimate,m-scale_gate_slope-d122bda225,acnet2_pyr_soma,2,P02_weak_step,steady_state_voltage,exceeds,-66.2136438430786,-69.78647587585448,3.572832032775878,0.5,r-16be743cbc8f0485fd82,r-c108fbd02faa41f1324a
neuron_model_behavioral_validation,Neuraxis,development_pilot,PILOT2_PROTOCOL,Exploratory development data; second development iteration informed by Pilot 1; not independent confirmation; never pooled with the confirmatory held-out estimate,m-scale_gate_slope-d122bda225,acnet2_pyr_soma,2,P03_rheobase,rheobase,exceeds,0.007615600027320539,0.035687453042824946,0.028071853015504408,0.00015231200054641078,s-4f52e2b97721efbbe2d2,s-dbdeb11965351a8c8047
neuron_model_behavioral_validation,Neuraxis,development_pilot,PILOT2_PROTOCOL,Exploratory development data; second development iteration informed by Pilot 1; not independent confirmation; never pooled with the confirmatory held-out estimate,m-scale_gate_slope-d122bda225,acnet2_pyr_soma,2,P04_step_2x,ahp_depth,definedness,-7.016957875569673,,,0.5,r-16be743cbc8f0485fd82,r-c108fbd02faa41f1324a
neuron_model_behavioral_validation,Neuraxis,development_pilot,PILOT2_PROTOCOL,Exploratory development data; second development iteration informed by Pilot 1; not independent confirmation; never pooled with the confirmatory held-out estimate,m-scale_gate_slope-d122bda225,acnet2_pyr_soma,2,P04_step_2x,ap_amplitude,definedness,97.6356582663006,,,1.9613787079151355,r-16be743cbc8f0485fd82,r-c108fbd02faa41f1324a
neuron_model_behavioral_validation,Neuraxis,development_pilot,PILOT2_PROTOCOL,Exploratory development data; second development iteration informed by Pilot 1; not independent confirmation; never pooled with the confirmatory held-out estimate,m-scale_gate_slope-d122bda225,acnet2_pyr_soma,2,P04_step_2x,first_spike_latency,definedness,25.359999999849094,,,0.508199999996981,r-16be743cbc8f0485fd82,r-c108fbd02faa41f1324a
neuron_model_behavioral_validation,Neuraxis,development_pilot,PILOT2_PROTOCOL,Exploratory development data; second development iteration informed by Pilot 1; not independent confirmation; never pooled with the confirmatory held-out estimate,m-scale_gate_slope-d122bda225,acnet2_pyr_soma,2,P04_step_2x,last_isi,definedness,450.1799999995906,,,9.022399999991796,r-16be743cbc8f0485fd82,r-c108fbd02faa41f1324a
neuron_model_behavioral_validation,Neuraxis,development_pilot,PILOT2_PROTOCOL,Exploratory development data; second development iteration informed by Pilot 1; not independent confirmation; never pooled with the confirmatory held-out estimate,m-scale_gate_slope-d122bda225,acnet2_pyr_soma,2,P04_step_2x,spike_count,exceeds,2.0,0.0,2.0,0.5,r-16be743cbc8f0485fd82,r-c108fbd02faa41f1324a
neuron_model_behavioral_validation,Neuraxis,development_pilot,PILOT2_PROTOCOL,Exploratory development data; second development iteration informed by Pilot 1; not independent confirmation; never pooled with the confirmatory held-out estimate,m-scale_gate_slope-d122bda225,acnet2_pyr_soma,2,P05_long_step,adaptation_index,definedness,-8.532786352377084e-06,,,0.01,r-493fa57e11933a720397,r-8dd7401064025a5f2008
neuron_model_behavioral_validation,Neuraxis,development_pilot,PILOT2_PROTOCOL,Exploratory development data; second development iteration informed by Pilot 1; not independent confirmation; never pooled with the confirmatory held-out estimate,m-scale_gate_slope-d122bda225,acnet2_pyr_soma,2,P05_long_step,ahp_depth,definedness,-7.056752797444673,,,0.5,r-493fa57e11933a720397,r-8dd7401064025a5f2008
neuron_model_behavioral_validation,Neuraxis,development_pilot,PILOT2_PROTOCOL,Exploratory development data; second development iteration informed by Pilot 1; not independent confirmation; never pooled with the confirmatory held-out estimate,m-scale_gate_slope-d122bda225,acnet2_pyr_soma,2,P05_long_step,ap_amplitude,definedness,97.55448913585151,,,1.9613629150437824,r-493fa57e11933a720397,r-8dd7401064025a5f2008
neuron_model_behavioral_validation,Neuraxis,development_pilot,PILOT2_PROTOCOL,Exploratory development data; second development iteration informed by Pilot 1; not independent confirmation; never pooled with the confirmatory held-out estimate,m-scale_gate_slope-d122bda225,acnet2_pyr_soma,2,P05_long_step,first_spike_latency,definedness,37.10999999983841,,,0.7433999999967671,r-493fa57e11933a720397,r-8dd7401064025a5f2008
neuron_model_behavioral_validation,Neuraxis,development_pilot,PILOT2_PROTOCOL,Exploratory development data; second development iteration informed by Pilot 1; not independent confirmation; never pooled with the confirmatory held-out estimate,m-scale_gate_slope-d122bda225,acnet2_pyr_soma,2,P05_long_step,last_isi,definedness,585.9700000005014,,,11.737800000011303,r-493fa57e11933a720397,r-8dd7401064025a5f2008
neuron_model_behavioral_validation,Neuraxis,development_pilot,PILOT2_PROTOCOL,Exploratory development data; second development iteration informed by Pilot 1; not independent confirmation; never pooled with the confirmatory held-out estimate,m-scale_gate_slope-d122bda225,acnet2_pyr_soma,2,P05_long_step,spike_count,exceeds,4.0,0.0,4.0,0.5,r-493fa57e11933a720397,r-8dd7401064025a5f2008
neuron_model_behavioral_validation,Neuraxis,development_pilot,PILOT2_PROTOCOL,Exploratory development data; second development iteration informed by Pilot 1; not independent confirmation; never pooled with the confirmatory held-out estimate,m-scale_gate_slope-d122bda225,acnet2_pyr_soma,2,P06_ramp,first_spike_latency,definedness,501.0599999994165,,,10.02279999998833,r-2e3e935d6ecd1df4b94b,r-077aa1d31e703c05d28c
neuron_model_behavioral_validation,Neuraxis,development_pilot,PILOT2_PROTOCOL,Exploratory development data; second development iteration informed by Pilot 1; not independent confirmation; never pooled with the confirmatory held-out estimate,m-scale_gate_slope-d122bda225,acnet2_pyr_soma,2,P06_ramp,spike_count,exceeds,2.0,0.0,2.0,0.5,r-2e3e935d6ecd1df4b94b,r-077aa1d31e703c05d28c
neuron_model_behavioral_validation,Neuraxis,development_pilot,PILOT2_PROTOCOL,Exploratory development data; second development iteration informed by Pilot 1; not independent confirmation; never pooled with the confirmatory held-out estimate,m-scale_gate_slope-d122bda225,acnet2_pyr_soma,2,P07_hyperpolarizing_step,steady_state_voltage,exceeds,-70.81424049987795,-71.82436251983646,1.0101220199585015,0.5,r-16be743cbc8f0485fd82,r-c108fbd02faa41f1324a
neuron_model_behavioral_validation,Neuraxis,development_pilot,PILOT2_PROTOCOL,Exploratory development data; second development iteration informed by Pilot 1; not independent confirmation; never pooled with the confirmatory held-out estimate,m-shift_forward_rate_midpoint-26075274d4,acnet2_pyr_soma,1,P00_canonical,adaptation_index,exceeds,0.08360766405035329,-0.026568783862177505,0.1101764479125308,0.01,r-7ce2d1a0f19cc5d24572,r-096dc4273f8b10fd509b
neuron_model_behavioral_validation,Neuraxis,development_pilot,PILOT2_PROTOCOL,Exploratory development data; second development iteration informed by Pilot 1; not independent confirmation; never pooled with the confirmatory held-out estimate,m-shift_forward_rate_midpoint-26075274d4,acnet2_pyr_soma,1,P00_canonical,ahp_depth,exceeds,-7.047089353288882,0.40819819859105166,7.455287551879934,0.5,r-7ce2d1a0f19cc5d24572,r-096dc4273f8b10fd509b
neuron_model_behavioral_validation,Neuraxis,development_pilot,PILOT2_PROTOCOL,Exploratory development data; second development iteration informed by Pilot 1; not independent confirmation; never pooled with the confirmatory held-out estimate,m-shift_forward_rate_midpoint-26075274d4,acnet2_pyr_soma,1,P00_canonical,ap_amplitude,exceeds,100.04901504481984,97.74502563455034,2.3039894102694944,2.000980300896397,r-7ce2d1a0f19cc5d24572,r-096dc4273f8b10fd509b
neuron_model_behavioral_validation,Neuraxis,development_pilot,PILOT2_PROTOCOL,Exploratory development data; second development iteration informed by Pilot 1; not independent confirmation; never pooled with the confirmatory held-out estimate,m-shift_forward_rate_midpoint-26075274d4,acnet2_pyr_soma,1,P00_canonical,first_spike_latency,exceeds,32.640000000015604,36.29000000001747,3.6500000000018673,0.6528000000003121,r-7ce2d1a0f19cc5d24572,r-096dc4273f8b10fd509b
neuron_model_behavioral_validation,Neuraxis,development_pilot,PILOT2_PROTOCOL,Exploratory development data; second development iteration informed by Pilot 1; not independent confirmation; never pooled with the confirmatory held-out estimate,m-shift_forward_rate_midpoint-26075274d4,acnet2_pyr_soma,1,P00_canonical,spike_count,exceeds,8.0,7.0,1.0,0.5,r-7ce2d1a0f19cc5d24572,r-096dc4273f8b10fd509b
neuron_model_behavioral_validation,Neuraxis,development_pilot,PILOT2_PROTOCOL,Exploratory development data; second development iteration informed by Pilot 1; not independent confirmation; never pooled with the confirmatory held-out estimate,m-shift_forward_rate_midpoint-26075274d4,acnet2_pyr_soma,1,P02_weak_step,steady_state_voltage,exceeds,-66.2136446029663,-65.30295373992912,0.9106908630371748,0.5,r-85c49aecb0e07f4c5069,r-75bc8d3abd4d2f78f95f
neuron_model_behavioral_validation,Neuraxis,development_pilot,PILOT2_PROTOCOL,Exploratory development data; second development iteration informed by Pilot 1; not independent confirmation; never pooled with the confirmatory held-out estimate,m-shift_forward_rate_midpoint-26075274d4,acnet2_pyr_soma,1,P03_rheobase,rheobase,exceeds,0.007615600027320539,0.00560071033399358,0.002014889693326959,0.00015231200054641078,s-f72e8dc74d5f026206e4,s-e926c540e77a67af6004
neuron_model_behavioral_validation,Neuraxis,development_pilot,PILOT2_PROTOCOL,Exploratory development data; second development iteration informed by Pilot 1; not independent confirmation; never pooled with the confirmatory held-out estimate,m-shift_forward_rate_midpoint-26075274d4,acnet2_pyr_soma,1,P04_step_2x,ahp_depth,exceeds,-7.019535802205411,-2.6654319458002504,4.35410385640516,0.5,r-85c49aecb0e07f4c5069,r-75bc8d3abd4d2f78f95f
neuron_model_behavioral_validation,Neuraxis,development_pilot,PILOT2_PROTOCOL,Exploratory development data; second development iteration informed by Pilot 1; not independent confirmation; never pooled with the confirmatory held-out estimate,m-shift_forward_rate_midpoint-26075274d4,acnet2_pyr_soma,1,P04_step_2x,first_spike_latency,exceeds,25.40999999984905,140.82999999974408,115.41999999989503,0.508199999996981,r-85c49aecb0e07f4c5069,r-75bc8d3abd4d2f78f95f
neuron_model_behavioral_validation,Neuraxis,development_pilot,PILOT2_PROTOCOL,Exploratory development data; second development iteration informed by Pilot 1; not independent confirmation; never pooled with the confirmatory held-out estimate,m-shift_forward_rate_midpoint-26075274d4,acnet2_pyr_soma,1,P04_step_2x,last_isi,definedness,451.11999999958977,,,9.022399999991796,r-85c49aecb0e07f4c5069,r-75bc8d3abd4d2f78f95f
neuron_model_behavioral_validation,Neuraxis,development_pilot,PILOT2_PROTOCOL,Exploratory development data; second development iteration informed by Pilot 1; not independent confirmation; never pooled with the confirmatory held-out estimate,m-shift_forward_rate_midpoint-26075274d4,acnet2_pyr_soma,1,P04_step_2x,spike_count,exceeds,2.0,1.0,1.0,0.5,r-85c49aecb0e07f4c5069,r-75bc8d3abd4d2f78f95f
neuron_model_behavioral_validation,Neuraxis,development_pilot,PILOT2_PROTOCOL,Exploratory development data; second development iteration informed by Pilot 1; not independent confirmation; never pooled with the confirmatory held-out estimate,m-shift_forward_rate_midpoint-26075274d4,acnet2_pyr_soma,1,P05_long_step,ahp_depth,exceeds,-7.059071324666348,-2.7075843505858046,4.351486974080544,0.5,r-f6700284baa99a5ef41f,r-604fcd4eb71b0c69defe
neuron_model_behavioral_validation,Neuraxis,development_pilot,PILOT2_PROTOCOL,Exploratory development data; second development iteration informed by Pilot 1; not independent confirmation; never pooled with the confirmatory held-out estimate,m-shift_forward_rate_midpoint-26075274d4,acnet2_pyr_soma,1,P05_long_step,first_spike_latency,exceeds,37.16999999983835,187.43999999970168,150.26999999986333,0.7433999999967671,r-f6700284baa99a5ef41f,r-604fcd4eb71b0c69defe
neuron_model_behavioral_validation,Neuraxis,development_pilot,PILOT2_PROTOCOL,Exploratory development data; second development iteration informed by Pilot 1; not independent confirmation; never pooled with the confirmatory held-out estimate,m-shift_forward_rate_midpoint-26075274d4,acnet2_pyr_soma,1,P05_long_step,last_isi,exceeds,586.8900000005651,447.87000000484295,139.01999999572217,11.737800000011303,r-f6700284baa99a5ef41f,r-604fcd4eb71b0c69defe
neuron_model_behavioral_validation,Neuraxis,development_pilot,PILOT2_PROTOCOL,Exploratory development data; second development iteration informed by Pilot 1; not independent confirmation; never pooled with the confirmatory held-out estimate,m-shift_forward_rate_midpoint-26075274d4,acnet2_pyr_soma,1,P05_long_step,spike_count,exceeds,4.0,5.0,1.0,0.5,r-f6700284baa99a5ef41f,r-604fcd4eb71b0c69defe
neuron_model_behavioral_validation,Neuraxis,development_pilot,PILOT2_PROTOCOL,Exploratory development data; second development iteration informed by Pilot 1; not independent confirmation; never pooled with the confirmatory held-out estimate,m-shift_forward_rate_midpoint-26075274d4,acnet2_pyr_soma,1,P06_ramp,first_spike_latency,exceeds,501.13999999941643,310.26999999959,190.8699999998264,10.02279999998833,r-ee8bcdd517fb72ba8d0c,r-b43f8e84d9ace69d8408
neuron_model_behavioral_validation,Neuraxis,development_pilot,PILOT2_PROTOCOL,Exploratory development data; second development iteration informed by Pilot 1; not independent confirmation; never pooled with the confirmatory held-out estimate,m-shift_forward_rate_midpoint-26075274d4,acnet2_pyr_soma,2,P00_canonical,adaptation_index,exceeds,0.08394194146984126,-0.0265029040532634,0.11044484552310466,0.01,r-2526a9bbad7e1faa361e,r-68815197f2b7b516dd6d
neuron_model_behavioral_validation,Neuraxis,development_pilot,PILOT2_PROTOCOL,Exploratory development data; second development iteration informed by Pilot 1; not independent confirmation; never pooled with the confirmatory held-out estimate,m-shift_forward_rate_midpoint-26075274d4,acnet2_pyr_soma,2,P00_canonical,ahp_depth,exceeds,-7.040942077636629,0.4095996747699644,7.450541752406593,0.5,r-2526a9bbad7e1faa361e,r-68815197f2b7b516dd6d
neuron_model_behavioral_validation,Neuraxis,development_pilot,PILOT2_PROTOCOL,Exploratory development data; second development iteration informed by Pilot 1; not independent confirmation; never pooled with the confirmatory held-out estimate,m-shift_forward_rate_midpoint-26075274d4,acnet2_pyr_soma,2,P00_canonical,ap_amplitude,exceeds,99.87902450527808,97.50362777694752,2.375396728330557,2.000980300896397,r-2526a9bbad7e1faa361e,r-68815197f2b7b516dd6d
neuron_model_behavioral_validation,Neuraxis,development_pilot,PILOT2_PROTOCOL,Exploratory development data; second development iteration informed by Pilot 1; not independent confirmation; never pooled with the confirmatory held-out estimate,m-shift_forward_rate_midpoint-26075274d4,acnet2_pyr_soma,2,P00_canonical,first_spike_latency,exceeds,32.6300000000156,36.260000000017456,3.630000000001857,0.6528000000003121,r-2526a9bbad7e1faa361e,r-68815197f2b7b516dd6d
neuron_model_behavioral_validation,Neuraxis,development_pilot,PILOT2_PROTOCOL,Exploratory development data; second development iteration informed by Pilot 1; not independent confirmation; never pooled with the confirmatory held-out estimate,m-shift_forward_rate_midpoint-26075274d4,acnet2_pyr_soma,2,P00_canonical,spike_count,exceeds,8.0,7.0,1.0,0.5,r-2526a9bbad7e1faa361e,r-68815197f2b7b516dd6d
neuron_model_behavioral_validation,Neuraxis,development_pilot,PILOT2_PROTOCOL,Exploratory development data; second development iteration informed by Pilot 1; not independent confirmation; never pooled with the confirmatory held-out estimate,m-shift_forward_rate_midpoint-26075274d4,acnet2_pyr_soma,2,P02_weak_step,steady_state_voltage,exceeds,-66.2136438430786,-65.30432235107413,0.9093214920044659,0.5,r-16be743cbc8f0485fd82,r-2944d4c33a00e7af9181
neuron_model_behavioral_validation,Neuraxis,development_pilot,PILOT2_PROTOCOL,Exploratory development data; second development iteration informed by Pilot 1; not independent confirmation; never pooled with the confirmatory held-out estimate,m-shift_forward_rate_midpoint-26075274d4,acnet2_pyr_soma,2,P03_rheobase,rheobase,exceeds,0.007615600027320539,0.00560071033399358,0.002014889693326959,0.00015231200054641078,s-4f52e2b97721efbbe2d2,s-8c62d2ea78723a609a6b
neuron_model_behavioral_validation,Neuraxis,development_pilot,PILOT2_PROTOCOL,Exploratory development data; second development iteration informed by Pilot 1; not independent confirmation; never pooled with the confirmatory held-out estimate,m-shift_forward_rate_midpoint-26075274d4,acnet2_pyr_soma,2,P04_step_2x,ahp_depth,exceeds,-7.016957875569673,-2.675203399658045,4.341754475911628,0.5,r-16be743cbc8f0485fd82,r-2944d4c33a00e7af9181
neuron_model_behavioral_validation,Neuraxis,development_pilot,PILOT2_PROTOCOL,Exploratory development data; second development iteration informed by Pilot 1; not independent confirmation; never pooled with the confirmatory held-out estimate,m-shift_forward_rate_midpoint-26075274d4,acnet2_pyr_soma,2,P04_step_2x,first_spike_latency,exceeds,25.359999999849094,139.88999999974493,114.52999999989584,0.508199999996981,r-16be743cbc8f0485fd82,r-2944d4c33a00e7af9181
neuron_model_behavioral_validation,Neuraxis,development_pilot,PILOT2_PROTOCOL,Exploratory development data; second development iteration informed by Pilot 1; not independent confirmation; never pooled with the confirmatory held-out estimate,m-shift_forward_rate_midpoint-26075274d4,acnet2_pyr_soma,2,P04_step_2x,last_isi,definedness,450.1799999995906,,,9.022399999991796,r-16be743cbc8f0485fd82,r-2944d4c33a00e7af9181
neuron_model_behavioral_validation,Neuraxis,development_pilot,PILOT2_PROTOCOL,Exploratory development data; second development iteration informed by Pilot 1; not independent confirmation; never pooled with the confirmatory held-out estimate,m-shift_forward_rate_midpoint-26075274d4,acnet2_pyr_soma,2,P04_step_2x,spike_count,exceeds,2.0,1.0,1.0,0.5,r-16be743cbc8f0485fd82,r-2944d4c33a00e7af9181
neuron_model_behavioral_validation,Neuraxis,development_pilot,PILOT2_PROTOCOL,Exploratory development data; second development iteration informed by Pilot 1; not independent confirmation; never pooled with the confirmatory held-out estimate,m-shift_forward_rate_midpoint-26075274d4,acnet2_pyr_soma,2,P05_long_step,ahp_depth,exceeds,-7.056752797444673,-2.7176380920408576,4.339114705403816,0.5,r-493fa57e11933a720397,r-1ff2b706e63d1424c176
neuron_model_behavioral_validation,Neuraxis,development_pilot,PILOT2_PROTOCOL,Exploratory development data; second development iteration informed by Pilot 1; not independent confirmation; never pooled with the confirmatory held-out estimate,m-shift_forward_rate_midpoint-26075274d4,acnet2_pyr_soma,2,P05_long_step,first_spike_latency,exceeds,37.10999999983841,186.50999999970253,149.39999999986412,0.7433999999967671,r-493fa57e11933a720397,r-1ff2b706e63d1424c176
neuron_model_behavioral_validation,Neuraxis,development_pilot,PILOT2_PROTOCOL,Exploratory development data; second development iteration informed by Pilot 1; not independent confirmation; never pooled with the confirmatory held-out estimate,m-shift_forward_rate_midpoint-26075274d4,acnet2_pyr_soma,2,P05_long_step,last_isi,exceeds,585.9700000005014,447.0900000047516,138.8799999957498,11.737800000011303,r-493fa57e11933a720397,r-1ff2b706e63d1424c176
neuron_model_behavioral_validation,Neuraxis,development_pilot,PILOT2_PROTOCOL,Exploratory development data; second development iteration informed by Pilot 1; not independent confirmation; never pooled with the confirmatory held-out estimate,m-shift_forward_rate_midpoint-26075274d4,acnet2_pyr_soma,2,P05_long_step,spike_count,exceeds,4.0,5.0,1.0,0.5,r-493fa57e11933a720397,r-1ff2b706e63d1424c176
neuron_model_behavioral_validation,Neuraxis,development_pilot,PILOT2_PROTOCOL,Exploratory development data; second development iteration informed by Pilot 1; not independent confirmation; never pooled with the confirmatory held-out estimate,m-shift_forward_rate_midpoint-26075274d4,acnet2_pyr_soma,2,P06_ramp,first_spike_latency,exceeds,501.0599999994165,309.8299999995904,191.22999999982608,10.02279999998833,r-2e3e935d6ecd1df4b94b,r-620f433a146cc1326b72
neuron_model_behavioral_validation,Neuraxis,development_pilot,PILOT2_PROTOCOL,Exploratory development data; second development iteration informed by Pilot 1; not independent confirmation; never pooled with the confirmatory held-out estimate,m-increase_dt-22bc5325eb,acnet2_pyr_soma,1,P00_canonical,last_isi,exceeds,76.88999999993013,78.69999999992848,1.8099999999983538,1.5377999999986025,r-7ce2d1a0f19cc5d24572,r-20a16cb40220e73395e1
neuron_model_behavioral_validation,Neuraxis,development_pilot,PILOT2_PROTOCOL,Exploratory development data; second development iteration informed by Pilot 1; not independent confirmation; never pooled with the confirmatory held-out estimate,m-increase_dt-22bc5325eb,acnet2_pyr_soma,1,P04_step_2x,ap_amplitude,exceeds,98.06893539575677,100.72551345542473,2.6565780596679645,1.9613787079151355,r-85c49aecb0e07f4c5069,r-904f5821acba17dd80b1
neuron_model_behavioral_validation,Neuraxis,development_pilot,PILOT2_PROTOCOL,Exploratory development data; second development iteration informed by Pilot 1; not independent confirmation; never pooled with the confirmatory held-out estimate,m-increase_dt-22bc5325eb,acnet2_pyr_soma,1,P05_long_step,ap_amplitude,exceeds,98.06814575218911,100.58672331923695,2.518577567047842,1.9613629150437824,r-f6700284baa99a5ef41f,r-14d14df1f2952958973c
neuron_model_behavioral_validation,Neuraxis,development_pilot,PILOT2_PROTOCOL,Exploratory development data; second development iteration informed by Pilot 1; not independent confirmation; never pooled with the confirmatory held-out estimate,m-wrong_channel-749374c5d2,acnet2_pyr_soma,1,P00_canonical,adaptation_index,definedness,0.08360766405035329,,,0.01,r-7ce2d1a0f19cc5d24572,r-23972b8c18c24acdc5e7
neuron_model_behavioral_validation,Neuraxis,development_pilot,PILOT2_PROTOCOL,Exploratory development data; second development iteration informed by Pilot 1; not independent confirmation; never pooled with the confirmatory held-out estimate,m-wrong_channel-749374c5d2,acnet2_pyr_soma,1,P00_canonical,ahp_depth,definedness,-7.047089353288882,,,0.5,r-7ce2d1a0f19cc5d24572,r-23972b8c18c24acdc5e7
neuron_model_behavioral_validation,Neuraxis,development_pilot,PILOT2_PROTOCOL,Exploratory development data; second development iteration informed by Pilot 1; not independent confirmation; never pooled with the confirmatory held-out estimate,m-wrong_channel-749374c5d2,acnet2_pyr_soma,1,P00_canonical,ap_amplitude,definedness,100.04901504481984,,,2.000980300896397,r-7ce2d1a0f19cc5d24572,r-23972b8c18c24acdc5e7
neuron_model_behavioral_validation,Neuraxis,development_pilot,PILOT2_PROTOCOL,Exploratory development data; second development iteration informed by Pilot 1; not independent confirmation; never pooled with the confirmatory held-out estimate,m-wrong_channel-749374c5d2,acnet2_pyr_soma,1,P00_canonical,first_spike_latency,definedness,32.640000000015604,,,0.6528000000003121,r-7ce2d1a0f19cc5d24572,r-23972b8c18c24acdc5e7
neuron_model_behavioral_validation,Neuraxis,development_pilot,PILOT2_PROTOCOL,Exploratory development data; second development iteration informed by Pilot 1; not independent confirmation; never pooled with the confirmatory held-out estimate,m-wrong_channel-749374c5d2,acnet2_pyr_soma,1,P00_canonical,last_isi,definedness,76.88999999993013,,,1.5377999999986025,r-7ce2d1a0f19cc5d24572,r-23972b8c18c24acdc5e7
neuron_model_behavioral_validation,Neuraxis,development_pilot,PILOT2_PROTOCOL,Exploratory development data; second development iteration informed by Pilot 1; not independent confirmation; never pooled with the confirmatory held-out estimate,m-wrong_channel-749374c5d2,acnet2_pyr_soma,1,P00_canonical,spike_count,exceeds,8.0,0.0,8.0,0.5,r-7ce2d1a0f19cc5d24572,r-23972b8c18c24acdc5e7
neuron_model_behavioral_validation,Neuraxis,development_pilot,PILOT2_PROTOCOL,Exploratory development data; second development iteration informed by Pilot 1; not independent confirmation; never pooled with the confirmatory held-out estimate,m-wrong_channel-749374c5d2,acnet2_pyr_soma,1,P02_weak_step,steady_state_voltage,exceeds,-66.2136446029663,6.588782474327115,72.80242707729342,0.5,r-85c49aecb0e07f4c5069,r-218ebe9eceb2e14e82be
neuron_model_behavioral_validation,Neuraxis,development_pilot,PILOT2_PROTOCOL,Exploratory development data; second development iteration informed by Pilot 1; not independent confirmation; never pooled with the confirmatory held-out estimate,m-wrong_channel-749374c5d2,acnet2_pyr_soma,1,P03_rheobase,rheobase,definedness,0.007615600027320539,,,0.00015231200054641078,s-f72e8dc74d5f026206e4,s-b7059a18048759ed9469
neuron_model_behavioral_validation,Neuraxis,development_pilot,PILOT2_PROTOCOL,Exploratory development data; second development iteration informed by Pilot 1; not independent confirmation; never pooled with the confirmatory held-out estimate,m-wrong_channel-749374c5d2,acnet2_pyr_soma,1,P04_step_2x,ahp_depth,definedness,-7.019535802205411,,,0.5,r-85c49aecb0e07f4c5069,r-218ebe9eceb2e14e82be
neuron_model_behavioral_validation,Neuraxis,development_pilot,PILOT2_PROTOCOL,Exploratory development data; second development iteration informed by Pilot 1; not independent confirmation; never pooled with the confirmatory held-out estimate,m-wrong_channel-749374c5d2,acnet2_pyr_soma,1,P04_step_2x,ap_amplitude,definedness,98.06893539575677,,,1.9613787079151355,r-85c49aecb0e07f4c5069,r-218ebe9eceb2e14e82be
neuron_model_behavioral_validation,Neuraxis,development_pilot,PILOT2_PROTOCOL,Exploratory development data; second development iteration informed by Pilot 1; not independent confirmation; never pooled with the confirmatory held-out estimate,m-wrong_channel-749374c5d2,acnet2_pyr_soma,1,P04_step_2x,first_spike_latency,definedness,25.40999999984905,,,0.508199999996981,r-85c49aecb0e07f4c5069,r-218ebe9eceb2e14e82be
neuron_model_behavioral_validation,Neuraxis,development_pilot,PILOT2_PROTOCOL,Exploratory development data; second development iteration informed by Pilot 1; not independent confirmation; never pooled with the confirmatory held-out estimate,m-wrong_channel-749374c5d2,acnet2_pyr_soma,1,P04_step_2x,last_isi,definedness,451.11999999958977,,,9.022399999991796,r-85c49aecb0e07f4c5069,r-218ebe9eceb2e14e82be
neuron_model_behavioral_validation,Neuraxis,development_pilot,PILOT2_PROTOCOL,Exploratory development data; second development iteration informed by Pilot 1; not independent confirmation; never pooled with the confirmatory held-out estimate,m-wrong_channel-749374c5d2,acnet2_pyr_soma,1,P04_step_2x,spike_count,exceeds,2.0,0.0,2.0,0.5,r-85c49aecb0e07f4c5069,r-218ebe9eceb2e14e82be
neuron_model_behavioral_validation,Neuraxis,development_pilot,PILOT2_PROTOCOL,Exploratory development data; second development iteration informed by Pilot 1; not independent confirmation; never pooled with the confirmatory held-out estimate,m-wrong_channel-749374c5d2,acnet2_pyr_soma,1,P05_long_step,adaptation_index,definedness,-8.519410542851502e-06,,,0.01,r-f6700284baa99a5ef41f,r-6b028bf12739a797dad1
neuron_model_behavioral_validation,Neuraxis,development_pilot,PILOT2_PROTOCOL,Exploratory development data; second development iteration informed by Pilot 1; not independent confirmation; never pooled with the confirmatory held-out estimate,m-wrong_channel-749374c5d2,acnet2_pyr_soma,1,P05_long_step,ahp_depth,definedness,-7.059071324666348,,,0.5,r-f6700284baa99a5ef41f,r-6b028bf12739a797dad1
neuron_model_behavioral_validation,Neuraxis,development_pilot,PILOT2_PROTOCOL,Exploratory development data; second development iteration informed by Pilot 1; not independent confirmation; never pooled with the confirmatory held-out estimate,m-wrong_channel-749374c5d2,acnet2_pyr_soma,1,P05_long_step,ap_amplitude,definedness,98.06814575218911,,,1.9613629150437824,r-f6700284baa99a5ef41f,r-6b028bf12739a797dad1
neuron_model_behavioral_validation,Neuraxis,development_pilot,PILOT2_PROTOCOL,Exploratory development data; second development iteration informed by Pilot 1; not independent confirmation; never pooled with the confirmatory held-out estimate,m-wrong_channel-749374c5d2,acnet2_pyr_soma,1,P05_long_step,first_spike_latency,definedness,37.16999999983835,,,0.7433999999967671,r-f6700284baa99a5ef41f,r-6b028bf12739a797dad1
neuron_model_behavioral_validation,Neuraxis,development_pilot,PILOT2_PROTOCOL,Exploratory development data; second development iteration informed by Pilot 1; not independent confirmation; never pooled with the confirmatory held-out estimate,m-wrong_channel-749374c5d2,acnet2_pyr_soma,1,P05_long_step,last_isi,definedness,586.8900000005651,,,11.737800000011303,r-f6700284baa99a5ef41f,r-6b028bf12739a797dad1
neuron_model_behavioral_validation,Neuraxis,development_pilot,PILOT2_PROTOCOL,Exploratory development data; second development iteration informed by Pilot 1; not independent confirmation; never pooled with the confirmatory held-out estimate,m-wrong_channel-749374c5d2,acnet2_pyr_soma,1,P05_long_step,spike_count,exceeds,4.0,0.0,4.0,0.5,r-f6700284baa99a5ef41f,r-6b028bf12739a797dad1
neuron_model_behavioral_validation,Neuraxis,development_pilot,PILOT2_PROTOCOL,Exploratory development data; second development iteration informed by Pilot 1; not independent confirmation; never pooled with the confirmatory held-out estimate,m-wrong_channel-749374c5d2,acnet2_pyr_soma,1,P06_ramp,first_spike_latency,definedness,501.13999999941643,,,10.02279999998833,r-ee8bcdd517fb72ba8d0c,r-d44bd463765e16639da5
neuron_model_behavioral_validation,Neuraxis,development_pilot,PILOT2_PROTOCOL,Exploratory development data; second development iteration informed by Pilot 1; not independent confirmation; never pooled with the confirmatory held-out estimate,m-wrong_channel-749374c5d2,acnet2_pyr_soma,1,P06_ramp,spike_count,exceeds,2.0,0.0,2.0,0.5,r-ee8bcdd517fb72ba8d0c,r-d44bd463765e16639da5
neuron_model_behavioral_validation,Neuraxis,development_pilot,PILOT2_PROTOCOL,Exploratory development data; second development iteration informed by Pilot 1; not independent confirmation; never pooled with the confirmatory held-out estimate,m-wrong_channel-749374c5d2,acnet2_pyr_soma,1,P07_hyperpolarizing_step,steady_state_voltage,exceeds,-70.81424023132327,6.584836334228504,77.39907656555177,0.5,r-85c49aecb0e07f4c5069,r-218ebe9eceb2e14e82be
neuron_model_behavioral_validation,Neuraxis,development_pilot,PILOT2_PROTOCOL,Exploratory development data; second development iteration informed by Pilot 1; not independent confirmation; never pooled with the confirmatory held-out estimate,m-wrong_channel-749374c5d2,acnet2_pyr_soma,2,P00_canonical,adaptation_index,definedness,0.08394194146984126,,,0.01,r-2526a9bbad7e1faa361e,r-590a0d1f05013a0d4341
neuron_model_behavioral_validation,Neuraxis,development_pilot,PILOT2_PROTOCOL,Exploratory development data; second development iteration informed by Pilot 1; not independent confirmation; never pooled with the confirmatory held-out estimate,m-wrong_channel-749374c5d2,acnet2_pyr_soma,2,P00_canonical,ahp_depth,definedness,-7.040942077636629,,,0.5,r-2526a9bbad7e1faa361e,r-590a0d1f05013a0d4341
neuron_model_behavioral_validation,Neuraxis,development_pilot,PILOT2_PROTOCOL,Exploratory development data; second development iteration informed by Pilot 1; not independent confirmation; never pooled with the confirmatory held-out estimate,m-wrong_channel-749374c5d2,acnet2_pyr_soma,2,P00_canonical,ap_amplitude,definedness,99.87902450527808,,,2.000980300896397,r-2526a9bbad7e1faa361e,r-590a0d1f05013a0d4341
neuron_model_behavioral_validation,Neuraxis,development_pilot,PILOT2_PROTOCOL,Exploratory development data; second development iteration informed by Pilot 1; not independent confirmation; never pooled with the confirmatory held-out estimate,m-wrong_channel-749374c5d2,acnet2_pyr_soma,2,P00_canonical,first_spike_latency,definedness,32.6300000000156,,,0.6528000000003121,r-2526a9bbad7e1faa361e,r-590a0d1f05013a0d4341
neuron_model_behavioral_validation,Neuraxis,development_pilot,PILOT2_PROTOCOL,Exploratory development data; second development iteration informed by Pilot 1; not independent confirmation; never pooled with the confirmatory held-out estimate,m-wrong_channel-749374c5d2,acnet2_pyr_soma,2,P00_canonical,last_isi,definedness,76.5899999999304,,,1.5377999999986025,r-2526a9bbad7e1faa361e,r-590a0d1f05013a0d4341
neuron_model_behavioral_validation,Neuraxis,development_pilot,PILOT2_PROTOCOL,Exploratory development data; second development iteration informed by Pilot 1; not independent confirmation; never pooled with the confirmatory held-out estimate,m-wrong_channel-749374c5d2,acnet2_pyr_soma,2,P00_canonical,spike_count,exceeds,8.0,0.0,8.0,0.5,r-2526a9bbad7e1faa361e,r-590a0d1f05013a0d4341
neuron_model_behavioral_validation,Neuraxis,development_pilot,PILOT2_PROTOCOL,Exploratory development data; second development iteration informed by Pilot 1; not independent confirmation; never pooled with the confirmatory held-out estimate,m-wrong_channel-749374c5d2,acnet2_pyr_soma,2,P02_weak_step,steady_state_voltage,exceeds,-66.2136438430786,6.588782676696804,72.80242651977541,0.5,r-16be743cbc8f0485fd82,r-bcb915e510f71b7bb39f
neuron_model_behavioral_validation,Neuraxis,development_pilot,PILOT2_PROTOCOL,Exploratory development data; second development iteration informed by Pilot 1; not independent confirmation; never pooled with the confirmatory held-out estimate,m-wrong_channel-749374c5d2,acnet2_pyr_soma,2,P03_rheobase,rheobase,definedness,0.007615600027320539,,,0.00015231200054641078,s-4f52e2b97721efbbe2d2,s-60bf677cbf27506f1f9b
neuron_model_behavioral_validation,Neuraxis,development_pilot,PILOT2_PROTOCOL,Exploratory development data; second development iteration informed by Pilot 1; not independent confirmation; never pooled with the confirmatory held-out estimate,m-wrong_channel-749374c5d2,acnet2_pyr_soma,2,P04_step_2x,ahp_depth,definedness,-7.016957875569673,,,0.5,r-16be743cbc8f0485fd82,r-bcb915e510f71b7bb39f
neuron_model_behavioral_validation,Neuraxis,development_pilot,PILOT2_PROTOCOL,Exploratory development data; second development iteration informed by Pilot 1; not independent confirmation; never pooled with the confirmatory held-out estimate,m-wrong_channel-749374c5d2,acnet2_pyr_soma,2,P04_step_2x,ap_amplitude,definedness,97.6356582663006,,,1.9613787079151355,r-16be743cbc8f0485fd82,r-bcb915e510f71b7bb39f
neuron_model_behavioral_validation,Neuraxis,development_pilot,PILOT2_PROTOCOL,Exploratory development data; second development iteration informed by Pilot 1; not independent confirmation; never pooled with the confirmatory held-out estimate,m-wrong_channel-749374c5d2,acnet2_pyr_soma,2,P04_step_2x,first_spike_latency,definedness,25.359999999849094,,,0.508199999996981,r-16be743cbc8f0485fd82,r-bcb915e510f71b7bb39f
neuron_model_behavioral_validation,Neuraxis,development_pilot,PILOT2_PROTOCOL,Exploratory development data; second development iteration informed by Pilot 1; not independent confirmation; never pooled with the confirmatory held-out estimate,m-wrong_channel-749374c5d2,acnet2_pyr_soma,2,P04_step_2x,last_isi,definedness,450.1799999995906,,,9.022399999991796,r-16be743cbc8f0485fd82,r-bcb915e510f71b7bb39f
neuron_model_behavioral_validation,Neuraxis,development_pilot,PILOT2_PROTOCOL,Exploratory development data; second development iteration informed by Pilot 1; not independent confirmation; never pooled with the confirmatory held-out estimate,m-wrong_channel-749374c5d2,acnet2_pyr_soma,2,P04_step_2x,spike_count,exceeds,2.0,0.0,2.0,0.5,r-16be743cbc8f0485fd82,r-bcb915e510f71b7bb39f
neuron_model_behavioral_validation,Neuraxis,development_pilot,PILOT2_PROTOCOL,Exploratory development data; second development iteration informed by Pilot 1; not independent confirmation; never pooled with the confirmatory held-out estimate,m-wrong_channel-749374c5d2,acnet2_pyr_soma,2,P05_long_step,adaptation_index,definedness,-8.532786352377084e-06,,,0.01,r-493fa57e11933a720397,r-70c9fd891dd611082fb3
neuron_model_behavioral_validation,Neuraxis,development_pilot,PILOT2_PROTOCOL,Exploratory development data; second development iteration informed by Pilot 1; not independent confirmation; never pooled with the confirmatory held-out estimate,m-wrong_channel-749374c5d2,acnet2_pyr_soma,2,P05_long_step,ahp_depth,definedness,-7.056752797444673,,,0.5,r-493fa57e11933a720397,r-70c9fd891dd611082fb3
neuron_model_behavioral_validation,Neuraxis,development_pilot,PILOT2_PROTOCOL,Exploratory development data; second development iteration informed by Pilot 1; not independent confirmation; never pooled with the confirmatory held-out estimate,m-wrong_channel-749374c5d2,acnet2_pyr_soma,2,P05_long_step,ap_amplitude,definedness,97.55448913585151,,,1.9613629150437824,r-493fa57e11933a720397,r-70c9fd891dd611082fb3
neuron_model_behavioral_validation,Neuraxis,development_pilot,PILOT2_PROTOCOL,Exploratory development data; second development iteration informed by Pilot 1; not independent confirmation; never pooled with the confirmatory held-out estimate,m-wrong_channel-749374c5d2,acnet2_pyr_soma,2,P05_long_step,first_spike_latency,definedness,37.10999999983841,,,0.7433999999967671,r-493fa57e11933a720397,r-70c9fd891dd611082fb3
neuron_model_behavioral_validation,Neuraxis,development_pilot,PILOT2_PROTOCOL,Exploratory development data; second development iteration informed by Pilot 1; not independent confirmation; never pooled with the confirmatory held-out estimate,m-wrong_channel-749374c5d2,acnet2_pyr_soma,2,P05_long_step,last_isi,definedness,585.9700000005014,,,11.737800000011303,r-493fa57e11933a720397,r-70c9fd891dd611082fb3
neuron_model_behavioral_validation,Neuraxis,development_pilot,PILOT2_PROTOCOL,Exploratory development data; second development iteration informed by Pilot 1; not independent confirmation; never pooled with the confirmatory held-out estimate,m-wrong_channel-749374c5d2,acnet2_pyr_soma,2,P05_long_step,spike_count,exceeds,4.0,0.0,4.0,0.5,r-493fa57e11933a720397,r-70c9fd891dd611082fb3
neuron_model_behavioral_validation,Neuraxis,development_pilot,PILOT2_PROTOCOL,Exploratory development data; second development iteration informed by Pilot 1; not independent confirmation; never pooled with the confirmatory held-out estimate,m-wrong_channel-749374c5d2,acnet2_pyr_soma,2,P06_ramp,first_spike_latency,definedness,501.0599999994165,,,10.02279999998833,r-2e3e935d6ecd1df4b94b,r-72cd761e5d85a9704f57
neuron_model_behavioral_validation,Neuraxis,development_pilot,PILOT2_PROTOCOL,Exploratory development data; second development iteration informed by Pilot 1; not independent confirmation; never pooled with the confirmatory held-out estimate,m-wrong_channel-749374c5d2,acnet2_pyr_soma,2,P06_ramp,spike_count,exceeds,2.0,0.0,2.0,0.5,r-2e3e935d6ecd1df4b94b,r-72cd761e5d85a9704f57
neuron_model_behavioral_validation,Neuraxis,development_pilot,PILOT2_PROTOCOL,Exploratory development data; second development iteration informed by Pilot 1; not independent confirmation; never pooled with the confirmatory held-out estimate,m-wrong_channel-749374c5d2,acnet2_pyr_soma,2,P07_hyperpolarizing_step,steady_state_voltage,exceeds,-70.81424049987795,6.584836378097521,77.39907687797547,0.5,r-16be743cbc8f0485fd82,r-bcb915e510f71b7bb39f
neuron_model_behavioral_validation,Neuraxis,development_pilot,PILOT2_PROTOCOL,Exploratory development data; second development iteration informed by Pilot 1; not independent confirmation; never pooled with the confirmatory held-out estimate,m-duplicate_conductance-bdd4b1d9e1,acnet2_pyr_soma,1,P00_canonical,adaptation_index,exceeds,0.08360766405035329,0.05605949617069592,0.027548167879657366,0.01,r-7ce2d1a0f19cc5d24572,r-3acc6d26320bf94ac166
neuron_model_behavioral_validation,Neuraxis,development_pilot,PILOT2_PROTOCOL,Exploratory development data; second development iteration informed by Pilot 1; not independent confirmation; never pooled with the confirmatory held-out estimate,m-duplicate_conductance-bdd4b1d9e1,acnet2_pyr_soma,1,P00_canonical,ahp_depth,exceeds,-7.047089353288882,-6.343875743321021,0.703213609967861,0.5,r-7ce2d1a0f19cc5d24572,r-3acc6d26320bf94ac166
neuron_model_behavioral_validation,Neuraxis,development_pilot,PILOT2_PROTOCOL,Exploratory development data; second development iteration informed by Pilot 1; not independent confirmation; never pooled with the confirmatory held-out estimate,m-duplicate_conductance-bdd4b1d9e1,acnet2_pyr_soma,1,P00_canonical,ap_amplitude,exceeds,100.04901504481984,95.11141967739803,4.937595367421807,2.000980300896397,r-7ce2d1a0f19cc5d24572,r-3acc6d26320bf94ac166
neuron_model_behavioral_validation,Neuraxis,development_pilot,PILOT2_PROTOCOL,Exploratory development data; second development iteration informed by Pilot 1; not independent confirmation; never pooled with the confirmatory held-out estimate,m-duplicate_conductance-bdd4b1d9e1,acnet2_pyr_soma,1,P00_canonical,last_isi,exceeds,76.88999999993013,56.749999999948386,20.13999999998174,1.5377999999986025,r-7ce2d1a0f19cc5d24572,r-3acc6d26320bf94ac166
neuron_model_behavioral_validation,Neuraxis,development_pilot,PILOT2_PROTOCOL,Exploratory development data; second development iteration informed by Pilot 1; not independent confirmation; never pooled with the confirmatory held-out estimate,m-duplicate_conductance-bdd4b1d9e1,acnet2_pyr_soma,1,P00_canonical,spike_count,exceeds,8.0,11.0,3.0,0.5,r-7ce2d1a0f19cc5d24572,r-3acc6d26320bf94ac166
neuron_model_behavioral_validation,Neuraxis,development_pilot,PILOT2_PROTOCOL,Exploratory development data; second development iteration informed by Pilot 1; not independent confirmation; never pooled with the confirmatory held-out estimate,m-duplicate_conductance-bdd4b1d9e1,acnet2_pyr_soma,1,P02_weak_step,steady_state_voltage,exceeds,-66.2136446029663,-67.06746202697752,0.8538174240112255,0.5,r-85c49aecb0e07f4c5069,r-3a4614e30cf1c7b265d2
neuron_model_behavioral_validation,Neuraxis,development_pilot,PILOT2_PROTOCOL,Exploratory development data; second development iteration informed by Pilot 1; not independent confirmation; never pooled with the confirmatory held-out estimate,m-duplicate_conductance-bdd4b1d9e1,acnet2_pyr_soma,1,P03_rheobase,rheobase,exceeds,0.007615600027320539,0.016392322928761697,0.008776722901441159,0.00015231200054641078,s-f72e8dc74d5f026206e4,s-7c519fa8cc32d3a812b3
neuron_model_behavioral_validation,Neuraxis,development_pilot,PILOT2_PROTOCOL,Exploratory development data; second development iteration informed by Pilot 1; not independent confirmation; never pooled with the confirmatory held-out estimate,m-duplicate_conductance-bdd4b1d9e1,acnet2_pyr_soma,1,P04_step_2x,ahp_depth,definedness,-7.019535802205411,,,0.5,r-85c49aecb0e07f4c5069,r-3a4614e30cf1c7b265d2
neuron_model_behavioral_validation,Neuraxis,development_pilot,PILOT2_PROTOCOL,Exploratory development data; second development iteration informed by Pilot 1; not independent confirmation; never pooled with the confirmatory held-out estimate,m-duplicate_conductance-bdd4b1d9e1,acnet2_pyr_soma,1,P04_step_2x,ap_amplitude,definedness,98.06893539575677,,,1.9613787079151355,r-85c49aecb0e07f4c5069,r-3a4614e30cf1c7b265d2
neuron_model_behavioral_validation,Neuraxis,development_pilot,PILOT2_PROTOCOL,Exploratory development data; second development iteration informed by Pilot 1; not independent confirmation; never pooled with the confirmatory held-out estimate,m-duplicate_conductance-bdd4b1d9e1,acnet2_pyr_soma,1,P04_step_2x,first_spike_latency,definedness,25.40999999984905,,,0.508199999996981,r-85c49aecb0e07f4c5069,r-3a4614e30cf1c7b265d2
neuron_model_behavioral_validation,Neuraxis,development_pilot,PILOT2_PROTOCOL,Exploratory development data; second development iteration informed by Pilot 1; not independent confirmation; never pooled with the confirmatory held-out estimate,m-duplicate_conductance-bdd4b1d9e1,acnet2_pyr_soma,1,P04_step_2x,last_isi,definedness,451.11999999958977,,,9.022399999991796,r-85c49aecb0e07f4c5069,r-3a4614e30cf1c7b265d2
neuron_model_behavioral_validation,Neuraxis,development_pilot,PILOT2_PROTOCOL,Exploratory development data; second development iteration informed by Pilot 1; not independent confirmation; never pooled with the confirmatory held-out estimate,m-duplicate_conductance-bdd4b1d9e1,acnet2_pyr_soma,1,P04_step_2x,spike_count,exceeds,2.0,0.0,2.0,0.5,r-85c49aecb0e07f4c5069,r-3a4614e30cf1c7b265d2
neuron_model_behavioral_validation,Neuraxis,development_pilot,PILOT2_PROTOCOL,Exploratory development data; second development iteration informed by Pilot 1; not independent confirmation; never pooled with the confirmatory held-out estimate,m-duplicate_conductance-bdd4b1d9e1,acnet2_pyr_soma,1,P05_long_step,adaptation_index,definedness,-8.519410542851502e-06,,,0.01,r-f6700284baa99a5ef41f,r-61ce1168e07b09c9ea20
neuron_model_behavioral_validation,Neuraxis,development_pilot,PILOT2_PROTOCOL,Exploratory development data; second development iteration informed by Pilot 1; not independent confirmation; never pooled with the confirmatory held-out estimate,m-duplicate_conductance-bdd4b1d9e1,acnet2_pyr_soma,1,P05_long_step,ahp_depth,definedness,-7.059071324666348,,,0.5,r-f6700284baa99a5ef41f,r-61ce1168e07b09c9ea20
neuron_model_behavioral_validation,Neuraxis,development_pilot,PILOT2_PROTOCOL,Exploratory development data; second development iteration informed by Pilot 1; not independent confirmation; never pooled with the confirmatory held-out estimate,m-duplicate_conductance-bdd4b1d9e1,acnet2_pyr_soma,1,P05_long_step,ap_amplitude,definedness,98.06814575218911,,,1.9613629150437824,r-f6700284baa99a5ef41f,r-61ce1168e07b09c9ea20
neuron_model_behavioral_validation,Neuraxis,development_pilot,PILOT2_PROTOCOL,Exploratory development data; second development iteration informed by Pilot 1; not independent confirmation; never pooled with the confirmatory held-out estimate,m-duplicate_conductance-bdd4b1d9e1,acnet2_pyr_soma,1,P05_long_step,first_spike_latency,definedness,37.16999999983835,,,0.7433999999967671,r-f6700284baa99a5ef41f,r-61ce1168e07b09c9ea20
neuron_model_behavioral_validation,Neuraxis,development_pilot,PILOT2_PROTOCOL,Exploratory development data; second development iteration informed by Pilot 1; not independent confirmation; never pooled with the confirmatory held-out estimate,m-duplicate_conductance-bdd4b1d9e1,acnet2_pyr_soma,1,P05_long_step,last_isi,definedness,586.8900000005651,,,11.737800000011303,r-f6700284baa99a5ef41f,r-61ce1168e07b09c9ea20
neuron_model_behavioral_validation,Neuraxis,development_pilot,PILOT2_PROTOCOL,Exploratory development data; second development iteration informed by Pilot 1; not independent confirmation; never pooled with the confirmatory held-out estimate,m-duplicate_conductance-bdd4b1d9e1,acnet2_pyr_soma,1,P05_long_step,spike_count,exceeds,4.0,0.0,4.0,0.5,r-f6700284baa99a5ef41f,r-61ce1168e07b09c9ea20
neuron_model_behavioral_validation,Neuraxis,development_pilot,PILOT2_PROTOCOL,Exploratory development data; second development iteration informed by Pilot 1; not independent confirmation; never pooled with the confirmatory held-out estimate,m-duplicate_conductance-bdd4b1d9e1,acnet2_pyr_soma,1,P06_ramp,first_spike_latency,definedness,501.13999999941643,,,10.02279999998833,r-ee8bcdd517fb72ba8d0c,r-475c39f9fc77f29731ef
neuron_model_behavioral_validation,Neuraxis,development_pilot,PILOT2_PROTOCOL,Exploratory development data; second development iteration informed by Pilot 1; not independent confirmation; never pooled with the confirmatory held-out estimate,m-duplicate_conductance-bdd4b1d9e1,acnet2_pyr_soma,1,P06_ramp,spike_count,exceeds,2.0,0.0,2.0,0.5,r-ee8bcdd517fb72ba8d0c,r-475c39f9fc77f29731ef
neuron_model_behavioral_validation,Neuraxis,development_pilot,PILOT2_PROTOCOL,Exploratory development data; second development iteration informed by Pilot 1; not independent confirmation; never pooled with the confirmatory held-out estimate,m-duplicate_conductance-bdd4b1d9e1,acnet2_pyr_soma,2,P00_canonical,adaptation_index,exceeds,0.08394194146984126,0.05590439159657014,0.028037549873271117,0.01,r-2526a9bbad7e1faa361e,r-f8d50c7c971a467b94c0
neuron_model_behavioral_validation,Neuraxis,development_pilot,PILOT2_PROTOCOL,Exploratory development data; second development iteration informed by Pilot 1; not independent confirmation; never pooled with the confirmatory held-out estimate,m-duplicate_conductance-bdd4b1d9e1,acnet2_pyr_soma,2,P00_canonical,ahp_depth,exceeds,-7.040942077636629,-6.338252683367045,0.7026893942695835,0.5,r-2526a9bbad7e1faa361e,r-f8d50c7c971a467b94c0
neuron_model_behavioral_validation,Neuraxis,development_pilot,PILOT2_PROTOCOL,Exploratory development data; second development iteration informed by Pilot 1; not independent confirmation; never pooled with the confirmatory held-out estimate,m-duplicate_conductance-bdd4b1d9e1,acnet2_pyr_soma,2,P00_canonical,ap_amplitude,exceeds,99.87902450527808,94.82928848232277,5.049736022955315,2.000980300896397,r-2526a9bbad7e1faa361e,r-f8d50c7c971a467b94c0
neuron_model_behavioral_validation,Neuraxis,development_pilot,PILOT2_PROTOCOL,Exploratory development data; second development iteration informed by Pilot 1; not independent confirmation; never pooled with the confirmatory held-out estimate,m-duplicate_conductance-bdd4b1d9e1,acnet2_pyr_soma,2,P00_canonical,last_isi,exceeds,76.5899999999304,56.46999999994864,20.119999999981758,1.5377999999986025,r-2526a9bbad7e1faa361e,r-f8d50c7c971a467b94c0
neuron_model_behavioral_validation,Neuraxis,development_pilot,PILOT2_PROTOCOL,Exploratory development data; second development iteration informed by Pilot 1; not independent confirmation; never pooled with the confirmatory held-out estimate,m-duplicate_conductance-bdd4b1d9e1,acnet2_pyr_soma,2,P00_canonical,spike_count,exceeds,8.0,11.0,3.0,0.5,r-2526a9bbad7e1faa361e,r-f8d50c7c971a467b94c0
neuron_model_behavioral_validation,Neuraxis,development_pilot,PILOT2_PROTOCOL,Exploratory development data; second development iteration informed by Pilot 1; not independent confirmation; never pooled with the confirmatory held-out estimate,m-duplicate_conductance-bdd4b1d9e1,acnet2_pyr_soma,2,P02_weak_step,steady_state_voltage,exceeds,-66.2136438430786,-67.06746165771483,0.8538178146362299,0.5,r-16be743cbc8f0485fd82,r-f7d6311036d9f9ccf9db
neuron_model_behavioral_validation,Neuraxis,development_pilot,PILOT2_PROTOCOL,Exploratory development data; second development iteration informed by Pilot 1; not independent confirmation; never pooled with the confirmatory held-out estimate,m-duplicate_conductance-bdd4b1d9e1,acnet2_pyr_soma,2,P03_rheobase,rheobase,exceeds,0.007615600027320539,0.016392322928761697,0.008776722901441159,0.00015231200054641078,s-4f52e2b97721efbbe2d2,s-11cf26b2b8dfa49301c5
neuron_model_behavioral_validation,Neuraxis,development_pilot,PILOT2_PROTOCOL,Exploratory development data; second development iteration informed by Pilot 1; not independent confirmation; never pooled with the confirmatory held-out estimate,m-duplicate_conductance-bdd4b1d9e1,acnet2_pyr_soma,2,P04_step_2x,ahp_depth,definedness,-7.016957875569673,,,0.5,r-16be743cbc8f0485fd82,r-f7d6311036d9f9ccf9db
neuron_model_behavioral_validation,Neuraxis,development_pilot,PILOT2_PROTOCOL,Exploratory development data; second development iteration informed by Pilot 1; not independent confirmation; never pooled with the confirmatory held-out estimate,m-duplicate_conductance-bdd4b1d9e1,acnet2_pyr_soma,2,P04_step_2x,ap_amplitude,definedness,97.6356582663006,,,1.9613787079151355,r-16be743cbc8f0485fd82,r-f7d6311036d9f9ccf9db
neuron_model_behavioral_validation,Neuraxis,development_pilot,PILOT2_PROTOCOL,Exploratory development data; second development iteration informed by Pilot 1; not independent confirmation; never pooled with the confirmatory held-out estimate,m-duplicate_conductance-bdd4b1d9e1,acnet2_pyr_soma,2,P04_step_2x,first_spike_latency,definedness,25.359999999849094,,,0.508199999996981,r-16be743cbc8f0485fd82,r-f7d6311036d9f9ccf9db
neuron_model_behavioral_validation,Neuraxis,development_pilot,PILOT2_PROTOCOL,Exploratory development data; second development iteration informed by Pilot 1; not independent confirmation; never pooled with the confirmatory held-out estimate,m-duplicate_conductance-bdd4b1d9e1,acnet2_pyr_soma,2,P04_step_2x,last_isi,definedness,450.1799999995906,,,9.022399999991796,r-16be743cbc8f0485fd82,r-f7d6311036d9f9ccf9db
neuron_model_behavioral_validation,Neuraxis,development_pilot,PILOT2_PROTOCOL,Exploratory development data; second development iteration informed by Pilot 1; not independent confirmation; never pooled with the confirmatory held-out estimate,m-duplicate_conductance-bdd4b1d9e1,acnet2_pyr_soma,2,P04_step_2x,spike_count,exceeds,2.0,0.0,2.0,0.5,r-16be743cbc8f0485fd82,r-f7d6311036d9f9ccf9db
neuron_model_behavioral_validation,Neuraxis,development_pilot,PILOT2_PROTOCOL,Exploratory development data; second development iteration informed by Pilot 1; not independent confirmation; never pooled with the confirmatory held-out estimate,m-duplicate_conductance-bdd4b1d9e1,acnet2_pyr_soma,2,P05_long_step,adaptation_index,definedness,-8.532786352377084e-06,,,0.01,r-493fa57e11933a720397,r-fc88d2d98d2a41a99a58
neuron_model_behavioral_validation,Neuraxis,development_pilot,PILOT2_PROTOCOL,Exploratory development data; second development iteration informed by Pilot 1; not independent confirmation; never pooled with the confirmatory held-out estimate,m-duplicate_conductance-bdd4b1d9e1,acnet2_pyr_soma,2,P05_long_step,ahp_depth,definedness,-7.056752797444673,,,0.5,r-493fa57e11933a720397,r-fc88d2d98d2a41a99a58
neuron_model_behavioral_validation,Neuraxis,development_pilot,PILOT2_PROTOCOL,Exploratory development data; second development iteration informed by Pilot 1; not independent confirmation; never pooled with the confirmatory held-out estimate,m-duplicate_conductance-bdd4b1d9e1,acnet2_pyr_soma,2,P05_long_step,ap_amplitude,definedness,97.55448913585151,,,1.9613629150437824,r-493fa57e11933a720397,r-fc88d2d98d2a41a99a58
neuron_model_behavioral_validation,Neuraxis,development_pilot,PILOT2_PROTOCOL,Exploratory development data; second development iteration informed by Pilot 1; not independent confirmation; never pooled with the confirmatory held-out estimate,m-duplicate_conductance-bdd4b1d9e1,acnet2_pyr_soma,2,P05_long_step,first_spike_latency,definedness,37.10999999983841,,,0.7433999999967671,r-493fa57e11933a720397,r-fc88d2d98d2a41a99a58
neuron_model_behavioral_validation,Neuraxis,development_pilot,PILOT2_PROTOCOL,Exploratory development data; second development iteration informed by Pilot 1; not independent confirmation; never pooled with the confirmatory held-out estimate,m-duplicate_conductance-bdd4b1d9e1,acnet2_pyr_soma,2,P05_long_step,last_isi,definedness,585.9700000005014,,,11.737800000011303,r-493fa57e11933a720397,r-fc88d2d98d2a41a99a58
neuron_model_behavioral_validation,Neuraxis,development_pilot,PILOT2_PROTOCOL,Exploratory development data; second development iteration informed by Pilot 1; not independent confirmation; never pooled with the confirmatory held-out estimate,m-duplicate_conductance-bdd4b1d9e1,acnet2_pyr_soma,2,P05_long_step,spike_count,exceeds,4.0,0.0,4.0,0.5,r-493fa57e11933a720397,r-fc88d2d98d2a41a99a58
neuron_model_behavioral_validation,Neuraxis,development_pilot,PILOT2_PROTOCOL,Exploratory development data; second development iteration informed by Pilot 1; not independent confirmation; never pooled with the confirmatory held-out estimate,m-duplicate_conductance-bdd4b1d9e1,acnet2_pyr_soma,2,P06_ramp,first_spike_latency,definedness,501.0599999994165,,,10.02279999998833,r-2e3e935d6ecd1df4b94b,r-15c3e69a5a860938b21e
neuron_model_behavioral_validation,Neuraxis,development_pilot,PILOT2_PROTOCOL,Exploratory development data; second development iteration informed by Pilot 1; not independent confirmation; never pooled with the confirmatory held-out estimate,m-duplicate_conductance-bdd4b1d9e1,acnet2_pyr_soma,2,P06_ramp,spike_count,exceeds,2.0,0.0,2.0,0.5,r-2e3e935d6ecd1df4b94b,r-15c3e69a5a860938b21e
neuron_model_behavioral_validation,Neuraxis,development_pilot,PILOT2_PROTOCOL,Exploratory development data; second development iteration informed by Pilot 1; not independent confirmation; never pooled with the confirmatory held-out estimate,m-wrong_compatible_component-a38cf2a7ad,acnet2_pyr_soma,1,P00_canonical,adaptation_index,definedness,0.08360766405035329,,,0.01,r-7ce2d1a0f19cc5d24572,r-09eac888c78ef5db401b
neuron_model_behavioral_validation,Neuraxis,development_pilot,PILOT2_PROTOCOL,Exploratory development data; second development iteration informed by Pilot 1; not independent confirmation; never pooled with the confirmatory held-out estimate,m-wrong_compatible_component-a38cf2a7ad,acnet2_pyr_soma,1,P00_canonical,ahp_depth,exceeds,-7.047089353288882,-2.464311458042701,4.582777895246181,0.5,r-7ce2d1a0f19cc5d24572,r-09eac888c78ef5db401b
neuron_model_behavioral_validation,Neuraxis,development_pilot,PILOT2_PROTOCOL,Exploratory development data; second development iteration informed by Pilot 1; not independent confirmation; never pooled with the confirmatory held-out estimate,m-wrong_compatible_component-a38cf2a7ad,acnet2_pyr_soma,1,P00_canonical,ap_amplitude,exceeds,100.04901504481984,9.62487030012003,90.42414474469982,2.000980300896397,r-7ce2d1a0f19cc5d24572,r-09eac888c78ef5db401b
neuron_model_behavioral_validation,Neuraxis,development_pilot,PILOT2_PROTOCOL,Exploratory development data; second development iteration informed by Pilot 1; not independent confirmation; never pooled with the confirmatory held-out estimate,m-wrong_compatible_component-a38cf2a7ad,acnet2_pyr_soma,1,P00_canonical,first_spike_latency,exceeds,32.640000000015604,36.56000000001761,3.9200000000020054,0.6528000000003121,r-7ce2d1a0f19cc5d24572,r-09eac888c78ef5db401b
neuron_model_behavioral_validation,Neuraxis,development_pilot,PILOT2_PROTOCOL,Exploratory development data; second development iteration informed by Pilot 1; not independent confirmation; never pooled with the confirmatory held-out estimate,m-wrong_compatible_component-a38cf2a7ad,acnet2_pyr_soma,1,P00_canonical,last_isi,definedness,76.88999999993013,,,1.5377999999986025,r-7ce2d1a0f19cc5d24572,r-09eac888c78ef5db401b
neuron_model_behavioral_validation,Neuraxis,development_pilot,PILOT2_PROTOCOL,Exploratory development data; second development iteration informed by Pilot 1; not independent confirmation; never pooled with the confirmatory held-out estimate,m-wrong_compatible_component-a38cf2a7ad,acnet2_pyr_soma,1,P00_canonical,spike_count,exceeds,8.0,1.0,7.0,0.5,r-7ce2d1a0f19cc5d24572,r-09eac888c78ef5db401b
neuron_model_behavioral_validation,Neuraxis,development_pilot,PILOT2_PROTOCOL,Exploratory development data; second development iteration informed by Pilot 1; not independent confirmation; never pooled with the confirmatory held-out estimate,m-wrong_compatible_component-a38cf2a7ad,acnet2_pyr_soma,1,P02_weak_step,steady_state_voltage,exceeds,-66.2136446029663,-72.54793266448974,6.334288061523438,0.5,r-85c49aecb0e07f4c5069,r-f06a9b613e7652b70659
neuron_model_behavioral_validation,Neuraxis,development_pilot,PILOT2_PROTOCOL,Exploratory development data; second development iteration informed by Pilot 1; not independent confirmation; never pooled with the confirmatory held-out estimate,m-wrong_compatible_component-a38cf2a7ad,acnet2_pyr_soma,1,P03_rheobase,rheobase,exceeds,0.007615600027320539,0.08196161464380848,0.07434601461648795,0.00015231200054641078,s-f72e8dc74d5f026206e4,s-cd5de485ab64bb7638f9
neuron_model_behavioral_validation,Neuraxis,development_pilot,PILOT2_PROTOCOL,Exploratory development data; second development iteration informed by Pilot 1; not independent confirmation; never pooled with the confirmatory held-out estimate,m-wrong_compatible_component-a38cf2a7ad,acnet2_pyr_soma,1,P04_step_2x,ahp_depth,definedness,-7.019535802205411,,,0.5,r-85c49aecb0e07f4c5069,r-f06a9b613e7652b70659
neuron_model_behavioral_validation,Neuraxis,development_pilot,PILOT2_PROTOCOL,Exploratory development data; second development iteration informed by Pilot 1; not independent confirmation; never pooled with the confirmatory held-out estimate,m-wrong_compatible_component-a38cf2a7ad,acnet2_pyr_soma,1,P04_step_2x,ap_amplitude,definedness,98.06893539575677,,,1.9613787079151355,r-85c49aecb0e07f4c5069,r-f06a9b613e7652b70659
neuron_model_behavioral_validation,Neuraxis,development_pilot,PILOT2_PROTOCOL,Exploratory development data; second development iteration informed by Pilot 1; not independent confirmation; never pooled with the confirmatory held-out estimate,m-wrong_compatible_component-a38cf2a7ad,acnet2_pyr_soma,1,P04_step_2x,first_spike_latency,definedness,25.40999999984905,,,0.508199999996981,r-85c49aecb0e07f4c5069,r-f06a9b613e7652b70659
neuron_model_behavioral_validation,Neuraxis,development_pilot,PILOT2_PROTOCOL,Exploratory development data; second development iteration informed by Pilot 1; not independent confirmation; never pooled with the confirmatory held-out estimate,m-wrong_compatible_component-a38cf2a7ad,acnet2_pyr_soma,1,P04_step_2x,last_isi,definedness,451.11999999958977,,,9.022399999991796,r-85c49aecb0e07f4c5069,r-f06a9b613e7652b70659
neuron_model_behavioral_validation,Neuraxis,development_pilot,PILOT2_PROTOCOL,Exploratory development data; second development iteration informed by Pilot 1; not independent confirmation; never pooled with the confirmatory held-out estimate,m-wrong_compatible_component-a38cf2a7ad,acnet2_pyr_soma,1,P04_step_2x,spike_count,exceeds,2.0,0.0,2.0,0.5,r-85c49aecb0e07f4c5069,r-f06a9b613e7652b70659
neuron_model_behavioral_validation,Neuraxis,development_pilot,PILOT2_PROTOCOL,Exploratory development data; second development iteration informed by Pilot 1; not independent confirmation; never pooled with the confirmatory held-out estimate,m-wrong_compatible_component-a38cf2a7ad,acnet2_pyr_soma,1,P05_long_step,adaptation_index,definedness,-8.519410542851502e-06,,,0.01,r-f6700284baa99a5ef41f,r-fc9c0ae7a45abe0f210d
neuron_model_behavioral_validation,Neuraxis,development_pilot,PILOT2_PROTOCOL,Exploratory development data; second development iteration informed by Pilot 1; not independent confirmation; never pooled with the confirmatory held-out estimate,m-wrong_compatible_component-a38cf2a7ad,acnet2_pyr_soma,1,P05_long_step,ahp_depth,definedness,-7.059071324666348,,,0.5,r-f6700284baa99a5ef41f,r-fc9c0ae7a45abe0f210d
neuron_model_behavioral_validation,Neuraxis,development_pilot,PILOT2_PROTOCOL,Exploratory development data; second development iteration informed by Pilot 1; not independent confirmation; never pooled with the confirmatory held-out estimate,m-wrong_compatible_component-a38cf2a7ad,acnet2_pyr_soma,1,P05_long_step,ap_amplitude,definedness,98.06814575218911,,,1.9613629150437824,r-f6700284baa99a5ef41f,r-fc9c0ae7a45abe0f210d
neuron_model_behavioral_validation,Neuraxis,development_pilot,PILOT2_PROTOCOL,Exploratory development data; second development iteration informed by Pilot 1; not independent confirmation; never pooled with the confirmatory held-out estimate,m-wrong_compatible_component-a38cf2a7ad,acnet2_pyr_soma,1,P05_long_step,first_spike_latency,definedness,37.16999999983835,,,0.7433999999967671,r-f6700284baa99a5ef41f,r-fc9c0ae7a45abe0f210d
neuron_model_behavioral_validation,Neuraxis,development_pilot,PILOT2_PROTOCOL,Exploratory development data; second development iteration informed by Pilot 1; not independent confirmation; never pooled with the confirmatory held-out estimate,m-wrong_compatible_component-a38cf2a7ad,acnet2_pyr_soma,1,P05_long_step,last_isi,definedness,586.8900000005651,,,11.737800000011303,r-f6700284baa99a5ef41f,r-fc9c0ae7a45abe0f210d
neuron_model_behavioral_validation,Neuraxis,development_pilot,PILOT2_PROTOCOL,Exploratory development data; second development iteration informed by Pilot 1; not independent confirmation; never pooled with the confirmatory held-out estimate,m-wrong_compatible_component-a38cf2a7ad,acnet2_pyr_soma,1,P05_long_step,spike_count,exceeds,4.0,0.0,4.0,0.5,r-f6700284baa99a5ef41f,r-fc9c0ae7a45abe0f210d
neuron_model_behavioral_validation,Neuraxis,development_pilot,PILOT2_PROTOCOL,Exploratory development data; second development iteration informed by Pilot 1; not independent confirmation; never pooled with the confirmatory held-out estimate,m-wrong_compatible_component-a38cf2a7ad,acnet2_pyr_soma,1,P06_ramp,first_spike_latency,definedness,501.13999999941643,,,10.02279999998833,r-ee8bcdd517fb72ba8d0c,r-71e70060823d34949d11
neuron_model_behavioral_validation,Neuraxis,development_pilot,PILOT2_PROTOCOL,Exploratory development data; second development iteration informed by Pilot 1; not independent confirmation; never pooled with the confirmatory held-out estimate,m-wrong_compatible_component-a38cf2a7ad,acnet2_pyr_soma,1,P06_ramp,spike_count,exceeds,2.0,0.0,2.0,0.5,r-ee8bcdd517fb72ba8d0c,r-71e70060823d34949d11
neuron_model_behavioral_validation,Neuraxis,development_pilot,PILOT2_PROTOCOL,Exploratory development data; second development iteration informed by Pilot 1; not independent confirmation; never pooled with the confirmatory held-out estimate,m-wrong_compatible_component-a38cf2a7ad,acnet2_pyr_soma,1,P07_hyperpolarizing_step,steady_state_voltage,exceeds,-70.81424023132327,-73.78377530975344,2.9695350784301695,0.5,r-85c49aecb0e07f4c5069,r-f06a9b613e7652b70659
neuron_model_behavioral_validation,Neuraxis,development_pilot,PILOT2_PROTOCOL,Exploratory development data; second development iteration informed by Pilot 1; not independent confirmation; never pooled with the confirmatory held-out estimate,m-wrong_compatible_component-a38cf2a7ad,acnet2_pyr_soma,2,P00_canonical,adaptation_index,definedness,0.08394194146984126,,,0.01,r-2526a9bbad7e1faa361e,r-de05b67705f380a9ce94
neuron_model_behavioral_validation,Neuraxis,development_pilot,PILOT2_PROTOCOL,Exploratory development data; second development iteration informed by Pilot 1; not independent confirmation; never pooled with the confirmatory held-out estimate,m-wrong_compatible_component-a38cf2a7ad,acnet2_pyr_soma,2,P00_canonical,ahp_depth,exceeds,-7.040942077636629,-2.464228036063062,4.576714041573567,0.5,r-2526a9bbad7e1faa361e,r-de05b67705f380a9ce94
neuron_model_behavioral_validation,Neuraxis,development_pilot,PILOT2_PROTOCOL,Exploratory development data; second development iteration informed by Pilot 1; not independent confirmation; never pooled with the confirmatory held-out estimate,m-wrong_compatible_component-a38cf2a7ad,acnet2_pyr_soma,2,P00_canonical,ap_amplitude,exceeds,99.87902450527808,9.554019927803616,90.32500457747446,2.000980300896397,r-2526a9bbad7e1faa361e,r-de05b67705f380a9ce94
neuron_model_behavioral_validation,Neuraxis,development_pilot,PILOT2_PROTOCOL,Exploratory development data; second development iteration informed by Pilot 1; not independent confirmation; never pooled with the confirmatory held-out estimate,m-wrong_compatible_component-a38cf2a7ad,acnet2_pyr_soma,2,P00_canonical,first_spike_latency,exceeds,32.6300000000156,36.550000000017604,3.9200000000020054,0.6528000000003121,r-2526a9bbad7e1faa361e,r-de05b67705f380a9ce94
neuron_model_behavioral_validation,Neuraxis,development_pilot,PILOT2_PROTOCOL,Exploratory development data; second development iteration informed by Pilot 1; not independent confirmation; never pooled with the confirmatory held-out estimate,m-wrong_compatible_component-a38cf2a7ad,acnet2_pyr_soma,2,P00_canonical,last_isi,definedness,76.5899999999304,,,1.5377999999986025,r-2526a9bbad7e1faa361e,r-de05b67705f380a9ce94
neuron_model_behavioral_validation,Neuraxis,development_pilot,PILOT2_PROTOCOL,Exploratory development data; second development iteration informed by Pilot 1; not independent confirmation; never pooled with the confirmatory held-out estimate,m-wrong_compatible_component-a38cf2a7ad,acnet2_pyr_soma,2,P00_canonical,spike_count,exceeds,8.0,1.0,7.0,0.5,r-2526a9bbad7e1faa361e,r-de05b67705f380a9ce94
neuron_model_behavioral_validation,Neuraxis,development_pilot,PILOT2_PROTOCOL,Exploratory development data; second development iteration informed by Pilot 1; not independent confirmation; never pooled with the confirmatory held-out estimate,m-wrong_compatible_component-a38cf2a7ad,acnet2_pyr_soma,2,P02_weak_step,steady_state_voltage,exceeds,-66.2136438430786,-72.54793255920409,6.334288716125485,0.5,r-16be743cbc8f0485fd82,r-284d8f17504a46d0f1bd
neuron_model_behavioral_validation,Neuraxis,development_pilot,PILOT2_PROTOCOL,Exploratory development data; second development iteration informed by Pilot 1; not independent confirmation; never pooled with the confirmatory held-out estimate,m-wrong_compatible_component-a38cf2a7ad,acnet2_pyr_soma,2,P03_rheobase,rheobase,exceeds,0.007615600027320539,0.08196161464380848,0.07434601461648795,0.00015231200054641078,s-4f52e2b97721efbbe2d2,s-fe8f72fb4480ceb857f1
neuron_model_behavioral_validation,Neuraxis,development_pilot,PILOT2_PROTOCOL,Exploratory development data; second development iteration informed by Pilot 1; not independent confirmation; never pooled with the confirmatory held-out estimate,m-wrong_compatible_component-a38cf2a7ad,acnet2_pyr_soma,2,P04_step_2x,ahp_depth,definedness,-7.016957875569673,,,0.5,r-16be743cbc8f0485fd82,r-284d8f17504a46d0f1bd
neuron_model_behavioral_validation,Neuraxis,development_pilot,PILOT2_PROTOCOL,Exploratory development data; second development iteration informed by Pilot 1; not independent confirmation; never pooled with the confirmatory held-out estimate,m-wrong_compatible_component-a38cf2a7ad,acnet2_pyr_soma,2,P04_step_2x,ap_amplitude,definedness,97.6356582663006,,,1.9613787079151355,r-16be743cbc8f0485fd82,r-284d8f17504a46d0f1bd
neuron_model_behavioral_validation,Neuraxis,development_pilot,PILOT2_PROTOCOL,Exploratory development data; second development iteration informed by Pilot 1; not independent confirmation; never pooled with the confirmatory held-out estimate,m-wrong_compatible_component-a38cf2a7ad,acnet2_pyr_soma,2,P04_step_2x,first_spike_latency,definedness,25.359999999849094,,,0.508199999996981,r-16be743cbc8f0485fd82,r-284d8f17504a46d0f1bd
neuron_model_behavioral_validation,Neuraxis,development_pilot,PILOT2_PROTOCOL,Exploratory development data; second development iteration informed by Pilot 1; not independent confirmation; never pooled with the confirmatory held-out estimate,m-wrong_compatible_component-a38cf2a7ad,acnet2_pyr_soma,2,P04_step_2x,last_isi,definedness,450.1799999995906,,,9.022399999991796,r-16be743cbc8f0485fd82,r-284d8f17504a46d0f1bd
neuron_model_behavioral_validation,Neuraxis,development_pilot,PILOT2_PROTOCOL,Exploratory development data; second development iteration informed by Pilot 1; not independent confirmation; never pooled with the confirmatory held-out estimate,m-wrong_compatible_component-a38cf2a7ad,acnet2_pyr_soma,2,P04_step_2x,spike_count,exceeds,2.0,0.0,2.0,0.5,r-16be743cbc8f0485fd82,r-284d8f17504a46d0f1bd
neuron_model_behavioral_validation,Neuraxis,development_pilot,PILOT2_PROTOCOL,Exploratory development data; second development iteration informed by Pilot 1; not independent confirmation; never pooled with the confirmatory held-out estimate,m-wrong_compatible_component-a38cf2a7ad,acnet2_pyr_soma,2,P05_long_step,adaptation_index,definedness,-8.532786352377084e-06,,,0.01,r-493fa57e11933a720397,r-0dc46095b2e0f4e44b62
neuron_model_behavioral_validation,Neuraxis,development_pilot,PILOT2_PROTOCOL,Exploratory development data; second development iteration informed by Pilot 1; not independent confirmation; never pooled with the confirmatory held-out estimate,m-wrong_compatible_component-a38cf2a7ad,acnet2_pyr_soma,2,P05_long_step,ahp_depth,definedness,-7.056752797444673,,,0.5,r-493fa57e11933a720397,r-0dc46095b2e0f4e44b62
neuron_model_behavioral_validation,Neuraxis,development_pilot,PILOT2_PROTOCOL,Exploratory development data; second development iteration informed by Pilot 1; not independent confirmation; never pooled with the confirmatory held-out estimate,m-wrong_compatible_component-a38cf2a7ad,acnet2_pyr_soma,2,P05_long_step,ap_amplitude,definedness,97.55448913585151,,,1.9613629150437824,r-493fa57e11933a720397,r-0dc46095b2e0f4e44b62
neuron_model_behavioral_validation,Neuraxis,development_pilot,PILOT2_PROTOCOL,Exploratory development data; second development iteration informed by Pilot 1; not independent confirmation; never pooled with the confirmatory held-out estimate,m-wrong_compatible_component-a38cf2a7ad,acnet2_pyr_soma,2,P05_long_step,first_spike_latency,definedness,37.10999999983841,,,0.7433999999967671,r-493fa57e11933a720397,r-0dc46095b2e0f4e44b62
neuron_model_behavioral_validation,Neuraxis,development_pilot,PILOT2_PROTOCOL,Exploratory development data; second development iteration informed by Pilot 1; not independent confirmation; never pooled with the confirmatory held-out estimate,m-wrong_compatible_component-a38cf2a7ad,acnet2_pyr_soma,2,P05_long_step,last_isi,definedness,585.9700000005014,,,11.737800000011303,r-493fa57e11933a720397,r-0dc46095b2e0f4e44b62
neuron_model_behavioral_validation,Neuraxis,development_pilot,PILOT2_PROTOCOL,Exploratory development data; second development iteration informed by Pilot 1; not independent confirmation; never pooled with the confirmatory held-out estimate,m-wrong_compatible_component-a38cf2a7ad,acnet2_pyr_soma,2,P05_long_step,spike_count,exceeds,4.0,0.0,4.0,0.5,r-493fa57e11933a720397,r-0dc46095b2e0f4e44b62
neuron_model_behavioral_validation,Neuraxis,development_pilot,PILOT2_PROTOCOL,Exploratory development data; second development iteration informed by Pilot 1; not independent confirmation; never pooled with the confirmatory held-out estimate,m-wrong_compatible_component-a38cf2a7ad,acnet2_pyr_soma,2,P06_ramp,first_spike_latency,definedness,501.0599999994165,,,10.02279999998833,r-2e3e935d6ecd1df4b94b,r-6f260b17e121575d2217
neuron_model_behavioral_validation,Neuraxis,development_pilot,PILOT2_PROTOCOL,Exploratory development data; second development iteration informed by Pilot 1; not independent confirmation; never pooled with the confirmatory held-out estimate,m-wrong_compatible_component-a38cf2a7ad,acnet2_pyr_soma,2,P06_ramp,spike_count,exceeds,2.0,0.0,2.0,0.5,r-2e3e935d6ecd1df4b94b,r-6f260b17e121575d2217
neuron_model_behavioral_validation,Neuraxis,development_pilot,PILOT2_PROTOCOL,Exploratory development data; second development iteration informed by Pilot 1; not independent confirmation; never pooled with the confirmatory held-out estimate,m-wrong_compatible_component-a38cf2a7ad,acnet2_pyr_soma,2,P07_hyperpolarizing_step,steady_state_voltage,exceeds,-70.81424049987795,-73.78377554016116,2.969535040283205,0.5,r-16be743cbc8f0485fd82,r-284d8f17504a46d0f1bd
neuron_model_behavioral_validation,Neuraxis,development_pilot,PILOT2_PROTOCOL,Exploratory development data; second development iteration informed by Pilot 1; not independent confirmation; never pooled with the confirmatory held-out estimate,m-scale_conductance-0fd04dc708,migliore2014_mt_soma,1,P03_rheobase,rheobase,exceeds,0.024690936411447307,0.024110374974386995,0.0005805614370603118,0.0004938187282289461,s-41b22c8fa120e2b12315,s-7dffc68ff96c9f32dc71
neuron_model_behavioral_validation,Neuraxis,development_pilot,PILOT2_PROTOCOL,Exploratory development data; second development iteration informed by Pilot 1; not independent confirmation; never pooled with the confirmatory held-out estimate,m-scale_conductance-0fd04dc708,migliore2014_mt_soma,1,P05_long_step,first_spike_latency,exceeds,27.809999999846866,27.07999999984753,0.7299999999993361,0.5561999999969374,r-2e016fe90119b688bc84,r-4c74079ffc39bebf36f3
neuron_model_behavioral_validation,Neuraxis,development_pilot,PILOT2_PROTOCOL,Exploratory development data; second development iteration informed by Pilot 1; not independent confirmation; never pooled with the confirmatory held-out estimate,m-scale_conductance-0fd04dc708,migliore2014_mt_soma,1,P05_long_step,last_isi,exceeds,112.64000000245869,109.88000000239845,2.760000000060245,2.2528000000491737,r-2e016fe90119b688bc84,r-4c74079ffc39bebf36f3
neuron_model_behavioral_validation,Neuraxis,development_pilot,PILOT2_PROTOCOL,Exploratory development data; second development iteration informed by Pilot 1; not independent confirmation; never pooled with the confirmatory held-out estimate,m-scale_conductance-0fd04dc708,migliore2014_mt_soma,1,P06_ramp,first_spike_latency,exceeds,400.72999999950775,391.7799999995159,8.94999999999186,8.014599999990155,r-0cd5f319bb80295395e1,r-6a9621571e31cb7ca7ac
neuron_model_behavioral_validation,Neuraxis,development_pilot,PILOT2_PROTOCOL,Exploratory development data; second development iteration informed by Pilot 1; not independent confirmation; never pooled with the confirmatory held-out estimate,m-scale_conductance-0fd04dc708,migliore2014_mt_soma,2,P03_rheobase,rheobase,exceeds,0.024690936411447307,0.024110374974386995,0.0005805614370603118,0.0004938187282289461,s-2231bc09093d4c365d9c,s-a86824677274f91b4af5
neuron_model_behavioral_validation,Neuraxis,development_pilot,PILOT2_PROTOCOL,Exploratory development data; second development iteration informed by Pilot 1; not independent confirmation; never pooled with the confirmatory held-out estimate,m-scale_conductance-0fd04dc708,migliore2014_mt_soma,2,P05_long_step,first_spike_latency,exceeds,27.769999999846902,27.039999999847566,0.7299999999993361,0.5561999999969374,r-002bf860824963a1f621,r-1256a4c965bdb3694c5e
neuron_model_behavioral_validation,Neuraxis,development_pilot,PILOT2_PROTOCOL,Exploratory development data; second development iteration informed by Pilot 1; not independent confirmation; never pooled with the confirmatory held-out estimate,m-scale_conductance-0fd04dc708,migliore2014_mt_soma,2,P05_long_step,last_isi,exceeds,112.62000000245826,109.86000000239801,2.760000000060245,2.2528000000491737,r-002bf860824963a1f621,r-1256a4c965bdb3694c5e
neuron_model_behavioral_validation,Neuraxis,development_pilot,PILOT2_PROTOCOL,Exploratory development data; second development iteration informed by Pilot 1; not independent confirmation; never pooled with the confirmatory held-out estimate,m-scale_conductance-0fd04dc708,migliore2014_mt_soma,2,P06_ramp,first_spike_latency,exceeds,400.6799999995078,391.72999999951594,8.94999999999186,8.014599999990155,r-046a6f9c0b3cbbc75058,r-a67cbe4e8a292617f99b
neuron_model_behavioral_validation,Neuraxis,development_pilot,PILOT2_PROTOCOL,Exploratory development data; second development iteration informed by Pilot 1; not independent confirmation; never pooled with the confirmatory held-out estimate,m-scale_conductance-a9d05675ab,migliore2014_mt_soma,1,P03_rheobase,rheobase,exceeds,0.024690936411447307,0.023222457482412404,0.0014684789290349033,0.0004938187282289461,s-41b22c8fa120e2b12315,s-8f9915357200910cd610
neuron_model_behavioral_validation,Neuraxis,development_pilot,PILOT2_PROTOCOL,Exploratory development data; second development iteration informed by Pilot 1; not independent confirmation; never pooled with the confirmatory held-out estimate,m-scale_conductance-a9d05675ab,migliore2014_mt_soma,1,P04_step_2x,last_isi,exceeds,79.52999999992767,76.46999999993045,3.059999999997217,1.5905999999985534,r-007bacc26e9c06940666,r-a57600213a0c33d371cd
neuron_model_behavioral_validation,Neuraxis,development_pilot,PILOT2_PROTOCOL,Exploratory development data; second development iteration informed by Pilot 1; not independent confirmation; never pooled with the confirmatory held-out estimate,m-scale_conductance-a9d05675ab,migliore2014_mt_soma,1,P05_long_step,first_spike_latency,exceeds,27.809999999846866,26.779999999847803,1.0299999999990632,0.5561999999969374,r-2e016fe90119b688bc84,r-a2e2a0961c627f676847
neuron_model_behavioral_validation,Neuraxis,development_pilot,PILOT2_PROTOCOL,Exploratory development data; second development iteration informed by Pilot 1; not independent confirmation; never pooled with the confirmatory held-out estimate,m-scale_conductance-a9d05675ab,migliore2014_mt_soma,1,P05_long_step,last_isi,exceeds,112.64000000245869,104.30000000227665,8.340000000182044,2.2528000000491737,r-2e016fe90119b688bc84,r-a2e2a0961c627f676847
neuron_model_behavioral_validation,Neuraxis,development_pilot,PILOT2_PROTOCOL,Exploratory development data; second development iteration informed by Pilot 1; not independent confirmation; never pooled with the confirmatory held-out estimate,m-scale_conductance-a9d05675ab,migliore2014_mt_soma,1,P05_long_step,spike_count,exceeds,19.0,20.0,1.0,0.5,r-2e016fe90119b688bc84,r-a2e2a0961c627f676847
neuron_model_behavioral_validation,Neuraxis,development_pilot,PILOT2_PROTOCOL,Exploratory development data; second development iteration informed by Pilot 1; not independent confirmation; never pooled with the confirmatory held-out estimate,m-scale_conductance-a9d05675ab,migliore2014_mt_soma,1,P06_ramp,first_spike_latency,exceeds,400.72999999950775,380.1099999995265,20.619999999981246,8.014599999990155,r-0cd5f319bb80295395e1,r-8b8b64a9718ec383a1be
neuron_model_behavioral_validation,Neuraxis,development_pilot,PILOT2_PROTOCOL,Exploratory development data; second development iteration informed by Pilot 1; not independent confirmation; never pooled with the confirmatory held-out estimate,m-scale_conductance-a9d05675ab,migliore2014_mt_soma,1,P07_hyperpolarizing_step,steady_state_voltage,exceeds,-81.01395223693858,-83.01469571838389,2.000743481445312,0.5,r-007bacc26e9c06940666,r-a57600213a0c33d371cd
neuron_model_behavioral_validation,Neuraxis,development_pilot,PILOT2_PROTOCOL,Exploratory development data; second development iteration informed by Pilot 1; not independent confirmation; never pooled with the confirmatory held-out estimate,m-scale_conductance-a9d05675ab,migliore2014_mt_soma,2,P03_rheobase,rheobase,exceeds,0.024690936411447307,0.023222457482412404,0.0014684789290349033,0.0004938187282289461,s-2231bc09093d4c365d9c,s-d8ac7e19d98ab3e2db34
neuron_model_behavioral_validation,Neuraxis,development_pilot,PILOT2_PROTOCOL,Exploratory development data; second development iteration informed by Pilot 1; not independent confirmation; never pooled with the confirmatory held-out estimate,m-scale_conductance-a9d05675ab,migliore2014_mt_soma,2,P04_step_2x,last_isi,exceeds,79.51999999992768,76.45999999993046,3.059999999997217,1.5905999999985534,r-0241c17b5ff2297d2a17,r-bf97f08b1ee66e7453d7
neuron_model_behavioral_validation,Neuraxis,development_pilot,PILOT2_PROTOCOL,Exploratory development data; second development iteration informed by Pilot 1; not independent confirmation; never pooled with the confirmatory held-out estimate,m-scale_conductance-a9d05675ab,migliore2014_mt_soma,2,P05_long_step,first_spike_latency,exceeds,27.769999999846902,26.74999999984783,1.0199999999990723,0.5561999999969374,r-002bf860824963a1f621,r-b1bcd74f42bbeaf05dd0
neuron_model_behavioral_validation,Neuraxis,development_pilot,PILOT2_PROTOCOL,Exploratory development data; second development iteration informed by Pilot 1; not independent confirmation; never pooled with the confirmatory held-out estimate,m-scale_conductance-a9d05675ab,migliore2014_mt_soma,2,P05_long_step,last_isi,exceeds,112.62000000245826,104.27000000227599,8.350000000182263,2.2528000000491737,r-002bf860824963a1f621,r-b1bcd74f42bbeaf05dd0
neuron_model_behavioral_validation,Neuraxis,development_pilot,PILOT2_PROTOCOL,Exploratory development data; second development iteration informed by Pilot 1; not independent confirmation; never pooled with the confirmatory held-out estimate,m-scale_conductance-a9d05675ab,migliore2014_mt_soma,2,P05_long_step,spike_count,exceeds,19.0,20.0,1.0,0.5,r-002bf860824963a1f621,r-b1bcd74f42bbeaf05dd0
neuron_model_behavioral_validation,Neuraxis,development_pilot,PILOT2_PROTOCOL,Exploratory development data; second development iteration informed by Pilot 1; not independent confirmation; never pooled with the confirmatory held-out estimate,m-scale_conductance-a9d05675ab,migliore2014_mt_soma,2,P06_ramp,first_spike_latency,exceeds,400.6799999995078,380.06999999952654,20.609999999981255,8.014599999990155,r-046a6f9c0b3cbbc75058,r-5aca9b23a841b9e88fc8
neuron_model_behavioral_validation,Neuraxis,development_pilot,PILOT2_PROTOCOL,Exploratory development data; second development iteration informed by Pilot 1; not independent confirmation; never pooled with the confirmatory held-out estimate,m-scale_conductance-a9d05675ab,migliore2014_mt_soma,2,P07_hyperpolarizing_step,steady_state_voltage,exceeds,-81.01395266571055,-83.01469614868175,2.0007434829712025,0.5,r-0241c17b5ff2297d2a17,r-bf97f08b1ee66e7453d7
neuron_model_behavioral_validation,Neuraxis,development_pilot,PILOT2_PROTOCOL,Exploratory development data; second development iteration informed by Pilot 1; not independent confirmation; never pooled with the confirmatory held-out estimate,m-scale_conductance-fd3b7c7dcc,migliore2014_mt_soma,1,P00_canonical,ahp_depth,exceeds,-12.39068603515625,-7.4147806879299765,4.9759053472262735,0.6195343017578125,r-fdc29d572ab8d33a1f37,r-78f35603703ed1cdb27d
neuron_model_behavioral_validation,Neuraxis,development_pilot,PILOT2_PROTOCOL,Exploratory development data; second development iteration informed by Pilot 1; not independent confirmation; never pooled with the confirmatory held-out estimate,m-scale_conductance-fd3b7c7dcc,migliore2014_mt_soma,1,P00_canonical,first_spike_latency,exceeds,15.58000000000149,14.300000000001745,1.2799999999997453,0.5,r-fdc29d572ab8d33a1f37,r-78f35603703ed1cdb27d
neuron_model_behavioral_validation,Neuraxis,development_pilot,PILOT2_PROTOCOL,Exploratory development data; second development iteration informed by Pilot 1; not independent confirmation; never pooled with the confirmatory held-out estimate,m-scale_conductance-fd3b7c7dcc,migliore2014_mt_soma,1,P02_weak_step,steady_state_voltage,exceeds,-58.44957622985835,-55.82597444839473,2.62360178146362,0.5,r-007bacc26e9c06940666,r-807ba17d1088a751ff39
neuron_model_behavioral_validation,Neuraxis,development_pilot,PILOT2_PROTOCOL,Exploratory development data; second development iteration informed by Pilot 1; not independent confirmation; never pooled with the confirmatory held-out estimate,m-scale_conductance-fd3b7c7dcc,migliore2014_mt_soma,1,P03_rheobase,rheobase,exceeds,0.024690936411447307,0.017758349839491837,0.00693258657195547,0.0004938187282289461,s-41b22c8fa120e2b12315,s-034fe36b5241d66b9630
neuron_model_behavioral_validation,Neuraxis,development_pilot,PILOT2_PROTOCOL,Exploratory development data; second development iteration informed by Pilot 1; not independent confirmation; never pooled with the confirmatory held-out estimate,m-scale_conductance-fd3b7c7dcc,migliore2014_mt_soma,1,P04_step_2x,ahp_depth,exceeds,-13.209152221679446,-9.061417867024495,4.1477343546549506,0.6604576110839724,r-007bacc26e9c06940666,r-807ba17d1088a751ff39
neuron_model_behavioral_validation,Neuraxis,development_pilot,PILOT2_PROTOCOL,Exploratory development data; second development iteration informed by Pilot 1; not independent confirmation; never pooled with the confirmatory held-out estimate,m-scale_conductance-fd3b7c7dcc,migliore2014_mt_soma,1,P04_step_2x,first_spike_latency,exceeds,19.199999999854697,17.059999999856643,2.1399999999980537,0.5,r-007bacc26e9c06940666,r-807ba17d1088a751ff39
neuron_model_behavioral_validation,Neuraxis,development_pilot,PILOT2_PROTOCOL,Exploratory development data; second development iteration informed by Pilot 1; not independent confirmation; never pooled with the confirmatory held-out estimate,m-scale_conductance-fd3b7c7dcc,migliore2014_mt_soma,1,P05_long_step,ahp_depth,exceeds,-14.216171264648949,-10.549073506672919,3.6670977579760304,0.7108085632324475,r-2e016fe90119b688bc84,r-049c14f528c6b9ceb85e
neuron_model_behavioral_validation,Neuraxis,development_pilot,PILOT2_PROTOCOL,Exploratory development data; second development iteration informed by Pilot 1; not independent confirmation; never pooled with the confirmatory held-out estimate,m-scale_conductance-fd3b7c7dcc,migliore2014_mt_soma,1,P05_long_step,first_spike_latency,exceeds,27.809999999846866,23.369999999850904,4.439999999995962,0.5561999999969374,r-2e016fe90119b688bc84,r-049c14f528c6b9ceb85e
neuron_model_behavioral_validation,Neuraxis,development_pilot,PILOT2_PROTOCOL,Exploratory development data; second development iteration informed by Pilot 1; not independent confirmation; never pooled with the confirmatory held-out estimate,m-scale_conductance-fd3b7c7dcc,migliore2014_mt_soma,1,P05_long_step,last_isi,exceeds,112.64000000245869,101.00000000220462,11.640000000254076,2.2528000000491737,r-2e016fe90119b688bc84,r-049c14f528c6b9ceb85e
neuron_model_behavioral_validation,Neuraxis,development_pilot,PILOT2_PROTOCOL,Exploratory development data; second development iteration informed by Pilot 1; not independent confirmation; never pooled with the confirmatory held-out estimate,m-scale_conductance-fd3b7c7dcc,migliore2014_mt_soma,1,P05_long_step,spike_count,exceeds,19.0,21.0,2.0,0.5,r-2e016fe90119b688bc84,r-049c14f528c6b9ceb85e
neuron_model_behavioral_validation,Neuraxis,development_pilot,PILOT2_PROTOCOL,Exploratory development data; second development iteration informed by Pilot 1; not independent confirmation; never pooled with the confirmatory held-out estimate,m-scale_conductance-fd3b7c7dcc,migliore2014_mt_soma,1,P06_ramp,first_spike_latency,exceeds,400.72999999950775,297.9899999996012,102.73999999990656,8.014599999990155,r-0cd5f319bb80295395e1,r-bc281f106b232b7c6101
neuron_model_behavioral_validation,Neuraxis,development_pilot,PILOT2_PROTOCOL,Exploratory development data; second development iteration informed by Pilot 1; not independent confirmation; never pooled with the confirmatory held-out estimate,m-scale_conductance-fd3b7c7dcc,migliore2014_mt_soma,1,P06_ramp,spike_count,exceeds,9.0,10.0,1.0,0.5,r-0cd5f319bb80295395e1,r-bc281f106b232b7c6101
neuron_model_behavioral_validation,Neuraxis,development_pilot,PILOT2_PROTOCOL,Exploratory development data; second development iteration informed by Pilot 1; not independent confirmation; never pooled with the confirmatory held-out estimate,m-scale_conductance-fd3b7c7dcc,migliore2014_mt_soma,1,P09_short_pulse,ahp_depth,exceeds,-17.906005859375,-15.785363484700518,2.120642374674482,0.89530029296875,r-35777975476ff8854a8b,r-02a68088e2c77a582ac8
neuron_model_behavioral_validation,Neuraxis,development_pilot,PILOT2_PROTOCOL,Exploratory development data; second development iteration informed by Pilot 1; not independent confirmation; never pooled with the confirmatory held-out estimate,m-scale_conductance-fd3b7c7dcc,migliore2014_mt_soma,1,P09_short_pulse,first_spike_latency,exceeds,5.479999999867175,4.969999999867639,0.5099999999995362,0.5,r-35777975476ff8854a8b,r-02a68088e2c77a582ac8
neuron_model_behavioral_validation,Neuraxis,development_pilot,PILOT2_PROTOCOL,Exploratory development data; second development iteration informed by Pilot 1; not independent confirmation; never pooled with the confirmatory held-out estimate,m-scale_conductance-fd3b7c7dcc,migliore2014_mt_soma,2,P00_canonical,ahp_depth,exceeds,-12.354972194083288,-7.382559401478929,4.972412792604359,0.6195343017578125,r-05c666388af07453703e,r-9f1dd678f3153592f443
neuron_model_behavioral_validation,Neuraxis,development_pilot,PILOT2_PROTOCOL,Exploratory development data; second development iteration informed by Pilot 1; not independent confirmation; never pooled with the confirmatory held-out estimate,m-scale_conductance-fd3b7c7dcc,migliore2014_mt_soma,2,P00_canonical,first_spike_latency,exceeds,15.520000000001502,14.250000000001755,1.2699999999997473,0.5,r-05c666388af07453703e,r-9f1dd678f3153592f443
neuron_model_behavioral_validation,Neuraxis,development_pilot,PILOT2_PROTOCOL,Exploratory development data; second development iteration informed by Pilot 1; not independent confirmation; never pooled with the confirmatory held-out estimate,m-scale_conductance-fd3b7c7dcc,migliore2014_mt_soma,2,P02_weak_step,steady_state_voltage,exceeds,-58.449576139068554,-55.8259742370605,2.6236019020080548,0.5,r-0241c17b5ff2297d2a17,r-baac4e962fc3f5f953e3
neuron_model_behavioral_validation,Neuraxis,development_pilot,PILOT2_PROTOCOL,Exploratory development data; second development iteration informed by Pilot 1; not independent confirmation; never pooled with the confirmatory held-out estimate,m-scale_conductance-fd3b7c7dcc,migliore2014_mt_soma,2,P03_rheobase,rheobase,exceeds,0.024690936411447307,0.017758349839491837,0.00693258657195547,0.0004938187282289461,s-2231bc09093d4c365d9c,s-6b6e4faf1e26ddea5fac
neuron_model_behavioral_validation,Neuraxis,development_pilot,PILOT2_PROTOCOL,Exploratory development data; second development iteration informed by Pilot 1; not independent confirmation; never pooled with the confirmatory held-out estimate,m-scale_conductance-fd3b7c7dcc,migliore2014_mt_soma,2,P04_step_2x,ahp_depth,exceeds,-13.192115783691406,-9.04613621266683,4.145979571024576,0.6604576110839724,r-0241c17b5ff2297d2a17,r-baac4e962fc3f5f953e3
neuron_model_behavioral_validation,Neuraxis,development_pilot,PILOT2_PROTOCOL,Exploratory development data; second development iteration informed by Pilot 1; not independent confirmation; never pooled with the confirmatory held-out estimate,m-scale_conductance-fd3b7c7dcc,migliore2014_mt_soma,2,P04_step_2x,first_spike_latency,exceeds,19.169999999854724,17.03999999985666,2.1299999999980628,0.5,r-0241c17b5ff2297d2a17,r-baac4e962fc3f5f953e3
neuron_model_behavioral_validation,Neuraxis,development_pilot,PILOT2_PROTOCOL,Exploratory development data; second development iteration informed by Pilot 1; not independent confirmation; never pooled with the confirmatory held-out estimate,m-scale_conductance-fd3b7c7dcc,migliore2014_mt_soma,2,P05_long_step,ahp_depth,exceeds,-14.199851989746094,-10.534432721455893,3.6654192682902007,0.7108085632324475,r-002bf860824963a1f621,r-b129dcba110297f5ae07
neuron_model_behavioral_validation,Neuraxis,development_pilot,PILOT2_PROTOCOL,Exploratory development data; second development iteration informed by Pilot 1; not independent confirmation; never pooled with the confirmatory held-out estimate,m-scale_conductance-fd3b7c7dcc,migliore2014_mt_soma,2,P05_long_step,first_spike_latency,exceeds,27.769999999846902,23.33999999985093,4.429999999995971,0.5561999999969374,r-002bf860824963a1f621,r-b129dcba110297f5ae07
neuron_model_behavioral_validation,Neuraxis,development_pilot,PILOT2_PROTOCOL,Exploratory development data; second development iteration informed by Pilot 1; not independent confirmation; never pooled with the confirmatory held-out estimate,m-scale_conductance-fd3b7c7dcc,migliore2014_mt_soma,2,P05_long_step,last_isi,exceeds,112.62000000245826,100.98000000220418,11.640000000254076,2.2528000000491737,r-002bf860824963a1f621,r-b129dcba110297f5ae07
neuron_model_behavioral_validation,Neuraxis,development_pilot,PILOT2_PROTOCOL,Exploratory development data; second development iteration informed by Pilot 1; not independent confirmation; never pooled with the confirmatory held-out estimate,m-scale_conductance-fd3b7c7dcc,migliore2014_mt_soma,2,P05_long_step,spike_count,exceeds,19.0,21.0,2.0,0.5,r-002bf860824963a1f621,r-b129dcba110297f5ae07
neuron_model_behavioral_validation,Neuraxis,development_pilot,PILOT2_PROTOCOL,Exploratory development data; second development iteration informed by Pilot 1; not independent confirmation; never pooled with the confirmatory held-out estimate,m-scale_conductance-fd3b7c7dcc,migliore2014_mt_soma,2,P06_ramp,first_spike_latency,exceeds,400.6799999995078,297.93999999960124,102.73999999990656,8.014599999990155,r-046a6f9c0b3cbbc75058,r-92d926c581e6f3d0dce7
neuron_model_behavioral_validation,Neuraxis,development_pilot,PILOT2_PROTOCOL,Exploratory development data; second development iteration informed by Pilot 1; not independent confirmation; never pooled with the confirmatory held-out estimate,m-scale_conductance-fd3b7c7dcc,migliore2014_mt_soma,2,P06_ramp,spike_count,exceeds,9.0,10.0,1.0,0.5,r-046a6f9c0b3cbbc75058,r-92d926c581e6f3d0dce7
neuron_model_behavioral_validation,Neuraxis,development_pilot,PILOT2_PROTOCOL,Exploratory development data; second development iteration informed by Pilot 1; not independent confirmation; never pooled with the confirmatory held-out estimate,m-scale_conductance-fd3b7c7dcc,migliore2014_mt_soma,2,P09_short_pulse,ahp_depth,exceeds,-17.89281463623047,-15.773347211201987,2.119467425028482,0.89530029296875,r-aac3ae71b1a6189ef4f4,r-9c863d4a77bd83f78546
neuron_model_behavioral_validation,Neuraxis,development_pilot,PILOT2_PROTOCOL,Exploratory development data; second development iteration informed by Pilot 1; not independent confirmation; never pooled with the confirmatory held-out estimate,m-scale_conductance-fd3b7c7dcc,migliore2014_mt_soma,2,P09_short_pulse,first_spike_latency,exceeds,5.459999999867193,4.949999999867657,0.5099999999995362,0.5,r-aac3ae71b1a6189ef4f4,r-9c863d4a77bd83f78546
neuron_model_behavioral_validation,Neuraxis,development_pilot,PILOT2_PROTOCOL,Exploratory development data; second development iteration informed by Pilot 1; not independent confirmation; never pooled with the confirmatory held-out estimate,m-scale_conductance-de26f4d2e1,migliore2014_mt_soma,1,P00_canonical,first_spike_latency,exceeds,15.58000000000149,19.46000000000072,3.879999999999228,0.5,r-fdc29d572ab8d33a1f37,r-b963c182c883b7f60e0a
neuron_model_behavioral_validation,Neuraxis,development_pilot,PILOT2_PROTOCOL,Exploratory development data; second development iteration informed by Pilot 1; not independent confirmation; never pooled with the confirmatory held-out estimate,m-scale_conductance-de26f4d2e1,migliore2014_mt_soma,1,P02_weak_step,steady_state_voltage,exceeds,-58.44957622985835,-59.772974020385696,1.3233977905273449,0.5,r-007bacc26e9c06940666,r-3d46c0f1b5b7429bd43f
neuron_model_behavioral_validation,Neuraxis,development_pilot,PILOT2_PROTOCOL,Exploratory development data; second development iteration informed by Pilot 1; not independent confirmation; never pooled with the confirmatory held-out estimate,m-scale_conductance-de26f4d2e1,migliore2014_mt_soma,1,P03_rheobase,rheobase,exceeds,0.024690936411447307,0.04033194453930743,0.01564100812786012,0.0004938187282289461,s-41b22c8fa120e2b12315,s-40cc0153573d58a447dd
neuron_model_behavioral_validation,Neuraxis,development_pilot,PILOT2_PROTOCOL,Exploratory development data; second development iteration informed by Pilot 1; not independent confirmation; never pooled with the confirmatory held-out estimate,m-scale_conductance-de26f4d2e1,migliore2014_mt_soma,1,P04_step_2x,adaptation_index,exceeds,0.0076978106032479145,0.021293179805137084,0.01359536920188917,0.01,r-007bacc26e9c06940666,r-3d46c0f1b5b7429bd43f
neuron_model_behavioral_validation,Neuraxis,development_pilot,PILOT2_PROTOCOL,Exploratory development data; second development iteration informed by Pilot 1; not independent confirmation; never pooled with the confirmatory held-out estimate,m-scale_conductance-de26f4d2e1,migliore2014_mt_soma,1,P04_step_2x,first_spike_latency,exceeds,19.199999999854697,27.809999999846866,8.60999999999217,0.5,r-007bacc26e9c06940666,r-3d46c0f1b5b7429bd43f
neuron_model_behavioral_validation,Neuraxis,development_pilot,PILOT2_PROTOCOL,Exploratory development data; second development iteration informed by Pilot 1; not independent confirmation; never pooled with the confirmatory held-out estimate,m-scale_conductance-de26f4d2e1,migliore2014_mt_soma,1,P04_step_2x,last_isi,exceeds,79.52999999992767,144.12999999986891,64.59999999994125,1.5905999999985534,r-007bacc26e9c06940666,r-3d46c0f1b5b7429bd43f
neuron_model_behavioral_validation,Neuraxis,development_pilot,PILOT2_PROTOCOL,Exploratory development data; second development iteration informed by Pilot 1; not independent confirmation; never pooled with the confirmatory held-out estimate,m-scale_conductance-de26f4d2e1,migliore2014_mt_soma,1,P04_step_2x,spike_count,exceeds,7.0,4.0,3.0,0.5,r-007bacc26e9c06940666,r-3d46c0f1b5b7429bd43f
neuron_model_behavioral_validation,Neuraxis,development_pilot,PILOT2_PROTOCOL,Exploratory development data; second development iteration informed by Pilot 1; not independent confirmation; never pooled with the confirmatory held-out estimate,m-scale_conductance-de26f4d2e1,migliore2014_mt_soma,1,P05_long_step,adaptation_index,definedness,0.005414466597953451,,,0.01,r-2e016fe90119b688bc84,r-151657a1d30cfdb58553
neuron_model_behavioral_validation,Neuraxis,development_pilot,PILOT2_PROTOCOL,Exploratory development data; second development iteration informed by Pilot 1; not independent confirmation; never pooled with the confirmatory held-out estimate,m-scale_conductance-de26f4d2e1,migliore2014_mt_soma,1,P05_long_step,ahp_depth,definedness,-14.216171264648949,,,0.7108085632324475,r-2e016fe90119b688bc84,r-151657a1d30cfdb58553
neuron_model_behavioral_validation,Neuraxis,development_pilot,PILOT2_PROTOCOL,Exploratory development data; second development iteration informed by Pilot 1; not independent confirmation; never pooled with the confirmatory held-out estimate,m-scale_conductance-de26f4d2e1,migliore2014_mt_soma,1,P05_long_step,ap_amplitude,definedness,84.2643203750593,,,1.685286407501186,r-2e016fe90119b688bc84,r-151657a1d30cfdb58553
neuron_model_behavioral_validation,Neuraxis,development_pilot,PILOT2_PROTOCOL,Exploratory development data; second development iteration informed by Pilot 1; not independent confirmation; never pooled with the confirmatory held-out estimate,m-scale_conductance-de26f4d2e1,migliore2014_mt_soma,1,P05_long_step,first_spike_latency,definedness,27.809999999846866,,,0.5561999999969374,r-2e016fe90119b688bc84,r-151657a1d30cfdb58553
neuron_model_behavioral_validation,Neuraxis,development_pilot,PILOT2_PROTOCOL,Exploratory development data; second development iteration informed by Pilot 1; not independent confirmation; never pooled with the confirmatory held-out estimate,m-scale_conductance-de26f4d2e1,migliore2014_mt_soma,1,P05_long_step,last_isi,definedness,112.64000000245869,,,2.2528000000491737,r-2e016fe90119b688bc84,r-151657a1d30cfdb58553
neuron_model_behavioral_validation,Neuraxis,development_pilot,PILOT2_PROTOCOL,Exploratory development data; second development iteration informed by Pilot 1; not independent confirmation; never pooled with the confirmatory held-out estimate,m-scale_conductance-de26f4d2e1,migliore2014_mt_soma,1,P05_long_step,spike_count,exceeds,19.0,0.0,19.0,0.5,r-2e016fe90119b688bc84,r-151657a1d30cfdb58553
neuron_model_behavioral_validation,Neuraxis,development_pilot,PILOT2_PROTOCOL,Exploratory development data; second development iteration informed by Pilot 1; not independent confirmation; never pooled with the confirmatory held-out estimate,m-scale_conductance-de26f4d2e1,migliore2014_mt_soma,1,P06_ramp,first_spike_latency,exceeds,400.72999999950775,620.419999999308,219.6899999998002,8.014599999990155,r-0cd5f319bb80295395e1,r-4de5fbcdc7899e8bf075
neuron_model_behavioral_validation,Neuraxis,development_pilot,PILOT2_PROTOCOL,Exploratory development data; second development iteration informed by Pilot 1; not independent confirmation; never pooled with the confirmatory held-out estimate,m-scale_conductance-de26f4d2e1,migliore2014_mt_soma,1,P06_ramp,spike_count,exceeds,9.0,5.0,4.0,0.5,r-0cd5f319bb80295395e1,r-4de5fbcdc7899e8bf075
neuron_model_behavioral_validation,Neuraxis,development_pilot,PILOT2_PROTOCOL,Exploratory development data; second development iteration informed by Pilot 1; not independent confirmation; never pooled with the confirmatory held-out estimate,m-scale_conductance-de26f4d2e1,migliore2014_mt_soma,1,P07_hyperpolarizing_step,steady_state_voltage,exceeds,-81.01395223693858,-71.92813785858165,9.085814378356929,0.5,r-007bacc26e9c06940666,r-3d46c0f1b5b7429bd43f
neuron_model_behavioral_validation,Neuraxis,development_pilot,PILOT2_PROTOCOL,Exploratory development data; second development iteration informed by Pilot 1; not independent confirmation; never pooled with the confirmatory held-out estimate,m-scale_conductance-de26f4d2e1,migliore2014_mt_soma,1,P09_short_pulse,ahp_depth,exceeds,-17.906005859375,-16.79777735900879,1.1082285003662093,0.89530029296875,r-35777975476ff8854a8b,r-60839140814628eb473c
neuron_model_behavioral_validation,Neuraxis,development_pilot,PILOT2_PROTOCOL,Exploratory development data; second development iteration informed by Pilot 1; not independent confirmation; never pooled with the confirmatory held-out estimate,m-scale_conductance-de26f4d2e1,migliore2014_mt_soma,2,P00_canonical,first_spike_latency,exceeds,15.520000000001502,19.390000000000732,3.86999999999923,0.5,r-05c666388af07453703e,r-11b167dc4373c8f23b2c
neuron_model_behavioral_validation,Neuraxis,development_pilot,PILOT2_PROTOCOL,Exploratory development data; second development iteration informed by Pilot 1; not independent confirmation; never pooled with the confirmatory held-out estimate,m-scale_conductance-de26f4d2e1,migliore2014_mt_soma,2,P02_weak_step,steady_state_voltage,exceeds,-58.449576139068554,-59.772973808288526,1.3233976692199718,0.5,r-0241c17b5ff2297d2a17,r-d50e9d4495b5c963d0a4
neuron_model_behavioral_validation,Neuraxis,development_pilot,PILOT2_PROTOCOL,Exploratory development data; second development iteration informed by Pilot 1; not independent confirmation; never pooled with the confirmatory held-out estimate,m-scale_conductance-de26f4d2e1,migliore2014_mt_soma,2,P03_rheobase,rheobase,exceeds,0.024690936411447307,0.04033194453930743,0.01564100812786012,0.0004938187282289461,s-2231bc09093d4c365d9c,s-e81546959d38057e1d49
neuron_model_behavioral_validation,Neuraxis,development_pilot,PILOT2_PROTOCOL,Exploratory development data; second development iteration informed by Pilot 1; not independent confirmation; never pooled with the confirmatory held-out estimate,m-scale_conductance-de26f4d2e1,migliore2014_mt_soma,2,P04_step_2x,adaptation_index,exceeds,0.007682093803921673,0.021228337527022512,0.013546243723100839,0.01,r-0241c17b5ff2297d2a17,r-d50e9d4495b5c963d0a4
neuron_model_behavioral_validation,Neuraxis,development_pilot,PILOT2_PROTOCOL,Exploratory development data; second development iteration informed by Pilot 1; not independent confirmation; never pooled with the confirmatory held-out estimate,m-scale_conductance-de26f4d2e1,migliore2014_mt_soma,2,P04_step_2x,first_spike_latency,exceeds,19.169999999854724,27.769999999846902,8.599999999992178,0.5,r-0241c17b5ff2297d2a17,r-d50e9d4495b5c963d0a4
neuron_model_behavioral_validation,Neuraxis,development_pilot,PILOT2_PROTOCOL,Exploratory development data; second development iteration informed by Pilot 1; not independent confirmation; never pooled with the confirmatory held-out estimate,m-scale_conductance-de26f4d2e1,migliore2014_mt_soma,2,P04_step_2x,last_isi,exceeds,79.51999999992768,144.07999999986896,64.55999999994128,1.5905999999985534,r-0241c17b5ff2297d2a17,r-d50e9d4495b5c963d0a4
neuron_model_behavioral_validation,Neuraxis,development_pilot,PILOT2_PROTOCOL,Exploratory development data; second development iteration informed by Pilot 1; not independent confirmation; never pooled with the confirmatory held-out estimate,m-scale_conductance-de26f4d2e1,migliore2014_mt_soma,2,P04_step_2x,spike_count,exceeds,7.0,4.0,3.0,0.5,r-0241c17b5ff2297d2a17,r-d50e9d4495b5c963d0a4
neuron_model_behavioral_validation,Neuraxis,development_pilot,PILOT2_PROTOCOL,Exploratory development data; second development iteration informed by Pilot 1; not independent confirmation; never pooled with the confirmatory held-out estimate,m-scale_conductance-de26f4d2e1,migliore2014_mt_soma,2,P05_long_step,adaptation_index,definedness,0.0054122174080685195,,,0.01,r-002bf860824963a1f621,r-2455d44faad252e65d04
neuron_model_behavioral_validation,Neuraxis,development_pilot,PILOT2_PROTOCOL,Exploratory development data; second development iteration informed by Pilot 1; not independent confirmation; never pooled with the confirmatory held-out estimate,m-scale_conductance-de26f4d2e1,migliore2014_mt_soma,2,P05_long_step,ahp_depth,definedness,-14.199851989746094,,,0.7108085632324475,r-002bf860824963a1f621,r-2455d44faad252e65d04
neuron_model_behavioral_validation,Neuraxis,development_pilot,PILOT2_PROTOCOL,Exploratory development data; second development iteration informed by Pilot 1; not independent confirmation; never pooled with the confirmatory held-out estimate,m-scale_conductance-de26f4d2e1,migliore2014_mt_soma,2,P05_long_step,ap_amplitude,definedness,84.2574310317606,,,1.685286407501186,r-002bf860824963a1f621,r-2455d44faad252e65d04
neuron_model_behavioral_validation,Neuraxis,development_pilot,PILOT2_PROTOCOL,Exploratory development data; second development iteration informed by Pilot 1; not independent confirmation; never pooled with the confirmatory held-out estimate,m-scale_conductance-de26f4d2e1,migliore2014_mt_soma,2,P05_long_step,first_spike_latency,definedness,27.769999999846902,,,0.5561999999969374,r-002bf860824963a1f621,r-2455d44faad252e65d04
neuron_model_behavioral_validation,Neuraxis,development_pilot,PILOT2_PROTOCOL,Exploratory development data; second development iteration informed by Pilot 1; not independent confirmation; never pooled with the confirmatory held-out estimate,m-scale_conductance-de26f4d2e1,migliore2014_mt_soma,2,P05_long_step,last_isi,definedness,112.62000000245826,,,2.2528000000491737,r-002bf860824963a1f621,r-2455d44faad252e65d04
neuron_model_behavioral_validation,Neuraxis,development_pilot,PILOT2_PROTOCOL,Exploratory development data; second development iteration informed by Pilot 1; not independent confirmation; never pooled with the confirmatory held-out estimate,m-scale_conductance-de26f4d2e1,migliore2014_mt_soma,2,P05_long_step,spike_count,exceeds,19.0,0.0,19.0,0.5,r-002bf860824963a1f621,r-2455d44faad252e65d04
neuron_model_behavioral_validation,Neuraxis,development_pilot,PILOT2_PROTOCOL,Exploratory development data; second development iteration informed by Pilot 1; not independent confirmation; never pooled with the confirmatory held-out estimate,m-scale_conductance-de26f4d2e1,migliore2014_mt_soma,2,P06_ramp,first_spike_latency,exceeds,400.6799999995078,620.359999999308,219.6799999998002,8.014599999990155,r-046a6f9c0b3cbbc75058,r-ccbf82f2366facfd7561
neuron_model_behavioral_validation,Neuraxis,development_pilot,PILOT2_PROTOCOL,Exploratory development data; second development iteration informed by Pilot 1; not independent confirmation; never pooled with the confirmatory held-out estimate,m-scale_conductance-de26f4d2e1,migliore2014_mt_soma,2,P06_ramp,spike_count,exceeds,9.0,5.0,4.0,0.5,r-046a6f9c0b3cbbc75058,r-ccbf82f2366facfd7561
neuron_model_behavioral_validation,Neuraxis,development_pilot,PILOT2_PROTOCOL,Exploratory development data; second development iteration informed by Pilot 1; not independent confirmation; never pooled with the confirmatory held-out estimate,m-scale_conductance-de26f4d2e1,migliore2014_mt_soma,2,P07_hyperpolarizing_step,steady_state_voltage,exceeds,-81.01395266571055,-71.92813829498301,9.085814370727533,0.5,r-0241c17b5ff2297d2a17,r-d50e9d4495b5c963d0a4
neuron_model_behavioral_validation,Neuraxis,development_pilot,PILOT2_PROTOCOL,Exploratory development data; second development iteration informed by Pilot 1; not independent confirmation; never pooled with the confirmatory held-out estimate,m-scale_conductance-de26f4d2e1,migliore2014_mt_soma,2,P09_short_pulse,ahp_depth,exceeds,-17.89281463623047,-16.78431911468506,1.1084955215454073,0.89530029296875,r-aac3ae71b1a6189ef4f4,r-d694fd93d40eae4dc44a
neuron_model_behavioral_validation,Neuraxis,development_pilot,PILOT2_PROTOCOL,Exploratory development data; second development iteration informed by Pilot 1; not independent confirmation; never pooled with the confirmatory held-out estimate,m-shift_reversal-d4460926dc,migliore2014_mt_soma,1,P00_canonical,ahp_depth,exceeds,-12.39068603515625,-10.19408803911351,2.1965979960427404,0.6195343017578125,r-fdc29d572ab8d33a1f37,r-2d029fb712efca3d53bd
neuron_model_behavioral_validation,Neuraxis,development_pilot,PILOT2_PROTOCOL,Exploratory development data; second development iteration informed by Pilot 1; not independent confirmation; never pooled with the confirmatory held-out estimate,m-shift_reversal-d4460926dc,migliore2014_mt_soma,1,P00_canonical,first_spike_latency,exceeds,15.58000000000149,18.880000000000834,3.2999999999993435,0.5,r-fdc29d572ab8d33a1f37,r-2d029fb712efca3d53bd
neuron_model_behavioral_validation,Neuraxis,development_pilot,PILOT2_PROTOCOL,Exploratory development data; second development iteration informed by Pilot 1; not independent confirmation; never pooled with the confirmatory held-out estimate,m-shift_reversal-d4460926dc,migliore2014_mt_soma,1,P02_weak_step,steady_state_voltage,exceeds,-58.44957622985835,-61.81903840026851,3.3694621704101593,0.5,r-007bacc26e9c06940666,r-16326c684c79063fc073
neuron_model_behavioral_validation,Neuraxis,development_pilot,PILOT2_PROTOCOL,Exploratory development data; second development iteration informed by Pilot 1; not independent confirmation; never pooled with the confirmatory held-out estimate,m-shift_reversal-d4460926dc,migliore2014_mt_soma,1,P03_rheobase,rheobase,exceeds,0.024690936411447307,0.030974660200805956,0.006283723789358649,0.0004938187282289461,s-41b22c8fa120e2b12315,s-06bb165a756257c949aa
neuron_model_behavioral_validation,Neuraxis,development_pilot,PILOT2_PROTOCOL,Exploratory development data; second development iteration informed by Pilot 1; not independent confirmation; never pooled with the confirmatory held-out estimate,m-shift_reversal-d4460926dc,migliore2014_mt_soma,1,P04_step_2x,ahp_depth,exceeds,-13.209152221679446,-9.921412284850575,3.2877399368288707,0.6604576110839724,r-007bacc26e9c06940666,r-16326c684c79063fc073
neuron_model_behavioral_validation,Neuraxis,development_pilot,PILOT2_PROTOCOL,Exploratory development data; second development iteration informed by Pilot 1; not independent confirmation; never pooled with the confirmatory held-out estimate,m-shift_reversal-d4460926dc,migliore2014_mt_soma,1,P04_step_2x,first_spike_latency,exceeds,19.199999999854697,24.54999999984983,5.349999999995134,0.5,r-007bacc26e9c06940666,r-16326c684c79063fc073
neuron_model_behavioral_validation,Neuraxis,development_pilot,PILOT2_PROTOCOL,Exploratory development data; second development iteration informed by Pilot 1; not independent confirmation; never pooled with the confirmatory held-out estimate,m-shift_reversal-d4460926dc,migliore2014_mt_soma,1,P04_step_2x,last_isi,exceeds,79.52999999992767,88.15999999991982,8.629999999992151,1.5905999999985534,r-007bacc26e9c06940666,r-16326c684c79063fc073
neuron_model_behavioral_validation,Neuraxis,development_pilot,PILOT2_PROTOCOL,Exploratory development data; second development iteration informed by Pilot 1; not independent confirmation; never pooled with the confirmatory held-out estimate,m-shift_reversal-d4460926dc,migliore2014_mt_soma,1,P04_step_2x,spike_count,exceeds,7.0,6.0,1.0,0.5,r-007bacc26e9c06940666,r-16326c684c79063fc073
neuron_model_behavioral_validation,Neuraxis,development_pilot,PILOT2_PROTOCOL,Exploratory development data; second development iteration informed by Pilot 1; not independent confirmation; never pooled with the confirmatory held-out estimate,m-shift_reversal-d4460926dc,migliore2014_mt_soma,1,P05_long_step,adaptation_index,exceeds,0.005414466597953451,0.01879707597977295,0.0133826093818195,0.01,r-2e016fe90119b688bc84,r-8a3c52709748f6f99932
neuron_model_behavioral_validation,Neuraxis,development_pilot,PILOT2_PROTOCOL,Exploratory development data; second development iteration informed by Pilot 1; not independent confirmation; never pooled with the confirmatory held-out estimate,m-shift_reversal-d4460926dc,migliore2014_mt_soma,1,P05_long_step,ahp_depth,exceeds,-14.216171264648949,-10.915011222839354,3.301160041809595,0.7108085632324475,r-2e016fe90119b688bc84,r-8a3c52709748f6f99932
neuron_model_behavioral_validation,Neuraxis,development_pilot,PILOT2_PROTOCOL,Exploratory development data; second development iteration informed by Pilot 1; not independent confirmation; never pooled with the confirmatory held-out estimate,m-shift_reversal-d4460926dc,migliore2014_mt_soma,1,P05_long_step,first_spike_latency,exceeds,27.809999999846866,40.34999999983546,12.539999999988595,0.5561999999969374,r-2e016fe90119b688bc84,r-8a3c52709748f6f99932
neuron_model_behavioral_validation,Neuraxis,development_pilot,PILOT2_PROTOCOL,Exploratory development data; second development iteration informed by Pilot 1; not independent confirmation; never pooled with the confirmatory held-out estimate,m-shift_reversal-d4460926dc,migliore2014_mt_soma,1,P05_long_step,last_isi,exceeds,112.64000000245869,187.40000000319856,74.76000000073986,2.2528000000491737,r-2e016fe90119b688bc84,r-8a3c52709748f6f99932
neuron_model_behavioral_validation,Neuraxis,development_pilot,PILOT2_PROTOCOL,Exploratory development data; second development iteration informed by Pilot 1; not independent confirmation; never pooled with the confirmatory held-out estimate,m-shift_reversal-d4460926dc,migliore2014_mt_soma,1,P05_long_step,spike_count,exceeds,19.0,12.0,7.0,0.5,r-2e016fe90119b688bc84,r-8a3c52709748f6f99932
neuron_model_behavioral_validation,Neuraxis,development_pilot,PILOT2_PROTOCOL,Exploratory development data; second development iteration informed by Pilot 1; not independent confirmation; never pooled with the confirmatory held-out estimate,m-shift_reversal-d4460926dc,migliore2014_mt_soma,1,P06_ramp,first_spike_latency,exceeds,400.72999999950775,489.2999999994272,88.56999999991945,8.014599999990155,r-0cd5f319bb80295395e1,r-f6f0a3b8bea37b0295fa
neuron_model_behavioral_validation,Neuraxis,development_pilot,PILOT2_PROTOCOL,Exploratory development data; second development iteration informed by Pilot 1; not independent confirmation; never pooled with the confirmatory held-out estimate,m-shift_reversal-d4460926dc,migliore2014_mt_soma,1,P06_ramp,spike_count,exceeds,9.0,7.0,2.0,0.5,r-0cd5f319bb80295395e1,r-f6f0a3b8bea37b0295fa
neuron_model_behavioral_validation,Neuraxis,development_pilot,PILOT2_PROTOCOL,Exploratory development data; second development iteration informed by Pilot 1; not independent confirmation; never pooled with the confirmatory held-out estimate,m-shift_reversal-d4460926dc,migliore2014_mt_soma,1,P07_hyperpolarizing_step,steady_state_voltage,exceeds,-81.01395223693858,-85.7623091217042,4.748356884765627,0.5,r-007bacc26e9c06940666,r-16326c684c79063fc073
neuron_model_behavioral_validation,Neuraxis,development_pilot,PILOT2_PROTOCOL,Exploratory development data; second development iteration informed by Pilot 1; not independent confirmation; never pooled with the confirmatory held-out estimate,m-shift_reversal-d4460926dc,migliore2014_mt_soma,1,P09_short_pulse,ahp_depth,exceeds,-17.906005859375,-14.703028495788345,3.2029773635866547,0.89530029296875,r-35777975476ff8854a8b,r-2553659b2d821225a176
neuron_model_behavioral_validation,Neuraxis,development_pilot,PILOT2_PROTOCOL,Exploratory development data; second development iteration informed by Pilot 1; not independent confirmation; never pooled with the confirmatory held-out estimate,m-shift_reversal-d4460926dc,migliore2014_mt_soma,1,P09_short_pulse,first_spike_latency,exceeds,5.479999999867175,10.869999999862273,5.389999999995098,0.5,r-35777975476ff8854a8b,r-2553659b2d821225a176
neuron_model_behavioral_validation,Neuraxis,development_pilot,PILOT2_PROTOCOL,Exploratory development data; second development iteration informed by Pilot 1; not independent confirmation; never pooled with the confirmatory held-out estimate,m-shift_reversal-d4460926dc,migliore2014_mt_soma,2,P00_canonical,ahp_depth,exceeds,-12.354972194083288,-10.159371485164513,2.195600708918775,0.6195343017578125,r-05c666388af07453703e,r-58c8b489cb368136ec4a
neuron_model_behavioral_validation,Neuraxis,development_pilot,PILOT2_PROTOCOL,Exploratory development data; second development iteration informed by Pilot 1; not independent confirmation; never pooled with the confirmatory held-out estimate,m-shift_reversal-d4460926dc,migliore2014_mt_soma,2,P00_canonical,first_spike_latency,exceeds,15.520000000001502,18.830000000000844,3.3099999999993415,0.5,r-05c666388af07453703e,r-58c8b489cb368136ec4a
neuron_model_behavioral_validation,Neuraxis,development_pilot,PILOT2_PROTOCOL,Exploratory development data; second development iteration informed by Pilot 1; not independent confirmation; never pooled with the confirmatory held-out estimate,m-shift_reversal-d4460926dc,migliore2014_mt_soma,2,P02_weak_step,steady_state_voltage,exceeds,-58.449576139068554,-61.819038212585404,3.36946207351685,0.5,r-0241c17b5ff2297d2a17,r-c330ffa8c154ca96d7f3
neuron_model_behavioral_validation,Neuraxis,development_pilot,PILOT2_PROTOCOL,Exploratory development data; second development iteration informed by Pilot 1; not independent confirmation; never pooled with the confirmatory held-out estimate,m-shift_reversal-d4460926dc,migliore2014_mt_soma,2,P03_rheobase,rheobase,exceeds,0.024690936411447307,0.030974660200805956,0.006283723789358649,0.0004938187282289461,s-2231bc09093d4c365d9c,s-f52d61d25f3e694f539c
neuron_model_behavioral_validation,Neuraxis,development_pilot,PILOT2_PROTOCOL,Exploratory development data; second development iteration informed by Pilot 1; not independent confirmation; never pooled with the confirmatory held-out estimate,m-shift_reversal-d4460926dc,migliore2014_mt_soma,2,P04_step_2x,ahp_depth,exceeds,-13.192115783691406,-9.904703905741371,3.287411877950035,0.6604576110839724,r-0241c17b5ff2297d2a17,r-c330ffa8c154ca96d7f3
neuron_model_behavioral_validation,Neuraxis,development_pilot,PILOT2_PROTOCOL,Exploratory development data; second development iteration informed by Pilot 1; not independent confirmation; never pooled with the confirmatory held-out estimate,m-shift_reversal-d4460926dc,migliore2014_mt_soma,2,P04_step_2x,first_spike_latency,exceeds,19.169999999854724,24.51999999984986,5.349999999995134,0.5,r-0241c17b5ff2297d2a17,r-c330ffa8c154ca96d7f3
neuron_model_behavioral_validation,Neuraxis,development_pilot,PILOT2_PROTOCOL,Exploratory development data; second development iteration informed by Pilot 1; not independent confirmation; never pooled with the confirmatory held-out estimate,m-shift_reversal-d4460926dc,migliore2014_mt_soma,2,P04_step_2x,last_isi,exceeds,79.51999999992768,88.14999999991983,8.629999999992151,1.5905999999985534,r-0241c17b5ff2297d2a17,r-c330ffa8c154ca96d7f3
neuron_model_behavioral_validation,Neuraxis,development_pilot,PILOT2_PROTOCOL,Exploratory development data; second development iteration informed by Pilot 1; not independent confirmation; never pooled with the confirmatory held-out estimate,m-shift_reversal-d4460926dc,migliore2014_mt_soma,2,P04_step_2x,spike_count,exceeds,7.0,6.0,1.0,0.5,r-0241c17b5ff2297d2a17,r-c330ffa8c154ca96d7f3
neuron_model_behavioral_validation,Neuraxis,development_pilot,PILOT2_PROTOCOL,Exploratory development data; second development iteration informed by Pilot 1; not independent confirmation; never pooled with the confirmatory held-out estimate,m-shift_reversal-d4460926dc,migliore2014_mt_soma,2,P05_long_step,adaptation_index,exceeds,0.0054122174080685195,0.018771070279217424,0.013358852871148904,0.01,r-002bf860824963a1f621,r-e141525c85c137773298
neuron_model_behavioral_validation,Neuraxis,development_pilot,PILOT2_PROTOCOL,Exploratory development data; second development iteration informed by Pilot 1; not independent confirmation; never pooled with the confirmatory held-out estimate,m-shift_reversal-d4460926dc,migliore2014_mt_soma,2,P05_long_step,ahp_depth,exceeds,-14.199851989746094,-10.899073412577309,3.300778577168785,0.7108085632324475,r-002bf860824963a1f621,r-e141525c85c137773298
neuron_model_behavioral_validation,Neuraxis,development_pilot,PILOT2_PROTOCOL,Exploratory development data; second development iteration informed by Pilot 1; not independent confirmation; never pooled with the confirmatory held-out estimate,m-shift_reversal-d4460926dc,migliore2014_mt_soma,2,P05_long_step,first_spike_latency,exceeds,27.769999999846902,40.3099999998355,12.539999999988595,0.5561999999969374,r-002bf860824963a1f621,r-e141525c85c137773298
neuron_model_behavioral_validation,Neuraxis,development_pilot,PILOT2_PROTOCOL,Exploratory development data; second development iteration informed by Pilot 1; not independent confirmation; never pooled with the confirmatory held-out estimate,m-shift_reversal-d4460926dc,migliore2014_mt_soma,2,P05_long_step,last_isi,exceeds,112.62000000245826,187.27000000317253,74.65000000071427,2.2528000000491737,r-002bf860824963a1f621,r-e141525c85c137773298
neuron_model_behavioral_validation,Neuraxis,development_pilot,PILOT2_PROTOCOL,Exploratory development data; second development iteration informed by Pilot 1; not independent confirmation; never pooled with the confirmatory held-out estimate,m-shift_reversal-d4460926dc,migliore2014_mt_soma,2,P05_long_step,spike_count,exceeds,19.0,12.0,7.0,0.5,r-002bf860824963a1f621,r-e141525c85c137773298
neuron_model_behavioral_validation,Neuraxis,development_pilot,PILOT2_PROTOCOL,Exploratory development data; second development iteration informed by Pilot 1; not independent confirmation; never pooled with the confirmatory held-out estimate,m-shift_reversal-d4460926dc,migliore2014_mt_soma,2,P06_ramp,first_spike_latency,exceeds,400.6799999995078,489.24999999942725,88.56999999991945,8.014599999990155,r-046a6f9c0b3cbbc75058,r-4bb0ce1d9a10a02d7b25
neuron_model_behavioral_validation,Neuraxis,development_pilot,PILOT2_PROTOCOL,Exploratory development data; second development iteration informed by Pilot 1; not independent confirmation; never pooled with the confirmatory held-out estimate,m-shift_reversal-d4460926dc,migliore2014_mt_soma,2,P06_ramp,spike_count,exceeds,9.0,7.0,2.0,0.5,r-046a6f9c0b3cbbc75058,r-4bb0ce1d9a10a02d7b25
neuron_model_behavioral_validation,Neuraxis,development_pilot,PILOT2_PROTOCOL,Exploratory development data; second development iteration informed by Pilot 1; not independent confirmation; never pooled with the confirmatory held-out estimate,m-shift_reversal-d4460926dc,migliore2014_mt_soma,2,P07_hyperpolarizing_step,steady_state_voltage,exceeds,-81.01395266571055,-85.7623095565797,4.748356890869147,0.5,r-0241c17b5ff2297d2a17,r-c330ffa8c154ca96d7f3
neuron_model_behavioral_validation,Neuraxis,development_pilot,PILOT2_PROTOCOL,Exploratory development data; second development iteration informed by Pilot 1; not independent confirmation; never pooled with the confirmatory held-out estimate,m-shift_reversal-d4460926dc,migliore2014_mt_soma,2,P09_short_pulse,ahp_depth,exceeds,-17.89281463623047,-14.690966417948403,3.2018482182820662,0.89530029296875,r-aac3ae71b1a6189ef4f4,r-2da110c9cdd719a85497
neuron_model_behavioral_validation,Neuraxis,development_pilot,PILOT2_PROTOCOL,Exploratory development data; second development iteration informed by Pilot 1; not independent confirmation; never pooled with the confirmatory held-out estimate,m-shift_reversal-d4460926dc,migliore2014_mt_soma,2,P09_short_pulse,first_spike_latency,exceeds,5.459999999867193,10.809999999862328,5.349999999995134,0.5,r-aac3ae71b1a6189ef4f4,r-2da110c9cdd719a85497
neuron_model_behavioral_validation,Neuraxis,development_pilot,PILOT2_PROTOCOL,Exploratory development data; second development iteration informed by Pilot 1; not independent confirmation; never pooled with the confirmatory held-out estimate,m-shift_reversal-3bffbb8e9b,migliore2014_mt_soma,1,P00_canonical,ahp_depth,exceeds,-12.39068603515625,-6.255697601470189,6.134988433686061,0.6195343017578125,r-fdc29d572ab8d33a1f37,r-4d3bb920707eb3a1c1ca
neuron_model_behavioral_validation,Neuraxis,development_pilot,PILOT2_PROTOCOL,Exploratory development data; second development iteration informed by Pilot 1; not independent confirmation; never pooled with the confirmatory held-out estimate,m-shift_reversal-3bffbb8e9b,migliore2014_mt_soma,1,P00_canonical,first_spike_latency,exceeds,15.58000000000149,14.760000000001654,0.8199999999998369,0.5,r-fdc29d572ab8d33a1f37,r-4d3bb920707eb3a1c1ca
neuron_model_behavioral_validation,Neuraxis,development_pilot,PILOT2_PROTOCOL,Exploratory development data; second development iteration informed by Pilot 1; not independent confirmation; never pooled with the confirmatory held-out estimate,m-shift_reversal-3bffbb8e9b,migliore2014_mt_soma,1,P02_weak_step,steady_state_voltage,exceeds,-58.44957622985835,-57.02379573059078,1.4257804992675744,0.5,r-007bacc26e9c06940666,r-e4e2c4901b51c89f2ea1
neuron_model_behavioral_validation,Neuraxis,development_pilot,PILOT2_PROTOCOL,Exploratory development data; second development iteration informed by Pilot 1; not independent confirmation; never pooled with the confirmatory held-out estimate,m-shift_reversal-3bffbb8e9b,migliore2014_mt_soma,1,P03_rheobase,rheobase,exceeds,0.024690936411447307,0.02137832115292671,0.003312615258520595,0.0004938187282289461,s-41b22c8fa120e2b12315,s-755fc9d607e83098095b
neuron_model_behavioral_validation,Neuraxis,development_pilot,PILOT2_PROTOCOL,Exploratory development data; second development iteration informed by Pilot 1; not independent confirmation; never pooled with the confirmatory held-out estimate,m-shift_reversal-3bffbb8e9b,migliore2014_mt_soma,1,P04_step_2x,ahp_depth,exceeds,-13.209152221679446,-7.408246832529706,5.80090538914974,0.6604576110839724,r-007bacc26e9c06940666,r-e4e2c4901b51c89f2ea1
neuron_model_behavioral_validation,Neuraxis,development_pilot,PILOT2_PROTOCOL,Exploratory development data; second development iteration informed by Pilot 1; not independent confirmation; never pooled with the confirmatory held-out estimate,m-shift_reversal-3bffbb8e9b,migliore2014_mt_soma,1,P04_step_2x,first_spike_latency,exceeds,19.199999999854697,17.879999999855897,1.3199999999987995,0.5,r-007bacc26e9c06940666,r-e4e2c4901b51c89f2ea1
neuron_model_behavioral_validation,Neuraxis,development_pilot,PILOT2_PROTOCOL,Exploratory development data; second development iteration informed by Pilot 1; not independent confirmation; never pooled with the confirmatory held-out estimate,m-shift_reversal-3bffbb8e9b,migliore2014_mt_soma,1,P04_step_2x,last_isi,exceeds,79.52999999992767,85.47999999992226,5.9499999999945885,1.5905999999985534,r-007bacc26e9c06940666,r-e4e2c4901b51c89f2ea1
neuron_model_behavioral_validation,Neuraxis,development_pilot,PILOT2_PROTOCOL,Exploratory development data; second development iteration informed by Pilot 1; not independent confirmation; never pooled with the confirmatory held-out estimate,m-shift_reversal-3bffbb8e9b,migliore2014_mt_soma,1,P04_step_2x,spike_count,exceeds,7.0,6.0,1.0,0.5,r-007bacc26e9c06940666,r-e4e2c4901b51c89f2ea1
neuron_model_behavioral_validation,Neuraxis,development_pilot,PILOT2_PROTOCOL,Exploratory development data; second development iteration informed by Pilot 1; not independent confirmation; never pooled with the confirmatory held-out estimate,m-shift_reversal-3bffbb8e9b,migliore2014_mt_soma,1,P05_long_step,ahp_depth,exceeds,-14.216171264648949,-8.459379034678143,5.756792229970806,0.7108085632324475,r-2e016fe90119b688bc84,r-dc35659bc9eac37d804f
neuron_model_behavioral_validation,Neuraxis,development_pilot,PILOT2_PROTOCOL,Exploratory development data; second development iteration informed by Pilot 1; not independent confirmation; never pooled with the confirmatory held-out estimate,m-shift_reversal-3bffbb8e9b,migliore2014_mt_soma,1,P05_long_step,first_spike_latency,exceeds,27.809999999846866,25.10999999984932,2.6999999999975444,0.5561999999969374,r-2e016fe90119b688bc84,r-dc35659bc9eac37d804f
neuron_model_behavioral_validation,Neuraxis,development_pilot,PILOT2_PROTOCOL,Exploratory development data; second development iteration informed by Pilot 1; not independent confirmation; never pooled with the confirmatory held-out estimate,m-shift_reversal-3bffbb8e9b,migliore2014_mt_soma,1,P06_ramp,first_spike_latency,exceeds,400.72999999950775,347.62999999955605,53.099999999951706,8.014599999990155,r-0cd5f319bb80295395e1,r-0731784e4b10c841e855
neuron_model_behavioral_validation,Neuraxis,development_pilot,PILOT2_PROTOCOL,Exploratory development data; second development iteration informed by Pilot 1; not independent confirmation; never pooled with the confirmatory held-out estimate,m-shift_reversal-3bffbb8e9b,migliore2014_mt_soma,1,P06_ramp,spike_count,exceeds,9.0,8.0,1.0,0.5,r-0cd5f319bb80295395e1,r-0731784e4b10c841e855
neuron_model_behavioral_validation,Neuraxis,development_pilot,PILOT2_PROTOCOL,Exploratory development data; second development iteration informed by Pilot 1; not independent confirmation; never pooled with the confirmatory held-out estimate,m-shift_reversal-3bffbb8e9b,migliore2014_mt_soma,1,P09_short_pulse,ahp_depth,exceeds,-17.906005859375,-12.219075995127362,5.686929864247638,0.89530029296875,r-35777975476ff8854a8b,r-38490f6c6090a4259d3f
neuron_model_behavioral_validation,Neuraxis,development_pilot,PILOT2_PROTOCOL,Exploratory development data; second development iteration informed by Pilot 1; not independent confirmation; never pooled with the confirmatory held-out estimate,m-shift_reversal-3bffbb8e9b,migliore2014_mt_soma,2,P00_canonical,ahp_depth,exceeds,-12.354972194083288,-6.232287392687439,6.122684801395849,0.6195343017578125,r-05c666388af07453703e,r-0e2b0cd0155838e7681a
neuron_model_behavioral_validation,Neuraxis,development_pilot,PILOT2_PROTOCOL,Exploratory development data; second development iteration informed by Pilot 1; not independent confirmation; never pooled with the confirmatory held-out estimate,m-shift_reversal-3bffbb8e9b,migliore2014_mt_soma,2,P00_canonical,first_spike_latency,exceeds,15.520000000001502,14.710000000001664,0.8099999999998388,0.5,r-05c666388af07453703e,r-0e2b0cd0155838e7681a
neuron_model_behavioral_validation,Neuraxis,development_pilot,PILOT2_PROTOCOL,Exploratory development data; second development iteration informed by Pilot 1; not independent confirmation; never pooled with the confirmatory held-out estimate,m-shift_reversal-3bffbb8e9b,migliore2014_mt_soma,2,P02_weak_step,steady_state_voltage,exceeds,-58.449576139068554,-57.02379557800288,1.4257805610656717,0.5,r-0241c17b5ff2297d2a17,r-06a6da25013236dab6d2
neuron_model_behavioral_validation,Neuraxis,development_pilot,PILOT2_PROTOCOL,Exploratory development data; second development iteration informed by Pilot 1; not independent confirmation; never pooled with the confirmatory held-out estimate,m-shift_reversal-3bffbb8e9b,migliore2014_mt_soma,2,P03_rheobase,rheobase,exceeds,0.024690936411447307,0.02137832115292671,0.003312615258520595,0.0004938187282289461,s-2231bc09093d4c365d9c,s-0cc6644df81348e5a141
neuron_model_behavioral_validation,Neuraxis,development_pilot,PILOT2_PROTOCOL,Exploratory development data; second development iteration informed by Pilot 1; not independent confirmation; never pooled with the confirmatory held-out estimate,m-shift_reversal-3bffbb8e9b,migliore2014_mt_soma,2,P04_step_2x,ahp_depth,exceeds,-13.192115783691406,-7.397413107554115,5.794702676137291,0.6604576110839724,r-0241c17b5ff2297d2a17,r-06a6da25013236dab6d2
neuron_model_behavioral_validation,Neuraxis,development_pilot,PILOT2_PROTOCOL,Exploratory development data; second development iteration informed by Pilot 1; not independent confirmation; never pooled with the confirmatory held-out estimate,m-shift_reversal-3bffbb8e9b,migliore2014_mt_soma,2,P04_step_2x,first_spike_latency,exceeds,19.169999999854724,17.849999999855925,1.3199999999987995,0.5,r-0241c17b5ff2297d2a17,r-06a6da25013236dab6d2
neuron_model_behavioral_validation,Neuraxis,development_pilot,PILOT2_PROTOCOL,Exploratory development data; second development iteration informed by Pilot 1; not independent confirmation; never pooled with the confirmatory held-out estimate,m-shift_reversal-3bffbb8e9b,migliore2014_mt_soma,2,P04_step_2x,last_isi,exceeds,79.51999999992768,85.45999999992227,5.939999999994598,1.5905999999985534,r-0241c17b5ff2297d2a17,r-06a6da25013236dab6d2
neuron_model_behavioral_validation,Neuraxis,development_pilot,PILOT2_PROTOCOL,Exploratory development data; second development iteration informed by Pilot 1; not independent confirmation; never pooled with the confirmatory held-out estimate,m-shift_reversal-3bffbb8e9b,migliore2014_mt_soma,2,P04_step_2x,spike_count,exceeds,7.0,6.0,1.0,0.5,r-0241c17b5ff2297d2a17,r-06a6da25013236dab6d2
neuron_model_behavioral_validation,Neuraxis,development_pilot,PILOT2_PROTOCOL,Exploratory development data; second development iteration informed by Pilot 1; not independent confirmation; never pooled with the confirmatory held-out estimate,m-shift_reversal-3bffbb8e9b,migliore2014_mt_soma,2,P05_long_step,ahp_depth,exceeds,-14.199851989746094,-8.449369284311928,5.750482705434166,0.7108085632324475,r-002bf860824963a1f621,r-d03a814b0e2ddea28657
neuron_model_behavioral_validation,Neuraxis,development_pilot,PILOT2_PROTOCOL,Exploratory development data; second development iteration informed by Pilot 1; not independent confirmation; never pooled with the confirmatory held-out estimate,m-shift_reversal-3bffbb8e9b,migliore2014_mt_soma,2,P05_long_step,first_spike_latency,exceeds,27.769999999846902,25.07999999984935,2.6899999999975535,0.5561999999969374,r-002bf860824963a1f621,r-d03a814b0e2ddea28657
neuron_model_behavioral_validation,Neuraxis,development_pilot,PILOT2_PROTOCOL,Exploratory development data; second development iteration informed by Pilot 1; not independent confirmation; never pooled with the confirmatory held-out estimate,m-shift_reversal-3bffbb8e9b,migliore2014_mt_soma,2,P06_ramp,first_spike_latency,exceeds,400.6799999995078,347.5799999995561,53.099999999951706,8.014599999990155,r-046a6f9c0b3cbbc75058,r-8de0a4e1f23e3df50202
neuron_model_behavioral_validation,Neuraxis,development_pilot,PILOT2_PROTOCOL,Exploratory development data; second development iteration informed by Pilot 1; not independent confirmation; never pooled with the confirmatory held-out estimate,m-shift_reversal-3bffbb8e9b,migliore2014_mt_soma,2,P06_ramp,spike_count,exceeds,9.0,8.0,1.0,0.5,r-046a6f9c0b3cbbc75058,r-8de0a4e1f23e3df50202
neuron_model_behavioral_validation,Neuraxis,development_pilot,PILOT2_PROTOCOL,Exploratory development data; second development iteration informed by Pilot 1; not independent confirmation; never pooled with the confirmatory held-out estimate,m-shift_reversal-3bffbb8e9b,migliore2014_mt_soma,2,P09_short_pulse,ahp_depth,exceeds,-17.89281463623047,-12.212606283823646,5.680208352406822,0.89530029296875,r-aac3ae71b1a6189ef4f4,r-bb0c96e3b61b120920e0
neuron_model_behavioral_validation,Neuraxis,development_pilot,PILOT2_PROTOCOL,Exploratory development data; second development iteration informed by Pilot 1; not independent confirmation; never pooled with the confirmatory held-out estimate,m-shift_reversal-9acb9774d9,migliore2014_mt_soma,1,P00_canonical,ahp_depth,exceeds,-12.39068603515625,-13.908838414434172,1.5181523792779217,0.6195343017578125,r-fdc29d572ab8d33a1f37,r-7f84302635c971e4718f
neuron_model_behavioral_validation,Neuraxis,development_pilot,PILOT2_PROTOCOL,Exploratory development data; second development iteration informed by Pilot 1; not independent confirmation; never pooled with the confirmatory held-out estimate,m-shift_reversal-9acb9774d9,migliore2014_mt_soma,1,P00_canonical,ap_amplitude,exceeds,84.54416275022575,94.6511955261036,10.107032775877855,1.690883255004515,r-fdc29d572ab8d33a1f37,r-7f84302635c971e4718f
neuron_model_behavioral_validation,Neuraxis,development_pilot,PILOT2_PROTOCOL,Exploratory development data; second development iteration informed by Pilot 1; not independent confirmation; never pooled with the confirmatory held-out estimate,m-shift_reversal-9acb9774d9,migliore2014_mt_soma,1,P03_rheobase,rheobase,exceeds,0.024690936411447307,0.024110374974386995,0.0005805614370603118,0.0004938187282289461,s-41b22c8fa120e2b12315,s-feb18bc6b3b01dede9ee
neuron_model_behavioral_validation,Neuraxis,development_pilot,PILOT2_PROTOCOL,Exploratory development data; second development iteration informed by Pilot 1; not independent confirmation; never pooled with the confirmatory held-out estimate,m-shift_reversal-9acb9774d9,migliore2014_mt_soma,1,P04_step_2x,ahp_depth,exceeds,-13.209152221679446,-14.635002136229986,1.4258499145505397,0.6604576110839724,r-007bacc26e9c06940666,r-b56fc25c3a2362deef6e
neuron_model_behavioral_validation,Neuraxis,development_pilot,PILOT2_PROTOCOL,Exploratory development data; second development iteration informed by Pilot 1; not independent confirmation; never pooled with the confirmatory held-out estimate,m-shift_reversal-9acb9774d9,migliore2014_mt_soma,1,P04_step_2x,ap_amplitude,exceeds,84.44722366475656,94.53992462302645,10.092700958269887,1.6889444732951313,r-007bacc26e9c06940666,r-b56fc25c3a2362deef6e
neuron_model_behavioral_validation,Neuraxis,development_pilot,PILOT2_PROTOCOL,Exploratory development data; second development iteration informed by Pilot 1; not independent confirmation; never pooled with the confirmatory held-out estimate,m-shift_reversal-9acb9774d9,migliore2014_mt_soma,1,P05_long_step,ahp_depth,exceeds,-14.216171264648949,-15.537178039550781,1.3210067749018322,0.7108085632324475,r-2e016fe90119b688bc84,r-46ece7203e1efd7f00a8
neuron_model_behavioral_validation,Neuraxis,development_pilot,PILOT2_PROTOCOL,Exploratory development data; second development iteration informed by Pilot 1; not independent confirmation; never pooled with the confirmatory held-out estimate,m-shift_reversal-9acb9774d9,migliore2014_mt_soma,1,P05_long_step,ap_amplitude,exceeds,84.2643203750593,94.22221756134981,9.95789718629051,1.685286407501186,r-2e016fe90119b688bc84,r-46ece7203e1efd7f00a8
neuron_model_behavioral_validation,Neuraxis,development_pilot,PILOT2_PROTOCOL,Exploratory development data; second development iteration informed by Pilot 1; not independent confirmation; never pooled with the confirmatory held-out estimate,m-shift_reversal-9acb9774d9,migliore2014_mt_soma,1,P05_long_step,first_spike_latency,exceeds,27.809999999846866,27.049999999847557,0.7599999999993088,0.5561999999969374,r-2e016fe90119b688bc84,r-46ece7203e1efd7f00a8
neuron_model_behavioral_validation,Neuraxis,development_pilot,PILOT2_PROTOCOL,Exploratory development data; second development iteration informed by Pilot 1; not independent confirmation; never pooled with the confirmatory held-out estimate,m-shift_reversal-9acb9774d9,migliore2014_mt_soma,1,P05_long_step,last_isi,exceeds,112.64000000245869,115.06000000251152,2.4200000000528235,2.2528000000491737,r-2e016fe90119b688bc84,r-46ece7203e1efd7f00a8
neuron_model_behavioral_validation,Neuraxis,development_pilot,PILOT2_PROTOCOL,Exploratory development data; second development iteration informed by Pilot 1; not independent confirmation; never pooled with the confirmatory held-out estimate,m-shift_reversal-9acb9774d9,migliore2014_mt_soma,1,P06_ramp,first_spike_latency,exceeds,400.72999999950775,391.72999999951594,8.999999999991815,8.014599999990155,r-0cd5f319bb80295395e1,r-547b5b99f09f4f70fa05
neuron_model_behavioral_validation,Neuraxis,development_pilot,PILOT2_PROTOCOL,Exploratory development data; second development iteration informed by Pilot 1; not independent confirmation; never pooled with the confirmatory held-out estimate,m-shift_reversal-9acb9774d9,migliore2014_mt_soma,1,P09_short_pulse,ahp_depth,exceeds,-17.906005859375,-18.833297729492188,0.9272918701171875,0.89530029296875,r-35777975476ff8854a8b,r-74ed2645b230beea69ce
neuron_model_behavioral_validation,Neuraxis,development_pilot,PILOT2_PROTOCOL,Exploratory development data; second development iteration informed by Pilot 1; not independent confirmation; never pooled with the confirmatory held-out estimate,m-shift_reversal-9acb9774d9,migliore2014_mt_soma,1,P09_short_pulse,ap_amplitude,exceeds,84.03120803962754,94.1106147779056,10.079406738278053,1.680624160792551,r-35777975476ff8854a8b,r-74ed2645b230beea69ce
neuron_model_behavioral_validation,Neuraxis,development_pilot,PILOT2_PROTOCOL,Exploratory development data; second development iteration informed by Pilot 1; not independent confirmation; never pooled with the confirmatory held-out estimate,m-shift_reversal-9acb9774d9,migliore2014_mt_soma,2,P00_canonical,ahp_depth,exceeds,-12.354972194083288,-13.870637428701215,1.5156652346179271,0.6195343017578125,r-05c666388af07453703e,r-c23cde969b7bac669056
neuron_model_behavioral_validation,Neuraxis,development_pilot,PILOT2_PROTOCOL,Exploratory development data; second development iteration informed by Pilot 1; not independent confirmation; never pooled with the confirmatory held-out estimate,m-shift_reversal-9acb9774d9,migliore2014_mt_soma,2,P00_canonical,ap_amplitude,exceeds,84.60015106199378,94.68136596677796,10.081214904784176,1.690883255004515,r-05c666388af07453703e,r-c23cde969b7bac669056
neuron_model_behavioral_validation,Neuraxis,development_pilot,PILOT2_PROTOCOL,Exploratory development data; second development iteration informed by Pilot 1; not independent confirmation; never pooled with the confirmatory held-out estimate,m-shift_reversal-9acb9774d9,migliore2014_mt_soma,2,P03_rheobase,rheobase,exceeds,0.024690936411447307,0.024110374974386995,0.0005805614370603118,0.0004938187282289461,s-2231bc09093d4c365d9c,s-57df9e5a412c7ac88416
neuron_model_behavioral_validation,Neuraxis,development_pilot,PILOT2_PROTOCOL,Exploratory development data; second development iteration informed by Pilot 1; not independent confirmation; never pooled with the confirmatory held-out estimate,m-shift_reversal-9acb9774d9,migliore2014_mt_soma,2,P04_step_2x,ahp_depth,exceeds,-13.192115783691406,-14.616828918457031,1.424713134765625,0.6604576110839724,r-0241c17b5ff2297d2a17,r-7be16f39864c12444dc7
neuron_model_behavioral_validation,Neuraxis,development_pilot,PILOT2_PROTOCOL,Exploratory development data; second development iteration informed by Pilot 1; not independent confirmation; never pooled with the confirmatory held-out estimate,m-shift_reversal-9acb9774d9,migliore2014_mt_soma,2,P04_step_2x,ap_amplitude,exceeds,84.47930145405832,94.45828628686849,9.97898483281017,1.6889444732951313,r-0241c17b5ff2297d2a17,r-7be16f39864c12444dc7
neuron_model_behavioral_validation,Neuraxis,development_pilot,PILOT2_PROTOCOL,Exploratory development data; second development iteration informed by Pilot 1; not independent confirmation; never pooled with the confirmatory held-out estimate,m-shift_reversal-9acb9774d9,migliore2014_mt_soma,2,P05_long_step,ahp_depth,exceeds,-14.199851989746094,-15.519821166992188,1.3199691772460938,0.7108085632324475,r-002bf860824963a1f621,r-eaa820f779912834ec1b
neuron_model_behavioral_validation,Neuraxis,development_pilot,PILOT2_PROTOCOL,Exploratory development data; second development iteration informed by Pilot 1; not independent confirmation; never pooled with the confirmatory held-out estimate,m-shift_reversal-9acb9774d9,migliore2014_mt_soma,2,P05_long_step,ap_amplitude,exceeds,84.2574310317606,94.30352020409165,10.046089172331051,1.685286407501186,r-002bf860824963a1f621,r-eaa820f779912834ec1b
neuron_model_behavioral_validation,Neuraxis,development_pilot,PILOT2_PROTOCOL,Exploratory development data; second development iteration informed by Pilot 1; not independent confirmation; never pooled with the confirmatory held-out estimate,m-shift_reversal-9acb9774d9,migliore2014_mt_soma,2,P05_long_step,first_spike_latency,exceeds,27.769999999846902,27.009999999847594,0.7599999999993088,0.5561999999969374,r-002bf860824963a1f621,r-eaa820f779912834ec1b
neuron_model_behavioral_validation,Neuraxis,development_pilot,PILOT2_PROTOCOL,Exploratory development data; second development iteration informed by Pilot 1; not independent confirmation; never pooled with the confirmatory held-out estimate,m-shift_reversal-9acb9774d9,migliore2014_mt_soma,2,P05_long_step,last_isi,exceeds,112.62000000245826,115.02000000251064,2.400000000052387,2.2528000000491737,r-002bf860824963a1f621,r-eaa820f779912834ec1b
neuron_model_behavioral_validation,Neuraxis,development_pilot,PILOT2_PROTOCOL,Exploratory development data; second development iteration informed by Pilot 1; not independent confirmation; never pooled with the confirmatory held-out estimate,m-shift_reversal-9acb9774d9,migliore2014_mt_soma,2,P06_ramp,first_spike_latency,exceeds,400.6799999995078,391.679999999516,8.999999999991815,8.014599999990155,r-046a6f9c0b3cbbc75058,r-492d487e6aa4bbf163c0
neuron_model_behavioral_validation,Neuraxis,development_pilot,PILOT2_PROTOCOL,Exploratory development data; second development iteration informed by Pilot 1; not independent confirmation; never pooled with the confirmatory held-out estimate,m-shift_reversal-9acb9774d9,migliore2014_mt_soma,2,P09_short_pulse,ahp_depth,exceeds,-17.89281463623047,-18.81951141357422,0.92669677734375,0.89530029296875,r-aac3ae71b1a6189ef4f4,r-1f87a5b65b51e15fcdbc
neuron_model_behavioral_validation,Neuraxis,development_pilot,PILOT2_PROTOCOL,Exploratory development data; second development iteration informed by Pilot 1; not independent confirmation; never pooled with the confirmatory held-out estimate,m-shift_reversal-9acb9774d9,migliore2014_mt_soma,2,P09_short_pulse,ap_amplitude,exceeds,84.07723236217922,94.04696273933021,9.969730377150995,1.680624160792551,r-aac3ae71b1a6189ef4f4,r-1f87a5b65b51e15fcdbc
neuron_model_behavioral_validation,Neuraxis,development_pilot,PILOT2_PROTOCOL,Exploratory development data; second development iteration informed by Pilot 1; not independent confirmation; never pooled with the confirmatory held-out estimate,m-scale_capacitance-669e5e35b9,migliore2014_mt_soma,1,P00_canonical,first_spike_latency,exceeds,15.58000000000149,12.730000000002057,2.849999999999433,0.5,r-fdc29d572ab8d33a1f37,r-120f8530adfa8a922fd5
neuron_model_behavioral_validation,Neuraxis,development_pilot,PILOT2_PROTOCOL,Exploratory development data; second development iteration informed by Pilot 1; not independent confirmation; never pooled with the confirmatory held-out estimate,m-scale_capacitance-669e5e35b9,migliore2014_mt_soma,1,P03_rheobase,rheobase,exceeds,0.024690936411447307,0.023973772283313984,0.0007171641281333227,0.0004938187282289461,s-41b22c8fa120e2b12315,s-daa6be540226794ce7e0
neuron_model_behavioral_validation,Neuraxis,development_pilot,PILOT2_PROTOCOL,Exploratory development data; second development iteration informed by Pilot 1; not independent confirmation; never pooled with the confirmatory held-out estimate,m-scale_capacitance-669e5e35b9,migliore2014_mt_soma,1,P04_step_2x,first_spike_latency,exceeds,19.199999999854697,15.609999999857962,3.589999999996735,0.5,r-007bacc26e9c06940666,r-f72145e1e9fec511aa6e
neuron_model_behavioral_validation,Neuraxis,development_pilot,PILOT2_PROTOCOL,Exploratory development data; second development iteration informed by Pilot 1; not independent confirmation; never pooled with the confirmatory held-out estimate,m-scale_capacitance-669e5e35b9,migliore2014_mt_soma,1,P04_step_2x,last_isi,exceeds,79.52999999992767,75.87999999993099,3.6499999999966803,1.5905999999985534,r-007bacc26e9c06940666,r-f72145e1e9fec511aa6e
neuron_model_behavioral_validation,Neuraxis,development_pilot,PILOT2_PROTOCOL,Exploratory development data; second development iteration informed by Pilot 1; not independent confirmation; never pooled with the confirmatory held-out estimate,m-scale_capacitance-669e5e35b9,migliore2014_mt_soma,1,P05_long_step,first_spike_latency,exceeds,27.809999999846866,22.369999999851814,5.439999999995052,0.5561999999969374,r-2e016fe90119b688bc84,r-7e8725242f6c94d11736
neuron_model_behavioral_validation,Neuraxis,development_pilot,PILOT2_PROTOCOL,Exploratory development data; second development iteration informed by Pilot 1; not independent confirmation; never pooled with the confirmatory held-out estimate,m-scale_capacitance-669e5e35b9,migliore2014_mt_soma,1,P05_long_step,last_isi,exceeds,112.64000000245869,108.72000000237313,3.9200000000855653,2.2528000000491737,r-2e016fe90119b688bc84,r-7e8725242f6c94d11736
neuron_model_behavioral_validation,Neuraxis,development_pilot,PILOT2_PROTOCOL,Exploratory development data; second development iteration informed by Pilot 1; not independent confirmation; never pooled with the confirmatory held-out estimate,m-scale_capacitance-669e5e35b9,migliore2014_mt_soma,1,P05_long_step,spike_count,exceeds,19.0,20.0,1.0,0.5,r-2e016fe90119b688bc84,r-7e8725242f6c94d11736
neuron_model_behavioral_validation,Neuraxis,development_pilot,PILOT2_PROTOCOL,Exploratory development data; second development iteration informed by Pilot 1; not independent confirmation; never pooled with the confirmatory held-out estimate,m-scale_capacitance-669e5e35b9,migliore2014_mt_soma,1,P06_ramp,first_spike_latency,exceeds,400.72999999950775,392.17999999951553,8.549999999992224,8.014599999990155,r-0cd5f319bb80295395e1,r-39ef3d49f08008ad894e
neuron_model_behavioral_validation,Neuraxis,development_pilot,PILOT2_PROTOCOL,Exploratory development data; second development iteration informed by Pilot 1; not independent confirmation; never pooled with the confirmatory held-out estimate,m-scale_capacitance-669e5e35b9,migliore2014_mt_soma,1,P09_short_pulse,ap_amplitude,exceeds,84.03120803962754,92.8362655652318,8.805057525604255,1.680624160792551,r-35777975476ff8854a8b,r-98ec10723ea69b73f411
neuron_model_behavioral_validation,Neuraxis,development_pilot,PILOT2_PROTOCOL,Exploratory development data; second development iteration informed by Pilot 1; not independent confirmation; never pooled with the confirmatory held-out estimate,m-scale_capacitance-669e5e35b9,migliore2014_mt_soma,1,P09_short_pulse,first_spike_latency,exceeds,5.479999999867175,4.019999999868503,1.4599999999986721,0.5,r-35777975476ff8854a8b,r-98ec10723ea69b73f411
neuron_model_behavioral_validation,Neuraxis,development_pilot,PILOT2_PROTOCOL,Exploratory development data; second development iteration informed by Pilot 1; not independent confirmation; never pooled with the confirmatory held-out estimate,m-scale_capacitance-669e5e35b9,migliore2014_mt_soma,2,P00_canonical,first_spike_latency,exceeds,15.520000000001502,12.680000000002067,2.839999999999435,0.5,r-05c666388af07453703e,r-ca08b7944a573cbc965d
neuron_model_behavioral_validation,Neuraxis,development_pilot,PILOT2_PROTOCOL,Exploratory development data; second development iteration informed by Pilot 1; not independent confirmation; never pooled with the confirmatory held-out estimate,m-scale_capacitance-669e5e35b9,migliore2014_mt_soma,2,P03_rheobase,rheobase,exceeds,0.024690936411447307,0.023973772283313984,0.0007171641281333227,0.0004938187282289461,s-2231bc09093d4c365d9c,s-590129342b9ff8052586
neuron_model_behavioral_validation,Neuraxis,development_pilot,PILOT2_PROTOCOL,Exploratory development data; second development iteration informed by Pilot 1; not independent confirmation; never pooled with the confirmatory held-out estimate,m-scale_capacitance-669e5e35b9,migliore2014_mt_soma,2,P04_step_2x,first_spike_latency,exceeds,19.169999999854724,15.57999999985799,3.589999999996735,0.5,r-0241c17b5ff2297d2a17,r-b43223f7eed3639400ce
neuron_model_behavioral_validation,Neuraxis,development_pilot,PILOT2_PROTOCOL,Exploratory development data; second development iteration informed by Pilot 1; not independent confirmation; never pooled with the confirmatory held-out estimate,m-scale_capacitance-669e5e35b9,migliore2014_mt_soma,2,P04_step_2x,last_isi,exceeds,79.51999999992768,75.869999999931,3.6499999999966803,1.5905999999985534,r-0241c17b5ff2297d2a17,r-b43223f7eed3639400ce
neuron_model_behavioral_validation,Neuraxis,development_pilot,PILOT2_PROTOCOL,Exploratory development data; second development iteration informed by Pilot 1; not independent confirmation; never pooled with the confirmatory held-out estimate,m-scale_capacitance-669e5e35b9,migliore2014_mt_soma,2,P05_long_step,first_spike_latency,exceeds,27.769999999846902,22.33999999985184,5.429999999995061,0.5561999999969374,r-002bf860824963a1f621,r-4b286348234c85dc9d07
neuron_model_behavioral_validation,Neuraxis,development_pilot,PILOT2_PROTOCOL,Exploratory development data; second development iteration informed by Pilot 1; not independent confirmation; never pooled with the confirmatory held-out estimate,m-scale_capacitance-669e5e35b9,migliore2014_mt_soma,2,P05_long_step,last_isi,exceeds,112.62000000245826,108.69000000237247,3.9300000000857835,2.2528000000491737,r-002bf860824963a1f621,r-4b286348234c85dc9d07
neuron_model_behavioral_validation,Neuraxis,development_pilot,PILOT2_PROTOCOL,Exploratory development data; second development iteration informed by Pilot 1; not independent confirmation; never pooled with the confirmatory held-out estimate,m-scale_capacitance-669e5e35b9,migliore2014_mt_soma,2,P05_long_step,spike_count,exceeds,19.0,20.0,1.0,0.5,r-002bf860824963a1f621,r-4b286348234c85dc9d07
neuron_model_behavioral_validation,Neuraxis,development_pilot,PILOT2_PROTOCOL,Exploratory development data; second development iteration informed by Pilot 1; not independent confirmation; never pooled with the confirmatory held-out estimate,m-scale_capacitance-669e5e35b9,migliore2014_mt_soma,2,P06_ramp,first_spike_latency,exceeds,400.6799999995078,392.1299999995156,8.549999999992224,8.014599999990155,r-046a6f9c0b3cbbc75058,r-485606d8417ca2824ce3
neuron_model_behavioral_validation,Neuraxis,development_pilot,PILOT2_PROTOCOL,Exploratory development data; second development iteration informed by Pilot 1; not independent confirmation; never pooled with the confirmatory held-out estimate,m-scale_capacitance-669e5e35b9,migliore2014_mt_soma,2,P09_short_pulse,ap_amplitude,exceeds,84.07723236217922,92.90596771367652,8.8287353514973,1.680624160792551,r-aac3ae71b1a6189ef4f4,r-8259c9fd67ed0cbccdea
neuron_model_behavioral_validation,Neuraxis,development_pilot,PILOT2_PROTOCOL,Exploratory development data; second development iteration informed by Pilot 1; not independent confirmation; never pooled with the confirmatory held-out estimate,m-scale_capacitance-669e5e35b9,migliore2014_mt_soma,2,P09_short_pulse,first_spike_latency,exceeds,5.459999999867193,3.999999999868521,1.4599999999986721,0.5,r-aac3ae71b1a6189ef4f4,r-8259c9fd67ed0cbccdea
neuron_model_behavioral_validation,Neuraxis,development_pilot,PILOT2_PROTOCOL,Exploratory development data; second development iteration informed by Pilot 1; not independent confirmation; never pooled with the confirmatory held-out estimate,m-scale_capacitance-f459583f48,migliore2014_mt_soma,1,P00_canonical,ahp_depth,exceeds,-12.39068603515625,-14.10739135742189,1.7167053222656392,0.6195343017578125,r-fdc29d572ab8d33a1f37,r-981bdd0cf4c38ac5950d
neuron_model_behavioral_validation,Neuraxis,development_pilot,PILOT2_PROTOCOL,Exploratory development data; second development iteration informed by Pilot 1; not independent confirmation; never pooled with the confirmatory held-out estimate,m-scale_capacitance-f459583f48,migliore2014_mt_soma,1,P00_canonical,ap_amplitude,exceeds,84.54416275022575,87.31504440306045,2.770881652834703,1.690883255004515,r-fdc29d572ab8d33a1f37,r-981bdd0cf4c38ac5950d
neuron_model_behavioral_validation,Neuraxis,development_pilot,PILOT2_PROTOCOL,Exploratory development data; second development iteration informed by Pilot 1; not independent confirmation; never pooled with the confirmatory held-out estimate,m-scale_capacitance-f459583f48,migliore2014_mt_soma,1,P00_canonical,first_spike_latency,exceeds,15.58000000000149,8.440000000001646,7.139999999999844,0.5,r-fdc29d572ab8d33a1f37,r-981bdd0cf4c38ac5950d
neuron_model_behavioral_validation,Neuraxis,development_pilot,PILOT2_PROTOCOL,Exploratory development data; second development iteration informed by Pilot 1; not independent confirmation; never pooled with the confirmatory held-out estimate,m-scale_capacitance-f459583f48,migliore2014_mt_soma,1,P03_rheobase,rheobase,exceeds,0.024690936411447307,0.022539444027047335,0.0021514923843999716,0.0004938187282289461,s-41b22c8fa120e2b12315,s-c4a462f6fab43872920d
neuron_model_behavioral_validation,Neuraxis,development_pilot,PILOT2_PROTOCOL,Exploratory development data; second development iteration informed by Pilot 1; not independent confirmation; never pooled with the confirmatory held-out estimate,m-scale_capacitance-f459583f48,migliore2014_mt_soma,1,P04_step_2x,ahp_depth,exceeds,-13.209152221679446,-14.952186584471761,1.743034362792315,0.6604576110839724,r-007bacc26e9c06940666,r-c7352738bee39186b940
neuron_model_behavioral_validation,Neuraxis,development_pilot,PILOT2_PROTOCOL,Exploratory development data; second development iteration informed by Pilot 1; not independent confirmation; never pooled with the confirmatory held-out estimate,m-scale_capacitance-f459583f48,migliore2014_mt_soma,1,P04_step_2x,ap_amplitude,exceeds,84.44722366475656,87.17129135269684,2.724067687940277,1.6889444732951313,r-007bacc26e9c06940666,r-c7352738bee39186b940
neuron_model_behavioral_validation,Neuraxis,development_pilot,PILOT2_PROTOCOL,Exploratory development data; second development iteration informed by Pilot 1; not independent confirmation; never pooled with the confirmatory held-out estimate,m-scale_capacitance-f459583f48,migliore2014_mt_soma,1,P04_step_2x,first_spike_latency,exceeds,19.199999999854697,10.239999999862846,8.959999999991851,0.5,r-007bacc26e9c06940666,r-c7352738bee39186b940
neuron_model_behavioral_validation,Neuraxis,development_pilot,PILOT2_PROTOCOL,Exploratory development data; second development iteration informed by Pilot 1; not independent confirmation; never pooled with the confirmatory held-out estimate,m-scale_capacitance-f459583f48,migliore2014_mt_soma,1,P04_step_2x,last_isi,exceeds,79.52999999992767,71.91999999993459,7.609999999993079,1.5905999999985534,r-007bacc26e9c06940666,r-c7352738bee39186b940
neuron_model_behavioral_validation,Neuraxis,development_pilot,PILOT2_PROTOCOL,Exploratory development data; second development iteration informed by Pilot 1; not independent confirmation; never pooled with the confirmatory held-out estimate,m-scale_capacitance-f459583f48,migliore2014_mt_soma,1,P04_step_2x,spike_count,exceeds,7.0,8.0,1.0,0.5,r-007bacc26e9c06940666,r-c7352738bee39186b940
neuron_model_behavioral_validation,Neuraxis,development_pilot,PILOT2_PROTOCOL,Exploratory development data; second development iteration informed by Pilot 1; not independent confirmation; never pooled with the confirmatory held-out estimate,m-scale_capacitance-f459583f48,migliore2014_mt_soma,1,P05_long_step,ahp_depth,exceeds,-14.216171264648949,-15.992164611815952,1.7759933471670024,0.7108085632324475,r-2e016fe90119b688bc84,r-5fd1abd1635b12189555
neuron_model_behavioral_validation,Neuraxis,development_pilot,PILOT2_PROTOCOL,Exploratory development data; second development iteration informed by Pilot 1; not independent confirmation; never pooled with the confirmatory held-out estimate,m-scale_capacitance-f459583f48,migliore2014_mt_soma,1,P05_long_step,ap_amplitude,exceeds,84.2643203750593,86.99682998798497,2.732509612925668,1.685286407501186,r-2e016fe90119b688bc84,r-5fd1abd1635b12189555
neuron_model_behavioral_validation,Neuraxis,development_pilot,PILOT2_PROTOCOL,Exploratory development data; second development iteration informed by Pilot 1; not independent confirmation; never pooled with the confirmatory held-out estimate,m-scale_capacitance-f459583f48,migliore2014_mt_soma,1,P05_long_step,first_spike_latency,exceeds,27.809999999846866,14.389999999859072,13.419999999987795,0.5561999999969374,r-2e016fe90119b688bc84,r-5fd1abd1635b12189555
neuron_model_behavioral_validation,Neuraxis,development_pilot,PILOT2_PROTOCOL,Exploratory development data; second development iteration informed by Pilot 1; not independent confirmation; never pooled with the confirmatory held-out estimate,m-scale_capacitance-f459583f48,migliore2014_mt_soma,1,P05_long_step,last_isi,exceeds,112.64000000245869,103.46000000225831,9.18000000020038,2.2528000000491737,r-2e016fe90119b688bc84,r-5fd1abd1635b12189555
neuron_model_behavioral_validation,Neuraxis,development_pilot,PILOT2_PROTOCOL,Exploratory development data; second development iteration informed by Pilot 1; not independent confirmation; never pooled with the confirmatory held-out estimate,m-scale_capacitance-f459583f48,migliore2014_mt_soma,1,P05_long_step,spike_count,exceeds,19.0,21.0,2.0,0.5,r-2e016fe90119b688bc84,r-5fd1abd1635b12189555
neuron_model_behavioral_validation,Neuraxis,development_pilot,PILOT2_PROTOCOL,Exploratory development data; second development iteration informed by Pilot 1; not independent confirmation; never pooled with the confirmatory held-out estimate,m-scale_capacitance-f459583f48,migliore2014_mt_soma,1,P06_ramp,first_spike_latency,exceeds,400.72999999950775,377.6199999995288,23.10999999997898,8.014599999990155,r-0cd5f319bb80295395e1,r-4377e518a02c35c5fea5
neuron_model_behavioral_validation,Neuraxis,development_pilot,PILOT2_PROTOCOL,Exploratory development data; second development iteration informed by Pilot 1; not independent confirmation; never pooled with the confirmatory held-out estimate,m-scale_capacitance-f459583f48,migliore2014_mt_soma,1,P06_ramp,spike_count,exceeds,9.0,10.0,1.0,0.5,r-0cd5f319bb80295395e1,r-4377e518a02c35c5fea5
neuron_model_behavioral_validation,Neuraxis,development_pilot,PILOT2_PROTOCOL,Exploratory development data; second development iteration informed by Pilot 1; not independent confirmation; never pooled with the confirmatory held-out estimate,m-scale_capacitance-f459583f48,migliore2014_mt_soma,1,P09_short_pulse,ahp_depth,exceeds,-17.906005859375,-19.575790405273438,1.6697845458984375,0.89530029296875,r-35777975476ff8854a8b,r-be0967ee585ff9a4a794
neuron_model_behavioral_validation,Neuraxis,development_pilot,PILOT2_PROTOCOL,Exploratory development data; second development iteration informed by Pilot 1; not independent confirmation; never pooled with the confirmatory held-out estimate,m-scale_capacitance-f459583f48,migliore2014_mt_soma,1,P09_short_pulse,ap_amplitude,exceeds,84.03120803962754,114.55339050510173,30.522182465474188,1.680624160792551,r-35777975476ff8854a8b,r-be0967ee585ff9a4a794
neuron_model_behavioral_validation,Neuraxis,development_pilot,PILOT2_PROTOCOL,Exploratory development data; second development iteration informed by Pilot 1; not independent confirmation; never pooled with the confirmatory held-out estimate,m-scale_capacitance-f459583f48,migliore2014_mt_soma,1,P09_short_pulse,first_spike_latency,exceeds,5.479999999867175,2.7199999998696853,2.75999999999749,0.5,r-35777975476ff8854a8b,r-be0967ee585ff9a4a794
neuron_model_behavioral_validation,Neuraxis,development_pilot,PILOT2_PROTOCOL,Exploratory development data; second development iteration informed by Pilot 1; not independent confirmation; never pooled with the confirmatory held-out estimate,m-scale_capacitance-f459583f48,migliore2014_mt_soma,2,P00_canonical,ahp_depth,exceeds,-12.354972194083288,-14.07454556137769,1.7195733672944016,0.6195343017578125,r-05c666388af07453703e,r-db3a334ecdd89c1a95e5
neuron_model_behavioral_validation,Neuraxis,development_pilot,PILOT2_PROTOCOL,Exploratory development data; second development iteration informed by Pilot 1; not independent confirmation; never pooled with the confirmatory held-out estimate,m-scale_capacitance-f459583f48,migliore2014_mt_soma,2,P00_canonical,ap_amplitude,exceeds,84.60015106199378,87.363605499252,2.7634544372582184,1.690883255004515,r-05c666388af07453703e,r-db3a334ecdd89c1a95e5
neuron_model_behavioral_validation,Neuraxis,development_pilot,PILOT2_PROTOCOL,Exploratory development data; second development iteration informed by Pilot 1; not independent confirmation; never pooled with the confirmatory held-out estimate,m-scale_capacitance-f459583f48,migliore2014_mt_soma,2,P00_canonical,first_spike_latency,exceeds,15.520000000001502,8.390000000001638,7.129999999999864,0.5,r-05c666388af07453703e,r-db3a334ecdd89c1a95e5
neuron_model_behavioral_validation,Neuraxis,development_pilot,PILOT2_PROTOCOL,Exploratory development data; second development iteration informed by Pilot 1; not independent confirmation; never pooled with the confirmatory held-out estimate,m-scale_capacitance-f459583f48,migliore2014_mt_soma,2,P03_rheobase,rheobase,exceeds,0.024690936411447307,0.022539444027047335,0.0021514923843999716,0.0004938187282289461,s-2231bc09093d4c365d9c,s-6d679209076eaf56e145
neuron_model_behavioral_validation,Neuraxis,development_pilot,PILOT2_PROTOCOL,Exploratory development data; second development iteration informed by Pilot 1; not independent confirmation; never pooled with the confirmatory held-out estimate,m-scale_capacitance-f459583f48,migliore2014_mt_soma,2,P04_step_2x,ahp_depth,exceeds,-13.192115783691406,-14.936599731445312,1.7444839477539062,0.6604576110839724,r-0241c17b5ff2297d2a17,r-a9a321dfa35c35e0dbdc
neuron_model_behavioral_validation,Neuraxis,development_pilot,PILOT2_PROTOCOL,Exploratory development data; second development iteration informed by Pilot 1; not independent confirmation; never pooled with the confirmatory held-out estimate,m-scale_capacitance-f459583f48,migliore2014_mt_soma,2,P04_step_2x,ap_amplitude,exceeds,84.47930145405832,87.2525596632073,2.7732582091489775,1.6889444732951313,r-0241c17b5ff2297d2a17,r-a9a321dfa35c35e0dbdc
neuron_model_behavioral_validation,Neuraxis,development_pilot,PILOT2_PROTOCOL,Exploratory development data; second development iteration informed by Pilot 1; not independent confirmation; never pooled with the confirmatory held-out estimate,m-scale_capacitance-f459583f48,migliore2014_mt_soma,2,P04_step_2x,first_spike_latency,exceeds,19.169999999854724,10.209999999862873,8.959999999991851,0.5,r-0241c17b5ff2297d2a17,r-a9a321dfa35c35e0dbdc
neuron_model_behavioral_validation,Neuraxis,development_pilot,PILOT2_PROTOCOL,Exploratory development data; second development iteration informed by Pilot 1; not independent confirmation; never pooled with the confirmatory held-out estimate,m-scale_capacitance-f459583f48,migliore2014_mt_soma,2,P04_step_2x,last_isi,exceeds,79.51999999992768,71.9099999999346,7.609999999993079,1.5905999999985534,r-0241c17b5ff2297d2a17,r-a9a321dfa35c35e0dbdc
neuron_model_behavioral_validation,Neuraxis,development_pilot,PILOT2_PROTOCOL,Exploratory development data; second development iteration informed by Pilot 1; not independent confirmation; never pooled with the confirmatory held-out estimate,m-scale_capacitance-f459583f48,migliore2014_mt_soma,2,P04_step_2x,spike_count,exceeds,7.0,8.0,1.0,0.5,r-0241c17b5ff2297d2a17,r-a9a321dfa35c35e0dbdc
neuron_model_behavioral_validation,Neuraxis,development_pilot,PILOT2_PROTOCOL,Exploratory development data; second development iteration informed by Pilot 1; not independent confirmation; never pooled with the confirmatory held-out estimate,m-scale_capacitance-f459583f48,migliore2014_mt_soma,2,P05_long_step,ahp_depth,exceeds,-14.199851989746094,-15.977272033691406,1.7774200439453125,0.7108085632324475,r-002bf860824963a1f621,r-8082c98631d7760454cc
neuron_model_behavioral_validation,Neuraxis,development_pilot,PILOT2_PROTOCOL,Exploratory development data; second development iteration informed by Pilot 1; not independent confirmation; never pooled with the confirmatory held-out estimate,m-scale_capacitance-f459583f48,migliore2014_mt_soma,2,P05_long_step,ap_amplitude,exceeds,84.2574310317606,86.94264984275091,2.685218810990307,1.685286407501186,r-002bf860824963a1f621,r-8082c98631d7760454cc
neuron_model_behavioral_validation,Neuraxis,development_pilot,PILOT2_PROTOCOL,Exploratory development data; second development iteration informed by Pilot 1; not independent confirmation; never pooled with the confirmatory held-out estimate,m-scale_capacitance-f459583f48,migliore2014_mt_soma,2,P05_long_step,first_spike_latency,exceeds,27.769999999846902,14.359999999859099,13.409999999987804,0.5561999999969374,r-002bf860824963a1f621,r-8082c98631d7760454cc
neuron_model_behavioral_validation,Neuraxis,development_pilot,PILOT2_PROTOCOL,Exploratory development data; second development iteration informed by Pilot 1; not independent confirmation; never pooled with the confirmatory held-out estimate,m-scale_capacitance-f459583f48,migliore2014_mt_soma,2,P05_long_step,last_isi,exceeds,112.62000000245826,103.43000000225766,9.190000000200598,2.2528000000491737,r-002bf860824963a1f621,r-8082c98631d7760454cc
neuron_model_behavioral_validation,Neuraxis,development_pilot,PILOT2_PROTOCOL,Exploratory development data; second development iteration informed by Pilot 1; not independent confirmation; never pooled with the confirmatory held-out estimate,m-scale_capacitance-f459583f48,migliore2014_mt_soma,2,P05_long_step,spike_count,exceeds,19.0,21.0,2.0,0.5,r-002bf860824963a1f621,r-8082c98631d7760454cc
neuron_model_behavioral_validation,Neuraxis,development_pilot,PILOT2_PROTOCOL,Exploratory development data; second development iteration informed by Pilot 1; not independent confirmation; never pooled with the confirmatory held-out estimate,m-scale_capacitance-f459583f48,migliore2014_mt_soma,2,P06_ramp,first_spike_latency,exceeds,400.6799999995078,377.5699999995288,23.10999999997898,8.014599999990155,r-046a6f9c0b3cbbc75058,r-541c810cb87fd09efd11
neuron_model_behavioral_validation,Neuraxis,development_pilot,PILOT2_PROTOCOL,Exploratory development data; second development iteration informed by Pilot 1; not independent confirmation; never pooled with the confirmatory held-out estimate,m-scale_capacitance-f459583f48,migliore2014_mt_soma,2,P06_ramp,spike_count,exceeds,9.0,10.0,1.0,0.5,r-046a6f9c0b3cbbc75058,r-541c810cb87fd09efd11
neuron_model_behavioral_validation,Neuraxis,development_pilot,PILOT2_PROTOCOL,Exploratory development data; second development iteration informed by Pilot 1; not independent confirmation; never pooled with the confirmatory held-out estimate,m-scale_capacitance-f459583f48,migliore2014_mt_soma,2,P09_short_pulse,ahp_depth,exceeds,-17.89281463623047,-19.564239501953125,1.6714248657226562,0.89530029296875,r-aac3ae71b1a6189ef4f4,r-83d0b2be9022b6315894
neuron_model_behavioral_validation,Neuraxis,development_pilot,PILOT2_PROTOCOL,Exploratory development data; second development iteration informed by Pilot 1; not independent confirmation; never pooled with the confirmatory held-out estimate,m-scale_capacitance-f459583f48,migliore2014_mt_soma,2,P09_short_pulse,ap_amplitude,exceeds,84.07723236217922,114.53056717141888,30.453334809239664,1.680624160792551,r-aac3ae71b1a6189ef4f4,r-83d0b2be9022b6315894
neuron_model_behavioral_validation,Neuraxis,development_pilot,PILOT2_PROTOCOL,Exploratory development data; second development iteration informed by Pilot 1; not independent confirmation; never pooled with the confirmatory held-out estimate,m-scale_capacitance-f459583f48,migliore2014_mt_soma,2,P09_short_pulse,first_spike_latency,exceeds,5.459999999867193,2.7099999998696944,2.749999999997499,0.5,r-aac3ae71b1a6189ef4f4,r-83d0b2be9022b6315894
neuron_model_behavioral_validation,Neuraxis,development_pilot,PILOT2_PROTOCOL,Exploratory development data; second development iteration informed by Pilot 1; not independent confirmation; never pooled with the confirmatory held-out estimate,m-shift_gate_midpoint-f6ccf19d87,migliore2014_mt_soma,1,P00_canonical,ahp_depth,exceeds,-12.39068603515625,-13.895318899581682,1.5046328644254316,0.6195343017578125,r-fdc29d572ab8d33a1f37,r-50c19291728e4b370388
neuron_model_behavioral_validation,Neuraxis,development_pilot,PILOT2_PROTOCOL,Exploratory development data; second development iteration informed by Pilot 1; not independent confirmation; never pooled with the confirmatory held-out estimate,m-shift_gate_midpoint-f6ccf19d87,migliore2014_mt_soma,1,P00_canonical,first_spike_latency,exceeds,15.58000000000149,16.710000000001266,1.1299999999997752,0.5,r-fdc29d572ab8d33a1f37,r-50c19291728e4b370388
neuron_model_behavioral_validation,Neuraxis,development_pilot,PILOT2_PROTOCOL,Exploratory development data; second development iteration informed by Pilot 1; not independent confirmation; never pooled with the confirmatory held-out estimate,m-shift_gate_midpoint-f6ccf19d87,migliore2014_mt_soma,1,P02_weak_step,steady_state_voltage,exceeds,-58.44957622985835,-59.98505079269405,1.5354745628356952,0.5,r-007bacc26e9c06940666,r-9ba7db60b19ad4bf7643
neuron_model_behavioral_validation,Neuraxis,development_pilot,PILOT2_PROTOCOL,Exploratory development data; second development iteration informed by Pilot 1; not independent confirmation; never pooled with the confirmatory held-out estimate,m-shift_gate_midpoint-f6ccf19d87,migliore2014_mt_soma,1,P03_rheobase,rheobase,exceeds,0.024690936411447307,0.028925619834710745,0.004234683423263438,0.0004938187282289461,s-41b22c8fa120e2b12315,s-6cac837bba73b915bafa
neuron_model_behavioral_validation,Neuraxis,development_pilot,PILOT2_PROTOCOL,Exploratory development data; second development iteration informed by Pilot 1; not independent confirmation; never pooled with the confirmatory held-out estimate,m-shift_gate_midpoint-f6ccf19d87,migliore2014_mt_soma,1,P04_step_2x,ahp_depth,exceeds,-13.209152221679446,-14.454392143249748,1.2452399215703025,0.6604576110839724,r-007bacc26e9c06940666,r-9ba7db60b19ad4bf7643
neuron_model_behavioral_validation,Neuraxis,development_pilot,PILOT2_PROTOCOL,Exploratory development data; second development iteration informed by Pilot 1; not independent confirmation; never pooled with the confirmatory held-out estimate,m-shift_gate_midpoint-f6ccf19d87,migliore2014_mt_soma,1,P04_step_2x,first_spike_latency,exceeds,19.199999999854697,20.939999999853114,1.7399999999984175,0.5,r-007bacc26e9c06940666,r-9ba7db60b19ad4bf7643
neuron_model_behavioral_validation,Neuraxis,development_pilot,PILOT2_PROTOCOL,Exploratory development data; second development iteration informed by Pilot 1; not independent confirmation; never pooled with the confirmatory held-out estimate,m-shift_gate_midpoint-f6ccf19d87,migliore2014_mt_soma,1,P04_step_2x,last_isi,exceeds,79.52999999992767,103.84999999990555,24.31999999997788,1.5905999999985534,r-007bacc26e9c06940666,r-9ba7db60b19ad4bf7643
neuron_model_behavioral_validation,Neuraxis,development_pilot,PILOT2_PROTOCOL,Exploratory development data; second development iteration informed by Pilot 1; not independent confirmation; never pooled with the confirmatory held-out estimate,m-shift_gate_midpoint-f6ccf19d87,migliore2014_mt_soma,1,P04_step_2x,spike_count,exceeds,7.0,5.0,2.0,0.5,r-007bacc26e9c06940666,r-9ba7db60b19ad4bf7643
neuron_model_behavioral_validation,Neuraxis,development_pilot,PILOT2_PROTOCOL,Exploratory development data; second development iteration informed by Pilot 1; not independent confirmation; never pooled with the confirmatory held-out estimate,m-shift_gate_midpoint-f6ccf19d87,migliore2014_mt_soma,1,P05_long_step,adaptation_index,exceeds,0.005414466597953451,0.019986322789762364,0.014571856191808914,0.01,r-2e016fe90119b688bc84,r-bdd5649b3372528d4d68
neuron_model_behavioral_validation,Neuraxis,development_pilot,PILOT2_PROTOCOL,Exploratory development data; second development iteration informed by Pilot 1; not independent confirmation; never pooled with the confirmatory held-out estimate,m-shift_gate_midpoint-f6ccf19d87,migliore2014_mt_soma,1,P05_long_step,ahp_depth,exceeds,-14.216171264648949,-15.360558219909663,1.144386955260714,0.7108085632324475,r-2e016fe90119b688bc84,r-bdd5649b3372528d4d68
neuron_model_behavioral_validation,Neuraxis,development_pilot,PILOT2_PROTOCOL,Exploratory development data; second development iteration informed by Pilot 1; not independent confirmation; never pooled with the confirmatory held-out estimate,m-shift_gate_midpoint-f6ccf19d87,migliore2014_mt_soma,1,P05_long_step,first_spike_latency,exceeds,27.809999999846866,32.08999999984297,4.279999999996107,0.5561999999969374,r-2e016fe90119b688bc84,r-bdd5649b3372528d4d68
neuron_model_behavioral_validation,Neuraxis,development_pilot,PILOT2_PROTOCOL,Exploratory development data; second development iteration informed by Pilot 1; not independent confirmation; never pooled with the confirmatory held-out estimate,m-shift_gate_midpoint-f6ccf19d87,migliore2014_mt_soma,1,P05_long_step,last_isi,exceeds,112.64000000245869,218.3500000012384,105.70999999877972,2.2528000000491737,r-2e016fe90119b688bc84,r-bdd5649b3372528d4d68
neuron_model_behavioral_validation,Neuraxis,development_pilot,PILOT2_PROTOCOL,Exploratory development data; second development iteration informed by Pilot 1; not independent confirmation; never pooled with the confirmatory held-out estimate,m-shift_gate_midpoint-f6ccf19d87,migliore2014_mt_soma,1,P05_long_step,spike_count,exceeds,19.0,10.0,9.0,0.5,r-2e016fe90119b688bc84,r-bdd5649b3372528d4d68
neuron_model_behavioral_validation,Neuraxis,development_pilot,PILOT2_PROTOCOL,Exploratory development data; second development iteration informed by Pilot 1; not independent confirmation; never pooled with the confirmatory held-out estimate,m-shift_gate_midpoint-f6ccf19d87,migliore2014_mt_soma,1,P06_ramp,first_spike_latency,exceeds,400.72999999950775,489.0499999994274,88.31999999991967,8.014599999990155,r-0cd5f319bb80295395e1,r-f866b88db477f6fa4cc0
neuron_model_behavioral_validation,Neuraxis,development_pilot,PILOT2_PROTOCOL,Exploratory development data; second development iteration informed by Pilot 1; not independent confirmation; never pooled with the confirmatory held-out estimate,m-shift_gate_midpoint-f6ccf19d87,migliore2014_mt_soma,1,P06_ramp,spike_count,exceeds,9.0,6.0,3.0,0.5,r-0cd5f319bb80295395e1,r-f866b88db477f6fa4cc0
neuron_model_behavioral_validation,Neuraxis,development_pilot,PILOT2_PROTOCOL,Exploratory development data; second development iteration informed by Pilot 1; not independent confirmation; never pooled with the confirmatory held-out estimate,m-shift_gate_midpoint-f6ccf19d87,migliore2014_mt_soma,1,P09_short_pulse,first_spike_latency,exceeds,5.479999999867175,6.039999999866666,0.5599999999994907,0.5,r-35777975476ff8854a8b,r-75d1f697a3a20066761c
neuron_model_behavioral_validation,Neuraxis,development_pilot,PILOT2_PROTOCOL,Exploratory development data; second development iteration informed by Pilot 1; not independent confirmation; never pooled with the confirmatory held-out estimate,m-shift_gate_midpoint-f6ccf19d87,migliore2014_mt_soma,2,P00_canonical,ahp_depth,exceeds,-12.354972194083288,-13.866768452658576,1.5117962585752878,0.6195343017578125,r-05c666388af07453703e,r-22f4dbb7c9fb2aed5007
neuron_model_behavioral_validation,Neuraxis,development_pilot,PILOT2_PROTOCOL,Exploratory development data; second development iteration informed by Pilot 1; not independent confirmation; never pooled with the confirmatory held-out estimate,m-shift_gate_midpoint-f6ccf19d87,migliore2014_mt_soma,2,P00_canonical,first_spike_latency,exceeds,15.520000000001502,16.650000000001278,1.1299999999997752,0.5,r-05c666388af07453703e,r-22f4dbb7c9fb2aed5007
neuron_model_behavioral_validation,Neuraxis,development_pilot,PILOT2_PROTOCOL,Exploratory development data; second development iteration informed by Pilot 1; not independent confirmation; never pooled with the confirmatory held-out estimate,m-shift_gate_midpoint-f6ccf19d87,migliore2014_mt_soma,2,P02_weak_step,steady_state_voltage,exceeds,-58.449576139068554,-59.98505069808955,1.5354745590209973,0.5,r-0241c17b5ff2297d2a17,r-d90068ee1e8efd7a3b2b
neuron_model_behavioral_validation,Neuraxis,development_pilot,PILOT2_PROTOCOL,Exploratory development data; second development iteration informed by Pilot 1; not independent confirmation; never pooled with the confirmatory held-out estimate,m-shift_gate_midpoint-f6ccf19d87,migliore2014_mt_soma,2,P03_rheobase,rheobase,exceeds,0.024690936411447307,0.028925619834710745,0.004234683423263438,0.0004938187282289461,s-2231bc09093d4c365d9c,s-d08d27900c471e162eb5
neuron_model_behavioral_validation,Neuraxis,development_pilot,PILOT2_PROTOCOL,Exploratory development data; second development iteration informed by Pilot 1; not independent confirmation; never pooled with the confirmatory held-out estimate,m-shift_gate_midpoint-f6ccf19d87,migliore2014_mt_soma,2,P04_step_2x,ahp_depth,exceeds,-13.192115783691406,-14.440849973042802,1.2487341893513957,0.6604576110839724,r-0241c17b5ff2297d2a17,r-d90068ee1e8efd7a3b2b
neuron_model_behavioral_validation,Neuraxis,development_pilot,PILOT2_PROTOCOL,Exploratory development data; second development iteration informed by Pilot 1; not independent confirmation; never pooled with the confirmatory held-out estimate,m-shift_gate_midpoint-f6ccf19d87,migliore2014_mt_soma,2,P04_step_2x,first_spike_latency,exceeds,19.169999999854724,20.919999999853133,1.7499999999984084,0.5,r-0241c17b5ff2297d2a17,r-d90068ee1e8efd7a3b2b
neuron_model_behavioral_validation,Neuraxis,development_pilot,PILOT2_PROTOCOL,Exploratory development data; second development iteration informed by Pilot 1; not independent confirmation; never pooled with the confirmatory held-out estimate,m-shift_gate_midpoint-f6ccf19d87,migliore2014_mt_soma,2,P04_step_2x,last_isi,exceeds,79.51999999992768,103.82999999990557,24.30999999997789,1.5905999999985534,r-0241c17b5ff2297d2a17,r-d90068ee1e8efd7a3b2b
neuron_model_behavioral_validation,Neuraxis,development_pilot,PILOT2_PROTOCOL,Exploratory development data; second development iteration informed by Pilot 1; not independent confirmation; never pooled with the confirmatory held-out estimate,m-shift_gate_midpoint-f6ccf19d87,migliore2014_mt_soma,2,P04_step_2x,spike_count,exceeds,7.0,5.0,2.0,0.5,r-0241c17b5ff2297d2a17,r-d90068ee1e8efd7a3b2b
neuron_model_behavioral_validation,Neuraxis,development_pilot,PILOT2_PROTOCOL,Exploratory development data; second development iteration informed by Pilot 1; not independent confirmation; never pooled with the confirmatory held-out estimate,m-shift_gate_midpoint-f6ccf19d87,migliore2014_mt_soma,2,P05_long_step,adaptation_index,exceeds,0.0054122174080685195,0.01995127481345323,0.01453905740538471,0.01,r-002bf860824963a1f621,r-de708f2b5201608c9df8
neuron_model_behavioral_validation,Neuraxis,development_pilot,PILOT2_PROTOCOL,Exploratory development data; second development iteration informed by Pilot 1; not independent confirmation; never pooled with the confirmatory held-out estimate,m-shift_gate_midpoint-f6ccf19d87,migliore2014_mt_soma,2,P05_long_step,ahp_depth,exceeds,-14.199851989746094,-15.347733212787858,1.1478812230417645,0.7108085632324475,r-002bf860824963a1f621,r-de708f2b5201608c9df8
neuron_model_behavioral_validation,Neuraxis,development_pilot,PILOT2_PROTOCOL,Exploratory development data; second development iteration informed by Pilot 1; not independent confirmation; never pooled with the confirmatory held-out estimate,m-shift_gate_midpoint-f6ccf19d87,migliore2014_mt_soma,2,P05_long_step,first_spike_latency,exceeds,27.769999999846902,32.04999999984301,4.279999999996107,0.5561999999969374,r-002bf860824963a1f621,r-de708f2b5201608c9df8
neuron_model_behavioral_validation,Neuraxis,development_pilot,PILOT2_PROTOCOL,Exploratory development data; second development iteration informed by Pilot 1; not independent confirmation; never pooled with the confirmatory held-out estimate,m-shift_gate_midpoint-f6ccf19d87,migliore2014_mt_soma,2,P05_long_step,last_isi,exceeds,112.62000000245826,218.1500000012045,105.52999999874623,2.2528000000491737,r-002bf860824963a1f621,r-de708f2b5201608c9df8
neuron_model_behavioral_validation,Neuraxis,development_pilot,PILOT2_PROTOCOL,Exploratory development data; second development iteration informed by Pilot 1; not independent confirmation; never pooled with the confirmatory held-out estimate,m-shift_gate_midpoint-f6ccf19d87,migliore2014_mt_soma,2,P05_long_step,spike_count,exceeds,19.0,10.0,9.0,0.5,r-002bf860824963a1f621,r-de708f2b5201608c9df8
neuron_model_behavioral_validation,Neuraxis,development_pilot,PILOT2_PROTOCOL,Exploratory development data; second development iteration informed by Pilot 1; not independent confirmation; never pooled with the confirmatory held-out estimate,m-shift_gate_midpoint-f6ccf19d87,migliore2014_mt_soma,2,P06_ramp,first_spike_latency,exceeds,400.6799999995078,488.9999999994275,88.31999999991967,8.014599999990155,r-046a6f9c0b3cbbc75058,r-db62125758a3e3b0c13c
neuron_model_behavioral_validation,Neuraxis,development_pilot,PILOT2_PROTOCOL,Exploratory development data; second development iteration informed by Pilot 1; not independent confirmation; never pooled with the confirmatory held-out estimate,m-shift_gate_midpoint-f6ccf19d87,migliore2014_mt_soma,2,P06_ramp,spike_count,exceeds,9.0,6.0,3.0,0.5,r-046a6f9c0b3cbbc75058,r-db62125758a3e3b0c13c
neuron_model_behavioral_validation,Neuraxis,development_pilot,PILOT2_PROTOCOL,Exploratory development data; second development iteration informed by Pilot 1; not independent confirmation; never pooled with the confirmatory held-out estimate,m-shift_gate_midpoint-f6ccf19d87,migliore2014_mt_soma,2,P09_short_pulse,first_spike_latency,exceeds,5.459999999867193,6.009999999866693,0.5499999999994998,0.5,r-aac3ae71b1a6189ef4f4,r-9f3be86f1ad8f7c56eee
neuron_model_behavioral_validation,Neuraxis,development_pilot,PILOT2_PROTOCOL,Exploratory development data; second development iteration informed by Pilot 1; not independent confirmation; never pooled with the confirmatory held-out estimate,m-shift_gate_midpoint-c36e1e57f0,migliore2014_mt_soma,1,P05_long_step,last_isi,exceeds,112.64000000245869,117.75000000257023,5.11000000011154,2.2528000000491737,r-2e016fe90119b688bc84,r-47b8f00f69bd51377150
neuron_model_behavioral_validation,Neuraxis,development_pilot,PILOT2_PROTOCOL,Exploratory development data; second development iteration informed by Pilot 1; not independent confirmation; never pooled with the confirmatory held-out estimate,m-shift_gate_midpoint-c36e1e57f0,migliore2014_mt_soma,1,P05_long_step,spike_count,exceeds,19.0,18.0,1.0,0.5,r-2e016fe90119b688bc84,r-47b8f00f69bd51377150
neuron_model_behavioral_validation,Neuraxis,development_pilot,PILOT2_PROTOCOL,Exploratory development data; second development iteration informed by Pilot 1; not independent confirmation; never pooled with the confirmatory held-out estimate,m-shift_gate_midpoint-c36e1e57f0,migliore2014_mt_soma,1,P06_ramp,first_spike_latency,exceeds,400.72999999950775,417.53999999949247,16.80999999998471,8.014599999990155,r-0cd5f319bb80295395e1,r-8a94a4fa829c0c2d73e3
neuron_model_behavioral_validation,Neuraxis,development_pilot,PILOT2_PROTOCOL,Exploratory development data; second development iteration informed by Pilot 1; not independent confirmation; never pooled with the confirmatory held-out estimate,m-shift_gate_midpoint-c36e1e57f0,migliore2014_mt_soma,1,P06_ramp,spike_count,exceeds,9.0,8.0,1.0,0.5,r-0cd5f319bb80295395e1,r-8a94a4fa829c0c2d73e3
neuron_model_behavioral_validation,Neuraxis,development_pilot,PILOT2_PROTOCOL,Exploratory development data; second development iteration informed by Pilot 1; not independent confirmation; never pooled with the confirmatory held-out estimate,m-shift_gate_midpoint-c36e1e57f0,migliore2014_mt_soma,2,P05_long_step,last_isi,exceeds,112.62000000245826,117.72000000256958,5.100000000111322,2.2528000000491737,r-002bf860824963a1f621,r-f696d0ba42341e534afb
neuron_model_behavioral_validation,Neuraxis,development_pilot,PILOT2_PROTOCOL,Exploratory development data; second development iteration informed by Pilot 1; not independent confirmation; never pooled with the confirmatory held-out estimate,m-shift_gate_midpoint-c36e1e57f0,migliore2014_mt_soma,2,P05_long_step,spike_count,exceeds,19.0,18.0,1.0,0.5,r-002bf860824963a1f621,r-f696d0ba42341e534afb
neuron_model_behavioral_validation,Neuraxis,development_pilot,PILOT2_PROTOCOL,Exploratory development data; second development iteration informed by Pilot 1; not independent confirmation; never pooled with the confirmatory held-out estimate,m-shift_gate_midpoint-c36e1e57f0,migliore2014_mt_soma,2,P06_ramp,first_spike_latency,exceeds,400.6799999995078,417.4899999994925,16.80999999998471,8.014599999990155,r-046a6f9c0b3cbbc75058,r-d00c373d4196fab32999
neuron_model_behavioral_validation,Neuraxis,development_pilot,PILOT2_PROTOCOL,Exploratory development data; second development iteration informed by Pilot 1; not independent confirmation; never pooled with the confirmatory held-out estimate,m-shift_gate_midpoint-c36e1e57f0,migliore2014_mt_soma,2,P06_ramp,spike_count,exceeds,9.0,8.0,1.0,0.5,r-046a6f9c0b3cbbc75058,r-d00c373d4196fab32999
neuron_model_behavioral_validation,Neuraxis,development_pilot,PILOT2_PROTOCOL,Exploratory development data; second development iteration informed by Pilot 1; not independent confirmation; never pooled with the confirmatory held-out estimate,m-scale_gate_slope-15951a0f18,migliore2014_mt_soma,1,P00_canonical,ahp_depth,exceeds,-12.39068603515625,-14.85734673874888,2.4666607035926305,0.6195343017578125,r-fdc29d572ab8d33a1f37,r-d753db1fa81a34a26e56
neuron_model_behavioral_validation,Neuraxis,development_pilot,PILOT2_PROTOCOL,Exploratory development data; second development iteration informed by Pilot 1; not independent confirmation; never pooled with the confirmatory held-out estimate,m-scale_gate_slope-15951a0f18,migliore2014_mt_soma,1,P00_canonical,first_spike_latency,exceeds,15.58000000000149,13.590000000001886,1.989999999999604,0.5,r-fdc29d572ab8d33a1f37,r-d753db1fa81a34a26e56
neuron_model_behavioral_validation,Neuraxis,development_pilot,PILOT2_PROTOCOL,Exploratory development data; second development iteration informed by Pilot 1; not independent confirmation; never pooled with the confirmatory held-out estimate,m-scale_gate_slope-15951a0f18,migliore2014_mt_soma,1,P02_weak_step,steady_state_voltage,exceeds,-58.44957622985835,-53.899869396209674,4.549706833648678,0.5,r-007bacc26e9c06940666,r-e2ba43885ec4c6587c7f
neuron_model_behavioral_validation,Neuraxis,development_pilot,PILOT2_PROTOCOL,Exploratory development data; second development iteration informed by Pilot 1; not independent confirmation; never pooled with the confirmatory held-out estimate,m-scale_gate_slope-15951a0f18,migliore2014_mt_soma,1,P03_rheobase,rheobase,exceeds,0.024690936411447307,0.014548186599276007,0.0101427498121713,0.0004938187282289461,s-41b22c8fa120e2b12315,s-3e7660799f0de222f461
neuron_model_behavioral_validation,Neuraxis,development_pilot,PILOT2_PROTOCOL,Exploratory development data; second development iteration informed by Pilot 1; not independent confirmation; never pooled with the confirmatory held-out estimate,m-scale_gate_slope-15951a0f18,migliore2014_mt_soma,1,P04_step_2x,ahp_depth,exceeds,-13.209152221679446,-16.252468477884925,3.043316256205479,0.6604576110839724,r-007bacc26e9c06940666,r-e2ba43885ec4c6587c7f
neuron_model_behavioral_validation,Neuraxis,development_pilot,PILOT2_PROTOCOL,Exploratory development data; second development iteration informed by Pilot 1; not independent confirmation; never pooled with the confirmatory held-out estimate,m-scale_gate_slope-15951a0f18,migliore2014_mt_soma,1,P04_step_2x,first_spike_latency,exceeds,19.199999999854697,15.859999999857735,3.3399999999969623,0.5,r-007bacc26e9c06940666,r-e2ba43885ec4c6587c7f
neuron_model_behavioral_validation,Neuraxis,development_pilot,PILOT2_PROTOCOL,Exploratory development data; second development iteration informed by Pilot 1; not independent confirmation; never pooled with the confirmatory held-out estimate,m-scale_gate_slope-15951a0f18,migliore2014_mt_soma,1,P04_step_2x,last_isi,exceeds,79.52999999992767,55.93999999994912,23.589999999978545,1.5905999999985534,r-007bacc26e9c06940666,r-e2ba43885ec4c6587c7f
neuron_model_behavioral_validation,Neuraxis,development_pilot,PILOT2_PROTOCOL,Exploratory development data; second development iteration informed by Pilot 1; not independent confirmation; never pooled with the confirmatory held-out estimate,m-scale_gate_slope-15951a0f18,migliore2014_mt_soma,1,P04_step_2x,spike_count,exceeds,7.0,9.0,2.0,0.5,r-007bacc26e9c06940666,r-e2ba43885ec4c6587c7f
neuron_model_behavioral_validation,Neuraxis,development_pilot,PILOT2_PROTOCOL,Exploratory development data; second development iteration informed by Pilot 1; not independent confirmation; never pooled with the confirmatory held-out estimate,m-scale_gate_slope-15951a0f18,migliore2014_mt_soma,1,P05_long_step,ahp_depth,exceeds,-14.216171264648949,-17.02508200327555,2.808910738626601,0.7108085632324475,r-2e016fe90119b688bc84,r-5c028e4f655d8e01210d
neuron_model_behavioral_validation,Neuraxis,development_pilot,PILOT2_PROTOCOL,Exploratory development data; second development iteration informed by Pilot 1; not independent confirmation; never pooled with the confirmatory held-out estimate,m-scale_gate_slope-15951a0f18,migliore2014_mt_soma,1,P05_long_step,first_spike_latency,exceeds,27.809999999846866,21.299999999852787,6.509999999994079,0.5561999999969374,r-2e016fe90119b688bc84,r-5c028e4f655d8e01210d
neuron_model_behavioral_validation,Neuraxis,development_pilot,PILOT2_PROTOCOL,Exploratory development data; second development iteration informed by Pilot 1; not independent confirmation; never pooled with the confirmatory held-out estimate,m-scale_gate_slope-15951a0f18,migliore2014_mt_soma,1,P05_long_step,last_isi,exceeds,112.64000000245869,70.0300000015286,42.610000000930086,2.2528000000491737,r-2e016fe90119b688bc84,r-5c028e4f655d8e01210d
neuron_model_behavioral_validation,Neuraxis,development_pilot,PILOT2_PROTOCOL,Exploratory development data; second development iteration informed by Pilot 1; not independent confirmation; never pooled with the confirmatory held-out estimate,m-scale_gate_slope-15951a0f18,migliore2014_mt_soma,1,P05_long_step,spike_count,exceeds,19.0,30.0,11.0,0.5,r-2e016fe90119b688bc84,r-5c028e4f655d8e01210d
neuron_model_behavioral_validation,Neuraxis,development_pilot,PILOT2_PROTOCOL,Exploratory development data; second development iteration informed by Pilot 1; not independent confirmation; never pooled with the confirmatory held-out estimate,m-scale_gate_slope-15951a0f18,migliore2014_mt_soma,1,P06_ramp,first_spike_latency,exceeds,400.72999999950775,257.22999999963827,143.4999999998695,8.014599999990155,r-0cd5f319bb80295395e1,r-c3b97c161c04af1057dc
neuron_model_behavioral_validation,Neuraxis,development_pilot,PILOT2_PROTOCOL,Exploratory development data; second development iteration informed by Pilot 1; not independent confirmation; never pooled with the confirmatory held-out estimate,m-scale_gate_slope-15951a0f18,migliore2014_mt_soma,1,P06_ramp,spike_count,exceeds,9.0,13.0,4.0,0.5,r-0cd5f319bb80295395e1,r-c3b97c161c04af1057dc
neuron_model_behavioral_validation,Neuraxis,development_pilot,PILOT2_PROTOCOL,Exploratory development data; second development iteration informed by Pilot 1; not independent confirmation; never pooled with the confirmatory held-out estimate,m-scale_gate_slope-15951a0f18,migliore2014_mt_soma,1,P09_short_pulse,ahp_depth,exceeds,-17.906005859375,-19.89507712046305,1.9890712610880499,0.89530029296875,r-35777975476ff8854a8b,r-701792a60f6a35d31686
neuron_model_behavioral_validation,Neuraxis,development_pilot,PILOT2_PROTOCOL,Exploratory development data; second development iteration informed by Pilot 1; not independent confirmation; never pooled with the confirmatory held-out estimate,m-scale_gate_slope-15951a0f18,migliore2014_mt_soma,1,P09_short_pulse,first_spike_latency,exceeds,5.479999999867175,4.639999999867939,0.839999999999236,0.5,r-35777975476ff8854a8b,r-701792a60f6a35d31686
neuron_model_behavioral_validation,Neuraxis,development_pilot,PILOT2_PROTOCOL,Exploratory development data; second development iteration informed by Pilot 1; not independent confirmation; never pooled with the confirmatory held-out estimate,m-scale_gate_slope-15951a0f18,migliore2014_mt_soma,2,P00_canonical,ahp_depth,exceeds,-12.354972194083288,-14.804755158685332,2.4497829646020435,0.6195343017578125,r-05c666388af07453703e,r-834ca6db2c73a0f02cf2
neuron_model_behavioral_validation,Neuraxis,development_pilot,PILOT2_PROTOCOL,Exploratory development data; second development iteration informed by Pilot 1; not independent confirmation; never pooled with the confirmatory held-out estimate,m-scale_gate_slope-15951a0f18,migliore2014_mt_soma,2,P00_canonical,first_spike_latency,exceeds,15.520000000001502,13.540000000001896,1.979999999999606,0.5,r-05c666388af07453703e,r-834ca6db2c73a0f02cf2
neuron_model_behavioral_validation,Neuraxis,development_pilot,PILOT2_PROTOCOL,Exploratory development data; second development iteration informed by Pilot 1; not independent confirmation; never pooled with the confirmatory held-out estimate,m-scale_gate_slope-15951a0f18,migliore2014_mt_soma,2,P02_weak_step,steady_state_voltage,exceeds,-58.449576139068554,-53.899868836212114,4.54970730285644,0.5,r-0241c17b5ff2297d2a17,r-50b6946c7d8d279e502e
neuron_model_behavioral_validation,Neuraxis,development_pilot,PILOT2_PROTOCOL,Exploratory development data; second development iteration informed by Pilot 1; not independent confirmation; never pooled with the confirmatory held-out estimate,m-scale_gate_slope-15951a0f18,migliore2014_mt_soma,2,P03_rheobase,rheobase,exceeds,0.024690936411447307,0.014548186599276007,0.0101427498121713,0.0004938187282289461,s-2231bc09093d4c365d9c,s-f588578522aee6f29551
neuron_model_behavioral_validation,Neuraxis,development_pilot,PILOT2_PROTOCOL,Exploratory development data; second development iteration informed by Pilot 1; not independent confirmation; never pooled with the confirmatory held-out estimate,m-scale_gate_slope-15951a0f18,migliore2014_mt_soma,2,P04_step_2x,ahp_depth,exceeds,-13.192115783691406,-16.227123645781532,3.0350078620901257,0.6604576110839724,r-0241c17b5ff2297d2a17,r-50b6946c7d8d279e502e
neuron_model_behavioral_validation,Neuraxis,development_pilot,PILOT2_PROTOCOL,Exploratory development data; second development iteration informed by Pilot 1; not independent confirmation; never pooled with the confirmatory held-out estimate,m-scale_gate_slope-15951a0f18,migliore2014_mt_soma,2,P04_step_2x,first_spike_latency,exceeds,19.169999999854724,15.829999999857762,3.3399999999969623,0.5,r-0241c17b5ff2297d2a17,r-50b6946c7d8d279e502e
neuron_model_behavioral_validation,Neuraxis,development_pilot,PILOT2_PROTOCOL,Exploratory development data; second development iteration informed by Pilot 1; not independent confirmation; never pooled with the confirmatory held-out estimate,m-scale_gate_slope-15951a0f18,migliore2014_mt_soma,2,P04_step_2x,last_isi,exceeds,79.51999999992768,55.949999999949114,23.569999999978563,1.5905999999985534,r-0241c17b5ff2297d2a17,r-50b6946c7d8d279e502e
neuron_model_behavioral_validation,Neuraxis,development_pilot,PILOT2_PROTOCOL,Exploratory development data; second development iteration informed by Pilot 1; not independent confirmation; never pooled with the confirmatory held-out estimate,m-scale_gate_slope-15951a0f18,migliore2014_mt_soma,2,P04_step_2x,spike_count,exceeds,7.0,9.0,2.0,0.5,r-0241c17b5ff2297d2a17,r-50b6946c7d8d279e502e
neuron_model_behavioral_validation,Neuraxis,development_pilot,PILOT2_PROTOCOL,Exploratory development data; second development iteration informed by Pilot 1; not independent confirmation; never pooled with the confirmatory held-out estimate,m-scale_gate_slope-15951a0f18,migliore2014_mt_soma,2,P05_long_step,ahp_depth,exceeds,-14.199851989746094,-17.0004467048645,2.8005947151184074,0.7108085632324475,r-002bf860824963a1f621,r-315b5b9079d2bd0844ee
neuron_model_behavioral_validation,Neuraxis,development_pilot,PILOT2_PROTOCOL,Exploratory development data; second development iteration informed by Pilot 1; not independent confirmation; never pooled with the confirmatory held-out estimate,m-scale_gate_slope-15951a0f18,migliore2014_mt_soma,2,P05_long_step,first_spike_latency,exceeds,27.769999999846902,21.269999999852814,6.499999999994088,0.5561999999969374,r-002bf860824963a1f621,r-315b5b9079d2bd0844ee
neuron_model_behavioral_validation,Neuraxis,development_pilot,PILOT2_PROTOCOL,Exploratory development data; second development iteration informed by Pilot 1; not independent confirmation; never pooled with the confirmatory held-out estimate,m-scale_gate_slope-15951a0f18,migliore2014_mt_soma,2,P05_long_step,last_isi,exceeds,112.62000000245826,70.04000000152882,42.58000000092943,2.2528000000491737,r-002bf860824963a1f621,r-315b5b9079d2bd0844ee
neuron_model_behavioral_validation,Neuraxis,development_pilot,PILOT2_PROTOCOL,Exploratory development data; second development iteration informed by Pilot 1; not independent confirmation; never pooled with the confirmatory held-out estimate,m-scale_gate_slope-15951a0f18,migliore2014_mt_soma,2,P05_long_step,spike_count,exceeds,19.0,30.0,11.0,0.5,r-002bf860824963a1f621,r-315b5b9079d2bd0844ee
neuron_model_behavioral_validation,Neuraxis,development_pilot,PILOT2_PROTOCOL,Exploratory development data; second development iteration informed by Pilot 1; not independent confirmation; never pooled with the confirmatory held-out estimate,m-scale_gate_slope-15951a0f18,migliore2014_mt_soma,2,P06_ramp,first_spike_latency,exceeds,400.6799999995078,257.1799999996383,143.4999999998695,8.014599999990155,r-046a6f9c0b3cbbc75058,r-ee6da22f37612b8f5fba
neuron_model_behavioral_validation,Neuraxis,development_pilot,PILOT2_PROTOCOL,Exploratory development data; second development iteration informed by Pilot 1; not independent confirmation; never pooled with the confirmatory held-out estimate,m-scale_gate_slope-15951a0f18,migliore2014_mt_soma,2,P06_ramp,spike_count,exceeds,9.0,13.0,4.0,0.5,r-046a6f9c0b3cbbc75058,r-ee6da22f37612b8f5fba
neuron_model_behavioral_validation,Neuraxis,development_pilot,PILOT2_PROTOCOL,Exploratory development data; second development iteration informed by Pilot 1; not independent confirmation; never pooled with the confirmatory held-out estimate,m-scale_gate_slope-15951a0f18,migliore2014_mt_soma,2,P09_short_pulse,ahp_depth,exceeds,-17.89281463623047,-19.87360802078247,1.9807933845520012,0.89530029296875,r-aac3ae71b1a6189ef4f4,r-2c0e997c6d2b47527736
neuron_model_behavioral_validation,Neuraxis,development_pilot,PILOT2_PROTOCOL,Exploratory development data; second development iteration informed by Pilot 1; not independent confirmation; never pooled with the confirmatory held-out estimate,m-scale_gate_slope-15951a0f18,migliore2014_mt_soma,2,P09_short_pulse,first_spike_latency,exceeds,5.459999999867193,4.619999999867957,0.839999999999236,0.5,r-aac3ae71b1a6189ef4f4,r-2c0e997c6d2b47527736
neuron_model_behavioral_validation,Neuraxis,development_pilot,PILOT2_PROTOCOL,Exploratory development data; second development iteration informed by Pilot 1; not independent confirmation; never pooled with the confirmatory held-out estimate,m-duplicate_conductance-36dae66739,migliore2014_mt_soma,1,P00_canonical,ahp_depth,exceeds,-12.39068603515625,-13.736048114833551,1.345362079677301,0.6195343017578125,r-fdc29d572ab8d33a1f37,r-418ad48da46838bbcd90
neuron_model_behavioral_validation,Neuraxis,development_pilot,PILOT2_PROTOCOL,Exploratory development data; second development iteration informed by Pilot 1; not independent confirmation; never pooled with the confirmatory held-out estimate,m-duplicate_conductance-36dae66739,migliore2014_mt_soma,1,P00_canonical,ap_amplitude,exceeds,84.54416275022575,87.55979919431411,3.015636444088358,1.690883255004515,r-fdc29d572ab8d33a1f37,r-418ad48da46838bbcd90
neuron_model_behavioral_validation,Neuraxis,development_pilot,PILOT2_PROTOCOL,Exploratory development data; second development iteration informed by Pilot 1; not independent confirmation; never pooled with the confirmatory held-out estimate,m-duplicate_conductance-36dae66739,migliore2014_mt_soma,1,P00_canonical,first_spike_latency,exceeds,15.58000000000149,13.680000000001868,1.899999999999622,0.5,r-fdc29d572ab8d33a1f37,r-418ad48da46838bbcd90
neuron_model_behavioral_validation,Neuraxis,development_pilot,PILOT2_PROTOCOL,Exploratory development data; second development iteration informed by Pilot 1; not independent confirmation; never pooled with the confirmatory held-out estimate,m-duplicate_conductance-36dae66739,migliore2014_mt_soma,1,P03_rheobase,rheobase,exceeds,0.024690936411447307,0.020592855679256884,0.004098080732190423,0.0004938187282289461,s-41b22c8fa120e2b12315,s-6f276661dfaaa0d62735
neuron_model_behavioral_validation,Neuraxis,development_pilot,PILOT2_PROTOCOL,Exploratory development data; second development iteration informed by Pilot 1; not independent confirmation; never pooled with the confirmatory held-out estimate,m-duplicate_conductance-36dae66739,migliore2014_mt_soma,1,P04_step_2x,ahp_depth,exceeds,-13.209152221679446,-14.497451782226562,1.2882995605471166,0.6604576110839724,r-007bacc26e9c06940666,r-a5b03fd8abf7a881c393
neuron_model_behavioral_validation,Neuraxis,development_pilot,PILOT2_PROTOCOL,Exploratory development data; second development iteration informed by Pilot 1; not independent confirmation; never pooled with the confirmatory held-out estimate,m-duplicate_conductance-36dae66739,migliore2014_mt_soma,1,P04_step_2x,ap_amplitude,exceeds,84.44722366475656,87.55795669696364,3.1107330322070794,1.6889444732951313,r-007bacc26e9c06940666,r-a5b03fd8abf7a881c393
neuron_model_behavioral_validation,Neuraxis,development_pilot,PILOT2_PROTOCOL,Exploratory development data; second development iteration informed by Pilot 1; not independent confirmation; never pooled with the confirmatory held-out estimate,m-duplicate_conductance-36dae66739,migliore2014_mt_soma,1,P04_step_2x,first_spike_latency,exceeds,19.199999999854697,16.609999999857052,2.5899999999976444,0.5,r-007bacc26e9c06940666,r-a5b03fd8abf7a881c393
neuron_model_behavioral_validation,Neuraxis,development_pilot,PILOT2_PROTOCOL,Exploratory development data; second development iteration informed by Pilot 1; not independent confirmation; never pooled with the confirmatory held-out estimate,m-duplicate_conductance-36dae66739,migliore2014_mt_soma,1,P04_step_2x,last_isi,exceeds,79.52999999992767,72.68999999993389,6.839999999993779,1.5905999999985534,r-007bacc26e9c06940666,r-a5b03fd8abf7a881c393
neuron_model_behavioral_validation,Neuraxis,development_pilot,PILOT2_PROTOCOL,Exploratory development data; second development iteration informed by Pilot 1; not independent confirmation; never pooled with the confirmatory held-out estimate,m-duplicate_conductance-36dae66739,migliore2014_mt_soma,1,P05_long_step,ahp_depth,exceeds,-14.216171264648949,-15.435829162597415,1.2196578979484656,0.7108085632324475,r-2e016fe90119b688bc84,r-4fb2f519e8cf74cd98ad
neuron_model_behavioral_validation,Neuraxis,development_pilot,PILOT2_PROTOCOL,Exploratory development data; second development iteration informed by Pilot 1; not independent confirmation; never pooled with the confirmatory held-out estimate,m-duplicate_conductance-36dae66739,migliore2014_mt_soma,1,P05_long_step,ap_amplitude,exceeds,84.2643203750593,87.43571853784275,3.171398162783447,1.685286407501186,r-2e016fe90119b688bc84,r-4fb2f519e8cf74cd98ad
neuron_model_behavioral_validation,Neuraxis,development_pilot,PILOT2_PROTOCOL,Exploratory development data; second development iteration informed by Pilot 1; not independent confirmation; never pooled with the confirmatory held-out estimate,m-duplicate_conductance-36dae66739,migliore2014_mt_soma,1,P05_long_step,first_spike_latency,exceeds,27.809999999846866,23.09999999985115,4.709999999995716,0.5561999999969374,r-2e016fe90119b688bc84,r-4fb2f519e8cf74cd98ad
neuron_model_behavioral_validation,Neuraxis,development_pilot,PILOT2_PROTOCOL,Exploratory development data; second development iteration informed by Pilot 1; not independent confirmation; never pooled with the confirmatory held-out estimate,m-duplicate_conductance-36dae66739,migliore2014_mt_soma,1,P05_long_step,last_isi,exceeds,112.64000000245869,96.73000000211141,15.910000000347281,2.2528000000491737,r-2e016fe90119b688bc84,r-4fb2f519e8cf74cd98ad
neuron_model_behavioral_validation,Neuraxis,development_pilot,PILOT2_PROTOCOL,Exploratory development data; second development iteration informed by Pilot 1; not independent confirmation; never pooled with the confirmatory held-out estimate,m-duplicate_conductance-36dae66739,migliore2014_mt_soma,1,P05_long_step,spike_count,exceeds,19.0,22.0,3.0,0.5,r-2e016fe90119b688bc84,r-4fb2f519e8cf74cd98ad
neuron_model_behavioral_validation,Neuraxis,development_pilot,PILOT2_PROTOCOL,Exploratory development data; second development iteration informed by Pilot 1; not independent confirmation; never pooled with the confirmatory held-out estimate,m-duplicate_conductance-36dae66739,migliore2014_mt_soma,1,P06_ramp,first_spike_latency,exceeds,400.72999999950775,337.9099999995649,62.819999999942866,8.014599999990155,r-0cd5f319bb80295395e1,r-ceca322b05cd7c82934c
neuron_model_behavioral_validation,Neuraxis,development_pilot,PILOT2_PROTOCOL,Exploratory development data; second development iteration informed by Pilot 1; not independent confirmation; never pooled with the confirmatory held-out estimate,m-duplicate_conductance-36dae66739,migliore2014_mt_soma,1,P06_ramp,spike_count,exceeds,9.0,10.0,1.0,0.5,r-0cd5f319bb80295395e1,r-ceca322b05cd7c82934c
neuron_model_behavioral_validation,Neuraxis,development_pilot,PILOT2_PROTOCOL,Exploratory development data; second development iteration informed by Pilot 1; not independent confirmation; never pooled with the confirmatory held-out estimate,m-duplicate_conductance-36dae66739,migliore2014_mt_soma,1,P09_short_pulse,ap_amplitude,exceeds,84.03120803962754,86.36170959602038,2.330501556392832,1.680624160792551,r-35777975476ff8854a8b,r-190722a89232c47e009c
neuron_model_behavioral_validation,Neuraxis,development_pilot,PILOT2_PROTOCOL,Exploratory development data; second development iteration informed by Pilot 1; not independent confirmation; never pooled with the confirmatory held-out estimate,m-duplicate_conductance-36dae66739,migliore2014_mt_soma,1,P09_short_pulse,first_spike_latency,exceeds,5.479999999867175,4.549999999868021,0.9299999999991542,0.5,r-35777975476ff8854a8b,r-190722a89232c47e009c
neuron_model_behavioral_validation,Neuraxis,development_pilot,PILOT2_PROTOCOL,Exploratory development data; second development iteration informed by Pilot 1; not independent confirmation; never pooled with the confirmatory held-out estimate,m-duplicate_conductance-36dae66739,migliore2014_mt_soma,2,P00_canonical,ahp_depth,exceeds,-12.354972194083288,-13.70719993173779,1.352227737654502,0.6195343017578125,r-05c666388af07453703e,r-25e5a2bf07079c8ba848
neuron_model_behavioral_validation,Neuraxis,development_pilot,PILOT2_PROTOCOL,Exploratory development data; second development iteration informed by Pilot 1; not independent confirmation; never pooled with the confirmatory held-out estimate,m-duplicate_conductance-36dae66739,migliore2014_mt_soma,2,P00_canonical,ap_amplitude,exceeds,84.60015106199378,87.66034698484188,3.060195922848095,1.690883255004515,r-05c666388af07453703e,r-25e5a2bf07079c8ba848
neuron_model_behavioral_validation,Neuraxis,development_pilot,PILOT2_PROTOCOL,Exploratory development data; second development iteration informed by Pilot 1; not independent confirmation; never pooled with the confirmatory held-out estimate,m-duplicate_conductance-36dae66739,migliore2014_mt_soma,2,P00_canonical,first_spike_latency,exceeds,15.520000000001502,13.62000000000188,1.899999999999622,0.5,r-05c666388af07453703e,r-25e5a2bf07079c8ba848
neuron_model_behavioral_validation,Neuraxis,development_pilot,PILOT2_PROTOCOL,Exploratory development data; second development iteration informed by Pilot 1; not independent confirmation; never pooled with the confirmatory held-out estimate,m-duplicate_conductance-36dae66739,migliore2014_mt_soma,2,P03_rheobase,rheobase,exceeds,0.024690936411447307,0.020592855679256884,0.004098080732190423,0.0004938187282289461,s-2231bc09093d4c365d9c,s-00aca18203ba3efd23f8
neuron_model_behavioral_validation,Neuraxis,development_pilot,PILOT2_PROTOCOL,Exploratory development data; second development iteration informed by Pilot 1; not independent confirmation; never pooled with the confirmatory held-out estimate,m-duplicate_conductance-36dae66739,migliore2014_mt_soma,2,P04_step_2x,ahp_depth,exceeds,-13.192115783691406,-14.483688354492188,1.2915725708007812,0.6604576110839724,r-0241c17b5ff2297d2a17,r-8fdcb27ab90ba3a3622b
neuron_model_behavioral_validation,Neuraxis,development_pilot,PILOT2_PROTOCOL,Exploratory development data; second development iteration informed by Pilot 1; not independent confirmation; never pooled with the confirmatory held-out estimate,m-duplicate_conductance-36dae66739,migliore2014_mt_soma,2,P04_step_2x,ap_amplitude,exceeds,84.47930145405832,87.61468887469422,3.135387420635908,1.6889444732951313,r-0241c17b5ff2297d2a17,r-8fdcb27ab90ba3a3622b
neuron_model_behavioral_validation,Neuraxis,development_pilot,PILOT2_PROTOCOL,Exploratory development data; second development iteration informed by Pilot 1; not independent confirmation; never pooled with the confirmatory held-out estimate,m-duplicate_conductance-36dae66739,migliore2014_mt_soma,2,P04_step_2x,first_spike_latency,exceeds,19.169999999854724,16.57999999985708,2.5899999999976444,0.5,r-0241c17b5ff2297d2a17,r-8fdcb27ab90ba3a3622b
neuron_model_behavioral_validation,Neuraxis,development_pilot,PILOT2_PROTOCOL,Exploratory development data; second development iteration informed by Pilot 1; not independent confirmation; never pooled with the confirmatory held-out estimate,m-duplicate_conductance-36dae66739,migliore2014_mt_soma,2,P04_step_2x,last_isi,exceeds,79.51999999992768,72.6699999999339,6.84999999999377,1.5905999999985534,r-0241c17b5ff2297d2a17,r-8fdcb27ab90ba3a3622b
neuron_model_behavioral_validation,Neuraxis,development_pilot,PILOT2_PROTOCOL,Exploratory development data; second development iteration informed by Pilot 1; not independent confirmation; never pooled with the confirmatory held-out estimate,m-duplicate_conductance-36dae66739,migliore2014_mt_soma,2,P05_long_step,ahp_depth,exceeds,-14.199851989746094,-15.422569274901846,1.2227172851557526,0.7108085632324475,r-002bf860824963a1f621,r-22d39ecdfcc9d5a00a37
neuron_model_behavioral_validation,Neuraxis,development_pilot,PILOT2_PROTOCOL,Exploratory development data; second development iteration informed by Pilot 1; not independent confirmation; never pooled with the confirmatory held-out estimate,m-duplicate_conductance-36dae66739,migliore2014_mt_soma,2,P05_long_step,ap_amplitude,exceeds,84.2574310317606,87.46005630641965,3.2026252746590416,1.685286407501186,r-002bf860824963a1f621,r-22d39ecdfcc9d5a00a37
neuron_model_behavioral_validation,Neuraxis,development_pilot,PILOT2_PROTOCOL,Exploratory development data; second development iteration informed by Pilot 1; not independent confirmation; never pooled with the confirmatory held-out estimate,m-duplicate_conductance-36dae66739,migliore2014_mt_soma,2,P05_long_step,first_spike_latency,exceeds,27.769999999846902,23.069999999851177,4.699999999995725,0.5561999999969374,r-002bf860824963a1f621,r-22d39ecdfcc9d5a00a37
neuron_model_behavioral_validation,Neuraxis,development_pilot,PILOT2_PROTOCOL,Exploratory development data; second development iteration informed by Pilot 1; not independent confirmation; never pooled with the confirmatory held-out estimate,m-duplicate_conductance-36dae66739,migliore2014_mt_soma,2,P05_long_step,last_isi,exceeds,112.62000000245826,96.72000000211119,15.900000000347063,2.2528000000491737,r-002bf860824963a1f621,r-22d39ecdfcc9d5a00a37
neuron_model_behavioral_validation,Neuraxis,development_pilot,PILOT2_PROTOCOL,Exploratory development data; second development iteration informed by Pilot 1; not independent confirmation; never pooled with the confirmatory held-out estimate,m-duplicate_conductance-36dae66739,migliore2014_mt_soma,2,P05_long_step,spike_count,exceeds,19.0,22.0,3.0,0.5,r-002bf860824963a1f621,r-22d39ecdfcc9d5a00a37
neuron_model_behavioral_validation,Neuraxis,development_pilot,PILOT2_PROTOCOL,Exploratory development data; second development iteration informed by Pilot 1; not independent confirmation; never pooled with the confirmatory held-out estimate,m-duplicate_conductance-36dae66739,migliore2014_mt_soma,2,P06_ramp,first_spike_latency,exceeds,400.6799999995078,337.85999999956493,62.819999999942866,8.014599999990155,r-046a6f9c0b3cbbc75058,r-69dc5830065511fa612e
neuron_model_behavioral_validation,Neuraxis,development_pilot,PILOT2_PROTOCOL,Exploratory development data; second development iteration informed by Pilot 1; not independent confirmation; never pooled with the confirmatory held-out estimate,m-duplicate_conductance-36dae66739,migliore2014_mt_soma,2,P06_ramp,spike_count,exceeds,9.0,10.0,1.0,0.5,r-046a6f9c0b3cbbc75058,r-69dc5830065511fa612e
neuron_model_behavioral_validation,Neuraxis,development_pilot,PILOT2_PROTOCOL,Exploratory development data; second development iteration informed by Pilot 1; not independent confirmation; never pooled with the confirmatory held-out estimate,m-duplicate_conductance-36dae66739,migliore2014_mt_soma,2,P09_short_pulse,ap_amplitude,exceeds,84.07723236217922,86.34989547862781,2.272663116448598,1.680624160792551,r-aac3ae71b1a6189ef4f4,r-162ff6a311f33b811ac8
neuron_model_behavioral_validation,Neuraxis,development_pilot,PILOT2_PROTOCOL,Exploratory development data; second development iteration informed by Pilot 1; not independent confirmation; never pooled with the confirmatory held-out estimate,m-duplicate_conductance-36dae66739,migliore2014_mt_soma,2,P09_short_pulse,first_spike_latency,exceeds,5.459999999867193,4.529999999868039,0.9299999999991542,0.5,r-aac3ae71b1a6189ef4f4,r-162ff6a311f33b811ac8
neuron_model_behavioral_validation,Neuraxis,development_pilot,PILOT2_PROTOCOL,Exploratory development data; second development iteration informed by Pilot 1; not independent confirmation; never pooled with the confirmatory held-out estimate,m-wrong_compatible_component-d99b9d3dab,migliore2014_mt_soma,1,P00_canonical,ap_amplitude,exceeds,84.54416275022575,89.92241668699194,5.3782539367661855,1.690883255004515,r-fdc29d572ab8d33a1f37,r-31de2a169390a84a4681
neuron_model_behavioral_validation,Neuraxis,development_pilot,PILOT2_PROTOCOL,Exploratory development data; second development iteration informed by Pilot 1; not independent confirmation; never pooled with the confirmatory held-out estimate,m-wrong_compatible_component-d99b9d3dab,migliore2014_mt_soma,1,P00_canonical,first_spike_latency,exceeds,15.58000000000149,11.400000000002109,4.1799999999993815,0.5,r-fdc29d572ab8d33a1f37,r-31de2a169390a84a4681
neuron_model_behavioral_validation,Neuraxis,development_pilot,PILOT2_PROTOCOL,Exploratory development data; second development iteration informed by Pilot 1; not independent confirmation; never pooled with the confirmatory held-out estimate,m-wrong_compatible_component-d99b9d3dab,migliore2014_mt_soma,1,P02_weak_step,steady_state_voltage,exceeds,-58.44957622985835,-57.202078374481154,1.2474978553771976,0.5,r-007bacc26e9c06940666,r-4e4219ec4fd90b90b97f
neuron_model_behavioral_validation,Neuraxis,development_pilot,PILOT2_PROTOCOL,Exploratory development data; second development iteration informed by Pilot 1; not independent confirmation; never pooled with the confirmatory held-out estimate,m-wrong_compatible_component-d99b9d3dab,migliore2014_mt_soma,1,P03_rheobase,rheobase,exceeds,0.024690936411447307,0.013489515743460146,0.01120142066798716,0.0004938187282289461,s-41b22c8fa120e2b12315,s-6fac38b2bc5276820ffa
neuron_model_behavioral_validation,Neuraxis,development_pilot,PILOT2_PROTOCOL,Exploratory development data; second development iteration informed by Pilot 1; not independent confirmation; never pooled with the confirmatory held-out estimate,m-wrong_compatible_component-d99b9d3dab,migliore2014_mt_soma,1,P04_step_2x,ap_amplitude,exceeds,84.44722366475656,89.72047805927653,5.273254394519967,1.6889444732951313,r-007bacc26e9c06940666,r-4e4219ec4fd90b90b97f
neuron_model_behavioral_validation,Neuraxis,development_pilot,PILOT2_PROTOCOL,Exploratory development data; second development iteration informed by Pilot 1; not independent confirmation; never pooled with the confirmatory held-out estimate,m-wrong_compatible_component-d99b9d3dab,migliore2014_mt_soma,1,P04_step_2x,first_spike_latency,exceeds,19.199999999854697,13.429999999859945,5.769999999994752,0.5,r-007bacc26e9c06940666,r-4e4219ec4fd90b90b97f
neuron_model_behavioral_validation,Neuraxis,development_pilot,PILOT2_PROTOCOL,Exploratory development data; second development iteration informed by Pilot 1; not independent confirmation; never pooled with the confirmatory held-out estimate,m-wrong_compatible_component-d99b9d3dab,migliore2014_mt_soma,1,P04_step_2x,last_isi,exceeds,79.52999999992767,61.29999999994425,18.22999999998342,1.5905999999985534,r-007bacc26e9c06940666,r-4e4219ec4fd90b90b97f
neuron_model_behavioral_validation,Neuraxis,development_pilot,PILOT2_PROTOCOL,Exploratory development data; second development iteration informed by Pilot 1; not independent confirmation; never pooled with the confirmatory held-out estimate,m-wrong_compatible_component-d99b9d3dab,migliore2014_mt_soma,1,P04_step_2x,spike_count,exceeds,7.0,9.0,2.0,0.5,r-007bacc26e9c06940666,r-4e4219ec4fd90b90b97f
neuron_model_behavioral_validation,Neuraxis,development_pilot,PILOT2_PROTOCOL,Exploratory development data; second development iteration informed by Pilot 1; not independent confirmation; never pooled with the confirmatory held-out estimate,m-wrong_compatible_component-d99b9d3dab,migliore2014_mt_soma,1,P05_long_step,ap_amplitude,exceeds,84.2643203750593,89.54698562761777,5.282665252558473,1.685286407501186,r-2e016fe90119b688bc84,r-5a55dd79161781d26e6c
neuron_model_behavioral_validation,Neuraxis,development_pilot,PILOT2_PROTOCOL,Exploratory development data; second development iteration informed by Pilot 1; not independent confirmation; never pooled with the confirmatory held-out estimate,m-wrong_compatible_component-d99b9d3dab,migliore2014_mt_soma,1,P05_long_step,first_spike_latency,exceeds,27.809999999846866,17.55999999985619,10.249999999990678,0.5561999999969374,r-2e016fe90119b688bc84,r-5a55dd79161781d26e6c
neuron_model_behavioral_validation,Neuraxis,development_pilot,PILOT2_PROTOCOL,Exploratory development data; second development iteration informed by Pilot 1; not independent confirmation; never pooled with the confirmatory held-out estimate,m-wrong_compatible_component-d99b9d3dab,migliore2014_mt_soma,1,P05_long_step,last_isi,exceeds,112.64000000245869,73.50000000160435,39.14000000085434,2.2528000000491737,r-2e016fe90119b688bc84,r-5a55dd79161781d26e6c
neuron_model_behavioral_validation,Neuraxis,development_pilot,PILOT2_PROTOCOL,Exploratory development data; second development iteration informed by Pilot 1; not independent confirmation; never pooled with the confirmatory held-out estimate,m-wrong_compatible_component-d99b9d3dab,migliore2014_mt_soma,1,P05_long_step,spike_count,exceeds,19.0,28.0,9.0,0.5,r-2e016fe90119b688bc84,r-5a55dd79161781d26e6c
neuron_model_behavioral_validation,Neuraxis,development_pilot,PILOT2_PROTOCOL,Exploratory development data; second development iteration informed by Pilot 1; not independent confirmation; never pooled with the confirmatory held-out estimate,m-wrong_compatible_component-d99b9d3dab,migliore2014_mt_soma,1,P06_ramp,first_spike_latency,exceeds,400.72999999950775,235.8699999996577,164.85999999985006,8.014599999990155,r-0cd5f319bb80295395e1,r-7c0b6e71ea0aa207d0d9
neuron_model_behavioral_validation,Neuraxis,development_pilot,PILOT2_PROTOCOL,Exploratory development data; second development iteration informed by Pilot 1; not independent confirmation; never pooled with the confirmatory held-out estimate,m-wrong_compatible_component-d99b9d3dab,migliore2014_mt_soma,1,P06_ramp,spike_count,exceeds,9.0,13.0,4.0,0.5,r-0cd5f319bb80295395e1,r-7c0b6e71ea0aa207d0d9
neuron_model_behavioral_validation,Neuraxis,development_pilot,PILOT2_PROTOCOL,Exploratory development data; second development iteration informed by Pilot 1; not independent confirmation; never pooled with the confirmatory held-out estimate,m-wrong_compatible_component-d99b9d3dab,migliore2014_mt_soma,1,P09_short_pulse,ap_amplitude,exceeds,84.03120803962754,92.77827453740261,8.747066497775066,1.680624160792551,r-35777975476ff8854a8b,r-a81aed9aef927462bc1f
neuron_model_behavioral_validation,Neuraxis,development_pilot,PILOT2_PROTOCOL,Exploratory development data; second development iteration informed by Pilot 1; not independent confirmation; never pooled with the confirmatory held-out estimate,m-wrong_compatible_component-d99b9d3dab,migliore2014_mt_soma,1,P09_short_pulse,first_spike_latency,exceeds,5.479999999867175,4.089999999868439,1.3899999999987358,0.5,r-35777975476ff8854a8b,r-a81aed9aef927462bc1f
neuron_model_behavioral_validation,Neuraxis,development_pilot,PILOT2_PROTOCOL,Exploratory development data; second development iteration informed by Pilot 1; not independent confirmation; never pooled with the confirmatory held-out estimate,m-wrong_compatible_component-d99b9d3dab,migliore2014_mt_soma,2,P00_canonical,ap_amplitude,exceeds,84.60015106199378,89.89284896848672,5.292697906492933,1.690883255004515,r-05c666388af07453703e,r-dd658465a5c4490cd939
neuron_model_behavioral_validation,Neuraxis,development_pilot,PILOT2_PROTOCOL,Exploratory development data; second development iteration informed by Pilot 1; not independent confirmation; never pooled with the confirmatory held-out estimate,m-wrong_compatible_component-d99b9d3dab,migliore2014_mt_soma,2,P00_canonical,first_spike_latency,exceeds,15.520000000001502,11.3400000000021,4.179999999999403,0.5,r-05c666388af07453703e,r-dd658465a5c4490cd939
neuron_model_behavioral_validation,Neuraxis,development_pilot,PILOT2_PROTOCOL,Exploratory development data; second development iteration informed by Pilot 1; not independent confirmation; never pooled with the confirmatory held-out estimate,m-wrong_compatible_component-d99b9d3dab,migliore2014_mt_soma,2,P02_weak_step,steady_state_voltage,exceeds,-58.449576139068554,-57.202077774810746,1.2474983642578081,0.5,r-0241c17b5ff2297d2a17,r-9e1dfbfa03bbaf6993d0
neuron_model_behavioral_validation,Neuraxis,development_pilot,PILOT2_PROTOCOL,Exploratory development data; second development iteration informed by Pilot 1; not independent confirmation; never pooled with the confirmatory held-out estimate,m-wrong_compatible_component-d99b9d3dab,migliore2014_mt_soma,2,P03_rheobase,rheobase,exceeds,0.024690936411447307,0.013489515743460146,0.01120142066798716,0.0004938187282289461,s-2231bc09093d4c365d9c,s-428bc565f22b40947599
neuron_model_behavioral_validation,Neuraxis,development_pilot,PILOT2_PROTOCOL,Exploratory development data; second development iteration informed by Pilot 1; not independent confirmation; never pooled with the confirmatory held-out estimate,m-wrong_compatible_component-d99b9d3dab,migliore2014_mt_soma,2,P04_step_2x,ap_amplitude,exceeds,84.47930145405832,89.76496124407562,5.285659790017306,1.6889444732951313,r-0241c17b5ff2297d2a17,r-9e1dfbfa03bbaf6993d0
neuron_model_behavioral_validation,Neuraxis,development_pilot,PILOT2_PROTOCOL,Exploratory development data; second development iteration informed by Pilot 1; not independent confirmation; never pooled with the confirmatory held-out estimate,m-wrong_compatible_component-d99b9d3dab,migliore2014_mt_soma,2,P04_step_2x,first_spike_latency,exceeds,19.169999999854724,13.399999999859972,5.769999999994752,0.5,r-0241c17b5ff2297d2a17,r-9e1dfbfa03bbaf6993d0
neuron_model_behavioral_validation,Neuraxis,development_pilot,PILOT2_PROTOCOL,Exploratory development data; second development iteration informed by Pilot 1; not independent confirmation; never pooled with the confirmatory held-out estimate,m-wrong_compatible_component-d99b9d3dab,migliore2014_mt_soma,2,P04_step_2x,last_isi,exceeds,79.51999999992768,61.28999999994426,18.22999999998342,1.5905999999985534,r-0241c17b5ff2297d2a17,r-9e1dfbfa03bbaf6993d0
neuron_model_behavioral_validation,Neuraxis,development_pilot,PILOT2_PROTOCOL,Exploratory development data; second development iteration informed by Pilot 1; not independent confirmation; never pooled with the confirmatory held-out estimate,m-wrong_compatible_component-d99b9d3dab,migliore2014_mt_soma,2,P04_step_2x,spike_count,exceeds,7.0,9.0,2.0,0.5,r-0241c17b5ff2297d2a17,r-9e1dfbfa03bbaf6993d0
neuron_model_behavioral_validation,Neuraxis,development_pilot,PILOT2_PROTOCOL,Exploratory development data; second development iteration informed by Pilot 1; not independent confirmation; never pooled with the confirmatory held-out estimate,m-wrong_compatible_component-d99b9d3dab,migliore2014_mt_soma,2,P05_long_step,ap_amplitude,exceeds,84.2574310317606,89.5643806471569,5.306949615396292,1.685286407501186,r-002bf860824963a1f621,r-0b5fae8b85e597cfbcbd
neuron_model_behavioral_validation,Neuraxis,development_pilot,PILOT2_PROTOCOL,Exploratory development data; second development iteration informed by Pilot 1; not independent confirmation; never pooled with the confirmatory held-out estimate,m-wrong_compatible_component-d99b9d3dab,migliore2014_mt_soma,2,P05_long_step,first_spike_latency,exceeds,27.769999999846902,17.529999999856216,10.239999999990687,0.5561999999969374,r-002bf860824963a1f621,r-0b5fae8b85e597cfbcbd
neuron_model_behavioral_validation,Neuraxis,development_pilot,PILOT2_PROTOCOL,Exploratory development data; second development iteration informed by Pilot 1; not independent confirmation; never pooled with the confirmatory held-out estimate,m-wrong_compatible_component-d99b9d3dab,migliore2014_mt_soma,2,P05_long_step,last_isi,exceeds,112.62000000245826,73.49000000160413,39.130000000854125,2.2528000000491737,r-002bf860824963a1f621,r-0b5fae8b85e597cfbcbd
neuron_model_behavioral_validation,Neuraxis,development_pilot,PILOT2_PROTOCOL,Exploratory development data; second development iteration informed by Pilot 1; not independent confirmation; never pooled with the confirmatory held-out estimate,m-wrong_compatible_component-d99b9d3dab,migliore2014_mt_soma,2,P05_long_step,spike_count,exceeds,19.0,28.0,9.0,0.5,r-002bf860824963a1f621,r-0b5fae8b85e597cfbcbd
neuron_model_behavioral_validation,Neuraxis,development_pilot,PILOT2_PROTOCOL,Exploratory development data; second development iteration informed by Pilot 1; not independent confirmation; never pooled with the confirmatory held-out estimate,m-wrong_compatible_component-d99b9d3dab,migliore2014_mt_soma,2,P06_ramp,first_spike_latency,exceeds,400.6799999995078,235.81999999965774,164.85999999985006,8.014599999990155,r-046a6f9c0b3cbbc75058,r-655d555d58041655d001
neuron_model_behavioral_validation,Neuraxis,development_pilot,PILOT2_PROTOCOL,Exploratory development data; second development iteration informed by Pilot 1; not independent confirmation; never pooled with the confirmatory held-out estimate,m-wrong_compatible_component-d99b9d3dab,migliore2014_mt_soma,2,P06_ramp,spike_count,exceeds,9.0,13.0,4.0,0.5,r-046a6f9c0b3cbbc75058,r-655d555d58041655d001
neuron_model_behavioral_validation,Neuraxis,development_pilot,PILOT2_PROTOCOL,Exploratory development data; second development iteration informed by Pilot 1; not independent confirmation; never pooled with the confirmatory held-out estimate,m-wrong_compatible_component-d99b9d3dab,migliore2014_mt_soma,2,P09_short_pulse,ap_amplitude,exceeds,84.07723236217922,92.82892990239878,8.751697540219567,1.680624160792551,r-aac3ae71b1a6189ef4f4,r-c24e9bf3353597631906
neuron_model_behavioral_validation,Neuraxis,development_pilot,PILOT2_PROTOCOL,Exploratory development data; second development iteration informed by Pilot 1; not independent confirmation; never pooled with the confirmatory held-out estimate,m-wrong_compatible_component-d99b9d3dab,migliore2014_mt_soma,2,P09_short_pulse,first_spike_latency,exceeds,5.459999999867193,4.0699999998684575,1.3899999999987358,0.5,r-aac3ae71b1a6189ef4f4,r-c24e9bf3353597631906
neuron_model_behavioral_validation,Neuraxis,development_pilot,PILOT2_PROTOCOL,Exploratory development data; second development iteration informed by Pilot 1; not independent confirmation; never pooled with the confirmatory held-out estimate,m-scale_conductance-ae18f4c43e,nml2_hh_example,1,P00_canonical,ap_amplitude,exceeds,95.13947677592056,98.40600585919444,3.2665290832738805,1.9027895355184112,r-5f0a94c66ff17cd98a0a,r-60577319b329b3cce6b4
neuron_model_behavioral_validation,Neuraxis,development_pilot,PILOT2_PROTOCOL,Exploratory development data; second development iteration informed by Pilot 1; not independent confirmation; never pooled with the confirmatory held-out estimate,m-scale_conductance-ae18f4c43e,nml2_hh_example,1,P00_canonical,last_isi,exceeds,16.12999999998533,14.569999999986749,1.5599999999985812,0.5,r-5f0a94c66ff17cd98a0a,r-60577319b329b3cce6b4
neuron_model_behavioral_validation,Neuraxis,development_pilot,PILOT2_PROTOCOL,Exploratory development data; second development iteration informed by Pilot 1; not independent confirmation; never pooled with the confirmatory held-out estimate,m-scale_conductance-ae18f4c43e,nml2_hh_example,1,P03_rheobase,rheobase,exceeds,0.022436992008742575,0.014445734580971245,0.00799125742777133,0.00044873984017485154,s-6485b8f0d5e0c45b0b4d,s-5b1cf6bc34541e62cad7
neuron_model_behavioral_validation,Neuraxis,development_pilot,PILOT2_PROTOCOL,Exploratory development data; second development iteration informed by Pilot 1; not independent confirmation; never pooled with the confirmatory held-out estimate,m-scale_conductance-ae18f4c43e,nml2_hh_example,1,P04_step_2x,adaptation_index,definedness,,0.0,,inf,r-66b1007575e04915ac55,r-59604b72727b2cbead5d
neuron_model_behavioral_validation,Neuraxis,development_pilot,PILOT2_PROTOCOL,Exploratory development data; second development iteration informed by Pilot 1; not independent confirmation; never pooled with the confirmatory held-out estimate,m-scale_conductance-ae18f4c43e,nml2_hh_example,1,P04_step_2x,ap_amplitude,exceeds,92.72434234740876,96.61985778927826,3.8955154418694917,1.8544868469481752,r-66b1007575e04915ac55,r-59604b72727b2cbead5d
neuron_model_behavioral_validation,Neuraxis,development_pilot,PILOT2_PROTOCOL,Exploratory development data; second development iteration informed by Pilot 1; not independent confirmation; never pooled with the confirmatory held-out estimate,m-scale_conductance-ae18f4c43e,nml2_hh_example,1,P04_step_2x,last_isi,definedness,,17.01999999998452,,inf,r-66b1007575e04915ac55,r-59604b72727b2cbead5d
neuron_model_behavioral_validation,Neuraxis,development_pilot,PILOT2_PROTOCOL,Exploratory development data; second development iteration informed by Pilot 1; not independent confirmation; never pooled with the confirmatory held-out estimate,m-scale_conductance-ae18f4c43e,nml2_hh_example,1,P04_step_2x,spike_count,exceeds,1.0,30.0,29.0,0.5,r-66b1007575e04915ac55,r-59604b72727b2cbead5d
neuron_model_behavioral_validation,Neuraxis,development_pilot,PILOT2_PROTOCOL,Exploratory development data; second development iteration informed by Pilot 1; not independent confirmation; never pooled with the confirmatory held-out estimate,m-scale_conductance-ae18f4c43e,nml2_hh_example,1,P05_long_step,adaptation_index,definedness,,-2.5663727087059514e-06,,inf,r-940eedfaa66e3fa96c16,r-15cd0326b846ce4f5961
neuron_model_behavioral_validation,Neuraxis,development_pilot,PILOT2_PROTOCOL,Exploratory development data; second development iteration informed by Pilot 1; not independent confirmation; never pooled with the confirmatory held-out estimate,m-scale_conductance-ae18f4c43e,nml2_hh_example,1,P05_long_step,ap_amplitude,exceeds,91.2126808181487,95.7896537792231,4.576972961074404,1.824253616362974,r-940eedfaa66e3fa96c16,r-15cd0326b846ce4f5961
neuron_model_behavioral_validation,Neuraxis,development_pilot,PILOT2_PROTOCOL,Exploratory development data; second development iteration informed by Pilot 1; not independent confirmation; never pooled with the confirmatory held-out estimate,m-scale_conductance-ae18f4c43e,nml2_hh_example,1,P05_long_step,first_spike_latency,exceeds,4.42999999986813,3.6299999998688577,0.7999999999992724,0.5,r-940eedfaa66e3fa96c16,r-15cd0326b846ce4f5961
neuron_model_behavioral_validation,Neuraxis,development_pilot,PILOT2_PROTOCOL,Exploratory development data; second development iteration informed by Pilot 1; not independent confirmation; never pooled with the confirmatory held-out estimate,m-scale_conductance-ae18f4c43e,nml2_hh_example,1,P05_long_step,last_isi,definedness,,18.550000000404907,,inf,r-940eedfaa66e3fa96c16,r-15cd0326b846ce4f5961
neuron_model_behavioral_validation,Neuraxis,development_pilot,PILOT2_PROTOCOL,Exploratory development data; second development iteration informed by Pilot 1; not independent confirmation; never pooled with the confirmatory held-out estimate,m-scale_conductance-ae18f4c43e,nml2_hh_example,1,P05_long_step,spike_count,exceeds,1.0,108.0,107.0,0.5,r-940eedfaa66e3fa96c16,r-15cd0326b846ce4f5961
neuron_model_behavioral_validation,Neuraxis,development_pilot,PILOT2_PROTOCOL,Exploratory development data; second development iteration informed by Pilot 1; not independent confirmation; never pooled with the confirmatory held-out estimate,m-scale_conductance-ae18f4c43e,nml2_hh_example,1,P08_rebound,first_spike_latency,exceeds,5.219999999412721,4.5399999994133395,0.6799999999993815,0.5,r-011ab0e03522b12f620c,r-d2d18ef02b200dda5240
neuron_model_behavioral_validation,Neuraxis,development_pilot,PILOT2_PROTOCOL,Exploratory development data; second development iteration informed by Pilot 1; not independent confirmation; never pooled with the confirmatory held-out estimate,m-scale_conductance-ae18f4c43e,nml2_hh_example,2,P00_canonical,ap_amplitude,exceeds,95.29706954941832,98.56742095928152,3.2703514098631956,1.9027895355184112,r-d4235ef154cdc2eeb44c,r-7cba09a2f7798a6d48ae
neuron_model_behavioral_validation,Neuraxis,development_pilot,PILOT2_PROTOCOL,Exploratory development data; second development iteration informed by Pilot 1; not independent confirmation; never pooled with the confirmatory held-out estimate,m-scale_conductance-ae18f4c43e,nml2_hh_example,2,P00_canonical,last_isi,exceeds,16.059999999985394,14.499999999986812,1.5599999999985812,0.5,r-d4235ef154cdc2eeb44c,r-7cba09a2f7798a6d48ae
neuron_model_behavioral_validation,Neuraxis,development_pilot,PILOT2_PROTOCOL,Exploratory development data; second development iteration informed by Pilot 1; not independent confirmation; never pooled with the confirmatory held-out estimate,m-scale_conductance-ae18f4c43e,nml2_hh_example,2,P03_rheobase,rheobase,exceeds,0.02240284133597432,0.014445734580971245,0.007957106755003076,0.00044873984017485154,s-b96e12fd1e882cb18a94,s-67f54ae403118d1fa058
neuron_model_behavioral_validation,Neuraxis,development_pilot,PILOT2_PROTOCOL,Exploratory development data; second development iteration informed by Pilot 1; not independent confirmation; never pooled with the confirmatory held-out estimate,m-scale_conductance-ae18f4c43e,nml2_hh_example,2,P04_step_2x,adaptation_index,definedness,,0.0,,inf,r-8d6f46142acd4ec898a7,r-1dc0a9d2342745347517
neuron_model_behavioral_validation,Neuraxis,development_pilot,PILOT2_PROTOCOL,Exploratory development data; second development iteration informed by Pilot 1; not independent confirmation; never pooled with the confirmatory held-out estimate,m-scale_conductance-ae18f4c43e,nml2_hh_example,2,P04_step_2x,ap_amplitude,exceeds,92.82558822777118,96.72834396492894,3.9027557371577615,1.8544868469481752,r-8d6f46142acd4ec898a7,r-1dc0a9d2342745347517
neuron_model_behavioral_validation,Neuraxis,development_pilot,PILOT2_PROTOCOL,Exploratory development data; second development iteration informed by Pilot 1; not independent confirmation; never pooled with the confirmatory held-out estimate,m-scale_conductance-ae18f4c43e,nml2_hh_example,2,P04_step_2x,last_isi,definedness,,16.979999999984557,,inf,r-8d6f46142acd4ec898a7,r-1dc0a9d2342745347517
neuron_model_behavioral_validation,Neuraxis,development_pilot,PILOT2_PROTOCOL,Exploratory development data; second development iteration informed by Pilot 1; not independent confirmation; never pooled with the confirmatory held-out estimate,m-scale_conductance-ae18f4c43e,nml2_hh_example,2,P04_step_2x,spike_count,exceeds,1.0,30.0,29.0,0.5,r-8d6f46142acd4ec898a7,r-1dc0a9d2342745347517
neuron_model_behavioral_validation,Neuraxis,development_pilot,PILOT2_PROTOCOL,Exploratory development data; second development iteration informed by Pilot 1; not independent confirmation; never pooled with the confirmatory held-out estimate,m-scale_conductance-ae18f4c43e,nml2_hh_example,2,P05_long_step,adaptation_index,definedness,,1.0827317258705047e-13,,inf,r-a455ac42295a97429d02,r-067fda74511560ee62d6
neuron_model_behavioral_validation,Neuraxis,development_pilot,PILOT2_PROTOCOL,Exploratory development data; second development iteration informed by Pilot 1; not independent confirmation; never pooled with the confirmatory held-out estimate,m-scale_conductance-ae18f4c43e,nml2_hh_example,2,P05_long_step,ap_amplitude,exceeds,91.37988662862392,95.86301422269057,4.483127594066644,1.824253616362974,r-a455ac42295a97429d02,r-067fda74511560ee62d6
neuron_model_behavioral_validation,Neuraxis,development_pilot,PILOT2_PROTOCOL,Exploratory development data; second development iteration informed by Pilot 1; not independent confirmation; never pooled with the confirmatory held-out estimate,m-scale_conductance-ae18f4c43e,nml2_hh_example,2,P05_long_step,first_spike_latency,exceeds,4.3899999998681665,3.599999999868885,0.7899999999992815,0.5,r-a455ac42295a97429d02,r-067fda74511560ee62d6
neuron_model_behavioral_validation,Neuraxis,development_pilot,PILOT2_PROTOCOL,Exploratory development data; second development iteration informed by Pilot 1; not independent confirmation; never pooled with the confirmatory held-out estimate,m-scale_conductance-ae18f4c43e,nml2_hh_example,2,P05_long_step,last_isi,definedness,,18.520000000404252,,inf,r-a455ac42295a97429d02,r-067fda74511560ee62d6
neuron_model_behavioral_validation,Neuraxis,development_pilot,PILOT2_PROTOCOL,Exploratory development data; second development iteration informed by Pilot 1; not independent confirmation; never pooled with the confirmatory held-out estimate,m-scale_conductance-ae18f4c43e,nml2_hh_example,2,P05_long_step,spike_count,exceeds,1.0,108.0,107.0,0.5,r-a455ac42295a97429d02,r-067fda74511560ee62d6
neuron_model_behavioral_validation,Neuraxis,development_pilot,PILOT2_PROTOCOL,Exploratory development data; second development iteration informed by Pilot 1; not independent confirmation; never pooled with the confirmatory held-out estimate,m-scale_conductance-ae18f4c43e,nml2_hh_example,2,P08_rebound,first_spike_latency,exceeds,5.189999999412748,4.509999999413367,0.6799999999993815,0.5,r-a628bd90e08153ec217d,r-7af13a9e673a69eb3166
neuron_model_behavioral_validation,Neuraxis,development_pilot,PILOT2_PROTOCOL,Exploratory development data; second development iteration informed by Pilot 1; not independent confirmation; never pooled with the confirmatory held-out estimate,m-scale_conductance-f937b97f50,nml2_hh_example,1,P00_canonical,last_isi,exceeds,16.12999999998533,14.929999999986421,1.1999999999989086,0.5,r-5f0a94c66ff17cd98a0a,r-56eb26d40d67d8d07726
neuron_model_behavioral_validation,Neuraxis,development_pilot,PILOT2_PROTOCOL,Exploratory development data; second development iteration informed by Pilot 1; not independent confirmation; never pooled with the confirmatory held-out estimate,m-scale_conductance-f937b97f50,nml2_hh_example,1,P03_rheobase,rheobase,exceeds,0.022436992008742575,0.018407212622088658,0.004029779386653918,0.00044873984017485154,s-6485b8f0d5e0c45b0b4d,s-2e1b8920372c31a4c6f0
neuron_model_behavioral_validation,Neuraxis,development_pilot,PILOT2_PROTOCOL,Exploratory development data; second development iteration informed by Pilot 1; not independent confirmation; never pooled with the confirmatory held-out estimate,m-scale_conductance-f937b97f50,nml2_hh_example,1,P04_step_2x,adaptation_index,definedness,,-1.123999640320115e-05,,inf,r-66b1007575e04915ac55,r-b1b304cdfe4a52835b8a
neuron_model_behavioral_validation,Neuraxis,development_pilot,PILOT2_PROTOCOL,Exploratory development data; second development iteration informed by Pilot 1; not independent confirmation; never pooled with the confirmatory held-out estimate,m-scale_conductance-f937b97f50,nml2_hh_example,1,P04_step_2x,last_isi,definedness,,18.529999999983147,,inf,r-66b1007575e04915ac55,r-b1b304cdfe4a52835b8a
neuron_model_behavioral_validation,Neuraxis,development_pilot,PILOT2_PROTOCOL,Exploratory development data; second development iteration informed by Pilot 1; not independent confirmation; never pooled with the confirmatory held-out estimate,m-scale_conductance-f937b97f50,nml2_hh_example,1,P04_step_2x,spike_count,exceeds,1.0,27.0,26.0,0.5,r-66b1007575e04915ac55,r-b1b304cdfe4a52835b8a
neuron_model_behavioral_validation,Neuraxis,development_pilot,PILOT2_PROTOCOL,Exploratory development data; second development iteration informed by Pilot 1; not independent confirmation; never pooled with the confirmatory held-out estimate,m-scale_conductance-f937b97f50,nml2_hh_example,2,P00_canonical,last_isi,exceeds,16.059999999985394,14.869999999986476,1.1899999999989177,0.5,r-d4235ef154cdc2eeb44c,r-e97f30cfb2df0a7c4cb3
neuron_model_behavioral_validation,Neuraxis,development_pilot,PILOT2_PROTOCOL,Exploratory development data; second development iteration informed by Pilot 1; not independent confirmation; never pooled with the confirmatory held-out estimate,m-scale_conductance-f937b97f50,nml2_hh_example,2,P03_rheobase,rheobase,exceeds,0.02240284133597432,0.018373061949320403,0.004029779386653918,0.00044873984017485154,s-b96e12fd1e882cb18a94,s-8966edb0c1a7b619c3e8
neuron_model_behavioral_validation,Neuraxis,development_pilot,PILOT2_PROTOCOL,Exploratory development data; second development iteration informed by Pilot 1; not independent confirmation; never pooled with the confirmatory held-out estimate,m-scale_conductance-f937b97f50,nml2_hh_example,2,P04_step_2x,adaptation_index,definedness,,0.0,,inf,r-8d6f46142acd4ec898a7,r-e2a1a8be0d08550e99d9
neuron_model_behavioral_validation,Neuraxis,development_pilot,PILOT2_PROTOCOL,Exploratory development data; second development iteration informed by Pilot 1; not independent confirmation; never pooled with the confirmatory held-out estimate,m-scale_conductance-f937b97f50,nml2_hh_example,2,P04_step_2x,last_isi,definedness,,18.499999999983174,,inf,r-8d6f46142acd4ec898a7,r-e2a1a8be0d08550e99d9
neuron_model_behavioral_validation,Neuraxis,development_pilot,PILOT2_PROTOCOL,Exploratory development data; second development iteration informed by Pilot 1; not independent confirmation; never pooled with the confirmatory held-out estimate,m-scale_conductance-f937b97f50,nml2_hh_example,2,P04_step_2x,spike_count,exceeds,1.0,27.0,26.0,0.5,r-8d6f46142acd4ec898a7,r-e2a1a8be0d08550e99d9
neuron_model_behavioral_validation,Neuraxis,development_pilot,PILOT2_PROTOCOL,Exploratory development data; second development iteration informed by Pilot 1; not independent confirmation; never pooled with the confirmatory held-out estimate,m-scale_conductance-1b265d3832,nml2_hh_example,1,P00_canonical,ahp_depth,exceeds,-10.343139648437372,-8.873893737792486,1.4692459106448865,0.5171569824218686,r-5f0a94c66ff17cd98a0a,r-5e4602f7a5fde45ad8c0
neuron_model_behavioral_validation,Neuraxis,development_pilot,PILOT2_PROTOCOL,Exploratory development data; second development iteration informed by Pilot 1; not independent confirmation; never pooled with the confirmatory held-out estimate,m-scale_conductance-1b265d3832,nml2_hh_example,1,P00_canonical,ap_amplitude,exceeds,95.13947677592056,99.343551635518,4.204074859597441,1.9027895355184112,r-5f0a94c66ff17cd98a0a,r-5e4602f7a5fde45ad8c0
neuron_model_behavioral_validation,Neuraxis,development_pilot,PILOT2_PROTOCOL,Exploratory development data; second development iteration informed by Pilot 1; not independent confirmation; never pooled with the confirmatory held-out estimate,m-scale_conductance-1b265d3832,nml2_hh_example,1,P00_canonical,last_isi,exceeds,16.12999999998533,15.559999999985848,0.5699999999994816,0.5,r-5f0a94c66ff17cd98a0a,r-5e4602f7a5fde45ad8c0
neuron_model_behavioral_validation,Neuraxis,development_pilot,PILOT2_PROTOCOL,Exploratory development data; second development iteration informed by Pilot 1; not independent confirmation; never pooled with the confirmatory held-out estimate,m-scale_conductance-1b265d3832,nml2_hh_example,1,P02_weak_step,steady_state_voltage,exceeds,-64.08310811767565,-65.46508901214587,1.3819808944702174,0.5,r-66b1007575e04915ac55,r-c1a9df196abc768929bb
neuron_model_behavioral_validation,Neuraxis,development_pilot,PILOT2_PROTOCOL,Exploratory development data; second development iteration informed by Pilot 1; not independent confirmation; never pooled with the confirmatory held-out estimate,m-scale_conductance-1b265d3832,nml2_hh_example,1,P03_rheobase,rheobase,exceeds,0.022436992008742575,0.018475513967625163,0.0039614780411174125,0.00044873984017485154,s-6485b8f0d5e0c45b0b4d,s-4be126023de633a08f88
neuron_model_behavioral_validation,Neuraxis,development_pilot,PILOT2_PROTOCOL,Exploratory development data; second development iteration informed by Pilot 1; not independent confirmation; never pooled with the confirmatory held-out estimate,m-scale_conductance-1b265d3832,nml2_hh_example,1,P04_step_2x,ahp_depth,exceeds,-10.697937011716306,-9.237709045410568,1.4602279663057374,0.5348968505858153,r-66b1007575e04915ac55,r-c1a9df196abc768929bb
neuron_model_behavioral_validation,Neuraxis,development_pilot,PILOT2_PROTOCOL,Exploratory development data; second development iteration informed by Pilot 1; not independent confirmation; never pooled with the confirmatory held-out estimate,m-scale_conductance-1b265d3832,nml2_hh_example,1,P04_step_2x,ap_amplitude,exceeds,92.72434234740876,96.86502838224905,4.140686034840286,1.8544868469481752,r-66b1007575e04915ac55,r-c1a9df196abc768929bb
neuron_model_behavioral_validation,Neuraxis,development_pilot,PILOT2_PROTOCOL,Exploratory development data; second development iteration informed by Pilot 1; not independent confirmation; never pooled with the confirmatory held-out estimate,m-scale_conductance-1b265d3832,nml2_hh_example,1,P04_step_2x,last_isi,definedness,,21.389999999980546,,inf,r-66b1007575e04915ac55,r-c1a9df196abc768929bb
neuron_model_behavioral_validation,Neuraxis,development_pilot,PILOT2_PROTOCOL,Exploratory development data; second development iteration informed by Pilot 1; not independent confirmation; never pooled with the confirmatory held-out estimate,m-scale_conductance-1b265d3832,nml2_hh_example,1,P04_step_2x,spike_count,exceeds,1.0,2.0,1.0,0.5,r-66b1007575e04915ac55,r-c1a9df196abc768929bb
neuron_model_behavioral_validation,Neuraxis,development_pilot,PILOT2_PROTOCOL,Exploratory development data; second development iteration informed by Pilot 1; not independent confirmation; never pooled with the confirmatory held-out estimate,m-scale_conductance-1b265d3832,nml2_hh_example,1,P05_long_step,ahp_depth,exceeds,-10.81385040282855,-9.358627319333678,1.4552230834948716,0.5406925201414275,r-940eedfaa66e3fa96c16,r-9e5fe736df5c5bea743d
neuron_model_behavioral_validation,Neuraxis,development_pilot,PILOT2_PROTOCOL,Exploratory development data; second development iteration informed by Pilot 1; not independent confirmation; never pooled with the confirmatory held-out estimate,m-scale_conductance-1b265d3832,nml2_hh_example,1,P05_long_step,ap_amplitude,exceeds,91.2126808181487,95.70197296221296,4.489292144064265,1.824253616362974,r-940eedfaa66e3fa96c16,r-9e5fe736df5c5bea743d
neuron_model_behavioral_validation,Neuraxis,development_pilot,PILOT2_PROTOCOL,Exploratory development data; second development iteration informed by Pilot 1; not independent confirmation; never pooled with the confirmatory held-out estimate,m-scale_conductance-1b265d3832,nml2_hh_example,1,P07_hyperpolarizing_step,steady_state_voltage,exceeds,-67.26261677551295,-71.52004780426051,4.257431028747561,0.5,r-66b1007575e04915ac55,r-c1a9df196abc768929bb
neuron_model_behavioral_validation,Neuraxis,development_pilot,PILOT2_PROTOCOL,Exploratory development data; second development iteration informed by Pilot 1; not independent confirmation; never pooled with the confirmatory held-out estimate,m-scale_conductance-1b265d3832,nml2_hh_example,1,P08_rebound,first_spike_latency,exceeds,5.219999999412721,9.249999999409056,4.029999999996335,0.5,r-011ab0e03522b12f620c,r-d3209ec16b2076623fa3
neuron_model_behavioral_validation,Neuraxis,development_pilot,PILOT2_PROTOCOL,Exploratory development data; second development iteration informed by Pilot 1; not independent confirmation; never pooled with the confirmatory held-out estimate,m-scale_conductance-1b265d3832,nml2_hh_example,1,P09_short_pulse,ahp_depth,exceeds,-11.226577758789873,-9.75894927978375,1.4676284790061231,0.5613288879394936,r-efc8f2fd727ba1854c5f,r-c2e1c6a3b76825cae70f
neuron_model_behavioral_validation,Neuraxis,development_pilot,PILOT2_PROTOCOL,Exploratory development data; second development iteration informed by Pilot 1; not independent confirmation; never pooled with the confirmatory held-out estimate,m-scale_conductance-1b265d3832,nml2_hh_example,1,P09_short_pulse,ap_amplitude,exceeds,106.45812988261622,110.71009826675912,4.251968384142899,2.1291625976523245,r-efc8f2fd727ba1854c5f,r-c2e1c6a3b76825cae70f
neuron_model_behavioral_validation,Neuraxis,development_pilot,PILOT2_PROTOCOL,Exploratory development data; second development iteration informed by Pilot 1; not independent confirmation; never pooled with the confirmatory held-out estimate,m-scale_conductance-1b265d3832,nml2_hh_example,2,P00_canonical,ahp_depth,exceeds,-10.327699567887592,-8.861329938981442,1.4663696289061505,0.5171569824218686,r-d4235ef154cdc2eeb44c,r-fbb1c18b3a3edeb5bd90
neuron_model_behavioral_validation,Neuraxis,development_pilot,PILOT2_PROTOCOL,Exploratory development data; second development iteration informed by Pilot 1; not independent confirmation; never pooled with the confirmatory held-out estimate,m-scale_conductance-1b265d3832,nml2_hh_example,2,P00_canonical,ap_amplitude,exceeds,95.29706954941832,99.50832748399026,4.2112579345719325,1.9027895355184112,r-d4235ef154cdc2eeb44c,r-fbb1c18b3a3edeb5bd90
neuron_model_behavioral_validation,Neuraxis,development_pilot,PILOT2_PROTOCOL,Exploratory development data; second development iteration informed by Pilot 1; not independent confirmation; never pooled with the confirmatory held-out estimate,m-scale_conductance-1b265d3832,nml2_hh_example,2,P00_canonical,last_isi,exceeds,16.059999999985394,15.489999999985912,0.5699999999994816,0.5,r-d4235ef154cdc2eeb44c,r-fbb1c18b3a3edeb5bd90
neuron_model_behavioral_validation,Neuraxis,development_pilot,PILOT2_PROTOCOL,Exploratory development data; second development iteration informed by Pilot 1; not independent confirmation; never pooled with the confirmatory held-out estimate,m-scale_conductance-1b265d3832,nml2_hh_example,2,P02_weak_step,steady_state_voltage,exceeds,-64.08310755462634,-65.46508845214831,1.38198089752197,0.5,r-8d6f46142acd4ec898a7,r-bade57540971c422b072
neuron_model_behavioral_validation,Neuraxis,development_pilot,PILOT2_PROTOCOL,Exploratory development data; second development iteration informed by Pilot 1; not independent confirmation; never pooled with the confirmatory held-out estimate,m-scale_conductance-1b265d3832,nml2_hh_example,2,P03_rheobase,rheobase,exceeds,0.02240284133597432,0.018475513967625163,0.003927327368349158,0.00044873984017485154,s-b96e12fd1e882cb18a94,s-b4c9a47c9ea9af884c5a
neuron_model_behavioral_validation,Neuraxis,development_pilot,PILOT2_PROTOCOL,Exploratory development data; second development iteration informed by Pilot 1; not independent confirmation; never pooled with the confirmatory held-out estimate,m-scale_conductance-1b265d3832,nml2_hh_example,2,P04_step_2x,ahp_depth,exceeds,-10.691650390625,-9.232978820801591,1.4586715698234087,0.5348968505858153,r-8d6f46142acd4ec898a7,r-bade57540971c422b072
neuron_model_behavioral_validation,Neuraxis,development_pilot,PILOT2_PROTOCOL,Exploratory development data; second development iteration informed by Pilot 1; not independent confirmation; never pooled with the confirmatory held-out estimate,m-scale_conductance-1b265d3832,nml2_hh_example,2,P04_step_2x,ap_amplitude,exceeds,92.82558822777118,96.87511825655773,4.049530028786549,1.8544868469481752,r-8d6f46142acd4ec898a7,r-bade57540971c422b072
neuron_model_behavioral_validation,Neuraxis,development_pilot,PILOT2_PROTOCOL,Exploratory development data; second development iteration informed by Pilot 1; not independent confirmation; never pooled with the confirmatory held-out estimate,m-scale_conductance-1b265d3832,nml2_hh_example,2,P04_step_2x,last_isi,definedness,,21.379999999980555,,inf,r-8d6f46142acd4ec898a7,r-bade57540971c422b072
neuron_model_behavioral_validation,Neuraxis,development_pilot,PILOT2_PROTOCOL,Exploratory development data; second development iteration informed by Pilot 1; not independent confirmation; never pooled with the confirmatory held-out estimate,m-scale_conductance-1b265d3832,nml2_hh_example,2,P04_step_2x,spike_count,exceeds,1.0,2.0,1.0,0.5,r-8d6f46142acd4ec898a7,r-bade57540971c422b072
neuron_model_behavioral_validation,Neuraxis,development_pilot,PILOT2_PROTOCOL,Exploratory development data; second development iteration informed by Pilot 1; not independent confirmation; never pooled with the confirmatory held-out estimate,m-scale_conductance-1b265d3832,nml2_hh_example,2,P05_long_step,ahp_depth,exceeds,-10.808036804201677,-9.354431152343338,1.4536056518583393,0.5406925201414275,r-a455ac42295a97429d02,r-1fb8c348916118c23921
neuron_model_behavioral_validation,Neuraxis,development_pilot,PILOT2_PROTOCOL,Exploratory development data; second development iteration informed by Pilot 1; not independent confirmation; never pooled with the confirmatory held-out estimate,m-scale_conductance-1b265d3832,nml2_hh_example,2,P05_long_step,ap_amplitude,exceeds,91.37988662862392,95.7899093639009,4.410022735276982,1.824253616362974,r-a455ac42295a97429d02,r-1fb8c348916118c23921
neuron_model_behavioral_validation,Neuraxis,development_pilot,PILOT2_PROTOCOL,Exploratory development data; second development iteration informed by Pilot 1; not independent confirmation; never pooled with the confirmatory held-out estimate,m-scale_conductance-1b265d3832,nml2_hh_example,2,P07_hyperpolarizing_step,steady_state_voltage,exceeds,-67.26261789703395,-71.52004892730739,4.2574310302734375,0.5,r-8d6f46142acd4ec898a7,r-bade57540971c422b072
neuron_model_behavioral_validation,Neuraxis,development_pilot,PILOT2_PROTOCOL,Exploratory development data; second development iteration informed by Pilot 1; not independent confirmation; never pooled with the confirmatory held-out estimate,m-scale_conductance-1b265d3832,nml2_hh_example,2,P08_rebound,first_spike_latency,exceeds,5.189999999412748,9.219999999409083,4.029999999996335,0.5,r-a628bd90e08153ec217d,r-eac65a1604b0e5a7d573
neuron_model_behavioral_validation,Neuraxis,development_pilot,PILOT2_PROTOCOL,Exploratory development data; second development iteration informed by Pilot 1; not independent confirmation; never pooled with the confirmatory held-out estimate,m-scale_conductance-1b265d3832,nml2_hh_example,2,P09_short_pulse,ahp_depth,exceeds,-11.22248840332071,-9.756576538086335,1.465911865234375,0.5613288879394936,r-2c9f7eaf5c4d0d4f33d4,r-6378979095dfd7c5bd36
neuron_model_behavioral_validation,Neuraxis,development_pilot,PILOT2_PROTOCOL,Exploratory development data; second development iteration informed by Pilot 1; not independent confirmation; never pooled with the confirmatory held-out estimate,m-scale_conductance-1b265d3832,nml2_hh_example,2,P09_short_pulse,ap_amplitude,exceeds,106.43966293307548,110.689941406277,4.250278473201519,2.1291625976523245,r-2c9f7eaf5c4d0d4f33d4,r-6378979095dfd7c5bd36
neuron_model_behavioral_validation,Neuraxis,development_pilot,PILOT2_PROTOCOL,Exploratory development data; second development iteration informed by Pilot 1; not independent confirmation; never pooled with the confirmatory held-out estimate,m-scale_conductance-ecad0d4d76,nml2_hh_example,1,P00_canonical,adaptation_index,definedness,-7.74713208133793e-05,,,0.01,r-5f0a94c66ff17cd98a0a,r-14538a484e5a4f9e53ef
neuron_model_behavioral_validation,Neuraxis,development_pilot,PILOT2_PROTOCOL,Exploratory development data; second development iteration informed by Pilot 1; not independent confirmation; never pooled with the confirmatory held-out estimate,m-scale_conductance-ecad0d4d76,nml2_hh_example,1,P00_canonical,ahp_depth,exceeds,-10.343139648437372,-8.686027526854843,1.6571121215825286,0.5171569824218686,r-5f0a94c66ff17cd98a0a,r-14538a484e5a4f9e53ef
neuron_model_behavioral_validation,Neuraxis,development_pilot,PILOT2_PROTOCOL,Exploratory development data; second development iteration informed by Pilot 1; not independent confirmation; never pooled with the confirmatory held-out estimate,m-scale_conductance-ecad0d4d76,nml2_hh_example,1,P00_canonical,ap_amplitude,exceeds,95.13947677592056,87.70999908427004,7.4294776916505185,1.9027895355184112,r-5f0a94c66ff17cd98a0a,r-14538a484e5a4f9e53ef
neuron_model_behavioral_validation,Neuraxis,development_pilot,PILOT2_PROTOCOL,Exploratory development data; second development iteration informed by Pilot 1; not independent confirmation; never pooled with the confirmatory held-out estimate,m-scale_conductance-ecad0d4d76,nml2_hh_example,1,P00_canonical,first_spike_latency,exceeds,2.5200000000155427,3.400000000015993,0.8800000000004502,0.5,r-5f0a94c66ff17cd98a0a,r-14538a484e5a4f9e53ef
neuron_model_behavioral_validation,Neuraxis,development_pilot,PILOT2_PROTOCOL,Exploratory development data; second development iteration informed by Pilot 1; not independent confirmation; never pooled with the confirmatory held-out estimate,m-scale_conductance-ecad0d4d76,nml2_hh_example,1,P00_canonical,last_isi,definedness,16.12999999998533,,,0.5,r-5f0a94c66ff17cd98a0a,r-14538a484e5a4f9e53ef
neuron_model_behavioral_validation,Neuraxis,development_pilot,PILOT2_PROTOCOL,Exploratory development data; second development iteration informed by Pilot 1; not independent confirmation; never pooled with the confirmatory held-out estimate,m-scale_conductance-ecad0d4d76,nml2_hh_example,1,P00_canonical,spike_count,exceeds,7.0,1.0,6.0,0.5,r-5f0a94c66ff17cd98a0a,r-14538a484e5a4f9e53ef
neuron_model_behavioral_validation,Neuraxis,development_pilot,PILOT2_PROTOCOL,Exploratory development data; second development iteration informed by Pilot 1; not independent confirmation; never pooled with the confirmatory held-out estimate,m-scale_conductance-ecad0d4d76,nml2_hh_example,1,P02_weak_step,steady_state_voltage,exceeds,-64.08310811767565,-66.58812825927721,2.5050201416015625,0.5,r-66b1007575e04915ac55,r-e8ceec13f97b813ccc54
neuron_model_behavioral_validation,Neuraxis,development_pilot,PILOT2_PROTOCOL,Exploratory development data; second development iteration informed by Pilot 1; not independent confirmation; never pooled with the confirmatory held-out estimate,m-scale_conductance-ecad0d4d76,nml2_hh_example,1,P03_rheobase,rheobase,exceeds,0.022436992008742575,0.05829519841540879,0.03585820640666622,0.00044873984017485154,s-6485b8f0d5e0c45b0b4d,s-edba8169430ff96b820b
neuron_model_behavioral_validation,Neuraxis,development_pilot,PILOT2_PROTOCOL,Exploratory development data; second development iteration informed by Pilot 1; not independent confirmation; never pooled with the confirmatory held-out estimate,m-scale_conductance-ecad0d4d76,nml2_hh_example,1,P04_step_2x,ahp_depth,definedness,-10.697937011716306,,,0.5348968505858153,r-66b1007575e04915ac55,r-e8ceec13f97b813ccc54
neuron_model_behavioral_validation,Neuraxis,development_pilot,PILOT2_PROTOCOL,Exploratory development data; second development iteration informed by Pilot 1; not independent confirmation; never pooled with the confirmatory held-out estimate,m-scale_conductance-ecad0d4d76,nml2_hh_example,1,P04_step_2x,ap_amplitude,definedness,92.72434234740876,,,1.8544868469481752,r-66b1007575e04915ac55,r-e8ceec13f97b813ccc54
neuron_model_behavioral_validation,Neuraxis,development_pilot,PILOT2_PROTOCOL,Exploratory development data; second development iteration informed by Pilot 1; not independent confirmation; never pooled with the confirmatory held-out estimate,m-scale_conductance-ecad0d4d76,nml2_hh_example,1,P04_step_2x,first_spike_latency,definedness,3.5399999998689395,,,0.5,r-66b1007575e04915ac55,r-e8ceec13f97b813ccc54
neuron_model_behavioral_validation,Neuraxis,development_pilot,PILOT2_PROTOCOL,Exploratory development data; second development iteration informed by Pilot 1; not independent confirmation; never pooled with the confirmatory held-out estimate,m-scale_conductance-ecad0d4d76,nml2_hh_example,1,P04_step_2x,spike_count,exceeds,1.0,0.0,1.0,0.5,r-66b1007575e04915ac55,r-e8ceec13f97b813ccc54
neuron_model_behavioral_validation,Neuraxis,development_pilot,PILOT2_PROTOCOL,Exploratory development data; second development iteration informed by Pilot 1; not independent confirmation; never pooled with the confirmatory held-out estimate,m-scale_conductance-ecad0d4d76,nml2_hh_example,1,P05_long_step,ahp_depth,definedness,-10.81385040282855,,,0.5406925201414275,r-940eedfaa66e3fa96c16,r-19ac20d0f6b5f40acb03
neuron_model_behavioral_validation,Neuraxis,development_pilot,PILOT2_PROTOCOL,Exploratory development data; second development iteration informed by Pilot 1; not independent confirmation; never pooled with the confirmatory held-out estimate,m-scale_conductance-ecad0d4d76,nml2_hh_example,1,P05_long_step,ap_amplitude,definedness,91.2126808181487,,,1.824253616362974,r-940eedfaa66e3fa96c16,r-19ac20d0f6b5f40acb03
neuron_model_behavioral_validation,Neuraxis,development_pilot,PILOT2_PROTOCOL,Exploratory development data; second development iteration informed by Pilot 1; not independent confirmation; never pooled with the confirmatory held-out estimate,m-scale_conductance-ecad0d4d76,nml2_hh_example,1,P05_long_step,first_spike_latency,definedness,4.42999999986813,,,0.5,r-940eedfaa66e3fa96c16,r-19ac20d0f6b5f40acb03
neuron_model_behavioral_validation,Neuraxis,development_pilot,PILOT2_PROTOCOL,Exploratory development data; second development iteration informed by Pilot 1; not independent confirmation; never pooled with the confirmatory held-out estimate,m-scale_conductance-ecad0d4d76,nml2_hh_example,1,P05_long_step,spike_count,exceeds,1.0,0.0,1.0,0.5,r-940eedfaa66e3fa96c16,r-19ac20d0f6b5f40acb03
neuron_model_behavioral_validation,Neuraxis,development_pilot,PILOT2_PROTOCOL,Exploratory development data; second development iteration informed by Pilot 1; not independent confirmation; never pooled with the confirmatory held-out estimate,m-scale_conductance-ecad0d4d76,nml2_hh_example,1,P07_hyperpolarizing_step,steady_state_voltage,exceeds,-67.26261677551295,-69.0425774063113,1.7799606307983424,0.5,r-66b1007575e04915ac55,r-e8ceec13f97b813ccc54
neuron_model_behavioral_validation,Neuraxis,development_pilot,PILOT2_PROTOCOL,Exploratory development data; second development iteration informed by Pilot 1; not independent confirmation; never pooled with the confirmatory held-out estimate,m-scale_conductance-ecad0d4d76,nml2_hh_example,1,P08_rebound,first_spike_latency,definedness,5.219999999412721,,,0.5,r-011ab0e03522b12f620c,r-c5a2180fe5a75166e45b
neuron_model_behavioral_validation,Neuraxis,development_pilot,PILOT2_PROTOCOL,Exploratory development data; second development iteration informed by Pilot 1; not independent confirmation; never pooled with the confirmatory held-out estimate,m-scale_conductance-ecad0d4d76,nml2_hh_example,1,P08_rebound,spike_count,exceeds,1.0,0.0,1.0,0.5,r-011ab0e03522b12f620c,r-c5a2180fe5a75166e45b
neuron_model_behavioral_validation,Neuraxis,development_pilot,PILOT2_PROTOCOL,Exploratory development data; second development iteration informed by Pilot 1; not independent confirmation; never pooled with the confirmatory held-out estimate,m-scale_conductance-ecad0d4d76,nml2_hh_example,1,P09_short_pulse,ahp_depth,exceeds,-11.226577758789873,-9.241149902342741,1.9854278564471315,0.5613288879394936,r-efc8f2fd727ba1854c5f,r-74ba038669c7ba4182a2
neuron_model_behavioral_validation,Neuraxis,development_pilot,PILOT2_PROTOCOL,Exploratory development data; second development iteration informed by Pilot 1; not independent confirmation; never pooled with the confirmatory held-out estimate,m-scale_conductance-ecad0d4d76,nml2_hh_example,2,P00_canonical,adaptation_index,definedness,-1.02201355559918e-13,,,0.01,r-d4235ef154cdc2eeb44c,r-2efc3d5325d681e22003
neuron_model_behavioral_validation,Neuraxis,development_pilot,PILOT2_PROTOCOL,Exploratory development data; second development iteration informed by Pilot 1; not independent confirmation; never pooled with the confirmatory held-out estimate,m-scale_conductance-ecad0d4d76,nml2_hh_example,2,P00_canonical,ahp_depth,exceeds,-10.327699567887592,-8.675126928430316,1.6525726394572757,0.5171569824218686,r-d4235ef154cdc2eeb44c,r-2efc3d5325d681e22003
neuron_model_behavioral_validation,Neuraxis,development_pilot,PILOT2_PROTOCOL,Exploratory development data; second development iteration informed by Pilot 1; not independent confirmation; never pooled with the confirmatory held-out estimate,m-scale_conductance-ecad0d4d76,nml2_hh_example,2,P00_canonical,ap_amplitude,exceeds,95.29706954941832,88.00579071031586,7.2912788391024606,1.9027895355184112,r-d4235ef154cdc2eeb44c,r-2efc3d5325d681e22003
neuron_model_behavioral_validation,Neuraxis,development_pilot,PILOT2_PROTOCOL,Exploratory development data; second development iteration informed by Pilot 1; not independent confirmation; never pooled with the confirmatory held-out estimate,m-scale_conductance-ecad0d4d76,nml2_hh_example,2,P00_canonical,first_spike_latency,exceeds,2.460000000015512,3.330000000015957,0.8700000000004451,0.5,r-d4235ef154cdc2eeb44c,r-2efc3d5325d681e22003
neuron_model_behavioral_validation,Neuraxis,development_pilot,PILOT2_PROTOCOL,Exploratory development data; second development iteration informed by Pilot 1; not independent confirmation; never pooled with the confirmatory held-out estimate,m-scale_conductance-ecad0d4d76,nml2_hh_example,2,P00_canonical,last_isi,definedness,16.059999999985394,,,0.5,r-d4235ef154cdc2eeb44c,r-2efc3d5325d681e22003
neuron_model_behavioral_validation,Neuraxis,development_pilot,PILOT2_PROTOCOL,Exploratory development data; second development iteration informed by Pilot 1; not independent confirmation; never pooled with the confirmatory held-out estimate,m-scale_conductance-ecad0d4d76,nml2_hh_example,2,P00_canonical,spike_count,exceeds,7.0,1.0,6.0,0.5,r-d4235ef154cdc2eeb44c,r-2efc3d5325d681e22003
neuron_model_behavioral_validation,Neuraxis,development_pilot,PILOT2_PROTOCOL,Exploratory development data; second development iteration informed by Pilot 1; not independent confirmation; never pooled with the confirmatory held-out estimate,m-scale_conductance-ecad0d4d76,nml2_hh_example,2,P02_weak_step,steady_state_voltage,exceeds,-64.08310755462634,-66.58812769927965,2.505020144653315,0.5,r-8d6f46142acd4ec898a7,r-a149378a0c90bc9509b6
neuron_model_behavioral_validation,Neuraxis,development_pilot,PILOT2_PROTOCOL,Exploratory development data; second development iteration informed by Pilot 1; not independent confirmation; never pooled with the confirmatory held-out estimate,m-scale_conductance-ecad0d4d76,nml2_hh_example,2,P03_rheobase,rheobase,exceeds,0.02240284133597432,0.05822689706987228,0.035824055733897964,0.00044873984017485154,s-b96e12fd1e882cb18a94,s-e14b4bafc8a83b92dda0
neuron_model_behavioral_validation,Neuraxis,development_pilot,PILOT2_PROTOCOL,Exploratory development data; second development iteration informed by Pilot 1; not independent confirmation; never pooled with the confirmatory held-out estimate,m-scale_conductance-ecad0d4d76,nml2_hh_example,2,P04_step_2x,ahp_depth,definedness,-10.691650390625,,,0.5348968505858153,r-8d6f46142acd4ec898a7,r-a149378a0c90bc9509b6
neuron_model_behavioral_validation,Neuraxis,development_pilot,PILOT2_PROTOCOL,Exploratory development data; second development iteration informed by Pilot 1; not independent confirmation; never pooled with the confirmatory held-out estimate,m-scale_conductance-ecad0d4d76,nml2_hh_example,2,P04_step_2x,ap_amplitude,definedness,92.82558822777118,,,1.8544868469481752,r-8d6f46142acd4ec898a7,r-a149378a0c90bc9509b6
neuron_model_behavioral_validation,Neuraxis,development_pilot,PILOT2_PROTOCOL,Exploratory development data; second development iteration informed by Pilot 1; not independent confirmation; never pooled with the confirmatory held-out estimate,m-scale_conductance-ecad0d4d76,nml2_hh_example,2,P04_step_2x,first_spike_latency,definedness,3.509999999868967,,,0.5,r-8d6f46142acd4ec898a7,r-a149378a0c90bc9509b6
neuron_model_behavioral_validation,Neuraxis,development_pilot,PILOT2_PROTOCOL,Exploratory development data; second development iteration informed by Pilot 1; not independent confirmation; never pooled with the confirmatory held-out estimate,m-scale_conductance-ecad0d4d76,nml2_hh_example,2,P04_step_2x,spike_count,exceeds,1.0,0.0,1.0,0.5,r-8d6f46142acd4ec898a7,r-a149378a0c90bc9509b6
neuron_model_behavioral_validation,Neuraxis,development_pilot,PILOT2_PROTOCOL,Exploratory development data; second development iteration informed by Pilot 1; not independent confirmation; never pooled with the confirmatory held-out estimate,m-scale_conductance-ecad0d4d76,nml2_hh_example,2,P05_long_step,ahp_depth,definedness,-10.808036804201677,,,0.5406925201414275,r-a455ac42295a97429d02,r-3d3d2d06c109041ba48e
neuron_model_behavioral_validation,Neuraxis,development_pilot,PILOT2_PROTOCOL,Exploratory development data; second development iteration informed by Pilot 1; not independent confirmation; never pooled with the confirmatory held-out estimate,m-scale_conductance-ecad0d4d76,nml2_hh_example,2,P05_long_step,ap_amplitude,definedness,91.37988662862392,,,1.824253616362974,r-a455ac42295a97429d02,r-3d3d2d06c109041ba48e
neuron_model_behavioral_validation,Neuraxis,development_pilot,PILOT2_PROTOCOL,Exploratory development data; second development iteration informed by Pilot 1; not independent confirmation; never pooled with the confirmatory held-out estimate,m-scale_conductance-ecad0d4d76,nml2_hh_example,2,P05_long_step,first_spike_latency,definedness,4.3899999998681665,,,0.5,r-a455ac42295a97429d02,r-3d3d2d06c109041ba48e
neuron_model_behavioral_validation,Neuraxis,development_pilot,PILOT2_PROTOCOL,Exploratory development data; second development iteration informed by Pilot 1; not independent confirmation; never pooled with the confirmatory held-out estimate,m-scale_conductance-ecad0d4d76,nml2_hh_example,2,P05_long_step,spike_count,exceeds,1.0,0.0,1.0,0.5,r-a455ac42295a97429d02,r-3d3d2d06c109041ba48e
neuron_model_behavioral_validation,Neuraxis,development_pilot,PILOT2_PROTOCOL,Exploratory development data; second development iteration informed by Pilot 1; not independent confirmation; never pooled with the confirmatory held-out estimate,m-scale_conductance-ecad0d4d76,nml2_hh_example,2,P07_hyperpolarizing_step,steady_state_voltage,exceeds,-67.26261789703395,-69.04257852935817,1.7799606323242188,0.5,r-8d6f46142acd4ec898a7,r-a149378a0c90bc9509b6
neuron_model_behavioral_validation,Neuraxis,development_pilot,PILOT2_PROTOCOL,Exploratory development data; second development iteration informed by Pilot 1; not independent confirmation; never pooled with the confirmatory held-out estimate,m-scale_conductance-ecad0d4d76,nml2_hh_example,2,P08_rebound,first_spike_latency,definedness,5.189999999412748,,,0.5,r-a628bd90e08153ec217d,r-7d3265a7a65959603af6
neuron_model_behavioral_validation,Neuraxis,development_pilot,PILOT2_PROTOCOL,Exploratory development data; second development iteration informed by Pilot 1; not independent confirmation; never pooled with the confirmatory held-out estimate,m-scale_conductance-ecad0d4d76,nml2_hh_example,2,P08_rebound,spike_count,exceeds,1.0,0.0,1.0,0.5,r-a628bd90e08153ec217d,r-7d3265a7a65959603af6
neuron_model_behavioral_validation,Neuraxis,development_pilot,PILOT2_PROTOCOL,Exploratory development data; second development iteration informed by Pilot 1; not independent confirmation; never pooled with the confirmatory held-out estimate,m-scale_conductance-ecad0d4d76,nml2_hh_example,2,P09_short_pulse,ahp_depth,exceeds,-11.22248840332071,-9.23831939697186,1.98416900634885,0.5613288879394936,r-2c9f7eaf5c4d0d4f33d4,r-38856f6e8732ae6f0fca
neuron_model_behavioral_validation,Neuraxis,development_pilot,PILOT2_PROTOCOL,Exploratory development data; second development iteration informed by Pilot 1; not independent confirmation; never pooled with the confirmatory held-out estimate,m-shift_reversal-a84a36ad81,nml2_hh_example,1,P00_canonical,ap_amplitude,exceeds,95.13947677592056,90.14626693705294,4.993209838867614,1.9027895355184112,r-5f0a94c66ff17cd98a0a,r-89a1a2b96b8a791c108a
neuron_model_behavioral_validation,Neuraxis,development_pilot,PILOT2_PROTOCOL,Exploratory development data; second development iteration informed by Pilot 1; not independent confirmation; never pooled with the confirmatory held-out estimate,m-shift_reversal-a84a36ad81,nml2_hh_example,1,P00_canonical,last_isi,exceeds,16.12999999998533,17.11999999998443,0.9899999999990996,0.5,r-5f0a94c66ff17cd98a0a,r-89a1a2b96b8a791c108a
neuron_model_behavioral_validation,Neuraxis,development_pilot,PILOT2_PROTOCOL,Exploratory development data; second development iteration informed by Pilot 1; not independent confirmation; never pooled with the confirmatory held-out estimate,m-shift_reversal-a84a36ad81,nml2_hh_example,1,P00_canonical,spike_count,exceeds,7.0,6.0,1.0,0.5,r-5f0a94c66ff17cd98a0a,r-89a1a2b96b8a791c108a
neuron_model_behavioral_validation,Neuraxis,development_pilot,PILOT2_PROTOCOL,Exploratory development data; second development iteration informed by Pilot 1; not independent confirmation; never pooled with the confirmatory held-out estimate,m-shift_reversal-a84a36ad81,nml2_hh_example,1,P03_rheobase,rheobase,exceeds,0.022436992008742575,0.02424697766546001,0.001809985656717434,0.00044873984017485154,s-6485b8f0d5e0c45b0b4d,s-d6b9f28d863b9c4e6677
neuron_model_behavioral_validation,Neuraxis,development_pilot,PILOT2_PROTOCOL,Exploratory development data; second development iteration informed by Pilot 1; not independent confirmation; never pooled with the confirmatory held-out estimate,m-shift_reversal-a84a36ad81,nml2_hh_example,1,P04_step_2x,ap_amplitude,exceeds,92.72434234740876,87.60686111578283,5.117481231625931,1.8544868469481752,r-66b1007575e04915ac55,r-bfa06c762a4dba558f04
neuron_model_behavioral_validation,Neuraxis,development_pilot,PILOT2_PROTOCOL,Exploratory development data; second development iteration informed by Pilot 1; not independent confirmation; never pooled with the confirmatory held-out estimate,m-shift_reversal-a84a36ad81,nml2_hh_example,1,P05_long_step,ap_amplitude,exceeds,91.2126808181487,85.9803009043604,5.232379913788293,1.824253616362974,r-940eedfaa66e3fa96c16,r-aea1e8518b9b5ef4c003
neuron_model_behavioral_validation,Neuraxis,development_pilot,PILOT2_PROTOCOL,Exploratory development data; second development iteration informed by Pilot 1; not independent confirmation; never pooled with the confirmatory held-out estimate,m-shift_reversal-a84a36ad81,nml2_hh_example,1,P09_short_pulse,ap_amplitude,exceeds,106.45812988261622,101.81092071497223,4.647209167643993,2.1291625976523245,r-efc8f2fd727ba1854c5f,r-096e7f15ef4c7758cd7b
neuron_model_behavioral_validation,Neuraxis,development_pilot,PILOT2_PROTOCOL,Exploratory development data; second development iteration informed by Pilot 1; not independent confirmation; never pooled with the confirmatory held-out estimate,m-shift_reversal-a84a36ad81,nml2_hh_example,2,P00_canonical,ap_amplitude,exceeds,95.29706954941832,90.31406402572833,4.983005523689997,1.9027895355184112,r-d4235ef154cdc2eeb44c,r-45421d731021d98553bd
neuron_model_behavioral_validation,Neuraxis,development_pilot,PILOT2_PROTOCOL,Exploratory development data; second development iteration informed by Pilot 1; not independent confirmation; never pooled with the confirmatory held-out estimate,m-shift_reversal-a84a36ad81,nml2_hh_example,2,P00_canonical,last_isi,exceeds,16.059999999985394,17.049999999984493,0.9899999999990996,0.5,r-d4235ef154cdc2eeb44c,r-45421d731021d98553bd
neuron_model_behavioral_validation,Neuraxis,development_pilot,PILOT2_PROTOCOL,Exploratory development data; second development iteration informed by Pilot 1; not independent confirmation; never pooled with the confirmatory held-out estimate,m-shift_reversal-a84a36ad81,nml2_hh_example,2,P00_canonical,spike_count,exceeds,7.0,6.0,1.0,0.5,r-d4235ef154cdc2eeb44c,r-45421d731021d98553bd
neuron_model_behavioral_validation,Neuraxis,development_pilot,PILOT2_PROTOCOL,Exploratory development data; second development iteration informed by Pilot 1; not independent confirmation; never pooled with the confirmatory held-out estimate,m-shift_reversal-a84a36ad81,nml2_hh_example,2,P03_rheobase,rheobase,exceeds,0.02240284133597432,0.02424697766546001,0.0018441363294856884,0.00044873984017485154,s-b96e12fd1e882cb18a94,s-ead643a8a37cb0adb809
neuron_model_behavioral_validation,Neuraxis,development_pilot,PILOT2_PROTOCOL,Exploratory development data; second development iteration informed by Pilot 1; not independent confirmation; never pooled with the confirmatory held-out estimate,m-shift_reversal-a84a36ad81,nml2_hh_example,2,P04_step_2x,ap_amplitude,exceeds,92.82558822777118,87.7086944595151,5.116893768256077,1.8544868469481752,r-8d6f46142acd4ec898a7,r-c1e8d2030732f59318af
neuron_model_behavioral_validation,Neuraxis,development_pilot,PILOT2_PROTOCOL,Exploratory development data; second development iteration informed by Pilot 1; not independent confirmation; never pooled with the confirmatory held-out estimate,m-shift_reversal-a84a36ad81,nml2_hh_example,2,P05_long_step,ap_amplitude,exceeds,91.37988662862392,86.03727340806732,5.342613220556601,1.824253616362974,r-a455ac42295a97429d02,r-3acd6e1b2e160989eaf4
neuron_model_behavioral_validation,Neuraxis,development_pilot,PILOT2_PROTOCOL,Exploratory development data; second development iteration informed by Pilot 1; not independent confirmation; never pooled with the confirmatory held-out estimate,m-shift_reversal-a84a36ad81,nml2_hh_example,2,P09_short_pulse,ap_amplitude,exceeds,106.43966293307548,101.79677581805484,4.642887115020642,2.1291625976523245,r-2c9f7eaf5c4d0d4f33d4,r-245c286eefe7e6ed1196
neuron_model_behavioral_validation,Neuraxis,development_pilot,PILOT2_PROTOCOL,Exploratory development data; second development iteration informed by Pilot 1; not independent confirmation; never pooled with the confirmatory held-out estimate,m-shift_reversal-b9112ba83d,nml2_hh_example,1,P00_canonical,ahp_depth,exceeds,-10.343139648437372,-11.686882019042883,1.3437423706055114,0.5171569824218686,r-5f0a94c66ff17cd98a0a,r-bc0264e43c7943f729fc
neuron_model_behavioral_validation,Neuraxis,development_pilot,PILOT2_PROTOCOL,Exploratory development data; second development iteration informed by Pilot 1; not independent confirmation; never pooled with the confirmatory held-out estimate,m-shift_reversal-b9112ba83d,nml2_hh_example,1,P00_canonical,last_isi,exceeds,16.12999999998533,16.67999999998483,0.5499999999994998,0.5,r-5f0a94c66ff17cd98a0a,r-bc0264e43c7943f729fc
neuron_model_behavioral_validation,Neuraxis,development_pilot,PILOT2_PROTOCOL,Exploratory development data; second development iteration informed by Pilot 1; not independent confirmation; never pooled with the confirmatory held-out estimate,m-shift_reversal-b9112ba83d,nml2_hh_example,1,P00_canonical,spike_count,exceeds,7.0,6.0,1.0,0.5,r-5f0a94c66ff17cd98a0a,r-bc0264e43c7943f729fc
neuron_model_behavioral_validation,Neuraxis,development_pilot,PILOT2_PROTOCOL,Exploratory development data; second development iteration informed by Pilot 1; not independent confirmation; never pooled with the confirmatory held-out estimate,m-shift_reversal-b9112ba83d,nml2_hh_example,1,P02_weak_step,steady_state_voltage,exceeds,-64.08310811767565,-64.68765371093737,0.6045455932617188,0.5,r-66b1007575e04915ac55,r-6407e5d4409f9fd3f0a2
neuron_model_behavioral_validation,Neuraxis,development_pilot,PILOT2_PROTOCOL,Exploratory development data; second development iteration informed by Pilot 1; not independent confirmation; never pooled with the confirmatory held-out estimate,m-shift_reversal-b9112ba83d,nml2_hh_example,1,P03_rheobase,rheobase,exceeds,0.022436992008742575,0.02547640188511714,0.003039409876374563,0.00044873984017485154,s-6485b8f0d5e0c45b0b4d,s-c91c93aabacb03ea88f9
neuron_model_behavioral_validation,Neuraxis,development_pilot,PILOT2_PROTOCOL,Exploratory development data; second development iteration informed by Pilot 1; not independent confirmation; never pooled with the confirmatory held-out estimate,m-shift_reversal-b9112ba83d,nml2_hh_example,1,P04_step_2x,ahp_depth,exceeds,-10.697937011716306,-12.03691101074341,1.338973999027104,0.5348968505858153,r-66b1007575e04915ac55,r-6407e5d4409f9fd3f0a2
neuron_model_behavioral_validation,Neuraxis,development_pilot,PILOT2_PROTOCOL,Exploratory development data; second development iteration informed by Pilot 1; not independent confirmation; never pooled with the confirmatory held-out estimate,m-shift_reversal-b9112ba83d,nml2_hh_example,1,P05_long_step,ahp_depth,exceeds,-10.81385040282855,-12.149620056147,1.3357696533184509,0.5406925201414275,r-940eedfaa66e3fa96c16,r-fd0573406775a6144698
neuron_model_behavioral_validation,Neuraxis,development_pilot,PILOT2_PROTOCOL,Exploratory development data; second development iteration informed by Pilot 1; not independent confirmation; never pooled with the confirmatory held-out estimate,m-shift_reversal-b9112ba83d,nml2_hh_example,1,P07_hyperpolarizing_step,steady_state_voltage,exceeds,-67.26261677551295,-67.79650654602077,0.5338897705078125,0.5,r-66b1007575e04915ac55,r-6407e5d4409f9fd3f0a2
neuron_model_behavioral_validation,Neuraxis,development_pilot,PILOT2_PROTOCOL,Exploratory development data; second development iteration informed by Pilot 1; not independent confirmation; never pooled with the confirmatory held-out estimate,m-shift_reversal-b9112ba83d,nml2_hh_example,1,P09_short_pulse,ahp_depth,exceeds,-11.226577758789873,-12.568519592285966,1.3419418334960938,0.5613288879394936,r-efc8f2fd727ba1854c5f,r-2272e886615a12f4a20d
neuron_model_behavioral_validation,Neuraxis,development_pilot,PILOT2_PROTOCOL,Exploratory development data; second development iteration informed by Pilot 1; not independent confirmation; never pooled with the confirmatory held-out estimate,m-shift_reversal-b9112ba83d,nml2_hh_example,2,P00_canonical,ahp_depth,exceeds,-10.327699567887592,-11.669702436539978,1.3420028686523864,0.5171569824218686,r-d4235ef154cdc2eeb44c,r-5be97d295230c4b6c29c
neuron_model_behavioral_validation,Neuraxis,development_pilot,PILOT2_PROTOCOL,Exploratory development data; second development iteration informed by Pilot 1; not independent confirmation; never pooled with the confirmatory held-out estimate,m-shift_reversal-b9112ba83d,nml2_hh_example,2,P00_canonical,last_isi,exceeds,16.059999999985394,16.619999999984884,0.5599999999994907,0.5,r-d4235ef154cdc2eeb44c,r-5be97d295230c4b6c29c
neuron_model_behavioral_validation,Neuraxis,development_pilot,PILOT2_PROTOCOL,Exploratory development data; second development iteration informed by Pilot 1; not independent confirmation; never pooled with the confirmatory held-out estimate,m-shift_reversal-b9112ba83d,nml2_hh_example,2,P00_canonical,spike_count,exceeds,7.0,6.0,1.0,0.5,r-d4235ef154cdc2eeb44c,r-5be97d295230c4b6c29c
neuron_model_behavioral_validation,Neuraxis,development_pilot,PILOT2_PROTOCOL,Exploratory development data; second development iteration informed by Pilot 1; not independent confirmation; never pooled with the confirmatory held-out estimate,m-shift_reversal-b9112ba83d,nml2_hh_example,2,P02_weak_step,steady_state_voltage,exceeds,-64.08310755462634,-64.68765314788806,0.6045455932617188,0.5,r-8d6f46142acd4ec898a7,r-ddfa94fbcc2a10bf0822
neuron_model_behavioral_validation,Neuraxis,development_pilot,PILOT2_PROTOCOL,Exploratory development data; second development iteration informed by Pilot 1; not independent confirmation; never pooled with the confirmatory held-out estimate,m-shift_reversal-b9112ba83d,nml2_hh_example,2,P03_rheobase,rheobase,exceeds,0.02240284133597432,0.025442251212348884,0.003039409876374563,0.00044873984017485154,s-b96e12fd1e882cb18a94,s-cee611c03587d7d55ed9
neuron_model_behavioral_validation,Neuraxis,development_pilot,PILOT2_PROTOCOL,Exploratory development data; second development iteration informed by Pilot 1; not independent confirmation; never pooled with the confirmatory held-out estimate,m-shift_reversal-b9112ba83d,nml2_hh_example,2,P04_step_2x,ahp_depth,exceeds,-10.691650390625,-12.029846191402171,1.3381958007771715,0.5348968505858153,r-8d6f46142acd4ec898a7,r-ddfa94fbcc2a10bf0822
neuron_model_behavioral_validation,Neuraxis,development_pilot,PILOT2_PROTOCOL,Exploratory development data; second development iteration informed by Pilot 1; not independent confirmation; never pooled with the confirmatory held-out estimate,m-shift_reversal-b9112ba83d,nml2_hh_example,2,P05_long_step,ahp_depth,exceeds,-10.808036804201677,-12.143096923830583,1.3350601196289062,0.5406925201414275,r-a455ac42295a97429d02,r-3a11ec310f15ca13c8ec
neuron_model_behavioral_validation,Neuraxis,development_pilot,PILOT2_PROTOCOL,Exploratory development data; second development iteration informed by Pilot 1; not independent confirmation; never pooled with the confirmatory held-out estimate,m-shift_reversal-b9112ba83d,nml2_hh_example,2,P07_hyperpolarizing_step,steady_state_voltage,exceeds,-67.26261789703395,-67.79650766754176,0.5338897705078125,0.5,r-8d6f46142acd4ec898a7,r-ddfa94fbcc2a10bf0822
neuron_model_behavioral_validation,Neuraxis,development_pilot,PILOT2_PROTOCOL,Exploratory development data; second development iteration informed by Pilot 1; not independent confirmation; never pooled with the confirmatory held-out estimate,m-shift_reversal-b9112ba83d,nml2_hh_example,2,P09_short_pulse,ahp_depth,exceeds,-11.22248840332071,-12.56378936767618,1.3413009643554688,0.5613288879394936,r-2c9f7eaf5c4d0d4f33d4,r-cec304ce85a682f928d8
neuron_model_behavioral_validation,Neuraxis,development_pilot,PILOT2_PROTOCOL,Exploratory development data; second development iteration informed by Pilot 1; not independent confirmation; never pooled with the confirmatory held-out estimate,m-shift_reversal-36bce9b069,nml2_hh_example,1,P00_canonical,adaptation_index,definedness,-7.74713208133793e-05,,,0.01,r-5f0a94c66ff17cd98a0a,r-4e9c67fde5bf9998fb0e
neuron_model_behavioral_validation,Neuraxis,development_pilot,PILOT2_PROTOCOL,Exploratory development data; second development iteration informed by Pilot 1; not independent confirmation; never pooled with the confirmatory held-out estimate,m-shift_reversal-36bce9b069,nml2_hh_example,1,P00_canonical,ahp_depth,exceeds,-10.343139648437372,-7.427619934081264,2.9155197143561082,0.5171569824218686,r-5f0a94c66ff17cd98a0a,r-4e9c67fde5bf9998fb0e
neuron_model_behavioral_validation,Neuraxis,development_pilot,PILOT2_PROTOCOL,Exploratory development data; second development iteration informed by Pilot 1; not independent confirmation; never pooled with the confirmatory held-out estimate,m-shift_reversal-36bce9b069,nml2_hh_example,1,P00_canonical,ap_amplitude,exceeds,95.13947677592056,99.3143615720661,4.174884796145548,1.9027895355184112,r-5f0a94c66ff17cd98a0a,r-4e9c67fde5bf9998fb0e
neuron_model_behavioral_validation,Neuraxis,development_pilot,PILOT2_PROTOCOL,Exploratory development data; second development iteration informed by Pilot 1; not independent confirmation; never pooled with the confirmatory held-out estimate,m-shift_reversal-36bce9b069,nml2_hh_example,1,P00_canonical,last_isi,definedness,16.12999999998533,,,0.5,r-5f0a94c66ff17cd98a0a,r-4e9c67fde5bf9998fb0e
neuron_model_behavioral_validation,Neuraxis,development_pilot,PILOT2_PROTOCOL,Exploratory development data; second development iteration informed by Pilot 1; not independent confirmation; never pooled with the confirmatory held-out estimate,m-shift_reversal-36bce9b069,nml2_hh_example,1,P00_canonical,spike_count,exceeds,7.0,1.0,6.0,0.5,r-5f0a94c66ff17cd98a0a,r-4e9c67fde5bf9998fb0e
neuron_model_behavioral_validation,Neuraxis,development_pilot,PILOT2_PROTOCOL,Exploratory development data; second development iteration informed by Pilot 1; not independent confirmation; never pooled with the confirmatory held-out estimate,m-shift_reversal-36bce9b069,nml2_hh_example,1,P02_weak_step,steady_state_voltage,exceeds,-64.08310811767565,-66.82824819335924,2.7451400756835938,0.5,r-66b1007575e04915ac55,r-98d84e3da6430a96d8ec
neuron_model_behavioral_validation,Neuraxis,development_pilot,PILOT2_PROTOCOL,Exploratory development data; second development iteration informed by Pilot 1; not independent confirmation; never pooled with the confirmatory held-out estimate,m-shift_reversal-36bce9b069,nml2_hh_example,1,P03_rheobase,rheobase,exceeds,0.022436992008742575,0.028379209070418687,0.005942217061676112,0.00044873984017485154,s-6485b8f0d5e0c45b0b4d,s-138a647b77a69f69ee5b
neuron_model_behavioral_validation,Neuraxis,development_pilot,PILOT2_PROTOCOL,Exploratory development data; second development iteration informed by Pilot 1; not independent confirmation; never pooled with the confirmatory held-out estimate,m-shift_reversal-36bce9b069,nml2_hh_example,1,P04_step_2x,ahp_depth,exceeds,-10.697937011716306,-7.778518676755965,2.9194183349603406,0.5348968505858153,r-66b1007575e04915ac55,r-98d84e3da6430a96d8ec
neuron_model_behavioral_validation,Neuraxis,development_pilot,PILOT2_PROTOCOL,Exploratory development data; second development iteration informed by Pilot 1; not independent confirmation; never pooled with the confirmatory held-out estimate,m-shift_reversal-36bce9b069,nml2_hh_example,1,P04_step_2x,ap_amplitude,exceeds,92.72434234740876,96.4078598033359,3.683517455927131,1.8544868469481752,r-66b1007575e04915ac55,r-98d84e3da6430a96d8ec
neuron_model_behavioral_validation,Neuraxis,development_pilot,PILOT2_PROTOCOL,Exploratory development data; second development iteration informed by Pilot 1; not independent confirmation; never pooled with the confirmatory held-out estimate,m-shift_reversal-36bce9b069,nml2_hh_example,1,P04_step_2x,first_spike_latency,exceeds,3.5399999998689395,4.329999999868221,0.7899999999992815,0.5,r-66b1007575e04915ac55,r-98d84e3da6430a96d8ec
neuron_model_behavioral_validation,Neuraxis,development_pilot,PILOT2_PROTOCOL,Exploratory development data; second development iteration informed by Pilot 1; not independent confirmation; never pooled with the confirmatory held-out estimate,m-shift_reversal-36bce9b069,nml2_hh_example,1,P05_long_step,ahp_depth,exceeds,-10.81385040282855,-7.890449523924119,2.923400878904431,0.5406925201414275,r-940eedfaa66e3fa96c16,r-441626d7a85e1f4aa4d5
neuron_model_behavioral_validation,Neuraxis,development_pilot,PILOT2_PROTOCOL,Exploratory development data; second development iteration informed by Pilot 1; not independent confirmation; never pooled with the confirmatory held-out estimate,m-shift_reversal-36bce9b069,nml2_hh_example,1,P05_long_step,ap_amplitude,exceeds,91.2126808181487,94.21921920873737,3.0065383905886733,1.824253616362974,r-940eedfaa66e3fa96c16,r-441626d7a85e1f4aa4d5
neuron_model_behavioral_validation,Neuraxis,development_pilot,PILOT2_PROTOCOL,Exploratory development data; second development iteration informed by Pilot 1; not independent confirmation; never pooled with the confirmatory held-out estimate,m-shift_reversal-36bce9b069,nml2_hh_example,1,P05_long_step,first_spike_latency,exceeds,4.42999999986813,5.959999999866739,1.5299999999986085,0.5,r-940eedfaa66e3fa96c16,r-441626d7a85e1f4aa4d5
neuron_model_behavioral_validation,Neuraxis,development_pilot,PILOT2_PROTOCOL,Exploratory development data; second development iteration informed by Pilot 1; not independent confirmation; never pooled with the confirmatory held-out estimate,m-shift_reversal-36bce9b069,nml2_hh_example,1,P07_hyperpolarizing_step,steady_state_voltage,exceeds,-67.26261677551295,-72.48515858306911,5.222541807556155,0.5,r-66b1007575e04915ac55,r-98d84e3da6430a96d8ec
neuron_model_behavioral_validation,Neuraxis,development_pilot,PILOT2_PROTOCOL,Exploratory development data; second development iteration informed by Pilot 1; not independent confirmation; never pooled with the confirmatory held-out estimate,m-shift_reversal-36bce9b069,nml2_hh_example,1,P08_rebound,first_spike_latency,definedness,5.219999999412721,,,0.5,r-011ab0e03522b12f620c,r-9b8b87b42b9fd34d7aec
neuron_model_behavioral_validation,Neuraxis,development_pilot,PILOT2_PROTOCOL,Exploratory development data; second development iteration informed by Pilot 1; not independent confirmation; never pooled with the confirmatory held-out estimate,m-shift_reversal-36bce9b069,nml2_hh_example,1,P08_rebound,spike_count,exceeds,1.0,0.0,1.0,0.5,r-011ab0e03522b12f620c,r-9b8b87b42b9fd34d7aec
neuron_model_behavioral_validation,Neuraxis,development_pilot,PILOT2_PROTOCOL,Exploratory development data; second development iteration informed by Pilot 1; not independent confirmation; never pooled with the confirmatory held-out estimate,m-shift_reversal-36bce9b069,nml2_hh_example,1,P09_short_pulse,ahp_depth,exceeds,-11.226577758789873,-8.288925170897627,2.937652587892245,0.5613288879394936,r-efc8f2fd727ba1854c5f,r-09bb541c7691ad01dddb
neuron_model_behavioral_validation,Neuraxis,development_pilot,PILOT2_PROTOCOL,Exploratory development data; second development iteration informed by Pilot 1; not independent confirmation; never pooled with the confirmatory held-out estimate,m-shift_reversal-36bce9b069,nml2_hh_example,1,P09_short_pulse,ap_amplitude,exceeds,106.45812988261622,112.647174834953,6.189044952336786,2.1291625976523245,r-efc8f2fd727ba1854c5f,r-09bb541c7691ad01dddb
neuron_model_behavioral_validation,Neuraxis,development_pilot,PILOT2_PROTOCOL,Exploratory development data; second development iteration informed by Pilot 1; not independent confirmation; never pooled with the confirmatory held-out estimate,m-shift_reversal-36bce9b069,nml2_hh_example,2,P00_canonical,adaptation_index,definedness,-1.02201355559918e-13,,,0.01,r-d4235ef154cdc2eeb44c,r-9f16acbd58788b72626f
neuron_model_behavioral_validation,Neuraxis,development_pilot,PILOT2_PROTOCOL,Exploratory development data; second development iteration informed by Pilot 1; not independent confirmation; never pooled with the confirmatory held-out estimate,m-shift_reversal-36bce9b069,nml2_hh_example,2,P00_canonical,ahp_depth,exceeds,-10.327699567887592,-7.415529165353618,2.912170402533974,0.5171569824218686,r-d4235ef154cdc2eeb44c,r-9f16acbd58788b72626f
neuron_model_behavioral_validation,Neuraxis,development_pilot,PILOT2_PROTOCOL,Exploratory development data; second development iteration informed by Pilot 1; not independent confirmation; never pooled with the confirmatory held-out estimate,m-shift_reversal-36bce9b069,nml2_hh_example,2,P00_canonical,ap_amplitude,exceeds,95.29706954941832,99.36120986924539,4.064140319827061,1.9027895355184112,r-d4235ef154cdc2eeb44c,r-9f16acbd58788b72626f
neuron_model_behavioral_validation,Neuraxis,development_pilot,PILOT2_PROTOCOL,Exploratory development data; second development iteration informed by Pilot 1; not independent confirmation; never pooled with the confirmatory held-out estimate,m-shift_reversal-36bce9b069,nml2_hh_example,2,P00_canonical,last_isi,definedness,16.059999999985394,,,0.5,r-d4235ef154cdc2eeb44c,r-9f16acbd58788b72626f
neuron_model_behavioral_validation,Neuraxis,development_pilot,PILOT2_PROTOCOL,Exploratory development data; second development iteration informed by Pilot 1; not independent confirmation; never pooled with the confirmatory held-out estimate,m-shift_reversal-36bce9b069,nml2_hh_example,2,P00_canonical,spike_count,exceeds,7.0,1.0,6.0,0.5,r-d4235ef154cdc2eeb44c,r-9f16acbd58788b72626f
neuron_model_behavioral_validation,Neuraxis,development_pilot,PILOT2_PROTOCOL,Exploratory development data; second development iteration informed by Pilot 1; not independent confirmation; never pooled with the confirmatory held-out estimate,m-shift_reversal-36bce9b069,nml2_hh_example,2,P02_weak_step,steady_state_voltage,exceeds,-64.08310755462634,-66.82824763030993,2.7451400756835938,0.5,r-8d6f46142acd4ec898a7,r-76c7cd37560be932511a
neuron_model_behavioral_validation,Neuraxis,development_pilot,PILOT2_PROTOCOL,Exploratory development data; second development iteration informed by Pilot 1; not independent confirmation; never pooled with the confirmatory held-out estimate,m-shift_reversal-36bce9b069,nml2_hh_example,2,P03_rheobase,rheobase,exceeds,0.02240284133597432,0.028345058397650436,0.005942217061676115,0.00044873984017485154,s-b96e12fd1e882cb18a94,s-f5ab2a74825a9d577efd
neuron_model_behavioral_validation,Neuraxis,development_pilot,PILOT2_PROTOCOL,Exploratory development data; second development iteration informed by Pilot 1; not independent confirmation; never pooled with the confirmatory held-out estimate,m-shift_reversal-36bce9b069,nml2_hh_example,2,P04_step_2x,ahp_depth,exceeds,-10.691650390625,-7.7738800048828125,2.9177703857421875,0.5348968505858153,r-8d6f46142acd4ec898a7,r-76c7cd37560be932511a
neuron_model_behavioral_validation,Neuraxis,development_pilot,PILOT2_PROTOCOL,Exploratory development data; second development iteration informed by Pilot 1; not independent confirmation; never pooled with the confirmatory held-out estimate,m-shift_reversal-36bce9b069,nml2_hh_example,2,P04_step_2x,ap_amplitude,exceeds,92.82558822777118,96.49916458264678,3.673576354875607,1.8544868469481752,r-8d6f46142acd4ec898a7,r-76c7cd37560be932511a
neuron_model_behavioral_validation,Neuraxis,development_pilot,PILOT2_PROTOCOL,Exploratory development data; second development iteration informed by Pilot 1; not independent confirmation; never pooled with the confirmatory held-out estimate,m-shift_reversal-36bce9b069,nml2_hh_example,2,P04_step_2x,first_spike_latency,exceeds,3.509999999868967,4.299999999868248,0.7899999999992815,0.5,r-8d6f46142acd4ec898a7,r-76c7cd37560be932511a
neuron_model_behavioral_validation,Neuraxis,development_pilot,PILOT2_PROTOCOL,Exploratory development data; second development iteration informed by Pilot 1; not independent confirmation; never pooled with the confirmatory held-out estimate,m-shift_reversal-36bce9b069,nml2_hh_example,2,P05_long_step,ahp_depth,exceeds,-10.808036804201677,-7.886329650878082,2.921707153323595,0.5406925201414275,r-a455ac42295a97429d02,r-0c50209f437c533def8e
neuron_model_behavioral_validation,Neuraxis,development_pilot,PILOT2_PROTOCOL,Exploratory development data; second development iteration informed by Pilot 1; not independent confirmation; never pooled with the confirmatory held-out estimate,m-shift_reversal-36bce9b069,nml2_hh_example,2,P05_long_step,ap_amplitude,exceeds,91.37988662862392,94.34526825068687,2.9653816220629494,1.824253616362974,r-a455ac42295a97429d02,r-0c50209f437c533def8e
neuron_model_behavioral_validation,Neuraxis,development_pilot,PILOT2_PROTOCOL,Exploratory development data; second development iteration informed by Pilot 1; not independent confirmation; never pooled with the confirmatory held-out estimate,m-shift_reversal-36bce9b069,nml2_hh_example,2,P05_long_step,first_spike_latency,exceeds,4.3899999998681665,5.919999999866775,1.5299999999986085,0.5,r-a455ac42295a97429d02,r-0c50209f437c533def8e
neuron_model_behavioral_validation,Neuraxis,development_pilot,PILOT2_PROTOCOL,Exploratory development data; second development iteration informed by Pilot 1; not independent confirmation; never pooled with the confirmatory held-out estimate,m-shift_reversal-36bce9b069,nml2_hh_example,2,P07_hyperpolarizing_step,steady_state_voltage,exceeds,-67.26261789703395,-72.4851597045901,5.222541807556155,0.5,r-8d6f46142acd4ec898a7,r-76c7cd37560be932511a
neuron_model_behavioral_validation,Neuraxis,development_pilot,PILOT2_PROTOCOL,Exploratory development data; second development iteration informed by Pilot 1; not independent confirmation; never pooled with the confirmatory held-out estimate,m-shift_reversal-36bce9b069,nml2_hh_example,2,P08_rebound,first_spike_latency,definedness,5.189999999412748,,,0.5,r-a628bd90e08153ec217d,r-5b7db53d4195d047e90f
neuron_model_behavioral_validation,Neuraxis,development_pilot,PILOT2_PROTOCOL,Exploratory development data; second development iteration informed by Pilot 1; not independent confirmation; never pooled with the confirmatory held-out estimate,m-shift_reversal-36bce9b069,nml2_hh_example,2,P08_rebound,spike_count,exceeds,1.0,0.0,1.0,0.5,r-a628bd90e08153ec217d,r-5b7db53d4195d047e90f
neuron_model_behavioral_validation,Neuraxis,development_pilot,PILOT2_PROTOCOL,Exploratory development data; second development iteration informed by Pilot 1; not independent confirmation; never pooled with the confirmatory held-out estimate,m-shift_reversal-36bce9b069,nml2_hh_example,2,P09_short_pulse,ahp_depth,exceeds,-11.22248840332071,-8.28646850585777,2.9360198974629412,0.5613288879394936,r-2c9f7eaf5c4d0d4f33d4,r-8ab46f83d8e434af8e2a
neuron_model_behavioral_validation,Neuraxis,development_pilot,PILOT2_PROTOCOL,Exploratory development data; second development iteration informed by Pilot 1; not independent confirmation; never pooled with the confirmatory held-out estimate,m-shift_reversal-36bce9b069,nml2_hh_example,2,P09_short_pulse,ap_amplitude,exceeds,106.43966293307548,112.62408447229862,6.184421539223138,2.1291625976523245,r-2c9f7eaf5c4d0d4f33d4,r-8ab46f83d8e434af8e2a
neuron_model_behavioral_validation,Neuraxis,development_pilot,PILOT2_PROTOCOL,Exploratory development data; second development iteration informed by Pilot 1; not independent confirmation; never pooled with the confirmatory held-out estimate,m-shift_reversal-754db6a01c,nml2_hh_example,1,P00_canonical,adaptation_index,definedness,-7.74713208133793e-05,,,0.01,r-5f0a94c66ff17cd98a0a,r-a040d88c7eb8310ebb81
neuron_model_behavioral_validation,Neuraxis,development_pilot,PILOT2_PROTOCOL,Exploratory development data; second development iteration informed by Pilot 1; not independent confirmation; never pooled with the confirmatory held-out estimate,m-shift_reversal-754db6a01c,nml2_hh_example,1,P00_canonical,ahp_depth,exceeds,-10.343139648437372,-17.597587585449148,7.254447937011776,0.5171569824218686,r-5f0a94c66ff17cd98a0a,r-a040d88c7eb8310ebb81
neuron_model_behavioral_validation,Neuraxis,development_pilot,PILOT2_PROTOCOL,Exploratory development data; second development iteration informed by Pilot 1; not independent confirmation; never pooled with the confirmatory held-out estimate,m-shift_reversal-754db6a01c,nml2_hh_example,1,P00_canonical,ap_amplitude,exceeds,95.13947677592056,97.2597160337371,2.12023925781655,1.9027895355184112,r-5f0a94c66ff17cd98a0a,r-a040d88c7eb8310ebb81
neuron_model_behavioral_validation,Neuraxis,development_pilot,PILOT2_PROTOCOL,Exploratory development data; second development iteration informed by Pilot 1; not independent confirmation; never pooled with the confirmatory held-out estimate,m-shift_reversal-754db6a01c,nml2_hh_example,1,P00_canonical,last_isi,definedness,16.12999999998533,,,0.5,r-5f0a94c66ff17cd98a0a,r-a040d88c7eb8310ebb81
neuron_model_behavioral_validation,Neuraxis,development_pilot,PILOT2_PROTOCOL,Exploratory development data; second development iteration informed by Pilot 1; not independent confirmation; never pooled with the confirmatory held-out estimate,m-shift_reversal-754db6a01c,nml2_hh_example,1,P00_canonical,spike_count,exceeds,7.0,1.0,6.0,0.5,r-5f0a94c66ff17cd98a0a,r-a040d88c7eb8310ebb81
neuron_model_behavioral_validation,Neuraxis,development_pilot,PILOT2_PROTOCOL,Exploratory development data; second development iteration informed by Pilot 1; not independent confirmation; never pooled with the confirmatory held-out estimate,m-shift_reversal-754db6a01c,nml2_hh_example,1,P02_weak_step,steady_state_voltage,exceeds,-64.08310811767565,-66.51249044036852,2.4293823226928737,0.5,r-66b1007575e04915ac55,r-7b06c29970edadbead68
neuron_model_behavioral_validation,Neuraxis,development_pilot,PILOT2_PROTOCOL,Exploratory development data; second development iteration informed by Pilot 1; not independent confirmation; never pooled with the confirmatory held-out estimate,m-shift_reversal-754db6a01c,nml2_hh_example,1,P03_rheobase,rheobase,exceeds,0.022436992008742575,0.036097261116043985,0.01366026910730141,0.00044873984017485154,s-6485b8f0d5e0c45b0b4d,s-2cdc45ea88f95dd5d50d
neuron_model_behavioral_validation,Neuraxis,development_pilot,PILOT2_PROTOCOL,Exploratory development data; second development iteration informed by Pilot 1; not independent confirmation; never pooled with the confirmatory held-out estimate,m-shift_reversal-754db6a01c,nml2_hh_example,1,P04_step_2x,ahp_depth,exceeds,-10.697937011716306,-17.929626464843338,7.231689453127032,0.5348968505858153,r-66b1007575e04915ac55,r-7b06c29970edadbead68
neuron_model_behavioral_validation,Neuraxis,development_pilot,PILOT2_PROTOCOL,Exploratory development data; second development iteration informed by Pilot 1; not independent confirmation; never pooled with the confirmatory held-out estimate,m-shift_reversal-754db6a01c,nml2_hh_example,1,P04_step_2x,first_spike_latency,exceeds,3.5399999998689395,4.509999999868057,0.9699999999991178,0.5,r-66b1007575e04915ac55,r-7b06c29970edadbead68
neuron_model_behavioral_validation,Neuraxis,development_pilot,PILOT2_PROTOCOL,Exploratory development data; second development iteration informed by Pilot 1; not independent confirmation; never pooled with the confirmatory held-out estimate,m-shift_reversal-754db6a01c,nml2_hh_example,1,P05_long_step,ahp_depth,definedness,-10.81385040282855,,,0.5406925201414275,r-940eedfaa66e3fa96c16,r-9fbe90a1f98a6425f141
neuron_model_behavioral_validation,Neuraxis,development_pilot,PILOT2_PROTOCOL,Exploratory development data; second development iteration informed by Pilot 1; not independent confirmation; never pooled with the confirmatory held-out estimate,m-shift_reversal-754db6a01c,nml2_hh_example,1,P05_long_step,ap_amplitude,definedness,91.2126808181487,,,1.824253616362974,r-940eedfaa66e3fa96c16,r-9fbe90a1f98a6425f141
neuron_model_behavioral_validation,Neuraxis,development_pilot,PILOT2_PROTOCOL,Exploratory development data; second development iteration informed by Pilot 1; not independent confirmation; never pooled with the confirmatory held-out estimate,m-shift_reversal-754db6a01c,nml2_hh_example,1,P05_long_step,first_spike_latency,definedness,4.42999999986813,,,0.5,r-940eedfaa66e3fa96c16,r-9fbe90a1f98a6425f141
neuron_model_behavioral_validation,Neuraxis,development_pilot,PILOT2_PROTOCOL,Exploratory development data; second development iteration informed by Pilot 1; not independent confirmation; never pooled with the confirmatory held-out estimate,m-shift_reversal-754db6a01c,nml2_hh_example,1,P05_long_step,spike_count,exceeds,1.0,0.0,1.0,0.5,r-940eedfaa66e3fa96c16,r-9fbe90a1f98a6425f141
neuron_model_behavioral_validation,Neuraxis,development_pilot,PILOT2_PROTOCOL,Exploratory development data; second development iteration informed by Pilot 1; not independent confirmation; never pooled with the confirmatory held-out estimate,m-shift_reversal-754db6a01c,nml2_hh_example,1,P07_hyperpolarizing_step,steady_state_voltage,exceeds,-67.26261677551295,-69.38664021301295,2.1240234375,0.5,r-66b1007575e04915ac55,r-7b06c29970edadbead68
neuron_model_behavioral_validation,Neuraxis,development_pilot,PILOT2_PROTOCOL,Exploratory development data; second development iteration informed by Pilot 1; not independent confirmation; never pooled with the confirmatory held-out estimate,m-shift_reversal-754db6a01c,nml2_hh_example,1,P08_rebound,first_spike_latency,exceeds,5.219999999412721,8.389999999409838,3.169999999997117,0.5,r-011ab0e03522b12f620c,r-f75936e874900756853b
neuron_model_behavioral_validation,Neuraxis,development_pilot,PILOT2_PROTOCOL,Exploratory development data; second development iteration informed by Pilot 1; not independent confirmation; never pooled with the confirmatory held-out estimate,m-shift_reversal-754db6a01c,nml2_hh_example,1,P09_short_pulse,ahp_depth,exceeds,-11.226577758789873,-18.492134094239887,7.265556335450015,0.5613288879394936,r-efc8f2fd727ba1854c5f,r-b340113ce1f31dc049e2
neuron_model_behavioral_validation,Neuraxis,development_pilot,PILOT2_PROTOCOL,Exploratory development data; second development iteration informed by Pilot 1; not independent confirmation; never pooled with the confirmatory held-out estimate,m-shift_reversal-754db6a01c,nml2_hh_example,1,P09_short_pulse,ap_amplitude,exceeds,106.45812988261622,110.62486267049181,4.166732787875588,2.1291625976523245,r-efc8f2fd727ba1854c5f,r-b340113ce1f31dc049e2
neuron_model_behavioral_validation,Neuraxis,development_pilot,PILOT2_PROTOCOL,Exploratory development data; second development iteration informed by Pilot 1; not independent confirmation; never pooled with the confirmatory held-out estimate,m-shift_reversal-754db6a01c,nml2_hh_example,2,P00_canonical,adaptation_index,definedness,-1.02201355559918e-13,,,0.01,r-d4235ef154cdc2eeb44c,r-e93bdc9328cbe9377bae
neuron_model_behavioral_validation,Neuraxis,development_pilot,PILOT2_PROTOCOL,Exploratory development data; second development iteration informed by Pilot 1; not independent confirmation; never pooled with the confirmatory held-out estimate,m-shift_reversal-754db6a01c,nml2_hh_example,2,P00_canonical,ahp_depth,exceeds,-10.327699567887592,-17.572259801965075,7.244560234077483,0.5171569824218686,r-d4235ef154cdc2eeb44c,r-e93bdc9328cbe9377bae
neuron_model_behavioral_validation,Neuraxis,development_pilot,PILOT2_PROTOCOL,Exploratory development data; second development iteration informed by Pilot 1; not independent confirmation; never pooled with the confirmatory held-out estimate,m-shift_reversal-754db6a01c,nml2_hh_example,2,P00_canonical,ap_amplitude,exceeds,95.29706954941832,97.41097640977611,2.113906860357787,1.9027895355184112,r-d4235ef154cdc2eeb44c,r-e93bdc9328cbe9377bae
neuron_model_behavioral_validation,Neuraxis,development_pilot,PILOT2_PROTOCOL,Exploratory development data; second development iteration informed by Pilot 1; not independent confirmation; never pooled with the confirmatory held-out estimate,m-shift_reversal-754db6a01c,nml2_hh_example,2,P00_canonical,last_isi,definedness,16.059999999985394,,,0.5,r-d4235ef154cdc2eeb44c,r-e93bdc9328cbe9377bae
neuron_model_behavioral_validation,Neuraxis,development_pilot,PILOT2_PROTOCOL,Exploratory development data; second development iteration informed by Pilot 1; not independent confirmation; never pooled with the confirmatory held-out estimate,m-shift_reversal-754db6a01c,nml2_hh_example,2,P00_canonical,spike_count,exceeds,7.0,1.0,6.0,0.5,r-d4235ef154cdc2eeb44c,r-e93bdc9328cbe9377bae
neuron_model_behavioral_validation,Neuraxis,development_pilot,PILOT2_PROTOCOL,Exploratory development data; second development iteration informed by Pilot 1; not independent confirmation; never pooled with the confirmatory held-out estimate,m-shift_reversal-754db6a01c,nml2_hh_example,2,P02_weak_step,steady_state_voltage,exceeds,-64.08310755462634,-66.51248988037096,2.4293823257446263,0.5,r-8d6f46142acd4ec898a7,r-ef56154345f1d065e7d1
neuron_model_behavioral_validation,Neuraxis,development_pilot,PILOT2_PROTOCOL,Exploratory development data; second development iteration informed by Pilot 1; not independent confirmation; never pooled with the confirmatory held-out estimate,m-shift_reversal-754db6a01c,nml2_hh_example,2,P03_rheobase,rheobase,exceeds,0.02240284133597432,0.036097261116043985,0.013694419780069664,0.00044873984017485154,s-b96e12fd1e882cb18a94,s-534561534a6c4980345f
neuron_model_behavioral_validation,Neuraxis,development_pilot,PILOT2_PROTOCOL,Exploratory development data; second development iteration informed by Pilot 1; not independent confirmation; never pooled with the confirmatory held-out estimate,m-shift_reversal-754db6a01c,nml2_hh_example,2,P04_step_2x,ahp_depth,exceeds,-10.691650390625,-17.918846130365353,7.227195739740353,0.5348968505858153,r-8d6f46142acd4ec898a7,r-ef56154345f1d065e7d1
neuron_model_behavioral_validation,Neuraxis,development_pilot,PILOT2_PROTOCOL,Exploratory development data; second development iteration informed by Pilot 1; not independent confirmation; never pooled with the confirmatory held-out estimate,m-shift_reversal-754db6a01c,nml2_hh_example,2,P04_step_2x,first_spike_latency,exceeds,3.509999999868967,4.469999999868094,0.9599999999991269,0.5,r-8d6f46142acd4ec898a7,r-ef56154345f1d065e7d1
neuron_model_behavioral_validation,Neuraxis,development_pilot,PILOT2_PROTOCOL,Exploratory development data; second development iteration informed by Pilot 1; not independent confirmation; never pooled with the confirmatory held-out estimate,m-shift_reversal-754db6a01c,nml2_hh_example,2,P05_long_step,ahp_depth,definedness,-10.808036804201677,,,0.5406925201414275,r-a455ac42295a97429d02,r-c9a5c024078070d1c9b4
neuron_model_behavioral_validation,Neuraxis,development_pilot,PILOT2_PROTOCOL,Exploratory development data; second development iteration informed by Pilot 1; not independent confirmation; never pooled with the confirmatory held-out estimate,m-shift_reversal-754db6a01c,nml2_hh_example,2,P05_long_step,ap_amplitude,definedness,91.37988662862392,,,1.824253616362974,r-a455ac42295a97429d02,r-c9a5c024078070d1c9b4
neuron_model_behavioral_validation,Neuraxis,development_pilot,PILOT2_PROTOCOL,Exploratory development data; second development iteration informed by Pilot 1; not independent confirmation; never pooled with the confirmatory held-out estimate,m-shift_reversal-754db6a01c,nml2_hh_example,2,P05_long_step,first_spike_latency,definedness,4.3899999998681665,,,0.5,r-a455ac42295a97429d02,r-c9a5c024078070d1c9b4
neuron_model_behavioral_validation,Neuraxis,development_pilot,PILOT2_PROTOCOL,Exploratory development data; second development iteration informed by Pilot 1; not independent confirmation; never pooled with the confirmatory held-out estimate,m-shift_reversal-754db6a01c,nml2_hh_example,2,P05_long_step,spike_count,exceeds,1.0,0.0,1.0,0.5,r-a455ac42295a97429d02,r-c9a5c024078070d1c9b4
neuron_model_behavioral_validation,Neuraxis,development_pilot,PILOT2_PROTOCOL,Exploratory development data; second development iteration informed by Pilot 1; not independent confirmation; never pooled with the confirmatory held-out estimate,m-shift_reversal-754db6a01c,nml2_hh_example,2,P07_hyperpolarizing_step,steady_state_voltage,exceeds,-67.26261789703395,-69.38664133453395,2.1240234375,0.5,r-8d6f46142acd4ec898a7,r-ef56154345f1d065e7d1
neuron_model_behavioral_validation,Neuraxis,development_pilot,PILOT2_PROTOCOL,Exploratory development data; second development iteration informed by Pilot 1; not independent confirmation; never pooled with the confirmatory held-out estimate,m-shift_reversal-754db6a01c,nml2_hh_example,2,P08_rebound,first_spike_latency,exceeds,5.189999999412748,8.329999999409893,3.139999999997144,0.5,r-a628bd90e08153ec217d,r-eb45175d54e6318335fb
neuron_model_behavioral_validation,Neuraxis,development_pilot,PILOT2_PROTOCOL,Exploratory development data; second development iteration informed by Pilot 1; not independent confirmation; never pooled with the confirmatory held-out estimate,m-shift_reversal-754db6a01c,nml2_hh_example,2,P09_short_pulse,ahp_depth,exceeds,-11.22248840332071,-18.484344482422273,7.2618560791015625,0.5613288879394936,r-2c9f7eaf5c4d0d4f33d4,r-9d2449c256c8540f13d1
neuron_model_behavioral_validation,Neuraxis,development_pilot,PILOT2_PROTOCOL,Exploratory development data; second development iteration informed by Pilot 1; not independent confirmation; never pooled with the confirmatory held-out estimate,m-shift_reversal-754db6a01c,nml2_hh_example,2,P09_short_pulse,ap_amplitude,exceeds,106.43966293307548,110.60368347188374,4.164020538808259,2.1291625976523245,r-2c9f7eaf5c4d0d4f33d4,r-9d2449c256c8540f13d1
neuron_model_behavioral_validation,Neuraxis,development_pilot,PILOT2_PROTOCOL,Exploratory development data; second development iteration informed by Pilot 1; not independent confirmation; never pooled with the confirmatory held-out estimate,m-scale_capacitance-0eba58b1c3,nml2_hh_example,1,P00_canonical,ap_amplitude,exceeds,95.13947677592056,97.14858627300546,2.009109497084907,1.9027895355184112,r-5f0a94c66ff17cd98a0a,r-69c6fb93bebe030ea257
neuron_model_behavioral_validation,Neuraxis,development_pilot,PILOT2_PROTOCOL,Exploratory development data; second development iteration informed by Pilot 1; not independent confirmation; never pooled with the confirmatory held-out estimate,m-scale_capacitance-0eba58b1c3,nml2_hh_example,1,P03_rheobase,rheobase,exceeds,0.022436992008742575,0.019841540878355306,0.002595451130387269,0.00044873984017485154,s-6485b8f0d5e0c45b0b4d,s-74503cb5b6eaac39bdda
neuron_model_behavioral_validation,Neuraxis,development_pilot,PILOT2_PROTOCOL,Exploratory development data; second development iteration informed by Pilot 1; not independent confirmation; never pooled with the confirmatory held-out estimate,m-scale_capacitance-0eba58b1c3,nml2_hh_example,1,P04_step_2x,first_spike_latency,exceeds,3.5399999998689395,2.9999999998694307,0.5399999999995089,0.5,r-66b1007575e04915ac55,r-08c2f70900d24c6b7146
neuron_model_behavioral_validation,Neuraxis,development_pilot,PILOT2_PROTOCOL,Exploratory development data; second development iteration informed by Pilot 1; not independent confirmation; never pooled with the confirmatory held-out estimate,m-scale_capacitance-0eba58b1c3,nml2_hh_example,1,P05_long_step,ap_amplitude,exceeds,91.2126808181487,93.39929580778312,2.186614989634421,1.824253616362974,r-940eedfaa66e3fa96c16,r-4caf4c1f9747f4577235
neuron_model_behavioral_validation,Neuraxis,development_pilot,PILOT2_PROTOCOL,Exploratory development data; second development iteration informed by Pilot 1; not independent confirmation; never pooled with the confirmatory held-out estimate,m-scale_capacitance-0eba58b1c3,nml2_hh_example,1,P05_long_step,first_spike_latency,exceeds,4.42999999986813,3.679999999868812,0.7499999999993179,0.5,r-940eedfaa66e3fa96c16,r-4caf4c1f9747f4577235
neuron_model_behavioral_validation,Neuraxis,development_pilot,PILOT2_PROTOCOL,Exploratory development data; second development iteration informed by Pilot 1; not independent confirmation; never pooled with the confirmatory held-out estimate,m-scale_capacitance-0eba58b1c3,nml2_hh_example,1,P08_rebound,first_spike_latency,exceeds,5.219999999412721,4.269999999413585,0.949999999999136,0.5,r-011ab0e03522b12f620c,r-35d82a541f4f97b97d02
neuron_model_behavioral_validation,Neuraxis,development_pilot,PILOT2_PROTOCOL,Exploratory development data; second development iteration informed by Pilot 1; not independent confirmation; never pooled with the confirmatory held-out estimate,m-scale_capacitance-0eba58b1c3,nml2_hh_example,2,P00_canonical,ap_amplitude,exceeds,95.29706954941832,97.3439064023932,2.0468368529748773,1.9027895355184112,r-d4235ef154cdc2eeb44c,r-fa180c167d90c1a455cc
neuron_model_behavioral_validation,Neuraxis,development_pilot,PILOT2_PROTOCOL,Exploratory development data; second development iteration informed by Pilot 1; not independent confirmation; never pooled with the confirmatory held-out estimate,m-scale_capacitance-0eba58b1c3,nml2_hh_example,2,P03_rheobase,rheobase,exceeds,0.02240284133597432,0.019807390205587052,0.002595451130387269,0.00044873984017485154,s-b96e12fd1e882cb18a94,s-c5800da5de23133c7fa8
neuron_model_behavioral_validation,Neuraxis,development_pilot,PILOT2_PROTOCOL,Exploratory development data; second development iteration informed by Pilot 1; not independent confirmation; never pooled with the confirmatory held-out estimate,m-scale_capacitance-0eba58b1c3,nml2_hh_example,2,P04_step_2x,ap_amplitude,exceeds,92.82558822777118,94.69114685176646,1.865558623995284,1.8544868469481752,r-8d6f46142acd4ec898a7,r-892ca6056e7852e73d18
neuron_model_behavioral_validation,Neuraxis,development_pilot,PILOT2_PROTOCOL,Exploratory development data; second development iteration informed by Pilot 1; not independent confirmation; never pooled with the confirmatory held-out estimate,m-scale_capacitance-0eba58b1c3,nml2_hh_example,2,P04_step_2x,first_spike_latency,exceeds,3.509999999868967,2.969999999869458,0.5399999999995089,0.5,r-8d6f46142acd4ec898a7,r-892ca6056e7852e73d18
neuron_model_behavioral_validation,Neuraxis,development_pilot,PILOT2_PROTOCOL,Exploratory development data; second development iteration informed by Pilot 1; not independent confirmation; never pooled with the confirmatory held-out estimate,m-scale_capacitance-0eba58b1c3,nml2_hh_example,2,P05_long_step,ap_amplitude,exceeds,91.37988662862392,93.48636245868497,2.1064758300610436,1.824253616362974,r-a455ac42295a97429d02,r-f6ac20cda998d65ba51d
neuron_model_behavioral_validation,Neuraxis,development_pilot,PILOT2_PROTOCOL,Exploratory development data; second development iteration informed by Pilot 1; not independent confirmation; never pooled with the confirmatory held-out estimate,m-scale_capacitance-0eba58b1c3,nml2_hh_example,2,P05_long_step,first_spike_latency,exceeds,4.3899999998681665,3.6499999998688395,0.739999999999327,0.5,r-a455ac42295a97429d02,r-f6ac20cda998d65ba51d
neuron_model_behavioral_validation,Neuraxis,development_pilot,PILOT2_PROTOCOL,Exploratory development data; second development iteration informed by Pilot 1; not independent confirmation; never pooled with the confirmatory held-out estimate,m-scale_capacitance-0eba58b1c3,nml2_hh_example,2,P08_rebound,first_spike_latency,exceeds,5.189999999412748,4.239999999413612,0.949999999999136,0.5,r-a628bd90e08153ec217d,r-f0facc795c1acfff02e6
neuron_model_behavioral_validation,Neuraxis,development_pilot,PILOT2_PROTOCOL,Exploratory development data; second development iteration informed by Pilot 1; not independent confirmation; never pooled with the confirmatory held-out estimate,m-scale_capacitance-e015416fbf,nml2_hh_example,1,P00_canonical,ap_amplitude,exceeds,95.13947677592056,106.54727935768,11.40780258175944,1.9027895355184112,r-5f0a94c66ff17cd98a0a,r-05ee1b09bc7fa73032b3
neuron_model_behavioral_validation,Neuraxis,development_pilot,PILOT2_PROTOCOL,Exploratory development data; second development iteration informed by Pilot 1; not independent confirmation; never pooled with the confirmatory held-out estimate,m-scale_capacitance-e015416fbf,nml2_hh_example,1,P00_canonical,first_spike_latency,exceeds,2.5200000000155427,1.6500000000150976,0.8700000000004451,0.5,r-5f0a94c66ff17cd98a0a,r-05ee1b09bc7fa73032b3
neuron_model_behavioral_validation,Neuraxis,development_pilot,PILOT2_PROTOCOL,Exploratory development data; second development iteration informed by Pilot 1; not independent confirmation; never pooled with the confirmatory held-out estimate,m-scale_capacitance-e015416fbf,nml2_hh_example,1,P00_canonical,last_isi,exceeds,16.12999999998533,14.939999999986412,1.1899999999989177,0.5,r-5f0a94c66ff17cd98a0a,r-05ee1b09bc7fa73032b3
neuron_model_behavioral_validation,Neuraxis,development_pilot,PILOT2_PROTOCOL,Exploratory development data; second development iteration informed by Pilot 1; not independent confirmation; never pooled with the confirmatory held-out estimate,m-scale_capacitance-e015416fbf,nml2_hh_example,1,P03_rheobase,rheobase,exceeds,0.022436992008742575,0.015777610818933134,0.006659381189809441,0.00044873984017485154,s-6485b8f0d5e0c45b0b4d,s-f82fa8fc0fcda59eeaee
neuron_model_behavioral_validation,Neuraxis,development_pilot,PILOT2_PROTOCOL,Exploratory development data; second development iteration informed by Pilot 1; not independent confirmation; never pooled with the confirmatory held-out estimate,m-scale_capacitance-e015416fbf,nml2_hh_example,1,P04_step_2x,ap_amplitude,exceeds,92.72434234740876,97.59160614109814,4.867263793689375,1.8544868469481752,r-66b1007575e04915ac55,r-84ec206da21c9b4d9c32
neuron_model_behavioral_validation,Neuraxis,development_pilot,PILOT2_PROTOCOL,Exploratory development data; second development iteration informed by Pilot 1; not independent confirmation; never pooled with the confirmatory held-out estimate,m-scale_capacitance-e015416fbf,nml2_hh_example,1,P04_step_2x,first_spike_latency,exceeds,3.5399999998689395,2.1999999998701583,1.3399999999987813,0.5,r-66b1007575e04915ac55,r-84ec206da21c9b4d9c32
neuron_model_behavioral_validation,Neuraxis,development_pilot,PILOT2_PROTOCOL,Exploratory development data; second development iteration informed by Pilot 1; not independent confirmation; never pooled with the confirmatory held-out estimate,m-scale_capacitance-e015416fbf,nml2_hh_example,1,P05_long_step,ap_amplitude,exceeds,91.2126808181487,96.6381721508676,5.425491332718906,1.824253616362974,r-940eedfaa66e3fa96c16,r-a4f61a55211f85270455
neuron_model_behavioral_validation,Neuraxis,development_pilot,PILOT2_PROTOCOL,Exploratory development data; second development iteration informed by Pilot 1; not independent confirmation; never pooled with the confirmatory held-out estimate,m-scale_capacitance-e015416fbf,nml2_hh_example,1,P05_long_step,first_spike_latency,exceeds,4.42999999986813,2.639999999869758,1.789999999998372,0.5,r-940eedfaa66e3fa96c16,r-a4f61a55211f85270455
neuron_model_behavioral_validation,Neuraxis,development_pilot,PILOT2_PROTOCOL,Exploratory development data; second development iteration informed by Pilot 1; not independent confirmation; never pooled with the confirmatory held-out estimate,m-scale_capacitance-e015416fbf,nml2_hh_example,1,P08_rebound,first_spike_latency,exceeds,5.219999999412721,2.929999999414804,2.2899999999979173,0.5,r-011ab0e03522b12f620c,r-846fba9437a8895f47af
neuron_model_behavioral_validation,Neuraxis,development_pilot,PILOT2_PROTOCOL,Exploratory development data; second development iteration informed by Pilot 1; not independent confirmation; never pooled with the confirmatory held-out estimate,m-scale_capacitance-e015416fbf,nml2_hh_example,2,P00_canonical,ap_amplitude,exceeds,95.29706954941832,106.67462158180226,11.377552032383932,1.9027895355184112,r-d4235ef154cdc2eeb44c,r-714e0c8a0a3353751312
neuron_model_behavioral_validation,Neuraxis,development_pilot,PILOT2_PROTOCOL,Exploratory development data; second development iteration informed by Pilot 1; not independent confirmation; never pooled with the confirmatory held-out estimate,m-scale_capacitance-e015416fbf,nml2_hh_example,2,P00_canonical,first_spike_latency,exceeds,2.460000000015512,1.600000000015072,0.86000000000044,0.5,r-d4235ef154cdc2eeb44c,r-714e0c8a0a3353751312
neuron_model_behavioral_validation,Neuraxis,development_pilot,PILOT2_PROTOCOL,Exploratory development data; second development iteration informed by Pilot 1; not independent confirmation; never pooled with the confirmatory held-out estimate,m-scale_capacitance-e015416fbf,nml2_hh_example,2,P00_canonical,last_isi,exceeds,16.059999999985394,14.859999999986485,1.1999999999989086,0.5,r-d4235ef154cdc2eeb44c,r-714e0c8a0a3353751312
neuron_model_behavioral_validation,Neuraxis,development_pilot,PILOT2_PROTOCOL,Exploratory development data; second development iteration informed by Pilot 1; not independent confirmation; never pooled with the confirmatory held-out estimate,m-scale_capacitance-e015416fbf,nml2_hh_example,2,P03_rheobase,rheobase,exceeds,0.02240284133597432,0.01574346014616488,0.006659381189809441,0.00044873984017485154,s-b96e12fd1e882cb18a94,s-e609e3b2caf1c8c7da7d
neuron_model_behavioral_validation,Neuraxis,development_pilot,PILOT2_PROTOCOL,Exploratory development data; second development iteration informed by Pilot 1; not independent confirmation; never pooled with the confirmatory held-out estimate,m-scale_capacitance-e015416fbf,nml2_hh_example,2,P04_step_2x,ap_amplitude,exceeds,92.82558822777118,97.75154495339021,4.925956725619031,1.8544868469481752,r-8d6f46142acd4ec898a7,r-13c2dbfc23b30baf32b9
neuron_model_behavioral_validation,Neuraxis,development_pilot,PILOT2_PROTOCOL,Exploratory development data; second development iteration informed by Pilot 1; not independent confirmation; never pooled with the confirmatory held-out estimate,m-scale_capacitance-e015416fbf,nml2_hh_example,2,P04_step_2x,first_spike_latency,exceeds,3.509999999868967,2.1699999998701855,1.3399999999987813,0.5,r-8d6f46142acd4ec898a7,r-13c2dbfc23b30baf32b9
neuron_model_behavioral_validation,Neuraxis,development_pilot,PILOT2_PROTOCOL,Exploratory development data; second development iteration informed by Pilot 1; not independent confirmation; never pooled with the confirmatory held-out estimate,m-scale_capacitance-e015416fbf,nml2_hh_example,2,P05_long_step,ap_amplitude,exceeds,91.37988662862392,96.6611557021804,5.281269073556473,1.824253616362974,r-a455ac42295a97429d02,r-932da7ca296d5ee1fccb
neuron_model_behavioral_validation,Neuraxis,development_pilot,PILOT2_PROTOCOL,Exploratory development data; second development iteration informed by Pilot 1; not independent confirmation; never pooled with the confirmatory held-out estimate,m-scale_capacitance-e015416fbf,nml2_hh_example,2,P05_long_step,first_spike_latency,exceeds,4.3899999998681665,2.6099999998697854,1.779999999998381,0.5,r-a455ac42295a97429d02,r-932da7ca296d5ee1fccb
neuron_model_behavioral_validation,Neuraxis,development_pilot,PILOT2_PROTOCOL,Exploratory development data; second development iteration informed by Pilot 1; not independent confirmation; never pooled with the confirmatory held-out estimate,m-scale_capacitance-e015416fbf,nml2_hh_example,2,P08_rebound,first_spike_latency,exceeds,5.189999999412748,2.899999999414831,2.2899999999979173,0.5,r-a628bd90e08153ec217d,r-7aecf1665cf17aa1f60d
neuron_model_behavioral_validation,Neuraxis,development_pilot,PILOT2_PROTOCOL,Exploratory development data; second development iteration informed by Pilot 1; not independent confirmation; never pooled with the confirmatory held-out estimate,m-scale_gate_time_constant-06060ba499,nml2_hh_example,1,P00_canonical,ap_amplitude,exceeds,95.13947677592056,91.06696701032519,4.07250976559537,1.9027895355184112,r-5f0a94c66ff17cd98a0a,r-b16953fd241b4ec6c6fa
neuron_model_behavioral_validation,Neuraxis,development_pilot,PILOT2_PROTOCOL,Exploratory development data; second development iteration informed by Pilot 1; not independent confirmation; never pooled with the confirmatory held-out estimate,m-scale_gate_time_constant-06060ba499,nml2_hh_example,1,P00_canonical,last_isi,exceeds,16.12999999998533,17.13999999998441,1.0099999999990814,0.5,r-5f0a94c66ff17cd98a0a,r-b16953fd241b4ec6c6fa
neuron_model_behavioral_validation,Neuraxis,development_pilot,PILOT2_PROTOCOL,Exploratory development data; second development iteration informed by Pilot 1; not independent confirmation; never pooled with the confirmatory held-out estimate,m-scale_gate_time_constant-06060ba499,nml2_hh_example,1,P00_canonical,spike_count,exceeds,7.0,6.0,1.0,0.5,r-5f0a94c66ff17cd98a0a,r-b16953fd241b4ec6c6fa
neuron_model_behavioral_validation,Neuraxis,development_pilot,PILOT2_PROTOCOL,Exploratory development data; second development iteration informed by Pilot 1; not independent confirmation; never pooled with the confirmatory held-out estimate,m-scale_gate_time_constant-06060ba499,nml2_hh_example,1,P03_rheobase,rheobase,exceeds,0.022436992008742575,0.02387132026500922,0.0014343282562666454,0.00044873984017485154,s-6485b8f0d5e0c45b0b4d,s-38bf4f956c230b370785
neuron_model_behavioral_validation,Neuraxis,development_pilot,PILOT2_PROTOCOL,Exploratory development data; second development iteration informed by Pilot 1; not independent confirmation; never pooled with the confirmatory held-out estimate,m-scale_gate_time_constant-06060ba499,nml2_hh_example,1,P04_step_2x,ap_amplitude,exceeds,92.72434234740876,88.27207565449204,4.452266692916723,1.8544868469481752,r-66b1007575e04915ac55,r-b67d59f82321dd3c1e21
neuron_model_behavioral_validation,Neuraxis,development_pilot,PILOT2_PROTOCOL,Exploratory development data; second development iteration informed by Pilot 1; not independent confirmation; never pooled with the confirmatory held-out estimate,m-scale_gate_time_constant-06060ba499,nml2_hh_example,1,P05_long_step,ap_amplitude,exceeds,91.2126808181487,86.39547348131507,4.817207336833633,1.824253616362974,r-940eedfaa66e3fa96c16,r-1fe5fd86c0b576758e6e
neuron_model_behavioral_validation,Neuraxis,development_pilot,PILOT2_PROTOCOL,Exploratory development data; second development iteration informed by Pilot 1; not independent confirmation; never pooled with the confirmatory held-out estimate,m-scale_gate_time_constant-06060ba499,nml2_hh_example,1,P09_short_pulse,ap_amplitude,exceeds,106.45812988261622,103.7668380735503,2.691291809065916,2.1291625976523245,r-efc8f2fd727ba1854c5f,r-2da8b4900ab5dbc22a34
neuron_model_behavioral_validation,Neuraxis,development_pilot,PILOT2_PROTOCOL,Exploratory development data; second development iteration informed by Pilot 1; not independent confirmation; never pooled with the confirmatory held-out estimate,m-scale_gate_time_constant-06060ba499,nml2_hh_example,2,P00_canonical,ap_amplitude,exceeds,95.29706954941832,91.26408767681451,4.032981872603813,1.9027895355184112,r-d4235ef154cdc2eeb44c,r-3ef6e399186a980fef7f
neuron_model_behavioral_validation,Neuraxis,development_pilot,PILOT2_PROTOCOL,Exploratory development data; second development iteration informed by Pilot 1; not independent confirmation; never pooled with the confirmatory held-out estimate,m-scale_gate_time_constant-06060ba499,nml2_hh_example,2,P00_canonical,last_isi,exceeds,16.059999999985394,17.069999999984475,1.0099999999990814,0.5,r-d4235ef154cdc2eeb44c,r-3ef6e399186a980fef7f
neuron_model_behavioral_validation,Neuraxis,development_pilot,PILOT2_PROTOCOL,Exploratory development data; second development iteration informed by Pilot 1; not independent confirmation; never pooled with the confirmatory held-out estimate,m-scale_gate_time_constant-06060ba499,nml2_hh_example,2,P00_canonical,spike_count,exceeds,7.0,6.0,1.0,0.5,r-d4235ef154cdc2eeb44c,r-3ef6e399186a980fef7f
neuron_model_behavioral_validation,Neuraxis,development_pilot,PILOT2_PROTOCOL,Exploratory development data; second development iteration informed by Pilot 1; not independent confirmation; never pooled with the confirmatory held-out estimate,m-scale_gate_time_constant-06060ba499,nml2_hh_example,2,P03_rheobase,rheobase,exceeds,0.02240284133597432,0.02383716959224097,0.0014343282562666489,0.00044873984017485154,s-b96e12fd1e882cb18a94,s-5ea5f86a68fb970411eb
neuron_model_behavioral_validation,Neuraxis,development_pilot,PILOT2_PROTOCOL,Exploratory development data; second development iteration informed by Pilot 1; not independent confirmation; never pooled with the confirmatory held-out estimate,m-scale_gate_time_constant-06060ba499,nml2_hh_example,2,P04_step_2x,ap_amplitude,exceeds,92.82558822777118,88.40050506693555,4.4250831608356265,1.8544868469481752,r-8d6f46142acd4ec898a7,r-08e0880f835a6b1f53cd
neuron_model_behavioral_validation,Neuraxis,development_pilot,PILOT2_PROTOCOL,Exploratory development data; second development iteration informed by Pilot 1; not independent confirmation; never pooled with the confirmatory held-out estimate,m-scale_gate_time_constant-06060ba499,nml2_hh_example,2,P05_long_step,ap_amplitude,exceeds,91.37988662862392,86.58028411973665,4.799602508887276,1.824253616362974,r-a455ac42295a97429d02,r-932d409146f2c8304b6d
neuron_model_behavioral_validation,Neuraxis,development_pilot,PILOT2_PROTOCOL,Exploratory development data; second development iteration informed by Pilot 1; not independent confirmation; never pooled with the confirmatory held-out estimate,m-scale_gate_time_constant-06060ba499,nml2_hh_example,2,P09_short_pulse,ap_amplitude,exceeds,106.43966293307548,103.7640380856736,2.6756248474018776,2.1291625976523245,r-2c9f7eaf5c4d0d4f33d4,r-78b50c56ce5d4a051c7e
neuron_model_behavioral_validation,Neuraxis,development_pilot,PILOT2_PROTOCOL,Exploratory development data; second development iteration informed by Pilot 1; not independent confirmation; never pooled with the confirmatory held-out estimate,m-scale_gate_time_constant-445843d9fa,nml2_hh_example,1,P00_canonical,adaptation_index,definedness,-7.74713208133793e-05,,,0.01,r-5f0a94c66ff17cd98a0a,r-ba63a7ac600e78163ca1
neuron_model_behavioral_validation,Neuraxis,development_pilot,PILOT2_PROTOCOL,Exploratory development data; second development iteration informed by Pilot 1; not independent confirmation; never pooled with the confirmatory held-out estimate,m-scale_gate_time_constant-445843d9fa,nml2_hh_example,1,P00_canonical,ap_amplitude,exceeds,95.13947677592056,82.68288040134473,12.456596374575824,1.9027895355184112,r-5f0a94c66ff17cd98a0a,r-ba63a7ac600e78163ca1
neuron_model_behavioral_validation,Neuraxis,development_pilot,PILOT2_PROTOCOL,Exploratory development data; second development iteration informed by Pilot 1; not independent confirmation; never pooled with the confirmatory held-out estimate,m-scale_gate_time_constant-445843d9fa,nml2_hh_example,1,P00_canonical,last_isi,definedness,16.12999999998533,,,0.5,r-5f0a94c66ff17cd98a0a,r-ba63a7ac600e78163ca1
neuron_model_behavioral_validation,Neuraxis,development_pilot,PILOT2_PROTOCOL,Exploratory development data; second development iteration informed by Pilot 1; not independent confirmation; never pooled with the confirmatory held-out estimate,m-scale_gate_time_constant-445843d9fa,nml2_hh_example,1,P00_canonical,spike_count,exceeds,7.0,1.0,6.0,0.5,r-5f0a94c66ff17cd98a0a,r-ba63a7ac600e78163ca1
neuron_model_behavioral_validation,Neuraxis,development_pilot,PILOT2_PROTOCOL,Exploratory development data; second development iteration informed by Pilot 1; not independent confirmation; never pooled with the confirmatory held-out estimate,m-scale_gate_time_constant-445843d9fa,nml2_hh_example,1,P03_rheobase,rheobase,exceeds,0.022436992008742575,0.03712178129909159,0.014684789290349016,0.00044873984017485154,s-6485b8f0d5e0c45b0b4d,s-a810dba0f0d0cd6ad968
neuron_model_behavioral_validation,Neuraxis,development_pilot,PILOT2_PROTOCOL,Exploratory development data; second development iteration informed by Pilot 1; not independent confirmation; never pooled with the confirmatory held-out estimate,m-scale_gate_time_constant-445843d9fa,nml2_hh_example,1,P04_step_2x,ap_amplitude,exceeds,92.72434234740876,76.93221664566371,15.79212570174505,1.8544868469481752,r-66b1007575e04915ac55,r-313113e82b24975d1f16
neuron_model_behavioral_validation,Neuraxis,development_pilot,PILOT2_PROTOCOL,Exploratory development data; second development iteration informed by Pilot 1; not independent confirmation; never pooled with the confirmatory held-out estimate,m-scale_gate_time_constant-445843d9fa,nml2_hh_example,1,P04_step_2x,first_spike_latency,exceeds,3.5399999998689395,4.269999999868276,0.7299999999993361,0.5,r-66b1007575e04915ac55,r-313113e82b24975d1f16
neuron_model_behavioral_validation,Neuraxis,development_pilot,PILOT2_PROTOCOL,Exploratory development data; second development iteration informed by Pilot 1; not independent confirmation; never pooled with the confirmatory held-out estimate,m-scale_gate_time_constant-445843d9fa,nml2_hh_example,1,P05_long_step,ahp_depth,definedness,-10.81385040282855,,,0.5406925201414275,r-940eedfaa66e3fa96c16,r-6d79253f360c8c73504c
neuron_model_behavioral_validation,Neuraxis,development_pilot,PILOT2_PROTOCOL,Exploratory development data; second development iteration informed by Pilot 1; not independent confirmation; never pooled with the confirmatory held-out estimate,m-scale_gate_time_constant-445843d9fa,nml2_hh_example,1,P05_long_step,ap_amplitude,definedness,91.2126808181487,,,1.824253616362974,r-940eedfaa66e3fa96c16,r-6d79253f360c8c73504c
neuron_model_behavioral_validation,Neuraxis,development_pilot,PILOT2_PROTOCOL,Exploratory development data; second development iteration informed by Pilot 1; not independent confirmation; never pooled with the confirmatory held-out estimate,m-scale_gate_time_constant-445843d9fa,nml2_hh_example,1,P05_long_step,first_spike_latency,definedness,4.42999999986813,,,0.5,r-940eedfaa66e3fa96c16,r-6d79253f360c8c73504c
neuron_model_behavioral_validation,Neuraxis,development_pilot,PILOT2_PROTOCOL,Exploratory development data; second development iteration informed by Pilot 1; not independent confirmation; never pooled with the confirmatory held-out estimate,m-scale_gate_time_constant-445843d9fa,nml2_hh_example,1,P05_long_step,spike_count,exceeds,1.0,0.0,1.0,0.5,r-940eedfaa66e3fa96c16,r-6d79253f360c8c73504c
neuron_model_behavioral_validation,Neuraxis,development_pilot,PILOT2_PROTOCOL,Exploratory development data; second development iteration informed by Pilot 1; not independent confirmation; never pooled with the confirmatory held-out estimate,m-scale_gate_time_constant-445843d9fa,nml2_hh_example,1,P08_rebound,first_spike_latency,definedness,5.219999999412721,,,0.5,r-011ab0e03522b12f620c,r-899f2ae1e670971f9f6c
neuron_model_behavioral_validation,Neuraxis,development_pilot,PILOT2_PROTOCOL,Exploratory development data; second development iteration informed by Pilot 1; not independent confirmation; never pooled with the confirmatory held-out estimate,m-scale_gate_time_constant-445843d9fa,nml2_hh_example,1,P08_rebound,spike_count,exceeds,1.0,0.0,1.0,0.5,r-011ab0e03522b12f620c,r-899f2ae1e670971f9f6c
neuron_model_behavioral_validation,Neuraxis,development_pilot,PILOT2_PROTOCOL,Exploratory development data; second development iteration informed by Pilot 1; not independent confirmation; never pooled with the confirmatory held-out estimate,m-scale_gate_time_constant-445843d9fa,nml2_hh_example,1,P09_short_pulse,ap_amplitude,exceeds,106.45812988261622,96.93506240798342,9.523067474632796,2.1291625976523245,r-efc8f2fd727ba1854c5f,r-8f613af3fb5fc59f4025
neuron_model_behavioral_validation,Neuraxis,development_pilot,PILOT2_PROTOCOL,Exploratory development data; second development iteration informed by Pilot 1; not independent confirmation; never pooled with the confirmatory held-out estimate,m-scale_gate_time_constant-445843d9fa,nml2_hh_example,2,P00_canonical,adaptation_index,definedness,-1.02201355559918e-13,,,0.01,r-d4235ef154cdc2eeb44c,r-a37e92ebfea1d8fcdf5c
neuron_model_behavioral_validation,Neuraxis,development_pilot,PILOT2_PROTOCOL,Exploratory development data; second development iteration informed by Pilot 1; not independent confirmation; never pooled with the confirmatory held-out estimate,m-scale_gate_time_constant-445843d9fa,nml2_hh_example,2,P00_canonical,ap_amplitude,exceeds,95.29706954941832,82.95370101907058,12.343368530347746,1.9027895355184112,r-d4235ef154cdc2eeb44c,r-a37e92ebfea1d8fcdf5c
neuron_model_behavioral_validation,Neuraxis,development_pilot,PILOT2_PROTOCOL,Exploratory development data; second development iteration informed by Pilot 1; not independent confirmation; never pooled with the confirmatory held-out estimate,m-scale_gate_time_constant-445843d9fa,nml2_hh_example,2,P00_canonical,last_isi,definedness,16.059999999985394,,,0.5,r-d4235ef154cdc2eeb44c,r-a37e92ebfea1d8fcdf5c
neuron_model_behavioral_validation,Neuraxis,development_pilot,PILOT2_PROTOCOL,Exploratory development data; second development iteration informed by Pilot 1; not independent confirmation; never pooled with the confirmatory held-out estimate,m-scale_gate_time_constant-445843d9fa,nml2_hh_example,2,P00_canonical,spike_count,exceeds,7.0,1.0,6.0,0.5,r-d4235ef154cdc2eeb44c,r-a37e92ebfea1d8fcdf5c
neuron_model_behavioral_validation,Neuraxis,development_pilot,PILOT2_PROTOCOL,Exploratory development data; second development iteration informed by Pilot 1; not independent confirmation; never pooled with the confirmatory held-out estimate,m-scale_gate_time_constant-445843d9fa,nml2_hh_example,2,P03_rheobase,rheobase,exceeds,0.02240284133597432,0.037087630626323344,0.014684789290349023,0.00044873984017485154,s-b96e12fd1e882cb18a94,s-15785c54b168c331ab7a
neuron_model_behavioral_validation,Neuraxis,development_pilot,PILOT2_PROTOCOL,Exploratory development data; second development iteration informed by Pilot 1; not independent confirmation; never pooled with the confirmatory held-out estimate,m-scale_gate_time_constant-445843d9fa,nml2_hh_example,2,P04_step_2x,ap_amplitude,exceeds,92.82558822777118,77.0857467666844,15.739841461086783,1.8544868469481752,r-8d6f46142acd4ec898a7,r-cca104b0a313e73aea89
neuron_model_behavioral_validation,Neuraxis,development_pilot,PILOT2_PROTOCOL,Exploratory development data; second development iteration informed by Pilot 1; not independent confirmation; never pooled with the confirmatory held-out estimate,m-scale_gate_time_constant-445843d9fa,nml2_hh_example,2,P04_step_2x,first_spike_latency,exceeds,3.509999999868967,4.229999999868312,0.7199999999993452,0.5,r-8d6f46142acd4ec898a7,r-cca104b0a313e73aea89
neuron_model_behavioral_validation,Neuraxis,development_pilot,PILOT2_PROTOCOL,Exploratory development data; second development iteration informed by Pilot 1; not independent confirmation; never pooled with the confirmatory held-out estimate,m-scale_gate_time_constant-445843d9fa,nml2_hh_example,2,P05_long_step,ahp_depth,definedness,-10.808036804201677,,,0.5406925201414275,r-a455ac42295a97429d02,r-d56f0717ee25658594a5
neuron_model_behavioral_validation,Neuraxis,development_pilot,PILOT2_PROTOCOL,Exploratory development data; second development iteration informed by Pilot 1; not independent confirmation; never pooled with the confirmatory held-out estimate,m-scale_gate_time_constant-445843d9fa,nml2_hh_example,2,P05_long_step,ap_amplitude,definedness,91.37988662862392,,,1.824253616362974,r-a455ac42295a97429d02,r-d56f0717ee25658594a5
neuron_model_behavioral_validation,Neuraxis,development_pilot,PILOT2_PROTOCOL,Exploratory development data; second development iteration informed by Pilot 1; not independent confirmation; never pooled with the confirmatory held-out estimate,m-scale_gate_time_constant-445843d9fa,nml2_hh_example,2,P05_long_step,first_spike_latency,definedness,4.3899999998681665,,,0.5,r-a455ac42295a97429d02,r-d56f0717ee25658594a5
neuron_model_behavioral_validation,Neuraxis,development_pilot,PILOT2_PROTOCOL,Exploratory development data; second development iteration informed by Pilot 1; not independent confirmation; never pooled with the confirmatory held-out estimate,m-scale_gate_time_constant-445843d9fa,nml2_hh_example,2,P05_long_step,spike_count,exceeds,1.0,0.0,1.0,0.5,r-a455ac42295a97429d02,r-d56f0717ee25658594a5
neuron_model_behavioral_validation,Neuraxis,development_pilot,PILOT2_PROTOCOL,Exploratory development data; second development iteration informed by Pilot 1; not independent confirmation; never pooled with the confirmatory held-out estimate,m-scale_gate_time_constant-445843d9fa,nml2_hh_example,2,P08_rebound,first_spike_latency,definedness,5.189999999412748,,,0.5,r-a628bd90e08153ec217d,r-3321153f4a69bca3c5fd
neuron_model_behavioral_validation,Neuraxis,development_pilot,PILOT2_PROTOCOL,Exploratory development data; second development iteration informed by Pilot 1; not independent confirmation; never pooled with the confirmatory held-out estimate,m-scale_gate_time_constant-445843d9fa,nml2_hh_example,2,P08_rebound,spike_count,exceeds,1.0,0.0,1.0,0.5,r-a628bd90e08153ec217d,r-3321153f4a69bca3c5fd
neuron_model_behavioral_validation,Neuraxis,development_pilot,PILOT2_PROTOCOL,Exploratory development data; second development iteration informed by Pilot 1; not independent confirmation; never pooled with the confirmatory held-out estimate,m-scale_gate_time_constant-445843d9fa,nml2_hh_example,2,P09_short_pulse,ap_amplitude,exceeds,106.43966293307548,96.9385852808332,9.501077652242287,2.1291625976523245,r-2c9f7eaf5c4d0d4f33d4,r-91306cc7baae45a60967
neuron_model_behavioral_validation,Neuraxis,development_pilot,PILOT2_PROTOCOL,Exploratory development data; second development iteration informed by Pilot 1; not independent confirmation; never pooled with the confirmatory held-out estimate,m-shift_gate_midpoint-cdbd253d57,nml2_hh_example,1,P00_canonical,adaptation_index,definedness,-7.74713208133793e-05,,,0.01,r-5f0a94c66ff17cd98a0a,r-b88f32fc4385160d3f1f
neuron_model_behavioral_validation,Neuraxis,development_pilot,PILOT2_PROTOCOL,Exploratory development data; second development iteration informed by Pilot 1; not independent confirmation; never pooled with the confirmatory held-out estimate,m-shift_gate_midpoint-cdbd253d57,nml2_hh_example,1,P00_canonical,ahp_depth,definedness,-10.343139648437372,,,0.5171569824218686,r-5f0a94c66ff17cd98a0a,r-b88f32fc4385160d3f1f
neuron_model_behavioral_validation,Neuraxis,development_pilot,PILOT2_PROTOCOL,Exploratory development data; second development iteration informed by Pilot 1; not independent confirmation; never pooled with the confirmatory held-out estimate,m-shift_gate_midpoint-cdbd253d57,nml2_hh_example,1,P00_canonical,ap_amplitude,definedness,95.13947677592056,,,1.9027895355184112,r-5f0a94c66ff17cd98a0a,r-b88f32fc4385160d3f1f
neuron_model_behavioral_validation,Neuraxis,development_pilot,PILOT2_PROTOCOL,Exploratory development data; second development iteration informed by Pilot 1; not independent confirmation; never pooled with the confirmatory held-out estimate,m-shift_gate_midpoint-cdbd253d57,nml2_hh_example,1,P00_canonical,first_spike_latency,definedness,2.5200000000155427,,,0.5,r-5f0a94c66ff17cd98a0a,r-b88f32fc4385160d3f1f
neuron_model_behavioral_validation,Neuraxis,development_pilot,PILOT2_PROTOCOL,Exploratory development data; second development iteration informed by Pilot 1; not independent confirmation; never pooled with the confirmatory held-out estimate,m-shift_gate_midpoint-cdbd253d57,nml2_hh_example,1,P00_canonical,last_isi,definedness,16.12999999998533,,,0.5,r-5f0a94c66ff17cd98a0a,r-b88f32fc4385160d3f1f
neuron_model_behavioral_validation,Neuraxis,development_pilot,PILOT2_PROTOCOL,Exploratory development data; second development iteration informed by Pilot 1; not independent confirmation; never pooled with the confirmatory held-out estimate,m-shift_gate_midpoint-cdbd253d57,nml2_hh_example,1,P00_canonical,spike_count,exceeds,7.0,0.0,7.0,0.5,r-5f0a94c66ff17cd98a0a,r-b88f32fc4385160d3f1f
neuron_model_behavioral_validation,Neuraxis,development_pilot,PILOT2_PROTOCOL,Exploratory development data; second development iteration informed by Pilot 1; not independent confirmation; never pooled with the confirmatory held-out estimate,m-shift_gate_midpoint-cdbd253d57,nml2_hh_example,1,P02_weak_step,steady_state_voltage,exceeds,-64.08310811767565,-64.9108287597655,0.8277206420898438,0.5,r-66b1007575e04915ac55,r-33e48155ce0adc773e25
neuron_model_behavioral_validation,Neuraxis,development_pilot,PILOT2_PROTOCOL,Exploratory development data; second development iteration informed by Pilot 1; not independent confirmation; never pooled with the confirmatory held-out estimate,m-shift_gate_midpoint-cdbd253d57,nml2_hh_example,1,P03_rheobase,rheobase,exceeds,0.022436992008742575,0.09825148555426541,0.07581449354552283,0.00044873984017485154,s-6485b8f0d5e0c45b0b4d,s-00a354bc32385158ed74
neuron_model_behavioral_validation,Neuraxis,development_pilot,PILOT2_PROTOCOL,Exploratory development data; second development iteration informed by Pilot 1; not independent confirmation; never pooled with the confirmatory held-out estimate,m-shift_gate_midpoint-cdbd253d57,nml2_hh_example,1,P04_step_2x,ahp_depth,definedness,-10.697937011716306,,,0.5348968505858153,r-66b1007575e04915ac55,r-33e48155ce0adc773e25
neuron_model_behavioral_validation,Neuraxis,development_pilot,PILOT2_PROTOCOL,Exploratory development data; second development iteration informed by Pilot 1; not independent confirmation; never pooled with the confirmatory held-out estimate,m-shift_gate_midpoint-cdbd253d57,nml2_hh_example,1,P04_step_2x,ap_amplitude,definedness,92.72434234740876,,,1.8544868469481752,r-66b1007575e04915ac55,r-33e48155ce0adc773e25
neuron_model_behavioral_validation,Neuraxis,development_pilot,PILOT2_PROTOCOL,Exploratory development data; second development iteration informed by Pilot 1; not independent confirmation; never pooled with the confirmatory held-out estimate,m-shift_gate_midpoint-cdbd253d57,nml2_hh_example,1,P04_step_2x,first_spike_latency,definedness,3.5399999998689395,,,0.5,r-66b1007575e04915ac55,r-33e48155ce0adc773e25
neuron_model_behavioral_validation,Neuraxis,development_pilot,PILOT2_PROTOCOL,Exploratory development data; second development iteration informed by Pilot 1; not independent confirmation; never pooled with the confirmatory held-out estimate,m-shift_gate_midpoint-cdbd253d57,nml2_hh_example,1,P04_step_2x,spike_count,exceeds,1.0,0.0,1.0,0.5,r-66b1007575e04915ac55,r-33e48155ce0adc773e25
neuron_model_behavioral_validation,Neuraxis,development_pilot,PILOT2_PROTOCOL,Exploratory development data; second development iteration informed by Pilot 1; not independent confirmation; never pooled with the confirmatory held-out estimate,m-shift_gate_midpoint-cdbd253d57,nml2_hh_example,1,P05_long_step,ahp_depth,definedness,-10.81385040282855,,,0.5406925201414275,r-940eedfaa66e3fa96c16,r-3a2fb11210dc29d262af
neuron_model_behavioral_validation,Neuraxis,development_pilot,PILOT2_PROTOCOL,Exploratory development data; second development iteration informed by Pilot 1; not independent confirmation; never pooled with the confirmatory held-out estimate,m-shift_gate_midpoint-cdbd253d57,nml2_hh_example,1,P05_long_step,ap_amplitude,definedness,91.2126808181487,,,1.824253616362974,r-940eedfaa66e3fa96c16,r-3a2fb11210dc29d262af
neuron_model_behavioral_validation,Neuraxis,development_pilot,PILOT2_PROTOCOL,Exploratory development data; second development iteration informed by Pilot 1; not independent confirmation; never pooled with the confirmatory held-out estimate,m-shift_gate_midpoint-cdbd253d57,nml2_hh_example,1,P05_long_step,first_spike_latency,definedness,4.42999999986813,,,0.5,r-940eedfaa66e3fa96c16,r-3a2fb11210dc29d262af
neuron_model_behavioral_validation,Neuraxis,development_pilot,PILOT2_PROTOCOL,Exploratory development data; second development iteration informed by Pilot 1; not independent confirmation; never pooled with the confirmatory held-out estimate,m-shift_gate_midpoint-cdbd253d57,nml2_hh_example,1,P05_long_step,spike_count,exceeds,1.0,0.0,1.0,0.5,r-940eedfaa66e3fa96c16,r-3a2fb11210dc29d262af
neuron_model_behavioral_validation,Neuraxis,development_pilot,PILOT2_PROTOCOL,Exploratory development data; second development iteration informed by Pilot 1; not independent confirmation; never pooled with the confirmatory held-out estimate,m-shift_gate_midpoint-cdbd253d57,nml2_hh_example,1,P07_hyperpolarizing_step,steady_state_voltage,exceeds,-67.26261677551295,-67.83067097320583,0.5680541976928737,0.5,r-66b1007575e04915ac55,r-33e48155ce0adc773e25
neuron_model_behavioral_validation,Neuraxis,development_pilot,PILOT2_PROTOCOL,Exploratory development data; second development iteration informed by Pilot 1; not independent confirmation; never pooled with the confirmatory held-out estimate,m-shift_gate_midpoint-cdbd253d57,nml2_hh_example,1,P08_rebound,first_spike_latency,definedness,5.219999999412721,,,0.5,r-011ab0e03522b12f620c,r-163bfd1de02a49c82537
neuron_model_behavioral_validation,Neuraxis,development_pilot,PILOT2_PROTOCOL,Exploratory development data; second development iteration informed by Pilot 1; not independent confirmation; never pooled with the confirmatory held-out estimate,m-shift_gate_midpoint-cdbd253d57,nml2_hh_example,1,P08_rebound,spike_count,exceeds,1.0,0.0,1.0,0.5,r-011ab0e03522b12f620c,r-163bfd1de02a49c82537
neuron_model_behavioral_validation,Neuraxis,development_pilot,PILOT2_PROTOCOL,Exploratory development data; second development iteration informed by Pilot 1; not independent confirmation; never pooled with the confirmatory held-out estimate,m-shift_gate_midpoint-cdbd253d57,nml2_hh_example,1,P09_short_pulse,ahp_depth,exceeds,-11.226577758789873,-10.489730834960938,0.736846923828935,0.5613288879394936,r-efc8f2fd727ba1854c5f,r-4e90f5ec7db0057c8d05
neuron_model_behavioral_validation,Neuraxis,development_pilot,PILOT2_PROTOCOL,Exploratory development data; second development iteration informed by Pilot 1; not independent confirmation; never pooled with the confirmatory held-out estimate,m-shift_gate_midpoint-cdbd253d57,nml2_hh_example,2,P00_canonical,adaptation_index,definedness,-1.02201355559918e-13,,,0.01,r-d4235ef154cdc2eeb44c,r-e168859f56e00a0f8230
neuron_model_behavioral_validation,Neuraxis,development_pilot,PILOT2_PROTOCOL,Exploratory development data; second development iteration informed by Pilot 1; not independent confirmation; never pooled with the confirmatory held-out estimate,m-shift_gate_midpoint-cdbd253d57,nml2_hh_example,2,P00_canonical,ahp_depth,definedness,-10.327699567887592,,,0.5171569824218686,r-d4235ef154cdc2eeb44c,r-e168859f56e00a0f8230
neuron_model_behavioral_validation,Neuraxis,development_pilot,PILOT2_PROTOCOL,Exploratory development data; second development iteration informed by Pilot 1; not independent confirmation; never pooled with the confirmatory held-out estimate,m-shift_gate_midpoint-cdbd253d57,nml2_hh_example,2,P00_canonical,ap_amplitude,definedness,95.29706954941832,,,1.9027895355184112,r-d4235ef154cdc2eeb44c,r-e168859f56e00a0f8230
neuron_model_behavioral_validation,Neuraxis,development_pilot,PILOT2_PROTOCOL,Exploratory development data; second development iteration informed by Pilot 1; not independent confirmation; never pooled with the confirmatory held-out estimate,m-shift_gate_midpoint-cdbd253d57,nml2_hh_example,2,P00_canonical,first_spike_latency,definedness,2.460000000015512,,,0.5,r-d4235ef154cdc2eeb44c,r-e168859f56e00a0f8230
neuron_model_behavioral_validation,Neuraxis,development_pilot,PILOT2_PROTOCOL,Exploratory development data; second development iteration informed by Pilot 1; not independent confirmation; never pooled with the confirmatory held-out estimate,m-shift_gate_midpoint-cdbd253d57,nml2_hh_example,2,P00_canonical,last_isi,definedness,16.059999999985394,,,0.5,r-d4235ef154cdc2eeb44c,r-e168859f56e00a0f8230
neuron_model_behavioral_validation,Neuraxis,development_pilot,PILOT2_PROTOCOL,Exploratory development data; second development iteration informed by Pilot 1; not independent confirmation; never pooled with the confirmatory held-out estimate,m-shift_gate_midpoint-cdbd253d57,nml2_hh_example,2,P00_canonical,spike_count,exceeds,7.0,0.0,7.0,0.5,r-d4235ef154cdc2eeb44c,r-e168859f56e00a0f8230
neuron_model_behavioral_validation,Neuraxis,development_pilot,PILOT2_PROTOCOL,Exploratory development data; second development iteration informed by Pilot 1; not independent confirmation; never pooled with the confirmatory held-out estimate,m-shift_gate_midpoint-cdbd253d57,nml2_hh_example,2,P02_weak_step,steady_state_voltage,exceeds,-64.08310755462634,-64.91082819976793,0.8277206451415964,0.5,r-8d6f46142acd4ec898a7,r-1d49306c2b2cc327d0e4
neuron_model_behavioral_validation,Neuraxis,development_pilot,PILOT2_PROTOCOL,Exploratory development data; second development iteration informed by Pilot 1; not independent confirmation; never pooled with the confirmatory held-out estimate,m-shift_gate_midpoint-cdbd253d57,nml2_hh_example,2,P03_rheobase,rheobase,exceeds,0.02240284133597432,0.09821733488149717,0.07581449354552285,0.00044873984017485154,s-b96e12fd1e882cb18a94,s-a59c0b05d9a83d4808fc
neuron_model_behavioral_validation,Neuraxis,development_pilot,PILOT2_PROTOCOL,Exploratory development data; second development iteration informed by Pilot 1; not independent confirmation; never pooled with the confirmatory held-out estimate,m-shift_gate_midpoint-cdbd253d57,nml2_hh_example,2,P04_step_2x,ahp_depth,definedness,-10.691650390625,,,0.5348968505858153,r-8d6f46142acd4ec898a7,r-1d49306c2b2cc327d0e4
neuron_model_behavioral_validation,Neuraxis,development_pilot,PILOT2_PROTOCOL,Exploratory development data; second development iteration informed by Pilot 1; not independent confirmation; never pooled with the confirmatory held-out estimate,m-shift_gate_midpoint-cdbd253d57,nml2_hh_example,2,P04_step_2x,ap_amplitude,definedness,92.82558822777118,,,1.8544868469481752,r-8d6f46142acd4ec898a7,r-1d49306c2b2cc327d0e4
neuron_model_behavioral_validation,Neuraxis,development_pilot,PILOT2_PROTOCOL,Exploratory development data; second development iteration informed by Pilot 1; not independent confirmation; never pooled with the confirmatory held-out estimate,m-shift_gate_midpoint-cdbd253d57,nml2_hh_example,2,P04_step_2x,first_spike_latency,definedness,3.509999999868967,,,0.5,r-8d6f46142acd4ec898a7,r-1d49306c2b2cc327d0e4
neuron_model_behavioral_validation,Neuraxis,development_pilot,PILOT2_PROTOCOL,Exploratory development data; second development iteration informed by Pilot 1; not independent confirmation; never pooled with the confirmatory held-out estimate,m-shift_gate_midpoint-cdbd253d57,nml2_hh_example,2,P04_step_2x,spike_count,exceeds,1.0,0.0,1.0,0.5,r-8d6f46142acd4ec898a7,r-1d49306c2b2cc327d0e4
neuron_model_behavioral_validation,Neuraxis,development_pilot,PILOT2_PROTOCOL,Exploratory development data; second development iteration informed by Pilot 1; not independent confirmation; never pooled with the confirmatory held-out estimate,m-shift_gate_midpoint-cdbd253d57,nml2_hh_example,2,P05_long_step,ahp_depth,definedness,-10.808036804201677,,,0.5406925201414275,r-a455ac42295a97429d02,r-95c21e72f55a1b9aa8dd
neuron_model_behavioral_validation,Neuraxis,development_pilot,PILOT2_PROTOCOL,Exploratory development data; second development iteration informed by Pilot 1; not independent confirmation; never pooled with the confirmatory held-out estimate,m-shift_gate_midpoint-cdbd253d57,nml2_hh_example,2,P05_long_step,ap_amplitude,definedness,91.37988662862392,,,1.824253616362974,r-a455ac42295a97429d02,r-95c21e72f55a1b9aa8dd
neuron_model_behavioral_validation,Neuraxis,development_pilot,PILOT2_PROTOCOL,Exploratory development data; second development iteration informed by Pilot 1; not independent confirmation; never pooled with the confirmatory held-out estimate,m-shift_gate_midpoint-cdbd253d57,nml2_hh_example,2,P05_long_step,first_spike_latency,definedness,4.3899999998681665,,,0.5,r-a455ac42295a97429d02,r-95c21e72f55a1b9aa8dd
neuron_model_behavioral_validation,Neuraxis,development_pilot,PILOT2_PROTOCOL,Exploratory development data; second development iteration informed by Pilot 1; not independent confirmation; never pooled with the confirmatory held-out estimate,m-shift_gate_midpoint-cdbd253d57,nml2_hh_example,2,P05_long_step,spike_count,exceeds,1.0,0.0,1.0,0.5,r-a455ac42295a97429d02,r-95c21e72f55a1b9aa8dd
neuron_model_behavioral_validation,Neuraxis,development_pilot,PILOT2_PROTOCOL,Exploratory development data; second development iteration informed by Pilot 1; not independent confirmation; never pooled with the confirmatory held-out estimate,m-shift_gate_midpoint-cdbd253d57,nml2_hh_example,2,P07_hyperpolarizing_step,steady_state_voltage,exceeds,-67.26261789703395,-67.8306720962527,0.56805419921875,0.5,r-8d6f46142acd4ec898a7,r-1d49306c2b2cc327d0e4
neuron_model_behavioral_validation,Neuraxis,development_pilot,PILOT2_PROTOCOL,Exploratory development data; second development iteration informed by Pilot 1; not independent confirmation; never pooled with the confirmatory held-out estimate,m-shift_gate_midpoint-cdbd253d57,nml2_hh_example,2,P08_rebound,first_spike_latency,definedness,5.189999999412748,,,0.5,r-a628bd90e08153ec217d,r-3b2cdb340661baeffc44
neuron_model_behavioral_validation,Neuraxis,development_pilot,PILOT2_PROTOCOL,Exploratory development data; second development iteration informed by Pilot 1; not independent confirmation; never pooled with the confirmatory held-out estimate,m-shift_gate_midpoint-cdbd253d57,nml2_hh_example,2,P08_rebound,spike_count,exceeds,1.0,0.0,1.0,0.5,r-a628bd90e08153ec217d,r-3b2cdb340661baeffc44
neuron_model_behavioral_validation,Neuraxis,development_pilot,PILOT2_PROTOCOL,Exploratory development data; second development iteration informed by Pilot 1; not independent confirmation; never pooled with the confirmatory held-out estimate,m-shift_gate_midpoint-cdbd253d57,nml2_hh_example,2,P09_short_pulse,ahp_depth,exceeds,-11.22248840332071,-10.484748840331221,0.7377395629894892,0.5613288879394936,r-2c9f7eaf5c4d0d4f33d4,r-654fb5502bd040cf4986
neuron_model_behavioral_validation,Neuraxis,development_pilot,PILOT2_PROTOCOL,Exploratory development data; second development iteration informed by Pilot 1; not independent confirmation; never pooled with the confirmatory held-out estimate,m-shift_gate_midpoint-6ea0967285,nml2_hh_example,1,P00_canonical,ahp_depth,exceeds,-10.343139648437372,-22.956324866081466,12.613185217644094,0.5171569824218686,r-5f0a94c66ff17cd98a0a,r-99658c1594885c6768c9
neuron_model_behavioral_validation,Neuraxis,development_pilot,PILOT2_PROTOCOL,Exploratory development data; second development iteration informed by Pilot 1; not independent confirmation; never pooled with the confirmatory held-out estimate,m-shift_gate_midpoint-6ea0967285,nml2_hh_example,1,P00_canonical,ap_amplitude,exceeds,95.13947677592056,99.84794235209554,4.708465576174987,1.9027895355184112,r-5f0a94c66ff17cd98a0a,r-99658c1594885c6768c9
neuron_model_behavioral_validation,Neuraxis,development_pilot,PILOT2_PROTOCOL,Exploratory development data; second development iteration informed by Pilot 1; not independent confirmation; never pooled with the confirmatory held-out estimate,m-shift_gate_midpoint-6ea0967285,nml2_hh_example,1,P00_canonical,last_isi,exceeds,16.12999999998533,10.429999999990514,5.699999999994816,0.5,r-5f0a94c66ff17cd98a0a,r-99658c1594885c6768c9
neuron_model_behavioral_validation,Neuraxis,development_pilot,PILOT2_PROTOCOL,Exploratory development data; second development iteration informed by Pilot 1; not independent confirmation; never pooled with the confirmatory held-out estimate,m-shift_gate_midpoint-6ea0967285,nml2_hh_example,1,P00_canonical,spike_count,exceeds,7.0,10.0,3.0,0.5,r-5f0a94c66ff17cd98a0a,r-99658c1594885c6768c9
neuron_model_behavioral_validation,Neuraxis,development_pilot,PILOT2_PROTOCOL,Exploratory development data; second development iteration informed by Pilot 1; not independent confirmation; never pooled with the confirmatory held-out estimate,m-shift_gate_midpoint-6ea0967285,nml2_hh_example,1,P02_weak_step,spike_count,exceeds,0.0,37.0,37.0,0.5,r-66b1007575e04915ac55,r-a9260c80a3ea561938d7
neuron_model_behavioral_validation,Neuraxis,development_pilot,PILOT2_PROTOCOL,Exploratory development data; second development iteration informed by Pilot 1; not independent confirmation; never pooled with the confirmatory held-out estimate,m-shift_gate_midpoint-6ea0967285,nml2_hh_example,1,P02_weak_step,steady_state_voltage,exceeds,-64.08310811767565,-52.88318946504382,11.19991865263183,0.5,r-66b1007575e04915ac55,r-a9260c80a3ea561938d7
neuron_model_behavioral_validation,Neuraxis,development_pilot,PILOT2_PROTOCOL,Exploratory development data; second development iteration informed by Pilot 1; not independent confirmation; never pooled with the confirmatory held-out estimate,m-shift_gate_midpoint-6ea0967285,nml2_hh_example,1,P03_rheobase,rheobase,exceeds,0.022436992008742575,0.0,0.022436992008742575,0.00044873984017485154,s-6485b8f0d5e0c45b0b4d,s-22a21dd072ac47e90614
neuron_model_behavioral_validation,Neuraxis,development_pilot,PILOT2_PROTOCOL,Exploratory development data; second development iteration informed by Pilot 1; not independent confirmation; never pooled with the confirmatory held-out estimate,m-shift_gate_midpoint-6ea0967285,nml2_hh_example,1,P04_step_2x,adaptation_index,definedness,,0.0,,inf,r-66b1007575e04915ac55,r-a9260c80a3ea561938d7
neuron_model_behavioral_validation,Neuraxis,development_pilot,PILOT2_PROTOCOL,Exploratory development data; second development iteration informed by Pilot 1; not independent confirmation; never pooled with the confirmatory held-out estimate,m-shift_gate_midpoint-6ea0967285,nml2_hh_example,1,P04_step_2x,ahp_depth,exceeds,-10.697937011716306,-19.148983077245525,8.45104606552922,0.5348968505858153,r-66b1007575e04915ac55,r-a9260c80a3ea561938d7
neuron_model_behavioral_validation,Neuraxis,development_pilot,PILOT2_PROTOCOL,Exploratory development data; second development iteration informed by Pilot 1; not independent confirmation; never pooled with the confirmatory held-out estimate,m-shift_gate_midpoint-6ea0967285,nml2_hh_example,1,P04_step_2x,ap_amplitude,exceeds,92.72434234740876,95.24115371826987,2.516811370861106,1.8544868469481752,r-66b1007575e04915ac55,r-a9260c80a3ea561938d7
neuron_model_behavioral_validation,Neuraxis,development_pilot,PILOT2_PROTOCOL,Exploratory development data; second development iteration informed by Pilot 1; not independent confirmation; never pooled with the confirmatory held-out estimate,m-shift_gate_midpoint-6ea0967285,nml2_hh_example,1,P04_step_2x,first_spike_latency,exceeds,3.5399999998689395,6.979999999865811,3.4399999999968713,0.5,r-66b1007575e04915ac55,r-a9260c80a3ea561938d7
neuron_model_behavioral_validation,Neuraxis,development_pilot,PILOT2_PROTOCOL,Exploratory development data; second development iteration informed by Pilot 1; not independent confirmation; never pooled with the confirmatory held-out estimate,m-shift_gate_midpoint-6ea0967285,nml2_hh_example,1,P04_step_2x,last_isi,definedness,,11.549999999989495,,inf,r-66b1007575e04915ac55,r-a9260c80a3ea561938d7
neuron_model_behavioral_validation,Neuraxis,development_pilot,PILOT2_PROTOCOL,Exploratory development data; second development iteration informed by Pilot 1; not independent confirmation; never pooled with the confirmatory held-out estimate,m-shift_gate_midpoint-6ea0967285,nml2_hh_example,1,P04_step_2x,spike_count,exceeds,1.0,43.0,42.0,0.5,r-66b1007575e04915ac55,r-a9260c80a3ea561938d7
neuron_model_behavioral_validation,Neuraxis,development_pilot,PILOT2_PROTOCOL,Exploratory development data; second development iteration informed by Pilot 1; not independent confirmation; never pooled with the confirmatory held-out estimate,m-shift_gate_midpoint-6ea0967285,nml2_hh_example,1,P05_long_step,adaptation_index,definedness,,6.97465262088509e-14,,inf,r-940eedfaa66e3fa96c16,r-e7438007ea16e95fbd07
neuron_model_behavioral_validation,Neuraxis,development_pilot,PILOT2_PROTOCOL,Exploratory development data; second development iteration informed by Pilot 1; not independent confirmation; never pooled with the confirmatory held-out estimate,m-shift_gate_midpoint-6ea0967285,nml2_hh_example,1,P05_long_step,ahp_depth,exceeds,-10.81385040282855,-19.35107047958781,8.537220076759262,0.5406925201414275,r-940eedfaa66e3fa96c16,r-e7438007ea16e95fbd07
neuron_model_behavioral_validation,Neuraxis,development_pilot,PILOT2_PROTOCOL,Exploratory development data; second development iteration informed by Pilot 1; not independent confirmation; never pooled with the confirmatory held-out estimate,m-shift_gate_midpoint-6ea0967285,nml2_hh_example,1,P05_long_step,ap_amplitude,exceeds,91.2126808181487,96.08660507338506,4.873924255236361,1.824253616362974,r-940eedfaa66e3fa96c16,r-e7438007ea16e95fbd07
neuron_model_behavioral_validation,Neuraxis,development_pilot,PILOT2_PROTOCOL,Exploratory development data; second development iteration informed by Pilot 1; not independent confirmation; never pooled with the confirmatory held-out estimate,m-shift_gate_midpoint-6ea0967285,nml2_hh_example,1,P05_long_step,first_spike_latency,exceeds,4.42999999986813,7.489999999865347,3.059999999997217,0.5,r-940eedfaa66e3fa96c16,r-e7438007ea16e95fbd07
neuron_model_behavioral_validation,Neuraxis,development_pilot,PILOT2_PROTOCOL,Exploratory development data; second development iteration informed by Pilot 1; not independent confirmation; never pooled with the confirmatory held-out estimate,m-shift_gate_midpoint-6ea0967285,nml2_hh_example,1,P05_long_step,last_isi,definedness,,12.070000000263462,,inf,r-940eedfaa66e3fa96c16,r-e7438007ea16e95fbd07
neuron_model_behavioral_validation,Neuraxis,development_pilot,PILOT2_PROTOCOL,Exploratory development data; second development iteration informed by Pilot 1; not independent confirmation; never pooled with the confirmatory held-out estimate,m-shift_gate_midpoint-6ea0967285,nml2_hh_example,1,P05_long_step,spike_count,exceeds,1.0,166.0,165.0,0.5,r-940eedfaa66e3fa96c16,r-e7438007ea16e95fbd07
neuron_model_behavioral_validation,Neuraxis,development_pilot,PILOT2_PROTOCOL,Exploratory development data; second development iteration informed by Pilot 1; not independent confirmation; never pooled with the confirmatory held-out estimate,m-shift_gate_midpoint-6ea0967285,nml2_hh_example,1,P06_ramp,first_spike_latency,definedness,,9.919999999863137,,inf,r-b32245eb811666b0240b,r-4d88a66016f4bbec5ec3
neuron_model_behavioral_validation,Neuraxis,development_pilot,PILOT2_PROTOCOL,Exploratory development data; second development iteration informed by Pilot 1; not independent confirmation; never pooled with the confirmatory held-out estimate,m-shift_gate_midpoint-6ea0967285,nml2_hh_example,1,P06_ramp,spike_count,exceeds,0.0,82.0,82.0,0.5,r-b32245eb811666b0240b,r-4d88a66016f4bbec5ec3
neuron_model_behavioral_validation,Neuraxis,development_pilot,PILOT2_PROTOCOL,Exploratory development data; second development iteration informed by Pilot 1; not independent confirmation; never pooled with the confirmatory held-out estimate,m-shift_gate_midpoint-6ea0967285,nml2_hh_example,1,P07_hyperpolarizing_step,spike_count,exceeds,0.0,26.0,26.0,0.5,r-66b1007575e04915ac55,r-a9260c80a3ea561938d7
neuron_model_behavioral_validation,Neuraxis,development_pilot,PILOT2_PROTOCOL,Exploratory development data; second development iteration informed by Pilot 1; not independent confirmation; never pooled with the confirmatory held-out estimate,m-shift_gate_midpoint-6ea0967285,nml2_hh_example,1,P07_hyperpolarizing_step,steady_state_voltage,exceeds,-67.26261677551295,-59.05637645453308,8.206240320979873,0.5,r-66b1007575e04915ac55,r-a9260c80a3ea561938d7
neuron_model_behavioral_validation,Neuraxis,development_pilot,PILOT2_PROTOCOL,Exploratory development data; second development iteration informed by Pilot 1; not independent confirmation; never pooled with the confirmatory held-out estimate,m-shift_gate_midpoint-6ea0967285,nml2_hh_example,1,P08_rebound,first_spike_latency,exceeds,5.219999999412721,3.429999999414349,1.789999999998372,0.5,r-011ab0e03522b12f620c,r-989ec9b28fe5b630c618
neuron_model_behavioral_validation,Neuraxis,development_pilot,PILOT2_PROTOCOL,Exploratory development data; second development iteration informed by Pilot 1; not independent confirmation; never pooled with the confirmatory held-out estimate,m-shift_gate_midpoint-6ea0967285,nml2_hh_example,1,P08_rebound,spike_count,exceeds,1.0,21.0,20.0,0.5,r-011ab0e03522b12f620c,r-989ec9b28fe5b630c618
neuron_model_behavioral_validation,Neuraxis,development_pilot,PILOT2_PROTOCOL,Exploratory development data; second development iteration informed by Pilot 1; not independent confirmation; never pooled with the confirmatory held-out estimate,m-shift_gate_midpoint-6ea0967285,nml2_hh_example,1,P09_short_pulse,ahp_depth,exceeds,-11.226577758789873,-19.8076363365198,8.581058577729927,0.5613288879394936,r-efc8f2fd727ba1854c5f,r-c244096bb01f34850b8d
neuron_model_behavioral_validation,Neuraxis,development_pilot,PILOT2_PROTOCOL,Exploratory development data; second development iteration informed by Pilot 1; not independent confirmation; never pooled with the confirmatory held-out estimate,m-shift_gate_midpoint-6ea0967285,nml2_hh_example,1,P09_short_pulse,ap_amplitude,exceeds,106.45812988261622,84.55143737907663,21.90669250353959,2.1291625976523245,r-efc8f2fd727ba1854c5f,r-c244096bb01f34850b8d
neuron_model_behavioral_validation,Neuraxis,development_pilot,PILOT2_PROTOCOL,Exploratory development data; second development iteration informed by Pilot 1; not independent confirmation; never pooled with the confirmatory held-out estimate,m-shift_gate_midpoint-6ea0967285,nml2_hh_example,1,P09_short_pulse,first_spike_latency,exceeds,1.4599999998708313,3.579999999868903,2.119999999998072,0.5,r-efc8f2fd727ba1854c5f,r-c244096bb01f34850b8d
neuron_model_behavioral_validation,Neuraxis,development_pilot,PILOT2_PROTOCOL,Exploratory development data; second development iteration informed by Pilot 1; not independent confirmation; never pooled with the confirmatory held-out estimate,m-shift_gate_midpoint-6ea0967285,nml2_hh_example,1,P09_short_pulse,spike_count,exceeds,1.0,4.0,3.0,0.5,r-efc8f2fd727ba1854c5f,r-c244096bb01f34850b8d
neuron_model_behavioral_validation,Neuraxis,development_pilot,PILOT2_PROTOCOL,Exploratory development data; second development iteration informed by Pilot 1; not independent confirmation; never pooled with the confirmatory held-out estimate,m-shift_gate_midpoint-6ea0967285,nml2_hh_example,2,P00_canonical,ahp_depth,exceeds,-10.327699567887592,-22.24252000905492,11.914820441167329,0.5171569824218686,r-d4235ef154cdc2eeb44c,r-8dfccef1a04fc0517d93
neuron_model_behavioral_validation,Neuraxis,development_pilot,PILOT2_PROTOCOL,Exploratory development data; second development iteration informed by Pilot 1; not independent confirmation; never pooled with the confirmatory held-out estimate,m-shift_gate_midpoint-6ea0967285,nml2_hh_example,2,P00_canonical,ap_amplitude,exceeds,95.29706954941832,100.72179031356858,5.424720764150251,1.9027895355184112,r-d4235ef154cdc2eeb44c,r-8dfccef1a04fc0517d93
neuron_model_behavioral_validation,Neuraxis,development_pilot,PILOT2_PROTOCOL,Exploratory development data; second development iteration informed by Pilot 1; not independent confirmation; never pooled with the confirmatory held-out estimate,m-shift_gate_midpoint-6ea0967285,nml2_hh_example,2,P00_canonical,last_isi,exceeds,16.059999999985394,10.369999999990569,5.689999999994825,0.5,r-d4235ef154cdc2eeb44c,r-8dfccef1a04fc0517d93
neuron_model_behavioral_validation,Neuraxis,development_pilot,PILOT2_PROTOCOL,Exploratory development data; second development iteration informed by Pilot 1; not independent confirmation; never pooled with the confirmatory held-out estimate,m-shift_gate_midpoint-6ea0967285,nml2_hh_example,2,P00_canonical,spike_count,exceeds,7.0,10.0,3.0,0.5,r-d4235ef154cdc2eeb44c,r-8dfccef1a04fc0517d93
neuron_model_behavioral_validation,Neuraxis,development_pilot,PILOT2_PROTOCOL,Exploratory development data; second development iteration informed by Pilot 1; not independent confirmation; never pooled with the confirmatory held-out estimate,m-shift_gate_midpoint-6ea0967285,nml2_hh_example,2,P02_weak_step,spike_count,exceeds,0.0,37.0,37.0,0.5,r-8d6f46142acd4ec898a7,r-5a9c11ca1e72a48e071d
neuron_model_behavioral_validation,Neuraxis,development_pilot,PILOT2_PROTOCOL,Exploratory development data; second development iteration informed by Pilot 1; not independent confirmation; never pooled with the confirmatory held-out estimate,m-shift_gate_midpoint-6ea0967285,nml2_hh_example,2,P02_weak_step,steady_state_voltage,exceeds,-64.08310755462634,-53.21713025822892,10.865977296397418,0.5,r-8d6f46142acd4ec898a7,r-5a9c11ca1e72a48e071d
neuron_model_behavioral_validation,Neuraxis,development_pilot,PILOT2_PROTOCOL,Exploratory development data; second development iteration informed by Pilot 1; not independent confirmation; never pooled with the confirmatory held-out estimate,m-shift_gate_midpoint-6ea0967285,nml2_hh_example,2,P03_rheobase,rheobase,exceeds,0.02240284133597432,0.0,0.02240284133597432,0.00044873984017485154,s-b96e12fd1e882cb18a94,s-c56ef2c2197dd0f2fcfe
neuron_model_behavioral_validation,Neuraxis,development_pilot,PILOT2_PROTOCOL,Exploratory development data; second development iteration informed by Pilot 1; not independent confirmation; never pooled with the confirmatory held-out estimate,m-shift_gate_midpoint-6ea0967285,nml2_hh_example,2,P04_step_2x,adaptation_index,definedness,,0.0,,inf,r-8d6f46142acd4ec898a7,r-5a9c11ca1e72a48e071d
neuron_model_behavioral_validation,Neuraxis,development_pilot,PILOT2_PROTOCOL,Exploratory development data; second development iteration informed by Pilot 1; not independent confirmation; never pooled with the confirmatory held-out estimate,m-shift_gate_midpoint-6ea0967285,nml2_hh_example,2,P04_step_2x,ahp_depth,exceeds,-10.691650390625,-19.116911486191597,8.425261095566597,0.5348968505858153,r-8d6f46142acd4ec898a7,r-5a9c11ca1e72a48e071d
neuron_model_behavioral_validation,Neuraxis,development_pilot,PILOT2_PROTOCOL,Exploratory development data; second development iteration informed by Pilot 1; not independent confirmation; never pooled with the confirmatory held-out estimate,m-shift_gate_midpoint-6ea0967285,nml2_hh_example,2,P04_step_2x,ap_amplitude,exceeds,92.82558822777118,95.40279388578469,2.5772056580135114,1.8544868469481752,r-8d6f46142acd4ec898a7,r-5a9c11ca1e72a48e071d
neuron_model_behavioral_validation,Neuraxis,development_pilot,PILOT2_PROTOCOL,Exploratory development data; second development iteration informed by Pilot 1; not independent confirmation; never pooled with the confirmatory held-out estimate,m-shift_gate_midpoint-6ea0967285,nml2_hh_example,2,P04_step_2x,first_spike_latency,exceeds,3.509999999868967,6.1799999998665385,2.6699999999975716,0.5,r-8d6f46142acd4ec898a7,r-5a9c11ca1e72a48e071d
neuron_model_behavioral_validation,Neuraxis,development_pilot,PILOT2_PROTOCOL,Exploratory development data; second development iteration informed by Pilot 1; not independent confirmation; never pooled with the confirmatory held-out estimate,m-shift_gate_midpoint-6ea0967285,nml2_hh_example,2,P04_step_2x,last_isi,definedness,,11.519999999989523,,inf,r-8d6f46142acd4ec898a7,r-5a9c11ca1e72a48e071d
neuron_model_behavioral_validation,Neuraxis,development_pilot,PILOT2_PROTOCOL,Exploratory development data; second development iteration informed by Pilot 1; not independent confirmation; never pooled with the confirmatory held-out estimate,m-shift_gate_midpoint-6ea0967285,nml2_hh_example,2,P04_step_2x,spike_count,exceeds,1.0,43.0,42.0,0.5,r-8d6f46142acd4ec898a7,r-5a9c11ca1e72a48e071d
neuron_model_behavioral_validation,Neuraxis,development_pilot,PILOT2_PROTOCOL,Exploratory development data; second development iteration informed by Pilot 1; not independent confirmation; never pooled with the confirmatory held-out estimate,m-shift_gate_midpoint-6ea0967285,nml2_hh_example,2,P05_long_step,adaptation_index,definedness,,6.974651856030126e-14,,inf,r-a455ac42295a97429d02,r-acd91c98dfa8e07c5118
neuron_model_behavioral_validation,Neuraxis,development_pilot,PILOT2_PROTOCOL,Exploratory development data; second development iteration informed by Pilot 1; not independent confirmation; never pooled with the confirmatory held-out estimate,m-shift_gate_midpoint-6ea0967285,nml2_hh_example,2,P05_long_step,ahp_depth,exceeds,-10.808036804201677,-19.31693895200857,8.508902147806893,0.5406925201414275,r-a455ac42295a97429d02,r-acd91c98dfa8e07c5118
neuron_model_behavioral_validation,Neuraxis,development_pilot,PILOT2_PROTOCOL,Exploratory development data; second development iteration informed by Pilot 1; not independent confirmation; never pooled with the confirmatory held-out estimate,m-shift_gate_midpoint-6ea0967285,nml2_hh_example,2,P05_long_step,ap_amplitude,exceeds,91.37988662862392,96.1334381117388,4.753551483114876,1.824253616362974,r-a455ac42295a97429d02,r-acd91c98dfa8e07c5118
neuron_model_behavioral_validation,Neuraxis,development_pilot,PILOT2_PROTOCOL,Exploratory development data; second development iteration informed by Pilot 1; not independent confirmation; never pooled with the confirmatory held-out estimate,m-shift_gate_midpoint-6ea0967285,nml2_hh_example,2,P05_long_step,first_spike_latency,exceeds,4.3899999998681665,6.6999999998660655,2.309999999997899,0.5,r-a455ac42295a97429d02,r-acd91c98dfa8e07c5118
neuron_model_behavioral_validation,Neuraxis,development_pilot,PILOT2_PROTOCOL,Exploratory development data; second development iteration informed by Pilot 1; not independent confirmation; never pooled with the confirmatory held-out estimate,m-shift_gate_midpoint-6ea0967285,nml2_hh_example,2,P05_long_step,last_isi,definedness,,12.040000000262808,,inf,r-a455ac42295a97429d02,r-acd91c98dfa8e07c5118
neuron_model_behavioral_validation,Neuraxis,development_pilot,PILOT2_PROTOCOL,Exploratory development data; second development iteration informed by Pilot 1; not independent confirmation; never pooled with the confirmatory held-out estimate,m-shift_gate_midpoint-6ea0967285,nml2_hh_example,2,P05_long_step,spike_count,exceeds,1.0,166.0,165.0,0.5,r-a455ac42295a97429d02,r-acd91c98dfa8e07c5118
neuron_model_behavioral_validation,Neuraxis,development_pilot,PILOT2_PROTOCOL,Exploratory development data; second development iteration informed by Pilot 1; not independent confirmation; never pooled with the confirmatory held-out estimate,m-shift_gate_midpoint-6ea0967285,nml2_hh_example,2,P06_ramp,first_spike_latency,definedness,,9.189999999863801,,inf,r-4dc549d9b01b28a8eeb4,r-c133339ef1838860670d
neuron_model_behavioral_validation,Neuraxis,development_pilot,PILOT2_PROTOCOL,Exploratory development data; second development iteration informed by Pilot 1; not independent confirmation; never pooled with the confirmatory held-out estimate,m-shift_gate_midpoint-6ea0967285,nml2_hh_example,2,P06_ramp,spike_count,exceeds,0.0,82.0,82.0,0.5,r-4dc549d9b01b28a8eeb4,r-c133339ef1838860670d
neuron_model_behavioral_validation,Neuraxis,development_pilot,PILOT2_PROTOCOL,Exploratory development data; second development iteration informed by Pilot 1; not independent confirmation; never pooled with the confirmatory held-out estimate,m-shift_gate_midpoint-6ea0967285,nml2_hh_example,2,P07_hyperpolarizing_step,spike_count,exceeds,0.0,26.0,26.0,0.5,r-8d6f46142acd4ec898a7,r-5a9c11ca1e72a48e071d
neuron_model_behavioral_validation,Neuraxis,development_pilot,PILOT2_PROTOCOL,Exploratory development data; second development iteration informed by Pilot 1; not independent confirmation; never pooled with the confirmatory held-out estimate,m-shift_gate_midpoint-6ea0967285,nml2_hh_example,2,P07_hyperpolarizing_step,steady_state_voltage,exceeds,-67.26261789703395,-61.09148872070422,6.171129176329728,0.5,r-8d6f46142acd4ec898a7,r-5a9c11ca1e72a48e071d
neuron_model_behavioral_validation,Neuraxis,development_pilot,PILOT2_PROTOCOL,Exploratory development data; second development iteration informed by Pilot 1; not independent confirmation; never pooled with the confirmatory held-out estimate,m-shift_gate_midpoint-6ea0967285,nml2_hh_example,2,P08_rebound,first_spike_latency,exceeds,5.189999999412748,3.4099999994143673,1.779999999998381,0.5,r-a628bd90e08153ec217d,r-354b9f73c22d59fe698d
neuron_model_behavioral_validation,Neuraxis,development_pilot,PILOT2_PROTOCOL,Exploratory development data; second development iteration informed by Pilot 1; not independent confirmation; never pooled with the confirmatory held-out estimate,m-shift_gate_midpoint-6ea0967285,nml2_hh_example,2,P08_rebound,spike_count,exceeds,1.0,21.0,20.0,0.5,r-a628bd90e08153ec217d,r-354b9f73c22d59fe698d
neuron_model_behavioral_validation,Neuraxis,development_pilot,PILOT2_PROTOCOL,Exploratory development data; second development iteration informed by Pilot 1; not independent confirmation; never pooled with the confirmatory held-out estimate,m-shift_gate_midpoint-6ea0967285,nml2_hh_example,2,P09_short_pulse,ahp_depth,exceeds,-11.22248840332071,-19.829603746934197,8.607115343613486,0.5613288879394936,r-2c9f7eaf5c4d0d4f33d4,r-3418711358fc96db9086
neuron_model_behavioral_validation,Neuraxis,development_pilot,PILOT2_PROTOCOL,Exploratory development data; second development iteration informed by Pilot 1; not independent confirmation; never pooled with the confirmatory held-out estimate,m-shift_gate_midpoint-6ea0967285,nml2_hh_example,2,P09_short_pulse,ap_amplitude,exceeds,106.43966293307548,90.72190475618928,15.717758176886207,2.1291625976523245,r-2c9f7eaf5c4d0d4f33d4,r-3418711358fc96db9086
neuron_model_behavioral_validation,Neuraxis,development_pilot,PILOT2_PROTOCOL,Exploratory development data; second development iteration informed by Pilot 1; not independent confirmation; never pooled with the confirmatory held-out estimate,m-shift_gate_midpoint-6ea0967285,nml2_hh_example,2,P09_short_pulse,first_spike_latency,exceeds,1.4399999998708495,2.7899999998696217,1.3499999999987722,0.5,r-2c9f7eaf5c4d0d4f33d4,r-3418711358fc96db9086
neuron_model_behavioral_validation,Neuraxis,development_pilot,PILOT2_PROTOCOL,Exploratory development data; second development iteration informed by Pilot 1; not independent confirmation; never pooled with the confirmatory held-out estimate,m-shift_gate_midpoint-6ea0967285,nml2_hh_example,2,P09_short_pulse,spike_count,exceeds,1.0,4.0,3.0,0.5,r-2c9f7eaf5c4d0d4f33d4,r-3418711358fc96db9086
neuron_model_behavioral_validation,Neuraxis,development_pilot,PILOT2_PROTOCOL,Exploratory development data; second development iteration informed by Pilot 1; not independent confirmation; never pooled with the confirmatory held-out estimate,m-scale_gate_slope-6f355edc68,nml2_hh_example,1,P00_canonical,ahp_depth,exceeds,-10.343139648437372,-23.00288783366684,12.659748185229468,0.5171569824218686,r-5f0a94c66ff17cd98a0a,r-89ab37845776d6dde041
neuron_model_behavioral_validation,Neuraxis,development_pilot,PILOT2_PROTOCOL,Exploratory development data; second development iteration informed by Pilot 1; not independent confirmation; never pooled with the confirmatory held-out estimate,m-scale_gate_slope-6f355edc68,nml2_hh_example,1,P00_canonical,ap_amplitude,exceeds,95.13947677592056,81.40997505163996,13.729501724280595,1.9027895355184112,r-5f0a94c66ff17cd98a0a,r-89ab37845776d6dde041
neuron_model_behavioral_validation,Neuraxis,development_pilot,PILOT2_PROTOCOL,Exploratory development data; second development iteration informed by Pilot 1; not independent confirmation; never pooled with the confirmatory held-out estimate,m-scale_gate_slope-6f355edc68,nml2_hh_example,1,P00_canonical,first_spike_latency,exceeds,2.5200000000155427,7.180000000017927,4.660000000002384,0.5,r-5f0a94c66ff17cd98a0a,r-89ab37845776d6dde041
neuron_model_behavioral_validation,Neuraxis,development_pilot,PILOT2_PROTOCOL,Exploratory development data; second development iteration informed by Pilot 1; not independent confirmation; never pooled with the confirmatory held-out estimate,m-scale_gate_slope-6f355edc68,nml2_hh_example,1,P00_canonical,last_isi,exceeds,16.12999999998533,12.859999999988304,3.269999999997026,0.5,r-5f0a94c66ff17cd98a0a,r-89ab37845776d6dde041
neuron_model_behavioral_validation,Neuraxis,development_pilot,PILOT2_PROTOCOL,Exploratory development data; second development iteration informed by Pilot 1; not independent confirmation; never pooled with the confirmatory held-out estimate,m-scale_gate_slope-6f355edc68,nml2_hh_example,1,P00_canonical,spike_count,exceeds,7.0,8.0,1.0,0.5,r-5f0a94c66ff17cd98a0a,r-89ab37845776d6dde041
neuron_model_behavioral_validation,Neuraxis,development_pilot,PILOT2_PROTOCOL,Exploratory development data; second development iteration informed by Pilot 1; not independent confirmation; never pooled with the confirmatory held-out estimate,m-scale_gate_slope-6f355edc68,nml2_hh_example,1,P02_weak_step,spike_count,exceeds,0.0,30.0,30.0,0.5,r-66b1007575e04915ac55,r-6489506df8371ec997e1
neuron_model_behavioral_validation,Neuraxis,development_pilot,PILOT2_PROTOCOL,Exploratory development data; second development iteration informed by Pilot 1; not independent confirmation; never pooled with the confirmatory held-out estimate,m-scale_gate_slope-6f355edc68,nml2_hh_example,1,P02_weak_step,steady_state_voltage,exceeds,-64.08310811767565,-59.08461007939556,4.99849803828009,0.5,r-66b1007575e04915ac55,r-6489506df8371ec997e1
neuron_model_behavioral_validation,Neuraxis,development_pilot,PILOT2_PROTOCOL,Exploratory development data; second development iteration informed by Pilot 1; not independent confirmation; never pooled with the confirmatory held-out estimate,m-scale_gate_slope-6f355edc68,nml2_hh_example,1,P03_rheobase,rheobase,exceeds,0.022436992008742575,0.0,0.022436992008742575,0.00044873984017485154,s-6485b8f0d5e0c45b0b4d,s-b805716222206afd104c
neuron_model_behavioral_validation,Neuraxis,development_pilot,PILOT2_PROTOCOL,Exploratory development data; second development iteration informed by Pilot 1; not independent confirmation; never pooled with the confirmatory held-out estimate,m-scale_gate_slope-6f355edc68,nml2_hh_example,1,P04_step_2x,adaptation_index,definedness,,-1.1015156855833627e-05,,inf,r-66b1007575e04915ac55,r-6489506df8371ec997e1
neuron_model_behavioral_validation,Neuraxis,development_pilot,PILOT2_PROTOCOL,Exploratory development data; second development iteration informed by Pilot 1; not independent confirmation; never pooled with the confirmatory held-out estimate,m-scale_gate_slope-6f355edc68,nml2_hh_example,1,P04_step_2x,ahp_depth,exceeds,-10.697937011716306,-16.907464818449988,6.209527806733682,0.5348968505858153,r-66b1007575e04915ac55,r-6489506df8371ec997e1
neuron_model_behavioral_validation,Neuraxis,development_pilot,PILOT2_PROTOCOL,Exploratory development data; second development iteration informed by Pilot 1; not independent confirmation; never pooled with the confirmatory held-out estimate,m-scale_gate_slope-6f355edc68,nml2_hh_example,1,P04_step_2x,ap_amplitude,exceeds,92.72434234740876,90.01217651488619,2.7121658325225724,1.8544868469481752,r-66b1007575e04915ac55,r-6489506df8371ec997e1
neuron_model_behavioral_validation,Neuraxis,development_pilot,PILOT2_PROTOCOL,Exploratory development data; second development iteration informed by Pilot 1; not independent confirmation; never pooled with the confirmatory held-out estimate,m-scale_gate_slope-6f355edc68,nml2_hh_example,1,P04_step_2x,first_spike_latency,exceeds,3.5399999998689395,4.119999999868412,0.5799999999994725,0.5,r-66b1007575e04915ac55,r-6489506df8371ec997e1
neuron_model_behavioral_validation,Neuraxis,development_pilot,PILOT2_PROTOCOL,Exploratory development data; second development iteration informed by Pilot 1; not independent confirmation; never pooled with the confirmatory held-out estimate,m-scale_gate_slope-6f355edc68,nml2_hh_example,1,P04_step_2x,last_isi,definedness,,14.179999999987103,,inf,r-66b1007575e04915ac55,r-6489506df8371ec997e1
neuron_model_behavioral_validation,Neuraxis,development_pilot,PILOT2_PROTOCOL,Exploratory development data; second development iteration informed by Pilot 1; not independent confirmation; never pooled with the confirmatory held-out estimate,m-scale_gate_slope-6f355edc68,nml2_hh_example,1,P04_step_2x,spike_count,exceeds,1.0,35.0,34.0,0.5,r-66b1007575e04915ac55,r-6489506df8371ec997e1
neuron_model_behavioral_validation,Neuraxis,development_pilot,PILOT2_PROTOCOL,Exploratory development data; second development iteration informed by Pilot 1; not independent confirmation; never pooled with the confirmatory held-out estimate,m-scale_gate_slope-6f355edc68,nml2_hh_example,1,P05_long_step,adaptation_index,definedness,,-2.558513110684687e-06,,inf,r-940eedfaa66e3fa96c16,r-6fc1de645d5762cf8025
neuron_model_behavioral_validation,Neuraxis,development_pilot,PILOT2_PROTOCOL,Exploratory development data; second development iteration informed by Pilot 1; not independent confirmation; never pooled with the confirmatory held-out estimate,m-scale_gate_slope-6f355edc68,nml2_hh_example,1,P05_long_step,ahp_depth,exceeds,-10.81385040282855,-17.037027196378638,6.223176793550088,0.5406925201414275,r-940eedfaa66e3fa96c16,r-6fc1de645d5762cf8025
neuron_model_behavioral_validation,Neuraxis,development_pilot,PILOT2_PROTOCOL,Exploratory development data; second development iteration informed by Pilot 1; not independent confirmation; never pooled with the confirmatory held-out estimate,m-scale_gate_slope-6f355edc68,nml2_hh_example,1,P05_long_step,last_isi,definedness,,14.800000000323053,,inf,r-940eedfaa66e3fa96c16,r-6fc1de645d5762cf8025
neuron_model_behavioral_validation,Neuraxis,development_pilot,PILOT2_PROTOCOL,Exploratory development data; second development iteration informed by Pilot 1; not independent confirmation; never pooled with the confirmatory held-out estimate,m-scale_gate_slope-6f355edc68,nml2_hh_example,1,P05_long_step,spike_count,exceeds,1.0,135.0,134.0,0.5,r-940eedfaa66e3fa96c16,r-6fc1de645d5762cf8025
neuron_model_behavioral_validation,Neuraxis,development_pilot,PILOT2_PROTOCOL,Exploratory development data; second development iteration informed by Pilot 1; not independent confirmation; never pooled with the confirmatory held-out estimate,m-scale_gate_slope-6f355edc68,nml2_hh_example,1,P06_ramp,first_spike_latency,definedness,,8.50999999986442,,inf,r-b32245eb811666b0240b,r-fef1b973a424c6c8bb0f
neuron_model_behavioral_validation,Neuraxis,development_pilot,PILOT2_PROTOCOL,Exploratory development data; second development iteration informed by Pilot 1; not independent confirmation; never pooled with the confirmatory held-out estimate,m-scale_gate_slope-6f355edc68,nml2_hh_example,1,P06_ramp,spike_count,exceeds,0.0,67.0,67.0,0.5,r-b32245eb811666b0240b,r-fef1b973a424c6c8bb0f
neuron_model_behavioral_validation,Neuraxis,development_pilot,PILOT2_PROTOCOL,Exploratory development data; second development iteration informed by Pilot 1; not independent confirmation; never pooled with the confirmatory held-out estimate,m-scale_gate_slope-6f355edc68,nml2_hh_example,1,P07_hyperpolarizing_step,steady_state_voltage,exceeds,-67.26261677551295,-65.33900990142848,1.92360687408447,0.5,r-66b1007575e04915ac55,r-6489506df8371ec997e1
neuron_model_behavioral_validation,Neuraxis,development_pilot,PILOT2_PROTOCOL,Exploratory development data; second development iteration informed by Pilot 1; not independent confirmation; never pooled with the confirmatory held-out estimate,m-scale_gate_slope-6f355edc68,nml2_hh_example,1,P08_rebound,first_spike_latency,exceeds,5.219999999412721,3.5199999994142672,1.6999999999984539,0.5,r-011ab0e03522b12f620c,r-0bf2ff10ef2fa6a2e66d
neuron_model_behavioral_validation,Neuraxis,development_pilot,PILOT2_PROTOCOL,Exploratory development data; second development iteration informed by Pilot 1; not independent confirmation; never pooled with the confirmatory held-out estimate,m-scale_gate_slope-6f355edc68,nml2_hh_example,1,P08_rebound,spike_count,exceeds,1.0,17.0,16.0,0.5,r-011ab0e03522b12f620c,r-0bf2ff10ef2fa6a2e66d
neuron_model_behavioral_validation,Neuraxis,development_pilot,PILOT2_PROTOCOL,Exploratory development data; second development iteration informed by Pilot 1; not independent confirmation; never pooled with the confirmatory held-out estimate,m-scale_gate_slope-6f355edc68,nml2_hh_example,1,P09_short_pulse,ahp_depth,exceeds,-11.226577758789873,-17.458368138766367,6.231790379976495,0.5613288879394936,r-efc8f2fd727ba1854c5f,r-86644dc4156effcfb1cf
neuron_model_behavioral_validation,Neuraxis,development_pilot,PILOT2_PROTOCOL,Exploratory development data; second development iteration informed by Pilot 1; not independent confirmation; never pooled with the confirmatory held-out estimate,m-scale_gate_slope-6f355edc68,nml2_hh_example,1,P09_short_pulse,spike_count,exceeds,1.0,4.0,3.0,0.5,r-efc8f2fd727ba1854c5f,r-86644dc4156effcfb1cf
neuron_model_behavioral_validation,Neuraxis,development_pilot,PILOT2_PROTOCOL,Exploratory development data; second development iteration informed by Pilot 1; not independent confirmation; never pooled with the confirmatory held-out estimate,m-scale_gate_slope-6f355edc68,nml2_hh_example,2,P00_canonical,ahp_depth,exceeds,-10.327699567887592,-22.35773269577186,12.030033127884266,0.5171569824218686,r-d4235ef154cdc2eeb44c,r-23f1af5782ede052af8a
neuron_model_behavioral_validation,Neuraxis,development_pilot,PILOT2_PROTOCOL,Exploratory development data; second development iteration informed by Pilot 1; not independent confirmation; never pooled with the confirmatory held-out estimate,m-scale_gate_slope-6f355edc68,nml2_hh_example,2,P00_canonical,ap_amplitude,exceeds,95.29706954941832,82.28215026837222,13.014919281046105,1.9027895355184112,r-d4235ef154cdc2eeb44c,r-23f1af5782ede052af8a
neuron_model_behavioral_validation,Neuraxis,development_pilot,PILOT2_PROTOCOL,Exploratory development data; second development iteration informed by Pilot 1; not independent confirmation; never pooled with the confirmatory held-out estimate,m-scale_gate_slope-6f355edc68,nml2_hh_example,2,P00_canonical,first_spike_latency,exceeds,2.460000000015512,6.350000000017502,3.89000000000199,0.5,r-d4235ef154cdc2eeb44c,r-23f1af5782ede052af8a
neuron_model_behavioral_validation,Neuraxis,development_pilot,PILOT2_PROTOCOL,Exploratory development data; second development iteration informed by Pilot 1; not independent confirmation; never pooled with the confirmatory held-out estimate,m-scale_gate_slope-6f355edc68,nml2_hh_example,2,P00_canonical,last_isi,exceeds,16.059999999985394,12.789999999988368,3.269999999997026,0.5,r-d4235ef154cdc2eeb44c,r-23f1af5782ede052af8a
neuron_model_behavioral_validation,Neuraxis,development_pilot,PILOT2_PROTOCOL,Exploratory development data; second development iteration informed by Pilot 1; not independent confirmation; never pooled with the confirmatory held-out estimate,m-scale_gate_slope-6f355edc68,nml2_hh_example,2,P00_canonical,spike_count,exceeds,7.0,8.0,1.0,0.5,r-d4235ef154cdc2eeb44c,r-23f1af5782ede052af8a
neuron_model_behavioral_validation,Neuraxis,development_pilot,PILOT2_PROTOCOL,Exploratory development data; second development iteration informed by Pilot 1; not independent confirmation; never pooled with the confirmatory held-out estimate,m-scale_gate_slope-6f355edc68,nml2_hh_example,2,P02_weak_step,spike_count,exceeds,0.0,30.0,30.0,0.5,r-8d6f46142acd4ec898a7,r-aba64c048d70f317aa9d
neuron_model_behavioral_validation,Neuraxis,development_pilot,PILOT2_PROTOCOL,Exploratory development data; second development iteration informed by Pilot 1; not independent confirmation; never pooled with the confirmatory held-out estimate,m-scale_gate_slope-6f355edc68,nml2_hh_example,2,P02_weak_step,steady_state_voltage,exceeds,-64.08310755462634,-59.030417102250226,5.052690452376112,0.5,r-8d6f46142acd4ec898a7,r-aba64c048d70f317aa9d
neuron_model_behavioral_validation,Neuraxis,development_pilot,PILOT2_PROTOCOL,Exploratory development data; second development iteration informed by Pilot 1; not independent confirmation; never pooled with the confirmatory held-out estimate,m-scale_gate_slope-6f355edc68,nml2_hh_example,2,P03_rheobase,rheobase,exceeds,0.02240284133597432,0.0,0.02240284133597432,0.00044873984017485154,s-b96e12fd1e882cb18a94,s-35bf6f3b0291a5120d07
neuron_model_behavioral_validation,Neuraxis,development_pilot,PILOT2_PROTOCOL,Exploratory development data; second development iteration informed by Pilot 1; not independent confirmation; never pooled with the confirmatory held-out estimate,m-scale_gate_slope-6f355edc68,nml2_hh_example,2,P04_step_2x,adaptation_index,definedness,,-1.0711569566288549e-05,,inf,r-8d6f46142acd4ec898a7,r-aba64c048d70f317aa9d
neuron_model_behavioral_validation,Neuraxis,development_pilot,PILOT2_PROTOCOL,Exploratory development data; second development iteration informed by Pilot 1; not independent confirmation; never pooled with the confirmatory held-out estimate,m-scale_gate_slope-6f355edc68,nml2_hh_example,2,P04_step_2x,ahp_depth,exceeds,-10.691650390625,-16.66397058286234,5.972320192237341,0.5348968505858153,r-8d6f46142acd4ec898a7,r-aba64c048d70f317aa9d
neuron_model_behavioral_validation,Neuraxis,development_pilot,PILOT2_PROTOCOL,Exploratory development data; second development iteration informed by Pilot 1; not independent confirmation; never pooled with the confirmatory held-out estimate,m-scale_gate_slope-6f355edc68,nml2_hh_example,2,P04_step_2x,last_isi,definedness,,14.13999999998714,,inf,r-8d6f46142acd4ec898a7,r-aba64c048d70f317aa9d
neuron_model_behavioral_validation,Neuraxis,development_pilot,PILOT2_PROTOCOL,Exploratory development data; second development iteration informed by Pilot 1; not independent confirmation; never pooled with the confirmatory held-out estimate,m-scale_gate_slope-6f355edc68,nml2_hh_example,2,P04_step_2x,spike_count,exceeds,1.0,36.0,35.0,0.5,r-8d6f46142acd4ec898a7,r-aba64c048d70f317aa9d
neuron_model_behavioral_validation,Neuraxis,development_pilot,PILOT2_PROTOCOL,Exploratory development data; second development iteration informed by Pilot 1; not independent confirmation; never pooled with the confirmatory held-out estimate,m-scale_gate_slope-6f355edc68,nml2_hh_example,2,P05_long_step,adaptation_index,definedness,,-2.546155347125723e-06,,inf,r-a455ac42295a97429d02,r-5a0a2ab1425c960b612e
neuron_model_behavioral_validation,Neuraxis,development_pilot,PILOT2_PROTOCOL,Exploratory development data; second development iteration informed by Pilot 1; not independent confirmation; never pooled with the confirmatory held-out estimate,m-scale_gate_slope-6f355edc68,nml2_hh_example,2,P05_long_step,ahp_depth,exceeds,-10.808036804201677,-16.79269372739848,5.984656923196802,0.5406925201414275,r-a455ac42295a97429d02,r-5a0a2ab1425c960b612e
neuron_model_behavioral_validation,Neuraxis,development_pilot,PILOT2_PROTOCOL,Exploratory development data; second development iteration informed by Pilot 1; not independent confirmation; never pooled with the confirmatory held-out estimate,m-scale_gate_slope-6f355edc68,nml2_hh_example,2,P05_long_step,last_isi,definedness,,14.76000000032218,,inf,r-a455ac42295a97429d02,r-5a0a2ab1425c960b612e
neuron_model_behavioral_validation,Neuraxis,development_pilot,PILOT2_PROTOCOL,Exploratory development data; second development iteration informed by Pilot 1; not independent confirmation; never pooled with the confirmatory held-out estimate,m-scale_gate_slope-6f355edc68,nml2_hh_example,2,P05_long_step,spike_count,exceeds,1.0,136.0,135.0,0.5,r-a455ac42295a97429d02,r-5a0a2ab1425c960b612e
neuron_model_behavioral_validation,Neuraxis,development_pilot,PILOT2_PROTOCOL,Exploratory development data; second development iteration informed by Pilot 1; not independent confirmation; never pooled with the confirmatory held-out estimate,m-scale_gate_slope-6f355edc68,nml2_hh_example,2,P06_ramp,first_spike_latency,definedness,,7.729999999865129,,inf,r-4dc549d9b01b28a8eeb4,r-0bfc94e086428de431b7
neuron_model_behavioral_validation,Neuraxis,development_pilot,PILOT2_PROTOCOL,Exploratory development data; second development iteration informed by Pilot 1; not independent confirmation; never pooled with the confirmatory held-out estimate,m-scale_gate_slope-6f355edc68,nml2_hh_example,2,P06_ramp,spike_count,exceeds,0.0,67.0,67.0,0.5,r-4dc549d9b01b28a8eeb4,r-0bfc94e086428de431b7
neuron_model_behavioral_validation,Neuraxis,development_pilot,PILOT2_PROTOCOL,Exploratory development data; second development iteration informed by Pilot 1; not independent confirmation; never pooled with the confirmatory held-out estimate,m-scale_gate_slope-6f355edc68,nml2_hh_example,2,P07_hyperpolarizing_step,steady_state_voltage,exceeds,-67.26261789703395,-65.33901102294948,1.92360687408447,0.5,r-8d6f46142acd4ec898a7,r-aba64c048d70f317aa9d
neuron_model_behavioral_validation,Neuraxis,development_pilot,PILOT2_PROTOCOL,Exploratory development data; second development iteration informed by Pilot 1; not independent confirmation; never pooled with the confirmatory held-out estimate,m-scale_gate_slope-6f355edc68,nml2_hh_example,2,P08_rebound,first_spike_latency,exceeds,5.189999999412748,3.4899999994142945,1.6999999999984539,0.5,r-a628bd90e08153ec217d,r-5b8744526baea71430ea
neuron_model_behavioral_validation,Neuraxis,development_pilot,PILOT2_PROTOCOL,Exploratory development data; second development iteration informed by Pilot 1; not independent confirmation; never pooled with the confirmatory held-out estimate,m-scale_gate_slope-6f355edc68,nml2_hh_example,2,P08_rebound,spike_count,exceeds,1.0,17.0,16.0,0.5,r-a628bd90e08153ec217d,r-5b8744526baea71430ea
neuron_model_behavioral_validation,Neuraxis,development_pilot,PILOT2_PROTOCOL,Exploratory development data; second development iteration informed by Pilot 1; not independent confirmation; never pooled with the confirmatory held-out estimate,m-scale_gate_slope-6f355edc68,nml2_hh_example,2,P09_short_pulse,ahp_depth,exceeds,-11.22248840332071,-17.21657525815896,5.994086854838251,0.5613288879394936,r-2c9f7eaf5c4d0d4f33d4,r-36ba36cc89db0e71ee2d
neuron_model_behavioral_validation,Neuraxis,development_pilot,PILOT2_PROTOCOL,Exploratory development data; second development iteration informed by Pilot 1; not independent confirmation; never pooled with the confirmatory held-out estimate,m-scale_gate_slope-6f355edc68,nml2_hh_example,2,P09_short_pulse,spike_count,exceeds,1.0,4.0,3.0,0.5,r-2c9f7eaf5c4d0d4f33d4,r-36ba36cc89db0e71ee2d
neuron_model_behavioral_validation,Neuraxis,development_pilot,PILOT2_PROTOCOL,Exploratory development data; second development iteration informed by Pilot 1; not independent confirmation; never pooled with the confirmatory held-out estimate,m-shift_forward_rate_midpoint-c7610b4176,nml2_hh_example,1,P00_canonical,adaptation_index,definedness,-7.74713208133793e-05,,,0.01,r-5f0a94c66ff17cd98a0a,r-285828059396e31e9dae
neuron_model_behavioral_validation,Neuraxis,development_pilot,PILOT2_PROTOCOL,Exploratory development data; second development iteration informed by Pilot 1; not independent confirmation; never pooled with the confirmatory held-out estimate,m-shift_forward_rate_midpoint-c7610b4176,nml2_hh_example,1,P00_canonical,ap_amplitude,exceeds,95.13947677592056,93.20496368385139,1.9345130920691673,1.9027895355184112,r-5f0a94c66ff17cd98a0a,r-285828059396e31e9dae
neuron_model_behavioral_validation,Neuraxis,development_pilot,PILOT2_PROTOCOL,Exploratory development data; second development iteration informed by Pilot 1; not independent confirmation; never pooled with the confirmatory held-out estimate,m-shift_forward_rate_midpoint-c7610b4176,nml2_hh_example,1,P00_canonical,last_isi,definedness,16.12999999998533,,,0.5,r-5f0a94c66ff17cd98a0a,r-285828059396e31e9dae
neuron_model_behavioral_validation,Neuraxis,development_pilot,PILOT2_PROTOCOL,Exploratory development data; second development iteration informed by Pilot 1; not independent confirmation; never pooled with the confirmatory held-out estimate,m-shift_forward_rate_midpoint-c7610b4176,nml2_hh_example,1,P00_canonical,spike_count,exceeds,7.0,1.0,6.0,0.5,r-5f0a94c66ff17cd98a0a,r-285828059396e31e9dae
neuron_model_behavioral_validation,Neuraxis,development_pilot,PILOT2_PROTOCOL,Exploratory development data; second development iteration informed by Pilot 1; not independent confirmation; never pooled with the confirmatory held-out estimate,m-shift_forward_rate_midpoint-c7610b4176,nml2_hh_example,1,P03_rheobase,rheobase,exceeds,0.022436992008742575,0.02673997677754252,0.004302984768799943,0.00044873984017485154,s-6485b8f0d5e0c45b0b4d,s-707f1654e3017c324f36
neuron_model_behavioral_validation,Neuraxis,development_pilot,PILOT2_PROTOCOL,Exploratory development data; second development iteration informed by Pilot 1; not independent confirmation; never pooled with the confirmatory held-out estimate,m-shift_forward_rate_midpoint-c7610b4176,nml2_hh_example,1,P04_step_2x,ap_amplitude,exceeds,92.72434234740876,90.14554977562213,2.578792571786636,1.8544868469481752,r-66b1007575e04915ac55,r-ad68ab64e19c65513c12
neuron_model_behavioral_validation,Neuraxis,development_pilot,PILOT2_PROTOCOL,Exploratory development data; second development iteration informed by Pilot 1; not independent confirmation; never pooled with the confirmatory held-out estimate,m-shift_forward_rate_midpoint-c7610b4176,nml2_hh_example,1,P05_long_step,ap_amplitude,exceeds,91.2126808181487,87.91174698008928,3.3009338380594215,1.824253616362974,r-940eedfaa66e3fa96c16,r-67442acc2497737be74d
neuron_model_behavioral_validation,Neuraxis,development_pilot,PILOT2_PROTOCOL,Exploratory development data; second development iteration informed by Pilot 1; not independent confirmation; never pooled with the confirmatory held-out estimate,m-shift_forward_rate_midpoint-c7610b4176,nml2_hh_example,1,P05_long_step,first_spike_latency,exceeds,4.42999999986813,5.0199999998675935,0.5899999999994634,0.5,r-940eedfaa66e3fa96c16,r-67442acc2497737be74d
neuron_model_behavioral_validation,Neuraxis,development_pilot,PILOT2_PROTOCOL,Exploratory development data; second development iteration informed by Pilot 1; not independent confirmation; never pooled with the confirmatory held-out estimate,m-shift_forward_rate_midpoint-c7610b4176,nml2_hh_example,2,P00_canonical,adaptation_index,definedness,-1.02201355559918e-13,,,0.01,r-d4235ef154cdc2eeb44c,r-527fe532a0690ebf792f
neuron_model_behavioral_validation,Neuraxis,development_pilot,PILOT2_PROTOCOL,Exploratory development data; second development iteration informed by Pilot 1; not independent confirmation; never pooled with the confirmatory held-out estimate,m-shift_forward_rate_midpoint-c7610b4176,nml2_hh_example,2,P00_canonical,ap_amplitude,exceeds,95.29706954941832,93.37361526471864,1.9234542846996874,1.9027895355184112,r-d4235ef154cdc2eeb44c,r-527fe532a0690ebf792f
neuron_model_behavioral_validation,Neuraxis,development_pilot,PILOT2_PROTOCOL,Exploratory development data; second development iteration informed by Pilot 1; not independent confirmation; never pooled with the confirmatory held-out estimate,m-shift_forward_rate_midpoint-c7610b4176,nml2_hh_example,2,P00_canonical,last_isi,definedness,16.059999999985394,,,0.5,r-d4235ef154cdc2eeb44c,r-527fe532a0690ebf792f
neuron_model_behavioral_validation,Neuraxis,development_pilot,PILOT2_PROTOCOL,Exploratory development data; second development iteration informed by Pilot 1; not independent confirmation; never pooled with the confirmatory held-out estimate,m-shift_forward_rate_midpoint-c7610b4176,nml2_hh_example,2,P00_canonical,spike_count,exceeds,7.0,1.0,6.0,0.5,r-d4235ef154cdc2eeb44c,r-527fe532a0690ebf792f
neuron_model_behavioral_validation,Neuraxis,development_pilot,PILOT2_PROTOCOL,Exploratory development data; second development iteration informed by Pilot 1; not independent confirmation; never pooled with the confirmatory held-out estimate,m-shift_forward_rate_midpoint-c7610b4176,nml2_hh_example,2,P03_rheobase,rheobase,exceeds,0.02240284133597432,0.026705826104774268,0.004302984768799947,0.00044873984017485154,s-b96e12fd1e882cb18a94,s-edc2a1cf07df1d5f7415
neuron_model_behavioral_validation,Neuraxis,development_pilot,PILOT2_PROTOCOL,Exploratory development data; second development iteration informed by Pilot 1; not independent confirmation; never pooled with the confirmatory held-out estimate,m-shift_forward_rate_midpoint-c7610b4176,nml2_hh_example,2,P04_step_2x,ap_amplitude,exceeds,92.82558822777118,90.25291824446273,2.572669983308444,1.8544868469481752,r-8d6f46142acd4ec898a7,r-fc8c785c1e1e5a225b20
neuron_model_behavioral_validation,Neuraxis,development_pilot,PILOT2_PROTOCOL,Exploratory development data; second development iteration informed by Pilot 1; not independent confirmation; never pooled with the confirmatory held-out estimate,m-shift_forward_rate_midpoint-c7610b4176,nml2_hh_example,2,P05_long_step,ap_amplitude,exceeds,91.37988662862392,88.05835724030793,3.3215293883159944,1.824253616362974,r-a455ac42295a97429d02,r-066477017318d3b90778
neuron_model_behavioral_validation,Neuraxis,development_pilot,PILOT2_PROTOCOL,Exploratory development data; second development iteration informed by Pilot 1; not independent confirmation; never pooled with the confirmatory held-out estimate,m-shift_forward_rate_midpoint-c7610b4176,nml2_hh_example,2,P05_long_step,first_spike_latency,exceeds,4.3899999998681665,4.97999999986763,0.5899999999994634,0.5,r-a455ac42295a97429d02,r-066477017318d3b90778
neuron_model_behavioral_validation,Neuraxis,development_pilot,PILOT2_PROTOCOL,Exploratory development data; second development iteration informed by Pilot 1; not independent confirmation; never pooled with the confirmatory held-out estimate,m-increase_dt-c64b4ee7fc,nml2_hh_example,1,P00_canonical,spike_count,exceeds,7.0,6.0,1.0,0.5,r-5f0a94c66ff17cd98a0a,r-3013fddbc7ac921875b3
neuron_model_behavioral_validation,Neuraxis,development_pilot,PILOT2_PROTOCOL,Exploratory development data; second development iteration informed by Pilot 1; not independent confirmation; never pooled with the confirmatory held-out estimate,m-increase_dt-c64b4ee7fc,nml2_hh_example,1,P09_short_pulse,ap_amplitude,definedness,106.45812988261622,,,2.1291625976523245,r-efc8f2fd727ba1854c5f,r-181fcf99436c493fcf3a
neuron_model_behavioral_validation,Neuraxis,development_pilot,PILOT2_PROTOCOL,Exploratory development data; second development iteration informed by Pilot 1; not independent confirmation; never pooled with the confirmatory held-out estimate,m-increase_dt-c64b4ee7fc,nml2_hh_example,2,P00_canonical,spike_count,exceeds,7.0,6.0,1.0,0.5,r-d4235ef154cdc2eeb44c,r-8716afecfc0c36585381
neuron_model_behavioral_validation,Neuraxis,development_pilot,PILOT2_PROTOCOL,Exploratory development data; second development iteration informed by Pilot 1; not independent confirmation; never pooled with the confirmatory held-out estimate,m-increase_dt-c64b4ee7fc,nml2_hh_example,2,P09_short_pulse,ap_amplitude,definedness,106.43966293307548,,,2.1291625976523245,r-2c9f7eaf5c4d0d4f33d4,r-19cc7315bac33e1f0a89
neuron_model_behavioral_validation,Neuraxis,development_pilot,PILOT2_PROTOCOL,Exploratory development data; second development iteration informed by Pilot 1; not independent confirmation; never pooled with the confirmatory held-out estimate,m-duplicate_conductance-ce59b87707,nml2_hh_example,1,P00_canonical,ahp_depth,exceeds,-10.343139648437372,-7.302795223437428,3.040344424999944,0.5171569824218686,r-5f0a94c66ff17cd98a0a,r-e3558a263c009a6c9735
neuron_model_behavioral_validation,Neuraxis,development_pilot,PILOT2_PROTOCOL,Exploratory development data; second development iteration informed by Pilot 1; not independent confirmation; never pooled with the confirmatory held-out estimate,m-duplicate_conductance-ce59b87707,nml2_hh_example,1,P00_canonical,ap_amplitude,exceeds,95.13947677592056,105.3365745542886,10.197097778368047,1.9027895355184112,r-5f0a94c66ff17cd98a0a,r-e3558a263c009a6c9735
neuron_model_behavioral_validation,Neuraxis,development_pilot,PILOT2_PROTOCOL,Exploratory development data; second development iteration informed by Pilot 1; not independent confirmation; never pooled with the confirmatory held-out estimate,m-duplicate_conductance-ce59b87707,nml2_hh_example,1,P00_canonical,first_spike_latency,exceeds,2.5200000000155427,1.4600000000150004,1.0600000000005423,0.5,r-5f0a94c66ff17cd98a0a,r-e3558a263c009a6c9735
neuron_model_behavioral_validation,Neuraxis,development_pilot,PILOT2_PROTOCOL,Exploratory development data; second development iteration informed by Pilot 1; not independent confirmation; never pooled with the confirmatory held-out estimate,m-duplicate_conductance-ce59b87707,nml2_hh_example,1,P00_canonical,last_isi,exceeds,16.12999999998533,13.399999999987813,2.729999999997517,0.5,r-5f0a94c66ff17cd98a0a,r-e3558a263c009a6c9735
neuron_model_behavioral_validation,Neuraxis,development_pilot,PILOT2_PROTOCOL,Exploratory development data; second development iteration informed by Pilot 1; not independent confirmation; never pooled with the confirmatory held-out estimate,m-duplicate_conductance-ce59b87707,nml2_hh_example,1,P00_canonical,spike_count,exceeds,7.0,8.0,1.0,0.5,r-5f0a94c66ff17cd98a0a,r-e3558a263c009a6c9735
neuron_model_behavioral_validation,Neuraxis,development_pilot,PILOT2_PROTOCOL,Exploratory development data; second development iteration informed by Pilot 1; not independent confirmation; never pooled with the confirmatory held-out estimate,m-duplicate_conductance-ce59b87707,nml2_hh_example,1,P02_weak_step,spike_count,exceeds,0.0,28.0,28.0,0.5,r-66b1007575e04915ac55,r-3f6cb2a07edec9fa0c03
neuron_model_behavioral_validation,Neuraxis,development_pilot,PILOT2_PROTOCOL,Exploratory development data; second development iteration informed by Pilot 1; not independent confirmation; never pooled with the confirmatory held-out estimate,m-duplicate_conductance-ce59b87707,nml2_hh_example,1,P02_weak_step,steady_state_voltage,exceeds,-64.08310811767565,-55.947426024239746,8.135682093435904,0.5,r-66b1007575e04915ac55,r-3f6cb2a07edec9fa0c03
neuron_model_behavioral_validation,Neuraxis,development_pilot,PILOT2_PROTOCOL,Exploratory development data; second development iteration informed by Pilot 1; not independent confirmation; never pooled with the confirmatory held-out estimate,m-duplicate_conductance-ce59b87707,nml2_hh_example,1,P03_rheobase,rheobase,exceeds,0.022436992008742575,0.0,0.022436992008742575,0.00044873984017485154,s-6485b8f0d5e0c45b0b4d,s-468a5e1efe282e12e649
neuron_model_behavioral_validation,Neuraxis,development_pilot,PILOT2_PROTOCOL,Exploratory development data; second development iteration informed by Pilot 1; not independent confirmation; never pooled with the confirmatory held-out estimate,m-duplicate_conductance-ce59b87707,nml2_hh_example,1,P04_step_2x,adaptation_index,definedness,,0.0,,inf,r-66b1007575e04915ac55,r-3f6cb2a07edec9fa0c03
neuron_model_behavioral_validation,Neuraxis,development_pilot,PILOT2_PROTOCOL,Exploratory development data; second development iteration informed by Pilot 1; not independent confirmation; never pooled with the confirmatory held-out estimate,m-duplicate_conductance-ce59b87707,nml2_hh_example,1,P04_step_2x,ahp_depth,exceeds,-10.697937011716306,-22.470312140440633,11.772375128724327,0.5348968505858153,r-66b1007575e04915ac55,r-3f6cb2a07edec9fa0c03
neuron_model_behavioral_validation,Neuraxis,development_pilot,PILOT2_PROTOCOL,Exploratory development data; second development iteration informed by Pilot 1; not independent confirmation; never pooled with the confirmatory held-out estimate,m-duplicate_conductance-ce59b87707,nml2_hh_example,1,P04_step_2x,ap_amplitude,exceeds,92.72434234740876,100.00539016869567,7.281047821286904,1.8544868469481752,r-66b1007575e04915ac55,r-3f6cb2a07edec9fa0c03
neuron_model_behavioral_validation,Neuraxis,development_pilot,PILOT2_PROTOCOL,Exploratory development data; second development iteration informed by Pilot 1; not independent confirmation; never pooled with the confirmatory held-out estimate,m-duplicate_conductance-ce59b87707,nml2_hh_example,1,P04_step_2x,first_spike_latency,exceeds,3.5399999998689395,11.649999999861564,8.109999999992624,0.5,r-66b1007575e04915ac55,r-3f6cb2a07edec9fa0c03
neuron_model_behavioral_validation,Neuraxis,development_pilot,PILOT2_PROTOCOL,Exploratory development data; second development iteration informed by Pilot 1; not independent confirmation; never pooled with the confirmatory held-out estimate,m-duplicate_conductance-ce59b87707,nml2_hh_example,1,P04_step_2x,last_isi,definedness,,14.90999999998644,,inf,r-66b1007575e04915ac55,r-3f6cb2a07edec9fa0c03
neuron_model_behavioral_validation,Neuraxis,development_pilot,PILOT2_PROTOCOL,Exploratory development data; second development iteration informed by Pilot 1; not independent confirmation; never pooled with the confirmatory held-out estimate,m-duplicate_conductance-ce59b87707,nml2_hh_example,1,P04_step_2x,spike_count,exceeds,1.0,33.0,32.0,0.5,r-66b1007575e04915ac55,r-3f6cb2a07edec9fa0c03
neuron_model_behavioral_validation,Neuraxis,development_pilot,PILOT2_PROTOCOL,Exploratory development data; second development iteration informed by Pilot 1; not independent confirmation; never pooled with the confirmatory held-out estimate,m-duplicate_conductance-ce59b87707,nml2_hh_example,1,P05_long_step,adaptation_index,definedness,,-2.5599999090505306e-06,,inf,r-940eedfaa66e3fa96c16,r-27a04d4a84010326953b
neuron_model_behavioral_validation,Neuraxis,development_pilot,PILOT2_PROTOCOL,Exploratory development data; second development iteration informed by Pilot 1; not independent confirmation; never pooled with the confirmatory held-out estimate,m-duplicate_conductance-ce59b87707,nml2_hh_example,1,P05_long_step,ahp_depth,exceeds,-10.81385040282855,-22.577100775696913,11.763250372868363,0.5406925201414275,r-940eedfaa66e3fa96c16,r-27a04d4a84010326953b
neuron_model_behavioral_validation,Neuraxis,development_pilot,PILOT2_PROTOCOL,Exploratory development data; second development iteration informed by Pilot 1; not independent confirmation; never pooled with the confirmatory held-out estimate,m-duplicate_conductance-ce59b87707,nml2_hh_example,1,P05_long_step,ap_amplitude,exceeds,91.2126808181487,100.40879440452511,9.196113586376413,1.824253616362974,r-940eedfaa66e3fa96c16,r-27a04d4a84010326953b
neuron_model_behavioral_validation,Neuraxis,development_pilot,PILOT2_PROTOCOL,Exploratory development data; second development iteration informed by Pilot 1; not independent confirmation; never pooled with the confirmatory held-out estimate,m-duplicate_conductance-ce59b87707,nml2_hh_example,1,P05_long_step,first_spike_latency,exceeds,4.42999999986813,12.339999999860936,7.909999999992806,0.5,r-940eedfaa66e3fa96c16,r-27a04d4a84010326953b
neuron_model_behavioral_validation,Neuraxis,development_pilot,PILOT2_PROTOCOL,Exploratory development data; second development iteration informed by Pilot 1; not independent confirmation; never pooled with the confirmatory held-out estimate,m-duplicate_conductance-ce59b87707,nml2_hh_example,1,P05_long_step,last_isi,definedness,,15.620000000340951,,inf,r-940eedfaa66e3fa96c16,r-27a04d4a84010326953b
neuron_model_behavioral_validation,Neuraxis,development_pilot,PILOT2_PROTOCOL,Exploratory development data; second development iteration informed by Pilot 1; not independent confirmation; never pooled with the confirmatory held-out estimate,m-duplicate_conductance-ce59b87707,nml2_hh_example,1,P05_long_step,spike_count,exceeds,1.0,128.0,127.0,0.5,r-940eedfaa66e3fa96c16,r-27a04d4a84010326953b
neuron_model_behavioral_validation,Neuraxis,development_pilot,PILOT2_PROTOCOL,Exploratory development data; second development iteration informed by Pilot 1; not independent confirmation; never pooled with the confirmatory held-out estimate,m-duplicate_conductance-ce59b87707,nml2_hh_example,1,P06_ramp,first_spike_latency,definedness,,15.91999999985768,,inf,r-b32245eb811666b0240b,r-deff08f87ccd02fdb8de
neuron_model_behavioral_validation,Neuraxis,development_pilot,PILOT2_PROTOCOL,Exploratory development data; second development iteration informed by Pilot 1; not independent confirmation; never pooled with the confirmatory held-out estimate,m-duplicate_conductance-ce59b87707,nml2_hh_example,1,P06_ramp,spike_count,exceeds,0.0,63.0,63.0,0.5,r-b32245eb811666b0240b,r-deff08f87ccd02fdb8de
neuron_model_behavioral_validation,Neuraxis,development_pilot,PILOT2_PROTOCOL,Exploratory development data; second development iteration informed by Pilot 1; not independent confirmation; never pooled with the confirmatory held-out estimate,m-duplicate_conductance-ce59b87707,nml2_hh_example,1,P07_hyperpolarizing_step,steady_state_voltage,exceeds,-67.26261677551295,-66.31535114898708,0.9472656265258763,0.5,r-66b1007575e04915ac55,r-3f6cb2a07edec9fa0c03
neuron_model_behavioral_validation,Neuraxis,development_pilot,PILOT2_PROTOCOL,Exploratory development data; second development iteration informed by Pilot 1; not independent confirmation; never pooled with the confirmatory held-out estimate,m-duplicate_conductance-ce59b87707,nml2_hh_example,1,P08_rebound,first_spike_latency,exceeds,5.219999999412721,3.5199999994142672,1.6999999999984539,0.5,r-011ab0e03522b12f620c,r-097b566a41a1a9341f12
neuron_model_behavioral_validation,Neuraxis,development_pilot,PILOT2_PROTOCOL,Exploratory development data; second development iteration informed by Pilot 1; not independent confirmation; never pooled with the confirmatory held-out estimate,m-duplicate_conductance-ce59b87707,nml2_hh_example,1,P08_rebound,spike_count,exceeds,1.0,16.0,15.0,0.5,r-011ab0e03522b12f620c,r-097b566a41a1a9341f12
neuron_model_behavioral_validation,Neuraxis,development_pilot,PILOT2_PROTOCOL,Exploratory development data; second development iteration informed by Pilot 1; not independent confirmation; never pooled with the confirmatory held-out estimate,m-duplicate_conductance-ce59b87707,nml2_hh_example,1,P09_short_pulse,ahp_depth,exceeds,-11.226577758789873,-22.89404108331407,11.6674633245242,0.5613288879394936,r-efc8f2fd727ba1854c5f,r-fe0a03ff1cea15679d27
neuron_model_behavioral_validation,Neuraxis,development_pilot,PILOT2_PROTOCOL,Exploratory development data; second development iteration informed by Pilot 1; not independent confirmation; never pooled with the confirmatory held-out estimate,m-duplicate_conductance-ce59b87707,nml2_hh_example,1,P09_short_pulse,ap_amplitude,exceeds,106.45812988261622,101.40050125234882,5.057628630267402,2.1291625976523245,r-efc8f2fd727ba1854c5f,r-fe0a03ff1cea15679d27
neuron_model_behavioral_validation,Neuraxis,development_pilot,PILOT2_PROTOCOL,Exploratory development data; second development iteration informed by Pilot 1; not independent confirmation; never pooled with the confirmatory held-out estimate,m-duplicate_conductance-ce59b87707,nml2_hh_example,1,P09_short_pulse,first_spike_latency,exceeds,1.4599999998708313,16.67999999985699,15.219999999986157,0.5,r-efc8f2fd727ba1854c5f,r-fe0a03ff1cea15679d27
neuron_model_behavioral_validation,Neuraxis,development_pilot,PILOT2_PROTOCOL,Exploratory development data; second development iteration informed by Pilot 1; not independent confirmation; never pooled with the confirmatory held-out estimate,m-duplicate_conductance-ce59b87707,nml2_hh_example,1,P09_short_pulse,spike_count,exceeds,1.0,3.0,2.0,0.5,r-efc8f2fd727ba1854c5f,r-fe0a03ff1cea15679d27
neuron_model_behavioral_validation,Neuraxis,development_pilot,PILOT2_PROTOCOL,Exploratory development data; second development iteration informed by Pilot 1; not independent confirmation; never pooled with the confirmatory held-out estimate,m-duplicate_conductance-ce59b87707,nml2_hh_example,2,P00_canonical,ahp_depth,exceeds,-10.327699567887592,-7.791117566225495,2.5365820016620972,0.5171569824218686,r-d4235ef154cdc2eeb44c,r-10fcaa19648b9c65ed4d
neuron_model_behavioral_validation,Neuraxis,development_pilot,PILOT2_PROTOCOL,Exploratory development data; second development iteration informed by Pilot 1; not independent confirmation; never pooled with the confirmatory held-out estimate,m-duplicate_conductance-ce59b87707,nml2_hh_example,2,P00_canonical,ap_amplitude,exceeds,95.29706954941832,106.72631835921044,11.429248809792114,1.9027895355184112,r-d4235ef154cdc2eeb44c,r-10fcaa19648b9c65ed4d
neuron_model_behavioral_validation,Neuraxis,development_pilot,PILOT2_PROTOCOL,Exploratory development data; second development iteration informed by Pilot 1; not independent confirmation; never pooled with the confirmatory held-out estimate,m-duplicate_conductance-ce59b87707,nml2_hh_example,2,P00_canonical,first_spike_latency,exceeds,2.460000000015512,1.3100000000149237,1.1500000000005883,0.5,r-d4235ef154cdc2eeb44c,r-10fcaa19648b9c65ed4d
neuron_model_behavioral_validation,Neuraxis,development_pilot,PILOT2_PROTOCOL,Exploratory development data; second development iteration informed by Pilot 1; not independent confirmation; never pooled with the confirmatory held-out estimate,m-duplicate_conductance-ce59b87707,nml2_hh_example,2,P00_canonical,last_isi,exceeds,16.059999999985394,13.339999999987867,2.719999999997526,0.5,r-d4235ef154cdc2eeb44c,r-10fcaa19648b9c65ed4d
neuron_model_behavioral_validation,Neuraxis,development_pilot,PILOT2_PROTOCOL,Exploratory development data; second development iteration informed by Pilot 1; not independent confirmation; never pooled with the confirmatory held-out estimate,m-duplicate_conductance-ce59b87707,nml2_hh_example,2,P00_canonical,spike_count,exceeds,7.0,8.0,1.0,0.5,r-d4235ef154cdc2eeb44c,r-10fcaa19648b9c65ed4d
neuron_model_behavioral_validation,Neuraxis,development_pilot,PILOT2_PROTOCOL,Exploratory development data; second development iteration informed by Pilot 1; not independent confirmation; never pooled with the confirmatory held-out estimate,m-duplicate_conductance-ce59b87707,nml2_hh_example,2,P02_weak_step,spike_count,exceeds,0.0,28.0,28.0,0.5,r-8d6f46142acd4ec898a7,r-84f63844efcc277b5c1d
neuron_model_behavioral_validation,Neuraxis,development_pilot,PILOT2_PROTOCOL,Exploratory development data; second development iteration informed by Pilot 1; not independent confirmation; never pooled with the confirmatory held-out estimate,m-duplicate_conductance-ce59b87707,nml2_hh_example,2,P02_weak_step,steady_state_voltage,exceeds,-64.08310755462634,-56.12003482346868,7.963072731157659,0.5,r-8d6f46142acd4ec898a7,r-84f63844efcc277b5c1d
neuron_model_behavioral_validation,Neuraxis,development_pilot,PILOT2_PROTOCOL,Exploratory development data; second development iteration informed by Pilot 1; not independent confirmation; never pooled with the confirmatory held-out estimate,m-duplicate_conductance-ce59b87707,nml2_hh_example,2,P03_rheobase,rheobase,exceeds,0.02240284133597432,0.0,0.02240284133597432,0.00044873984017485154,s-b96e12fd1e882cb18a94,s-0a3d7787945c1f60caa1
neuron_model_behavioral_validation,Neuraxis,development_pilot,PILOT2_PROTOCOL,Exploratory development data; second development iteration informed by Pilot 1; not independent confirmation; never pooled with the confirmatory held-out estimate,m-duplicate_conductance-ce59b87707,nml2_hh_example,2,P04_step_2x,adaptation_index,definedness,,0.0,,inf,r-8d6f46142acd4ec898a7,r-84f63844efcc277b5c1d
neuron_model_behavioral_validation,Neuraxis,development_pilot,PILOT2_PROTOCOL,Exploratory development data; second development iteration informed by Pilot 1; not independent confirmation; never pooled with the confirmatory held-out estimate,m-duplicate_conductance-ce59b87707,nml2_hh_example,2,P04_step_2x,ahp_depth,exceeds,-10.691650390625,-22.248606442990564,11.556956052365564,0.5348968505858153,r-8d6f46142acd4ec898a7,r-84f63844efcc277b5c1d
neuron_model_behavioral_validation,Neuraxis,development_pilot,PILOT2_PROTOCOL,Exploratory development data; second development iteration informed by Pilot 1; not independent confirmation; never pooled with the confirmatory held-out estimate,m-duplicate_conductance-ce59b87707,nml2_hh_example,2,P04_step_2x,ap_amplitude,exceeds,92.82558822777118,100.10460662958032,7.2790184018091395,1.8544868469481752,r-8d6f46142acd4ec898a7,r-84f63844efcc277b5c1d
neuron_model_behavioral_validation,Neuraxis,development_pilot,PILOT2_PROTOCOL,Exploratory development data; second development iteration informed by Pilot 1; not independent confirmation; never pooled with the confirmatory held-out estimate,m-duplicate_conductance-ce59b87707,nml2_hh_example,2,P04_step_2x,first_spike_latency,exceeds,3.509999999868967,10.9499999998622,7.439999999993233,0.5,r-8d6f46142acd4ec898a7,r-84f63844efcc277b5c1d
neuron_model_behavioral_validation,Neuraxis,development_pilot,PILOT2_PROTOCOL,Exploratory development data; second development iteration informed by Pilot 1; not independent confirmation; never pooled with the confirmatory held-out estimate,m-duplicate_conductance-ce59b87707,nml2_hh_example,2,P04_step_2x,last_isi,definedness,,14.879999999986467,,inf,r-8d6f46142acd4ec898a7,r-84f63844efcc277b5c1d
neuron_model_behavioral_validation,Neuraxis,development_pilot,PILOT2_PROTOCOL,Exploratory development data; second development iteration informed by Pilot 1; not independent confirmation; never pooled with the confirmatory held-out estimate,m-duplicate_conductance-ce59b87707,nml2_hh_example,2,P04_step_2x,spike_count,exceeds,1.0,33.0,32.0,0.5,r-8d6f46142acd4ec898a7,r-84f63844efcc277b5c1d
neuron_model_behavioral_validation,Neuraxis,development_pilot,PILOT2_PROTOCOL,Exploratory development data; second development iteration informed by Pilot 1; not independent confirmation; never pooled with the confirmatory held-out estimate,m-duplicate_conductance-ce59b87707,nml2_hh_example,2,P05_long_step,adaptation_index,definedness,,2.5665705112253726e-06,,inf,r-a455ac42295a97429d02,r-03606ab34e8d937fb2aa
neuron_model_behavioral_validation,Neuraxis,development_pilot,PILOT2_PROTOCOL,Exploratory development data; second development iteration informed by Pilot 1; not independent confirmation; never pooled with the confirmatory held-out estimate,m-duplicate_conductance-ce59b87707,nml2_hh_example,2,P05_long_step,ahp_depth,exceeds,-10.808036804201677,-22.35560107189724,11.547564267695563,0.5406925201414275,r-a455ac42295a97429d02,r-03606ab34e8d937fb2aa
neuron_model_behavioral_validation,Neuraxis,development_pilot,PILOT2_PROTOCOL,Exploratory development data; second development iteration informed by Pilot 1; not independent confirmation; never pooled with the confirmatory held-out estimate,m-duplicate_conductance-ce59b87707,nml2_hh_example,2,P05_long_step,ap_amplitude,exceeds,91.37988662862392,100.52138900908369,9.14150238045977,1.824253616362974,r-a455ac42295a97429d02,r-03606ab34e8d937fb2aa
neuron_model_behavioral_validation,Neuraxis,development_pilot,PILOT2_PROTOCOL,Exploratory development data; second development iteration informed by Pilot 1; not independent confirmation; never pooled with the confirmatory held-out estimate,m-duplicate_conductance-ce59b87707,nml2_hh_example,2,P05_long_step,first_spike_latency,exceeds,4.3899999998681665,11.649999999861564,7.259999999993397,0.5,r-a455ac42295a97429d02,r-03606ab34e8d937fb2aa
neuron_model_behavioral_validation,Neuraxis,development_pilot,PILOT2_PROTOCOL,Exploratory development data; second development iteration informed by Pilot 1; not independent confirmation; never pooled with the confirmatory held-out estimate,m-duplicate_conductance-ce59b87707,nml2_hh_example,2,P05_long_step,last_isi,definedness,,15.590000000340297,,inf,r-a455ac42295a97429d02,r-03606ab34e8d937fb2aa
neuron_model_behavioral_validation,Neuraxis,development_pilot,PILOT2_PROTOCOL,Exploratory development data; second development iteration informed by Pilot 1; not independent confirmation; never pooled with the confirmatory held-out estimate,m-duplicate_conductance-ce59b87707,nml2_hh_example,2,P05_long_step,spike_count,exceeds,1.0,128.0,127.0,0.5,r-a455ac42295a97429d02,r-03606ab34e8d937fb2aa
neuron_model_behavioral_validation,Neuraxis,development_pilot,PILOT2_PROTOCOL,Exploratory development data; second development iteration informed by Pilot 1; not independent confirmation; never pooled with the confirmatory held-out estimate,m-duplicate_conductance-ce59b87707,nml2_hh_example,2,P06_ramp,first_spike_latency,definedness,,15.239999999858298,,inf,r-4dc549d9b01b28a8eeb4,r-9bd703740e6d3f5873c8
neuron_model_behavioral_validation,Neuraxis,development_pilot,PILOT2_PROTOCOL,Exploratory development data; second development iteration informed by Pilot 1; not independent confirmation; never pooled with the confirmatory held-out estimate,m-duplicate_conductance-ce59b87707,nml2_hh_example,2,P06_ramp,spike_count,exceeds,0.0,63.0,63.0,0.5,r-4dc549d9b01b28a8eeb4,r-9bd703740e6d3f5873c8
neuron_model_behavioral_validation,Neuraxis,development_pilot,PILOT2_PROTOCOL,Exploratory development data; second development iteration informed by Pilot 1; not independent confirmation; never pooled with the confirmatory held-out estimate,m-duplicate_conductance-ce59b87707,nml2_hh_example,2,P07_hyperpolarizing_step,steady_state_voltage,exceeds,-67.26261789703395,-66.31535227050807,0.9472656265258763,0.5,r-8d6f46142acd4ec898a7,r-84f63844efcc277b5c1d
neuron_model_behavioral_validation,Neuraxis,development_pilot,PILOT2_PROTOCOL,Exploratory development data; second development iteration informed by Pilot 1; not independent confirmation; never pooled with the confirmatory held-out estimate,m-duplicate_conductance-ce59b87707,nml2_hh_example,2,P08_rebound,first_spike_latency,exceeds,5.189999999412748,3.4899999994142945,1.6999999999984539,0.5,r-a628bd90e08153ec217d,r-a764d68738c7b98d786d
neuron_model_behavioral_validation,Neuraxis,development_pilot,PILOT2_PROTOCOL,Exploratory development data; second development iteration informed by Pilot 1; not independent confirmation; never pooled with the confirmatory held-out estimate,m-duplicate_conductance-ce59b87707,nml2_hh_example,2,P08_rebound,spike_count,exceeds,1.0,16.0,15.0,0.5,r-a628bd90e08153ec217d,r-a764d68738c7b98d786d
neuron_model_behavioral_validation,Neuraxis,development_pilot,PILOT2_PROTOCOL,Exploratory development data; second development iteration informed by Pilot 1; not independent confirmation; never pooled with the confirmatory held-out estimate,m-duplicate_conductance-ce59b87707,nml2_hh_example,2,P09_short_pulse,ahp_depth,exceeds,-11.22248840332071,-22.672846555295294,11.450358151974584,0.5613288879394936,r-2c9f7eaf5c4d0d4f33d4,r-ba83c947ba0f195d44ab
neuron_model_behavioral_validation,Neuraxis,development_pilot,PILOT2_PROTOCOL,Exploratory development data; second development iteration informed by Pilot 1; not independent confirmation; never pooled with the confirmatory held-out estimate,m-duplicate_conductance-ce59b87707,nml2_hh_example,2,P09_short_pulse,ap_amplitude,exceeds,106.43966293307548,101.49507522739432,4.944587705681158,2.1291625976523245,r-2c9f7eaf5c4d0d4f33d4,r-ba83c947ba0f195d44ab
neuron_model_behavioral_validation,Neuraxis,development_pilot,PILOT2_PROTOCOL,Exploratory development data; second development iteration informed by Pilot 1; not independent confirmation; never pooled with the confirmatory held-out estimate,m-duplicate_conductance-ce59b87707,nml2_hh_example,2,P09_short_pulse,first_spike_latency,exceeds,1.4399999998708495,16.279999999857353,14.839999999986503,0.5,r-2c9f7eaf5c4d0d4f33d4,r-ba83c947ba0f195d44ab
neuron_model_behavioral_validation,Neuraxis,development_pilot,PILOT2_PROTOCOL,Exploratory development data; second development iteration informed by Pilot 1; not independent confirmation; never pooled with the confirmatory held-out estimate,m-duplicate_conductance-ce59b87707,nml2_hh_example,2,P09_short_pulse,spike_count,exceeds,1.0,3.0,2.0,0.5,r-2c9f7eaf5c4d0d4f33d4,r-ba83c947ba0f195d44ab
neuron_model_behavioral_validation,Neuraxis,development_pilot,PILOT2_PROTOCOL,Exploratory development data; second development iteration informed by Pilot 1; not independent confirmation; never pooled with the confirmatory held-out estimate,m-scale_conductance-d67ea70a4a,osb_hh2_477127614,1,P05_long_step,spike_count,exceeds,36.0,35.0,1.0,0.5,r-5fe7a143f3c88a372d40,r-872a3f5b7004f0941d79
neuron_model_behavioral_validation,Neuraxis,development_pilot,PILOT2_PROTOCOL,Exploratory development data; second development iteration informed by Pilot 1; not independent confirmation; never pooled with the confirmatory held-out estimate,m-scale_conductance-d67ea70a4a,osb_hh2_477127614,2,P05_long_step,spike_count,exceeds,36.0,35.0,1.0,0.5,r-317893116e9cb0c903c3,r-f7b45e0845b27673a5d9
neuron_model_behavioral_validation,Neuraxis,development_pilot,PILOT2_PROTOCOL,Exploratory development data; second development iteration informed by Pilot 1; not independent confirmation; never pooled with the confirmatory held-out estimate,m-scale_conductance-61ece641cf,osb_hh2_477127614,1,P00_canonical,ap_amplitude,exceeds,68.17416534535639,61.841576385003336,6.33258896035305,3.9121788024255437,r-50990666ac8ec9a46823,r-7d00a1f313bba9b58d9c
neuron_model_behavioral_validation,Neuraxis,development_pilot,PILOT2_PROTOCOL,Exploratory development data; second development iteration informed by Pilot 1; not independent confirmation; never pooled with the confirmatory held-out estimate,m-scale_conductance-61ece641cf,osb_hh2_477127614,1,P00_canonical,first_spike_latency,exceeds,28.91999999987314,29.749999999872387,0.8299999999992451,0.5783999999974628,r-50990666ac8ec9a46823,r-7d00a1f313bba9b58d9c
neuron_model_behavioral_validation,Neuraxis,development_pilot,PILOT2_PROTOCOL,Exploratory development data; second development iteration informed by Pilot 1; not independent confirmation; never pooled with the confirmatory held-out estimate,m-scale_conductance-61ece641cf,osb_hh2_477127614,1,P03_rheobase,rheobase,exceeds,0.06447647018646267,0.06642305853425312,0.0019465883477904483,0.0012895294037292536,s-bd435463250c35027583,s-81c843d3e7af018ccde0
neuron_model_behavioral_validation,Neuraxis,development_pilot,PILOT2_PROTOCOL,Exploratory development data; second development iteration informed by Pilot 1; not independent confirmation; never pooled with the confirmatory held-out estimate,m-scale_conductance-61ece641cf,osb_hh2_477127614,1,P04_step_2x,ap_amplitude,exceeds,65.66345214961734,59.25761032288638,6.405841826730963,1.3132690429923468,r-d2b3788dfa4671532754,r-acd61a39c28e648eaca3
neuron_model_behavioral_validation,Neuraxis,development_pilot,PILOT2_PROTOCOL,Exploratory development data; second development iteration informed by Pilot 1; not independent confirmation; never pooled with the confirmatory held-out estimate,m-scale_conductance-61ece641cf,osb_hh2_477127614,1,P04_step_2x,first_spike_latency,exceeds,41.14999999983473,42.6199999998334,1.469999999998663,0.8229999999966947,r-d2b3788dfa4671532754,r-acd61a39c28e648eaca3
neuron_model_behavioral_validation,Neuraxis,development_pilot,PILOT2_PROTOCOL,Exploratory development data; second development iteration informed by Pilot 1; not independent confirmation; never pooled with the confirmatory held-out estimate,m-scale_conductance-61ece641cf,osb_hh2_477127614,1,P05_long_step,ap_amplitude,exceeds,65.26353454776816,58.76797866952984,6.495555878238321,1.3052706909553633,r-5fe7a143f3c88a372d40,r-ff93dc1815bf917e07bf
neuron_model_behavioral_validation,Neuraxis,development_pilot,PILOT2_PROTOCOL,Exploratory development data; second development iteration informed by Pilot 1; not independent confirmation; never pooled with the confirmatory held-out estimate,m-scale_conductance-61ece641cf,osb_hh2_477127614,1,P05_long_step,first_spike_latency,exceeds,65.31999999981275,68.60999999980976,3.2899999999970078,1.306399999996255,r-5fe7a143f3c88a372d40,r-ff93dc1815bf917e07bf
neuron_model_behavioral_validation,Neuraxis,development_pilot,PILOT2_PROTOCOL,Exploratory development data; second development iteration informed by Pilot 1; not independent confirmation; never pooled with the confirmatory held-out estimate,m-scale_conductance-61ece641cf,osb_hh2_477127614,1,P05_long_step,spike_count,exceeds,36.0,35.0,1.0,0.5,r-5fe7a143f3c88a372d40,r-ff93dc1815bf917e07bf
neuron_model_behavioral_validation,Neuraxis,development_pilot,PILOT2_PROTOCOL,Exploratory development data; second development iteration informed by Pilot 1; not independent confirmation; never pooled with the confirmatory held-out estimate,m-scale_conductance-61ece641cf,osb_hh2_477127614,1,P06_ramp,first_spike_latency,exceeds,415.89999999949396,425.9899999994848,10.089999999990823,8.31799999998988,r-0957e33747fc542d9104,r-efda558dd1c411503edf
neuron_model_behavioral_validation,Neuraxis,development_pilot,PILOT2_PROTOCOL,Exploratory development data; second development iteration informed by Pilot 1; not independent confirmation; never pooled with the confirmatory held-out estimate,m-scale_conductance-61ece641cf,osb_hh2_477127614,2,P00_canonical,ap_amplitude,exceeds,66.87010574454787,60.632741929882414,6.237363814665457,3.9121788024255437,r-cff06a8ac591df54f373,r-ebd670bdceba90e5aacd
neuron_model_behavioral_validation,Neuraxis,development_pilot,PILOT2_PROTOCOL,Exploratory development data; second development iteration informed by Pilot 1; not independent confirmation; never pooled with the confirmatory held-out estimate,m-scale_conductance-61ece641cf,osb_hh2_477127614,2,P00_canonical,first_spike_latency,exceeds,28.749999999873296,29.589999999872532,0.839999999999236,0.5783999999974628,r-cff06a8ac591df54f373,r-ebd670bdceba90e5aacd
neuron_model_behavioral_validation,Neuraxis,development_pilot,PILOT2_PROTOCOL,Exploratory development data; second development iteration informed by Pilot 1; not independent confirmation; never pooled with the confirmatory held-out estimate,m-scale_conductance-61ece641cf,osb_hh2_477127614,2,P03_rheobase,rheobase,exceeds,0.06447647018646267,0.06642305853425312,0.0019465883477904483,0.0012895294037292536,s-4d054cac6fc39c11b1f5,s-73939aaddbd357110d36
neuron_model_behavioral_validation,Neuraxis,development_pilot,PILOT2_PROTOCOL,Exploratory development data; second development iteration informed by Pilot 1; not independent confirmation; never pooled with the confirmatory held-out estimate,m-scale_conductance-61ece641cf,osb_hh2_477127614,2,P04_step_2x,ap_amplitude,exceeds,65.3342704782316,58.94656944439143,6.387701033840173,1.3132690429923468,r-ae1b79422775c8a979b7,r-c1e541cbc07a77074ed3
neuron_model_behavioral_validation,Neuraxis,development_pilot,PILOT2_PROTOCOL,Exploratory development data; second development iteration informed by Pilot 1; not independent confirmation; never pooled with the confirmatory held-out estimate,m-scale_conductance-61ece641cf,osb_hh2_477127614,2,P04_step_2x,first_spike_latency,exceeds,41.10999999983477,42.57999999983343,1.469999999998663,0.8229999999966947,r-ae1b79422775c8a979b7,r-c1e541cbc07a77074ed3
neuron_model_behavioral_validation,Neuraxis,development_pilot,PILOT2_PROTOCOL,Exploratory development data; second development iteration informed by Pilot 1; not independent confirmation; never pooled with the confirmatory held-out estimate,m-scale_conductance-61ece641cf,osb_hh2_477127614,2,P05_long_step,ap_amplitude,exceeds,64.9877738975208,58.49903679069902,6.488737106821773,1.3052706909553633,r-317893116e9cb0c903c3,r-5905cee7e854a482129f
neuron_model_behavioral_validation,Neuraxis,development_pilot,PILOT2_PROTOCOL,Exploratory development data; second development iteration informed by Pilot 1; not independent confirmation; never pooled with the confirmatory held-out estimate,m-scale_conductance-61ece641cf,osb_hh2_477127614,2,P05_long_step,first_spike_latency,exceeds,65.27999999981279,68.5699999998098,3.2899999999970078,1.306399999996255,r-317893116e9cb0c903c3,r-5905cee7e854a482129f
neuron_model_behavioral_validation,Neuraxis,development_pilot,PILOT2_PROTOCOL,Exploratory development data; second development iteration informed by Pilot 1; not independent confirmation; never pooled with the confirmatory held-out estimate,m-scale_conductance-61ece641cf,osb_hh2_477127614,2,P05_long_step,spike_count,exceeds,36.0,35.0,1.0,0.5,r-317893116e9cb0c903c3,r-5905cee7e854a482129f
neuron_model_behavioral_validation,Neuraxis,development_pilot,PILOT2_PROTOCOL,Exploratory development data; second development iteration informed by Pilot 1; not independent confirmation; never pooled with the confirmatory held-out estimate,m-scale_conductance-61ece641cf,osb_hh2_477127614,2,P06_ramp,first_spike_latency,exceeds,415.849999999494,425.9399999994848,10.089999999990823,8.31799999998988,r-24b7e809e0450dd29615,r-452853b9d7070f25d35d
neuron_model_behavioral_validation,Neuraxis,development_pilot,PILOT2_PROTOCOL,Exploratory development data; second development iteration informed by Pilot 1; not independent confirmation; never pooled with the confirmatory held-out estimate,m-scale_conductance-979dd75955,osb_hh2_477127614,1,P00_canonical,first_spike_latency,exceeds,28.91999999987314,24.779999999876907,4.139999999996235,0.5783999999974628,r-50990666ac8ec9a46823,r-b7a5ea119f2a571bf3c9
neuron_model_behavioral_validation,Neuraxis,development_pilot,PILOT2_PROTOCOL,Exploratory development data; second development iteration informed by Pilot 1; not independent confirmation; never pooled with the confirmatory held-out estimate,m-scale_conductance-979dd75955,osb_hh2_477127614,1,P02_weak_step,steady_state_voltage,exceeds,-60.68582479858395,-47.840478866596456,12.845345931987495,0.5,r-d2b3788dfa4671532754,r-11ee70329835683b6f9b
neuron_model_behavioral_validation,Neuraxis,development_pilot,PILOT2_PROTOCOL,Exploratory development data; second development iteration informed by Pilot 1; not independent confirmation; never pooled with the confirmatory held-out estimate,m-scale_conductance-979dd75955,osb_hh2_477127614,1,P03_rheobase,rheobase,exceeds,0.06447647018646267,0.0323406871115361,0.03213578307492657,0.0012895294037292536,s-bd435463250c35027583,s-e4a1d4699b4a1c4d6a4a
neuron_model_behavioral_validation,Neuraxis,development_pilot,PILOT2_PROTOCOL,Exploratory development data; second development iteration informed by Pilot 1; not independent confirmation; never pooled with the confirmatory held-out estimate,m-scale_conductance-979dd75955,osb_hh2_477127614,1,P04_step_2x,first_spike_latency,exceeds,41.14999999983473,32.89999999984224,8.249999999992497,0.8229999999966947,r-d2b3788dfa4671532754,r-11ee70329835683b6f9b
neuron_model_behavioral_validation,Neuraxis,development_pilot,PILOT2_PROTOCOL,Exploratory development data; second development iteration informed by Pilot 1; not independent confirmation; never pooled with the confirmatory held-out estimate,m-scale_conductance-979dd75955,osb_hh2_477127614,1,P04_step_2x,last_isi,exceeds,32.02999999997087,24.139999999978045,7.889999999992824,1.589999999998554,r-d2b3788dfa4671532754,r-11ee70329835683b6f9b
neuron_model_behavioral_validation,Neuraxis,development_pilot,PILOT2_PROTOCOL,Exploratory development data; second development iteration informed by Pilot 1; not independent confirmation; never pooled with the confirmatory held-out estimate,m-scale_conductance-979dd75955,osb_hh2_477127614,1,P04_step_2x,spike_count,exceeds,15.0,21.0,6.0,3.0,r-d2b3788dfa4671532754,r-11ee70329835683b6f9b
neuron_model_behavioral_validation,Neuraxis,development_pilot,PILOT2_PROTOCOL,Exploratory development data; second development iteration informed by Pilot 1; not independent confirmation; never pooled with the confirmatory held-out estimate,m-scale_conductance-979dd75955,osb_hh2_477127614,1,P05_long_step,first_spike_latency,exceeds,65.31999999981275,45.41999999983085,19.8999999999819,1.306399999996255,r-5fe7a143f3c88a372d40,r-5fb5f16f1eb6cc1eb43d
neuron_model_behavioral_validation,Neuraxis,development_pilot,PILOT2_PROTOCOL,Exploratory development data; second development iteration informed by Pilot 1; not independent confirmation; never pooled with the confirmatory held-out estimate,m-scale_conductance-979dd75955,osb_hh2_477127614,1,P05_long_step,last_isi,exceeds,56.07000000122389,34.58000000075481,21.49000000046908,2.6100000000569707,r-5fe7a143f3c88a372d40,r-5fb5f16f1eb6cc1eb43d
neuron_model_behavioral_validation,Neuraxis,development_pilot,PILOT2_PROTOCOL,Exploratory development data; second development iteration informed by Pilot 1; not independent confirmation; never pooled with the confirmatory held-out estimate,m-scale_conductance-979dd75955,osb_hh2_477127614,1,P05_long_step,spike_count,exceeds,36.0,58.0,22.0,0.5,r-5fe7a143f3c88a372d40,r-5fb5f16f1eb6cc1eb43d
neuron_model_behavioral_validation,Neuraxis,development_pilot,PILOT2_PROTOCOL,Exploratory development data; second development iteration informed by Pilot 1; not independent confirmation; never pooled with the confirmatory held-out estimate,m-scale_conductance-979dd75955,osb_hh2_477127614,1,P06_ramp,first_spike_latency,exceeds,415.89999999949396,273.49999999962347,142.3999999998705,8.31799999998988,r-0957e33747fc542d9104,r-b74bf277de7b0dd32c49
neuron_model_behavioral_validation,Neuraxis,development_pilot,PILOT2_PROTOCOL,Exploratory development data; second development iteration informed by Pilot 1; not independent confirmation; never pooled with the confirmatory held-out estimate,m-scale_conductance-979dd75955,osb_hh2_477127614,1,P06_ramp,spike_count,exceeds,20.0,29.0,9.0,3.0,r-0957e33747fc542d9104,r-b74bf277de7b0dd32c49
neuron_model_behavioral_validation,Neuraxis,development_pilot,PILOT2_PROTOCOL,Exploratory development data; second development iteration informed by Pilot 1; not independent confirmation; never pooled with the confirmatory held-out estimate,m-scale_conductance-979dd75955,osb_hh2_477127614,1,P07_hyperpolarizing_step,steady_state_voltage,exceeds,-93.17739953460699,-114.91772292022708,21.740323385620087,0.5,r-d2b3788dfa4671532754,r-11ee70329835683b6f9b
neuron_model_behavioral_validation,Neuraxis,development_pilot,PILOT2_PROTOCOL,Exploratory development data; second development iteration informed by Pilot 1; not independent confirmation; never pooled with the confirmatory held-out estimate,m-scale_conductance-979dd75955,osb_hh2_477127614,2,P00_canonical,first_spike_latency,exceeds,28.749999999873296,24.619999999877052,4.129999999996244,0.5783999999974628,r-cff06a8ac591df54f373,r-147fbb8cbf1d50707adf
neuron_model_behavioral_validation,Neuraxis,development_pilot,PILOT2_PROTOCOL,Exploratory development data; second development iteration informed by Pilot 1; not independent confirmation; never pooled with the confirmatory held-out estimate,m-scale_conductance-979dd75955,osb_hh2_477127614,2,P02_weak_step,steady_state_voltage,exceeds,-60.68582508010861,-47.839925601215484,12.845899478893124,0.5,r-ae1b79422775c8a979b7,r-d09476efa4a03492a69e
neuron_model_behavioral_validation,Neuraxis,development_pilot,PILOT2_PROTOCOL,Exploratory development data; second development iteration informed by Pilot 1; not independent confirmation; never pooled with the confirmatory held-out estimate,m-scale_conductance-979dd75955,osb_hh2_477127614,2,P03_rheobase,rheobase,exceeds,0.06447647018646267,0.0323406871115361,0.03213578307492657,0.0012895294037292536,s-4d054cac6fc39c11b1f5,s-21f8e1edcf4420873af5
neuron_model_behavioral_validation,Neuraxis,development_pilot,PILOT2_PROTOCOL,Exploratory development data; second development iteration informed by Pilot 1; not independent confirmation; never pooled with the confirmatory held-out estimate,m-scale_conductance-979dd75955,osb_hh2_477127614,2,P04_step_2x,first_spike_latency,exceeds,41.10999999983477,32.869999999842264,8.239999999992506,0.8229999999966947,r-ae1b79422775c8a979b7,r-d09476efa4a03492a69e
neuron_model_behavioral_validation,Neuraxis,development_pilot,PILOT2_PROTOCOL,Exploratory development data; second development iteration informed by Pilot 1; not independent confirmation; never pooled with the confirmatory held-out estimate,m-scale_conductance-979dd75955,osb_hh2_477127614,2,P04_step_2x,last_isi,exceeds,31.49999999997135,23.579999999978554,7.919999999992797,1.589999999998554,r-ae1b79422775c8a979b7,r-d09476efa4a03492a69e
neuron_model_behavioral_validation,Neuraxis,development_pilot,PILOT2_PROTOCOL,Exploratory development data; second development iteration informed by Pilot 1; not independent confirmation; never pooled with the confirmatory held-out estimate,m-scale_conductance-979dd75955,osb_hh2_477127614,2,P04_step_2x,spike_count,exceeds,16.0,21.0,5.0,3.0,r-ae1b79422775c8a979b7,r-d09476efa4a03492a69e
neuron_model_behavioral_validation,Neuraxis,development_pilot,PILOT2_PROTOCOL,Exploratory development data; second development iteration informed by Pilot 1; not independent confirmation; never pooled with the confirmatory held-out estimate,m-scale_conductance-979dd75955,osb_hh2_477127614,2,P05_long_step,first_spike_latency,exceeds,65.27999999981279,45.38999999983088,19.88999999998191,1.306399999996255,r-317893116e9cb0c903c3,r-0c4175e3965b5bdef5f2
neuron_model_behavioral_validation,Neuraxis,development_pilot,PILOT2_PROTOCOL,Exploratory development data; second development iteration informed by Pilot 1; not independent confirmation; never pooled with the confirmatory held-out estimate,m-scale_conductance-979dd75955,osb_hh2_477127614,2,P05_long_step,last_isi,exceeds,55.2000000012049,33.88000000073953,21.32000000046537,2.6100000000569707,r-317893116e9cb0c903c3,r-0c4175e3965b5bdef5f2
neuron_model_behavioral_validation,Neuraxis,development_pilot,PILOT2_PROTOCOL,Exploratory development data; second development iteration informed by Pilot 1; not independent confirmation; never pooled with the confirmatory held-out estimate,m-scale_conductance-979dd75955,osb_hh2_477127614,2,P05_long_step,spike_count,exceeds,36.0,60.0,24.0,0.5,r-317893116e9cb0c903c3,r-0c4175e3965b5bdef5f2
neuron_model_behavioral_validation,Neuraxis,development_pilot,PILOT2_PROTOCOL,Exploratory development data; second development iteration informed by Pilot 1; not independent confirmation; never pooled with the confirmatory held-out estimate,m-scale_conductance-979dd75955,osb_hh2_477127614,2,P06_ramp,first_spike_latency,exceeds,415.849999999494,273.4599999996235,142.3899999998705,8.31799999998988,r-24b7e809e0450dd29615,r-c581b83ab85dcb99b9d3
neuron_model_behavioral_validation,Neuraxis,development_pilot,PILOT2_PROTOCOL,Exploratory development data; second development iteration informed by Pilot 1; not independent confirmation; never pooled with the confirmatory held-out estimate,m-scale_conductance-979dd75955,osb_hh2_477127614,2,P06_ramp,spike_count,exceeds,21.0,30.0,9.0,3.0,r-24b7e809e0450dd29615,r-c581b83ab85dcb99b9d3
neuron_model_behavioral_validation,Neuraxis,development_pilot,PILOT2_PROTOCOL,Exploratory development data; second development iteration informed by Pilot 1; not independent confirmation; never pooled with the confirmatory held-out estimate,m-scale_conductance-979dd75955,osb_hh2_477127614,2,P07_hyperpolarizing_step,steady_state_voltage,exceeds,-93.17739972381598,-114.91771145477297,21.74031173095699,0.5,r-ae1b79422775c8a979b7,r-d09476efa4a03492a69e
neuron_model_behavioral_validation,Neuraxis,development_pilot,PILOT2_PROTOCOL,Exploratory development data; second development iteration informed by Pilot 1; not independent confirmation; never pooled with the confirmatory held-out estimate,m-scale_conductance-1f40a5f389,osb_hh2_477127614,1,P00_canonical,first_spike_latency,exceeds,28.91999999987314,49.14999999985474,20.2299999999816,0.5783999999974628,r-50990666ac8ec9a46823,r-b6ef0b5d472dfb983baa
neuron_model_behavioral_validation,Neuraxis,development_pilot,PILOT2_PROTOCOL,Exploratory development data; second development iteration informed by Pilot 1; not independent confirmation; never pooled with the confirmatory held-out estimate,m-scale_conductance-1f40a5f389,osb_hh2_477127614,1,P00_canonical,last_isi,exceeds,25.819999999976517,48.58999999995581,22.76999999997929,6.599999999993997,r-50990666ac8ec9a46823,r-b6ef0b5d472dfb983baa
neuron_model_behavioral_validation,Neuraxis,development_pilot,PILOT2_PROTOCOL,Exploratory development data; second development iteration informed by Pilot 1; not independent confirmation; never pooled with the confirmatory held-out estimate,m-scale_conductance-1f40a5f389,osb_hh2_477127614,1,P00_canonical,spike_count,exceeds,28.0,15.0,13.0,9.0,r-50990666ac8ec9a46823,r-b6ef0b5d472dfb983baa
neuron_model_behavioral_validation,Neuraxis,development_pilot,PILOT2_PROTOCOL,Exploratory development data; second development iteration informed by Pilot 1; not independent confirmation; never pooled with the confirmatory held-out estimate,m-scale_conductance-1f40a5f389,osb_hh2_477127614,1,P02_weak_step,steady_state_voltage,exceeds,-60.68582479858395,-65.92117814178464,5.235353343200686,0.5,r-d2b3788dfa4671532754,r-f70c65e5d87d4486323e
neuron_model_behavioral_validation,Neuraxis,development_pilot,PILOT2_PROTOCOL,Exploratory development data; second development iteration informed by Pilot 1; not independent confirmation; never pooled with the confirmatory held-out estimate,m-scale_conductance-1f40a5f389,osb_hh2_477127614,1,P03_rheobase,rheobase,exceeds,0.06447647018646267,0.13329007581449354,0.06881360562803086,0.0012895294037292536,s-bd435463250c35027583,s-63632ed635d7aea18d4d
neuron_model_behavioral_validation,Neuraxis,development_pilot,PILOT2_PROTOCOL,Exploratory development data; second development iteration informed by Pilot 1; not independent confirmation; never pooled with the confirmatory held-out estimate,m-scale_conductance-1f40a5f389,osb_hh2_477127614,1,P04_step_2x,adaptation_index,definedness,0.004400096639213388,,,0.01,r-d2b3788dfa4671532754,r-f70c65e5d87d4486323e
neuron_model_behavioral_validation,Neuraxis,development_pilot,PILOT2_PROTOCOL,Exploratory development data; second development iteration informed by Pilot 1; not independent confirmation; never pooled with the confirmatory held-out estimate,m-scale_conductance-1f40a5f389,osb_hh2_477127614,1,P04_step_2x,ahp_depth,definedness,11.031660542810322,,,1.2616209106284657,r-d2b3788dfa4671532754,r-f70c65e5d87d4486323e
neuron_model_behavioral_validation,Neuraxis,development_pilot,PILOT2_PROTOCOL,Exploratory development data; second development iteration informed by Pilot 1; not independent confirmation; never pooled with the confirmatory held-out estimate,m-scale_conductance-1f40a5f389,osb_hh2_477127614,1,P04_step_2x,ap_amplitude,definedness,65.66345214961734,,,1.3132690429923468,r-d2b3788dfa4671532754,r-f70c65e5d87d4486323e
neuron_model_behavioral_validation,Neuraxis,development_pilot,PILOT2_PROTOCOL,Exploratory development data; second development iteration informed by Pilot 1; not independent confirmation; never pooled with the confirmatory held-out estimate,m-scale_conductance-1f40a5f389,osb_hh2_477127614,1,P04_step_2x,first_spike_latency,definedness,41.14999999983473,,,0.8229999999966947,r-d2b3788dfa4671532754,r-f70c65e5d87d4486323e
neuron_model_behavioral_validation,Neuraxis,development_pilot,PILOT2_PROTOCOL,Exploratory development data; second development iteration informed by Pilot 1; not independent confirmation; never pooled with the confirmatory held-out estimate,m-scale_conductance-1f40a5f389,osb_hh2_477127614,1,P04_step_2x,last_isi,definedness,32.02999999997087,,,1.589999999998554,r-d2b3788dfa4671532754,r-f70c65e5d87d4486323e
neuron_model_behavioral_validation,Neuraxis,development_pilot,PILOT2_PROTOCOL,Exploratory development data; second development iteration informed by Pilot 1; not independent confirmation; never pooled with the confirmatory held-out estimate,m-scale_conductance-1f40a5f389,osb_hh2_477127614,1,P04_step_2x,spike_count,exceeds,15.0,0.0,15.0,3.0,r-d2b3788dfa4671532754,r-f70c65e5d87d4486323e
neuron_model_behavioral_validation,Neuraxis,development_pilot,PILOT2_PROTOCOL,Exploratory development data; second development iteration informed by Pilot 1; not independent confirmation; never pooled with the confirmatory held-out estimate,m-scale_conductance-1f40a5f389,osb_hh2_477127614,1,P05_long_step,adaptation_index,definedness,0.0020482756593237653,,,0.01,r-5fe7a143f3c88a372d40,r-3aa6eb2ed9d4b91369fd
neuron_model_behavioral_validation,Neuraxis,development_pilot,PILOT2_PROTOCOL,Exploratory development data; second development iteration informed by Pilot 1; not independent confirmation; never pooled with the confirmatory held-out estimate,m-scale_conductance-1f40a5f389,osb_hh2_477127614,1,P05_long_step,ahp_depth,definedness,10.79554604085748,,,1.255040557864767,r-5fe7a143f3c88a372d40,r-3aa6eb2ed9d4b91369fd
neuron_model_behavioral_validation,Neuraxis,development_pilot,PILOT2_PROTOCOL,Exploratory development data; second development iteration informed by Pilot 1; not independent confirmation; never pooled with the confirmatory held-out estimate,m-scale_conductance-1f40a5f389,osb_hh2_477127614,1,P05_long_step,ap_amplitude,definedness,65.26353454776816,,,1.3052706909553633,r-5fe7a143f3c88a372d40,r-3aa6eb2ed9d4b91369fd
neuron_model_behavioral_validation,Neuraxis,development_pilot,PILOT2_PROTOCOL,Exploratory development data; second development iteration informed by Pilot 1; not independent confirmation; never pooled with the confirmatory held-out estimate,m-scale_conductance-1f40a5f389,osb_hh2_477127614,1,P05_long_step,first_spike_latency,definedness,65.31999999981275,,,1.306399999996255,r-5fe7a143f3c88a372d40,r-3aa6eb2ed9d4b91369fd
neuron_model_behavioral_validation,Neuraxis,development_pilot,PILOT2_PROTOCOL,Exploratory development data; second development iteration informed by Pilot 1; not independent confirmation; never pooled with the confirmatory held-out estimate,m-scale_conductance-1f40a5f389,osb_hh2_477127614,1,P05_long_step,last_isi,definedness,56.07000000122389,,,2.6100000000569707,r-5fe7a143f3c88a372d40,r-3aa6eb2ed9d4b91369fd
neuron_model_behavioral_validation,Neuraxis,development_pilot,PILOT2_PROTOCOL,Exploratory development data; second development iteration informed by Pilot 1; not independent confirmation; never pooled with the confirmatory held-out estimate,m-scale_conductance-1f40a5f389,osb_hh2_477127614,1,P05_long_step,spike_count,exceeds,36.0,0.0,36.0,0.5,r-5fe7a143f3c88a372d40,r-3aa6eb2ed9d4b91369fd
neuron_model_behavioral_validation,Neuraxis,development_pilot,PILOT2_PROTOCOL,Exploratory development data; second development iteration informed by Pilot 1; not independent confirmation; never pooled with the confirmatory held-out estimate,m-scale_conductance-1f40a5f389,osb_hh2_477127614,1,P06_ramp,first_spike_latency,exceeds,415.89999999949396,759.3799999991816,343.4799999996876,8.31799999998988,r-0957e33747fc542d9104,r-d930a826a3dd5b21a69b
neuron_model_behavioral_validation,Neuraxis,development_pilot,PILOT2_PROTOCOL,Exploratory development data; second development iteration informed by Pilot 1; not independent confirmation; never pooled with the confirmatory held-out estimate,m-scale_conductance-1f40a5f389,osb_hh2_477127614,1,P06_ramp,spike_count,exceeds,20.0,6.0,14.0,3.0,r-0957e33747fc542d9104,r-d930a826a3dd5b21a69b
neuron_model_behavioral_validation,Neuraxis,development_pilot,PILOT2_PROTOCOL,Exploratory development data; second development iteration informed by Pilot 1; not independent confirmation; never pooled with the confirmatory held-out estimate,m-scale_conductance-1f40a5f389,osb_hh2_477127614,1,P07_hyperpolarizing_step,steady_state_voltage,exceeds,-93.17739953460699,-82.24693255767828,10.930466976928713,0.5,r-d2b3788dfa4671532754,r-f70c65e5d87d4486323e
neuron_model_behavioral_validation,Neuraxis,development_pilot,PILOT2_PROTOCOL,Exploratory development data; second development iteration informed by Pilot 1; not independent confirmation; never pooled with the confirmatory held-out estimate,m-scale_conductance-1f40a5f389,osb_hh2_477127614,2,P00_canonical,first_spike_latency,exceeds,28.749999999873296,48.92999999985494,20.179999999981646,0.5783999999974628,r-cff06a8ac591df54f373,r-063e3bf69b9d836f50f3
neuron_model_behavioral_validation,Neuraxis,development_pilot,PILOT2_PROTOCOL,Exploratory development data; second development iteration informed by Pilot 1; not independent confirmation; never pooled with the confirmatory held-out estimate,m-scale_conductance-1f40a5f389,osb_hh2_477127614,2,P00_canonical,last_isi,exceeds,23.619999999978518,45.96999999995819,22.349999999979673,6.599999999993997,r-cff06a8ac591df54f373,r-063e3bf69b9d836f50f3
neuron_model_behavioral_validation,Neuraxis,development_pilot,PILOT2_PROTOCOL,Exploratory development data; second development iteration informed by Pilot 1; not independent confirmation; never pooled with the confirmatory held-out estimate,m-scale_conductance-1f40a5f389,osb_hh2_477127614,2,P00_canonical,spike_count,exceeds,31.0,16.0,15.0,9.0,r-cff06a8ac591df54f373,r-063e3bf69b9d836f50f3
neuron_model_behavioral_validation,Neuraxis,development_pilot,PILOT2_PROTOCOL,Exploratory development data; second development iteration informed by Pilot 1; not independent confirmation; never pooled with the confirmatory held-out estimate,m-scale_conductance-1f40a5f389,osb_hh2_477127614,2,P02_weak_step,steady_state_voltage,exceeds,-60.68582508010861,-65.92117803192136,5.23535295181275,0.5,r-ae1b79422775c8a979b7,r-357aae0bd0b90293648a
neuron_model_behavioral_validation,Neuraxis,development_pilot,PILOT2_PROTOCOL,Exploratory development data; second development iteration informed by Pilot 1; not independent confirmation; never pooled with the confirmatory held-out estimate,m-scale_conductance-1f40a5f389,osb_hh2_477127614,2,P03_rheobase,rheobase,exceeds,0.06447647018646267,0.1332559251417253,0.06877945495526262,0.0012895294037292536,s-4d054cac6fc39c11b1f5,s-ed9cc8c00bc6ca1c95b6
neuron_model_behavioral_validation,Neuraxis,development_pilot,PILOT2_PROTOCOL,Exploratory development data; second development iteration informed by Pilot 1; not independent confirmation; never pooled with the confirmatory held-out estimate,m-scale_conductance-1f40a5f389,osb_hh2_477127614,2,P04_step_2x,adaptation_index,definedness,0.0043792695235912405,,,0.01,r-ae1b79422775c8a979b7,r-357aae0bd0b90293648a
neuron_model_behavioral_validation,Neuraxis,development_pilot,PILOT2_PROTOCOL,Exploratory development data; second development iteration informed by Pilot 1; not independent confirmation; never pooled with the confirmatory held-out estimate,m-scale_conductance-1f40a5f389,osb_hh2_477127614,2,P04_step_2x,ahp_depth,definedness,11.452200846353144,,,1.2616209106284657,r-ae1b79422775c8a979b7,r-357aae0bd0b90293648a
neuron_model_behavioral_validation,Neuraxis,development_pilot,PILOT2_PROTOCOL,Exploratory development data; second development iteration informed by Pilot 1; not independent confirmation; never pooled with the confirmatory held-out estimate,m-scale_conductance-1f40a5f389,osb_hh2_477127614,2,P04_step_2x,ap_amplitude,definedness,65.3342704782316,,,1.3132690429923468,r-ae1b79422775c8a979b7,r-357aae0bd0b90293648a
neuron_model_behavioral_validation,Neuraxis,development_pilot,PILOT2_PROTOCOL,Exploratory development data; second development iteration informed by Pilot 1; not independent confirmation; never pooled with the confirmatory held-out estimate,m-scale_conductance-1f40a5f389,osb_hh2_477127614,2,P04_step_2x,first_spike_latency,definedness,41.10999999983477,,,0.8229999999966947,r-ae1b79422775c8a979b7,r-357aae0bd0b90293648a
neuron_model_behavioral_validation,Neuraxis,development_pilot,PILOT2_PROTOCOL,Exploratory development data; second development iteration informed by Pilot 1; not independent confirmation; never pooled with the confirmatory held-out estimate,m-scale_conductance-1f40a5f389,osb_hh2_477127614,2,P04_step_2x,last_isi,definedness,31.49999999997135,,,1.589999999998554,r-ae1b79422775c8a979b7,r-357aae0bd0b90293648a
neuron_model_behavioral_validation,Neuraxis,development_pilot,PILOT2_PROTOCOL,Exploratory development data; second development iteration informed by Pilot 1; not independent confirmation; never pooled with the confirmatory held-out estimate,m-scale_conductance-1f40a5f389,osb_hh2_477127614,2,P04_step_2x,spike_count,exceeds,16.0,0.0,16.0,3.0,r-ae1b79422775c8a979b7,r-357aae0bd0b90293648a
neuron_model_behavioral_validation,Neuraxis,development_pilot,PILOT2_PROTOCOL,Exploratory development data; second development iteration informed by Pilot 1; not independent confirmation; never pooled with the confirmatory held-out estimate,m-scale_conductance-1f40a5f389,osb_hh2_477127614,2,P05_long_step,adaptation_index,definedness,0.002149159038242536,,,0.01,r-317893116e9cb0c903c3,r-90e052e9853cf93b4fbd
neuron_model_behavioral_validation,Neuraxis,development_pilot,PILOT2_PROTOCOL,Exploratory development data; second development iteration informed by Pilot 1; not independent confirmation; never pooled with the confirmatory held-out estimate,m-scale_conductance-1f40a5f389,osb_hh2_477127614,2,P05_long_step,ahp_depth,definedness,11.21389289347907,,,1.255040557864767,r-317893116e9cb0c903c3,r-90e052e9853cf93b4fbd
neuron_model_behavioral_validation,Neuraxis,development_pilot,PILOT2_PROTOCOL,Exploratory development data; second development iteration informed by Pilot 1; not independent confirmation; never pooled with the confirmatory held-out estimate,m-scale_conductance-1f40a5f389,osb_hh2_477127614,2,P05_long_step,ap_amplitude,definedness,64.9877738975208,,,1.3052706909553633,r-317893116e9cb0c903c3,r-90e052e9853cf93b4fbd
neuron_model_behavioral_validation,Neuraxis,development_pilot,PILOT2_PROTOCOL,Exploratory development data; second development iteration informed by Pilot 1; not independent confirmation; never pooled with the confirmatory held-out estimate,m-scale_conductance-1f40a5f389,osb_hh2_477127614,2,P05_long_step,first_spike_latency,definedness,65.27999999981279,,,1.306399999996255,r-317893116e9cb0c903c3,r-90e052e9853cf93b4fbd
neuron_model_behavioral_validation,Neuraxis,development_pilot,PILOT2_PROTOCOL,Exploratory development data; second development iteration informed by Pilot 1; not independent confirmation; never pooled with the confirmatory held-out estimate,m-scale_conductance-1f40a5f389,osb_hh2_477127614,2,P05_long_step,last_isi,definedness,55.2000000012049,,,2.6100000000569707,r-317893116e9cb0c903c3,r-90e052e9853cf93b4fbd
neuron_model_behavioral_validation,Neuraxis,development_pilot,PILOT2_PROTOCOL,Exploratory development data; second development iteration informed by Pilot 1; not independent confirmation; never pooled with the confirmatory held-out estimate,m-scale_conductance-1f40a5f389,osb_hh2_477127614,2,P05_long_step,spike_count,exceeds,36.0,0.0,36.0,0.5,r-317893116e9cb0c903c3,r-90e052e9853cf93b4fbd
neuron_model_behavioral_validation,Neuraxis,development_pilot,PILOT2_PROTOCOL,Exploratory development data; second development iteration informed by Pilot 1; not independent confirmation; never pooled with the confirmatory held-out estimate,m-scale_conductance-1f40a5f389,osb_hh2_477127614,2,P06_ramp,first_spike_latency,exceeds,415.849999999494,759.3299999991816,343.4799999996876,8.31799999998988,r-24b7e809e0450dd29615,r-9251dc6d192171c3e5d5
neuron_model_behavioral_validation,Neuraxis,development_pilot,PILOT2_PROTOCOL,Exploratory development data; second development iteration informed by Pilot 1; not independent confirmation; never pooled with the confirmatory held-out estimate,m-scale_conductance-1f40a5f389,osb_hh2_477127614,2,P06_ramp,spike_count,exceeds,21.0,6.0,15.0,3.0,r-24b7e809e0450dd29615,r-9251dc6d192171c3e5d5
neuron_model_behavioral_validation,Neuraxis,development_pilot,PILOT2_PROTOCOL,Exploratory development data; second development iteration informed by Pilot 1; not independent confirmation; never pooled with the confirmatory held-out estimate,m-scale_conductance-1f40a5f389,osb_hh2_477127614,2,P07_hyperpolarizing_step,steady_state_voltage,exceeds,-93.17739972381598,-82.24693282928473,10.93046689453125,0.5,r-ae1b79422775c8a979b7,r-357aae0bd0b90293648a
neuron_model_behavioral_validation,Neuraxis,development_pilot,PILOT2_PROTOCOL,Exploratory development data; second development iteration informed by Pilot 1; not independent confirmation; never pooled with the confirmatory held-out estimate,m-shift_reversal-c7e1f18cfe,osb_hh2_477127614,1,P04_step_2x,ahp_depth,exceeds,11.031660542810322,12.96729893747787,1.9356383946675493,1.2616209106284657,r-d2b3788dfa4671532754,r-653f0a5cbe743bf80944
neuron_model_behavioral_validation,Neuraxis,development_pilot,PILOT2_PROTOCOL,Exploratory development data; second development iteration informed by Pilot 1; not independent confirmation; never pooled with the confirmatory held-out estimate,m-shift_reversal-c7e1f18cfe,osb_hh2_477127614,1,P04_step_2x,last_isi,exceeds,32.02999999997087,29.03999999997359,2.9899999999972806,1.589999999998554,r-d2b3788dfa4671532754,r-653f0a5cbe743bf80944
neuron_model_behavioral_validation,Neuraxis,development_pilot,PILOT2_PROTOCOL,Exploratory development data; second development iteration informed by Pilot 1; not independent confirmation; never pooled with the confirmatory held-out estimate,m-shift_reversal-c7e1f18cfe,osb_hh2_477127614,1,P05_long_step,ahp_depth,exceeds,10.79554604085748,12.72887654368644,1.9333305028289587,1.255040557864767,r-5fe7a143f3c88a372d40,r-a7c29b454b2ad49d8e38
neuron_model_behavioral_validation,Neuraxis,development_pilot,PILOT2_PROTOCOL,Exploratory development data; second development iteration informed by Pilot 1; not independent confirmation; never pooled with the confirmatory held-out estimate,m-shift_reversal-c7e1f18cfe,osb_hh2_477127614,1,P05_long_step,last_isi,exceeds,56.07000000122389,51.680000001128064,4.390000000095824,2.6100000000569707,r-5fe7a143f3c88a372d40,r-a7c29b454b2ad49d8e38
neuron_model_behavioral_validation,Neuraxis,development_pilot,PILOT2_PROTOCOL,Exploratory development data; second development iteration informed by Pilot 1; not independent confirmation; never pooled with the confirmatory held-out estimate,m-shift_reversal-c7e1f18cfe,osb_hh2_477127614,1,P05_long_step,spike_count,exceeds,36.0,39.0,3.0,0.5,r-5fe7a143f3c88a372d40,r-a7c29b454b2ad49d8e38
neuron_model_behavioral_validation,Neuraxis,development_pilot,PILOT2_PROTOCOL,Exploratory development data; second development iteration informed by Pilot 1; not independent confirmation; never pooled with the confirmatory held-out estimate,m-shift_reversal-c7e1f18cfe,osb_hh2_477127614,2,P04_step_2x,ahp_depth,exceeds,11.452200846353144,13.348872136439269,1.8966712900861253,1.2616209106284657,r-ae1b79422775c8a979b7,r-999541f7d8e534e7d3bf
neuron_model_behavioral_validation,Neuraxis,development_pilot,PILOT2_PROTOCOL,Exploratory development data; second development iteration informed by Pilot 1; not independent confirmation; never pooled with the confirmatory held-out estimate,m-shift_reversal-c7e1f18cfe,osb_hh2_477127614,2,P04_step_2x,last_isi,exceeds,31.49999999997135,28.49999999997408,2.9999999999972715,1.589999999998554,r-ae1b79422775c8a979b7,r-999541f7d8e534e7d3bf
neuron_model_behavioral_validation,Neuraxis,development_pilot,PILOT2_PROTOCOL,Exploratory development data; second development iteration informed by Pilot 1; not independent confirmation; never pooled with the confirmatory held-out estimate,m-shift_reversal-c7e1f18cfe,osb_hh2_477127614,2,P05_long_step,ahp_depth,exceeds,11.21389289347907,13.108393620816123,1.8945007273370535,1.255040557864767,r-317893116e9cb0c903c3,r-92465a91e66909f0c0f7
neuron_model_behavioral_validation,Neuraxis,development_pilot,PILOT2_PROTOCOL,Exploratory development data; second development iteration informed by Pilot 1; not independent confirmation; never pooled with the confirmatory held-out estimate,m-shift_reversal-c7e1f18cfe,osb_hh2_477127614,2,P05_long_step,last_isi,exceeds,55.2000000012049,50.78000000110842,4.420000000096479,2.6100000000569707,r-317893116e9cb0c903c3,r-92465a91e66909f0c0f7
neuron_model_behavioral_validation,Neuraxis,development_pilot,PILOT2_PROTOCOL,Exploratory development data; second development iteration informed by Pilot 1; not independent confirmation; never pooled with the confirmatory held-out estimate,m-shift_reversal-c7e1f18cfe,osb_hh2_477127614,2,P05_long_step,spike_count,exceeds,36.0,40.0,4.0,0.5,r-317893116e9cb0c903c3,r-92465a91e66909f0c0f7
neuron_model_behavioral_validation,Neuraxis,development_pilot,PILOT2_PROTOCOL,Exploratory development data; second development iteration informed by Pilot 1; not independent confirmation; never pooled with the confirmatory held-out estimate,m-shift_reversal-d2ca2a5c38,osb_hh2_477127614,1,P00_canonical,ahp_depth,exceeds,7.666865774086709,-2.168809911369891,9.8356756854566,6.899955266347455,r-50990666ac8ec9a46823,r-108cfe45576b45ef9266
neuron_model_behavioral_validation,Neuraxis,development_pilot,PILOT2_PROTOCOL,Exploratory development data; second development iteration informed by Pilot 1; not independent confirmation; never pooled with the confirmatory held-out estimate,m-shift_reversal-d2ca2a5c38,osb_hh2_477127614,1,P00_canonical,first_spike_latency,exceeds,28.91999999987314,17.61999999988342,11.299999999989723,0.5783999999974628,r-50990666ac8ec9a46823,r-108cfe45576b45ef9266
neuron_model_behavioral_validation,Neuraxis,development_pilot,PILOT2_PROTOCOL,Exploratory development data; second development iteration informed by Pilot 1; not independent confirmation; never pooled with the confirmatory held-out estimate,m-shift_reversal-d2ca2a5c38,osb_hh2_477127614,1,P02_weak_step,steady_state_voltage,exceeds,-60.68582479858395,-50.72648142547603,9.95934337310792,0.5,r-d2b3788dfa4671532754,r-bc2b68196d93ebb698ac
neuron_model_behavioral_validation,Neuraxis,development_pilot,PILOT2_PROTOCOL,Exploratory development data; second development iteration informed by Pilot 1; not independent confirmation; never pooled with the confirmatory held-out estimate,m-shift_reversal-d2ca2a5c38,osb_hh2_477127614,1,P03_rheobase,rheobase,exceeds,0.06447647018646267,0.035243494296837645,0.029232975889625028,0.0012895294037292536,s-bd435463250c35027583,s-2d3d545b7afe4f28b595
neuron_model_behavioral_validation,Neuraxis,development_pilot,PILOT2_PROTOCOL,Exploratory development data; second development iteration informed by Pilot 1; not independent confirmation; never pooled with the confirmatory held-out estimate,m-shift_reversal-d2ca2a5c38,osb_hh2_477127614,1,P04_step_2x,ahp_depth,exceeds,11.031660542810322,1.2016627222719904,9.829997820538331,1.2616209106284657,r-d2b3788dfa4671532754,r-bc2b68196d93ebb698ac
neuron_model_behavioral_validation,Neuraxis,development_pilot,PILOT2_PROTOCOL,Exploratory development data; second development iteration informed by Pilot 1; not independent confirmation; never pooled with the confirmatory held-out estimate,m-shift_reversal-d2ca2a5c38,osb_hh2_477127614,1,P04_step_2x,first_spike_latency,exceeds,41.14999999983473,23.169999999851086,17.979999999983647,0.8229999999966947,r-d2b3788dfa4671532754,r-bc2b68196d93ebb698ac
neuron_model_behavioral_validation,Neuraxis,development_pilot,PILOT2_PROTOCOL,Exploratory development data; second development iteration informed by Pilot 1; not independent confirmation; never pooled with the confirmatory held-out estimate,m-shift_reversal-d2ca2a5c38,osb_hh2_477127614,1,P04_step_2x,last_isi,exceeds,32.02999999997087,24.219999999977972,7.809999999992897,1.589999999998554,r-d2b3788dfa4671532754,r-bc2b68196d93ebb698ac
neuron_model_behavioral_validation,Neuraxis,development_pilot,PILOT2_PROTOCOL,Exploratory development data; second development iteration informed by Pilot 1; not independent confirmation; never pooled with the confirmatory held-out estimate,m-shift_reversal-d2ca2a5c38,osb_hh2_477127614,1,P04_step_2x,spike_count,exceeds,15.0,21.0,6.0,3.0,r-d2b3788dfa4671532754,r-bc2b68196d93ebb698ac
neuron_model_behavioral_validation,Neuraxis,development_pilot,PILOT2_PROTOCOL,Exploratory development data; second development iteration informed by Pilot 1; not independent confirmation; never pooled with the confirmatory held-out estimate,m-shift_reversal-d2ca2a5c38,osb_hh2_477127614,1,P05_long_step,ahp_depth,exceeds,10.79554604085748,0.9881388575256622,9.807407183331819,1.255040557864767,r-5fe7a143f3c88a372d40,r-90f9f02c7a62a5c51d2c
neuron_model_behavioral_validation,Neuraxis,development_pilot,PILOT2_PROTOCOL,Exploratory development data; second development iteration informed by Pilot 1; not independent confirmation; never pooled with the confirmatory held-out estimate,m-shift_reversal-d2ca2a5c38,osb_hh2_477127614,1,P05_long_step,first_spike_latency,exceeds,65.31999999981275,32.059999999843,33.25999999996975,1.306399999996255,r-5fe7a143f3c88a372d40,r-90f9f02c7a62a5c51d2c
neuron_model_behavioral_validation,Neuraxis,development_pilot,PILOT2_PROTOCOL,Exploratory development data; second development iteration informed by Pilot 1; not independent confirmation; never pooled with the confirmatory held-out estimate,m-shift_reversal-d2ca2a5c38,osb_hh2_477127614,1,P05_long_step,last_isi,exceeds,56.07000000122389,34.34000000074957,21.73000000047432,2.6100000000569707,r-5fe7a143f3c88a372d40,r-90f9f02c7a62a5c51d2c
neuron_model_behavioral_validation,Neuraxis,development_pilot,PILOT2_PROTOCOL,Exploratory development data; second development iteration informed by Pilot 1; not independent confirmation; never pooled with the confirmatory held-out estimate,m-shift_reversal-d2ca2a5c38,osb_hh2_477127614,1,P05_long_step,spike_count,exceeds,36.0,59.0,23.0,0.5,r-5fe7a143f3c88a372d40,r-90f9f02c7a62a5c51d2c
neuron_model_behavioral_validation,Neuraxis,development_pilot,PILOT2_PROTOCOL,Exploratory development data; second development iteration informed by Pilot 1; not independent confirmation; never pooled with the confirmatory held-out estimate,m-shift_reversal-d2ca2a5c38,osb_hh2_477127614,1,P06_ramp,first_spike_latency,exceeds,415.89999999949396,265.04999999963115,150.8499999998628,8.31799999998988,r-0957e33747fc542d9104,r-db21f3f338696d949ec7
neuron_model_behavioral_validation,Neuraxis,development_pilot,PILOT2_PROTOCOL,Exploratory development data; second development iteration informed by Pilot 1; not independent confirmation; never pooled with the confirmatory held-out estimate,m-shift_reversal-d2ca2a5c38,osb_hh2_477127614,1,P06_ramp,spike_count,exceeds,20.0,29.0,9.0,3.0,r-0957e33747fc542d9104,r-db21f3f338696d949ec7
neuron_model_behavioral_validation,Neuraxis,development_pilot,PILOT2_PROTOCOL,Exploratory development data; second development iteration informed by Pilot 1; not independent confirmation; never pooled with the confirmatory held-out estimate,m-shift_reversal-d2ca2a5c38,osb_hh2_477127614,1,P07_hyperpolarizing_step,steady_state_voltage,exceeds,-93.17739953460699,-83.19072219543463,9.98667733917236,0.5,r-d2b3788dfa4671532754,r-bc2b68196d93ebb698ac
neuron_model_behavioral_validation,Neuraxis,development_pilot,PILOT2_PROTOCOL,Exploratory development data; second development iteration informed by Pilot 1; not independent confirmation; never pooled with the confirmatory held-out estimate,m-shift_reversal-d2ca2a5c38,osb_hh2_477127614,2,P00_canonical,ahp_depth,exceeds,9.966850862869194,0.14437779151814567,9.822473071351048,6.899955266347455,r-cff06a8ac591df54f373,r-56b7df41b6189a5f0a39
neuron_model_behavioral_validation,Neuraxis,development_pilot,PILOT2_PROTOCOL,Exploratory development data; second development iteration informed by Pilot 1; not independent confirmation; never pooled with the confirmatory held-out estimate,m-shift_reversal-d2ca2a5c38,osb_hh2_477127614,2,P00_canonical,first_spike_latency,exceeds,28.749999999873296,17.459999999883564,11.289999999989732,0.5783999999974628,r-cff06a8ac591df54f373,r-56b7df41b6189a5f0a39
neuron_model_behavioral_validation,Neuraxis,development_pilot,PILOT2_PROTOCOL,Exploratory development data; second development iteration informed by Pilot 1; not independent confirmation; never pooled with the confirmatory held-out estimate,m-shift_reversal-d2ca2a5c38,osb_hh2_477127614,2,P02_weak_step,steady_state_voltage,exceeds,-60.68582508010861,-50.726486526489204,9.959338553619403,0.5,r-ae1b79422775c8a979b7,r-f8576e12b5077564c723
neuron_model_behavioral_validation,Neuraxis,development_pilot,PILOT2_PROTOCOL,Exploratory development data; second development iteration informed by Pilot 1; not independent confirmation; never pooled with the confirmatory held-out estimate,m-shift_reversal-d2ca2a5c38,osb_hh2_477127614,2,P03_rheobase,rheobase,exceeds,0.06447647018646267,0.035243494296837645,0.029232975889625028,0.0012895294037292536,s-4d054cac6fc39c11b1f5,s-bead382cb90c3c44c034
neuron_model_behavioral_validation,Neuraxis,development_pilot,PILOT2_PROTOCOL,Exploratory development data; second development iteration informed by Pilot 1; not independent confirmation; never pooled with the confirmatory held-out estimate,m-shift_reversal-d2ca2a5c38,osb_hh2_477127614,2,P04_step_2x,ahp_depth,exceeds,11.452200846353144,1.6247844734189627,9.82741637293418,1.2616209106284657,r-ae1b79422775c8a979b7,r-f8576e12b5077564c723
neuron_model_behavioral_validation,Neuraxis,development_pilot,PILOT2_PROTOCOL,Exploratory development data; second development iteration informed by Pilot 1; not independent confirmation; never pooled with the confirmatory held-out estimate,m-shift_reversal-d2ca2a5c38,osb_hh2_477127614,2,P04_step_2x,first_spike_latency,exceeds,41.10999999983477,23.129999999851123,17.979999999983647,0.8229999999966947,r-ae1b79422775c8a979b7,r-f8576e12b5077564c723
neuron_model_behavioral_validation,Neuraxis,development_pilot,PILOT2_PROTOCOL,Exploratory development data; second development iteration informed by Pilot 1; not independent confirmation; never pooled with the confirmatory held-out estimate,m-shift_reversal-d2ca2a5c38,osb_hh2_477127614,2,P04_step_2x,last_isi,exceeds,31.49999999997135,23.719999999978427,7.779999999992924,1.589999999998554,r-ae1b79422775c8a979b7,r-f8576e12b5077564c723
neuron_model_behavioral_validation,Neuraxis,development_pilot,PILOT2_PROTOCOL,Exploratory development data; second development iteration informed by Pilot 1; not independent confirmation; never pooled with the confirmatory held-out estimate,m-shift_reversal-d2ca2a5c38,osb_hh2_477127614,2,P04_step_2x,spike_count,exceeds,16.0,21.0,5.0,3.0,r-ae1b79422775c8a979b7,r-f8576e12b5077564c723
neuron_model_behavioral_validation,Neuraxis,development_pilot,PILOT2_PROTOCOL,Exploratory development data; second development iteration informed by Pilot 1; not independent confirmation; never pooled with the confirmatory held-out estimate,m-shift_reversal-d2ca2a5c38,osb_hh2_477127614,2,P05_long_step,ahp_depth,exceeds,11.21389289347907,1.4090862312283008,9.804806662250769,1.255040557864767,r-317893116e9cb0c903c3,r-e64cc0274805a94afba4
neuron_model_behavioral_validation,Neuraxis,development_pilot,PILOT2_PROTOCOL,Exploratory development data; second development iteration informed by Pilot 1; not independent confirmation; never pooled with the confirmatory held-out estimate,m-shift_reversal-d2ca2a5c38,osb_hh2_477127614,2,P05_long_step,first_spike_latency,exceeds,65.27999999981279,32.01999999984304,33.25999999996975,1.306399999996255,r-317893116e9cb0c903c3,r-e64cc0274805a94afba4
neuron_model_behavioral_validation,Neuraxis,development_pilot,PILOT2_PROTOCOL,Exploratory development data; second development iteration informed by Pilot 1; not independent confirmation; never pooled with the confirmatory held-out estimate,m-shift_reversal-d2ca2a5c38,osb_hh2_477127614,2,P05_long_step,last_isi,exceeds,55.2000000012049,33.730000000736254,21.470000000468644,2.6100000000569707,r-317893116e9cb0c903c3,r-e64cc0274805a94afba4
neuron_model_behavioral_validation,Neuraxis,development_pilot,PILOT2_PROTOCOL,Exploratory development data; second development iteration informed by Pilot 1; not independent confirmation; never pooled with the confirmatory held-out estimate,m-shift_reversal-d2ca2a5c38,osb_hh2_477127614,2,P05_long_step,spike_count,exceeds,36.0,60.0,24.0,0.5,r-317893116e9cb0c903c3,r-e64cc0274805a94afba4
neuron_model_behavioral_validation,Neuraxis,development_pilot,PILOT2_PROTOCOL,Exploratory development data; second development iteration informed by Pilot 1; not independent confirmation; never pooled with the confirmatory held-out estimate,m-shift_reversal-d2ca2a5c38,osb_hh2_477127614,2,P06_ramp,first_spike_latency,exceeds,415.849999999494,264.9999999996312,150.8499999998628,8.31799999998988,r-24b7e809e0450dd29615,r-37eb5e96950ea9096364
neuron_model_behavioral_validation,Neuraxis,development_pilot,PILOT2_PROTOCOL,Exploratory development data; second development iteration informed by Pilot 1; not independent confirmation; never pooled with the confirmatory held-out estimate,m-shift_reversal-d2ca2a5c38,osb_hh2_477127614,2,P06_ramp,spike_count,exceeds,21.0,30.0,9.0,3.0,r-24b7e809e0450dd29615,r-37eb5e96950ea9096364
neuron_model_behavioral_validation,Neuraxis,development_pilot,PILOT2_PROTOCOL,Exploratory development data; second development iteration informed by Pilot 1; not independent confirmation; never pooled with the confirmatory held-out estimate,m-shift_reversal-d2ca2a5c38,osb_hh2_477127614,2,P07_hyperpolarizing_step,steady_state_voltage,exceeds,-93.17739972381598,-83.19072241516119,9.98667730865479,0.5,r-ae1b79422775c8a979b7,r-f8576e12b5077564c723
neuron_model_behavioral_validation,Neuraxis,development_pilot,PILOT2_PROTOCOL,Exploratory development data; second development iteration informed by Pilot 1; not independent confirmation; never pooled with the confirmatory held-out estimate,m-scale_capacitance-8ea1c6d58b,osb_hh2_477127614,1,P00_canonical,ap_amplitude,exceeds,68.17416534535639,72.82069473330293,4.6465293879465435,3.9121788024255437,r-50990666ac8ec9a46823,r-a132480269df45322b4f
neuron_model_behavioral_validation,Neuraxis,development_pilot,PILOT2_PROTOCOL,Exploratory development data; second development iteration informed by Pilot 1; not independent confirmation; never pooled with the confirmatory held-out estimate,m-scale_capacitance-8ea1c6d58b,osb_hh2_477127614,1,P00_canonical,first_spike_latency,exceeds,28.91999999987314,23.2499999998783,5.669999999994843,0.5783999999974628,r-50990666ac8ec9a46823,r-a132480269df45322b4f
neuron_model_behavioral_validation,Neuraxis,development_pilot,PILOT2_PROTOCOL,Exploratory development data; second development iteration informed by Pilot 1; not independent confirmation; never pooled with the confirmatory held-out estimate,m-scale_capacitance-8ea1c6d58b,osb_hh2_477127614,1,P04_step_2x,ahp_depth,exceeds,11.031660542810322,8.450941390999468,2.580719151810854,1.2616209106284657,r-d2b3788dfa4671532754,r-742773b9865cc7339d90
neuron_model_behavioral_validation,Neuraxis,development_pilot,PILOT2_PROTOCOL,Exploratory development data; second development iteration informed by Pilot 1; not independent confirmation; never pooled with the confirmatory held-out estimate,m-scale_capacitance-8ea1c6d58b,osb_hh2_477127614,1,P04_step_2x,ap_amplitude,exceeds,65.66345214961734,70.15508270387674,4.491630554259402,1.3132690429923468,r-d2b3788dfa4671532754,r-742773b9865cc7339d90
neuron_model_behavioral_validation,Neuraxis,development_pilot,PILOT2_PROTOCOL,Exploratory development data; second development iteration informed by Pilot 1; not independent confirmation; never pooled with the confirmatory held-out estimate,m-scale_capacitance-8ea1c6d58b,osb_hh2_477127614,1,P04_step_2x,first_spike_latency,exceeds,41.14999999983473,32.95999999984218,8.189999999992551,0.8229999999966947,r-d2b3788dfa4671532754,r-742773b9865cc7339d90
neuron_model_behavioral_validation,Neuraxis,development_pilot,PILOT2_PROTOCOL,Exploratory development data; second development iteration informed by Pilot 1; not independent confirmation; never pooled with the confirmatory held-out estimate,m-scale_capacitance-8ea1c6d58b,osb_hh2_477127614,1,P04_step_2x,last_isi,exceeds,32.02999999997087,28.70999999997389,3.3199999999969805,1.589999999998554,r-d2b3788dfa4671532754,r-742773b9865cc7339d90
neuron_model_behavioral_validation,Neuraxis,development_pilot,PILOT2_PROTOCOL,Exploratory development data; second development iteration informed by Pilot 1; not independent confirmation; never pooled with the confirmatory held-out estimate,m-scale_capacitance-8ea1c6d58b,osb_hh2_477127614,1,P05_long_step,ahp_depth,exceeds,10.79554604085748,8.191091842657706,2.6044541981997753,1.255040557864767,r-5fe7a143f3c88a372d40,r-8850dd3cabb9abba21ea
neuron_model_behavioral_validation,Neuraxis,development_pilot,PILOT2_PROTOCOL,Exploratory development data; second development iteration informed by Pilot 1; not independent confirmation; never pooled with the confirmatory held-out estimate,m-scale_capacitance-8ea1c6d58b,osb_hh2_477127614,1,P05_long_step,ap_amplitude,exceeds,65.26353454776816,69.75899505766375,4.495460509895594,1.3052706909553633,r-5fe7a143f3c88a372d40,r-8850dd3cabb9abba21ea
neuron_model_behavioral_validation,Neuraxis,development_pilot,PILOT2_PROTOCOL,Exploratory development data; second development iteration informed by Pilot 1; not independent confirmation; never pooled with the confirmatory held-out estimate,m-scale_capacitance-8ea1c6d58b,osb_hh2_477127614,1,P05_long_step,first_spike_latency,exceeds,65.31999999981275,52.219999999824665,13.099999999988086,1.306399999996255,r-5fe7a143f3c88a372d40,r-8850dd3cabb9abba21ea
neuron_model_behavioral_validation,Neuraxis,development_pilot,PILOT2_PROTOCOL,Exploratory development data; second development iteration informed by Pilot 1; not independent confirmation; never pooled with the confirmatory held-out estimate,m-scale_capacitance-8ea1c6d58b,osb_hh2_477127614,1,P05_long_step,last_isi,exceeds,56.07000000122389,49.240000001074804,6.830000000149084,2.6100000000569707,r-5fe7a143f3c88a372d40,r-8850dd3cabb9abba21ea
neuron_model_behavioral_validation,Neuraxis,development_pilot,PILOT2_PROTOCOL,Exploratory development data; second development iteration informed by Pilot 1; not independent confirmation; never pooled with the confirmatory held-out estimate,m-scale_capacitance-8ea1c6d58b,osb_hh2_477127614,1,P05_long_step,spike_count,exceeds,36.0,41.0,5.0,0.5,r-5fe7a143f3c88a372d40,r-8850dd3cabb9abba21ea
neuron_model_behavioral_validation,Neuraxis,development_pilot,PILOT2_PROTOCOL,Exploratory development data; second development iteration informed by Pilot 1; not independent confirmation; never pooled with the confirmatory held-out estimate,m-scale_capacitance-8ea1c6d58b,osb_hh2_477127614,1,P06_ramp,first_spike_latency,exceeds,415.89999999949396,402.9999999995057,12.899999999988268,8.31799999998988,r-0957e33747fc542d9104,r-898c877228dab0b3f8e2
neuron_model_behavioral_validation,Neuraxis,development_pilot,PILOT2_PROTOCOL,Exploratory development data; second development iteration informed by Pilot 1; not independent confirmation; never pooled with the confirmatory held-out estimate,m-scale_capacitance-8ea1c6d58b,osb_hh2_477127614,2,P00_canonical,ap_amplitude,exceeds,66.87010574454787,71.5401786818266,4.670072937278732,3.9121788024255437,r-cff06a8ac591df54f373,r-dbb3f8a0a66a4cf39db3
neuron_model_behavioral_validation,Neuraxis,development_pilot,PILOT2_PROTOCOL,Exploratory development data; second development iteration informed by Pilot 1; not independent confirmation; never pooled with the confirmatory held-out estimate,m-scale_capacitance-8ea1c6d58b,osb_hh2_477127614,2,P00_canonical,first_spike_latency,exceeds,28.749999999873296,23.079999999878453,5.669999999994843,0.5783999999974628,r-cff06a8ac591df54f373,r-dbb3f8a0a66a4cf39db3
neuron_model_behavioral_validation,Neuraxis,development_pilot,PILOT2_PROTOCOL,Exploratory development data; second development iteration informed by Pilot 1; not independent confirmation; never pooled with the confirmatory held-out estimate,m-scale_capacitance-8ea1c6d58b,osb_hh2_477127614,2,P04_step_2x,ahp_depth,exceeds,11.452200846353144,8.901730481466636,2.5504703648865075,1.2616209106284657,r-ae1b79422775c8a979b7,r-38090822c1a8dd139c4b
neuron_model_behavioral_validation,Neuraxis,development_pilot,PILOT2_PROTOCOL,Exploratory development data; second development iteration informed by Pilot 1; not independent confirmation; never pooled with the confirmatory held-out estimate,m-scale_capacitance-8ea1c6d58b,osb_hh2_477127614,2,P04_step_2x,ap_amplitude,exceeds,65.3342704782316,69.83417892534348,4.499908447111878,1.3132690429923468,r-ae1b79422775c8a979b7,r-38090822c1a8dd139c4b
neuron_model_behavioral_validation,Neuraxis,development_pilot,PILOT2_PROTOCOL,Exploratory development data; second development iteration informed by Pilot 1; not independent confirmation; never pooled with the confirmatory held-out estimate,m-scale_capacitance-8ea1c6d58b,osb_hh2_477127614,2,P04_step_2x,first_spike_latency,exceeds,41.10999999983477,32.91999999984222,8.189999999992551,0.8229999999966947,r-ae1b79422775c8a979b7,r-38090822c1a8dd139c4b
neuron_model_behavioral_validation,Neuraxis,development_pilot,PILOT2_PROTOCOL,Exploratory development data; second development iteration informed by Pilot 1; not independent confirmation; never pooled with the confirmatory held-out estimate,m-scale_capacitance-8ea1c6d58b,osb_hh2_477127614,2,P04_step_2x,last_isi,exceeds,31.49999999997135,28.26999999997429,3.2299999999970623,1.589999999998554,r-ae1b79422775c8a979b7,r-38090822c1a8dd139c4b
neuron_model_behavioral_validation,Neuraxis,development_pilot,PILOT2_PROTOCOL,Exploratory development data; second development iteration informed by Pilot 1; not independent confirmation; never pooled with the confirmatory held-out estimate,m-scale_capacitance-8ea1c6d58b,osb_hh2_477127614,2,P05_long_step,ahp_depth,exceeds,11.21389289347907,8.639359418240254,2.574533475238816,1.255040557864767,r-317893116e9cb0c903c3,r-d325a1835e76c9389f6d
neuron_model_behavioral_validation,Neuraxis,development_pilot,PILOT2_PROTOCOL,Exploratory development data; second development iteration informed by Pilot 1; not independent confirmation; never pooled with the confirmatory held-out estimate,m-scale_capacitance-8ea1c6d58b,osb_hh2_477127614,2,P05_long_step,ap_amplitude,exceeds,64.9877738975208,69.39426803771799,4.406494140197196,1.3052706909553633,r-317893116e9cb0c903c3,r-d325a1835e76c9389f6d
neuron_model_behavioral_validation,Neuraxis,development_pilot,PILOT2_PROTOCOL,Exploratory development data; second development iteration informed by Pilot 1; not independent confirmation; never pooled with the confirmatory held-out estimate,m-scale_capacitance-8ea1c6d58b,osb_hh2_477127614,2,P05_long_step,first_spike_latency,exceeds,65.27999999981279,52.1799999998247,13.099999999988086,1.306399999996255,r-317893116e9cb0c903c3,r-d325a1835e76c9389f6d
neuron_model_behavioral_validation,Neuraxis,development_pilot,PILOT2_PROTOCOL,Exploratory development data; second development iteration informed by Pilot 1; not independent confirmation; never pooled with the confirmatory held-out estimate,m-scale_capacitance-8ea1c6d58b,osb_hh2_477127614,2,P05_long_step,last_isi,exceeds,55.2000000012049,48.5800000010604,6.6200000001445005,2.6100000000569707,r-317893116e9cb0c903c3,r-d325a1835e76c9389f6d
neuron_model_behavioral_validation,Neuraxis,development_pilot,PILOT2_PROTOCOL,Exploratory development data; second development iteration informed by Pilot 1; not independent confirmation; never pooled with the confirmatory held-out estimate,m-scale_capacitance-8ea1c6d58b,osb_hh2_477127614,2,P05_long_step,spike_count,exceeds,36.0,42.0,6.0,0.5,r-317893116e9cb0c903c3,r-d325a1835e76c9389f6d
neuron_model_behavioral_validation,Neuraxis,development_pilot,PILOT2_PROTOCOL,Exploratory development data; second development iteration informed by Pilot 1; not independent confirmation; never pooled with the confirmatory held-out estimate,m-scale_capacitance-8ea1c6d58b,osb_hh2_477127614,2,P06_ramp,first_spike_latency,exceeds,415.849999999494,402.94999999950574,12.899999999988268,8.31799999998988,r-24b7e809e0450dd29615,r-29b78717a6daae01a836
neuron_model_behavioral_validation,Neuraxis,development_pilot,PILOT2_PROTOCOL,Exploratory development data; second development iteration informed by Pilot 1; not independent confirmation; never pooled with the confirmatory held-out estimate,m-scale_capacitance-d886e6ca3e,osb_hh2_477127614,1,P00_canonical,ahp_depth,exceeds,7.666865774086709,-0.11416398275899553,7.7810297568457045,6.899955266347455,r-50990666ac8ec9a46823,r-400a1d4568fe9464917d
neuron_model_behavioral_validation,Neuraxis,development_pilot,PILOT2_PROTOCOL,Exploratory development data; second development iteration informed by Pilot 1; not independent confirmation; never pooled with the confirmatory held-out estimate,m-scale_capacitance-d886e6ca3e,osb_hh2_477127614,1,P00_canonical,ap_amplitude,exceeds,68.17416534535639,80.57992172373817,12.405756378381781,3.9121788024255437,r-50990666ac8ec9a46823,r-400a1d4568fe9464917d
neuron_model_behavioral_validation,Neuraxis,development_pilot,PILOT2_PROTOCOL,Exploratory development data; second development iteration informed by Pilot 1; not independent confirmation; never pooled with the confirmatory held-out estimate,m-scale_capacitance-d886e6ca3e,osb_hh2_477127614,1,P00_canonical,first_spike_latency,exceeds,28.91999999987314,14.729999999886047,14.189999999987094,0.5783999999974628,r-50990666ac8ec9a46823,r-400a1d4568fe9464917d
neuron_model_behavioral_validation,Neuraxis,development_pilot,PILOT2_PROTOCOL,Exploratory development data; second development iteration informed by Pilot 1; not independent confirmation; never pooled with the confirmatory held-out estimate,m-scale_capacitance-d886e6ca3e,osb_hh2_477127614,1,P00_canonical,last_isi,exceeds,25.819999999976517,16.979999999984557,8.83999999999196,6.599999999993997,r-50990666ac8ec9a46823,r-400a1d4568fe9464917d
neuron_model_behavioral_validation,Neuraxis,development_pilot,PILOT2_PROTOCOL,Exploratory development data; second development iteration informed by Pilot 1; not independent confirmation; never pooled with the confirmatory held-out estimate,m-scale_capacitance-d886e6ca3e,osb_hh2_477127614,1,P00_canonical,spike_count,exceeds,28.0,44.0,16.0,9.0,r-50990666ac8ec9a46823,r-400a1d4568fe9464917d
neuron_model_behavioral_validation,Neuraxis,development_pilot,PILOT2_PROTOCOL,Exploratory development data; second development iteration informed by Pilot 1; not independent confirmation; never pooled with the confirmatory held-out estimate,m-scale_capacitance-d886e6ca3e,osb_hh2_477127614,1,P04_step_2x,ahp_depth,exceeds,11.031660542810322,3.5592859217379953,7.472374621072326,1.2616209106284657,r-d2b3788dfa4671532754,r-9ea5c7be3fe8a2572624
neuron_model_behavioral_validation,Neuraxis,development_pilot,PILOT2_PROTOCOL,Exploratory development data; second development iteration informed by Pilot 1; not independent confirmation; never pooled with the confirmatory held-out estimate,m-scale_capacitance-d886e6ca3e,osb_hh2_477127614,1,P04_step_2x,ap_amplitude,exceeds,65.66345214961734,78.13383865419655,12.47038650457921,1.3132690429923468,r-d2b3788dfa4671532754,r-9ea5c7be3fe8a2572624
neuron_model_behavioral_validation,Neuraxis,development_pilot,PILOT2_PROTOCOL,Exploratory development data; second development iteration informed by Pilot 1; not independent confirmation; never pooled with the confirmatory held-out estimate,m-scale_capacitance-d886e6ca3e,osb_hh2_477127614,1,P04_step_2x,first_spike_latency,exceeds,41.14999999983473,20.699999999853333,20.4499999999814,0.8229999999966947,r-d2b3788dfa4671532754,r-9ea5c7be3fe8a2572624
neuron_model_behavioral_validation,Neuraxis,development_pilot,PILOT2_PROTOCOL,Exploratory development data; second development iteration informed by Pilot 1; not independent confirmation; never pooled with the confirmatory held-out estimate,m-scale_capacitance-d886e6ca3e,osb_hh2_477127614,1,P04_step_2x,last_isi,exceeds,32.02999999997087,21.5499999999804,10.479999999990468,1.589999999998554,r-d2b3788dfa4671532754,r-9ea5c7be3fe8a2572624
neuron_model_behavioral_validation,Neuraxis,development_pilot,PILOT2_PROTOCOL,Exploratory development data; second development iteration informed by Pilot 1; not independent confirmation; never pooled with the confirmatory held-out estimate,m-scale_capacitance-d886e6ca3e,osb_hh2_477127614,1,P04_step_2x,spike_count,exceeds,15.0,24.0,9.0,3.0,r-d2b3788dfa4671532754,r-9ea5c7be3fe8a2572624
neuron_model_behavioral_validation,Neuraxis,development_pilot,PILOT2_PROTOCOL,Exploratory development data; second development iteration informed by Pilot 1; not independent confirmation; never pooled with the confirmatory held-out estimate,m-scale_capacitance-d886e6ca3e,osb_hh2_477127614,1,P05_long_step,ahp_depth,exceeds,10.79554604085748,3.2340295740855396,7.561516466771941,1.255040557864767,r-5fe7a143f3c88a372d40,r-14eb3141ea0a48f04ea6
neuron_model_behavioral_validation,Neuraxis,development_pilot,PILOT2_PROTOCOL,Exploratory development data; second development iteration informed by Pilot 1; not independent confirmation; never pooled with the confirmatory held-out estimate,m-scale_capacitance-d886e6ca3e,osb_hh2_477127614,1,P05_long_step,ap_amplitude,exceeds,65.26353454776816,77.58669662570807,12.323162077939912,1.3052706909553633,r-5fe7a143f3c88a372d40,r-14eb3141ea0a48f04ea6
neuron_model_behavioral_validation,Neuraxis,development_pilot,PILOT2_PROTOCOL,Exploratory development data; second development iteration informed by Pilot 1; not independent confirmation; never pooled with the confirmatory held-out estimate,m-scale_capacitance-d886e6ca3e,osb_hh2_477127614,1,P05_long_step,first_spike_latency,exceeds,65.31999999981275,32.63999999984247,32.67999999997028,1.306399999996255,r-5fe7a143f3c88a372d40,r-14eb3141ea0a48f04ea6
neuron_model_behavioral_validation,Neuraxis,development_pilot,PILOT2_PROTOCOL,Exploratory development data; second development iteration informed by Pilot 1; not independent confirmation; never pooled with the confirmatory held-out estimate,m-scale_capacitance-d886e6ca3e,osb_hh2_477127614,1,P05_long_step,last_isi,exceeds,56.07000000122389,35.74000000078013,20.33000000044376,2.6100000000569707,r-5fe7a143f3c88a372d40,r-14eb3141ea0a48f04ea6
neuron_model_behavioral_validation,Neuraxis,development_pilot,PILOT2_PROTOCOL,Exploratory development data; second development iteration informed by Pilot 1; not independent confirmation; never pooled with the confirmatory held-out estimate,m-scale_capacitance-d886e6ca3e,osb_hh2_477127614,1,P05_long_step,spike_count,exceeds,36.0,57.0,21.0,0.5,r-5fe7a143f3c88a372d40,r-14eb3141ea0a48f04ea6
neuron_model_behavioral_validation,Neuraxis,development_pilot,PILOT2_PROTOCOL,Exploratory development data; second development iteration informed by Pilot 1; not independent confirmation; never pooled with the confirmatory held-out estimate,m-scale_capacitance-d886e6ca3e,osb_hh2_477127614,1,P06_ramp,first_spike_latency,exceeds,415.89999999949396,381.72999999952503,34.16999999996892,8.31799999998988,r-0957e33747fc542d9104,r-dfa0e143b1af7aac60b7
neuron_model_behavioral_validation,Neuraxis,development_pilot,PILOT2_PROTOCOL,Exploratory development data; second development iteration informed by Pilot 1; not independent confirmation; never pooled with the confirmatory held-out estimate,m-scale_capacitance-d886e6ca3e,osb_hh2_477127614,1,P06_ramp,spike_count,exceeds,20.0,31.0,11.0,3.0,r-0957e33747fc542d9104,r-dfa0e143b1af7aac60b7
neuron_model_behavioral_validation,Neuraxis,development_pilot,PILOT2_PROTOCOL,Exploratory development data; second development iteration informed by Pilot 1; not independent confirmation; never pooled with the confirmatory held-out estimate,m-scale_capacitance-d886e6ca3e,osb_hh2_477127614,1,P09_short_pulse,ahp_depth,definedness,,2.605092806495975,,inf,r-00f5b9389bbdd9e19b1d,r-b016a693e9b97b73b7ce
neuron_model_behavioral_validation,Neuraxis,development_pilot,PILOT2_PROTOCOL,Exploratory development data; second development iteration informed by Pilot 1; not independent confirmation; never pooled with the confirmatory held-out estimate,m-scale_capacitance-d886e6ca3e,osb_hh2_477127614,1,P09_short_pulse,ap_amplitude,definedness,,78.73919296349928,,inf,r-00f5b9389bbdd9e19b1d,r-b016a693e9b97b73b7ce
neuron_model_behavioral_validation,Neuraxis,development_pilot,PILOT2_PROTOCOL,Exploratory development data; second development iteration informed by Pilot 1; not independent confirmation; never pooled with the confirmatory held-out estimate,m-scale_capacitance-d886e6ca3e,osb_hh2_477127614,1,P09_short_pulse,first_spike_latency,definedness,,4.309999999868239,,inf,r-00f5b9389bbdd9e19b1d,r-b016a693e9b97b73b7ce
neuron_model_behavioral_validation,Neuraxis,development_pilot,PILOT2_PROTOCOL,Exploratory development data; second development iteration informed by Pilot 1; not independent confirmation; never pooled with the confirmatory held-out estimate,m-scale_capacitance-d886e6ca3e,osb_hh2_477127614,1,P09_short_pulse,spike_count,exceeds,0.0,1.0,1.0,0.5,r-00f5b9389bbdd9e19b1d,r-b016a693e9b97b73b7ce
neuron_model_behavioral_validation,Neuraxis,development_pilot,PILOT2_PROTOCOL,Exploratory development data; second development iteration informed by Pilot 1; not independent confirmation; never pooled with the confirmatory held-out estimate,m-scale_capacitance-d886e6ca3e,osb_hh2_477127614,2,P00_canonical,ahp_depth,exceeds,9.966850862869194,2.4334314756279554,7.5334193872412385,6.899955266347455,r-cff06a8ac591df54f373,r-eeda5c726f29c30d9e53
neuron_model_behavioral_validation,Neuraxis,development_pilot,PILOT2_PROTOCOL,Exploratory development data; second development iteration informed by Pilot 1; not independent confirmation; never pooled with the confirmatory held-out estimate,m-scale_capacitance-d886e6ca3e,osb_hh2_477127614,2,P00_canonical,ap_amplitude,exceeds,66.87010574454787,79.43167419653376,12.561568451985892,3.9121788024255437,r-cff06a8ac591df54f373,r-eeda5c726f29c30d9e53
neuron_model_behavioral_validation,Neuraxis,development_pilot,PILOT2_PROTOCOL,Exploratory development data; second development iteration informed by Pilot 1; not independent confirmation; never pooled with the confirmatory held-out estimate,m-scale_capacitance-d886e6ca3e,osb_hh2_477127614,2,P00_canonical,first_spike_latency,exceeds,28.749999999873296,14.589999999886174,14.159999999987122,0.5783999999974628,r-cff06a8ac591df54f373,r-eeda5c726f29c30d9e53
neuron_model_behavioral_validation,Neuraxis,development_pilot,PILOT2_PROTOCOL,Exploratory development data; second development iteration informed by Pilot 1; not independent confirmation; never pooled with the confirmatory held-out estimate,m-scale_capacitance-d886e6ca3e,osb_hh2_477127614,2,P00_canonical,last_isi,exceeds,23.619999999978518,15.859999999985575,7.759999999992942,6.599999999993997,r-cff06a8ac591df54f373,r-eeda5c726f29c30d9e53
neuron_model_behavioral_validation,Neuraxis,development_pilot,PILOT2_PROTOCOL,Exploratory development data; second development iteration informed by Pilot 1; not independent confirmation; never pooled with the confirmatory held-out estimate,m-scale_capacitance-d886e6ca3e,osb_hh2_477127614,2,P00_canonical,spike_count,exceeds,31.0,47.0,16.0,9.0,r-cff06a8ac591df54f373,r-eeda5c726f29c30d9e53
neuron_model_behavioral_validation,Neuraxis,development_pilot,PILOT2_PROTOCOL,Exploratory development data; second development iteration informed by Pilot 1; not independent confirmation; never pooled with the confirmatory held-out estimate,m-scale_capacitance-d886e6ca3e,osb_hh2_477127614,2,P04_step_2x,ahp_depth,exceeds,11.452200846353144,4.043370485935242,7.408830360417902,1.2616209106284657,r-ae1b79422775c8a979b7,r-434c83cd187e37f12397
neuron_model_behavioral_validation,Neuraxis,development_pilot,PILOT2_PROTOCOL,Exploratory development data; second development iteration informed by Pilot 1; not independent confirmation; never pooled with the confirmatory held-out estimate,m-scale_capacitance-d886e6ca3e,osb_hh2_477127614,2,P04_step_2x,ap_amplitude,exceeds,65.3342704782316,77.87233734277805,12.538066864546451,1.3132690429923468,r-ae1b79422775c8a979b7,r-434c83cd187e37f12397
neuron_model_behavioral_validation,Neuraxis,development_pilot,PILOT2_PROTOCOL,Exploratory development data; second development iteration informed by Pilot 1; not independent confirmation; never pooled with the confirmatory held-out estimate,m-scale_capacitance-d886e6ca3e,osb_hh2_477127614,2,P04_step_2x,first_spike_latency,exceeds,41.10999999983477,20.66999999985336,20.43999999998141,0.8229999999966947,r-ae1b79422775c8a979b7,r-434c83cd187e37f12397
neuron_model_behavioral_validation,Neuraxis,development_pilot,PILOT2_PROTOCOL,Exploratory development data; second development iteration informed by Pilot 1; not independent confirmation; never pooled with the confirmatory held-out estimate,m-scale_capacitance-d886e6ca3e,osb_hh2_477127614,2,P04_step_2x,last_isi,exceeds,31.49999999997135,21.22999999998069,10.26999999999066,1.589999999998554,r-ae1b79422775c8a979b7,r-434c83cd187e37f12397
neuron_model_behavioral_validation,Neuraxis,development_pilot,PILOT2_PROTOCOL,Exploratory development data; second development iteration informed by Pilot 1; not independent confirmation; never pooled with the confirmatory held-out estimate,m-scale_capacitance-d886e6ca3e,osb_hh2_477127614,2,P04_step_2x,spike_count,exceeds,16.0,24.0,8.0,3.0,r-ae1b79422775c8a979b7,r-434c83cd187e37f12397
neuron_model_behavioral_validation,Neuraxis,development_pilot,PILOT2_PROTOCOL,Exploratory development data; second development iteration informed by Pilot 1; not independent confirmation; never pooled with the confirmatory held-out estimate,m-scale_capacitance-d886e6ca3e,osb_hh2_477127614,2,P05_long_step,ahp_depth,exceeds,11.21389289347907,3.714062929800363,7.499829963678707,1.255040557864767,r-317893116e9cb0c903c3,r-988c649dc3928724e77b
neuron_model_behavioral_validation,Neuraxis,development_pilot,PILOT2_PROTOCOL,Exploratory development data; second development iteration informed by Pilot 1; not independent confirmation; never pooled with the confirmatory held-out estimate,m-scale_capacitance-d886e6ca3e,osb_hh2_477127614,2,P05_long_step,ap_amplitude,exceeds,64.9877738975208,77.26649475179445,12.278720854273658,1.3052706909553633,r-317893116e9cb0c903c3,r-988c649dc3928724e77b
neuron_model_behavioral_validation,Neuraxis,development_pilot,PILOT2_PROTOCOL,Exploratory development data; second development iteration informed by Pilot 1; not independent confirmation; never pooled with the confirmatory held-out estimate,m-scale_capacitance-d886e6ca3e,osb_hh2_477127614,2,P05_long_step,first_spike_latency,exceeds,65.27999999981279,32.59999999984251,32.67999999997028,1.306399999996255,r-317893116e9cb0c903c3,r-988c649dc3928724e77b
neuron_model_behavioral_validation,Neuraxis,development_pilot,PILOT2_PROTOCOL,Exploratory development data; second development iteration informed by Pilot 1; not independent confirmation; never pooled with the confirmatory held-out estimate,m-scale_capacitance-d886e6ca3e,osb_hh2_477127614,2,P05_long_step,last_isi,exceeds,55.2000000012049,35.350000000771615,19.850000000433283,2.6100000000569707,r-317893116e9cb0c903c3,r-988c649dc3928724e77b
neuron_model_behavioral_validation,Neuraxis,development_pilot,PILOT2_PROTOCOL,Exploratory development data; second development iteration informed by Pilot 1; not independent confirmation; never pooled with the confirmatory held-out estimate,m-scale_capacitance-d886e6ca3e,osb_hh2_477127614,2,P05_long_step,spike_count,exceeds,36.0,57.0,21.0,0.5,r-317893116e9cb0c903c3,r-988c649dc3928724e77b
neuron_model_behavioral_validation,Neuraxis,development_pilot,PILOT2_PROTOCOL,Exploratory development data; second development iteration informed by Pilot 1; not independent confirmation; never pooled with the confirmatory held-out estimate,m-scale_capacitance-d886e6ca3e,osb_hh2_477127614,2,P06_ramp,first_spike_latency,exceeds,415.849999999494,381.6799999995251,34.16999999996892,8.31799999998988,r-24b7e809e0450dd29615,r-ff50d639c9d02f719e7d
neuron_model_behavioral_validation,Neuraxis,development_pilot,PILOT2_PROTOCOL,Exploratory development data; second development iteration informed by Pilot 1; not independent confirmation; never pooled with the confirmatory held-out estimate,m-scale_capacitance-d886e6ca3e,osb_hh2_477127614,2,P06_ramp,spike_count,exceeds,21.0,31.0,10.0,3.0,r-24b7e809e0450dd29615,r-ff50d639c9d02f719e7d
neuron_model_behavioral_validation,Neuraxis,development_pilot,PILOT2_PROTOCOL,Exploratory development data; second development iteration informed by Pilot 1; not independent confirmation; never pooled with the confirmatory held-out estimate,m-scale_capacitance-d886e6ca3e,osb_hh2_477127614,2,P09_short_pulse,ahp_depth,definedness,,3.086980105088685,,inf,r-34e1187a894445f911cf,r-2a18dcfe964cc19a16c3
neuron_model_behavioral_validation,Neuraxis,development_pilot,PILOT2_PROTOCOL,Exploratory development data; second development iteration informed by Pilot 1; not independent confirmation; never pooled with the confirmatory held-out estimate,m-scale_capacitance-d886e6ca3e,osb_hh2_477127614,2,P09_short_pulse,ap_amplitude,definedness,,78.49634170696295,,inf,r-34e1187a894445f911cf,r-2a18dcfe964cc19a16c3
neuron_model_behavioral_validation,Neuraxis,development_pilot,PILOT2_PROTOCOL,Exploratory development data; second development iteration informed by Pilot 1; not independent confirmation; never pooled with the confirmatory held-out estimate,m-scale_capacitance-d886e6ca3e,osb_hh2_477127614,2,P09_short_pulse,first_spike_latency,definedness,,4.2799999998682665,,inf,r-34e1187a894445f911cf,r-2a18dcfe964cc19a16c3
neuron_model_behavioral_validation,Neuraxis,development_pilot,PILOT2_PROTOCOL,Exploratory development data; second development iteration informed by Pilot 1; not independent confirmation; never pooled with the confirmatory held-out estimate,m-scale_capacitance-d886e6ca3e,osb_hh2_477127614,2,P09_short_pulse,spike_count,exceeds,0.0,1.0,1.0,0.5,r-34e1187a894445f911cf,r-2a18dcfe964cc19a16c3
neuron_model_behavioral_validation,Neuraxis,development_pilot,PILOT2_PROTOCOL,Exploratory development data; second development iteration informed by Pilot 1; not independent confirmation; never pooled with the confirmatory held-out estimate,m-shift_channel_vshift-8dac96bdae,osb_hh2_477127614,1,P00_canonical,ap_amplitude,exceeds,68.17416534535639,76.53405380306441,8.359888457708024,3.9121788024255437,r-50990666ac8ec9a46823,r-f6737678091aa9298f62
neuron_model_behavioral_validation,Neuraxis,development_pilot,PILOT2_PROTOCOL,Exploratory development data; second development iteration informed by Pilot 1; not independent confirmation; never pooled with the confirmatory held-out estimate,m-shift_channel_vshift-8dac96bdae,osb_hh2_477127614,1,P00_canonical,first_spike_latency,exceeds,28.91999999987314,22.349999999879117,6.569999999994025,0.5783999999974628,r-50990666ac8ec9a46823,r-f6737678091aa9298f62
neuron_model_behavioral_validation,Neuraxis,development_pilot,PILOT2_PROTOCOL,Exploratory development data; second development iteration informed by Pilot 1; not independent confirmation; never pooled with the confirmatory held-out estimate,m-shift_channel_vshift-8dac96bdae,osb_hh2_477127614,1,P00_canonical,last_isi,exceeds,25.819999999976517,18.299999999983356,7.519999999993161,6.599999999993997,r-50990666ac8ec9a46823,r-f6737678091aa9298f62
neuron_model_behavioral_validation,Neuraxis,development_pilot,PILOT2_PROTOCOL,Exploratory development data; second development iteration informed by Pilot 1; not independent confirmation; never pooled with the confirmatory held-out estimate,m-shift_channel_vshift-8dac96bdae,osb_hh2_477127614,1,P00_canonical,spike_count,exceeds,28.0,41.0,13.0,9.0,r-50990666ac8ec9a46823,r-f6737678091aa9298f62
neuron_model_behavioral_validation,Neuraxis,development_pilot,PILOT2_PROTOCOL,Exploratory development data; second development iteration informed by Pilot 1; not independent confirmation; never pooled with the confirmatory held-out estimate,m-shift_channel_vshift-8dac96bdae,osb_hh2_477127614,1,P03_rheobase,rheobase,exceeds,0.06447647018646267,0.04675227101973909,0.017724199166723582,0.0012895294037292536,s-bd435463250c35027583,s-4a0ad2d50e622f265340
neuron_model_behavioral_validation,Neuraxis,development_pilot,PILOT2_PROTOCOL,Exploratory development data; second development iteration informed by Pilot 1; not independent confirmation; never pooled with the confirmatory held-out estimate,m-shift_channel_vshift-8dac96bdae,osb_hh2_477127614,1,P04_step_2x,ap_amplitude,exceeds,65.66345214961734,73.89179611359035,8.228343963973003,1.3132690429923468,r-d2b3788dfa4671532754,r-0d2d6ef6f0015891c293
neuron_model_behavioral_validation,Neuraxis,development_pilot,PILOT2_PROTOCOL,Exploratory development data; second development iteration informed by Pilot 1; not independent confirmation; never pooled with the confirmatory held-out estimate,m-shift_channel_vshift-8dac96bdae,osb_hh2_477127614,1,P04_step_2x,first_spike_latency,exceeds,41.14999999983473,30.239999999844656,10.909999999990077,0.8229999999966947,r-d2b3788dfa4671532754,r-0d2d6ef6f0015891c293
neuron_model_behavioral_validation,Neuraxis,development_pilot,PILOT2_PROTOCOL,Exploratory development data; second development iteration informed by Pilot 1; not independent confirmation; never pooled with the confirmatory held-out estimate,m-shift_channel_vshift-8dac96bdae,osb_hh2_477127614,1,P04_step_2x,last_isi,exceeds,32.02999999997087,19.289999999982456,12.739999999988413,1.589999999998554,r-d2b3788dfa4671532754,r-0d2d6ef6f0015891c293
neuron_model_behavioral_validation,Neuraxis,development_pilot,PILOT2_PROTOCOL,Exploratory development data; second development iteration informed by Pilot 1; not independent confirmation; never pooled with the confirmatory held-out estimate,m-shift_channel_vshift-8dac96bdae,osb_hh2_477127614,1,P04_step_2x,spike_count,exceeds,15.0,27.0,12.0,3.0,r-d2b3788dfa4671532754,r-0d2d6ef6f0015891c293
neuron_model_behavioral_validation,Neuraxis,development_pilot,PILOT2_PROTOCOL,Exploratory development data; second development iteration informed by Pilot 1; not independent confirmation; never pooled with the confirmatory held-out estimate,m-shift_channel_vshift-8dac96bdae,osb_hh2_477127614,1,P05_long_step,ap_amplitude,exceeds,65.26353454776816,73.55947876145397,8.295944213685814,1.3052706909553633,r-5fe7a143f3c88a372d40,r-5f1094062e67aadae165
neuron_model_behavioral_validation,Neuraxis,development_pilot,PILOT2_PROTOCOL,Exploratory development data; second development iteration informed by Pilot 1; not independent confirmation; never pooled with the confirmatory held-out estimate,m-shift_channel_vshift-8dac96bdae,osb_hh2_477127614,1,P05_long_step,first_spike_latency,exceeds,65.31999999981275,43.66999999983244,21.64999999998031,1.306399999996255,r-5fe7a143f3c88a372d40,r-5f1094062e67aadae165
neuron_model_behavioral_validation,Neuraxis,development_pilot,PILOT2_PROTOCOL,Exploratory development data; second development iteration informed by Pilot 1; not independent confirmation; never pooled with the confirmatory held-out estimate,m-shift_channel_vshift-8dac96bdae,osb_hh2_477127614,1,P05_long_step,last_isi,exceeds,56.07000000122389,29.350000000640648,26.72000000058324,2.6100000000569707,r-5fe7a143f3c88a372d40,r-5f1094062e67aadae165
neuron_model_behavioral_validation,Neuraxis,development_pilot,PILOT2_PROTOCOL,Exploratory development data; second development iteration informed by Pilot 1; not independent confirmation; never pooled with the confirmatory held-out estimate,m-shift_channel_vshift-8dac96bdae,osb_hh2_477127614,1,P05_long_step,spike_count,exceeds,36.0,70.0,34.0,0.5,r-5fe7a143f3c88a372d40,r-5f1094062e67aadae165
neuron_model_behavioral_validation,Neuraxis,development_pilot,PILOT2_PROTOCOL,Exploratory development data; second development iteration informed by Pilot 1; not independent confirmation; never pooled with the confirmatory held-out estimate,m-shift_channel_vshift-8dac96bdae,osb_hh2_477127614,1,P06_ramp,first_spike_latency,exceeds,415.89999999949396,326.97999999957483,88.91999999991913,8.31799999998988,r-0957e33747fc542d9104,r-1886eb91f47b6b9fc786
neuron_model_behavioral_validation,Neuraxis,development_pilot,PILOT2_PROTOCOL,Exploratory development data; second development iteration informed by Pilot 1; not independent confirmation; never pooled with the confirmatory held-out estimate,m-shift_channel_vshift-8dac96bdae,osb_hh2_477127614,1,P06_ramp,spike_count,exceeds,20.0,35.0,15.0,3.0,r-0957e33747fc542d9104,r-1886eb91f47b6b9fc786
neuron_model_behavioral_validation,Neuraxis,development_pilot,PILOT2_PROTOCOL,Exploratory development data; second development iteration informed by Pilot 1; not independent confirmation; never pooled with the confirmatory held-out estimate,m-shift_channel_vshift-8dac96bdae,osb_hh2_477127614,2,P00_canonical,ap_amplitude,exceeds,66.87010574454787,75.01953354001529,8.149427795467417,3.9121788024255437,r-cff06a8ac591df54f373,r-07800e0250bd7487ac6c
neuron_model_behavioral_validation,Neuraxis,development_pilot,PILOT2_PROTOCOL,Exploratory development data; second development iteration informed by Pilot 1; not independent confirmation; never pooled with the confirmatory held-out estimate,m-shift_channel_vshift-8dac96bdae,osb_hh2_477127614,2,P00_canonical,first_spike_latency,exceeds,28.749999999873296,22.17999999987927,6.569999999994025,0.5783999999974628,r-cff06a8ac591df54f373,r-07800e0250bd7487ac6c
neuron_model_behavioral_validation,Neuraxis,development_pilot,PILOT2_PROTOCOL,Exploratory development data; second development iteration informed by Pilot 1; not independent confirmation; never pooled with the confirmatory held-out estimate,m-shift_channel_vshift-8dac96bdae,osb_hh2_477127614,2,P00_canonical,last_isi,exceeds,23.619999999978518,15.989999999985457,7.6299999999930606,6.599999999993997,r-cff06a8ac591df54f373,r-07800e0250bd7487ac6c
neuron_model_behavioral_validation,Neuraxis,development_pilot,PILOT2_PROTOCOL,Exploratory development data; second development iteration informed by Pilot 1; not independent confirmation; never pooled with the confirmatory held-out estimate,m-shift_channel_vshift-8dac96bdae,osb_hh2_477127614,2,P00_canonical,spike_count,exceeds,31.0,47.0,16.0,9.0,r-cff06a8ac591df54f373,r-07800e0250bd7487ac6c
neuron_model_behavioral_validation,Neuraxis,development_pilot,PILOT2_PROTOCOL,Exploratory development data; second development iteration informed by Pilot 1; not independent confirmation; never pooled with the confirmatory held-out estimate,m-shift_channel_vshift-8dac96bdae,osb_hh2_477127614,2,P03_rheobase,rheobase,exceeds,0.06447647018646267,0.04675227101973909,0.017724199166723582,0.0012895294037292536,s-4d054cac6fc39c11b1f5,s-69367493ba4058c1e220
neuron_model_behavioral_validation,Neuraxis,development_pilot,PILOT2_PROTOCOL,Exploratory development data; second development iteration informed by Pilot 1; not independent confirmation; never pooled with the confirmatory held-out estimate,m-shift_channel_vshift-8dac96bdae,osb_hh2_477127614,2,P04_step_2x,ap_amplitude,exceeds,65.3342704782316,73.56506157035216,8.230791092120555,1.3132690429923468,r-ae1b79422775c8a979b7,r-82347bc8acd43b5c9563
neuron_model_behavioral_validation,Neuraxis,development_pilot,PILOT2_PROTOCOL,Exploratory development data; second development iteration informed by Pilot 1; not independent confirmation; never pooled with the confirmatory held-out estimate,m-shift_channel_vshift-8dac96bdae,osb_hh2_477127614,2,P04_step_2x,first_spike_latency,exceeds,41.10999999983477,30.199999999844692,10.909999999990077,0.8229999999966947,r-ae1b79422775c8a979b7,r-82347bc8acd43b5c9563
neuron_model_behavioral_validation,Neuraxis,development_pilot,PILOT2_PROTOCOL,Exploratory development data; second development iteration informed by Pilot 1; not independent confirmation; never pooled with the confirmatory held-out estimate,m-shift_channel_vshift-8dac96bdae,osb_hh2_477127614,2,P04_step_2x,last_isi,exceeds,31.49999999997135,18.639999999983047,12.859999999988304,1.589999999998554,r-ae1b79422775c8a979b7,r-82347bc8acd43b5c9563
neuron_model_behavioral_validation,Neuraxis,development_pilot,PILOT2_PROTOCOL,Exploratory development data; second development iteration informed by Pilot 1; not independent confirmation; never pooled with the confirmatory held-out estimate,m-shift_channel_vshift-8dac96bdae,osb_hh2_477127614,2,P04_step_2x,spike_count,exceeds,16.0,28.0,12.0,3.0,r-ae1b79422775c8a979b7,r-82347bc8acd43b5c9563
neuron_model_behavioral_validation,Neuraxis,development_pilot,PILOT2_PROTOCOL,Exploratory development data; second development iteration informed by Pilot 1; not independent confirmation; never pooled with the confirmatory held-out estimate,m-shift_channel_vshift-8dac96bdae,osb_hh2_477127614,2,P05_long_step,ap_amplitude,exceeds,64.9877738975208,73.30197525184647,8.314201354325675,1.3052706909553633,r-317893116e9cb0c903c3,r-2c7db128bf932d6bc84e
neuron_model_behavioral_validation,Neuraxis,development_pilot,PILOT2_PROTOCOL,Exploratory development data; second development iteration informed by Pilot 1; not independent confirmation; never pooled with the confirmatory held-out estimate,m-shift_channel_vshift-8dac96bdae,osb_hh2_477127614,2,P05_long_step,first_spike_latency,exceeds,65.27999999981279,43.62999999983248,21.64999999998031,1.306399999996255,r-317893116e9cb0c903c3,r-2c7db128bf932d6bc84e
neuron_model_behavioral_validation,Neuraxis,development_pilot,PILOT2_PROTOCOL,Exploratory development data; second development iteration informed by Pilot 1; not independent confirmation; never pooled with the confirmatory held-out estimate,m-shift_channel_vshift-8dac96bdae,osb_hh2_477127614,2,P05_long_step,last_isi,exceeds,55.2000000012049,28.40000000061991,26.800000000584987,2.6100000000569707,r-317893116e9cb0c903c3,r-2c7db128bf932d6bc84e
neuron_model_behavioral_validation,Neuraxis,development_pilot,PILOT2_PROTOCOL,Exploratory development data; second development iteration informed by Pilot 1; not independent confirmation; never pooled with the confirmatory held-out estimate,m-shift_channel_vshift-8dac96bdae,osb_hh2_477127614,2,P05_long_step,spike_count,exceeds,36.0,72.0,36.0,0.5,r-317893116e9cb0c903c3,r-2c7db128bf932d6bc84e
neuron_model_behavioral_validation,Neuraxis,development_pilot,PILOT2_PROTOCOL,Exploratory development data; second development iteration informed by Pilot 1; not independent confirmation; never pooled with the confirmatory held-out estimate,m-shift_channel_vshift-8dac96bdae,osb_hh2_477127614,2,P06_ramp,first_spike_latency,exceeds,415.849999999494,326.9299999995749,88.91999999991913,8.31799999998988,r-24b7e809e0450dd29615,r-fa641e4e1bd4c7413b11
neuron_model_behavioral_validation,Neuraxis,development_pilot,PILOT2_PROTOCOL,Exploratory development data; second development iteration informed by Pilot 1; not independent confirmation; never pooled with the confirmatory held-out estimate,m-shift_channel_vshift-8dac96bdae,osb_hh2_477127614,2,P06_ramp,spike_count,exceeds,21.0,37.0,16.0,3.0,r-24b7e809e0450dd29615,r-fa641e4e1bd4c7413b11
neuron_model_behavioral_validation,Neuraxis,development_pilot,PILOT2_PROTOCOL,Exploratory development data; second development iteration informed by Pilot 1; not independent confirmation; never pooled with the confirmatory held-out estimate,m-wrong_channel-105026e445,osb_hh2_477127614,1,P00_canonical,adaptation_index,definedness,0.0017557204659683922,,,0.01,r-50990666ac8ec9a46823,r-83500d9fdd06efa9953f
neuron_model_behavioral_validation,Neuraxis,development_pilot,PILOT2_PROTOCOL,Exploratory development data; second development iteration informed by Pilot 1; not independent confirmation; never pooled with the confirmatory held-out estimate,m-wrong_channel-105026e445,osb_hh2_477127614,1,P00_canonical,ahp_depth,definedness,7.666865774086709,,,6.899955266347455,r-50990666ac8ec9a46823,r-83500d9fdd06efa9953f
neuron_model_behavioral_validation,Neuraxis,development_pilot,PILOT2_PROTOCOL,Exploratory development data; second development iteration informed by Pilot 1; not independent confirmation; never pooled with the confirmatory held-out estimate,m-wrong_channel-105026e445,osb_hh2_477127614,1,P00_canonical,ap_amplitude,definedness,68.17416534535639,,,3.9121788024255437,r-50990666ac8ec9a46823,r-83500d9fdd06efa9953f
neuron_model_behavioral_validation,Neuraxis,development_pilot,PILOT2_PROTOCOL,Exploratory development data; second development iteration informed by Pilot 1; not independent confirmation; never pooled with the confirmatory held-out estimate,m-wrong_channel-105026e445,osb_hh2_477127614,1,P00_canonical,first_spike_latency,definedness,28.91999999987314,,,0.5783999999974628,r-50990666ac8ec9a46823,r-83500d9fdd06efa9953f
neuron_model_behavioral_validation,Neuraxis,development_pilot,PILOT2_PROTOCOL,Exploratory development data; second development iteration informed by Pilot 1; not independent confirmation; never pooled with the confirmatory held-out estimate,m-wrong_channel-105026e445,osb_hh2_477127614,1,P00_canonical,last_isi,definedness,25.819999999976517,,,6.599999999993997,r-50990666ac8ec9a46823,r-83500d9fdd06efa9953f
neuron_model_behavioral_validation,Neuraxis,development_pilot,PILOT2_PROTOCOL,Exploratory development data; second development iteration informed by Pilot 1; not independent confirmation; never pooled with the confirmatory held-out estimate,m-wrong_channel-105026e445,osb_hh2_477127614,1,P00_canonical,spike_count,exceeds,28.0,0.0,28.0,9.0,r-50990666ac8ec9a46823,r-83500d9fdd06efa9953f
neuron_model_behavioral_validation,Neuraxis,development_pilot,PILOT2_PROTOCOL,Exploratory development data; second development iteration informed by Pilot 1; not independent confirmation; never pooled with the confirmatory held-out estimate,m-wrong_channel-105026e445,osb_hh2_477127614,1,P03_rheobase,rheobase,exceeds,0.06447647018646267,0.0545386244109009,0.009937845775561775,0.0012895294037292536,s-bd435463250c35027583,s-73ec573267d93109d799
neuron_model_behavioral_validation,Neuraxis,development_pilot,PILOT2_PROTOCOL,Exploratory development data; second development iteration informed by Pilot 1; not independent confirmation; never pooled with the confirmatory held-out estimate,m-wrong_channel-105026e445,osb_hh2_477127614,1,P04_step_2x,adaptation_index,definedness,0.004400096639213388,,,0.01,r-d2b3788dfa4671532754,r-0f69334f7fe9b2435640
neuron_model_behavioral_validation,Neuraxis,development_pilot,PILOT2_PROTOCOL,Exploratory development data; second development iteration informed by Pilot 1; not independent confirmation; never pooled with the confirmatory held-out estimate,m-wrong_channel-105026e445,osb_hh2_477127614,1,P04_step_2x,ahp_depth,definedness,11.031660542810322,,,1.2616209106284657,r-d2b3788dfa4671532754,r-0f69334f7fe9b2435640
neuron_model_behavioral_validation,Neuraxis,development_pilot,PILOT2_PROTOCOL,Exploratory development data; second development iteration informed by Pilot 1; not independent confirmation; never pooled with the confirmatory held-out estimate,m-wrong_channel-105026e445,osb_hh2_477127614,1,P04_step_2x,ap_amplitude,definedness,65.66345214961734,,,1.3132690429923468,r-d2b3788dfa4671532754,r-0f69334f7fe9b2435640
neuron_model_behavioral_validation,Neuraxis,development_pilot,PILOT2_PROTOCOL,Exploratory development data; second development iteration informed by Pilot 1; not independent confirmation; never pooled with the confirmatory held-out estimate,m-wrong_channel-105026e445,osb_hh2_477127614,1,P04_step_2x,first_spike_latency,definedness,41.14999999983473,,,0.8229999999966947,r-d2b3788dfa4671532754,r-0f69334f7fe9b2435640
neuron_model_behavioral_validation,Neuraxis,development_pilot,PILOT2_PROTOCOL,Exploratory development data; second development iteration informed by Pilot 1; not independent confirmation; never pooled with the confirmatory held-out estimate,m-wrong_channel-105026e445,osb_hh2_477127614,1,P04_step_2x,last_isi,definedness,32.02999999997087,,,1.589999999998554,r-d2b3788dfa4671532754,r-0f69334f7fe9b2435640
neuron_model_behavioral_validation,Neuraxis,development_pilot,PILOT2_PROTOCOL,Exploratory development data; second development iteration informed by Pilot 1; not independent confirmation; never pooled with the confirmatory held-out estimate,m-wrong_channel-105026e445,osb_hh2_477127614,1,P04_step_2x,spike_count,exceeds,15.0,0.0,15.0,3.0,r-d2b3788dfa4671532754,r-0f69334f7fe9b2435640
neuron_model_behavioral_validation,Neuraxis,development_pilot,PILOT2_PROTOCOL,Exploratory development data; second development iteration informed by Pilot 1; not independent confirmation; never pooled with the confirmatory held-out estimate,m-wrong_channel-105026e445,osb_hh2_477127614,1,P05_long_step,adaptation_index,definedness,0.0020482756593237653,,,0.01,r-5fe7a143f3c88a372d40,r-c967d4adfff16ea26680
neuron_model_behavioral_validation,Neuraxis,development_pilot,PILOT2_PROTOCOL,Exploratory development data; second development iteration informed by Pilot 1; not independent confirmation; never pooled with the confirmatory held-out estimate,m-wrong_channel-105026e445,osb_hh2_477127614,1,P05_long_step,ahp_depth,definedness,10.79554604085748,,,1.255040557864767,r-5fe7a143f3c88a372d40,r-c967d4adfff16ea26680
neuron_model_behavioral_validation,Neuraxis,development_pilot,PILOT2_PROTOCOL,Exploratory development data; second development iteration informed by Pilot 1; not independent confirmation; never pooled with the confirmatory held-out estimate,m-wrong_channel-105026e445,osb_hh2_477127614,1,P05_long_step,ap_amplitude,definedness,65.26353454776816,,,1.3052706909553633,r-5fe7a143f3c88a372d40,r-c967d4adfff16ea26680
neuron_model_behavioral_validation,Neuraxis,development_pilot,PILOT2_PROTOCOL,Exploratory development data; second development iteration informed by Pilot 1; not independent confirmation; never pooled with the confirmatory held-out estimate,m-wrong_channel-105026e445,osb_hh2_477127614,1,P05_long_step,first_spike_latency,definedness,65.31999999981275,,,1.306399999996255,r-5fe7a143f3c88a372d40,r-c967d4adfff16ea26680
neuron_model_behavioral_validation,Neuraxis,development_pilot,PILOT2_PROTOCOL,Exploratory development data; second development iteration informed by Pilot 1; not independent confirmation; never pooled with the confirmatory held-out estimate,m-wrong_channel-105026e445,osb_hh2_477127614,1,P05_long_step,last_isi,definedness,56.07000000122389,,,2.6100000000569707,r-5fe7a143f3c88a372d40,r-c967d4adfff16ea26680
neuron_model_behavioral_validation,Neuraxis,development_pilot,PILOT2_PROTOCOL,Exploratory development data; second development iteration informed by Pilot 1; not independent confirmation; never pooled with the confirmatory held-out estimate,m-wrong_channel-105026e445,osb_hh2_477127614,1,P05_long_step,spike_count,exceeds,36.0,0.0,36.0,0.5,r-5fe7a143f3c88a372d40,r-c967d4adfff16ea26680
neuron_model_behavioral_validation,Neuraxis,development_pilot,PILOT2_PROTOCOL,Exploratory development data; second development iteration informed by Pilot 1; not independent confirmation; never pooled with the confirmatory held-out estimate,m-wrong_channel-105026e445,osb_hh2_477127614,1,P06_ramp,first_spike_latency,definedness,415.89999999949396,,,8.31799999998988,r-0957e33747fc542d9104,r-899528a77fbac50b1522
neuron_model_behavioral_validation,Neuraxis,development_pilot,PILOT2_PROTOCOL,Exploratory development data; second development iteration informed by Pilot 1; not independent confirmation; never pooled with the confirmatory held-out estimate,m-wrong_channel-105026e445,osb_hh2_477127614,1,P06_ramp,spike_count,exceeds,20.0,0.0,20.0,3.0,r-0957e33747fc542d9104,r-899528a77fbac50b1522
neuron_model_behavioral_validation,Neuraxis,development_pilot,PILOT2_PROTOCOL,Exploratory development data; second development iteration informed by Pilot 1; not independent confirmation; never pooled with the confirmatory held-out estimate,m-wrong_channel-105026e445,osb_hh2_477127614,2,P00_canonical,adaptation_index,definedness,0.001963943238299798,,,0.01,r-cff06a8ac591df54f373,r-0116f017713fea5e535e
neuron_model_behavioral_validation,Neuraxis,development_pilot,PILOT2_PROTOCOL,Exploratory development data; second development iteration informed by Pilot 1; not independent confirmation; never pooled with the confirmatory held-out estimate,m-wrong_channel-105026e445,osb_hh2_477127614,2,P00_canonical,ahp_depth,definedness,9.966850862869194,,,6.899955266347455,r-cff06a8ac591df54f373,r-0116f017713fea5e535e
neuron_model_behavioral_validation,Neuraxis,development_pilot,PILOT2_PROTOCOL,Exploratory development data; second development iteration informed by Pilot 1; not independent confirmation; never pooled with the confirmatory held-out estimate,m-wrong_channel-105026e445,osb_hh2_477127614,2,P00_canonical,ap_amplitude,definedness,66.87010574454787,,,3.9121788024255437,r-cff06a8ac591df54f373,r-0116f017713fea5e535e
neuron_model_behavioral_validation,Neuraxis,development_pilot,PILOT2_PROTOCOL,Exploratory development data; second development iteration informed by Pilot 1; not independent confirmation; never pooled with the confirmatory held-out estimate,m-wrong_channel-105026e445,osb_hh2_477127614,2,P00_canonical,first_spike_latency,definedness,28.749999999873296,,,0.5783999999974628,r-cff06a8ac591df54f373,r-0116f017713fea5e535e
neuron_model_behavioral_validation,Neuraxis,development_pilot,PILOT2_PROTOCOL,Exploratory development data; second development iteration informed by Pilot 1; not independent confirmation; never pooled with the confirmatory held-out estimate,m-wrong_channel-105026e445,osb_hh2_477127614,2,P00_canonical,last_isi,definedness,23.619999999978518,,,6.599999999993997,r-cff06a8ac591df54f373,r-0116f017713fea5e535e
neuron_model_behavioral_validation,Neuraxis,development_pilot,PILOT2_PROTOCOL,Exploratory development data; second development iteration informed by Pilot 1; not independent confirmation; never pooled with the confirmatory held-out estimate,m-wrong_channel-105026e445,osb_hh2_477127614,2,P00_canonical,spike_count,exceeds,31.0,0.0,31.0,9.0,r-cff06a8ac591df54f373,r-0116f017713fea5e535e
neuron_model_behavioral_validation,Neuraxis,development_pilot,PILOT2_PROTOCOL,Exploratory development data; second development iteration informed by Pilot 1; not independent confirmation; never pooled with the confirmatory held-out estimate,m-wrong_channel-105026e445,osb_hh2_477127614,2,P03_rheobase,rheobase,exceeds,0.06447647018646267,0.0545386244109009,0.009937845775561775,0.0012895294037292536,s-4d054cac6fc39c11b1f5,s-281fdd69ce1be66462b7
neuron_model_behavioral_validation,Neuraxis,development_pilot,PILOT2_PROTOCOL,Exploratory development data; second development iteration informed by Pilot 1; not independent confirmation; never pooled with the confirmatory held-out estimate,m-wrong_channel-105026e445,osb_hh2_477127614,2,P04_step_2x,adaptation_index,definedness,0.0043792695235912405,,,0.01,r-ae1b79422775c8a979b7,r-30d17c54ac2eae6167d0
neuron_model_behavioral_validation,Neuraxis,development_pilot,PILOT2_PROTOCOL,Exploratory development data; second development iteration informed by Pilot 1; not independent confirmation; never pooled with the confirmatory held-out estimate,m-wrong_channel-105026e445,osb_hh2_477127614,2,P04_step_2x,ahp_depth,definedness,11.452200846353144,,,1.2616209106284657,r-ae1b79422775c8a979b7,r-30d17c54ac2eae6167d0
neuron_model_behavioral_validation,Neuraxis,development_pilot,PILOT2_PROTOCOL,Exploratory development data; second development iteration informed by Pilot 1; not independent confirmation; never pooled with the confirmatory held-out estimate,m-wrong_channel-105026e445,osb_hh2_477127614,2,P04_step_2x,ap_amplitude,definedness,65.3342704782316,,,1.3132690429923468,r-ae1b79422775c8a979b7,r-30d17c54ac2eae6167d0
neuron_model_behavioral_validation,Neuraxis,development_pilot,PILOT2_PROTOCOL,Exploratory development data; second development iteration informed by Pilot 1; not independent confirmation; never pooled with the confirmatory held-out estimate,m-wrong_channel-105026e445,osb_hh2_477127614,2,P04_step_2x,first_spike_latency,definedness,41.10999999983477,,,0.8229999999966947,r-ae1b79422775c8a979b7,r-30d17c54ac2eae6167d0
neuron_model_behavioral_validation,Neuraxis,development_pilot,PILOT2_PROTOCOL,Exploratory development data; second development iteration informed by Pilot 1; not independent confirmation; never pooled with the confirmatory held-out estimate,m-wrong_channel-105026e445,osb_hh2_477127614,2,P04_step_2x,last_isi,definedness,31.49999999997135,,,1.589999999998554,r-ae1b79422775c8a979b7,r-30d17c54ac2eae6167d0
neuron_model_behavioral_validation,Neuraxis,development_pilot,PILOT2_PROTOCOL,Exploratory development data; second development iteration informed by Pilot 1; not independent confirmation; never pooled with the confirmatory held-out estimate,m-wrong_channel-105026e445,osb_hh2_477127614,2,P04_step_2x,spike_count,exceeds,16.0,0.0,16.0,3.0,r-ae1b79422775c8a979b7,r-30d17c54ac2eae6167d0
neuron_model_behavioral_validation,Neuraxis,development_pilot,PILOT2_PROTOCOL,Exploratory development data; second development iteration informed by Pilot 1; not independent confirmation; never pooled with the confirmatory held-out estimate,m-wrong_channel-105026e445,osb_hh2_477127614,2,P05_long_step,adaptation_index,definedness,0.002149159038242536,,,0.01,r-317893116e9cb0c903c3,r-0764fc815d36e1fc8119
neuron_model_behavioral_validation,Neuraxis,development_pilot,PILOT2_PROTOCOL,Exploratory development data; second development iteration informed by Pilot 1; not independent confirmation; never pooled with the confirmatory held-out estimate,m-wrong_channel-105026e445,osb_hh2_477127614,2,P05_long_step,ahp_depth,definedness,11.21389289347907,,,1.255040557864767,r-317893116e9cb0c903c3,r-0764fc815d36e1fc8119
neuron_model_behavioral_validation,Neuraxis,development_pilot,PILOT2_PROTOCOL,Exploratory development data; second development iteration informed by Pilot 1; not independent confirmation; never pooled with the confirmatory held-out estimate,m-wrong_channel-105026e445,osb_hh2_477127614,2,P05_long_step,ap_amplitude,definedness,64.9877738975208,,,1.3052706909553633,r-317893116e9cb0c903c3,r-0764fc815d36e1fc8119
neuron_model_behavioral_validation,Neuraxis,development_pilot,PILOT2_PROTOCOL,Exploratory development data; second development iteration informed by Pilot 1; not independent confirmation; never pooled with the confirmatory held-out estimate,m-wrong_channel-105026e445,osb_hh2_477127614,2,P05_long_step,first_spike_latency,definedness,65.27999999981279,,,1.306399999996255,r-317893116e9cb0c903c3,r-0764fc815d36e1fc8119
neuron_model_behavioral_validation,Neuraxis,development_pilot,PILOT2_PROTOCOL,Exploratory development data; second development iteration informed by Pilot 1; not independent confirmation; never pooled with the confirmatory held-out estimate,m-wrong_channel-105026e445,osb_hh2_477127614,2,P05_long_step,last_isi,definedness,55.2000000012049,,,2.6100000000569707,r-317893116e9cb0c903c3,r-0764fc815d36e1fc8119
neuron_model_behavioral_validation,Neuraxis,development_pilot,PILOT2_PROTOCOL,Exploratory development data; second development iteration informed by Pilot 1; not independent confirmation; never pooled with the confirmatory held-out estimate,m-wrong_channel-105026e445,osb_hh2_477127614,2,P05_long_step,spike_count,exceeds,36.0,0.0,36.0,0.5,r-317893116e9cb0c903c3,r-0764fc815d36e1fc8119
neuron_model_behavioral_validation,Neuraxis,development_pilot,PILOT2_PROTOCOL,Exploratory development data; second development iteration informed by Pilot 1; not independent confirmation; never pooled with the confirmatory held-out estimate,m-wrong_channel-105026e445,osb_hh2_477127614,2,P06_ramp,first_spike_latency,definedness,415.849999999494,,,8.31799999998988,r-24b7e809e0450dd29615,r-8a6f2ae9249af8fcc2f7
neuron_model_behavioral_validation,Neuraxis,development_pilot,PILOT2_PROTOCOL,Exploratory development data; second development iteration informed by Pilot 1; not independent confirmation; never pooled with the confirmatory held-out estimate,m-wrong_channel-105026e445,osb_hh2_477127614,2,P06_ramp,spike_count,exceeds,21.0,0.0,21.0,3.0,r-24b7e809e0450dd29615,r-8a6f2ae9249af8fcc2f7
neuron_model_behavioral_validation,Neuraxis,development_pilot,PILOT2_PROTOCOL,Exploratory development data; second development iteration informed by Pilot 1; not independent confirmation; never pooled with the confirmatory held-out estimate,m-duplicate_conductance-06ea96d790,osb_hh2_477127614,1,P03_rheobase,rheobase,exceeds,0.06447647018646267,0.06669626391639916,0.002219793729936484,0.0012895294037292536,s-bd435463250c35027583,s-6cf5215c49bde44ddac4
neuron_model_behavioral_validation,Neuraxis,development_pilot,PILOT2_PROTOCOL,Exploratory development data; second development iteration informed by Pilot 1; not independent confirmation; never pooled with the confirmatory held-out estimate,m-duplicate_conductance-06ea96d790,osb_hh2_477127614,1,P04_step_2x,last_isi,exceeds,32.02999999997087,34.859999999968295,2.829999999997426,1.589999999998554,r-d2b3788dfa4671532754,r-d1f8922381fe884b4be0
neuron_model_behavioral_validation,Neuraxis,development_pilot,PILOT2_PROTOCOL,Exploratory development data; second development iteration informed by Pilot 1; not independent confirmation; never pooled with the confirmatory held-out estimate,m-duplicate_conductance-06ea96d790,osb_hh2_477127614,1,P05_long_step,last_isi,exceeds,56.07000000122389,64.30000000140353,8.230000000179643,2.6100000000569707,r-5fe7a143f3c88a372d40,r-2c1bd8dcd6f601d7d9f7
neuron_model_behavioral_validation,Neuraxis,development_pilot,PILOT2_PROTOCOL,Exploratory development data; second development iteration informed by Pilot 1; not independent confirmation; never pooled with the confirmatory held-out estimate,m-duplicate_conductance-06ea96d790,osb_hh2_477127614,1,P05_long_step,spike_count,exceeds,36.0,32.0,4.0,0.5,r-5fe7a143f3c88a372d40,r-2c1bd8dcd6f601d7d9f7
neuron_model_behavioral_validation,Neuraxis,development_pilot,PILOT2_PROTOCOL,Exploratory development data; second development iteration informed by Pilot 1; not independent confirmation; never pooled with the confirmatory held-out estimate,m-duplicate_conductance-06ea96d790,osb_hh2_477127614,2,P03_rheobase,rheobase,exceeds,0.06447647018646267,0.06669626391639916,0.002219793729936484,0.0012895294037292536,s-4d054cac6fc39c11b1f5,s-947e37e5a42c19a5a6f7
neuron_model_behavioral_validation,Neuraxis,development_pilot,PILOT2_PROTOCOL,Exploratory development data; second development iteration informed by Pilot 1; not independent confirmation; never pooled with the confirmatory held-out estimate,m-duplicate_conductance-06ea96d790,osb_hh2_477127614,2,P04_step_2x,last_isi,exceeds,31.49999999997135,34.17999999996891,2.6799999999975626,1.589999999998554,r-ae1b79422775c8a979b7,r-328993ca03d18da5f610
neuron_model_behavioral_validation,Neuraxis,development_pilot,PILOT2_PROTOCOL,Exploratory development data; second development iteration informed by Pilot 1; not independent confirmation; never pooled with the confirmatory held-out estimate,m-duplicate_conductance-06ea96d790,osb_hh2_477127614,2,P05_long_step,last_isi,exceeds,55.2000000012049,63.45000000138498,8.25000000018008,2.6100000000569707,r-317893116e9cb0c903c3,r-672375e7feb7452feb7e
neuron_model_behavioral_validation,Neuraxis,development_pilot,PILOT2_PROTOCOL,Exploratory development data; second development iteration informed by Pilot 1; not independent confirmation; never pooled with the confirmatory held-out estimate,m-duplicate_conductance-06ea96d790,osb_hh2_477127614,2,P05_long_step,spike_count,exceeds,36.0,32.0,4.0,0.5,r-317893116e9cb0c903c3,r-672375e7feb7452feb7e
neuron_model_behavioral_validation,Neuraxis,development_pilot,PILOT2_PROTOCOL,Exploratory development data; second development iteration informed by Pilot 1; not independent confirmation; never pooled with the confirmatory held-out estimate,m-wrong_compatible_component-a12a6658b4,osb_hh2_477127614,1,P03_rheobase,rheobase,exceeds,0.06447647018646267,0.062051772419916676,0.0024246977665459968,0.0012895294037292536,s-bd435463250c35027583,s-2b625eb6bdf78212dd20
neuron_model_behavioral_validation,Neuraxis,development_pilot,PILOT2_PROTOCOL,Exploratory development data; second development iteration informed by Pilot 1; not independent confirmation; never pooled with the confirmatory held-out estimate,m-wrong_compatible_component-a12a6658b4,osb_hh2_477127614,1,P04_step_2x,last_isi,exceeds,32.02999999997087,29.679999999973006,2.3499999999978627,1.589999999998554,r-d2b3788dfa4671532754,r-66a7f4b9e1b439f46b01
neuron_model_behavioral_validation,Neuraxis,development_pilot,PILOT2_PROTOCOL,Exploratory development data; second development iteration informed by Pilot 1; not independent confirmation; never pooled with the confirmatory held-out estimate,m-wrong_compatible_component-a12a6658b4,osb_hh2_477127614,1,P05_long_step,last_isi,exceeds,56.07000000122389,49.410000001078515,6.660000000145374,2.6100000000569707,r-5fe7a143f3c88a372d40,r-a22fa9b32906dca4fa21
neuron_model_behavioral_validation,Neuraxis,development_pilot,PILOT2_PROTOCOL,Exploratory development data; second development iteration informed by Pilot 1; not independent confirmation; never pooled with the confirmatory held-out estimate,m-wrong_compatible_component-a12a6658b4,osb_hh2_477127614,1,P05_long_step,spike_count,exceeds,36.0,40.0,4.0,0.5,r-5fe7a143f3c88a372d40,r-a22fa9b32906dca4fa21
neuron_model_behavioral_validation,Neuraxis,development_pilot,PILOT2_PROTOCOL,Exploratory development data; second development iteration informed by Pilot 1; not independent confirmation; never pooled with the confirmatory held-out estimate,m-wrong_compatible_component-a12a6658b4,osb_hh2_477127614,2,P03_rheobase,rheobase,exceeds,0.06447647018646267,0.062051772419916676,0.0024246977665459968,0.0012895294037292536,s-4d054cac6fc39c11b1f5,s-866bd7688c7be3fb87af
neuron_model_behavioral_validation,Neuraxis,development_pilot,PILOT2_PROTOCOL,Exploratory development data; second development iteration informed by Pilot 1; not independent confirmation; never pooled with the confirmatory held-out estimate,m-wrong_compatible_component-a12a6658b4,osb_hh2_477127614,2,P04_step_2x,last_isi,exceeds,31.49999999997135,29.119999999973516,2.3799999999978354,1.589999999998554,r-ae1b79422775c8a979b7,r-b8b0133fbc560b0fcf55
neuron_model_behavioral_validation,Neuraxis,development_pilot,PILOT2_PROTOCOL,Exploratory development data; second development iteration informed by Pilot 1; not independent confirmation; never pooled with the confirmatory held-out estimate,m-wrong_compatible_component-a12a6658b4,osb_hh2_477127614,2,P05_long_step,last_isi,exceeds,55.2000000012049,48.55000000105974,6.650000000145155,2.6100000000569707,r-317893116e9cb0c903c3,r-9b7e85278ca258a133d1
neuron_model_behavioral_validation,Neuraxis,development_pilot,PILOT2_PROTOCOL,Exploratory development data; second development iteration informed by Pilot 1; not independent confirmation; never pooled with the confirmatory held-out estimate,m-wrong_compatible_component-a12a6658b4,osb_hh2_477127614,2,P05_long_step,spike_count,exceeds,36.0,41.0,5.0,0.5,r-317893116e9cb0c903c3,r-9b7e85278ca258a133d1
neuron_model_behavioral_validation,Neuraxis,development_pilot,PILOT2_PROTOCOL,Exploratory development data; second development iteration informed by Pilot 1; not independent confirmation; never pooled with the confirmatory held-out estimate,m-scale_conductance-8d921084f4,pospischil2008_fs,1,P00_canonical,ahp_depth,exceeds,-4.832305908199814,-5.515747070309203,0.6834411621093892,0.5,r-4cceac4cec0eb866659f,r-5567f02389795c6ec4b6
neuron_model_behavioral_validation,Neuraxis,development_pilot,PILOT2_PROTOCOL,Exploratory development data; second development iteration informed by Pilot 1; not independent confirmation; never pooled with the confirmatory held-out estimate,m-scale_conductance-8d921084f4,pospischil2008_fs,1,P00_canonical,ap_amplitude,exceeds,87.45660400498362,89.45839691326167,2.0017929082780483,1.7491320800996724,r-4cceac4cec0eb866659f,r-5567f02389795c6ec4b6
neuron_model_behavioral_validation,Neuraxis,development_pilot,PILOT2_PROTOCOL,Exploratory development data; second development iteration informed by Pilot 1; not independent confirmation; never pooled with the confirmatory held-out estimate,m-scale_conductance-8d921084f4,pospischil2008_fs,1,P00_canonical,first_spike_latency,exceeds,17.199999999856516,16.23999999985739,0.9599999999991269,0.5,r-4cceac4cec0eb866659f,r-5567f02389795c6ec4b6
neuron_model_behavioral_validation,Neuraxis,development_pilot,PILOT2_PROTOCOL,Exploratory development data; second development iteration informed by Pilot 1; not independent confirmation; never pooled with the confirmatory held-out estimate,m-scale_conductance-8d921084f4,pospischil2008_fs,1,P00_canonical,last_isi,exceeds,20.21999999998161,19.43999999998232,0.7799999999992906,0.5,r-4cceac4cec0eb866659f,r-5567f02389795c6ec4b6
neuron_model_behavioral_validation,Neuraxis,development_pilot,PILOT2_PROTOCOL,Exploratory development data; second development iteration informed by Pilot 1; not independent confirmation; never pooled with the confirmatory held-out estimate,m-scale_conductance-8d921084f4,pospischil2008_fs,1,P00_canonical,spike_count,exceeds,20.0,21.0,1.0,0.5,r-4cceac4cec0eb866659f,r-5567f02389795c6ec4b6
neuron_model_behavioral_validation,Neuraxis,development_pilot,PILOT2_PROTOCOL,Exploratory development data; second development iteration informed by Pilot 1; not independent confirmation; never pooled with the confirmatory held-out estimate,m-scale_conductance-8d921084f4,pospischil2008_fs,1,P03_rheobase,rheobase,exceeds,0.384297520661157,0.37497438699542385,0.009323133665733174,0.007685950413223141,s-208b51a847cba1e6aceb,s-a9264b3fc05cffce0044
neuron_model_behavioral_validation,Neuraxis,development_pilot,PILOT2_PROTOCOL,Exploratory development data; second development iteration informed by Pilot 1; not independent confirmation; never pooled with the confirmatory held-out estimate,m-scale_conductance-8d921084f4,pospischil2008_fs,1,P04_step_2x,ap_amplitude,exceeds,88.51488494896842,90.39295959601024,1.878074647041828,1.7702976989793684,r-54e05e4e4388308e9268,r-c0256a1d41eb91e6e4c9
neuron_model_behavioral_validation,Neuraxis,development_pilot,PILOT2_PROTOCOL,Exploratory development data; second development iteration informed by Pilot 1; not independent confirmation; never pooled with the confirmatory held-out estimate,m-scale_conductance-8d921084f4,pospischil2008_fs,1,P05_long_step,ap_amplitude,exceeds,87.90636062789724,89.86414337277284,1.957782744875601,1.7581272125579448,r-d95212df9ca6b2b4efff,r-73b02f2397ed958f46cb
neuron_model_behavioral_validation,Neuraxis,development_pilot,PILOT2_PROTOCOL,Exploratory development data; second development iteration informed by Pilot 1; not independent confirmation; never pooled with the confirmatory held-out estimate,m-scale_conductance-8d921084f4,pospischil2008_fs,1,P05_long_step,first_spike_latency,exceeds,12.669999999860636,12.129999999861127,0.5399999999995089,0.5,r-d95212df9ca6b2b4efff,r-73b02f2397ed958f46cb
neuron_model_behavioral_validation,Neuraxis,development_pilot,PILOT2_PROTOCOL,Exploratory development data; second development iteration informed by Pilot 1; not independent confirmation; never pooled with the confirmatory held-out estimate,m-scale_conductance-8d921084f4,pospischil2008_fs,1,P06_ramp,first_spike_latency,exceeds,363.4899999995416,355.2899999995491,8.199999999992542,7.269799999990832,r-5888f8cf54a64bb2eb2f,r-ab098fe004c83682311f
neuron_model_behavioral_validation,Neuraxis,development_pilot,PILOT2_PROTOCOL,Exploratory development data; second development iteration informed by Pilot 1; not independent confirmation; never pooled with the confirmatory held-out estimate,m-scale_conductance-8d921084f4,pospischil2008_fs,1,P06_ramp,spike_count,exceeds,61.0,62.0,1.0,0.5,r-5888f8cf54a64bb2eb2f,r-ab098fe004c83682311f
neuron_model_behavioral_validation,Neuraxis,development_pilot,PILOT2_PROTOCOL,Exploratory development data; second development iteration informed by Pilot 1; not independent confirmation; never pooled with the confirmatory held-out estimate,m-scale_conductance-8d921084f4,pospischil2008_fs,2,P00_canonical,ahp_depth,exceeds,-4.734680175792306,-5.421684265149906,0.6870040893576004,0.5,r-c9243a4c0b8a67de36a8,r-694f1990031799d5c551
neuron_model_behavioral_validation,Neuraxis,development_pilot,PILOT2_PROTOCOL,Exploratory development data; second development iteration informed by Pilot 1; not independent confirmation; never pooled with the confirmatory held-out estimate,m-scale_conductance-8d921084f4,pospischil2008_fs,2,P00_canonical,ap_amplitude,exceeds,87.36877822947855,89.39162826669599,2.022850037217438,1.7491320800996724,r-c9243a4c0b8a67de36a8,r-694f1990031799d5c551
neuron_model_behavioral_validation,Neuraxis,development_pilot,PILOT2_PROTOCOL,Exploratory development data; second development iteration informed by Pilot 1; not independent confirmation; never pooled with the confirmatory held-out estimate,m-scale_conductance-8d921084f4,pospischil2008_fs,2,P00_canonical,first_spike_latency,exceeds,17.189999999856525,16.229999999857398,0.9599999999991269,0.5,r-c9243a4c0b8a67de36a8,r-694f1990031799d5c551
neuron_model_behavioral_validation,Neuraxis,development_pilot,PILOT2_PROTOCOL,Exploratory development data; second development iteration informed by Pilot 1; not independent confirmation; never pooled with the confirmatory held-out estimate,m-scale_conductance-8d921084f4,pospischil2008_fs,2,P00_canonical,last_isi,exceeds,20.189999999981637,19.419999999982338,0.7699999999992997,0.5,r-c9243a4c0b8a67de36a8,r-694f1990031799d5c551
neuron_model_behavioral_validation,Neuraxis,development_pilot,PILOT2_PROTOCOL,Exploratory development data; second development iteration informed by Pilot 1; not independent confirmation; never pooled with the confirmatory held-out estimate,m-scale_conductance-8d921084f4,pospischil2008_fs,2,P00_canonical,spike_count,exceeds,20.0,21.0,1.0,0.5,r-c9243a4c0b8a67de36a8,r-694f1990031799d5c551
neuron_model_behavioral_validation,Neuraxis,development_pilot,PILOT2_PROTOCOL,Exploratory development data; second development iteration informed by Pilot 1; not independent confirmation; never pooled with the confirmatory held-out estimate,m-scale_conductance-8d921084f4,pospischil2008_fs,2,P03_rheobase,rheobase,exceeds,0.384297520661157,0.37497438699542385,0.009323133665733174,0.007685950413223141,s-a5d560731591d7405a9c,s-817dc903276aa0f814d1
neuron_model_behavioral_validation,Neuraxis,development_pilot,PILOT2_PROTOCOL,Exploratory development data; second development iteration informed by Pilot 1; not independent confirmation; never pooled with the confirmatory held-out estimate,m-scale_conductance-8d921084f4,pospischil2008_fs,2,P04_step_2x,ap_amplitude,exceeds,88.43542480636255,90.2573776256644,1.8219528193018562,1.7702976989793684,r-e087238cb438e653e31d,r-7564123c270f5a1068c8
neuron_model_behavioral_validation,Neuraxis,development_pilot,PILOT2_PROTOCOL,Exploratory development data; second development iteration informed by Pilot 1; not independent confirmation; never pooled with the confirmatory held-out estimate,m-scale_conductance-8d921084f4,pospischil2008_fs,2,P05_long_step,ap_amplitude,exceeds,87.76913070748881,89.76739883594692,1.9982681284581076,1.7581272125579448,r-880359fc85650f897997,r-3575372fa0e201c029b3
neuron_model_behavioral_validation,Neuraxis,development_pilot,PILOT2_PROTOCOL,Exploratory development data; second development iteration informed by Pilot 1; not independent confirmation; never pooled with the confirmatory held-out estimate,m-scale_conductance-8d921084f4,pospischil2008_fs,2,P05_long_step,first_spike_latency,exceeds,12.629999999860672,12.099999999861154,0.529999999999518,0.5,r-880359fc85650f897997,r-3575372fa0e201c029b3
neuron_model_behavioral_validation,Neuraxis,development_pilot,PILOT2_PROTOCOL,Exploratory development data; second development iteration informed by Pilot 1; not independent confirmation; never pooled with the confirmatory held-out estimate,m-scale_conductance-8d921084f4,pospischil2008_fs,2,P06_ramp,first_spike_latency,exceeds,363.43999999954167,355.2399999995491,8.199999999992542,7.269799999990832,r-b0adc3019253aae3e3e8,r-b9fc0dd0d6c2fd9d2994
neuron_model_behavioral_validation,Neuraxis,development_pilot,PILOT2_PROTOCOL,Exploratory development data; second development iteration informed by Pilot 1; not independent confirmation; never pooled with the confirmatory held-out estimate,m-scale_conductance-8d921084f4,pospischil2008_fs,2,P06_ramp,spike_count,exceeds,61.0,62.0,1.0,0.5,r-b0adc3019253aae3e3e8,r-b9fc0dd0d6c2fd9d2994
neuron_model_behavioral_validation,Neuraxis,development_pilot,PILOT2_PROTOCOL,Exploratory development data; second development iteration informed by Pilot 1; not independent confirmation; never pooled with the confirmatory held-out estimate,m-scale_conductance-b734d01a94,pospischil2008_fs,1,P00_canonical,ahp_depth,exceeds,-4.832305908199814,-3.721069335935283,1.1112365722645308,0.5,r-4cceac4cec0eb866659f,r-eccb47c4413d2dfe2a8d
neuron_model_behavioral_validation,Neuraxis,development_pilot,PILOT2_PROTOCOL,Exploratory development data; second development iteration informed by Pilot 1; not independent confirmation; never pooled with the confirmatory held-out estimate,m-scale_conductance-b734d01a94,pospischil2008_fs,2,P00_canonical,ahp_depth,exceeds,-4.734680175792306,-3.6263351440319127,1.1083450317603933,0.5,r-c9243a4c0b8a67de36a8,r-03c15fddc7ec6c1b8735
neuron_model_behavioral_validation,Neuraxis,development_pilot,PILOT2_PROTOCOL,Exploratory development data; second development iteration informed by Pilot 1; not independent confirmation; never pooled with the confirmatory held-out estimate,m-scale_conductance-b734d01a94,pospischil2008_fs,2,P06_ramp,spike_count,exceeds,61.0,62.0,1.0,0.5,r-b0adc3019253aae3e3e8,r-48c4870c4c955f26e0e9
neuron_model_behavioral_validation,Neuraxis,development_pilot,PILOT2_PROTOCOL,Exploratory development data; second development iteration informed by Pilot 1; not independent confirmation; never pooled with the confirmatory held-out estimate,m-scale_conductance-10ff293ca8,pospischil2008_fs,1,P00_canonical,first_spike_latency,exceeds,17.199999999856516,10.069999999863,7.129999999993515,0.5,r-4cceac4cec0eb866659f,r-3eb3dae08757c4be7ae7
neuron_model_behavioral_validation,Neuraxis,development_pilot,PILOT2_PROTOCOL,Exploratory development data; second development iteration informed by Pilot 1; not independent confirmation; never pooled with the confirmatory held-out estimate,m-scale_conductance-10ff293ca8,pospischil2008_fs,1,P00_canonical,last_isi,exceeds,20.21999999998161,13.209999999987986,7.009999999993624,0.5,r-4cceac4cec0eb866659f,r-3eb3dae08757c4be7ae7
neuron_model_behavioral_validation,Neuraxis,development_pilot,PILOT2_PROTOCOL,Exploratory development data; second development iteration informed by Pilot 1; not independent confirmation; never pooled with the confirmatory held-out estimate,m-scale_conductance-10ff293ca8,pospischil2008_fs,1,P00_canonical,spike_count,exceeds,20.0,31.0,11.0,0.5,r-4cceac4cec0eb866659f,r-3eb3dae08757c4be7ae7
neuron_model_behavioral_validation,Neuraxis,development_pilot,PILOT2_PROTOCOL,Exploratory development data; second development iteration informed by Pilot 1; not independent confirmation; never pooled with the confirmatory held-out estimate,m-scale_conductance-10ff293ca8,pospischil2008_fs,1,P02_weak_step,spike_count,exceeds,0.0,6.0,6.0,0.5,r-54e05e4e4388308e9268,r-021307729cf1e7122622
neuron_model_behavioral_validation,Neuraxis,development_pilot,PILOT2_PROTOCOL,Exploratory development data; second development iteration informed by Pilot 1; not independent confirmation; never pooled with the confirmatory held-out estimate,m-scale_conductance-10ff293ca8,pospischil2008_fs,1,P02_weak_step,steady_state_voltage,exceeds,-60.91402953033431,-55.51094929559746,5.403080234736848,0.5,r-54e05e4e4388308e9268,r-021307729cf1e7122622
neuron_model_behavioral_validation,Neuraxis,development_pilot,PILOT2_PROTOCOL,Exploratory development data; second development iteration informed by Pilot 1; not independent confirmation; never pooled with the confirmatory held-out estimate,m-scale_conductance-10ff293ca8,pospischil2008_fs,1,P03_rheobase,rheobase,exceeds,0.384297520661157,0.17894952530564853,0.2053479953555085,0.007685950413223141,s-208b51a847cba1e6aceb,s-e452bf28638b0a2e122d
neuron_model_behavioral_validation,Neuraxis,development_pilot,PILOT2_PROTOCOL,Exploratory development data; second development iteration informed by Pilot 1; not independent confirmation; never pooled with the confirmatory held-out estimate,m-scale_conductance-10ff293ca8,pospischil2008_fs,1,P04_step_2x,first_spike_latency,exceeds,8.009999999864874,6.349999999866384,1.6599999999984902,0.5,r-54e05e4e4388308e9268,r-021307729cf1e7122622
neuron_model_behavioral_validation,Neuraxis,development_pilot,PILOT2_PROTOCOL,Exploratory development data; second development iteration informed by Pilot 1; not independent confirmation; never pooled with the confirmatory held-out estimate,m-scale_conductance-10ff293ca8,pospischil2008_fs,1,P04_step_2x,last_isi,exceeds,10.539999999990414,8.919999999991887,1.6199999999985266,0.5,r-54e05e4e4388308e9268,r-021307729cf1e7122622
neuron_model_behavioral_validation,Neuraxis,development_pilot,PILOT2_PROTOCOL,Exploratory development data; second development iteration informed by Pilot 1; not independent confirmation; never pooled with the confirmatory held-out estimate,m-scale_conductance-10ff293ca8,pospischil2008_fs,1,P04_step_2x,spike_count,exceeds,47.0,56.0,9.0,3.0,r-54e05e4e4388308e9268,r-021307729cf1e7122622
neuron_model_behavioral_validation,Neuraxis,development_pilot,PILOT2_PROTOCOL,Exploratory development data; second development iteration informed by Pilot 1; not independent confirmation; never pooled with the confirmatory held-out estimate,m-scale_conductance-10ff293ca8,pospischil2008_fs,1,P05_long_step,first_spike_latency,exceeds,12.669999999860636,8.609999999864328,4.0599999999963075,0.5,r-d95212df9ca6b2b4efff,r-259e7b6f88afc8ca662d
neuron_model_behavioral_validation,Neuraxis,development_pilot,PILOT2_PROTOCOL,Exploratory development data; second development iteration informed by Pilot 1; not independent confirmation; never pooled with the confirmatory held-out estimate,m-scale_conductance-10ff293ca8,pospischil2008_fs,1,P05_long_step,last_isi,exceeds,15.610000000340733,11.640000000254076,3.9700000000866567,0.5,r-d95212df9ca6b2b4efff,r-259e7b6f88afc8ca662d
neuron_model_behavioral_validation,Neuraxis,development_pilot,PILOT2_PROTOCOL,Exploratory development data; second development iteration informed by Pilot 1; not independent confirmation; never pooled with the confirmatory held-out estimate,m-scale_conductance-10ff293ca8,pospischil2008_fs,1,P05_long_step,spike_count,exceeds,128.0,172.0,44.0,3.0,r-d95212df9ca6b2b4efff,r-259e7b6f88afc8ca662d
neuron_model_behavioral_validation,Neuraxis,development_pilot,PILOT2_PROTOCOL,Exploratory development data; second development iteration informed by Pilot 1; not independent confirmation; never pooled with the confirmatory held-out estimate,m-scale_conductance-10ff293ca8,pospischil2008_fs,1,P06_ramp,first_spike_latency,exceeds,363.4899999995416,191.8099999996977,171.67999999984391,7.269799999990832,r-5888f8cf54a64bb2eb2f,r-62d46e7eef3d889ea01b
neuron_model_behavioral_validation,Neuraxis,development_pilot,PILOT2_PROTOCOL,Exploratory development data; second development iteration informed by Pilot 1; not independent confirmation; never pooled with the confirmatory held-out estimate,m-scale_conductance-10ff293ca8,pospischil2008_fs,1,P06_ramp,spike_count,exceeds,61.0,80.0,19.0,0.5,r-5888f8cf54a64bb2eb2f,r-62d46e7eef3d889ea01b
neuron_model_behavioral_validation,Neuraxis,development_pilot,PILOT2_PROTOCOL,Exploratory development data; second development iteration informed by Pilot 1; not independent confirmation; never pooled with the confirmatory held-out estimate,m-scale_conductance-10ff293ca8,pospischil2008_fs,1,P07_hyperpolarizing_step,steady_state_voltage,exceeds,-88.16673006286652,-106.33346285247835,18.166732789611828,0.5,r-54e05e4e4388308e9268,r-021307729cf1e7122622
neuron_model_behavioral_validation,Neuraxis,development_pilot,PILOT2_PROTOCOL,Exploratory development data; second development iteration informed by Pilot 1; not independent confirmation; never pooled with the confirmatory held-out estimate,m-scale_conductance-10ff293ca8,pospischil2008_fs,2,P00_canonical,first_spike_latency,exceeds,17.189999999856525,10.069999999863,7.119999999993524,0.5,r-c9243a4c0b8a67de36a8,r-f4d2edcbbc391b595f77
neuron_model_behavioral_validation,Neuraxis,development_pilot,PILOT2_PROTOCOL,Exploratory development data; second development iteration informed by Pilot 1; not independent confirmation; never pooled with the confirmatory held-out estimate,m-scale_conductance-10ff293ca8,pospischil2008_fs,2,P00_canonical,last_isi,exceeds,20.189999999981637,13.169999999988022,7.019999999993615,0.5,r-c9243a4c0b8a67de36a8,r-f4d2edcbbc391b595f77
neuron_model_behavioral_validation,Neuraxis,development_pilot,PILOT2_PROTOCOL,Exploratory development data; second development iteration informed by Pilot 1; not independent confirmation; never pooled with the confirmatory held-out estimate,m-scale_conductance-10ff293ca8,pospischil2008_fs,2,P00_canonical,spike_count,exceeds,20.0,31.0,11.0,0.5,r-c9243a4c0b8a67de36a8,r-f4d2edcbbc391b595f77
neuron_model_behavioral_validation,Neuraxis,development_pilot,PILOT2_PROTOCOL,Exploratory development data; second development iteration informed by Pilot 1; not independent confirmation; never pooled with the confirmatory held-out estimate,m-scale_conductance-10ff293ca8,pospischil2008_fs,2,P02_weak_step,spike_count,exceeds,0.0,6.0,6.0,0.5,r-e087238cb438e653e31d,r-7e2d21dcd75a0540434c
neuron_model_behavioral_validation,Neuraxis,development_pilot,PILOT2_PROTOCOL,Exploratory development data; second development iteration informed by Pilot 1; not independent confirmation; never pooled with the confirmatory held-out estimate,m-scale_conductance-10ff293ca8,pospischil2008_fs,2,P02_weak_step,steady_state_voltage,exceeds,-60.91402884902938,-55.547475948367165,5.366552900662214,0.5,r-e087238cb438e653e31d,r-7e2d21dcd75a0540434c
neuron_model_behavioral_validation,Neuraxis,development_pilot,PILOT2_PROTOCOL,Exploratory development data; second development iteration informed by Pilot 1; not independent confirmation; never pooled with the confirmatory held-out estimate,m-scale_conductance-10ff293ca8,pospischil2008_fs,2,P03_rheobase,rheobase,exceeds,0.384297520661157,0.17894952530564853,0.2053479953555085,0.007685950413223141,s-a5d560731591d7405a9c,s-955ef95c9de9ff3080f7
neuron_model_behavioral_validation,Neuraxis,development_pilot,PILOT2_PROTOCOL,Exploratory development data; second development iteration informed by Pilot 1; not independent confirmation; never pooled with the confirmatory held-out estimate,m-scale_conductance-10ff293ca8,pospischil2008_fs,2,P04_step_2x,first_spike_latency,exceeds,7.989999999864892,6.329999999866402,1.6599999999984902,0.5,r-e087238cb438e653e31d,r-7e2d21dcd75a0540434c
neuron_model_behavioral_validation,Neuraxis,development_pilot,PILOT2_PROTOCOL,Exploratory development data; second development iteration informed by Pilot 1; not independent confirmation; never pooled with the confirmatory held-out estimate,m-scale_conductance-10ff293ca8,pospischil2008_fs,2,P04_step_2x,last_isi,exceeds,10.439999999990505,8.819999999991978,1.6199999999985266,0.5,r-e087238cb438e653e31d,r-7e2d21dcd75a0540434c
neuron_model_behavioral_validation,Neuraxis,development_pilot,PILOT2_PROTOCOL,Exploratory development data; second development iteration informed by Pilot 1; not independent confirmation; never pooled with the confirmatory held-out estimate,m-scale_conductance-10ff293ca8,pospischil2008_fs,2,P04_step_2x,spike_count,exceeds,48.0,56.0,8.0,3.0,r-e087238cb438e653e31d,r-7e2d21dcd75a0540434c
neuron_model_behavioral_validation,Neuraxis,development_pilot,PILOT2_PROTOCOL,Exploratory development data; second development iteration informed by Pilot 1; not independent confirmation; never pooled with the confirmatory held-out estimate,m-scale_conductance-10ff293ca8,pospischil2008_fs,2,P05_long_step,first_spike_latency,exceeds,12.629999999860672,8.579999999864356,4.0499999999963165,0.5,r-880359fc85650f897997,r-f379af994425be2cf52f
neuron_model_behavioral_validation,Neuraxis,development_pilot,PILOT2_PROTOCOL,Exploratory development data; second development iteration informed by Pilot 1; not independent confirmation; never pooled with the confirmatory held-out estimate,m-scale_conductance-10ff293ca8,pospischil2008_fs,2,P05_long_step,last_isi,exceeds,15.480000000337895,11.510000000251239,3.9700000000866567,0.5,r-880359fc85650f897997,r-f379af994425be2cf52f
neuron_model_behavioral_validation,Neuraxis,development_pilot,PILOT2_PROTOCOL,Exploratory development data; second development iteration informed by Pilot 1; not independent confirmation; never pooled with the confirmatory held-out estimate,m-scale_conductance-10ff293ca8,pospischil2008_fs,2,P05_long_step,spike_count,exceeds,129.0,173.0,44.0,3.0,r-880359fc85650f897997,r-f379af994425be2cf52f
neuron_model_behavioral_validation,Neuraxis,development_pilot,PILOT2_PROTOCOL,Exploratory development data; second development iteration informed by Pilot 1; not independent confirmation; never pooled with the confirmatory held-out estimate,m-scale_conductance-10ff293ca8,pospischil2008_fs,2,P06_ramp,first_spike_latency,exceeds,363.43999999954167,191.75999999969775,171.67999999984391,7.269799999990832,r-b0adc3019253aae3e3e8,r-738aa3935bedd5fc9ce9
neuron_model_behavioral_validation,Neuraxis,development_pilot,PILOT2_PROTOCOL,Exploratory development data; second development iteration informed by Pilot 1; not independent confirmation; never pooled with the confirmatory held-out estimate,m-scale_conductance-10ff293ca8,pospischil2008_fs,2,P06_ramp,spike_count,exceeds,61.0,81.0,20.0,0.5,r-b0adc3019253aae3e3e8,r-738aa3935bedd5fc9ce9
neuron_model_behavioral_validation,Neuraxis,development_pilot,PILOT2_PROTOCOL,Exploratory development data; second development iteration informed by Pilot 1; not independent confirmation; never pooled with the confirmatory held-out estimate,m-scale_conductance-10ff293ca8,pospischil2008_fs,2,P07_hyperpolarizing_step,steady_state_voltage,exceeds,-88.16673142547639,-106.33346421356234,18.16673278808595,0.5,r-e087238cb438e653e31d,r-7e2d21dcd75a0540434c
neuron_model_behavioral_validation,Neuraxis,development_pilot,PILOT2_PROTOCOL,Exploratory development data; second development iteration informed by Pilot 1; not independent confirmation; never pooled with the confirmatory held-out estimate,m-scale_conductance-2c1b980b1d,pospischil2008_fs,1,P00_canonical,ahp_depth,exceeds,-4.832305908199814,-11.33185577391474,6.4995498657149255,0.5,r-4cceac4cec0eb866659f,r-ce687e1d6a22a76e95ae
neuron_model_behavioral_validation,Neuraxis,development_pilot,PILOT2_PROTOCOL,Exploratory development data; second development iteration informed by Pilot 1; not independent confirmation; never pooled with the confirmatory held-out estimate,m-scale_conductance-2c1b980b1d,pospischil2008_fs,1,P00_canonical,last_isi,exceeds,20.21999999998161,21.41999999998052,1.1999999999989086,0.5,r-4cceac4cec0eb866659f,r-ce687e1d6a22a76e95ae
neuron_model_behavioral_validation,Neuraxis,development_pilot,PILOT2_PROTOCOL,Exploratory development data; second development iteration informed by Pilot 1; not independent confirmation; never pooled with the confirmatory held-out estimate,m-scale_conductance-2c1b980b1d,pospischil2008_fs,1,P00_canonical,spike_count,exceeds,20.0,19.0,1.0,0.5,r-4cceac4cec0eb866659f,r-ce687e1d6a22a76e95ae
neuron_model_behavioral_validation,Neuraxis,development_pilot,PILOT2_PROTOCOL,Exploratory development data; second development iteration informed by Pilot 1; not independent confirmation; never pooled with the confirmatory held-out estimate,m-scale_conductance-2c1b980b1d,pospischil2008_fs,1,P04_step_2x,ahp_depth,exceeds,-4.612907409655477,-11.421661376965176,6.808753967309698,1.517738342282641,r-54e05e4e4388308e9268,r-54c3c635f8e2178649f9
neuron_model_behavioral_validation,Neuraxis,development_pilot,PILOT2_PROTOCOL,Exploratory development data; second development iteration informed by Pilot 1; not independent confirmation; never pooled with the confirmatory held-out estimate,m-scale_conductance-2c1b980b1d,pospischil2008_fs,1,P04_step_2x,last_isi,exceeds,10.539999999990414,11.249999999989768,0.7099999999993543,0.5,r-54e05e4e4388308e9268,r-54c3c635f8e2178649f9
neuron_model_behavioral_validation,Neuraxis,development_pilot,PILOT2_PROTOCOL,Exploratory development data; second development iteration informed by Pilot 1; not independent confirmation; never pooled with the confirmatory held-out estimate,m-scale_conductance-2c1b980b1d,pospischil2008_fs,1,P05_long_step,ahp_depth,exceeds,-5.324134826653506,-12.002944946290356,6.67881011963685,1.4906845092445167,r-d95212df9ca6b2b4efff,r-352f32332874fb3c49cf
neuron_model_behavioral_validation,Neuraxis,development_pilot,PILOT2_PROTOCOL,Exploratory development data; second development iteration informed by Pilot 1; not independent confirmation; never pooled with the confirmatory held-out estimate,m-scale_conductance-2c1b980b1d,pospischil2008_fs,1,P05_long_step,last_isi,exceeds,15.610000000340733,16.570000000361688,0.9600000000209548,0.5,r-d95212df9ca6b2b4efff,r-352f32332874fb3c49cf
neuron_model_behavioral_validation,Neuraxis,development_pilot,PILOT2_PROTOCOL,Exploratory development data; second development iteration informed by Pilot 1; not independent confirmation; never pooled with the confirmatory held-out estimate,m-scale_conductance-2c1b980b1d,pospischil2008_fs,1,P05_long_step,spike_count,exceeds,128.0,120.0,8.0,3.0,r-d95212df9ca6b2b4efff,r-352f32332874fb3c49cf
neuron_model_behavioral_validation,Neuraxis,development_pilot,PILOT2_PROTOCOL,Exploratory development data; second development iteration informed by Pilot 1; not independent confirmation; never pooled with the confirmatory held-out estimate,m-scale_conductance-2c1b980b1d,pospischil2008_fs,1,P06_ramp,spike_count,exceeds,61.0,57.0,4.0,0.5,r-5888f8cf54a64bb2eb2f,r-726b158b101765b23e1d
neuron_model_behavioral_validation,Neuraxis,development_pilot,PILOT2_PROTOCOL,Exploratory development data; second development iteration informed by Pilot 1; not independent confirmation; never pooled with the confirmatory held-out estimate,m-scale_conductance-2c1b980b1d,pospischil2008_fs,1,P09_short_pulse,ahp_depth,exceeds,3.4738235474345487,-4.817665100096264,8.291488647530812,1.7055587767790286,r-534f36c941e5711ea7a5,r-8f937920749f958302e7
neuron_model_behavioral_validation,Neuraxis,development_pilot,PILOT2_PROTOCOL,Exploratory development data; second development iteration informed by Pilot 1; not independent confirmation; never pooled with the confirmatory held-out estimate,m-scale_conductance-2c1b980b1d,pospischil2008_fs,2,P00_canonical,ahp_depth,exceeds,-4.734680175792306,-11.218475341810134,6.483795166017828,0.5,r-c9243a4c0b8a67de36a8,r-3d4e7a161fe2d065b50b
neuron_model_behavioral_validation,Neuraxis,development_pilot,PILOT2_PROTOCOL,Exploratory development data; second development iteration informed by Pilot 1; not independent confirmation; never pooled with the confirmatory held-out estimate,m-scale_conductance-2c1b980b1d,pospischil2008_fs,2,P00_canonical,last_isi,exceeds,20.189999999981637,21.389999999980546,1.1999999999989086,0.5,r-c9243a4c0b8a67de36a8,r-3d4e7a161fe2d065b50b
neuron_model_behavioral_validation,Neuraxis,development_pilot,PILOT2_PROTOCOL,Exploratory development data; second development iteration informed by Pilot 1; not independent confirmation; never pooled with the confirmatory held-out estimate,m-scale_conductance-2c1b980b1d,pospischil2008_fs,2,P00_canonical,spike_count,exceeds,20.0,19.0,1.0,0.5,r-c9243a4c0b8a67de36a8,r-3d4e7a161fe2d065b50b
neuron_model_behavioral_validation,Neuraxis,development_pilot,PILOT2_PROTOCOL,Exploratory development data; second development iteration informed by Pilot 1; not independent confirmation; never pooled with the confirmatory held-out estimate,m-scale_conductance-2c1b980b1d,pospischil2008_fs,2,P04_step_2x,ahp_depth,exceeds,-4.106994628894597,-10.837409973159495,6.730415344264898,1.517738342282641,r-e087238cb438e653e31d,r-465849d912b50d6fd681
neuron_model_behavioral_validation,Neuraxis,development_pilot,PILOT2_PROTOCOL,Exploratory development data; second development iteration informed by Pilot 1; not independent confirmation; never pooled with the confirmatory held-out estimate,m-scale_conductance-2c1b980b1d,pospischil2008_fs,2,P04_step_2x,last_isi,exceeds,10.439999999990505,11.14999999998986,0.7099999999993543,0.5,r-e087238cb438e653e31d,r-465849d912b50d6fd681
neuron_model_behavioral_validation,Neuraxis,development_pilot,PILOT2_PROTOCOL,Exploratory development data; second development iteration informed by Pilot 1; not independent confirmation; never pooled with the confirmatory held-out estimate,m-scale_conductance-2c1b980b1d,pospischil2008_fs,2,P05_long_step,ahp_depth,exceeds,-4.827239990238667,-11.429115295390432,6.601875305151765,1.4906845092445167,r-880359fc85650f897997,r-24073d45d20c0d58a710
neuron_model_behavioral_validation,Neuraxis,development_pilot,PILOT2_PROTOCOL,Exploratory development data; second development iteration informed by Pilot 1; not independent confirmation; never pooled with the confirmatory held-out estimate,m-scale_conductance-2c1b980b1d,pospischil2008_fs,2,P05_long_step,last_isi,exceeds,15.480000000337895,16.45000000035907,0.970000000021173,0.5,r-880359fc85650f897997,r-24073d45d20c0d58a710
neuron_model_behavioral_validation,Neuraxis,development_pilot,PILOT2_PROTOCOL,Exploratory development data; second development iteration informed by Pilot 1; not independent confirmation; never pooled with the confirmatory held-out estimate,m-scale_conductance-2c1b980b1d,pospischil2008_fs,2,P05_long_step,spike_count,exceeds,129.0,121.0,8.0,3.0,r-880359fc85650f897997,r-24073d45d20c0d58a710
neuron_model_behavioral_validation,Neuraxis,development_pilot,PILOT2_PROTOCOL,Exploratory development data; second development iteration informed by Pilot 1; not independent confirmation; never pooled with the confirmatory held-out estimate,m-scale_conductance-2c1b980b1d,pospischil2008_fs,2,P06_ramp,spike_count,exceeds,61.0,57.0,4.0,0.5,r-b0adc3019253aae3e3e8,r-f46a1d45d068c2e9eb47
neuron_model_behavioral_validation,Neuraxis,development_pilot,PILOT2_PROTOCOL,Exploratory development data; second development iteration informed by Pilot 1; not independent confirmation; never pooled with the confirmatory held-out estimate,m-scale_conductance-2c1b980b1d,pospischil2008_fs,2,P09_short_pulse,ahp_depth,exceeds,4.042343139694225,-4.147621154817756,8.18996429451198,1.7055587767790286,r-84e85309a66928a29934,r-0d3af3fa55e3df6c23cb
neuron_model_behavioral_validation,Neuraxis,development_pilot,PILOT2_PROTOCOL,Exploratory development data; second development iteration informed by Pilot 1; not independent confirmation; never pooled with the confirmatory held-out estimate,m-shift_reversal-3d387f89f7,pospischil2008_fs,1,P00_canonical,ahp_depth,exceeds,-4.832305908199814,-3.9496078491177684,0.8826980590820455,0.5,r-4cceac4cec0eb866659f,r-4cfe249288630565b363
neuron_model_behavioral_validation,Neuraxis,development_pilot,PILOT2_PROTOCOL,Exploratory development data; second development iteration informed by Pilot 1; not independent confirmation; never pooled with the confirmatory held-out estimate,m-shift_reversal-3d387f89f7,pospischil2008_fs,1,P00_canonical,ap_amplitude,exceeds,87.45660400498362,82.58050918742542,4.876094817558197,1.7491320800996724,r-4cceac4cec0eb866659f,r-4cfe249288630565b363
neuron_model_behavioral_validation,Neuraxis,development_pilot,PILOT2_PROTOCOL,Exploratory development data; second development iteration informed by Pilot 1; not independent confirmation; never pooled with the confirmatory held-out estimate,m-shift_reversal-3d387f89f7,pospischil2008_fs,1,P04_step_2x,ap_amplitude,exceeds,88.51488494896842,83.6892929090031,4.825592039965315,1.7702976989793684,r-54e05e4e4388308e9268,r-05d97ff7c858925955e1
neuron_model_behavioral_validation,Neuraxis,development_pilot,PILOT2_PROTOCOL,Exploratory development data; second development iteration informed by Pilot 1; not independent confirmation; never pooled with the confirmatory held-out estimate,m-shift_reversal-3d387f89f7,pospischil2008_fs,1,P05_long_step,ap_amplitude,exceeds,87.90636062789724,82.99207687477374,4.914283753123499,1.7581272125579448,r-d95212df9ca6b2b4efff,r-69599d2e668bc3d6c39d
neuron_model_behavioral_validation,Neuraxis,development_pilot,PILOT2_PROTOCOL,Exploratory development data; second development iteration informed by Pilot 1; not independent confirmation; never pooled with the confirmatory held-out estimate,m-shift_reversal-3d387f89f7,pospischil2008_fs,1,P09_short_pulse,ap_amplitude,exceeds,118.24569702145673,113.46432113640651,4.781375885050224,2.3649139404291346,r-534f36c941e5711ea7a5,r-5cac9f7068750cce1ffb
neuron_model_behavioral_validation,Neuraxis,development_pilot,PILOT2_PROTOCOL,Exploratory development data; second development iteration informed by Pilot 1; not independent confirmation; never pooled with the confirmatory held-out estimate,m-shift_reversal-3d387f89f7,pospischil2008_fs,2,P00_canonical,ahp_depth,exceeds,-4.734680175792306,-3.852378845228131,0.8823013305641751,0.5,r-c9243a4c0b8a67de36a8,r-e932685659cf01582b19
neuron_model_behavioral_validation,Neuraxis,development_pilot,PILOT2_PROTOCOL,Exploratory development data; second development iteration informed by Pilot 1; not independent confirmation; never pooled with the confirmatory held-out estimate,m-shift_reversal-3d387f89f7,pospischil2008_fs,2,P00_canonical,ap_amplitude,exceeds,87.36877822947855,82.5058631910268,4.862915038451746,1.7491320800996724,r-c9243a4c0b8a67de36a8,r-e932685659cf01582b19
neuron_model_behavioral_validation,Neuraxis,development_pilot,PILOT2_PROTOCOL,Exploratory development data; second development iteration informed by Pilot 1; not independent confirmation; never pooled with the confirmatory held-out estimate,m-shift_reversal-3d387f89f7,pospischil2008_fs,2,P04_step_2x,ap_amplitude,exceeds,88.43542480636255,83.5235939037554,4.91183090260715,1.7702976989793684,r-e087238cb438e653e31d,r-7e129123336ffddb1637
neuron_model_behavioral_validation,Neuraxis,development_pilot,PILOT2_PROTOCOL,Exploratory development data; second development iteration informed by Pilot 1; not independent confirmation; never pooled with the confirmatory held-out estimate,m-shift_reversal-3d387f89f7,pospischil2008_fs,2,P05_long_step,ap_amplitude,exceeds,87.76913070748881,82.86491012731764,4.90422058017117,1.7581272125579448,r-880359fc85650f897997,r-2bbd3cf7b0842ca06a2a
neuron_model_behavioral_validation,Neuraxis,development_pilot,PILOT2_PROTOCOL,Exploratory development data; second development iteration informed by Pilot 1; not independent confirmation; never pooled with the confirmatory held-out estimate,m-shift_reversal-3d387f89f7,pospischil2008_fs,2,P09_short_pulse,ap_amplitude,exceeds,118.07249069170416,113.30671310379064,4.765777587913519,2.3649139404291346,r-84e85309a66928a29934,r-10d1ba77371906d27fa9
neuron_model_behavioral_validation,Neuraxis,development_pilot,PILOT2_PROTOCOL,Exploratory development data; second development iteration informed by Pilot 1; not independent confirmation; never pooled with the confirmatory held-out estimate,m-shift_reversal-2ebe75d071,pospischil2008_fs,1,P00_canonical,ahp_depth,exceeds,-4.832305908199814,-5.663406372074732,0.8311004638749182,0.5,r-4cceac4cec0eb866659f,r-de3c292bb6f4ac8f995f
neuron_model_behavioral_validation,Neuraxis,development_pilot,PILOT2_PROTOCOL,Exploratory development data; second development iteration informed by Pilot 1; not independent confirmation; never pooled with the confirmatory held-out estimate,m-shift_reversal-2ebe75d071,pospischil2008_fs,1,P06_ramp,spike_count,exceeds,61.0,60.0,1.0,0.5,r-5888f8cf54a64bb2eb2f,r-fca84687f54423d7430d
neuron_model_behavioral_validation,Neuraxis,development_pilot,PILOT2_PROTOCOL,Exploratory development data; second development iteration informed by Pilot 1; not independent confirmation; never pooled with the confirmatory held-out estimate,m-shift_reversal-2ebe75d071,pospischil2008_fs,2,P00_canonical,ahp_depth,exceeds,-4.734680175792306,-5.562149047842723,0.8274688720504173,0.5,r-c9243a4c0b8a67de36a8,r-19692e77773ce19a20d2
neuron_model_behavioral_validation,Neuraxis,development_pilot,PILOT2_PROTOCOL,Exploratory development data; second development iteration informed by Pilot 1; not independent confirmation; never pooled with the confirmatory held-out estimate,m-shift_reversal-2ebe75d071,pospischil2008_fs,2,P06_ramp,spike_count,exceeds,61.0,60.0,1.0,0.5,r-b0adc3019253aae3e3e8,r-d06b569c258ff266d83c
neuron_model_behavioral_validation,Neuraxis,development_pilot,PILOT2_PROTOCOL,Exploratory development data; second development iteration informed by Pilot 1; not independent confirmation; never pooled with the confirmatory held-out estimate,m-shift_reversal-296104fa71,pospischil2008_fs,1,P00_canonical,adaptation_index,definedness,0.0,,,0.01,r-4cceac4cec0eb866659f,r-2efd7faf9e7ad0b0269c
neuron_model_behavioral_validation,Neuraxis,development_pilot,PILOT2_PROTOCOL,Exploratory development data; second development iteration informed by Pilot 1; not independent confirmation; never pooled with the confirmatory held-out estimate,m-shift_reversal-296104fa71,pospischil2008_fs,1,P00_canonical,ahp_depth,definedness,-4.832305908199814,,,0.5,r-4cceac4cec0eb866659f,r-2efd7faf9e7ad0b0269c
neuron_model_behavioral_validation,Neuraxis,development_pilot,PILOT2_PROTOCOL,Exploratory development data; second development iteration informed by Pilot 1; not independent confirmation; never pooled with the confirmatory held-out estimate,m-shift_reversal-296104fa71,pospischil2008_fs,1,P00_canonical,ap_amplitude,definedness,87.45660400498362,,,1.7491320800996724,r-4cceac4cec0eb866659f,r-2efd7faf9e7ad0b0269c
neuron_model_behavioral_validation,Neuraxis,development_pilot,PILOT2_PROTOCOL,Exploratory development data; second development iteration informed by Pilot 1; not independent confirmation; never pooled with the confirmatory held-out estimate,m-shift_reversal-296104fa71,pospischil2008_fs,1,P00_canonical,first_spike_latency,definedness,17.199999999856516,,,0.5,r-4cceac4cec0eb866659f,r-2efd7faf9e7ad0b0269c
neuron_model_behavioral_validation,Neuraxis,development_pilot,PILOT2_PROTOCOL,Exploratory development data; second development iteration informed by Pilot 1; not independent confirmation; never pooled with the confirmatory held-out estimate,m-shift_reversal-296104fa71,pospischil2008_fs,1,P00_canonical,last_isi,definedness,20.21999999998161,,,0.5,r-4cceac4cec0eb866659f,r-2efd7faf9e7ad0b0269c
neuron_model_behavioral_validation,Neuraxis,development_pilot,PILOT2_PROTOCOL,Exploratory development data; second development iteration informed by Pilot 1; not independent confirmation; never pooled with the confirmatory held-out estimate,m-shift_reversal-296104fa71,pospischil2008_fs,1,P00_canonical,spike_count,exceeds,20.0,0.0,20.0,0.5,r-4cceac4cec0eb866659f,r-2efd7faf9e7ad0b0269c
neuron_model_behavioral_validation,Neuraxis,development_pilot,PILOT2_PROTOCOL,Exploratory development data; second development iteration informed by Pilot 1; not independent confirmation; never pooled with the confirmatory held-out estimate,m-shift_reversal-296104fa71,pospischil2008_fs,1,P02_weak_step,steady_state_voltage,exceeds,-60.91402953033431,-70.91663496704085,10.002605436706538,0.5,r-54e05e4e4388308e9268,r-784aab310d80ae66255a
neuron_model_behavioral_validation,Neuraxis,development_pilot,PILOT2_PROTOCOL,Exploratory development data; second development iteration informed by Pilot 1; not independent confirmation; never pooled with the confirmatory held-out estimate,m-shift_reversal-296104fa71,pospischil2008_fs,1,P03_rheobase,rheobase,exceeds,0.384297520661157,0.595895089133256,0.21159756847209893,0.007685950413223141,s-208b51a847cba1e6aceb,s-5c2fd06b8d08dac27de0
neuron_model_behavioral_validation,Neuraxis,development_pilot,PILOT2_PROTOCOL,Exploratory development data; second development iteration informed by Pilot 1; not independent confirmation; never pooled with the confirmatory held-out estimate,m-shift_reversal-296104fa71,pospischil2008_fs,1,P04_step_2x,ahp_depth,exceeds,-4.612907409655477,4.6017837524567256,9.214691162112203,1.517738342282641,r-54e05e4e4388308e9268,r-784aab310d80ae66255a
neuron_model_behavioral_validation,Neuraxis,development_pilot,PILOT2_PROTOCOL,Exploratory development data; second development iteration informed by Pilot 1; not independent confirmation; never pooled with the confirmatory held-out estimate,m-shift_reversal-296104fa71,pospischil2008_fs,1,P04_step_2x,first_spike_latency,exceeds,8.009999999864874,15.679999999857898,7.669999999993024,0.5,r-54e05e4e4388308e9268,r-784aab310d80ae66255a
neuron_model_behavioral_validation,Neuraxis,development_pilot,PILOT2_PROTOCOL,Exploratory development data; second development iteration informed by Pilot 1; not independent confirmation; never pooled with the confirmatory held-out estimate,m-shift_reversal-296104fa71,pospischil2008_fs,1,P04_step_2x,last_isi,exceeds,10.539999999990414,16.539999999984957,5.999999999994543,0.5,r-54e05e4e4388308e9268,r-784aab310d80ae66255a
neuron_model_behavioral_validation,Neuraxis,development_pilot,PILOT2_PROTOCOL,Exploratory development data; second development iteration informed by Pilot 1; not independent confirmation; never pooled with the confirmatory held-out estimate,m-shift_reversal-296104fa71,pospischil2008_fs,1,P04_step_2x,spike_count,exceeds,47.0,30.0,17.0,3.0,r-54e05e4e4388308e9268,r-784aab310d80ae66255a
neuron_model_behavioral_validation,Neuraxis,development_pilot,PILOT2_PROTOCOL,Exploratory development data; second development iteration informed by Pilot 1; not independent confirmation; never pooled with the confirmatory held-out estimate,m-shift_reversal-296104fa71,pospischil2008_fs,1,P05_long_step,adaptation_index,definedness,2.5632810906290527e-06,,,0.01,r-d95212df9ca6b2b4efff,r-04959c0d6787b6845ea6
neuron_model_behavioral_validation,Neuraxis,development_pilot,PILOT2_PROTOCOL,Exploratory development data; second development iteration informed by Pilot 1; not independent confirmation; never pooled with the confirmatory held-out estimate,m-shift_reversal-296104fa71,pospischil2008_fs,1,P05_long_step,ahp_depth,definedness,-5.324134826653506,,,1.4906845092445167,r-d95212df9ca6b2b4efff,r-04959c0d6787b6845ea6
neuron_model_behavioral_validation,Neuraxis,development_pilot,PILOT2_PROTOCOL,Exploratory development data; second development iteration informed by Pilot 1; not independent confirmation; never pooled with the confirmatory held-out estimate,m-shift_reversal-296104fa71,pospischil2008_fs,1,P05_long_step,ap_amplitude,definedness,87.90636062789724,,,1.7581272125579448,r-d95212df9ca6b2b4efff,r-04959c0d6787b6845ea6
neuron_model_behavioral_validation,Neuraxis,development_pilot,PILOT2_PROTOCOL,Exploratory development data; second development iteration informed by Pilot 1; not independent confirmation; never pooled with the confirmatory held-out estimate,m-shift_reversal-296104fa71,pospischil2008_fs,1,P05_long_step,first_spike_latency,definedness,12.669999999860636,,,0.5,r-d95212df9ca6b2b4efff,r-04959c0d6787b6845ea6
neuron_model_behavioral_validation,Neuraxis,development_pilot,PILOT2_PROTOCOL,Exploratory development data; second development iteration informed by Pilot 1; not independent confirmation; never pooled with the confirmatory held-out estimate,m-shift_reversal-296104fa71,pospischil2008_fs,1,P05_long_step,last_isi,definedness,15.610000000340733,,,0.5,r-d95212df9ca6b2b4efff,r-04959c0d6787b6845ea6
neuron_model_behavioral_validation,Neuraxis,development_pilot,PILOT2_PROTOCOL,Exploratory development data; second development iteration informed by Pilot 1; not independent confirmation; never pooled with the confirmatory held-out estimate,m-shift_reversal-296104fa71,pospischil2008_fs,1,P05_long_step,spike_count,exceeds,128.0,0.0,128.0,3.0,r-d95212df9ca6b2b4efff,r-04959c0d6787b6845ea6
neuron_model_behavioral_validation,Neuraxis,development_pilot,PILOT2_PROTOCOL,Exploratory development data; second development iteration informed by Pilot 1; not independent confirmation; never pooled with the confirmatory held-out estimate,m-shift_reversal-296104fa71,pospischil2008_fs,1,P06_ramp,first_spike_latency,exceeds,363.4899999995416,546.9799999993747,183.48999999983312,7.269799999990832,r-5888f8cf54a64bb2eb2f,r-b242292e4d40eef1fa8d
neuron_model_behavioral_validation,Neuraxis,development_pilot,PILOT2_PROTOCOL,Exploratory development data; second development iteration informed by Pilot 1; not independent confirmation; never pooled with the confirmatory held-out estimate,m-shift_reversal-296104fa71,pospischil2008_fs,1,P06_ramp,spike_count,exceeds,61.0,36.0,25.0,0.5,r-5888f8cf54a64bb2eb2f,r-b242292e4d40eef1fa8d
neuron_model_behavioral_validation,Neuraxis,development_pilot,PILOT2_PROTOCOL,Exploratory development data; second development iteration informed by Pilot 1; not independent confirmation; never pooled with the confirmatory held-out estimate,m-shift_reversal-296104fa71,pospischil2008_fs,1,P07_hyperpolarizing_step,steady_state_voltage,exceeds,-88.16673006286652,-98.16673006286652,10.0,0.5,r-54e05e4e4388308e9268,r-784aab310d80ae66255a
neuron_model_behavioral_validation,Neuraxis,development_pilot,PILOT2_PROTOCOL,Exploratory development data; second development iteration informed by Pilot 1; not independent confirmation; never pooled with the confirmatory held-out estimate,m-shift_reversal-296104fa71,pospischil2008_fs,1,P09_short_pulse,ahp_depth,exceeds,3.4738235474345487,0.00379180908203125,3.4700317383525174,1.7055587767790286,r-534f36c941e5711ea7a5,r-9fd6bc7ce5f7076e4870
neuron_model_behavioral_validation,Neuraxis,development_pilot,PILOT2_PROTOCOL,Exploratory development data; second development iteration informed by Pilot 1; not independent confirmation; never pooled with the confirmatory held-out estimate,m-shift_reversal-296104fa71,pospischil2008_fs,1,P09_short_pulse,ap_amplitude,exceeds,118.24569702145673,128.1719284055948,9.926231384138063,2.3649139404291346,r-534f36c941e5711ea7a5,r-9fd6bc7ce5f7076e4870
neuron_model_behavioral_validation,Neuraxis,development_pilot,PILOT2_PROTOCOL,Exploratory development data; second development iteration informed by Pilot 1; not independent confirmation; never pooled with the confirmatory held-out estimate,m-shift_reversal-296104fa71,pospischil2008_fs,2,P00_canonical,adaptation_index,definedness,-1.4563884479268312e-05,,,0.01,r-c9243a4c0b8a67de36a8,r-ec08ca0d3977149e48f9
neuron_model_behavioral_validation,Neuraxis,development_pilot,PILOT2_PROTOCOL,Exploratory development data; second development iteration informed by Pilot 1; not independent confirmation; never pooled with the confirmatory held-out estimate,m-shift_reversal-296104fa71,pospischil2008_fs,2,P00_canonical,ahp_depth,definedness,-4.734680175792306,,,0.5,r-c9243a4c0b8a67de36a8,r-ec08ca0d3977149e48f9
neuron_model_behavioral_validation,Neuraxis,development_pilot,PILOT2_PROTOCOL,Exploratory development data; second development iteration informed by Pilot 1; not independent confirmation; never pooled with the confirmatory held-out estimate,m-shift_reversal-296104fa71,pospischil2008_fs,2,P00_canonical,ap_amplitude,definedness,87.36877822947855,,,1.7491320800996724,r-c9243a4c0b8a67de36a8,r-ec08ca0d3977149e48f9
neuron_model_behavioral_validation,Neuraxis,development_pilot,PILOT2_PROTOCOL,Exploratory development data; second development iteration informed by Pilot 1; not independent confirmation; never pooled with the confirmatory held-out estimate,m-shift_reversal-296104fa71,pospischil2008_fs,2,P00_canonical,first_spike_latency,definedness,17.189999999856525,,,0.5,r-c9243a4c0b8a67de36a8,r-ec08ca0d3977149e48f9
neuron_model_behavioral_validation,Neuraxis,development_pilot,PILOT2_PROTOCOL,Exploratory development data; second development iteration informed by Pilot 1; not independent confirmation; never pooled with the confirmatory held-out estimate,m-shift_reversal-296104fa71,pospischil2008_fs,2,P00_canonical,last_isi,definedness,20.189999999981637,,,0.5,r-c9243a4c0b8a67de36a8,r-ec08ca0d3977149e48f9
neuron_model_behavioral_validation,Neuraxis,development_pilot,PILOT2_PROTOCOL,Exploratory development data; second development iteration informed by Pilot 1; not independent confirmation; never pooled with the confirmatory held-out estimate,m-shift_reversal-296104fa71,pospischil2008_fs,2,P00_canonical,spike_count,exceeds,20.0,0.0,20.0,0.5,r-c9243a4c0b8a67de36a8,r-ec08ca0d3977149e48f9
neuron_model_behavioral_validation,Neuraxis,development_pilot,PILOT2_PROTOCOL,Exploratory development data; second development iteration informed by Pilot 1; not independent confirmation; never pooled with the confirmatory held-out estimate,m-shift_reversal-296104fa71,pospischil2008_fs,2,P02_weak_step,steady_state_voltage,exceeds,-60.91402884902938,-70.91663428649886,10.002605437469484,0.5,r-e087238cb438e653e31d,r-5ceada61b1e86c945488
neuron_model_behavioral_validation,Neuraxis,development_pilot,PILOT2_PROTOCOL,Exploratory development data; second development iteration informed by Pilot 1; not independent confirmation; never pooled with the confirmatory held-out estimate,m-shift_reversal-296104fa71,pospischil2008_fs,2,P03_rheobase,rheobase,exceeds,0.384297520661157,0.595895089133256,0.21159756847209893,0.007685950413223141,s-a5d560731591d7405a9c,s-809417d72345708e8e01
neuron_model_behavioral_validation,Neuraxis,development_pilot,PILOT2_PROTOCOL,Exploratory development data; second development iteration informed by Pilot 1; not independent confirmation; never pooled with the confirmatory held-out estimate,m-shift_reversal-296104fa71,pospischil2008_fs,2,P04_step_2x,ahp_depth,exceeds,-4.106994628894597,5.097526550296465,9.204521179191062,1.517738342282641,r-e087238cb438e653e31d,r-5ceada61b1e86c945488
neuron_model_behavioral_validation,Neuraxis,development_pilot,PILOT2_PROTOCOL,Exploratory development data; second development iteration informed by Pilot 1; not independent confirmation; never pooled with the confirmatory held-out estimate,m-shift_reversal-296104fa71,pospischil2008_fs,2,P04_step_2x,first_spike_latency,exceeds,7.989999999864892,15.649999999857926,7.659999999993033,0.5,r-e087238cb438e653e31d,r-5ceada61b1e86c945488
neuron_model_behavioral_validation,Neuraxis,development_pilot,PILOT2_PROTOCOL,Exploratory development data; second development iteration informed by Pilot 1; not independent confirmation; never pooled with the confirmatory held-out estimate,m-shift_reversal-296104fa71,pospischil2008_fs,2,P04_step_2x,last_isi,exceeds,10.439999999990505,16.399999999985084,5.959999999994579,0.5,r-e087238cb438e653e31d,r-5ceada61b1e86c945488
neuron_model_behavioral_validation,Neuraxis,development_pilot,PILOT2_PROTOCOL,Exploratory development data; second development iteration informed by Pilot 1; not independent confirmation; never pooled with the confirmatory held-out estimate,m-shift_reversal-296104fa71,pospischil2008_fs,2,P04_step_2x,spike_count,exceeds,48.0,30.0,18.0,3.0,r-e087238cb438e653e31d,r-5ceada61b1e86c945488
neuron_model_behavioral_validation,Neuraxis,development_pilot,PILOT2_PROTOCOL,Exploratory development data; second development iteration informed by Pilot 1; not independent confirmation; never pooled with the confirmatory held-out estimate,m-shift_reversal-296104fa71,pospischil2008_fs,2,P05_long_step,adaptation_index,definedness,9.022764855517059e-14,,,0.01,r-880359fc85650f897997,r-040f7e3668b03d317614
neuron_model_behavioral_validation,Neuraxis,development_pilot,PILOT2_PROTOCOL,Exploratory development data; second development iteration informed by Pilot 1; not independent confirmation; never pooled with the confirmatory held-out estimate,m-shift_reversal-296104fa71,pospischil2008_fs,2,P05_long_step,ahp_depth,definedness,-4.827239990238667,,,1.4906845092445167,r-880359fc85650f897997,r-040f7e3668b03d317614
neuron_model_behavioral_validation,Neuraxis,development_pilot,PILOT2_PROTOCOL,Exploratory development data; second development iteration informed by Pilot 1; not independent confirmation; never pooled with the confirmatory held-out estimate,m-shift_reversal-296104fa71,pospischil2008_fs,2,P05_long_step,ap_amplitude,definedness,87.76913070748881,,,1.7581272125579448,r-880359fc85650f897997,r-040f7e3668b03d317614
neuron_model_behavioral_validation,Neuraxis,development_pilot,PILOT2_PROTOCOL,Exploratory development data; second development iteration informed by Pilot 1; not independent confirmation; never pooled with the confirmatory held-out estimate,m-shift_reversal-296104fa71,pospischil2008_fs,2,P05_long_step,first_spike_latency,definedness,12.629999999860672,,,0.5,r-880359fc85650f897997,r-040f7e3668b03d317614
neuron_model_behavioral_validation,Neuraxis,development_pilot,PILOT2_PROTOCOL,Exploratory development data; second development iteration informed by Pilot 1; not independent confirmation; never pooled with the confirmatory held-out estimate,m-shift_reversal-296104fa71,pospischil2008_fs,2,P05_long_step,last_isi,definedness,15.480000000337895,,,0.5,r-880359fc85650f897997,r-040f7e3668b03d317614
neuron_model_behavioral_validation,Neuraxis,development_pilot,PILOT2_PROTOCOL,Exploratory development data; second development iteration informed by Pilot 1; not independent confirmation; never pooled with the confirmatory held-out estimate,m-shift_reversal-296104fa71,pospischil2008_fs,2,P05_long_step,spike_count,exceeds,129.0,0.0,129.0,3.0,r-880359fc85650f897997,r-040f7e3668b03d317614
neuron_model_behavioral_validation,Neuraxis,development_pilot,PILOT2_PROTOCOL,Exploratory development data; second development iteration informed by Pilot 1; not independent confirmation; never pooled with the confirmatory held-out estimate,m-shift_reversal-296104fa71,pospischil2008_fs,2,P06_ramp,first_spike_latency,exceeds,363.43999999954167,546.9299999993748,183.48999999983312,7.269799999990832,r-b0adc3019253aae3e3e8,r-34e36e0439d24fee56b9
neuron_model_behavioral_validation,Neuraxis,development_pilot,PILOT2_PROTOCOL,Exploratory development data; second development iteration informed by Pilot 1; not independent confirmation; never pooled with the confirmatory held-out estimate,m-shift_reversal-296104fa71,pospischil2008_fs,2,P06_ramp,spike_count,exceeds,61.0,37.0,24.0,0.5,r-b0adc3019253aae3e3e8,r-34e36e0439d24fee56b9
neuron_model_behavioral_validation,Neuraxis,development_pilot,PILOT2_PROTOCOL,Exploratory development data; second development iteration informed by Pilot 1; not independent confirmation; never pooled with the confirmatory held-out estimate,m-shift_reversal-296104fa71,pospischil2008_fs,2,P07_hyperpolarizing_step,steady_state_voltage,exceeds,-88.16673142547639,-98.16673142700226,10.000000001525876,0.5,r-e087238cb438e653e31d,r-5ceada61b1e86c945488
neuron_model_behavioral_validation,Neuraxis,development_pilot,PILOT2_PROTOCOL,Exploratory development data; second development iteration informed by Pilot 1; not independent confirmation; never pooled with the confirmatory held-out estimate,m-shift_reversal-296104fa71,pospischil2008_fs,2,P09_short_pulse,ahp_depth,exceeds,4.042343139694225,0.00420379638671875,4.038139343307506,1.7055587767790286,r-84e85309a66928a29934,r-4686ae912af77dc6f895
neuron_model_behavioral_validation,Neuraxis,development_pilot,PILOT2_PROTOCOL,Exploratory development data; second development iteration informed by Pilot 1; not independent confirmation; never pooled with the confirmatory held-out estimate,m-shift_reversal-296104fa71,pospischil2008_fs,2,P09_short_pulse,ap_amplitude,exceeds,118.07249069170416,127.99415969793048,9.921669006226324,2.3649139404291346,r-84e85309a66928a29934,r-4686ae912af77dc6f895
neuron_model_behavioral_validation,Neuraxis,development_pilot,PILOT2_PROTOCOL,Exploratory development data; second development iteration informed by Pilot 1; not independent confirmation; never pooled with the confirmatory held-out estimate,m-shift_reversal-99c62df08a,pospischil2008_fs,1,P00_canonical,ahp_depth,exceeds,-4.832305908199814,-8.821830749495149,3.989524841295335,0.5,r-4cceac4cec0eb866659f,r-35a0cbe112823007caac
neuron_model_behavioral_validation,Neuraxis,development_pilot,PILOT2_PROTOCOL,Exploratory development data; second development iteration informed by Pilot 1; not independent confirmation; never pooled with the confirmatory held-out estimate,m-shift_reversal-99c62df08a,pospischil2008_fs,1,P00_canonical,last_isi,exceeds,20.21999999998161,21.00999999998089,0.7899999999992815,0.5,r-4cceac4cec0eb866659f,r-35a0cbe112823007caac
neuron_model_behavioral_validation,Neuraxis,development_pilot,PILOT2_PROTOCOL,Exploratory development data; second development iteration informed by Pilot 1; not independent confirmation; never pooled with the confirmatory held-out estimate,m-shift_reversal-99c62df08a,pospischil2008_fs,1,P00_canonical,spike_count,exceeds,20.0,19.0,1.0,0.5,r-4cceac4cec0eb866659f,r-35a0cbe112823007caac
neuron_model_behavioral_validation,Neuraxis,development_pilot,PILOT2_PROTOCOL,Exploratory development data; second development iteration informed by Pilot 1; not independent confirmation; never pooled with the confirmatory held-out estimate,m-shift_reversal-99c62df08a,pospischil2008_fs,1,P04_step_2x,ahp_depth,exceeds,-4.612907409655477,-8.797592163078448,4.184684753422971,1.517738342282641,r-54e05e4e4388308e9268,r-90ddea7b40297109325f
neuron_model_behavioral_validation,Neuraxis,development_pilot,PILOT2_PROTOCOL,Exploratory development data; second development iteration informed by Pilot 1; not independent confirmation; never pooled with the confirmatory held-out estimate,m-shift_reversal-99c62df08a,pospischil2008_fs,1,P04_step_2x,last_isi,exceeds,10.539999999990414,11.079999999989923,0.5399999999995089,0.5,r-54e05e4e4388308e9268,r-90ddea7b40297109325f
neuron_model_behavioral_validation,Neuraxis,development_pilot,PILOT2_PROTOCOL,Exploratory development data; second development iteration informed by Pilot 1; not independent confirmation; never pooled with the confirmatory held-out estimate,m-shift_reversal-99c62df08a,pospischil2008_fs,1,P05_long_step,ahp_depth,exceeds,-5.324134826653506,-9.481994628900878,4.157859802247373,1.4906845092445167,r-d95212df9ca6b2b4efff,r-a1395ec490b9fc56d6f7
neuron_model_behavioral_validation,Neuraxis,development_pilot,PILOT2_PROTOCOL,Exploratory development data; second development iteration informed by Pilot 1; not independent confirmation; never pooled with the confirmatory held-out estimate,m-shift_reversal-99c62df08a,pospischil2008_fs,1,P05_long_step,last_isi,exceeds,15.610000000340733,16.310000000356013,0.7000000000152795,0.5,r-d95212df9ca6b2b4efff,r-a1395ec490b9fc56d6f7
neuron_model_behavioral_validation,Neuraxis,development_pilot,PILOT2_PROTOCOL,Exploratory development data; second development iteration informed by Pilot 1; not independent confirmation; never pooled with the confirmatory held-out estimate,m-shift_reversal-99c62df08a,pospischil2008_fs,1,P05_long_step,spike_count,exceeds,128.0,122.0,6.0,3.0,r-d95212df9ca6b2b4efff,r-a1395ec490b9fc56d6f7
neuron_model_behavioral_validation,Neuraxis,development_pilot,PILOT2_PROTOCOL,Exploratory development data; second development iteration informed by Pilot 1; not independent confirmation; never pooled with the confirmatory held-out estimate,m-shift_reversal-99c62df08a,pospischil2008_fs,1,P06_ramp,spike_count,exceeds,61.0,58.0,3.0,0.5,r-5888f8cf54a64bb2eb2f,r-8806091f2c2303ada31c
neuron_model_behavioral_validation,Neuraxis,development_pilot,PILOT2_PROTOCOL,Exploratory development data; second development iteration informed by Pilot 1; not independent confirmation; never pooled with the confirmatory held-out estimate,m-shift_reversal-99c62df08a,pospischil2008_fs,1,P09_short_pulse,ahp_depth,exceeds,3.4738235474345487,-0.8878555297742139,4.361679077208763,1.7055587767790286,r-534f36c941e5711ea7a5,r-ecddf75d70cce527c6ce
neuron_model_behavioral_validation,Neuraxis,development_pilot,PILOT2_PROTOCOL,Exploratory development data; second development iteration informed by Pilot 1; not independent confirmation; never pooled with the confirmatory held-out estimate,m-shift_reversal-99c62df08a,pospischil2008_fs,2,P00_canonical,ahp_depth,exceeds,-4.734680175792306,-8.705619812016138,3.9709396362238323,0.5,r-c9243a4c0b8a67de36a8,r-8b6448acf598cc41cd2e
neuron_model_behavioral_validation,Neuraxis,development_pilot,PILOT2_PROTOCOL,Exploratory development data; second development iteration informed by Pilot 1; not independent confirmation; never pooled with the confirmatory held-out estimate,m-shift_reversal-99c62df08a,pospischil2008_fs,2,P00_canonical,last_isi,exceeds,20.189999999981637,20.97999999998092,0.7899999999992815,0.5,r-c9243a4c0b8a67de36a8,r-8b6448acf598cc41cd2e
neuron_model_behavioral_validation,Neuraxis,development_pilot,PILOT2_PROTOCOL,Exploratory development data; second development iteration informed by Pilot 1; not independent confirmation; never pooled with the confirmatory held-out estimate,m-shift_reversal-99c62df08a,pospischil2008_fs,2,P00_canonical,spike_count,exceeds,20.0,19.0,1.0,0.5,r-c9243a4c0b8a67de36a8,r-8b6448acf598cc41cd2e
neuron_model_behavioral_validation,Neuraxis,development_pilot,PILOT2_PROTOCOL,Exploratory development data; second development iteration informed by Pilot 1; not independent confirmation; never pooled with the confirmatory held-out estimate,m-shift_reversal-99c62df08a,pospischil2008_fs,2,P04_step_2x,ahp_depth,exceeds,-4.106994628894597,-8.194213867181261,4.087219238286664,1.517738342282641,r-e087238cb438e653e31d,r-54aaf41bc28073beaa78
neuron_model_behavioral_validation,Neuraxis,development_pilot,PILOT2_PROTOCOL,Exploratory development data; second development iteration informed by Pilot 1; not independent confirmation; never pooled with the confirmatory held-out estimate,m-shift_reversal-99c62df08a,pospischil2008_fs,2,P04_step_2x,last_isi,exceeds,10.439999999990505,10.969999999990023,0.529999999999518,0.5,r-e087238cb438e653e31d,r-54aaf41bc28073beaa78
neuron_model_behavioral_validation,Neuraxis,development_pilot,PILOT2_PROTOCOL,Exploratory development data; second development iteration informed by Pilot 1; not independent confirmation; never pooled with the confirmatory held-out estimate,m-shift_reversal-99c62df08a,pospischil2008_fs,2,P05_long_step,ahp_depth,exceeds,-4.827239990238667,-8.887451171884436,4.060211181645769,1.4906845092445167,r-880359fc85650f897997,r-c54c8c86e7983bea2b58
neuron_model_behavioral_validation,Neuraxis,development_pilot,PILOT2_PROTOCOL,Exploratory development data; second development iteration informed by Pilot 1; not independent confirmation; never pooled with the confirmatory held-out estimate,m-shift_reversal-99c62df08a,pospischil2008_fs,2,P05_long_step,last_isi,exceeds,15.480000000337895,16.180000000353175,0.7000000000152795,0.5,r-880359fc85650f897997,r-c54c8c86e7983bea2b58
neuron_model_behavioral_validation,Neuraxis,development_pilot,PILOT2_PROTOCOL,Exploratory development data; second development iteration informed by Pilot 1; not independent confirmation; never pooled with the confirmatory held-out estimate,m-shift_reversal-99c62df08a,pospischil2008_fs,2,P05_long_step,spike_count,exceeds,129.0,123.0,6.0,3.0,r-880359fc85650f897997,r-c54c8c86e7983bea2b58
neuron_model_behavioral_validation,Neuraxis,development_pilot,PILOT2_PROTOCOL,Exploratory development data; second development iteration informed by Pilot 1; not independent confirmation; never pooled with the confirmatory held-out estimate,m-shift_reversal-99c62df08a,pospischil2008_fs,2,P06_ramp,spike_count,exceeds,61.0,58.0,3.0,0.5,r-b0adc3019253aae3e3e8,r-e42bbf72d7d6f00a7104
neuron_model_behavioral_validation,Neuraxis,development_pilot,PILOT2_PROTOCOL,Exploratory development data; second development iteration informed by Pilot 1; not independent confirmation; never pooled with the confirmatory held-out estimate,m-shift_reversal-99c62df08a,pospischil2008_fs,2,P09_short_pulse,ahp_depth,exceeds,4.042343139694225,-0.22061920167887195,4.262962341373097,1.7055587767790286,r-84e85309a66928a29934,r-d12aa3d0f66af8fdb4b5
neuron_model_behavioral_validation,Neuraxis,development_pilot,PILOT2_PROTOCOL,Exploratory development data; second development iteration informed by Pilot 1; not independent confirmation; never pooled with the confirmatory held-out estimate,m-scale_capacitance-8945c94953,pospischil2008_fs,1,P00_canonical,ahp_depth,exceeds,-4.832305908199814,-7.317955017071469,2.4856491088716552,0.5,r-4cceac4cec0eb866659f,r-0ca42dcce955133708ba
neuron_model_behavioral_validation,Neuraxis,development_pilot,PILOT2_PROTOCOL,Exploratory development data; second development iteration informed by Pilot 1; not independent confirmation; never pooled with the confirmatory held-out estimate,m-scale_capacitance-8945c94953,pospischil2008_fs,1,P00_canonical,first_spike_latency,exceeds,17.199999999856516,13.849999999859563,3.349999999996953,0.5,r-4cceac4cec0eb866659f,r-0ca42dcce955133708ba
neuron_model_behavioral_validation,Neuraxis,development_pilot,PILOT2_PROTOCOL,Exploratory development data; second development iteration informed by Pilot 1; not independent confirmation; never pooled with the confirmatory held-out estimate,m-scale_capacitance-8945c94953,pospischil2008_fs,1,P00_canonical,last_isi,exceeds,20.21999999998161,16.959999999984575,3.259999999997035,0.5,r-4cceac4cec0eb866659f,r-0ca42dcce955133708ba
neuron_model_behavioral_validation,Neuraxis,development_pilot,PILOT2_PROTOCOL,Exploratory development data; second development iteration informed by Pilot 1; not independent confirmation; never pooled with the confirmatory held-out estimate,m-scale_capacitance-8945c94953,pospischil2008_fs,1,P00_canonical,spike_count,exceeds,20.0,24.0,4.0,0.5,r-4cceac4cec0eb866659f,r-0ca42dcce955133708ba
neuron_model_behavioral_validation,Neuraxis,development_pilot,PILOT2_PROTOCOL,Exploratory development data; second development iteration informed by Pilot 1; not independent confirmation; never pooled with the confirmatory held-out estimate,m-scale_capacitance-8945c94953,pospischil2008_fs,1,P04_step_2x,ahp_depth,exceeds,-4.612907409655477,-7.034240722637293,2.4213333129818153,1.517738342282641,r-54e05e4e4388308e9268,r-b0e3ae581690fc39ad94
neuron_model_behavioral_validation,Neuraxis,development_pilot,PILOT2_PROTOCOL,Exploratory development data; second development iteration informed by Pilot 1; not independent confirmation; never pooled with the confirmatory held-out estimate,m-scale_capacitance-8945c94953,pospischil2008_fs,1,P04_step_2x,first_spike_latency,exceeds,8.009999999864874,6.499999999866247,1.5099999999986267,0.5,r-54e05e4e4388308e9268,r-b0e3ae581690fc39ad94
neuron_model_behavioral_validation,Neuraxis,development_pilot,PILOT2_PROTOCOL,Exploratory development data; second development iteration informed by Pilot 1; not independent confirmation; never pooled with the confirmatory held-out estimate,m-scale_capacitance-8945c94953,pospischil2008_fs,1,P04_step_2x,last_isi,exceeds,10.539999999990414,9.06999999999175,1.469999999998663,0.5,r-54e05e4e4388308e9268,r-b0e3ae581690fc39ad94
neuron_model_behavioral_validation,Neuraxis,development_pilot,PILOT2_PROTOCOL,Exploratory development data; second development iteration informed by Pilot 1; not independent confirmation; never pooled with the confirmatory held-out estimate,m-scale_capacitance-8945c94953,pospischil2008_fs,1,P04_step_2x,spike_count,exceeds,47.0,55.0,8.0,3.0,r-54e05e4e4388308e9268,r-b0e3ae581690fc39ad94
neuron_model_behavioral_validation,Neuraxis,development_pilot,PILOT2_PROTOCOL,Exploratory development data; second development iteration informed by Pilot 1; not independent confirmation; never pooled with the confirmatory held-out estimate,m-scale_capacitance-8945c94953,pospischil2008_fs,1,P05_long_step,ahp_depth,exceeds,-5.324134826653506,-7.79663085935303,2.4724960326995244,1.4906845092445167,r-d95212df9ca6b2b4efff,r-83f849aa5ef2ee5e705b
neuron_model_behavioral_validation,Neuraxis,development_pilot,PILOT2_PROTOCOL,Exploratory development data; second development iteration informed by Pilot 1; not independent confirmation; never pooled with the confirmatory held-out estimate,m-scale_capacitance-8945c94953,pospischil2008_fs,1,P05_long_step,first_spike_latency,exceeds,12.669999999860636,10.229999999862855,2.439999999997781,0.5,r-d95212df9ca6b2b4efff,r-83f849aa5ef2ee5e705b
neuron_model_behavioral_validation,Neuraxis,development_pilot,PILOT2_PROTOCOL,Exploratory development data; second development iteration informed by Pilot 1; not independent confirmation; never pooled with the confirmatory held-out estimate,m-scale_capacitance-8945c94953,pospischil2008_fs,1,P05_long_step,last_isi,exceeds,15.610000000340733,13.210000000288346,2.400000000052387,0.5,r-d95212df9ca6b2b4efff,r-83f849aa5ef2ee5e705b
neuron_model_behavioral_validation,Neuraxis,development_pilot,PILOT2_PROTOCOL,Exploratory development data; second development iteration informed by Pilot 1; not independent confirmation; never pooled with the confirmatory held-out estimate,m-scale_capacitance-8945c94953,pospischil2008_fs,1,P05_long_step,spike_count,exceeds,128.0,151.0,23.0,3.0,r-d95212df9ca6b2b4efff,r-83f849aa5ef2ee5e705b
neuron_model_behavioral_validation,Neuraxis,development_pilot,PILOT2_PROTOCOL,Exploratory development data; second development iteration informed by Pilot 1; not independent confirmation; never pooled with the confirmatory held-out estimate,m-scale_capacitance-8945c94953,pospischil2008_fs,1,P06_ramp,spike_count,exceeds,61.0,70.0,9.0,0.5,r-5888f8cf54a64bb2eb2f,r-e64cc5208301f7be46ee
neuron_model_behavioral_validation,Neuraxis,development_pilot,PILOT2_PROTOCOL,Exploratory development data; second development iteration informed by Pilot 1; not independent confirmation; never pooled with the confirmatory held-out estimate,m-scale_capacitance-8945c94953,pospischil2008_fs,1,P09_short_pulse,ahp_depth,exceeds,3.4738235474345487,1.5595855713901585,1.9142379760443902,1.7055587767790286,r-534f36c941e5711ea7a5,r-789b64ac4dd0dff4651d
neuron_model_behavioral_validation,Neuraxis,development_pilot,PILOT2_PROTOCOL,Exploratory development data; second development iteration informed by Pilot 1; not independent confirmation; never pooled with the confirmatory held-out estimate,m-scale_capacitance-8945c94953,pospischil2008_fs,2,P00_canonical,ahp_depth,exceeds,-4.734680175792306,-7.219413757326379,2.4847335815340728,0.5,r-c9243a4c0b8a67de36a8,r-d845b7667b3a92a94248
neuron_model_behavioral_validation,Neuraxis,development_pilot,PILOT2_PROTOCOL,Exploratory development data; second development iteration informed by Pilot 1; not independent confirmation; never pooled with the confirmatory held-out estimate,m-scale_capacitance-8945c94953,pospischil2008_fs,2,P00_canonical,first_spike_latency,exceeds,17.189999999856525,13.849999999859563,3.3399999999969623,0.5,r-c9243a4c0b8a67de36a8,r-d845b7667b3a92a94248
neuron_model_behavioral_validation,Neuraxis,development_pilot,PILOT2_PROTOCOL,Exploratory development data; second development iteration informed by Pilot 1; not independent confirmation; never pooled with the confirmatory held-out estimate,m-scale_capacitance-8945c94953,pospischil2008_fs,2,P00_canonical,last_isi,exceeds,20.189999999981637,16.929999999984602,3.259999999997035,0.5,r-c9243a4c0b8a67de36a8,r-d845b7667b3a92a94248
neuron_model_behavioral_validation,Neuraxis,development_pilot,PILOT2_PROTOCOL,Exploratory development data; second development iteration informed by Pilot 1; not independent confirmation; never pooled with the confirmatory held-out estimate,m-scale_capacitance-8945c94953,pospischil2008_fs,2,P00_canonical,spike_count,exceeds,20.0,24.0,4.0,0.5,r-c9243a4c0b8a67de36a8,r-d845b7667b3a92a94248
neuron_model_behavioral_validation,Neuraxis,development_pilot,PILOT2_PROTOCOL,Exploratory development data; second development iteration informed by Pilot 1; not independent confirmation; never pooled with the confirmatory held-out estimate,m-scale_capacitance-8945c94953,pospischil2008_fs,2,P04_step_2x,ahp_depth,exceeds,-4.106994628894597,-6.521369934066371,2.414375305171774,1.517738342282641,r-e087238cb438e653e31d,r-c96011421f1cd572b194
neuron_model_behavioral_validation,Neuraxis,development_pilot,PILOT2_PROTOCOL,Exploratory development data; second development iteration informed by Pilot 1; not independent confirmation; never pooled with the confirmatory held-out estimate,m-scale_capacitance-8945c94953,pospischil2008_fs,2,P04_step_2x,first_spike_latency,exceeds,7.989999999864892,6.469999999866275,1.5199999999986176,0.5,r-e087238cb438e653e31d,r-c96011421f1cd572b194
neuron_model_behavioral_validation,Neuraxis,development_pilot,PILOT2_PROTOCOL,Exploratory development data; second development iteration informed by Pilot 1; not independent confirmation; never pooled with the confirmatory held-out estimate,m-scale_capacitance-8945c94953,pospischil2008_fs,2,P04_step_2x,last_isi,exceeds,10.439999999990505,8.979999999991833,1.4599999999986721,0.5,r-e087238cb438e653e31d,r-c96011421f1cd572b194
neuron_model_behavioral_validation,Neuraxis,development_pilot,PILOT2_PROTOCOL,Exploratory development data; second development iteration informed by Pilot 1; not independent confirmation; never pooled with the confirmatory held-out estimate,m-scale_capacitance-8945c94953,pospischil2008_fs,2,P04_step_2x,spike_count,exceeds,48.0,55.0,7.0,3.0,r-e087238cb438e653e31d,r-c96011421f1cd572b194
neuron_model_behavioral_validation,Neuraxis,development_pilot,PILOT2_PROTOCOL,Exploratory development data; second development iteration informed by Pilot 1; not independent confirmation; never pooled with the confirmatory held-out estimate,m-scale_capacitance-8945c94953,pospischil2008_fs,2,P05_long_step,ahp_depth,exceeds,-4.827239990238667,-7.293930053707555,2.4666900634688886,1.4906845092445167,r-880359fc85650f897997,r-e1a346ceb65bf61324c0
neuron_model_behavioral_validation,Neuraxis,development_pilot,PILOT2_PROTOCOL,Exploratory development data; second development iteration informed by Pilot 1; not independent confirmation; never pooled with the confirmatory held-out estimate,m-scale_capacitance-8945c94953,pospischil2008_fs,2,P05_long_step,first_spike_latency,exceeds,12.629999999860672,10.199999999862882,2.42999999999779,0.5,r-880359fc85650f897997,r-e1a346ceb65bf61324c0
neuron_model_behavioral_validation,Neuraxis,development_pilot,PILOT2_PROTOCOL,Exploratory development data; second development iteration informed by Pilot 1; not independent confirmation; never pooled with the confirmatory held-out estimate,m-scale_capacitance-8945c94953,pospischil2008_fs,2,P05_long_step,last_isi,exceeds,15.480000000337895,13.110000000286163,2.370000000051732,0.5,r-880359fc85650f897997,r-e1a346ceb65bf61324c0
neuron_model_behavioral_validation,Neuraxis,development_pilot,PILOT2_PROTOCOL,Exploratory development data; second development iteration informed by Pilot 1; not independent confirmation; never pooled with the confirmatory held-out estimate,m-scale_capacitance-8945c94953,pospischil2008_fs,2,P05_long_step,spike_count,exceeds,129.0,152.0,23.0,3.0,r-880359fc85650f897997,r-e1a346ceb65bf61324c0
neuron_model_behavioral_validation,Neuraxis,development_pilot,PILOT2_PROTOCOL,Exploratory development data; second development iteration informed by Pilot 1; not independent confirmation; never pooled with the confirmatory held-out estimate,m-scale_capacitance-8945c94953,pospischil2008_fs,2,P06_ramp,spike_count,exceeds,61.0,71.0,10.0,0.5,r-b0adc3019253aae3e3e8,r-747989071062048c0813
neuron_model_behavioral_validation,Neuraxis,development_pilot,PILOT2_PROTOCOL,Exploratory development data; second development iteration informed by Pilot 1; not independent confirmation; never pooled with the confirmatory held-out estimate,m-scale_capacitance-8945c94953,pospischil2008_fs,2,P09_short_pulse,ahp_depth,exceeds,4.042343139694225,2.140342712465909,1.902000427228316,1.7055587767790286,r-84e85309a66928a29934,r-c3d85d58feca31dad456
neuron_model_behavioral_validation,Neuraxis,development_pilot,PILOT2_PROTOCOL,Exploratory development data; second development iteration informed by Pilot 1; not independent confirmation; never pooled with the confirmatory held-out estimate,m-scale_capacitance-5a8359e4e8,pospischil2008_fs,1,P00_canonical,ahp_depth,exceeds,-4.832305908199814,-12.204025268533783,7.3717193603339695,0.5,r-4cceac4cec0eb866659f,r-dafe43d5a2d0478d6f0a
neuron_model_behavioral_validation,Neuraxis,development_pilot,PILOT2_PROTOCOL,Exploratory development data; second development iteration informed by Pilot 1; not independent confirmation; never pooled with the confirmatory held-out estimate,m-scale_capacitance-5a8359e4e8,pospischil2008_fs,1,P00_canonical,ap_amplitude,exceeds,87.45660400498362,91.30285263137543,3.8462486263918123,1.7491320800996724,r-4cceac4cec0eb866659f,r-dafe43d5a2d0478d6f0a
neuron_model_behavioral_validation,Neuraxis,development_pilot,PILOT2_PROTOCOL,Exploratory development data; second development iteration informed by Pilot 1; not independent confirmation; never pooled with the confirmatory held-out estimate,m-scale_capacitance-5a8359e4e8,pospischil2008_fs,1,P00_canonical,first_spike_latency,exceeds,17.199999999856516,8.819999999864137,8.379999999992378,0.5,r-4cceac4cec0eb866659f,r-dafe43d5a2d0478d6f0a
neuron_model_behavioral_validation,Neuraxis,development_pilot,PILOT2_PROTOCOL,Exploratory development data; second development iteration informed by Pilot 1; not independent confirmation; never pooled with the confirmatory held-out estimate,m-scale_capacitance-5a8359e4e8,pospischil2008_fs,1,P00_canonical,last_isi,exceeds,20.21999999998161,11.679999999989377,8.539999999992233,0.5,r-4cceac4cec0eb866659f,r-dafe43d5a2d0478d6f0a
neuron_model_behavioral_validation,Neuraxis,development_pilot,PILOT2_PROTOCOL,Exploratory development data; second development iteration informed by Pilot 1; not independent confirmation; never pooled with the confirmatory held-out estimate,m-scale_capacitance-5a8359e4e8,pospischil2008_fs,1,P00_canonical,spike_count,exceeds,20.0,35.0,15.0,0.5,r-4cceac4cec0eb866659f,r-dafe43d5a2d0478d6f0a
neuron_model_behavioral_validation,Neuraxis,development_pilot,PILOT2_PROTOCOL,Exploratory development data; second development iteration informed by Pilot 1; not independent confirmation; never pooled with the confirmatory held-out estimate,m-scale_capacitance-5a8359e4e8,pospischil2008_fs,1,P04_step_2x,ahp_depth,exceeds,-4.612907409655477,-11.788536071736814,7.175628662081337,1.517738342282641,r-54e05e4e4388308e9268,r-09e167a8d306a6eb4f6b
neuron_model_behavioral_validation,Neuraxis,development_pilot,PILOT2_PROTOCOL,Exploratory development data; second development iteration informed by Pilot 1; not independent confirmation; never pooled with the confirmatory held-out estimate,m-scale_capacitance-5a8359e4e8,pospischil2008_fs,1,P04_step_2x,ap_amplitude,exceeds,88.51488494896842,92.76014328132842,4.2452583323600095,1.7702976989793684,r-54e05e4e4388308e9268,r-09e167a8d306a6eb4f6b
neuron_model_behavioral_validation,Neuraxis,development_pilot,PILOT2_PROTOCOL,Exploratory development data; second development iteration informed by Pilot 1; not independent confirmation; never pooled with the confirmatory held-out estimate,m-scale_capacitance-5a8359e4e8,pospischil2008_fs,1,P04_step_2x,first_spike_latency,exceeds,8.009999999864874,4.20999999986833,3.799999999996544,0.5,r-54e05e4e4388308e9268,r-09e167a8d306a6eb4f6b
neuron_model_behavioral_validation,Neuraxis,development_pilot,PILOT2_PROTOCOL,Exploratory development data; second development iteration informed by Pilot 1; not independent confirmation; never pooled with the confirmatory held-out estimate,m-scale_capacitance-5a8359e4e8,pospischil2008_fs,1,P04_step_2x,last_isi,exceeds,10.539999999990414,6.589999999994006,3.9499999999964075,0.5,r-54e05e4e4388308e9268,r-09e167a8d306a6eb4f6b
neuron_model_behavioral_validation,Neuraxis,development_pilot,PILOT2_PROTOCOL,Exploratory development data; second development iteration informed by Pilot 1; not independent confirmation; never pooled with the confirmatory held-out estimate,m-scale_capacitance-5a8359e4e8,pospischil2008_fs,1,P04_step_2x,spike_count,exceeds,47.0,76.0,29.0,3.0,r-54e05e4e4388308e9268,r-09e167a8d306a6eb4f6b
neuron_model_behavioral_validation,Neuraxis,development_pilot,PILOT2_PROTOCOL,Exploratory development data; second development iteration informed by Pilot 1; not independent confirmation; never pooled with the confirmatory held-out estimate,m-scale_capacitance-5a8359e4e8,pospischil2008_fs,1,P05_long_step,ahp_depth,exceeds,-5.324134826653506,-12.637336730974127,7.313201904320621,1.4906845092445167,r-d95212df9ca6b2b4efff,r-dcc19b43bd0cd09f0270
neuron_model_behavioral_validation,Neuraxis,development_pilot,PILOT2_PROTOCOL,Exploratory development data; second development iteration informed by Pilot 1; not independent confirmation; never pooled with the confirmatory held-out estimate,m-scale_capacitance-5a8359e4e8,pospischil2008_fs,1,P05_long_step,ap_amplitude,exceeds,87.90636062789724,91.80000686682544,3.8936462389281985,1.7581272125579448,r-d95212df9ca6b2b4efff,r-dcc19b43bd0cd09f0270
neuron_model_behavioral_validation,Neuraxis,development_pilot,PILOT2_PROTOCOL,Exploratory development data; second development iteration informed by Pilot 1; not independent confirmation; never pooled with the confirmatory held-out estimate,m-scale_capacitance-5a8359e4e8,pospischil2008_fs,1,P05_long_step,first_spike_latency,exceeds,12.669999999860636,6.559999999866193,6.109999999994443,0.5,r-d95212df9ca6b2b4efff,r-dcc19b43bd0cd09f0270
neuron_model_behavioral_validation,Neuraxis,development_pilot,PILOT2_PROTOCOL,Exploratory development data; second development iteration informed by Pilot 1; not independent confirmation; never pooled with the confirmatory held-out estimate,m-scale_capacitance-5a8359e4e8,pospischil2008_fs,1,P05_long_step,last_isi,exceeds,15.610000000340733,9.290000000202781,6.320000000137952,0.5,r-d95212df9ca6b2b4efff,r-dcc19b43bd0cd09f0270
neuron_model_behavioral_validation,Neuraxis,development_pilot,PILOT2_PROTOCOL,Exploratory development data; second development iteration informed by Pilot 1; not independent confirmation; never pooled with the confirmatory held-out estimate,m-scale_capacitance-5a8359e4e8,pospischil2008_fs,1,P05_long_step,spike_count,exceeds,128.0,215.0,87.0,3.0,r-d95212df9ca6b2b4efff,r-dcc19b43bd0cd09f0270
neuron_model_behavioral_validation,Neuraxis,development_pilot,PILOT2_PROTOCOL,Exploratory development data; second development iteration informed by Pilot 1; not independent confirmation; never pooled with the confirmatory held-out estimate,m-scale_capacitance-5a8359e4e8,pospischil2008_fs,1,P06_ramp,first_spike_latency,exceeds,363.4899999995416,352.7199999995514,10.769999999990205,7.269799999990832,r-5888f8cf54a64bb2eb2f,r-7fb48de644d0afbf82cc
neuron_model_behavioral_validation,Neuraxis,development_pilot,PILOT2_PROTOCOL,Exploratory development data; second development iteration informed by Pilot 1; not independent confirmation; never pooled with the confirmatory held-out estimate,m-scale_capacitance-5a8359e4e8,pospischil2008_fs,1,P06_ramp,spike_count,exceeds,61.0,96.0,35.0,0.5,r-5888f8cf54a64bb2eb2f,r-7fb48de644d0afbf82cc
neuron_model_behavioral_validation,Neuraxis,development_pilot,PILOT2_PROTOCOL,Exploratory development data; second development iteration informed by Pilot 1; not independent confirmation; never pooled with the confirmatory held-out estimate,m-scale_capacitance-5a8359e4e8,pospischil2008_fs,1,P09_short_pulse,ahp_depth,exceeds,3.4738235474345487,-2.319023132308189,5.792846679742738,1.7055587767790286,r-534f36c941e5711ea7a5,r-331a6663db403e62face
neuron_model_behavioral_validation,Neuraxis,development_pilot,PILOT2_PROTOCOL,Exploratory development data; second development iteration informed by Pilot 1; not independent confirmation; never pooled with the confirmatory held-out estimate,m-scale_capacitance-5a8359e4e8,pospischil2008_fs,1,P09_short_pulse,first_spike_latency,exceeds,1.6599999998706494,0.9399999998713042,0.7199999999993452,0.5,r-534f36c941e5711ea7a5,r-331a6663db403e62face
neuron_model_behavioral_validation,Neuraxis,development_pilot,PILOT2_PROTOCOL,Exploratory development data; second development iteration informed by Pilot 1; not independent confirmation; never pooled with the confirmatory held-out estimate,m-scale_capacitance-5a8359e4e8,pospischil2008_fs,1,P09_short_pulse,spike_count,exceeds,1.0,2.0,1.0,0.5,r-534f36c941e5711ea7a5,r-331a6663db403e62face
neuron_model_behavioral_validation,Neuraxis,development_pilot,PILOT2_PROTOCOL,Exploratory development data; second development iteration informed by Pilot 1; not independent confirmation; never pooled with the confirmatory held-out estimate,m-scale_capacitance-5a8359e4e8,pospischil2008_fs,2,P00_canonical,ahp_depth,exceeds,-4.734680175792306,-12.104644775415707,7.369964599623401,0.5,r-c9243a4c0b8a67de36a8,r-2dfc8aa8ce2f766944a5
neuron_model_behavioral_validation,Neuraxis,development_pilot,PILOT2_PROTOCOL,Exploratory development data; second development iteration informed by Pilot 1; not independent confirmation; never pooled with the confirmatory held-out estimate,m-scale_capacitance-5a8359e4e8,pospischil2008_fs,2,P00_canonical,ap_amplitude,exceeds,87.36877822947855,91.34519958700596,3.976421357527414,1.7491320800996724,r-c9243a4c0b8a67de36a8,r-2dfc8aa8ce2f766944a5
neuron_model_behavioral_validation,Neuraxis,development_pilot,PILOT2_PROTOCOL,Exploratory development data; second development iteration informed by Pilot 1; not independent confirmation; never pooled with the confirmatory held-out estimate,m-scale_capacitance-5a8359e4e8,pospischil2008_fs,2,P00_canonical,first_spike_latency,exceeds,17.189999999856525,8.819999999864137,8.369999999992388,0.5,r-c9243a4c0b8a67de36a8,r-2dfc8aa8ce2f766944a5
neuron_model_behavioral_validation,Neuraxis,development_pilot,PILOT2_PROTOCOL,Exploratory development data; second development iteration informed by Pilot 1; not independent confirmation; never pooled with the confirmatory held-out estimate,m-scale_capacitance-5a8359e4e8,pospischil2008_fs,2,P00_canonical,last_isi,exceeds,20.189999999981637,11.679999999989377,8.50999999999226,0.5,r-c9243a4c0b8a67de36a8,r-2dfc8aa8ce2f766944a5
neuron_model_behavioral_validation,Neuraxis,development_pilot,PILOT2_PROTOCOL,Exploratory development data; second development iteration informed by Pilot 1; not independent confirmation; never pooled with the confirmatory held-out estimate,m-scale_capacitance-5a8359e4e8,pospischil2008_fs,2,P00_canonical,spike_count,exceeds,20.0,35.0,15.0,0.5,r-c9243a4c0b8a67de36a8,r-2dfc8aa8ce2f766944a5
neuron_model_behavioral_validation,Neuraxis,development_pilot,PILOT2_PROTOCOL,Exploratory development data; second development iteration informed by Pilot 1; not independent confirmation; never pooled with the confirmatory held-out estimate,m-scale_capacitance-5a8359e4e8,pospischil2008_fs,2,P04_step_2x,ahp_depth,exceeds,-4.106994628894597,-11.273757934544392,7.166763305649795,1.517738342282641,r-e087238cb438e653e31d,r-dbd73eda7d07789986f2
neuron_model_behavioral_validation,Neuraxis,development_pilot,PILOT2_PROTOCOL,Exploratory development data; second development iteration informed by Pilot 1; not independent confirmation; never pooled with the confirmatory held-out estimate,m-scale_capacitance-5a8359e4e8,pospischil2008_fs,2,P04_step_2x,ap_amplitude,exceeds,88.43542480636255,92.70101165822479,4.265586851862238,1.7702976989793684,r-e087238cb438e653e31d,r-dbd73eda7d07789986f2
neuron_model_behavioral_validation,Neuraxis,development_pilot,PILOT2_PROTOCOL,Exploratory development data; second development iteration informed by Pilot 1; not independent confirmation; never pooled with the confirmatory held-out estimate,m-scale_capacitance-5a8359e4e8,pospischil2008_fs,2,P04_step_2x,first_spike_latency,exceeds,7.989999999864892,4.1799999998683575,3.809999999996535,0.5,r-e087238cb438e653e31d,r-dbd73eda7d07789986f2
neuron_model_behavioral_validation,Neuraxis,development_pilot,PILOT2_PROTOCOL,Exploratory development data; second development iteration informed by Pilot 1; not independent confirmation; never pooled with the confirmatory held-out estimate,m-scale_capacitance-5a8359e4e8,pospischil2008_fs,2,P04_step_2x,last_isi,exceeds,10.439999999990505,6.539999999994052,3.899999999996453,0.5,r-e087238cb438e653e31d,r-dbd73eda7d07789986f2
neuron_model_behavioral_validation,Neuraxis,development_pilot,PILOT2_PROTOCOL,Exploratory development data; second development iteration informed by Pilot 1; not independent confirmation; never pooled with the confirmatory held-out estimate,m-scale_capacitance-5a8359e4e8,pospischil2008_fs,2,P04_step_2x,spike_count,exceeds,48.0,76.0,28.0,3.0,r-e087238cb438e653e31d,r-dbd73eda7d07789986f2
neuron_model_behavioral_validation,Neuraxis,development_pilot,PILOT2_PROTOCOL,Exploratory development data; second development iteration informed by Pilot 1; not independent confirmation; never pooled with the confirmatory held-out estimate,m-scale_capacitance-5a8359e4e8,pospischil2008_fs,2,P05_long_step,ahp_depth,exceeds,-4.827239990238667,-12.135429382304054,7.308189392065387,1.4906845092445167,r-880359fc85650f897997,r-d245f6c89bcc16c80a63
neuron_model_behavioral_validation,Neuraxis,development_pilot,PILOT2_PROTOCOL,Exploratory development data; second development iteration informed by Pilot 1; not independent confirmation; never pooled with the confirmatory held-out estimate,m-scale_capacitance-5a8359e4e8,pospischil2008_fs,2,P05_long_step,ap_amplitude,exceeds,87.76913070748881,91.78482818646623,4.015697478977415,1.7581272125579448,r-880359fc85650f897997,r-d245f6c89bcc16c80a63
neuron_model_behavioral_validation,Neuraxis,development_pilot,PILOT2_PROTOCOL,Exploratory development data; second development iteration informed by Pilot 1; not independent confirmation; never pooled with the confirmatory held-out estimate,m-scale_capacitance-5a8359e4e8,pospischil2008_fs,2,P05_long_step,first_spike_latency,exceeds,12.629999999860672,6.52999999986622,6.099999999994452,0.5,r-880359fc85650f897997,r-d245f6c89bcc16c80a63
neuron_model_behavioral_validation,Neuraxis,development_pilot,PILOT2_PROTOCOL,Exploratory development data; second development iteration informed by Pilot 1; not independent confirmation; never pooled with the confirmatory held-out estimate,m-scale_capacitance-5a8359e4e8,pospischil2008_fs,2,P05_long_step,last_isi,exceeds,15.480000000337895,9.230000000201471,6.250000000136424,0.5,r-880359fc85650f897997,r-d245f6c89bcc16c80a63
neuron_model_behavioral_validation,Neuraxis,development_pilot,PILOT2_PROTOCOL,Exploratory development data; second development iteration informed by Pilot 1; not independent confirmation; never pooled with the confirmatory held-out estimate,m-scale_capacitance-5a8359e4e8,pospischil2008_fs,2,P05_long_step,spike_count,exceeds,129.0,216.0,87.0,3.0,r-880359fc85650f897997,r-d245f6c89bcc16c80a63
neuron_model_behavioral_validation,Neuraxis,development_pilot,PILOT2_PROTOCOL,Exploratory development data; second development iteration informed by Pilot 1; not independent confirmation; never pooled with the confirmatory held-out estimate,m-scale_capacitance-5a8359e4e8,pospischil2008_fs,2,P06_ramp,first_spike_latency,exceeds,363.43999999954167,352.66999999955146,10.769999999990205,7.269799999990832,r-b0adc3019253aae3e3e8,r-90d57c02f08d91be81ff
neuron_model_behavioral_validation,Neuraxis,development_pilot,PILOT2_PROTOCOL,Exploratory development data; second development iteration informed by Pilot 1; not independent confirmation; never pooled with the confirmatory held-out estimate,m-scale_capacitance-5a8359e4e8,pospischil2008_fs,2,P06_ramp,spike_count,exceeds,61.0,97.0,36.0,0.5,r-b0adc3019253aae3e3e8,r-90d57c02f08d91be81ff
neuron_model_behavioral_validation,Neuraxis,development_pilot,PILOT2_PROTOCOL,Exploratory development data; second development iteration informed by Pilot 1; not independent confirmation; never pooled with the confirmatory held-out estimate,m-scale_capacitance-5a8359e4e8,pospischil2008_fs,2,P09_short_pulse,ahp_depth,exceeds,4.042343139694225,-1.7216949463492028,5.764038086043428,1.7055587767790286,r-84e85309a66928a29934,r-31fc17cfdf4b95f497e0
neuron_model_behavioral_validation,Neuraxis,development_pilot,PILOT2_PROTOCOL,Exploratory development data; second development iteration informed by Pilot 1; not independent confirmation; never pooled with the confirmatory held-out estimate,m-scale_capacitance-5a8359e4e8,pospischil2008_fs,2,P09_short_pulse,first_spike_latency,exceeds,1.6399999998706676,0.9299999998713133,0.7099999999993543,0.5,r-84e85309a66928a29934,r-31fc17cfdf4b95f497e0
neuron_model_behavioral_validation,Neuraxis,development_pilot,PILOT2_PROTOCOL,Exploratory development data; second development iteration informed by Pilot 1; not independent confirmation; never pooled with the confirmatory held-out estimate,m-scale_capacitance-5a8359e4e8,pospischil2008_fs,2,P09_short_pulse,spike_count,exceeds,1.0,2.0,1.0,0.5,r-84e85309a66928a29934,r-31fc17cfdf4b95f497e0
neuron_model_behavioral_validation,Neuraxis,development_pilot,PILOT2_PROTOCOL,Exploratory development data; second development iteration informed by Pilot 1; not independent confirmation; never pooled with the confirmatory held-out estimate,m-scale_gate_time_constant-dda33c4c51,pospischil2008_fs,1,P00_canonical,ahp_depth,exceeds,-4.832305908199814,-6.100250244136205,1.2679443359363916,0.5,r-4cceac4cec0eb866659f,r-a116dc3d73e13b2a52fc
neuron_model_behavioral_validation,Neuraxis,development_pilot,PILOT2_PROTOCOL,Exploratory development data; second development iteration informed by Pilot 1; not independent confirmation; never pooled with the confirmatory held-out estimate,m-scale_gate_time_constant-dda33c4c51,pospischil2008_fs,1,P00_canonical,last_isi,exceeds,20.21999999998161,20.729999999981146,0.5099999999995362,0.5,r-4cceac4cec0eb866659f,r-a116dc3d73e13b2a52fc
neuron_model_behavioral_validation,Neuraxis,development_pilot,PILOT2_PROTOCOL,Exploratory development data; second development iteration informed by Pilot 1; not independent confirmation; never pooled with the confirmatory held-out estimate,m-scale_gate_time_constant-dda33c4c51,pospischil2008_fs,1,P00_canonical,spike_count,exceeds,20.0,19.0,1.0,0.5,r-4cceac4cec0eb866659f,r-a116dc3d73e13b2a52fc
neuron_model_behavioral_validation,Neuraxis,development_pilot,PILOT2_PROTOCOL,Exploratory development data; second development iteration informed by Pilot 1; not independent confirmation; never pooled with the confirmatory held-out estimate,m-scale_gate_time_constant-dda33c4c51,pospischil2008_fs,1,P05_long_step,spike_count,exceeds,128.0,124.0,4.0,3.0,r-d95212df9ca6b2b4efff,r-8b9541ca34ee6103c12b
neuron_model_behavioral_validation,Neuraxis,development_pilot,PILOT2_PROTOCOL,Exploratory development data; second development iteration informed by Pilot 1; not independent confirmation; never pooled with the confirmatory held-out estimate,m-scale_gate_time_constant-dda33c4c51,pospischil2008_fs,1,P06_ramp,spike_count,exceeds,61.0,58.0,3.0,0.5,r-5888f8cf54a64bb2eb2f,r-24c392824b26e1eeefc5
neuron_model_behavioral_validation,Neuraxis,development_pilot,PILOT2_PROTOCOL,Exploratory development data; second development iteration informed by Pilot 1; not independent confirmation; never pooled with the confirmatory held-out estimate,m-scale_gate_time_constant-dda33c4c51,pospischil2008_fs,1,P09_short_pulse,ahp_depth,exceeds,3.4738235474345487,-4.687477111816406,8.161300659250955,1.7055587767790286,r-534f36c941e5711ea7a5,r-49d9fdb7537e2dd265cb
neuron_model_behavioral_validation,Neuraxis,development_pilot,PILOT2_PROTOCOL,Exploratory development data; second development iteration informed by Pilot 1; not independent confirmation; never pooled with the confirmatory held-out estimate,m-scale_gate_time_constant-dda33c4c51,pospischil2008_fs,2,P00_canonical,ahp_depth,exceeds,-4.734680175792306,-6.0126113891712265,1.2779312133789205,0.5,r-c9243a4c0b8a67de36a8,r-7d3a2902d2f69dae8864
neuron_model_behavioral_validation,Neuraxis,development_pilot,PILOT2_PROTOCOL,Exploratory development data; second development iteration informed by Pilot 1; not independent confirmation; never pooled with the confirmatory held-out estimate,m-scale_gate_time_constant-dda33c4c51,pospischil2008_fs,2,P00_canonical,last_isi,exceeds,20.189999999981637,20.709999999981164,0.5199999999995271,0.5,r-c9243a4c0b8a67de36a8,r-7d3a2902d2f69dae8864
neuron_model_behavioral_validation,Neuraxis,development_pilot,PILOT2_PROTOCOL,Exploratory development data; second development iteration informed by Pilot 1; not independent confirmation; never pooled with the confirmatory held-out estimate,m-scale_gate_time_constant-dda33c4c51,pospischil2008_fs,2,P00_canonical,spike_count,exceeds,20.0,19.0,1.0,0.5,r-c9243a4c0b8a67de36a8,r-7d3a2902d2f69dae8864
neuron_model_behavioral_validation,Neuraxis,development_pilot,PILOT2_PROTOCOL,Exploratory development data; second development iteration informed by Pilot 1; not independent confirmation; never pooled with the confirmatory held-out estimate,m-scale_gate_time_constant-dda33c4c51,pospischil2008_fs,2,P05_long_step,spike_count,exceeds,129.0,125.0,4.0,3.0,r-880359fc85650f897997,r-94e280f7a428324812f0
neuron_model_behavioral_validation,Neuraxis,development_pilot,PILOT2_PROTOCOL,Exploratory development data; second development iteration informed by Pilot 1; not independent confirmation; never pooled with the confirmatory held-out estimate,m-scale_gate_time_constant-dda33c4c51,pospischil2008_fs,2,P06_ramp,spike_count,exceeds,61.0,59.0,2.0,0.5,r-b0adc3019253aae3e3e8,r-84f4eefb06503949ef7f
neuron_model_behavioral_validation,Neuraxis,development_pilot,PILOT2_PROTOCOL,Exploratory development data; second development iteration informed by Pilot 1; not independent confirmation; never pooled with the confirmatory held-out estimate,m-scale_gate_time_constant-dda33c4c51,pospischil2008_fs,2,P09_short_pulse,ahp_depth,exceeds,4.042343139694225,-4.14154052734294,8.183883667037165,1.7055587767790286,r-84e85309a66928a29934,r-5502d129997dd0a6829a
neuron_model_behavioral_validation,Neuraxis,development_pilot,PILOT2_PROTOCOL,Exploratory development data; second development iteration informed by Pilot 1; not independent confirmation; never pooled with the confirmatory held-out estimate,m-scale_gate_time_constant-2e28d01edd,pospischil2008_fs,1,P00_canonical,ahp_depth,exceeds,-4.832305908199814,-0.3263854980490919,4.505920410150722,0.5,r-4cceac4cec0eb866659f,r-054689ba190025196741
neuron_model_behavioral_validation,Neuraxis,development_pilot,PILOT2_PROTOCOL,Exploratory development data; second development iteration informed by Pilot 1; not independent confirmation; never pooled with the confirmatory held-out estimate,m-scale_gate_time_constant-2e28d01edd,pospischil2008_fs,1,P00_canonical,ap_amplitude,exceeds,87.45660400498362,81.5754051223939,5.881198882589715,1.7491320800996724,r-4cceac4cec0eb866659f,r-054689ba190025196741
neuron_model_behavioral_validation,Neuraxis,development_pilot,PILOT2_PROTOCOL,Exploratory development data; second development iteration informed by Pilot 1; not independent confirmation; never pooled with the confirmatory held-out estimate,m-scale_gate_time_constant-2e28d01edd,pospischil2008_fs,1,P00_canonical,last_isi,exceeds,20.21999999998161,19.079999999982647,1.1399999999989632,0.5,r-4cceac4cec0eb866659f,r-054689ba190025196741
neuron_model_behavioral_validation,Neuraxis,development_pilot,PILOT2_PROTOCOL,Exploratory development data; second development iteration informed by Pilot 1; not independent confirmation; never pooled with the confirmatory held-out estimate,m-scale_gate_time_constant-2e28d01edd,pospischil2008_fs,1,P00_canonical,spike_count,exceeds,20.0,21.0,1.0,0.5,r-4cceac4cec0eb866659f,r-054689ba190025196741
neuron_model_behavioral_validation,Neuraxis,development_pilot,PILOT2_PROTOCOL,Exploratory development data; second development iteration informed by Pilot 1; not independent confirmation; never pooled with the confirmatory held-out estimate,m-scale_gate_time_constant-2e28d01edd,pospischil2008_fs,1,P04_step_2x,ahp_depth,exceeds,-4.612907409655477,-0.20871734617371374,4.404190063481764,1.517738342282641,r-54e05e4e4388308e9268,r-60e7d84d440bdad95212
neuron_model_behavioral_validation,Neuraxis,development_pilot,PILOT2_PROTOCOL,Exploratory development data; second development iteration informed by Pilot 1; not independent confirmation; never pooled with the confirmatory held-out estimate,m-scale_gate_time_constant-2e28d01edd,pospischil2008_fs,1,P04_step_2x,ap_amplitude,exceeds,88.51488494896842,83.24060058714329,5.274284361825124,1.7702976989793684,r-54e05e4e4388308e9268,r-60e7d84d440bdad95212
neuron_model_behavioral_validation,Neuraxis,development_pilot,PILOT2_PROTOCOL,Exploratory development data; second development iteration informed by Pilot 1; not independent confirmation; never pooled with the confirmatory held-out estimate,m-scale_gate_time_constant-2e28d01edd,pospischil2008_fs,1,P04_step_2x,last_isi,exceeds,10.539999999990414,9.72999999999115,0.8099999999992633,0.5,r-54e05e4e4388308e9268,r-60e7d84d440bdad95212
neuron_model_behavioral_validation,Neuraxis,development_pilot,PILOT2_PROTOCOL,Exploratory development data; second development iteration informed by Pilot 1; not independent confirmation; never pooled with the confirmatory held-out estimate,m-scale_gate_time_constant-2e28d01edd,pospischil2008_fs,1,P04_step_2x,spike_count,exceeds,47.0,51.0,4.0,3.0,r-54e05e4e4388308e9268,r-60e7d84d440bdad95212
neuron_model_behavioral_validation,Neuraxis,development_pilot,PILOT2_PROTOCOL,Exploratory development data; second development iteration informed by Pilot 1; not independent confirmation; never pooled with the confirmatory held-out estimate,m-scale_gate_time_constant-2e28d01edd,pospischil2008_fs,1,P05_long_step,ahp_depth,exceeds,-5.324134826653506,-0.9855880737233775,4.338546752930128,1.4906845092445167,r-d95212df9ca6b2b4efff,r-f8f8d2005c014c7bdf1e
neuron_model_behavioral_validation,Neuraxis,development_pilot,PILOT2_PROTOCOL,Exploratory development data; second development iteration informed by Pilot 1; not independent confirmation; never pooled with the confirmatory held-out estimate,m-scale_gate_time_constant-2e28d01edd,pospischil2008_fs,1,P05_long_step,ap_amplitude,exceeds,87.90636062789724,82.40787124799868,5.498489379898558,1.7581272125579448,r-d95212df9ca6b2b4efff,r-f8f8d2005c014c7bdf1e
neuron_model_behavioral_validation,Neuraxis,development_pilot,PILOT2_PROTOCOL,Exploratory development data; second development iteration informed by Pilot 1; not independent confirmation; never pooled with the confirmatory held-out estimate,m-scale_gate_time_constant-2e28d01edd,pospischil2008_fs,1,P05_long_step,last_isi,exceeds,15.610000000340733,14.630000000319342,0.9800000000213913,0.5,r-d95212df9ca6b2b4efff,r-f8f8d2005c014c7bdf1e
neuron_model_behavioral_validation,Neuraxis,development_pilot,PILOT2_PROTOCOL,Exploratory development data; second development iteration informed by Pilot 1; not independent confirmation; never pooled with the confirmatory held-out estimate,m-scale_gate_time_constant-2e28d01edd,pospischil2008_fs,1,P05_long_step,spike_count,exceeds,128.0,136.0,8.0,3.0,r-d95212df9ca6b2b4efff,r-f8f8d2005c014c7bdf1e
neuron_model_behavioral_validation,Neuraxis,development_pilot,PILOT2_PROTOCOL,Exploratory development data; second development iteration informed by Pilot 1; not independent confirmation; never pooled with the confirmatory held-out estimate,m-scale_gate_time_constant-2e28d01edd,pospischil2008_fs,1,P06_ramp,spike_count,exceeds,61.0,65.0,4.0,0.5,r-5888f8cf54a64bb2eb2f,r-beeccdc9f5c5f5f645c9
neuron_model_behavioral_validation,Neuraxis,development_pilot,PILOT2_PROTOCOL,Exploratory development data; second development iteration informed by Pilot 1; not independent confirmation; never pooled with the confirmatory held-out estimate,m-scale_gate_time_constant-2e28d01edd,pospischil2008_fs,1,P09_short_pulse,ahp_depth,exceeds,3.4738235474345487,8.191490173388573,4.717666625954024,1.7055587767790286,r-534f36c941e5711ea7a5,r-2b3d9ab826ebf5187332
neuron_model_behavioral_validation,Neuraxis,development_pilot,PILOT2_PROTOCOL,Exploratory development data; second development iteration informed by Pilot 1; not independent confirmation; never pooled with the confirmatory held-out estimate,m-scale_gate_time_constant-2e28d01edd,pospischil2008_fs,1,P09_short_pulse,ap_amplitude,exceeds,118.24569702145673,114.33942413290694,3.9062728885497933,2.3649139404291346,r-534f36c941e5711ea7a5,r-2b3d9ab826ebf5187332
neuron_model_behavioral_validation,Neuraxis,development_pilot,PILOT2_PROTOCOL,Exploratory development data; second development iteration informed by Pilot 1; not independent confirmation; never pooled with the confirmatory held-out estimate,m-scale_gate_time_constant-2e28d01edd,pospischil2008_fs,2,P00_canonical,ahp_depth,exceeds,-4.734680175792306,-0.20559692383476147,4.529083251957545,0.5,r-c9243a4c0b8a67de36a8,r-409029e3be134b1e0feb
neuron_model_behavioral_validation,Neuraxis,development_pilot,PILOT2_PROTOCOL,Exploratory development data; second development iteration informed by Pilot 1; not independent confirmation; never pooled with the confirmatory held-out estimate,m-scale_gate_time_constant-2e28d01edd,pospischil2008_fs,2,P00_canonical,ap_amplitude,exceeds,87.36877822947855,81.45985794181396,5.908920287664586,1.7491320800996724,r-c9243a4c0b8a67de36a8,r-409029e3be134b1e0feb
neuron_model_behavioral_validation,Neuraxis,development_pilot,PILOT2_PROTOCOL,Exploratory development data; second development iteration informed by Pilot 1; not independent confirmation; never pooled with the confirmatory held-out estimate,m-scale_gate_time_constant-2e28d01edd,pospischil2008_fs,2,P00_canonical,last_isi,exceeds,20.189999999981637,19.049999999982674,1.1399999999989632,0.5,r-c9243a4c0b8a67de36a8,r-409029e3be134b1e0feb
neuron_model_behavioral_validation,Neuraxis,development_pilot,PILOT2_PROTOCOL,Exploratory development data; second development iteration informed by Pilot 1; not independent confirmation; never pooled with the confirmatory held-out estimate,m-scale_gate_time_constant-2e28d01edd,pospischil2008_fs,2,P00_canonical,spike_count,exceeds,20.0,21.0,1.0,0.5,r-c9243a4c0b8a67de36a8,r-409029e3be134b1e0feb
neuron_model_behavioral_validation,Neuraxis,development_pilot,PILOT2_PROTOCOL,Exploratory development data; second development iteration informed by Pilot 1; not independent confirmation; never pooled with the confirmatory held-out estimate,m-scale_gate_time_constant-2e28d01edd,pospischil2008_fs,2,P04_step_2x,ahp_depth,exceeds,-4.106994628894597,0.43156433106508985,4.538558959959687,1.517738342282641,r-e087238cb438e653e31d,r-195b63a49cb2255438d8
neuron_model_behavioral_validation,Neuraxis,development_pilot,PILOT2_PROTOCOL,Exploratory development data; second development iteration informed by Pilot 1; not independent confirmation; never pooled with the confirmatory held-out estimate,m-scale_gate_time_constant-2e28d01edd,pospischil2008_fs,2,P04_step_2x,ap_amplitude,exceeds,88.43542480636255,82.8834075938895,5.5520172124730465,1.7702976989793684,r-e087238cb438e653e31d,r-195b63a49cb2255438d8
neuron_model_behavioral_validation,Neuraxis,development_pilot,PILOT2_PROTOCOL,Exploratory development data; second development iteration informed by Pilot 1; not independent confirmation; never pooled with the confirmatory held-out estimate,m-scale_gate_time_constant-2e28d01edd,pospischil2008_fs,2,P04_step_2x,last_isi,exceeds,10.439999999990505,9.60999999999126,0.8299999999992451,0.5,r-e087238cb438e653e31d,r-195b63a49cb2255438d8
neuron_model_behavioral_validation,Neuraxis,development_pilot,PILOT2_PROTOCOL,Exploratory development data; second development iteration informed by Pilot 1; not independent confirmation; never pooled with the confirmatory held-out estimate,m-scale_gate_time_constant-2e28d01edd,pospischil2008_fs,2,P04_step_2x,spike_count,exceeds,48.0,52.0,4.0,3.0,r-e087238cb438e653e31d,r-195b63a49cb2255438d8
neuron_model_behavioral_validation,Neuraxis,development_pilot,PILOT2_PROTOCOL,Exploratory development data; second development iteration informed by Pilot 1; not independent confirmation; never pooled with the confirmatory held-out estimate,m-scale_gate_time_constant-2e28d01edd,pospischil2008_fs,2,P05_long_step,ahp_depth,exceeds,-4.827239990238667,-0.3587570190485536,4.468482971190113,1.4906845092445167,r-880359fc85650f897997,r-1a8a2f158c1ed1beca34
neuron_model_behavioral_validation,Neuraxis,development_pilot,PILOT2_PROTOCOL,Exploratory development data; second development iteration informed by Pilot 1; not independent confirmation; never pooled with the confirmatory held-out estimate,m-scale_gate_time_constant-2e28d01edd,pospischil2008_fs,2,P05_long_step,ap_amplitude,exceeds,87.76913070748881,82.09594345149503,5.673187255993781,1.7581272125579448,r-880359fc85650f897997,r-1a8a2f158c1ed1beca34
neuron_model_behavioral_validation,Neuraxis,development_pilot,PILOT2_PROTOCOL,Exploratory development data; second development iteration informed by Pilot 1; not independent confirmation; never pooled with the confirmatory held-out estimate,m-scale_gate_time_constant-2e28d01edd,pospischil2008_fs,2,P05_long_step,last_isi,exceeds,15.480000000337895,14.460000000315631,1.0200000000222644,0.5,r-880359fc85650f897997,r-1a8a2f158c1ed1beca34
neuron_model_behavioral_validation,Neuraxis,development_pilot,PILOT2_PROTOCOL,Exploratory development data; second development iteration informed by Pilot 1; not independent confirmation; never pooled with the confirmatory held-out estimate,m-scale_gate_time_constant-2e28d01edd,pospischil2008_fs,2,P05_long_step,spike_count,exceeds,129.0,138.0,9.0,3.0,r-880359fc85650f897997,r-1a8a2f158c1ed1beca34
neuron_model_behavioral_validation,Neuraxis,development_pilot,PILOT2_PROTOCOL,Exploratory development data; second development iteration informed by Pilot 1; not independent confirmation; never pooled with the confirmatory held-out estimate,m-scale_gate_time_constant-2e28d01edd,pospischil2008_fs,2,P06_ramp,spike_count,exceeds,61.0,66.0,5.0,0.5,r-b0adc3019253aae3e3e8,r-6754727158967cdcfdef
neuron_model_behavioral_validation,Neuraxis,development_pilot,PILOT2_PROTOCOL,Exploratory development data; second development iteration informed by Pilot 1; not independent confirmation; never pooled with the confirmatory held-out estimate,m-scale_gate_time_constant-2e28d01edd,pospischil2008_fs,2,P09_short_pulse,ahp_depth,exceeds,4.042343139694225,8.932647705054457,4.890304565360232,1.7055587767790286,r-84e85309a66928a29934,r-fa163cb353f72a8a2e5c
neuron_model_behavioral_validation,Neuraxis,development_pilot,PILOT2_PROTOCOL,Exploratory development data; second development iteration informed by Pilot 1; not independent confirmation; never pooled with the confirmatory held-out estimate,m-scale_gate_time_constant-2e28d01edd,pospischil2008_fs,2,P09_short_pulse,ap_amplitude,exceeds,118.07249069170416,113.97922134317093,4.0932693485332265,2.3649139404291346,r-84e85309a66928a29934,r-fa163cb353f72a8a2e5c
neuron_model_behavioral_validation,Neuraxis,development_pilot,PILOT2_PROTOCOL,Exploratory development data; second development iteration informed by Pilot 1; not independent confirmation; never pooled with the confirmatory held-out estimate,m-increase_dt-2391bb7a93,pospischil2008_fs,1,P00_canonical,ahp_depth,exceeds,-4.832305908199814,-5.420849756874816,0.5885438486750019,0.5,r-4cceac4cec0eb866659f,r-fbe9a349d90bb056b4bc
neuron_model_behavioral_validation,Neuraxis,development_pilot,PILOT2_PROTOCOL,Exploratory development data; second development iteration informed by Pilot 1; not independent confirmation; never pooled with the confirmatory held-out estimate,m-increase_dt-2391bb7a93,pospischil2008_fs,1,P04_step_2x,ahp_depth,exceeds,-4.612907409655477,-7.746064327219727,3.13315691756425,1.517738342282641,r-54e05e4e4388308e9268,r-0bc143b1d915402a39ef
neuron_model_behavioral_validation,Neuraxis,development_pilot,PILOT2_PROTOCOL,Exploratory development data; second development iteration informed by Pilot 1; not independent confirmation; never pooled with the confirmatory held-out estimate,m-increase_dt-2391bb7a93,pospischil2008_fs,1,P04_step_2x,last_isi,exceeds,10.539999999990414,11.119999999989886,0.5799999999994725,0.5,r-54e05e4e4388308e9268,r-0bc143b1d915402a39ef
neuron_model_behavioral_validation,Neuraxis,development_pilot,PILOT2_PROTOCOL,Exploratory development data; second development iteration informed by Pilot 1; not independent confirmation; never pooled with the confirmatory held-out estimate,m-increase_dt-2391bb7a93,pospischil2008_fs,1,P05_long_step,ahp_depth,exceeds,-5.324134826653506,-8.401469097076074,3.0773342704225684,1.4906845092445167,r-d95212df9ca6b2b4efff,r-9be687f5262174060bce
neuron_model_behavioral_validation,Neuraxis,development_pilot,PILOT2_PROTOCOL,Exploratory development data; second development iteration informed by Pilot 1; not independent confirmation; never pooled with the confirmatory held-out estimate,m-increase_dt-2391bb7a93,pospischil2008_fs,1,P05_long_step,last_isi,exceeds,15.610000000340733,16.300000000355794,0.6900000000150612,0.5,r-d95212df9ca6b2b4efff,r-9be687f5262174060bce
neuron_model_behavioral_validation,Neuraxis,development_pilot,PILOT2_PROTOCOL,Exploratory development data; second development iteration informed by Pilot 1; not independent confirmation; never pooled with the confirmatory held-out estimate,m-increase_dt-2391bb7a93,pospischil2008_fs,1,P05_long_step,spike_count,exceeds,128.0,122.0,6.0,3.0,r-d95212df9ca6b2b4efff,r-9be687f5262174060bce
neuron_model_behavioral_validation,Neuraxis,development_pilot,PILOT2_PROTOCOL,Exploratory development data; second development iteration informed by Pilot 1; not independent confirmation; never pooled with the confirmatory held-out estimate,m-increase_dt-2391bb7a93,pospischil2008_fs,1,P06_ramp,spike_count,exceeds,61.0,57.0,4.0,0.5,r-5888f8cf54a64bb2eb2f,r-5da6357040f183df548c
neuron_model_behavioral_validation,Neuraxis,development_pilot,PILOT2_PROTOCOL,Exploratory development data; second development iteration informed by Pilot 1; not independent confirmation; never pooled with the confirmatory held-out estimate,m-increase_dt-2391bb7a93,pospischil2008_fs,1,P09_short_pulse,ahp_depth,exceeds,3.4738235474345487,-0.07298063276228106,3.5468041801968297,1.7055587767790286,r-534f36c941e5711ea7a5,r-85934e64d8708b5f04f4
neuron_model_behavioral_validation,Neuraxis,development_pilot,PILOT2_PROTOCOL,Exploratory development data; second development iteration informed by Pilot 1; not independent confirmation; never pooled with the confirmatory held-out estimate,m-increase_dt-2391bb7a93,pospischil2008_fs,1,P09_short_pulse,ap_amplitude,definedness,118.24569702145673,,,2.3649139404291346,r-534f36c941e5711ea7a5,r-85934e64d8708b5f04f4
neuron_model_behavioral_validation,Neuraxis,development_pilot,PILOT2_PROTOCOL,Exploratory development data; second development iteration informed by Pilot 1; not independent confirmation; never pooled with the confirmatory held-out estimate,m-increase_dt-2391bb7a93,pospischil2008_fs,2,P04_step_2x,ahp_depth,exceeds,-4.106994628894597,-5.639048624666742,1.532053995772145,1.517738342282641,r-e087238cb438e653e31d,r-3c690e2ddc983c97ed5e
neuron_model_behavioral_validation,Neuraxis,development_pilot,PILOT2_PROTOCOL,Exploratory development data; second development iteration informed by Pilot 1; not independent confirmation; never pooled with the confirmatory held-out estimate,m-increase_dt-2391bb7a93,pospischil2008_fs,2,P05_long_step,ahp_depth,exceeds,-4.827239990238667,-6.331968579582849,1.5047285893441824,1.4906845092445167,r-880359fc85650f897997,r-b946ee175f2f2b3dadc5
neuron_model_behavioral_validation,Neuraxis,development_pilot,PILOT2_PROTOCOL,Exploratory development data; second development iteration informed by Pilot 1; not independent confirmation; never pooled with the confirmatory held-out estimate,m-increase_dt-2391bb7a93,pospischil2008_fs,2,P06_ramp,spike_count,exceeds,61.0,59.0,2.0,0.5,r-b0adc3019253aae3e3e8,r-847a791ea26aec45eb00
neuron_model_behavioral_validation,Neuraxis,development_pilot,PILOT2_PROTOCOL,Exploratory development data; second development iteration informed by Pilot 1; not independent confirmation; never pooled with the confirmatory held-out estimate,m-increase_dt-2391bb7a93,pospischil2008_fs,2,P09_short_pulse,ahp_depth,exceeds,4.042343139694225,2.316239123138928,1.726104016555297,1.7055587767790286,r-84e85309a66928a29934,r-c06db54116f8e371e764
neuron_model_behavioral_validation,Neuraxis,development_pilot,PILOT2_PROTOCOL,Exploratory development data; second development iteration informed by Pilot 1; not independent confirmation; never pooled with the confirmatory held-out estimate,m-increase_dt-2391bb7a93,pospischil2008_fs,2,P09_short_pulse,ap_amplitude,definedness,118.07249069170416,,,2.3649139404291346,r-84e85309a66928a29934,r-c06db54116f8e371e764
neuron_model_behavioral_validation,Neuraxis,development_pilot,PILOT2_PROTOCOL,Exploratory development data; second development iteration informed by Pilot 1; not independent confirmation; never pooled with the confirmatory held-out estimate,m-duplicate_conductance-328cf062a2,pospischil2008_fs,1,P00_canonical,ahp_depth,exceeds,-4.832305908199814,-6.857032775887603,2.0247268676877894,0.5,r-4cceac4cec0eb866659f,r-f07d0448402c3c165e38
neuron_model_behavioral_validation,Neuraxis,development_pilot,PILOT2_PROTOCOL,Exploratory development data; second development iteration informed by Pilot 1; not independent confirmation; never pooled with the confirmatory held-out estimate,m-duplicate_conductance-328cf062a2,pospischil2008_fs,1,P00_canonical,ap_amplitude,exceeds,87.45660400498362,92.25548935063989,4.798885345656274,1.7491320800996724,r-4cceac4cec0eb866659f,r-f07d0448402c3c165e38
neuron_model_behavioral_validation,Neuraxis,development_pilot,PILOT2_PROTOCOL,Exploratory development data; second development iteration informed by Pilot 1; not independent confirmation; never pooled with the confirmatory held-out estimate,m-duplicate_conductance-328cf062a2,pospischil2008_fs,1,P00_canonical,first_spike_latency,exceeds,17.199999999856516,14.529999999858944,2.6699999999975716,0.5,r-4cceac4cec0eb866659f,r-f07d0448402c3c165e38
neuron_model_behavioral_validation,Neuraxis,development_pilot,PILOT2_PROTOCOL,Exploratory development data; second development iteration informed by Pilot 1; not independent confirmation; never pooled with the confirmatory held-out estimate,m-duplicate_conductance-328cf062a2,pospischil2008_fs,1,P00_canonical,last_isi,exceeds,20.21999999998161,18.10999999998353,2.109999999998081,0.5,r-4cceac4cec0eb866659f,r-f07d0448402c3c165e38
neuron_model_behavioral_validation,Neuraxis,development_pilot,PILOT2_PROTOCOL,Exploratory development data; second development iteration informed by Pilot 1; not independent confirmation; never pooled with the confirmatory held-out estimate,m-duplicate_conductance-328cf062a2,pospischil2008_fs,1,P00_canonical,spike_count,exceeds,20.0,22.0,2.0,0.5,r-4cceac4cec0eb866659f,r-f07d0448402c3c165e38
neuron_model_behavioral_validation,Neuraxis,development_pilot,PILOT2_PROTOCOL,Exploratory development data; second development iteration informed by Pilot 1; not independent confirmation; never pooled with the confirmatory held-out estimate,m-duplicate_conductance-328cf062a2,pospischil2008_fs,1,P03_rheobase,rheobase,exceeds,0.384297520661157,0.35612321562734783,0.02817430503380919,0.007685950413223141,s-208b51a847cba1e6aceb,s-7aa60f0ca34ea3b1ccf1
neuron_model_behavioral_validation,Neuraxis,development_pilot,PILOT2_PROTOCOL,Exploratory development data; second development iteration informed by Pilot 1; not independent confirmation; never pooled with the confirmatory held-out estimate,m-duplicate_conductance-328cf062a2,pospischil2008_fs,1,P04_step_2x,ahp_depth,exceeds,-4.612907409655477,-6.603492736805833,1.990585327150356,1.517738342282641,r-54e05e4e4388308e9268,r-0528428126c4a6be3352
neuron_model_behavioral_validation,Neuraxis,development_pilot,PILOT2_PROTOCOL,Exploratory development data; second development iteration informed by Pilot 1; not independent confirmation; never pooled with the confirmatory held-out estimate,m-duplicate_conductance-328cf062a2,pospischil2008_fs,1,P04_step_2x,ap_amplitude,exceeds,88.51488494896842,92.85311508331876,4.33823013435034,1.7702976989793684,r-54e05e4e4388308e9268,r-0528428126c4a6be3352
neuron_model_behavioral_validation,Neuraxis,development_pilot,PILOT2_PROTOCOL,Exploratory development data; second development iteration informed by Pilot 1; not independent confirmation; never pooled with the confirmatory held-out estimate,m-duplicate_conductance-328cf062a2,pospischil2008_fs,1,P04_step_2x,first_spike_latency,exceeds,8.009999999864874,7.259999999865556,0.7499999999993179,0.5,r-54e05e4e4388308e9268,r-0528428126c4a6be3352
neuron_model_behavioral_validation,Neuraxis,development_pilot,PILOT2_PROTOCOL,Exploratory development data; second development iteration informed by Pilot 1; not independent confirmation; never pooled with the confirmatory held-out estimate,m-duplicate_conductance-328cf062a2,pospischil2008_fs,1,P05_long_step,ahp_depth,exceeds,-5.324134826653506,-7.2779235839769285,1.953788757323423,1.4906845092445167,r-d95212df9ca6b2b4efff,r-c89c6f3f4ab154089142
neuron_model_behavioral_validation,Neuraxis,development_pilot,PILOT2_PROTOCOL,Exploratory development data; second development iteration informed by Pilot 1; not independent confirmation; never pooled with the confirmatory held-out estimate,m-duplicate_conductance-328cf062a2,pospischil2008_fs,1,P05_long_step,ap_amplitude,exceeds,87.90636062789724,92.48564529508985,4.57928466719261,1.7581272125579448,r-d95212df9ca6b2b4efff,r-c89c6f3f4ab154089142
neuron_model_behavioral_validation,Neuraxis,development_pilot,PILOT2_PROTOCOL,Exploratory development data; second development iteration informed by Pilot 1; not independent confirmation; never pooled with the confirmatory held-out estimate,m-duplicate_conductance-328cf062a2,pospischil2008_fs,1,P05_long_step,first_spike_latency,exceeds,12.669999999860636,11.119999999862046,1.5499999999985903,0.5,r-d95212df9ca6b2b4efff,r-c89c6f3f4ab154089142
neuron_model_behavioral_validation,Neuraxis,development_pilot,PILOT2_PROTOCOL,Exploratory development data; second development iteration informed by Pilot 1; not independent confirmation; never pooled with the confirmatory held-out estimate,m-duplicate_conductance-328cf062a2,pospischil2008_fs,1,P05_long_step,last_isi,exceeds,15.610000000340733,14.560000000317814,1.0500000000229193,0.5,r-d95212df9ca6b2b4efff,r-c89c6f3f4ab154089142
neuron_model_behavioral_validation,Neuraxis,development_pilot,PILOT2_PROTOCOL,Exploratory development data; second development iteration informed by Pilot 1; not independent confirmation; never pooled with the confirmatory held-out estimate,m-duplicate_conductance-328cf062a2,pospischil2008_fs,1,P05_long_step,spike_count,exceeds,128.0,137.0,9.0,3.0,r-d95212df9ca6b2b4efff,r-c89c6f3f4ab154089142
neuron_model_behavioral_validation,Neuraxis,development_pilot,PILOT2_PROTOCOL,Exploratory development data; second development iteration informed by Pilot 1; not independent confirmation; never pooled with the confirmatory held-out estimate,m-duplicate_conductance-328cf062a2,pospischil2008_fs,1,P06_ramp,first_spike_latency,exceeds,363.4899999995416,338.6899999995642,24.799999999977445,7.269799999990832,r-5888f8cf54a64bb2eb2f,r-4b0180f56f21cbb75ab2
neuron_model_behavioral_validation,Neuraxis,development_pilot,PILOT2_PROTOCOL,Exploratory development data; second development iteration informed by Pilot 1; not independent confirmation; never pooled with the confirmatory held-out estimate,m-duplicate_conductance-328cf062a2,pospischil2008_fs,1,P06_ramp,spike_count,exceeds,61.0,63.0,2.0,0.5,r-5888f8cf54a64bb2eb2f,r-4b0180f56f21cbb75ab2
neuron_model_behavioral_validation,Neuraxis,development_pilot,PILOT2_PROTOCOL,Exploratory development data; second development iteration informed by Pilot 1; not independent confirmation; never pooled with the confirmatory held-out estimate,m-duplicate_conductance-328cf062a2,pospischil2008_fs,1,P09_short_pulse,ahp_depth,exceeds,3.4738235474345487,1.2291259765387963,2.2446975708957524,1.7055587767790286,r-534f36c941e5711ea7a5,r-70e51ce26fc57bd4fbba
neuron_model_behavioral_validation,Neuraxis,development_pilot,PILOT2_PROTOCOL,Exploratory development data; second development iteration informed by Pilot 1; not independent confirmation; never pooled with the confirmatory held-out estimate,m-duplicate_conductance-328cf062a2,pospischil2008_fs,2,P00_canonical,ahp_depth,exceeds,-4.734680175792306,-6.770141601555977,2.035461425763671,0.5,r-c9243a4c0b8a67de36a8,r-a2a3f6e0698693710f3b
neuron_model_behavioral_validation,Neuraxis,development_pilot,PILOT2_PROTOCOL,Exploratory development data; second development iteration informed by Pilot 1; not independent confirmation; never pooled with the confirmatory held-out estimate,m-duplicate_conductance-328cf062a2,pospischil2008_fs,2,P00_canonical,ap_amplitude,exceeds,87.36877822947855,92.20054626562556,4.831768036147011,1.7491320800996724,r-c9243a4c0b8a67de36a8,r-a2a3f6e0698693710f3b
neuron_model_behavioral_validation,Neuraxis,development_pilot,PILOT2_PROTOCOL,Exploratory development data; second development iteration informed by Pilot 1; not independent confirmation; never pooled with the confirmatory held-out estimate,m-duplicate_conductance-328cf062a2,pospischil2008_fs,2,P00_canonical,first_spike_latency,exceeds,17.189999999856525,14.519999999858953,2.6699999999975716,0.5,r-c9243a4c0b8a67de36a8,r-a2a3f6e0698693710f3b
neuron_model_behavioral_validation,Neuraxis,development_pilot,PILOT2_PROTOCOL,Exploratory development data; second development iteration informed by Pilot 1; not independent confirmation; never pooled with the confirmatory held-out estimate,m-duplicate_conductance-328cf062a2,pospischil2008_fs,2,P00_canonical,last_isi,exceeds,20.189999999981637,18.089999999983547,2.09999999999809,0.5,r-c9243a4c0b8a67de36a8,r-a2a3f6e0698693710f3b
neuron_model_behavioral_validation,Neuraxis,development_pilot,PILOT2_PROTOCOL,Exploratory development data; second development iteration informed by Pilot 1; not independent confirmation; never pooled with the confirmatory held-out estimate,m-duplicate_conductance-328cf062a2,pospischil2008_fs,2,P00_canonical,spike_count,exceeds,20.0,22.0,2.0,0.5,r-c9243a4c0b8a67de36a8,r-a2a3f6e0698693710f3b
neuron_model_behavioral_validation,Neuraxis,development_pilot,PILOT2_PROTOCOL,Exploratory development data; second development iteration informed by Pilot 1; not independent confirmation; never pooled with the confirmatory held-out estimate,m-duplicate_conductance-328cf062a2,pospischil2008_fs,2,P03_rheobase,rheobase,exceeds,0.384297520661157,0.35612321562734783,0.02817430503380919,0.007685950413223141,s-a5d560731591d7405a9c,s-2bf8323f074b7de33a19
neuron_model_behavioral_validation,Neuraxis,development_pilot,PILOT2_PROTOCOL,Exploratory development data; second development iteration informed by Pilot 1; not independent confirmation; never pooled with the confirmatory held-out estimate,m-duplicate_conductance-328cf062a2,pospischil2008_fs,2,P04_step_2x,ahp_depth,exceeds,-4.106994628894597,-6.153953552244431,2.046958923349834,1.517738342282641,r-e087238cb438e653e31d,r-260d77eb653ab7ec597a
neuron_model_behavioral_validation,Neuraxis,development_pilot,PILOT2_PROTOCOL,Exploratory development data; second development iteration informed by Pilot 1; not independent confirmation; never pooled with the confirmatory held-out estimate,m-duplicate_conductance-328cf062a2,pospischil2008_fs,2,P04_step_2x,ap_amplitude,exceeds,88.43542480636255,92.7989768995833,4.363552093220747,1.7702976989793684,r-e087238cb438e653e31d,r-260d77eb653ab7ec597a
neuron_model_behavioral_validation,Neuraxis,development_pilot,PILOT2_PROTOCOL,Exploratory development data; second development iteration informed by Pilot 1; not independent confirmation; never pooled with the confirmatory held-out estimate,m-duplicate_conductance-328cf062a2,pospischil2008_fs,2,P04_step_2x,first_spike_latency,exceeds,7.989999999864892,7.2299999998655835,0.7599999999993088,0.5,r-e087238cb438e653e31d,r-260d77eb653ab7ec597a
neuron_model_behavioral_validation,Neuraxis,development_pilot,PILOT2_PROTOCOL,Exploratory development data; second development iteration informed by Pilot 1; not independent confirmation; never pooled with the confirmatory held-out estimate,m-duplicate_conductance-328cf062a2,pospischil2008_fs,2,P05_long_step,ahp_depth,exceeds,-4.827239990238667,-6.835319519054039,2.0080795288153723,1.4906845092445167,r-880359fc85650f897997,r-3c80656cb141cc2f7403
neuron_model_behavioral_validation,Neuraxis,development_pilot,PILOT2_PROTOCOL,Exploratory development data; second development iteration informed by Pilot 1; not independent confirmation; never pooled with the confirmatory held-out estimate,m-duplicate_conductance-328cf062a2,pospischil2008_fs,2,P05_long_step,ap_amplitude,exceeds,87.76913070748881,92.37847137578348,4.609340668294664,1.7581272125579448,r-880359fc85650f897997,r-3c80656cb141cc2f7403
neuron_model_behavioral_validation,Neuraxis,development_pilot,PILOT2_PROTOCOL,Exploratory development data; second development iteration informed by Pilot 1; not independent confirmation; never pooled with the confirmatory held-out estimate,m-duplicate_conductance-328cf062a2,pospischil2008_fs,2,P05_long_step,first_spike_latency,exceeds,12.629999999860672,11.089999999862073,1.5399999999985994,0.5,r-880359fc85650f897997,r-3c80656cb141cc2f7403
neuron_model_behavioral_validation,Neuraxis,development_pilot,PILOT2_PROTOCOL,Exploratory development data; second development iteration informed by Pilot 1; not independent confirmation; never pooled with the confirmatory held-out estimate,m-duplicate_conductance-328cf062a2,pospischil2008_fs,2,P05_long_step,last_isi,exceeds,15.480000000337895,14.450000000315413,1.0300000000224827,0.5,r-880359fc85650f897997,r-3c80656cb141cc2f7403
neuron_model_behavioral_validation,Neuraxis,development_pilot,PILOT2_PROTOCOL,Exploratory development data; second development iteration informed by Pilot 1; not independent confirmation; never pooled with the confirmatory held-out estimate,m-duplicate_conductance-328cf062a2,pospischil2008_fs,2,P05_long_step,spike_count,exceeds,129.0,138.0,9.0,3.0,r-880359fc85650f897997,r-3c80656cb141cc2f7403
neuron_model_behavioral_validation,Neuraxis,development_pilot,PILOT2_PROTOCOL,Exploratory development data; second development iteration informed by Pilot 1; not independent confirmation; never pooled with the confirmatory held-out estimate,m-duplicate_conductance-328cf062a2,pospischil2008_fs,2,P06_ramp,first_spike_latency,exceeds,363.43999999954167,338.6399999995642,24.799999999977445,7.269799999990832,r-b0adc3019253aae3e3e8,r-4cef8d43b2aa0c41d727
neuron_model_behavioral_validation,Neuraxis,development_pilot,PILOT2_PROTOCOL,Exploratory development data; second development iteration informed by Pilot 1; not independent confirmation; never pooled with the confirmatory held-out estimate,m-duplicate_conductance-328cf062a2,pospischil2008_fs,2,P06_ramp,spike_count,exceeds,61.0,64.0,3.0,0.5,r-b0adc3019253aae3e3e8,r-4cef8d43b2aa0c41d727
neuron_model_behavioral_validation,Neuraxis,development_pilot,PILOT2_PROTOCOL,Exploratory development data; second development iteration informed by Pilot 1; not independent confirmation; never pooled with the confirmatory held-out estimate,m-duplicate_conductance-328cf062a2,pospischil2008_fs,2,P09_short_pulse,ahp_depth,exceeds,4.042343139694225,1.727462768608433,2.314880371085792,1.7055587767790286,r-84e85309a66928a29934,r-2db63ee1c7dc9ce29c79
