study_id,project_name,study_phase,protocol_version,designation,variant_id,model_id,operator,exec_overrides,protocol_id,feature,ref_h,ref_h2,ref_h4,ref_error_h,ref_error_h2,ref_observed_order,var_h,var_h2,var_h4,deviation_h,deviation_h2,deviation_h4,deviation_over_ref_error_h,label
neuron_model_behavioral_validation,Neuraxis,development_pilot,PILOT2_PROTOCOL,Exploratory development data; second development iteration informed by Pilot 1; not independent confirmation; never pooled with the confirmatory held-out estimate,m-increase_dt-22bc5325eb,acnet2_pyr_soma,increase_dt,"{""dt_factor"": 4}",P00_canonical,adaptation_index,0.08360766405035329,0.08394194146984126,0.0840867945035863,0.0003342774194879661,0.00014485303374504876,1.2064560037213887,0.08109182001865355,0.0828702197959708,0.08360766405035329,0.0025158440316997432,0.0010717216738704571,0.00047913045323301484,7.526215906397211,exceeds_reference_discretization_error
neuron_model_behavioral_validation,Neuraxis,development_pilot,PILOT2_PROTOCOL,Exploratory development data; second development iteration informed by Pilot 1; not independent confirmation; never pooled with the confirmatory held-out estimate,m-increase_dt-22bc5325eb,acnet2_pyr_soma,increase_dt,"{""dt_factor"": 4}",P00_canonical,ahp_depth,-7.047089353288882,-7.040942077636629,-7.037860641479497,0.00614727565225337,0.003081436157131634,0.996344278064377,-7.084171949114008,-7.0594146401541735,-7.047089353288882,0.037082595825125964,0.01847256251754459,0.009228711809385004,6.032362614409982,exceeds_reference_discretization_error
neuron_model_behavioral_validation,Neuraxis,development_pilot,PILOT2_PROTOCOL,Exploratory development data; second development iteration informed by Pilot 1; not independent confirmation; never pooled with the confirmatory held-out estimate,m-increase_dt-22bc5325eb,acnet2_pyr_soma,increase_dt,"{""dt_factor"": 4}",P00_canonical,ap_amplitude,100.04901504481984,99.87902450527808,99.74743652320686,0.16999053954175736,0.13158798207122402,0.36942672473488536,101.48843383765774,100.51849746674847,100.04901504481984,1.4394187928378983,0.6394729614703891,0.3015785216129814,8.467640591753709,exceeds_reference_discretization_error
neuron_model_behavioral_validation,Neuraxis,development_pilot,PILOT2_PROTOCOL,Exploratory development data; second development iteration informed by Pilot 1; not independent confirmation; never pooled with the confirmatory held-out estimate,m-increase_dt-22bc5325eb,acnet2_pyr_soma,increase_dt,"{""dt_factor"": 4}",P00_canonical,ap_half_width,0.5800000000002967,0.5800000000002967,0.5900000000003018,0.0,0.010000000000005116,,0.5800000000002967,0.5800000000002967,0.5800000000002967,0.0,0.0,0.010000000000005116,,within_reference_discretization_error
neuron_model_behavioral_validation,Neuraxis,development_pilot,PILOT2_PROTOCOL,Exploratory development data; second development iteration informed by Pilot 1; not independent confirmation; never pooled with the confirmatory held-out estimate,m-increase_dt-22bc5325eb,acnet2_pyr_soma,increase_dt,"{""dt_factor"": 4}",P00_canonical,baseline_voltage,-65.95622943333215,-65.9562579345703,-65.95627235412597,2.8501238148237462e-05,1.4419555668609974e-05,0.9829978847294851,-65.95605784824916,-65.95617221287317,-65.95622943333215,0.00017158508299530695,8.572169713261246e-05,4.2920793816847436e-05,6.02026768461348,exceeds_reference_discretization_error
neuron_model_behavioral_validation,Neuraxis,development_pilot,PILOT2_PROTOCOL,Exploratory development data; second development iteration informed by Pilot 1; not independent confirmation; never pooled with the confirmatory held-out estimate,m-increase_dt-22bc5325eb,acnet2_pyr_soma,increase_dt,"{""dt_factor"": 4}",P00_canonical,firing_regime,,,,,,,,,,,,,,no_change
neuron_model_behavioral_validation,Neuraxis,development_pilot,PILOT2_PROTOCOL,Exploratory development data; second development iteration informed by Pilot 1; not independent confirmation; never pooled with the confirmatory held-out estimate,m-increase_dt-22bc5325eb,acnet2_pyr_soma,increase_dt,"{""dt_factor"": 4}",P00_canonical,first_isi,18.340000000009383,18.300000000009362,18.280000000009352,0.040000000000020464,0.020000000000010232,1.0,18.580000000009505,18.420000000009424,18.340000000009383,0.24000000000012278,0.12000000000006139,0.060000000000030695,6.0,exceeds_reference_discretization_error
neuron_model_behavioral_validation,Neuraxis,development_pilot,PILOT2_PROTOCOL,Exploratory development data; second development iteration informed by Pilot 1; not independent confirmation; never pooled with the confirmatory held-out estimate,m-increase_dt-22bc5325eb,acnet2_pyr_soma,increase_dt,"{""dt_factor"": 4}",P00_canonical,first_spike_latency,32.640000000015604,32.6300000000156,32.620000000015594,0.010000000000005116,0.010000000000005116,0.0,32.71000000001564,32.660000000015614,32.640000000015604,0.07000000000003581,0.030000000000015348,0.020000000000010232,7.0,exceeds_reference_discretization_error
neuron_model_behavioral_validation,Neuraxis,development_pilot,PILOT2_PROTOCOL,Exploratory development data; second development iteration informed by Pilot 1; not independent confirmation; never pooled with the confirmatory held-out estimate,m-increase_dt-22bc5325eb,acnet2_pyr_soma,increase_dt,"{""dt_factor"": 4}",P00_canonical,last_isi,76.88999999993013,76.5899999999304,76.43999999993054,0.29999999999972715,0.14999999999986358,1.0,78.69999999992848,77.47999999992959,76.88999999993013,1.8099999999983538,0.8899999999991905,0.4499999999995907,6.033333333333333,exceeds_reference_discretization_error
neuron_model_behavioral_validation,Neuraxis,development_pilot,PILOT2_PROTOCOL,Exploratory development data; second development iteration informed by Pilot 1; not independent confirmation; never pooled with the confirmatory held-out estimate,m-increase_dt-22bc5325eb,acnet2_pyr_soma,increase_dt,"{""dt_factor"": 4}",P00_canonical,mean_frequency,16.20909735590306,16.27074520014227,16.301911399123668,0.06164784423920722,0.031166198981399162,0.9840682308547355,15.84221157274741,16.086545615422907,16.20909735590306,0.36688578315565223,0.18419958471936226,0.09281404322060638,5.951315697789116,exceeds_reference_discretization_error
neuron_model_behavioral_validation,Neuraxis,development_pilot,PILOT2_PROTOCOL,Exploratory development data; second development iteration informed by Pilot 1; not independent confirmation; never pooled with the confirmatory held-out estimate,m-increase_dt-22bc5325eb,acnet2_pyr_soma,increase_dt,"{""dt_factor"": 4}",P00_canonical,spike_count,8.0,8.0,8.0,0.0,0.0,,8.0,8.0,8.0,0.0,0.0,0.0,,within_reference_discretization_error
neuron_model_behavioral_validation,Neuraxis,development_pilot,PILOT2_PROTOCOL,Exploratory development data; second development iteration informed by Pilot 1; not independent confirmation; never pooled with the confirmatory held-out estimate,m-increase_dt-22bc5325eb,acnet2_pyr_soma,increase_dt,"{""dt_factor"": 4}",P02_weak_step,baseline_voltage,-67.60466311136881,-67.60463941446939,-67.60462742360433,2.369689941872366e-05,1.1990865061761724e-05,0.9827625610152337,-67.60480432510376,-67.6047101872762,-67.60466311136881,0.00014121373494901945,7.0772806807895e-05,3.5687764480485384e-05,5.959165055890901,exceeds_reference_discretization_error
neuron_model_behavioral_validation,Neuraxis,development_pilot,PILOT2_PROTOCOL,Exploratory development data; second development iteration informed by Pilot 1; not independent confirmation; never pooled with the confirmatory held-out estimate,m-increase_dt-22bc5325eb,acnet2_pyr_soma,increase_dt,"{""dt_factor"": 4}",P02_weak_step,spike_count,0.0,0.0,0.0,0.0,0.0,,0.0,0.0,0.0,0.0,0.0,0.0,,within_reference_discretization_error
neuron_model_behavioral_validation,Neuraxis,development_pilot,PILOT2_PROTOCOL,Exploratory development data; second development iteration informed by Pilot 1; not independent confirmation; never pooled with the confirmatory held-out estimate,m-increase_dt-22bc5325eb,acnet2_pyr_soma,increase_dt,"{""dt_factor"": 4}",P02_weak_step,steady_state_voltage,-66.2136446029663,-66.2136438430786,-66.21364339752198,7.598876976544489e-07,4.455566227079544e-07,0.7701774356490991,-66.21364885787962,-66.2136456314087,-66.2136446029663,4.254913321233289e-06,1.788330095564561e-06,1.2054443203624032e-06,5.599397561464625,exceeds_reference_discretization_error
neuron_model_behavioral_validation,Neuraxis,development_pilot,PILOT2_PROTOCOL,Exploratory development data; second development iteration informed by Pilot 1; not independent confirmation; never pooled with the confirmatory held-out estimate,m-increase_dt-22bc5325eb,acnet2_pyr_soma,increase_dt,"{""dt_factor"": 4}",P02_weak_step,voltage_deflection,1.3910185084025102,1.390995571390789,1.39098402608235,2.293701172106921e-05,1.154530843905377e-05,0.990370730461294,1.391155467224138,1.3910645558675014,1.3910185084025102,0.00013695882162778616,6.898447671233043e-05,3.448232016012298e-05,5.9710839098530055,exceeds_reference_discretization_error
neuron_model_behavioral_validation,Neuraxis,development_pilot,PILOT2_PROTOCOL,Exploratory development data; second development iteration informed by Pilot 1; not independent confirmation; never pooled with the confirmatory held-out estimate,m-increase_dt-22bc5325eb,acnet2_pyr_soma,increase_dt,"{""dt_factor"": 4}",P03_rheobase,rheobase,0.007615600027320539,0.007615600027320539,0.007615600027320539,0.0,0.0,,0.007615600027320539,0.007615600027320539,0.007615600027320539,0.0,0.0,0.0,,within_reference_discretization_error
neuron_model_behavioral_validation,Neuraxis,development_pilot,PILOT2_PROTOCOL,Exploratory development data; second development iteration informed by Pilot 1; not independent confirmation; never pooled with the confirmatory held-out estimate,m-increase_dt-22bc5325eb,acnet2_pyr_soma,increase_dt,"{""dt_factor"": 4}",P04_step_2x,adaptation_index,,,,,,,,,,,,,,no_change
neuron_model_behavioral_validation,Neuraxis,development_pilot,PILOT2_PROTOCOL,Exploratory development data; second development iteration informed by Pilot 1; not independent confirmation; never pooled with the confirmatory held-out estimate,m-increase_dt-22bc5325eb,acnet2_pyr_soma,increase_dt,"{""dt_factor"": 4}",P04_step_2x,ahp_depth,-7.019535802205411,-7.016957875569673,-7.015665374755841,0.0025779266357375263,0.0012925008138324756,0.9960460182143244,-7.03506100845334,-7.024700696309395,-7.019535802205411,0.01552520624792919,0.0077428207397218785,0.003870427449570002,6.022361549279521,exceeds_reference_discretization_error
neuron_model_behavioral_validation,Neuraxis,development_pilot,PILOT2_PROTOCOL,Exploratory development data; second development iteration informed by Pilot 1; not independent confirmation; never pooled with the confirmatory held-out estimate,m-increase_dt-22bc5325eb,acnet2_pyr_soma,increase_dt,"{""dt_factor"": 4}",P04_step_2x,ap_amplitude,98.06893539575677,97.6356582663006,97.41579055911296,0.43327712945617236,0.21986770718763182,0.9786543603214684,100.72551345542473,98.99546432569582,98.06893539575677,2.6565780596679645,1.3598060593952255,0.6531448366438042,6.131359998166457,exceeds_reference_discretization_error
neuron_model_behavioral_validation,Neuraxis,development_pilot,PILOT2_PROTOCOL,Exploratory development data; second development iteration informed by Pilot 1; not independent confirmation; never pooled with the confirmatory held-out estimate,m-increase_dt-22bc5325eb,acnet2_pyr_soma,increase_dt,"{""dt_factor"": 4}",P04_step_2x,ap_half_width,0.5699999999994816,0.5699999999994816,0.5799999999994725,0.0,0.009999999999990905,,0.5599999999994907,0.5599999999994907,0.5699999999994816,0.009999999999990905,0.009999999999990905,0.009999999999990905,,exceeds_reference_discretization_error
neuron_model_behavioral_validation,Neuraxis,development_pilot,PILOT2_PROTOCOL,Exploratory development data; second development iteration informed by Pilot 1; not independent confirmation; never pooled with the confirmatory held-out estimate,m-increase_dt-22bc5325eb,acnet2_pyr_soma,increase_dt,"{""dt_factor"": 4}",P04_step_2x,burst_count,,,,,,,,,,,,,,no_change
neuron_model_behavioral_validation,Neuraxis,development_pilot,PILOT2_PROTOCOL,Exploratory development data; second development iteration informed by Pilot 1; not independent confirmation; never pooled with the confirmatory held-out estimate,m-increase_dt-22bc5325eb,acnet2_pyr_soma,increase_dt,"{""dt_factor"": 4}",P04_step_2x,firing_regime,,,,,,,,,,,,,,no_change
neuron_model_behavioral_validation,Neuraxis,development_pilot,PILOT2_PROTOCOL,Exploratory development data; second development iteration informed by Pilot 1; not independent confirmation; never pooled with the confirmatory held-out estimate,m-increase_dt-22bc5325eb,acnet2_pyr_soma,increase_dt,"{""dt_factor"": 4}",P04_step_2x,first_isi,451.11999999958977,450.1799999995906,449.70999999959105,0.9399999999991451,0.46999999999957254,1.0,456.83999999958456,453.00999999958805,451.11999999958977,5.719999999994798,2.829999999997426,1.4099999999987176,6.085106382978723,exceeds_reference_discretization_error
neuron_model_behavioral_validation,Neuraxis,development_pilot,PILOT2_PROTOCOL,Exploratory development data; second development iteration informed by Pilot 1; not independent confirmation; never pooled with the confirmatory held-out estimate,m-increase_dt-22bc5325eb,acnet2_pyr_soma,increase_dt,"{""dt_factor"": 4}",P04_step_2x,first_spike_latency,25.40999999984905,25.359999999849094,25.32999999984912,0.049999999999954525,0.029999999999972715,0.7369655941662062,25.679999999848803,25.499999999848967,25.40999999984905,0.26999999999975444,0.13999999999987267,0.07999999999992724,5.4,exceeds_reference_discretization_error
neuron_model_behavioral_validation,Neuraxis,development_pilot,PILOT2_PROTOCOL,Exploratory development data; second development iteration informed by Pilot 1; not independent confirmation; never pooled with the confirmatory held-out estimate,m-increase_dt-22bc5325eb,acnet2_pyr_soma,increase_dt,"{""dt_factor"": 4}",P04_step_2x,last_isi,451.11999999958977,450.1799999995906,449.70999999959105,0.9399999999991451,0.46999999999957254,1.0,456.83999999958456,453.00999999958805,451.11999999958977,5.719999999994798,2.829999999997426,1.4099999999987176,6.085106382978723,exceeds_reference_discretization_error
neuron_model_behavioral_validation,Neuraxis,development_pilot,PILOT2_PROTOCOL,Exploratory development data; second development iteration informed by Pilot 1; not independent confirmation; never pooled with the confirmatory held-out estimate,m-increase_dt-22bc5325eb,acnet2_pyr_soma,increase_dt,"{""dt_factor"": 4}",P04_step_2x,mean_frequency,4.197007533633466,4.2057450477401614,4.210171775013382,0.008737514106695876,0.0044267272732207985,0.9809823867183302,4.144905910640696,4.179640968845694,4.197007533633466,0.05210162299276977,0.026104078894467087,0.013164241379916675,5.962980128735059,exceeds_reference_discretization_error
neuron_model_behavioral_validation,Neuraxis,development_pilot,PILOT2_PROTOCOL,Exploratory development data; second development iteration informed by Pilot 1; not independent confirmation; never pooled with the confirmatory held-out estimate,m-increase_dt-22bc5325eb,acnet2_pyr_soma,increase_dt,"{""dt_factor"": 4}",P04_step_2x,spike_count,2.0,2.0,2.0,0.0,0.0,,2.0,2.0,2.0,0.0,0.0,0.0,,within_reference_discretization_error
neuron_model_behavioral_validation,Neuraxis,development_pilot,PILOT2_PROTOCOL,Exploratory development data; second development iteration informed by Pilot 1; not independent confirmation; never pooled with the confirmatory held-out estimate,m-increase_dt-22bc5325eb,acnet2_pyr_soma,increase_dt,"{""dt_factor"": 4}",P05_long_step,adaptation_index,-8.519410542851502e-06,-8.532786352377084e-06,8.556948537842032e-13,1.3375809525581795e-08,8.532787208071938e-06,-9.317247051705044,1.687678386955565e-05,-8.492495835502223e-06,-8.519410542851502e-06,2.539619441240715e-05,4.02905168748607e-08,8.519411398546356e-06,1898.6659733630229,exceeds_reference_discretization_error
neuron_model_behavioral_validation,Neuraxis,development_pilot,PILOT2_PROTOCOL,Exploratory development data; second development iteration informed by Pilot 1; not independent confirmation; never pooled with the confirmatory held-out estimate,m-increase_dt-22bc5325eb,acnet2_pyr_soma,increase_dt,"{""dt_factor"": 4}",P05_long_step,ahp_depth,-7.059071324666348,-7.056752797444673,-7.055582323710112,0.0023185272216750263,0.0011704737345610283,0.9861161046729705,-7.07304667282078,-7.063717053731153,-7.059071324666348,0.0139753481544318,0.006964256286480008,0.0034890009562360547,6.027683446535198,exceeds_reference_discretization_error
neuron_model_behavioral_validation,Neuraxis,development_pilot,PILOT2_PROTOCOL,Exploratory development data; second development iteration informed by Pilot 1; not independent confirmation; never pooled with the confirmatory held-out estimate,m-increase_dt-22bc5325eb,acnet2_pyr_soma,increase_dt,"{""dt_factor"": 4}",P05_long_step,ap_amplitude,98.06814575218911,97.55448913585151,97.28872299264353,0.5136566163375988,0.2657661432079834,0.9506469013541774,100.58672331923695,98.92505264429533,98.06814575218911,2.518577567047842,1.3705635084438228,0.7794227595455823,4.903232017150766,exceeds_reference_discretization_error
neuron_model_behavioral_validation,Neuraxis,development_pilot,PILOT2_PROTOCOL,Exploratory development data; second development iteration informed by Pilot 1; not independent confirmation; never pooled with the confirmatory held-out estimate,m-increase_dt-22bc5325eb,acnet2_pyr_soma,increase_dt,"{""dt_factor"": 4}",P05_long_step,ap_half_width,0.5699999999994816,0.5799999999994725,0.5799999999994725,0.009999999999990905,0.0,,0.5599999999994907,0.5699999999994816,0.5699999999994816,0.009999999999990905,0.009999999999990905,0.009999999999990905,1.0,within_reference_discretization_error
neuron_model_behavioral_validation,Neuraxis,development_pilot,PILOT2_PROTOCOL,Exploratory development data; second development iteration informed by Pilot 1; not independent confirmation; never pooled with the confirmatory held-out estimate,m-increase_dt-22bc5325eb,acnet2_pyr_soma,increase_dt,"{""dt_factor"": 4}",P05_long_step,burst_count,1.0,1.0,1.0,0.0,0.0,,1.0,1.0,1.0,0.0,0.0,0.0,,within_reference_discretization_error
neuron_model_behavioral_validation,Neuraxis,development_pilot,PILOT2_PROTOCOL,Exploratory development data; second development iteration informed by Pilot 1; not independent confirmation; never pooled with the confirmatory held-out estimate,m-increase_dt-22bc5325eb,acnet2_pyr_soma,increase_dt,"{""dt_factor"": 4}",P05_long_step,firing_regime,,,,,,,,,,,,,,no_change
neuron_model_behavioral_validation,Neuraxis,development_pilot,PILOT2_PROTOCOL,Exploratory development data; second development iteration informed by Pilot 1; not independent confirmation; never pooled with the confirmatory held-out estimate,m-increase_dt-22bc5325eb,acnet2_pyr_soma,increase_dt,"{""dt_factor"": 4}",P05_long_step,first_isi,585.3699999994676,584.4299999994685,583.9699999994689,0.9399999999991451,0.45999999999958163,1.0310268956206246,591.0999999994624,587.2499999994659,585.3699999994676,5.729999999994789,2.8199999999974352,1.3999999999987267,6.095744680851064,exceeds_reference_discretization_error
neuron_model_behavioral_validation,Neuraxis,development_pilot,PILOT2_PROTOCOL,Exploratory development data; second development iteration informed by Pilot 1; not independent confirmation; never pooled with the confirmatory held-out estimate,m-increase_dt-22bc5325eb,acnet2_pyr_soma,increase_dt,"{""dt_factor"": 4}",P05_long_step,first_spike_latency,37.16999999983835,37.10999999983841,37.079999999838435,0.05999999999994543,0.029999999999972715,1.0,37.47999999983807,37.27999999983825,37.16999999983835,0.30999999999971806,0.16999999999984539,0.08999999999991815,5.166666666666667,exceeds_reference_discretization_error
neuron_model_behavioral_validation,Neuraxis,development_pilot,PILOT2_PROTOCOL,Exploratory development data; second development iteration informed by Pilot 1; not independent confirmation; never pooled with the confirmatory held-out estimate,m-increase_dt-22bc5325eb,acnet2_pyr_soma,increase_dt,"{""dt_factor"": 4}",P05_long_step,last_isi,586.8900000005651,585.9700000005014,585.5100000004695,0.9200000000637374,0.4600000000318687,1.0,592.5400000009536,588.7500000006933,586.8900000005651,5.650000000388445,2.780000000191876,1.380000000095606,6.1413043478228415,exceeds_reference_discretization_error
neuron_model_behavioral_validation,Neuraxis,development_pilot,PILOT2_PROTOCOL,Exploratory development data; second development iteration informed by Pilot 1; not independent confirmation; never pooled with the confirmatory held-out estimate,m-increase_dt-22bc5325eb,acnet2_pyr_soma,increase_dt,"{""dt_factor"": 4}",P05_long_step,mean_frequency,2.2267623432228354,2.2302884320523764,2.2320556674692877,0.0035260888295409742,0.0017672354169113724,0.9965745826768683,2.20550936238759,2.219706554794119,2.2267623432228354,0.021252980835245516,0.010581877258257322,0.005293324246452347,6.027352645569121,exceeds_reference_discretization_error
neuron_model_behavioral_validation,Neuraxis,development_pilot,PILOT2_PROTOCOL,Exploratory development data; second development iteration informed by Pilot 1; not independent confirmation; never pooled with the confirmatory held-out estimate,m-increase_dt-22bc5325eb,acnet2_pyr_soma,increase_dt,"{""dt_factor"": 4}",P05_long_step,spike_count,4.0,4.0,4.0,0.0,0.0,,4.0,4.0,4.0,0.0,0.0,0.0,,within_reference_discretization_error
neuron_model_behavioral_validation,Neuraxis,development_pilot,PILOT2_PROTOCOL,Exploratory development data; second development iteration informed by Pilot 1; not independent confirmation; never pooled with the confirmatory held-out estimate,m-increase_dt-22bc5325eb,acnet2_pyr_soma,increase_dt,"{""dt_factor"": 4}",P06_ramp,firing_regime,,,,,,,,,,,,,,no_change
neuron_model_behavioral_validation,Neuraxis,development_pilot,PILOT2_PROTOCOL,Exploratory development data; second development iteration informed by Pilot 1; not independent confirmation; never pooled with the confirmatory held-out estimate,m-increase_dt-22bc5325eb,acnet2_pyr_soma,increase_dt,"{""dt_factor"": 4}",P06_ramp,first_spike_latency,501.13999999941643,501.0599999994165,501.01999999941654,0.07999999999992724,0.03999999999996362,1.0,501.639999999416,501.3099999994163,501.13999999941643,0.49999999999954525,0.24999999999977263,0.11999999999989086,6.25,exceeds_reference_discretization_error
neuron_model_behavioral_validation,Neuraxis,development_pilot,PILOT2_PROTOCOL,Exploratory development data; second development iteration informed by Pilot 1; not independent confirmation; never pooled with the confirmatory held-out estimate,m-increase_dt-22bc5325eb,acnet2_pyr_soma,increase_dt,"{""dt_factor"": 4}",P06_ramp,mean_frequency,2.240017920145719,2.2421273304134544,2.243183526062546,0.0021094102677352566,0.0010561956490917623,0.9979626145416554,2.2272707024835223,2.235785990567336,2.240017920145719,0.012747217662196775,0.006341339846118288,0.003165605916827019,6.043024373766168,exceeds_reference_discretization_error
neuron_model_behavioral_validation,Neuraxis,development_pilot,PILOT2_PROTOCOL,Exploratory development data; second development iteration informed by Pilot 1; not independent confirmation; never pooled with the confirmatory held-out estimate,m-increase_dt-22bc5325eb,acnet2_pyr_soma,increase_dt,"{""dt_factor"": 4}",P06_ramp,spike_count,2.0,2.0,2.0,0.0,0.0,,2.0,2.0,2.0,0.0,0.0,0.0,,within_reference_discretization_error
neuron_model_behavioral_validation,Neuraxis,development_pilot,PILOT2_PROTOCOL,Exploratory development data; second development iteration informed by Pilot 1; not independent confirmation; never pooled with the confirmatory held-out estimate,m-increase_dt-22bc5325eb,acnet2_pyr_soma,increase_dt,"{""dt_factor"": 4}",P07_hyperpolarizing_step,baseline_voltage,-67.60466311136881,-67.60463941446939,-67.60462755839029,2.369689941872366e-05,1.1856079098038208e-05,0.9990713266922179,-67.60480760192868,-67.60471127573648,-67.60466311136881,0.00014449055987597603,7.186126708802476e-05,3.555297851676187e-05,6.09744580178323,exceeds_reference_discretization_error
neuron_model_behavioral_validation,Neuraxis,development_pilot,PILOT2_PROTOCOL,Exploratory development data; second development iteration informed by Pilot 1; not independent confirmation; never pooled with the confirmatory held-out estimate,m-increase_dt-22bc5325eb,acnet2_pyr_soma,increase_dt,"{""dt_factor"": 4}",P07_hyperpolarizing_step,minimum_voltage,-71.07988739013672,-71.0798568725586,-71.07984924316406,3.0517578125e-05,7.62939453125e-06,2.0,-71.08004760742188,-71.07994079589844,-71.07988739013672,0.00016021728515625,8.392333984375e-05,3.814697265625e-05,5.25,exceeds_reference_discretization_error
neuron_model_behavioral_validation,Neuraxis,development_pilot,PILOT2_PROTOCOL,Exploratory development data; second development iteration informed by Pilot 1; not independent confirmation; never pooled with the confirmatory held-out estimate,m-increase_dt-22bc5325eb,acnet2_pyr_soma,increase_dt,"{""dt_factor"": 4}",P07_hyperpolarizing_step,sag_ratio,0.07644029205149086,0.07643158331354749,0.07642926468956382,8.708737943369238e-06,2.3186239836714417e-06,1.9091947869322314,0.07648697003237451,0.07645574057815861,0.07644029205149086,4.667798088364705e-05,2.4157264611121554e-05,1.102736192704068e-05,5.35990188098234,exceeds_reference_discretization_error
neuron_model_behavioral_validation,Neuraxis,development_pilot,PILOT2_PROTOCOL,Exploratory development data; second development iteration informed by Pilot 1; not independent confirmation; never pooled with the confirmatory held-out estimate,m-increase_dt-22bc5325eb,acnet2_pyr_soma,increase_dt,"{""dt_factor"": 4}",P07_hyperpolarizing_step,spike_count,0.0,0.0,0.0,0.0,0.0,,0.0,0.0,0.0,0.0,0.0,0.0,,within_reference_discretization_error
neuron_model_behavioral_validation,Neuraxis,development_pilot,PILOT2_PROTOCOL,Exploratory development data; second development iteration informed by Pilot 1; not independent confirmation; never pooled with the confirmatory held-out estimate,m-increase_dt-22bc5325eb,acnet2_pyr_soma,increase_dt,"{""dt_factor"": 4}",P07_hyperpolarizing_step,steady_state_voltage,-70.81424023132327,-70.81424049987795,-70.81424060516358,2.685546860448085e-07,1.0528562199851876e-07,1.3509074628004762,-70.81423702926641,-70.81423954925538,-70.81424023132327,3.2020568596635712e-06,9.506225779887245e-07,3.7384030804332724e-07,11.923295425682152,exceeds_reference_discretization_error
neuron_model_behavioral_validation,Neuraxis,development_pilot,PILOT2_PROTOCOL,Exploratory development data; second development iteration informed by Pilot 1; not independent confirmation; never pooled with the confirmatory held-out estimate,m-increase_dt-22bc5325eb,acnet2_pyr_soma,increase_dt,"{""dt_factor"": 4}",P07_hyperpolarizing_step,voltage_deflection,-3.20957711995446,-3.209601085408565,-3.209613046773285,2.396545410476847e-05,1.1961364720036727e-05,1.0025742750578859,-3.2094294273377244,-3.209528273518899,-3.20957711995446,0.0001476926167356396,7.281188966601349e-05,3.5926818824805196e-05,6.162729739648572,exceeds_reference_discretization_error
neuron_model_behavioral_validation,Neuraxis,development_pilot,PILOT2_PROTOCOL,Exploratory development data; second development iteration informed by Pilot 1; not independent confirmation; never pooled with the confirmatory held-out estimate,m-increase_dt-22bc5325eb,acnet2_pyr_soma,increase_dt,"{""dt_factor"": 4}",P08_rebound,firing_regime,,,,,,,,,,,,,,no_change
neuron_model_behavioral_validation,Neuraxis,development_pilot,PILOT2_PROTOCOL,Exploratory development data; second development iteration informed by Pilot 1; not independent confirmation; never pooled with the confirmatory held-out estimate,m-increase_dt-22bc5325eb,acnet2_pyr_soma,increase_dt,"{""dt_factor"": 4}",P08_rebound,first_spike_latency,,,,,,,,,,,,,,no_change
neuron_model_behavioral_validation,Neuraxis,development_pilot,PILOT2_PROTOCOL,Exploratory development data; second development iteration informed by Pilot 1; not independent confirmation; never pooled with the confirmatory held-out estimate,m-increase_dt-22bc5325eb,acnet2_pyr_soma,increase_dt,"{""dt_factor"": 4}",P08_rebound,maximum_voltage,-66.67127990722656,-66.67135620117188,-66.67139434814453,7.62939453125e-05,3.814697265625e-05,1.0,-66.67080688476562,-66.6711196899414,-66.67127990722656,0.0004730224609375,0.00023651123046875,0.00011444091796875,6.2,exceeds_reference_discretization_error
neuron_model_behavioral_validation,Neuraxis,development_pilot,PILOT2_PROTOCOL,Exploratory development data; second development iteration informed by Pilot 1; not independent confirmation; never pooled with the confirmatory held-out estimate,m-increase_dt-22bc5325eb,acnet2_pyr_soma,increase_dt,"{""dt_factor"": 4}",P08_rebound,spike_count,0.0,0.0,0.0,0.0,0.0,,0.0,0.0,0.0,0.0,0.0,0.0,,within_reference_discretization_error
neuron_model_behavioral_validation,Neuraxis,development_pilot,PILOT2_PROTOCOL,Exploratory development data; second development iteration informed by Pilot 1; not independent confirmation; never pooled with the confirmatory held-out estimate,m-increase_dt-22bc5325eb,acnet2_pyr_soma,increase_dt,"{""dt_factor"": 4}",P09_short_pulse,ahp_depth,,,,,,,,,,,,,,no_change
neuron_model_behavioral_validation,Neuraxis,development_pilot,PILOT2_PROTOCOL,Exploratory development data; second development iteration informed by Pilot 1; not independent confirmation; never pooled with the confirmatory held-out estimate,m-increase_dt-22bc5325eb,acnet2_pyr_soma,increase_dt,"{""dt_factor"": 4}",P09_short_pulse,ap_amplitude,,,,,,,,,,,,,,no_change
neuron_model_behavioral_validation,Neuraxis,development_pilot,PILOT2_PROTOCOL,Exploratory development data; second development iteration informed by Pilot 1; not independent confirmation; never pooled with the confirmatory held-out estimate,m-increase_dt-22bc5325eb,acnet2_pyr_soma,increase_dt,"{""dt_factor"": 4}",P09_short_pulse,ap_half_width,,,,,,,,,,,,,,no_change
neuron_model_behavioral_validation,Neuraxis,development_pilot,PILOT2_PROTOCOL,Exploratory development data; second development iteration informed by Pilot 1; not independent confirmation; never pooled with the confirmatory held-out estimate,m-increase_dt-22bc5325eb,acnet2_pyr_soma,increase_dt,"{""dt_factor"": 4}",P09_short_pulse,first_spike_latency,,,,,,,,,,,,,,no_change
neuron_model_behavioral_validation,Neuraxis,development_pilot,PILOT2_PROTOCOL,Exploratory development data; second development iteration informed by Pilot 1; not independent confirmation; never pooled with the confirmatory held-out estimate,m-increase_dt-22bc5325eb,acnet2_pyr_soma,increase_dt,"{""dt_factor"": 4}",P09_short_pulse,spike_count,0.0,0.0,0.0,0.0,0.0,,0.0,0.0,0.0,0.0,0.0,0.0,,within_reference_discretization_error
neuron_model_behavioral_validation,Neuraxis,development_pilot,PILOT2_PROTOCOL,Exploratory development data; second development iteration informed by Pilot 1; not independent confirmation; never pooled with the confirmatory held-out estimate,m-solver_config-83b0ebd45b,acnet2_pyr_soma,solver_config,"{""integrator_method"": ""eulertree""}",P00_canonical,adaptation_index,0.08360766405035329,0.08394194146984126,0.0840867945035863,0.0003342774194879661,0.00014485303374504876,1.2064560037213887,0.08360766405035329,0.08394194146984126,0.0840867945035863,0.0,0.0,0.0,0.0,within_reference_discretization_error
neuron_model_behavioral_validation,Neuraxis,development_pilot,PILOT2_PROTOCOL,Exploratory development data; second development iteration informed by Pilot 1; not independent confirmation; never pooled with the confirmatory held-out estimate,m-solver_config-83b0ebd45b,acnet2_pyr_soma,solver_config,"{""integrator_method"": ""eulertree""}",P00_canonical,ahp_depth,-7.047089353288882,-7.040942077636629,-7.037860641479497,0.00614727565225337,0.003081436157131634,0.996344278064377,-7.047089353288882,-7.040942077636629,-7.037860641479497,0.0,0.0,0.0,0.0,within_reference_discretization_error
neuron_model_behavioral_validation,Neuraxis,development_pilot,PILOT2_PROTOCOL,Exploratory development data; second development iteration informed by Pilot 1; not independent confirmation; never pooled with the confirmatory held-out estimate,m-solver_config-83b0ebd45b,acnet2_pyr_soma,solver_config,"{""integrator_method"": ""eulertree""}",P00_canonical,ap_amplitude,100.04901504481984,99.87902450527808,99.74743652320686,0.16999053954175736,0.13158798207122402,0.36942672473488536,100.04901504481984,99.87902450527808,99.74743652320686,0.0,0.0,0.0,0.0,within_reference_discretization_error
neuron_model_behavioral_validation,Neuraxis,development_pilot,PILOT2_PROTOCOL,Exploratory development data; second development iteration informed by Pilot 1; not independent confirmation; never pooled with the confirmatory held-out estimate,m-solver_config-83b0ebd45b,acnet2_pyr_soma,solver_config,"{""integrator_method"": ""eulertree""}",P00_canonical,ap_half_width,0.5800000000002967,0.5800000000002967,0.5900000000003018,0.0,0.010000000000005116,,0.5800000000002967,0.5800000000002967,0.5900000000003018,0.0,0.0,0.0,,within_reference_discretization_error
neuron_model_behavioral_validation,Neuraxis,development_pilot,PILOT2_PROTOCOL,Exploratory development data; second development iteration informed by Pilot 1; not independent confirmation; never pooled with the confirmatory held-out estimate,m-solver_config-83b0ebd45b,acnet2_pyr_soma,solver_config,"{""integrator_method"": ""eulertree""}",P00_canonical,baseline_voltage,-65.95622943333215,-65.9562579345703,-65.95627235412597,2.8501238148237462e-05,1.4419555668609974e-05,0.9829978847294851,-65.95622943333215,-65.9562579345703,-65.95627235412597,0.0,0.0,0.0,0.0,within_reference_discretization_error
neuron_model_behavioral_validation,Neuraxis,development_pilot,PILOT2_PROTOCOL,Exploratory development data; second development iteration informed by Pilot 1; not independent confirmation; never pooled with the confirmatory held-out estimate,m-solver_config-83b0ebd45b,acnet2_pyr_soma,solver_config,"{""integrator_method"": ""eulertree""}",P00_canonical,firing_regime,,,,,,,,,,,,,,no_change
neuron_model_behavioral_validation,Neuraxis,development_pilot,PILOT2_PROTOCOL,Exploratory development data; second development iteration informed by Pilot 1; not independent confirmation; never pooled with the confirmatory held-out estimate,m-solver_config-83b0ebd45b,acnet2_pyr_soma,solver_config,"{""integrator_method"": ""eulertree""}",P00_canonical,first_isi,18.340000000009383,18.300000000009362,18.280000000009352,0.040000000000020464,0.020000000000010232,1.0,18.340000000009383,18.300000000009362,18.280000000009352,0.0,0.0,0.0,0.0,within_reference_discretization_error
neuron_model_behavioral_validation,Neuraxis,development_pilot,PILOT2_PROTOCOL,Exploratory development data; second development iteration informed by Pilot 1; not independent confirmation; never pooled with the confirmatory held-out estimate,m-solver_config-83b0ebd45b,acnet2_pyr_soma,solver_config,"{""integrator_method"": ""eulertree""}",P00_canonical,first_spike_latency,32.640000000015604,32.6300000000156,32.620000000015594,0.010000000000005116,0.010000000000005116,0.0,32.640000000015604,32.6300000000156,32.620000000015594,0.0,0.0,0.0,0.0,within_reference_discretization_error
neuron_model_behavioral_validation,Neuraxis,development_pilot,PILOT2_PROTOCOL,Exploratory development data; second development iteration informed by Pilot 1; not independent confirmation; never pooled with the confirmatory held-out estimate,m-solver_config-83b0ebd45b,acnet2_pyr_soma,solver_config,"{""integrator_method"": ""eulertree""}",P00_canonical,last_isi,76.88999999993013,76.5899999999304,76.43999999993054,0.29999999999972715,0.14999999999986358,1.0,76.88999999993013,76.5899999999304,76.43999999993054,0.0,0.0,0.0,0.0,within_reference_discretization_error
neuron_model_behavioral_validation,Neuraxis,development_pilot,PILOT2_PROTOCOL,Exploratory development data; second development iteration informed by Pilot 1; not independent confirmation; never pooled with the confirmatory held-out estimate,m-solver_config-83b0ebd45b,acnet2_pyr_soma,solver_config,"{""integrator_method"": ""eulertree""}",P00_canonical,mean_frequency,16.20909735590306,16.27074520014227,16.301911399123668,0.06164784423920722,0.031166198981399162,0.9840682308547355,16.20909735590306,16.27074520014227,16.301911399123668,0.0,0.0,0.0,0.0,within_reference_discretization_error
neuron_model_behavioral_validation,Neuraxis,development_pilot,PILOT2_PROTOCOL,Exploratory development data; second development iteration informed by Pilot 1; not independent confirmation; never pooled with the confirmatory held-out estimate,m-solver_config-83b0ebd45b,acnet2_pyr_soma,solver_config,"{""integrator_method"": ""eulertree""}",P00_canonical,spike_count,8.0,8.0,8.0,0.0,0.0,,8.0,8.0,8.0,0.0,0.0,0.0,,within_reference_discretization_error
neuron_model_behavioral_validation,Neuraxis,development_pilot,PILOT2_PROTOCOL,Exploratory development data; second development iteration informed by Pilot 1; not independent confirmation; never pooled with the confirmatory held-out estimate,m-solver_config-83b0ebd45b,acnet2_pyr_soma,solver_config,"{""integrator_method"": ""eulertree""}",P02_weak_step,baseline_voltage,-67.60466311136881,-67.60463941446939,-67.60462742360433,2.369689941872366e-05,1.1990865061761724e-05,0.9827625610152337,-67.60466311136881,-67.60463941446939,-67.60462742360433,0.0,0.0,0.0,0.0,within_reference_discretization_error
neuron_model_behavioral_validation,Neuraxis,development_pilot,PILOT2_PROTOCOL,Exploratory development data; second development iteration informed by Pilot 1; not independent confirmation; never pooled with the confirmatory held-out estimate,m-solver_config-83b0ebd45b,acnet2_pyr_soma,solver_config,"{""integrator_method"": ""eulertree""}",P02_weak_step,spike_count,0.0,0.0,0.0,0.0,0.0,,0.0,0.0,0.0,0.0,0.0,0.0,,within_reference_discretization_error
neuron_model_behavioral_validation,Neuraxis,development_pilot,PILOT2_PROTOCOL,Exploratory development data; second development iteration informed by Pilot 1; not independent confirmation; never pooled with the confirmatory held-out estimate,m-solver_config-83b0ebd45b,acnet2_pyr_soma,solver_config,"{""integrator_method"": ""eulertree""}",P02_weak_step,steady_state_voltage,-66.2136446029663,-66.2136438430786,-66.21364339752198,7.598876976544489e-07,4.455566227079544e-07,0.7701774356490991,-66.2136446029663,-66.2136438430786,-66.21364339752198,0.0,0.0,0.0,0.0,within_reference_discretization_error
neuron_model_behavioral_validation,Neuraxis,development_pilot,PILOT2_PROTOCOL,Exploratory development data; second development iteration informed by Pilot 1; not independent confirmation; never pooled with the confirmatory held-out estimate,m-solver_config-83b0ebd45b,acnet2_pyr_soma,solver_config,"{""integrator_method"": ""eulertree""}",P02_weak_step,voltage_deflection,1.3910185084025102,1.390995571390789,1.39098402608235,2.293701172106921e-05,1.154530843905377e-05,0.990370730461294,1.3910185084025102,1.390995571390789,1.39098402608235,0.0,0.0,0.0,0.0,within_reference_discretization_error
neuron_model_behavioral_validation,Neuraxis,development_pilot,PILOT2_PROTOCOL,Exploratory development data; second development iteration informed by Pilot 1; not independent confirmation; never pooled with the confirmatory held-out estimate,m-solver_config-83b0ebd45b,acnet2_pyr_soma,solver_config,"{""integrator_method"": ""eulertree""}",P03_rheobase,rheobase,0.007615600027320539,0.007615600027320539,0.007615600027320539,0.0,0.0,,0.007615600027320539,0.007615600027320539,0.007615600027320539,0.0,0.0,0.0,,within_reference_discretization_error
neuron_model_behavioral_validation,Neuraxis,development_pilot,PILOT2_PROTOCOL,Exploratory development data; second development iteration informed by Pilot 1; not independent confirmation; never pooled with the confirmatory held-out estimate,m-solver_config-83b0ebd45b,acnet2_pyr_soma,solver_config,"{""integrator_method"": ""eulertree""}",P04_step_2x,adaptation_index,,,,,,,,,,,,,,no_change
neuron_model_behavioral_validation,Neuraxis,development_pilot,PILOT2_PROTOCOL,Exploratory development data; second development iteration informed by Pilot 1; not independent confirmation; never pooled with the confirmatory held-out estimate,m-solver_config-83b0ebd45b,acnet2_pyr_soma,solver_config,"{""integrator_method"": ""eulertree""}",P04_step_2x,ahp_depth,-7.019535802205411,-7.016957875569673,-7.015665374755841,0.0025779266357375263,0.0012925008138324756,0.9960460182143244,-7.019535802205411,-7.016957875569673,-7.015665374755841,0.0,0.0,0.0,0.0,within_reference_discretization_error
neuron_model_behavioral_validation,Neuraxis,development_pilot,PILOT2_PROTOCOL,Exploratory development data; second development iteration informed by Pilot 1; not independent confirmation; never pooled with the confirmatory held-out estimate,m-solver_config-83b0ebd45b,acnet2_pyr_soma,solver_config,"{""integrator_method"": ""eulertree""}",P04_step_2x,ap_amplitude,98.06893539575677,97.6356582663006,97.41579055911296,0.43327712945617236,0.21986770718763182,0.9786543603214684,98.06893539575677,97.6356582663006,97.41579055911296,0.0,0.0,0.0,0.0,within_reference_discretization_error
neuron_model_behavioral_validation,Neuraxis,development_pilot,PILOT2_PROTOCOL,Exploratory development data; second development iteration informed by Pilot 1; not independent confirmation; never pooled with the confirmatory held-out estimate,m-solver_config-83b0ebd45b,acnet2_pyr_soma,solver_config,"{""integrator_method"": ""eulertree""}",P04_step_2x,ap_half_width,0.5699999999994816,0.5699999999994816,0.5799999999994725,0.0,0.009999999999990905,,0.5699999999994816,0.5699999999994816,0.5799999999994725,0.0,0.0,0.0,,within_reference_discretization_error
neuron_model_behavioral_validation,Neuraxis,development_pilot,PILOT2_PROTOCOL,Exploratory development data; second development iteration informed by Pilot 1; not independent confirmation; never pooled with the confirmatory held-out estimate,m-solver_config-83b0ebd45b,acnet2_pyr_soma,solver_config,"{""integrator_method"": ""eulertree""}",P04_step_2x,burst_count,,,,,,,,,,,,,,no_change
neuron_model_behavioral_validation,Neuraxis,development_pilot,PILOT2_PROTOCOL,Exploratory development data; second development iteration informed by Pilot 1; not independent confirmation; never pooled with the confirmatory held-out estimate,m-solver_config-83b0ebd45b,acnet2_pyr_soma,solver_config,"{""integrator_method"": ""eulertree""}",P04_step_2x,firing_regime,,,,,,,,,,,,,,no_change
neuron_model_behavioral_validation,Neuraxis,development_pilot,PILOT2_PROTOCOL,Exploratory development data; second development iteration informed by Pilot 1; not independent confirmation; never pooled with the confirmatory held-out estimate,m-solver_config-83b0ebd45b,acnet2_pyr_soma,solver_config,"{""integrator_method"": ""eulertree""}",P04_step_2x,first_isi,451.11999999958977,450.1799999995906,449.70999999959105,0.9399999999991451,0.46999999999957254,1.0,451.11999999958977,450.1799999995906,449.70999999959105,0.0,0.0,0.0,0.0,within_reference_discretization_error
neuron_model_behavioral_validation,Neuraxis,development_pilot,PILOT2_PROTOCOL,Exploratory development data; second development iteration informed by Pilot 1; not independent confirmation; never pooled with the confirmatory held-out estimate,m-solver_config-83b0ebd45b,acnet2_pyr_soma,solver_config,"{""integrator_method"": ""eulertree""}",P04_step_2x,first_spike_latency,25.40999999984905,25.359999999849094,25.32999999984912,0.049999999999954525,0.029999999999972715,0.7369655941662062,25.40999999984905,25.359999999849094,25.32999999984912,0.0,0.0,0.0,0.0,within_reference_discretization_error
neuron_model_behavioral_validation,Neuraxis,development_pilot,PILOT2_PROTOCOL,Exploratory development data; second development iteration informed by Pilot 1; not independent confirmation; never pooled with the confirmatory held-out estimate,m-solver_config-83b0ebd45b,acnet2_pyr_soma,solver_config,"{""integrator_method"": ""eulertree""}",P04_step_2x,last_isi,451.11999999958977,450.1799999995906,449.70999999959105,0.9399999999991451,0.46999999999957254,1.0,451.11999999958977,450.1799999995906,449.70999999959105,0.0,0.0,0.0,0.0,within_reference_discretization_error
neuron_model_behavioral_validation,Neuraxis,development_pilot,PILOT2_PROTOCOL,Exploratory development data; second development iteration informed by Pilot 1; not independent confirmation; never pooled with the confirmatory held-out estimate,m-solver_config-83b0ebd45b,acnet2_pyr_soma,solver_config,"{""integrator_method"": ""eulertree""}",P04_step_2x,mean_frequency,4.197007533633466,4.2057450477401614,4.210171775013382,0.008737514106695876,0.0044267272732207985,0.9809823867183302,4.197007533633466,4.2057450477401614,4.210171775013382,0.0,0.0,0.0,0.0,within_reference_discretization_error
neuron_model_behavioral_validation,Neuraxis,development_pilot,PILOT2_PROTOCOL,Exploratory development data; second development iteration informed by Pilot 1; not independent confirmation; never pooled with the confirmatory held-out estimate,m-solver_config-83b0ebd45b,acnet2_pyr_soma,solver_config,"{""integrator_method"": ""eulertree""}",P04_step_2x,spike_count,2.0,2.0,2.0,0.0,0.0,,2.0,2.0,2.0,0.0,0.0,0.0,,within_reference_discretization_error
neuron_model_behavioral_validation,Neuraxis,development_pilot,PILOT2_PROTOCOL,Exploratory development data; second development iteration informed by Pilot 1; not independent confirmation; never pooled with the confirmatory held-out estimate,m-solver_config-83b0ebd45b,acnet2_pyr_soma,solver_config,"{""integrator_method"": ""eulertree""}",P05_long_step,adaptation_index,-8.519410542851502e-06,-8.532786352377084e-06,8.556948537842032e-13,1.3375809525581795e-08,8.532787208071938e-06,-9.317247051705044,-8.519410542851502e-06,-8.532786352377084e-06,8.556948537842032e-13,0.0,0.0,0.0,0.0,within_reference_discretization_error
neuron_model_behavioral_validation,Neuraxis,development_pilot,PILOT2_PROTOCOL,Exploratory development data; second development iteration informed by Pilot 1; not independent confirmation; never pooled with the confirmatory held-out estimate,m-solver_config-83b0ebd45b,acnet2_pyr_soma,solver_config,"{""integrator_method"": ""eulertree""}",P05_long_step,ahp_depth,-7.059071324666348,-7.056752797444673,-7.055582323710112,0.0023185272216750263,0.0011704737345610283,0.9861161046729705,-7.059071324666348,-7.056752797444673,-7.055582323710112,0.0,0.0,0.0,0.0,within_reference_discretization_error
neuron_model_behavioral_validation,Neuraxis,development_pilot,PILOT2_PROTOCOL,Exploratory development data; second development iteration informed by Pilot 1; not independent confirmation; never pooled with the confirmatory held-out estimate,m-solver_config-83b0ebd45b,acnet2_pyr_soma,solver_config,"{""integrator_method"": ""eulertree""}",P05_long_step,ap_amplitude,98.06814575218911,97.55448913585151,97.28872299264353,0.5136566163375988,0.2657661432079834,0.9506469013541774,98.06814575218911,97.55448913585151,97.28872299264353,0.0,0.0,0.0,0.0,within_reference_discretization_error
neuron_model_behavioral_validation,Neuraxis,development_pilot,PILOT2_PROTOCOL,Exploratory development data; second development iteration informed by Pilot 1; not independent confirmation; never pooled with the confirmatory held-out estimate,m-solver_config-83b0ebd45b,acnet2_pyr_soma,solver_config,"{""integrator_method"": ""eulertree""}",P05_long_step,ap_half_width,0.5699999999994816,0.5799999999994725,0.5799999999994725,0.009999999999990905,0.0,,0.5699999999994816,0.5799999999994725,0.5799999999994725,0.0,0.0,0.0,0.0,within_reference_discretization_error
neuron_model_behavioral_validation,Neuraxis,development_pilot,PILOT2_PROTOCOL,Exploratory development data; second development iteration informed by Pilot 1; not independent confirmation; never pooled with the confirmatory held-out estimate,m-solver_config-83b0ebd45b,acnet2_pyr_soma,solver_config,"{""integrator_method"": ""eulertree""}",P05_long_step,burst_count,1.0,1.0,1.0,0.0,0.0,,1.0,1.0,1.0,0.0,0.0,0.0,,within_reference_discretization_error
neuron_model_behavioral_validation,Neuraxis,development_pilot,PILOT2_PROTOCOL,Exploratory development data; second development iteration informed by Pilot 1; not independent confirmation; never pooled with the confirmatory held-out estimate,m-solver_config-83b0ebd45b,acnet2_pyr_soma,solver_config,"{""integrator_method"": ""eulertree""}",P05_long_step,firing_regime,,,,,,,,,,,,,,no_change
neuron_model_behavioral_validation,Neuraxis,development_pilot,PILOT2_PROTOCOL,Exploratory development data; second development iteration informed by Pilot 1; not independent confirmation; never pooled with the confirmatory held-out estimate,m-solver_config-83b0ebd45b,acnet2_pyr_soma,solver_config,"{""integrator_method"": ""eulertree""}",P05_long_step,first_isi,585.3699999994676,584.4299999994685,583.9699999994689,0.9399999999991451,0.45999999999958163,1.0310268956206246,585.3699999994676,584.4299999994685,583.9699999994689,0.0,0.0,0.0,0.0,within_reference_discretization_error
neuron_model_behavioral_validation,Neuraxis,development_pilot,PILOT2_PROTOCOL,Exploratory development data; second development iteration informed by Pilot 1; not independent confirmation; never pooled with the confirmatory held-out estimate,m-solver_config-83b0ebd45b,acnet2_pyr_soma,solver_config,"{""integrator_method"": ""eulertree""}",P05_long_step,first_spike_latency,37.16999999983835,37.10999999983841,37.079999999838435,0.05999999999994543,0.029999999999972715,1.0,37.16999999983835,37.10999999983841,37.079999999838435,0.0,0.0,0.0,0.0,within_reference_discretization_error
neuron_model_behavioral_validation,Neuraxis,development_pilot,PILOT2_PROTOCOL,Exploratory development data; second development iteration informed by Pilot 1; not independent confirmation; never pooled with the confirmatory held-out estimate,m-solver_config-83b0ebd45b,acnet2_pyr_soma,solver_config,"{""integrator_method"": ""eulertree""}",P05_long_step,last_isi,586.8900000005651,585.9700000005014,585.5100000004695,0.9200000000637374,0.4600000000318687,1.0,586.8900000005651,585.9700000005014,585.5100000004695,0.0,0.0,0.0,0.0,within_reference_discretization_error
neuron_model_behavioral_validation,Neuraxis,development_pilot,PILOT2_PROTOCOL,Exploratory development data; second development iteration informed by Pilot 1; not independent confirmation; never pooled with the confirmatory held-out estimate,m-solver_config-83b0ebd45b,acnet2_pyr_soma,solver_config,"{""integrator_method"": ""eulertree""}",P05_long_step,mean_frequency,2.2267623432228354,2.2302884320523764,2.2320556674692877,0.0035260888295409742,0.0017672354169113724,0.9965745826768683,2.2267623432228354,2.2302884320523764,2.2320556674692877,0.0,0.0,0.0,0.0,within_reference_discretization_error
neuron_model_behavioral_validation,Neuraxis,development_pilot,PILOT2_PROTOCOL,Exploratory development data; second development iteration informed by Pilot 1; not independent confirmation; never pooled with the confirmatory held-out estimate,m-solver_config-83b0ebd45b,acnet2_pyr_soma,solver_config,"{""integrator_method"": ""eulertree""}",P05_long_step,spike_count,4.0,4.0,4.0,0.0,0.0,,4.0,4.0,4.0,0.0,0.0,0.0,,within_reference_discretization_error
neuron_model_behavioral_validation,Neuraxis,development_pilot,PILOT2_PROTOCOL,Exploratory development data; second development iteration informed by Pilot 1; not independent confirmation; never pooled with the confirmatory held-out estimate,m-solver_config-83b0ebd45b,acnet2_pyr_soma,solver_config,"{""integrator_method"": ""eulertree""}",P06_ramp,firing_regime,,,,,,,,,,,,,,no_change
neuron_model_behavioral_validation,Neuraxis,development_pilot,PILOT2_PROTOCOL,Exploratory development data; second development iteration informed by Pilot 1; not independent confirmation; never pooled with the confirmatory held-out estimate,m-solver_config-83b0ebd45b,acnet2_pyr_soma,solver_config,"{""integrator_method"": ""eulertree""}",P06_ramp,first_spike_latency,501.13999999941643,501.0599999994165,501.01999999941654,0.07999999999992724,0.03999999999996362,1.0,501.13999999941643,501.0599999994165,501.01999999941654,0.0,0.0,0.0,0.0,within_reference_discretization_error
neuron_model_behavioral_validation,Neuraxis,development_pilot,PILOT2_PROTOCOL,Exploratory development data; second development iteration informed by Pilot 1; not independent confirmation; never pooled with the confirmatory held-out estimate,m-solver_config-83b0ebd45b,acnet2_pyr_soma,solver_config,"{""integrator_method"": ""eulertree""}",P06_ramp,mean_frequency,2.240017920145719,2.2421273304134544,2.243183526062546,0.0021094102677352566,0.0010561956490917623,0.9979626145416554,2.240017920145719,2.2421273304134544,2.243183526062546,0.0,0.0,0.0,0.0,within_reference_discretization_error
neuron_model_behavioral_validation,Neuraxis,development_pilot,PILOT2_PROTOCOL,Exploratory development data; second development iteration informed by Pilot 1; not independent confirmation; never pooled with the confirmatory held-out estimate,m-solver_config-83b0ebd45b,acnet2_pyr_soma,solver_config,"{""integrator_method"": ""eulertree""}",P06_ramp,spike_count,2.0,2.0,2.0,0.0,0.0,,2.0,2.0,2.0,0.0,0.0,0.0,,within_reference_discretization_error
neuron_model_behavioral_validation,Neuraxis,development_pilot,PILOT2_PROTOCOL,Exploratory development data; second development iteration informed by Pilot 1; not independent confirmation; never pooled with the confirmatory held-out estimate,m-solver_config-83b0ebd45b,acnet2_pyr_soma,solver_config,"{""integrator_method"": ""eulertree""}",P07_hyperpolarizing_step,baseline_voltage,-67.60466311136881,-67.60463941446939,-67.60462755839029,2.369689941872366e-05,1.1856079098038208e-05,0.9990713266922179,-67.60466311136881,-67.60463941446939,-67.60462755839029,0.0,0.0,0.0,0.0,within_reference_discretization_error
neuron_model_behavioral_validation,Neuraxis,development_pilot,PILOT2_PROTOCOL,Exploratory development data; second development iteration informed by Pilot 1; not independent confirmation; never pooled with the confirmatory held-out estimate,m-solver_config-83b0ebd45b,acnet2_pyr_soma,solver_config,"{""integrator_method"": ""eulertree""}",P07_hyperpolarizing_step,minimum_voltage,-71.07988739013672,-71.0798568725586,-71.07984924316406,3.0517578125e-05,7.62939453125e-06,2.0,-71.07988739013672,-71.0798568725586,-71.07984924316406,0.0,0.0,0.0,0.0,within_reference_discretization_error
neuron_model_behavioral_validation,Neuraxis,development_pilot,PILOT2_PROTOCOL,Exploratory development data; second development iteration informed by Pilot 1; not independent confirmation; never pooled with the confirmatory held-out estimate,m-solver_config-83b0ebd45b,acnet2_pyr_soma,solver_config,"{""integrator_method"": ""eulertree""}",P07_hyperpolarizing_step,sag_ratio,0.07644029205149086,0.07643158331354749,0.07642926468956382,8.708737943369238e-06,2.3186239836714417e-06,1.9091947869322314,0.07644029205149086,0.07643158331354749,0.07642926468956382,0.0,0.0,0.0,0.0,within_reference_discretization_error
neuron_model_behavioral_validation,Neuraxis,development_pilot,PILOT2_PROTOCOL,Exploratory development data; second development iteration informed by Pilot 1; not independent confirmation; never pooled with the confirmatory held-out estimate,m-solver_config-83b0ebd45b,acnet2_pyr_soma,solver_config,"{""integrator_method"": ""eulertree""}",P07_hyperpolarizing_step,spike_count,0.0,0.0,0.0,0.0,0.0,,0.0,0.0,0.0,0.0,0.0,0.0,,within_reference_discretization_error
neuron_model_behavioral_validation,Neuraxis,development_pilot,PILOT2_PROTOCOL,Exploratory development data; second development iteration informed by Pilot 1; not independent confirmation; never pooled with the confirmatory held-out estimate,m-solver_config-83b0ebd45b,acnet2_pyr_soma,solver_config,"{""integrator_method"": ""eulertree""}",P07_hyperpolarizing_step,steady_state_voltage,-70.81424023132327,-70.81424049987795,-70.81424060516358,2.685546860448085e-07,1.0528562199851876e-07,1.3509074628004762,-70.81424023132327,-70.81424049987795,-70.81424060516358,0.0,0.0,0.0,0.0,within_reference_discretization_error
neuron_model_behavioral_validation,Neuraxis,development_pilot,PILOT2_PROTOCOL,Exploratory development data; second development iteration informed by Pilot 1; not independent confirmation; never pooled with the confirmatory held-out estimate,m-solver_config-83b0ebd45b,acnet2_pyr_soma,solver_config,"{""integrator_method"": ""eulertree""}",P07_hyperpolarizing_step,voltage_deflection,-3.20957711995446,-3.209601085408565,-3.209613046773285,2.396545410476847e-05,1.1961364720036727e-05,1.0025742750578859,-3.20957711995446,-3.209601085408565,-3.209613046773285,0.0,0.0,0.0,0.0,within_reference_discretization_error
neuron_model_behavioral_validation,Neuraxis,development_pilot,PILOT2_PROTOCOL,Exploratory development data; second development iteration informed by Pilot 1; not independent confirmation; never pooled with the confirmatory held-out estimate,m-solver_config-83b0ebd45b,acnet2_pyr_soma,solver_config,"{""integrator_method"": ""eulertree""}",P08_rebound,firing_regime,,,,,,,,,,,,,,no_change
neuron_model_behavioral_validation,Neuraxis,development_pilot,PILOT2_PROTOCOL,Exploratory development data; second development iteration informed by Pilot 1; not independent confirmation; never pooled with the confirmatory held-out estimate,m-solver_config-83b0ebd45b,acnet2_pyr_soma,solver_config,"{""integrator_method"": ""eulertree""}",P08_rebound,first_spike_latency,,,,,,,,,,,,,,no_change
neuron_model_behavioral_validation,Neuraxis,development_pilot,PILOT2_PROTOCOL,Exploratory development data; second development iteration informed by Pilot 1; not independent confirmation; never pooled with the confirmatory held-out estimate,m-solver_config-83b0ebd45b,acnet2_pyr_soma,solver_config,"{""integrator_method"": ""eulertree""}",P08_rebound,maximum_voltage,-66.67127990722656,-66.67135620117188,-66.67139434814453,7.62939453125e-05,3.814697265625e-05,1.0,-66.67127990722656,-66.67135620117188,-66.67139434814453,0.0,0.0,0.0,0.0,within_reference_discretization_error
neuron_model_behavioral_validation,Neuraxis,development_pilot,PILOT2_PROTOCOL,Exploratory development data; second development iteration informed by Pilot 1; not independent confirmation; never pooled with the confirmatory held-out estimate,m-solver_config-83b0ebd45b,acnet2_pyr_soma,solver_config,"{""integrator_method"": ""eulertree""}",P08_rebound,spike_count,0.0,0.0,0.0,0.0,0.0,,0.0,0.0,0.0,0.0,0.0,0.0,,within_reference_discretization_error
neuron_model_behavioral_validation,Neuraxis,development_pilot,PILOT2_PROTOCOL,Exploratory development data; second development iteration informed by Pilot 1; not independent confirmation; never pooled with the confirmatory held-out estimate,m-solver_config-83b0ebd45b,acnet2_pyr_soma,solver_config,"{""integrator_method"": ""eulertree""}",P09_short_pulse,ahp_depth,,,,,,,,,,,,,,no_change
neuron_model_behavioral_validation,Neuraxis,development_pilot,PILOT2_PROTOCOL,Exploratory development data; second development iteration informed by Pilot 1; not independent confirmation; never pooled with the confirmatory held-out estimate,m-solver_config-83b0ebd45b,acnet2_pyr_soma,solver_config,"{""integrator_method"": ""eulertree""}",P09_short_pulse,ap_amplitude,,,,,,,,,,,,,,no_change
neuron_model_behavioral_validation,Neuraxis,development_pilot,PILOT2_PROTOCOL,Exploratory development data; second development iteration informed by Pilot 1; not independent confirmation; never pooled with the confirmatory held-out estimate,m-solver_config-83b0ebd45b,acnet2_pyr_soma,solver_config,"{""integrator_method"": ""eulertree""}",P09_short_pulse,ap_half_width,,,,,,,,,,,,,,no_change
neuron_model_behavioral_validation,Neuraxis,development_pilot,PILOT2_PROTOCOL,Exploratory development data; second development iteration informed by Pilot 1; not independent confirmation; never pooled with the confirmatory held-out estimate,m-solver_config-83b0ebd45b,acnet2_pyr_soma,solver_config,"{""integrator_method"": ""eulertree""}",P09_short_pulse,first_spike_latency,,,,,,,,,,,,,,no_change
neuron_model_behavioral_validation,Neuraxis,development_pilot,PILOT2_PROTOCOL,Exploratory development data; second development iteration informed by Pilot 1; not independent confirmation; never pooled with the confirmatory held-out estimate,m-solver_config-83b0ebd45b,acnet2_pyr_soma,solver_config,"{""integrator_method"": ""eulertree""}",P09_short_pulse,spike_count,0.0,0.0,0.0,0.0,0.0,,0.0,0.0,0.0,0.0,0.0,0.0,,within_reference_discretization_error
neuron_model_behavioral_validation,Neuraxis,development_pilot,PILOT2_PROTOCOL,Exploratory development data; second development iteration informed by Pilot 1; not independent confirmation; never pooled with the confirmatory held-out estimate,m-recording_resolution-a5f502f6d0,acnet2_pyr_soma,recording_resolution,"{""sample_every_ms"": 0.05}",P00_canonical,adaptation_index,0.08360766405035329,0.08394194146984126,0.0840867945035863,0.0003342774194879661,0.00014485303374504876,1.2064560037213887,0.08370847989889355,0.08401610636305343,0.08411956864589223,0.00010081584854025605,7.416489321217246e-05,3.277414230593023e-05,0.3015933552875994,within_reference_discretization_error
neuron_model_behavioral_validation,Neuraxis,development_pilot,PILOT2_PROTOCOL,Exploratory development data; second development iteration informed by Pilot 1; not independent confirmation; never pooled with the confirmatory held-out estimate,m-recording_resolution-a5f502f6d0,acnet2_pyr_soma,recording_resolution,"{""sample_every_ms"": 0.05}",P00_canonical,ahp_depth,-7.047089353288882,-7.040942077636629,-7.037860641479497,0.00614727565225337,0.003081436157131634,0.996344278064377,-7.04686032976349,-7.040812868390631,-7.037830265589861,0.00022902352539233561,0.00012920924599768568,3.0375889636502507e-05,0.03725610145827507,within_reference_discretization_error
neuron_model_behavioral_validation,Neuraxis,development_pilot,PILOT2_PROTOCOL,Exploratory development data; second development iteration informed by Pilot 1; not independent confirmation; never pooled with the confirmatory held-out estimate,m-recording_resolution-a5f502f6d0,acnet2_pyr_soma,recording_resolution,"{""sample_every_ms"": 0.05}",P00_canonical,ap_amplitude,100.04901504481984,99.87902450527808,99.74743652320686,0.16999053954175736,0.13158798207122402,0.36942672473488536,99.84729614145368,99.2938117968113,99.30689620939432,0.2017189033661566,0.5852127084667842,0.44054031381253367,1.1866478211665734,within_reference_discretization_error
neuron_model_behavioral_validation,Neuraxis,development_pilot,PILOT2_PROTOCOL,Exploratory development data; second development iteration informed by Pilot 1; not independent confirmation; never pooled with the confirmatory held-out estimate,m-recording_resolution-a5f502f6d0,acnet2_pyr_soma,recording_resolution,"{""sample_every_ms"": 0.05}",P00_canonical,ap_half_width,0.5800000000002967,0.5800000000002967,0.5900000000003018,0.0,0.010000000000005116,,0.5800000000002967,0.600000000000307,0.5900000000003018,0.0,0.020000000000010232,0.0,,within_reference_discretization_error
neuron_model_behavioral_validation,Neuraxis,development_pilot,PILOT2_PROTOCOL,Exploratory development data; second development iteration informed by Pilot 1; not independent confirmation; never pooled with the confirmatory held-out estimate,m-recording_resolution-a5f502f6d0,acnet2_pyr_soma,recording_resolution,"{""sample_every_ms"": 0.05}",P00_canonical,baseline_voltage,-65.95622943333215,-65.9562579345703,-65.95627235412597,2.8501238148237462e-05,1.4419555668609974e-05,0.9829978847294851,-65.95622957502091,-65.95625744410923,-65.95627221243721,1.4168875850373297e-07,4.904610761968797e-07,1.4168875850373297e-07,0.004971319413100484,within_reference_discretization_error
neuron_model_behavioral_validation,Neuraxis,development_pilot,PILOT2_PROTOCOL,Exploratory development data; second development iteration informed by Pilot 1; not independent confirmation; never pooled with the confirmatory held-out estimate,m-recording_resolution-a5f502f6d0,acnet2_pyr_soma,recording_resolution,"{""sample_every_ms"": 0.05}",P00_canonical,firing_regime,,,,,,,,,,,,,,no_change
neuron_model_behavioral_validation,Neuraxis,development_pilot,PILOT2_PROTOCOL,Exploratory development data; second development iteration informed by Pilot 1; not independent confirmation; never pooled with the confirmatory held-out estimate,m-recording_resolution-a5f502f6d0,acnet2_pyr_soma,recording_resolution,"{""sample_every_ms"": 0.05}",P00_canonical,first_isi,18.340000000009383,18.300000000009362,18.280000000009352,0.040000000000020464,0.020000000000010232,1.0,18.350000000009388,18.300000000009362,18.300000000009362,0.010000000000005116,0.0,0.020000000000010232,0.25,within_reference_discretization_error
neuron_model_behavioral_validation,Neuraxis,development_pilot,PILOT2_PROTOCOL,Exploratory development data; second development iteration informed by Pilot 1; not independent confirmation; never pooled with the confirmatory held-out estimate,m-recording_resolution-a5f502f6d0,acnet2_pyr_soma,recording_resolution,"{""sample_every_ms"": 0.05}",P00_canonical,first_spike_latency,32.640000000015604,32.6300000000156,32.620000000015594,0.010000000000005116,0.010000000000005116,0.0,32.65000000001561,32.65000000001561,32.600000000015584,0.010000000000005116,0.020000000000010232,0.020000000000010232,1.0,within_reference_discretization_error
neuron_model_behavioral_validation,Neuraxis,development_pilot,PILOT2_PROTOCOL,Exploratory development data; second development iteration informed by Pilot 1; not independent confirmation; never pooled with the confirmatory held-out estimate,m-recording_resolution-a5f502f6d0,acnet2_pyr_soma,recording_resolution,"{""sample_every_ms"": 0.05}",P00_canonical,last_isi,76.88999999993013,76.5899999999304,76.43999999993054,0.29999999999972715,0.14999999999986358,1.0,76.89999999993012,76.59999999993039,76.44999999993053,0.009999999999990905,0.009999999999990905,0.009999999999990905,0.03333333333333333,within_reference_discretization_error
neuron_model_behavioral_validation,Neuraxis,development_pilot,PILOT2_PROTOCOL,Exploratory development data; second development iteration informed by Pilot 1; not independent confirmation; never pooled with the confirmatory held-out estimate,m-recording_resolution-a5f502f6d0,acnet2_pyr_soma,recording_resolution,"{""sample_every_ms"": 0.05}",P00_canonical,mean_frequency,16.20909735590306,16.27074520014227,16.301911399123668,0.06164784423920722,0.031166198981399162,0.9840682308547355,16.20909735590306,16.270083384189448,16.301579215498624,0.0,0.0006618159528208878,0.00033218362504428,0.0,within_reference_discretization_error
neuron_model_behavioral_validation,Neuraxis,development_pilot,PILOT2_PROTOCOL,Exploratory development data; second development iteration informed by Pilot 1; not independent confirmation; never pooled with the confirmatory held-out estimate,m-recording_resolution-a5f502f6d0,acnet2_pyr_soma,recording_resolution,"{""sample_every_ms"": 0.05}",P00_canonical,spike_count,8.0,8.0,8.0,0.0,0.0,,8.0,8.0,8.0,0.0,0.0,0.0,,within_reference_discretization_error
neuron_model_behavioral_validation,Neuraxis,development_pilot,PILOT2_PROTOCOL,Exploratory development data; second development iteration informed by Pilot 1; not independent confirmation; never pooled with the confirmatory held-out estimate,m-recording_resolution-a5f502f6d0,acnet2_pyr_soma,recording_resolution,"{""sample_every_ms"": 0.05}",P02_weak_step,baseline_voltage,-67.60466311136881,-67.60463941446939,-67.60462742360433,2.369689941872366e-05,1.1990865061761724e-05,0.9827625610152337,-67.60466303253173,-67.60463925679524,-67.60462733968097,7.883707553446584e-08,1.5767415106893168e-07,8.392335359985736e-08,0.003326894128274613,within_reference_discretization_error
neuron_model_behavioral_validation,Neuraxis,development_pilot,PILOT2_PROTOCOL,Exploratory development data; second development iteration informed by Pilot 1; not independent confirmation; never pooled with the confirmatory held-out estimate,m-recording_resolution-a5f502f6d0,acnet2_pyr_soma,recording_resolution,"{""sample_every_ms"": 0.05}",P02_weak_step,spike_count,0.0,0.0,0.0,0.0,0.0,,0.0,0.0,0.0,0.0,0.0,0.0,,within_reference_discretization_error
neuron_model_behavioral_validation,Neuraxis,development_pilot,PILOT2_PROTOCOL,Exploratory development data; second development iteration informed by Pilot 1; not independent confirmation; never pooled with the confirmatory held-out estimate,m-recording_resolution-a5f502f6d0,acnet2_pyr_soma,recording_resolution,"{""sample_every_ms"": 0.05}",P02_weak_step,steady_state_voltage,-66.2136446029663,-66.2136438430786,-66.21364339752198,7.598876976544489e-07,4.455566227079544e-07,0.7701774356490991,-66.2136447906494,-66.21364400787354,-66.21364339752198,1.8768309928418603e-07,1.6479494036047981e-07,0.0,0.24698794290723336,within_reference_discretization_error
neuron_model_behavioral_validation,Neuraxis,development_pilot,PILOT2_PROTOCOL,Exploratory development data; second development iteration informed by Pilot 1; not independent confirmation; never pooled with the confirmatory held-out estimate,m-recording_resolution-a5f502f6d0,acnet2_pyr_soma,recording_resolution,"{""sample_every_ms"": 0.05}",P02_weak_step,voltage_deflection,1.3910185084025102,1.390995571390789,1.39098402608235,2.293701172106921e-05,1.154530843905377e-05,0.990370730461294,1.3910182418823354,1.3909952489216977,1.3909839421589965,2.6652017481865187e-07,3.224690914294115e-07,8.392335359985736e-08,0.011619655518326954,within_reference_discretization_error
neuron_model_behavioral_validation,Neuraxis,development_pilot,PILOT2_PROTOCOL,Exploratory development data; second development iteration informed by Pilot 1; not independent confirmation; never pooled with the confirmatory held-out estimate,m-recording_resolution-a5f502f6d0,acnet2_pyr_soma,recording_resolution,"{""sample_every_ms"": 0.05}",P03_rheobase,rheobase,0.007615600027320539,0.007615600027320539,0.007615600027320539,0.0,0.0,,0.007615600027320539,0.007615600027320539,0.007615600027320539,0.0,0.0,0.0,,within_reference_discretization_error
neuron_model_behavioral_validation,Neuraxis,development_pilot,PILOT2_PROTOCOL,Exploratory development data; second development iteration informed by Pilot 1; not independent confirmation; never pooled with the confirmatory held-out estimate,m-recording_resolution-a5f502f6d0,acnet2_pyr_soma,recording_resolution,"{""sample_every_ms"": 0.05}",P04_step_2x,adaptation_index,,,,,,,,,,,,,,no_change
neuron_model_behavioral_validation,Neuraxis,development_pilot,PILOT2_PROTOCOL,Exploratory development data; second development iteration informed by Pilot 1; not independent confirmation; never pooled with the confirmatory held-out estimate,m-recording_resolution-a5f502f6d0,acnet2_pyr_soma,recording_resolution,"{""sample_every_ms"": 0.05}",P04_step_2x,ahp_depth,-7.019535802205411,-7.016957875569673,-7.015665374755841,0.0025779266357375263,0.0012925008138324756,0.9960460182143244,-7.019505363463182,-7.01691988626996,-7.015665728250653,3.0438742228966476e-05,3.798929971310372e-05,3.5349481208868383e-07,0.011807450920828152,within_reference_discretization_error
neuron_model_behavioral_validation,Neuraxis,development_pilot,PILOT2_PROTOCOL,Exploratory development data; second development iteration informed by Pilot 1; not independent confirmation; never pooled with the confirmatory held-out estimate,m-recording_resolution-a5f502f6d0,acnet2_pyr_soma,recording_resolution,"{""sample_every_ms"": 0.05}",P04_step_2x,ap_amplitude,98.06893539575677,97.6356582663006,97.41579055911296,0.43327712945617236,0.21986770718763182,0.9786543603214684,98.1926910222083,97.48262403710606,97.09769973624101,0.12375562645152627,0.1530342291945317,0.3180908228719517,0.28562695337014005,within_reference_discretization_error
neuron_model_behavioral_validation,Neuraxis,development_pilot,PILOT2_PROTOCOL,Exploratory development data; second development iteration informed by Pilot 1; not independent confirmation; never pooled with the confirmatory held-out estimate,m-recording_resolution-a5f502f6d0,acnet2_pyr_soma,recording_resolution,"{""sample_every_ms"": 0.05}",P04_step_2x,ap_half_width,0.5699999999994816,0.5699999999994816,0.5799999999994725,0.0,0.009999999999990905,,0.5699999999994816,0.5699999999994816,0.5799999999994725,0.0,0.0,0.0,,within_reference_discretization_error
neuron_model_behavioral_validation,Neuraxis,development_pilot,PILOT2_PROTOCOL,Exploratory development data; second development iteration informed by Pilot 1; not independent confirmation; never pooled with the confirmatory held-out estimate,m-recording_resolution-a5f502f6d0,acnet2_pyr_soma,recording_resolution,"{""sample_every_ms"": 0.05}",P04_step_2x,burst_count,,,,,,,,,,,,,,no_change
neuron_model_behavioral_validation,Neuraxis,development_pilot,PILOT2_PROTOCOL,Exploratory development data; second development iteration informed by Pilot 1; not independent confirmation; never pooled with the confirmatory held-out estimate,m-recording_resolution-a5f502f6d0,acnet2_pyr_soma,recording_resolution,"{""sample_every_ms"": 0.05}",P04_step_2x,firing_regime,,,,,,,,,,,,,,no_change
neuron_model_behavioral_validation,Neuraxis,development_pilot,PILOT2_PROTOCOL,Exploratory development data; second development iteration informed by Pilot 1; not independent confirmation; never pooled with the confirmatory held-out estimate,m-recording_resolution-a5f502f6d0,acnet2_pyr_soma,recording_resolution,"{""sample_every_ms"": 0.05}",P04_step_2x,first_isi,451.11999999958977,450.1799999995906,449.70999999959105,0.9399999999991451,0.46999999999957254,1.0,451.14999999958974,450.1999999995906,449.69999999959106,0.029999999999972715,0.01999999999998181,0.009999999999990905,0.031914893617021274,within_reference_discretization_error
neuron_model_behavioral_validation,Neuraxis,development_pilot,PILOT2_PROTOCOL,Exploratory development data; second development iteration informed by Pilot 1; not independent confirmation; never pooled with the confirmatory held-out estimate,m-recording_resolution-a5f502f6d0,acnet2_pyr_soma,recording_resolution,"{""sample_every_ms"": 0.05}",P04_step_2x,first_spike_latency,25.40999999984905,25.359999999849094,25.32999999984912,0.049999999999954525,0.029999999999972715,0.7369655941662062,25.399999999849058,25.349999999849103,25.349999999849103,0.009999999999990905,0.009999999999990905,0.01999999999998181,0.2,within_reference_discretization_error
neuron_model_behavioral_validation,Neuraxis,development_pilot,PILOT2_PROTOCOL,Exploratory development data; second development iteration informed by Pilot 1; not independent confirmation; never pooled with the confirmatory held-out estimate,m-recording_resolution-a5f502f6d0,acnet2_pyr_soma,recording_resolution,"{""sample_every_ms"": 0.05}",P04_step_2x,last_isi,451.11999999958977,450.1799999995906,449.70999999959105,0.9399999999991451,0.46999999999957254,1.0,451.14999999958974,450.1999999995906,449.69999999959106,0.029999999999972715,0.01999999999998181,0.009999999999990905,0.031914893617021274,within_reference_discretization_error
neuron_model_behavioral_validation,Neuraxis,development_pilot,PILOT2_PROTOCOL,Exploratory development data; second development iteration informed by Pilot 1; not independent confirmation; never pooled with the confirmatory held-out estimate,m-recording_resolution-a5f502f6d0,acnet2_pyr_soma,recording_resolution,"{""sample_every_ms"": 0.05}",P04_step_2x,mean_frequency,4.197007533633466,4.2057450477401614,4.210171775013382,0.008737514106695876,0.0044267272732207985,0.9809823867183302,4.196831392303757,4.205656608142901,4.210083149147157,0.00017614132970855678,8.843959726068107e-05,8.862586622537805e-05,0.020159204043352932,within_reference_discretization_error
neuron_model_behavioral_validation,Neuraxis,development_pilot,PILOT2_PROTOCOL,Exploratory development data; second development iteration informed by Pilot 1; not independent confirmation; never pooled with the confirmatory held-out estimate,m-recording_resolution-a5f502f6d0,acnet2_pyr_soma,recording_resolution,"{""sample_every_ms"": 0.05}",P04_step_2x,spike_count,2.0,2.0,2.0,0.0,0.0,,2.0,2.0,2.0,0.0,0.0,0.0,,within_reference_discretization_error
neuron_model_behavioral_validation,Neuraxis,development_pilot,PILOT2_PROTOCOL,Exploratory development data; second development iteration informed by Pilot 1; not independent confirmation; never pooled with the confirmatory held-out estimate,m-recording_resolution-a5f502f6d0,acnet2_pyr_soma,recording_resolution,"{""sample_every_ms"": 0.05}",P05_long_step,adaptation_index,-8.519410542851502e-06,-8.532786352377084e-06,8.556948537842032e-13,1.3375809525581795e-08,8.532787208071938e-06,-9.317247051705044,9.365749878752746e-13,4.2663937057473514e-05,8.55321127521342e-13,8.51941147942649e-06,5.11967234098506e-05,3.737262628612022e-16,636.9267940854539,exceeds_reference_discretization_error
neuron_model_behavioral_validation,Neuraxis,development_pilot,PILOT2_PROTOCOL,Exploratory development data; second development iteration informed by Pilot 1; not independent confirmation; never pooled with the confirmatory held-out estimate,m-recording_resolution-a5f502f6d0,acnet2_pyr_soma,recording_resolution,"{""sample_every_ms"": 0.05}",P05_long_step,ahp_depth,-7.059071324666348,-7.056752797444673,-7.055582323710112,0.0023185272216750263,0.0011704737345610283,0.9861161046729705,-7.05907140350287,-7.056737696329407,-7.055574961343552,7.883652131113195e-08,1.5101115266702436e-05,7.36236655995981e-06,3.400284481205111e-05,within_reference_discretization_error
neuron_model_behavioral_validation,Neuraxis,development_pilot,PILOT2_PROTOCOL,Exploratory development data; second development iteration informed by Pilot 1; not independent confirmation; never pooled with the confirmatory held-out estimate,m-recording_resolution-a5f502f6d0,acnet2_pyr_soma,recording_resolution,"{""sample_every_ms"": 0.05}",P05_long_step,ap_amplitude,98.06814575218911,97.55448913585151,97.28872299264353,0.5136566163375988,0.2657661432079834,0.9506469013541774,97.34052273482202,97.35592649099351,97.13733596582475,0.7276230173670939,0.19856264485800068,0.15138702681878158,1.4165553294243298,within_reference_discretization_error
neuron_model_behavioral_validation,Neuraxis,development_pilot,PILOT2_PROTOCOL,Exploratory development data; second development iteration informed by Pilot 1; not independent confirmation; never pooled with the confirmatory held-out estimate,m-recording_resolution-a5f502f6d0,acnet2_pyr_soma,recording_resolution,"{""sample_every_ms"": 0.05}",P05_long_step,ap_half_width,0.5699999999994816,0.5799999999994725,0.5799999999994725,0.009999999999990905,0.0,,0.5699999999994816,0.5799999999994725,0.5799999999994725,0.0,0.0,0.0,0.0,within_reference_discretization_error
neuron_model_behavioral_validation,Neuraxis,development_pilot,PILOT2_PROTOCOL,Exploratory development data; second development iteration informed by Pilot 1; not independent confirmation; never pooled with the confirmatory held-out estimate,m-recording_resolution-a5f502f6d0,acnet2_pyr_soma,recording_resolution,"{""sample_every_ms"": 0.05}",P05_long_step,burst_count,1.0,1.0,1.0,0.0,0.0,,1.0,1.0,1.0,0.0,0.0,0.0,,within_reference_discretization_error
neuron_model_behavioral_validation,Neuraxis,development_pilot,PILOT2_PROTOCOL,Exploratory development data; second development iteration informed by Pilot 1; not independent confirmation; never pooled with the confirmatory held-out estimate,m-recording_resolution-a5f502f6d0,acnet2_pyr_soma,recording_resolution,"{""sample_every_ms"": 0.05}",P05_long_step,firing_regime,,,,,,,,,,,,,,no_change
neuron_model_behavioral_validation,Neuraxis,development_pilot,PILOT2_PROTOCOL,Exploratory development data; second development iteration informed by Pilot 1; not independent confirmation; never pooled with the confirmatory held-out estimate,m-recording_resolution-a5f502f6d0,acnet2_pyr_soma,recording_resolution,"{""sample_every_ms"": 0.05}",P05_long_step,first_isi,585.3699999994676,584.4299999994685,583.9699999994689,0.9399999999991451,0.45999999999958163,1.0310268956206246,585.3999999994676,584.4499999994684,583.9499999994689,0.029999999999972715,0.01999999999998181,0.01999999999998181,0.031914893617021274,within_reference_discretization_error
neuron_model_behavioral_validation,Neuraxis,development_pilot,PILOT2_PROTOCOL,Exploratory development data; second development iteration informed by Pilot 1; not independent confirmation; never pooled with the confirmatory held-out estimate,m-recording_resolution-a5f502f6d0,acnet2_pyr_soma,recording_resolution,"{""sample_every_ms"": 0.05}",P05_long_step,first_spike_latency,37.16999999983835,37.10999999983841,37.079999999838435,0.05999999999994543,0.029999999999972715,1.0,37.14999999983837,37.09999999983842,37.09999999983842,0.01999999999998181,0.009999999999990905,0.01999999999998181,0.3333333333333333,within_reference_discretization_error
neuron_model_behavioral_validation,Neuraxis,development_pilot,PILOT2_PROTOCOL,Exploratory development data; second development iteration informed by Pilot 1; not independent confirmation; never pooled with the confirmatory held-out estimate,m-recording_resolution-a5f502f6d0,acnet2_pyr_soma,recording_resolution,"{""sample_every_ms"": 0.05}",P05_long_step,last_isi,586.8900000005651,585.9700000005014,585.5100000004695,0.9200000000637374,0.4600000000318687,1.0,586.9000000005656,586.0000000005016,585.5000000004691,0.010000000000445652,0.03000000000020009,0.010000000000445652,0.010869565217122668,within_reference_discretization_error
neuron_model_behavioral_validation,Neuraxis,development_pilot,PILOT2_PROTOCOL,Exploratory development data; second development iteration informed by Pilot 1; not independent confirmation; never pooled with the confirmatory held-out estimate,m-recording_resolution-a5f502f6d0,acnet2_pyr_soma,recording_resolution,"{""sample_every_ms"": 0.05}",P05_long_step,mean_frequency,2.2267623432228354,2.2302884320523764,2.2320556674692877,0.0035260888295409742,0.0017672354169113724,0.9965745826768683,2.226737551146199,2.230275996655487,2.2320805781098114,2.479207663652616e-05,1.2435396889554085e-05,2.491064052367875e-05,0.007031041427210326,within_reference_discretization_error
neuron_model_behavioral_validation,Neuraxis,development_pilot,PILOT2_PROTOCOL,Exploratory development data; second development iteration informed by Pilot 1; not independent confirmation; never pooled with the confirmatory held-out estimate,m-recording_resolution-a5f502f6d0,acnet2_pyr_soma,recording_resolution,"{""sample_every_ms"": 0.05}",P05_long_step,spike_count,4.0,4.0,4.0,0.0,0.0,,4.0,4.0,4.0,0.0,0.0,0.0,,within_reference_discretization_error
neuron_model_behavioral_validation,Neuraxis,development_pilot,PILOT2_PROTOCOL,Exploratory development data; second development iteration informed by Pilot 1; not independent confirmation; never pooled with the confirmatory held-out estimate,m-recording_resolution-a5f502f6d0,acnet2_pyr_soma,recording_resolution,"{""sample_every_ms"": 0.05}",P06_ramp,firing_regime,,,,,,,,,,,,,,no_change
neuron_model_behavioral_validation,Neuraxis,development_pilot,PILOT2_PROTOCOL,Exploratory development data; second development iteration informed by Pilot 1; not independent confirmation; never pooled with the confirmatory held-out estimate,m-recording_resolution-a5f502f6d0,acnet2_pyr_soma,recording_resolution,"{""sample_every_ms"": 0.05}",P06_ramp,first_spike_latency,501.13999999941643,501.0599999994165,501.01999999941654,0.07999999999992724,0.03999999999996362,1.0,501.1499999994164,501.0499999994165,500.99999999941656,0.009999999999990905,0.009999999999990905,0.01999999999998181,0.125,within_reference_discretization_error
neuron_model_behavioral_validation,Neuraxis,development_pilot,PILOT2_PROTOCOL,Exploratory development data; second development iteration informed by Pilot 1; not independent confirmation; never pooled with the confirmatory held-out estimate,m-recording_resolution-a5f502f6d0,acnet2_pyr_soma,recording_resolution,"{""sample_every_ms"": 0.05}",P06_ramp,mean_frequency,2.240017920145719,2.2421273304134544,2.243183526062546,0.0021094102677352566,0.0010561956490917623,0.9979626145416554,2.240017920145719,2.2421524663700736,2.2431583669830704,0.0,2.513595661923773e-05,2.515907947575613e-05,0.0,within_reference_discretization_error
neuron_model_behavioral_validation,Neuraxis,development_pilot,PILOT2_PROTOCOL,Exploratory development data; second development iteration informed by Pilot 1; not independent confirmation; never pooled with the confirmatory held-out estimate,m-recording_resolution-a5f502f6d0,acnet2_pyr_soma,recording_resolution,"{""sample_every_ms"": 0.05}",P06_ramp,spike_count,2.0,2.0,2.0,0.0,0.0,,2.0,2.0,2.0,0.0,0.0,0.0,,within_reference_discretization_error
neuron_model_behavioral_validation,Neuraxis,development_pilot,PILOT2_PROTOCOL,Exploratory development data; second development iteration informed by Pilot 1; not independent confirmation; never pooled with the confirmatory held-out estimate,m-recording_resolution-a5f502f6d0,acnet2_pyr_soma,recording_resolution,"{""sample_every_ms"": 0.05}",P07_hyperpolarizing_step,baseline_voltage,-67.60466311136881,-67.60463941446939,-67.60462755839029,2.369689941872366e-05,1.1856079098038208e-05,0.9990713266922179,-67.60466303253173,-67.60463925679524,-67.6046277440389,7.883707553446584e-08,1.5767415106893168e-07,1.8564860226888413e-07,0.003326894128274613,within_reference_discretization_error
neuron_model_behavioral_validation,Neuraxis,development_pilot,PILOT2_PROTOCOL,Exploratory development data; second development iteration informed by Pilot 1; not independent confirmation; never pooled with the confirmatory held-out estimate,m-recording_resolution-a5f502f6d0,acnet2_pyr_soma,recording_resolution,"{""sample_every_ms"": 0.05}",P07_hyperpolarizing_step,minimum_voltage,-71.07988739013672,-71.0798568725586,-71.07984924316406,3.0517578125e-05,7.62939453125e-06,2.0,-71.07988739013672,-71.0798568725586,-71.07984924316406,0.0,0.0,0.0,0.0,within_reference_discretization_error
neuron_model_behavioral_validation,Neuraxis,development_pilot,PILOT2_PROTOCOL,Exploratory development data; second development iteration informed by Pilot 1; not independent confirmation; never pooled with the confirmatory held-out estimate,m-recording_resolution-a5f502f6d0,acnet2_pyr_soma,recording_resolution,"{""sample_every_ms"": 0.05}",P07_hyperpolarizing_step,sag_ratio,0.07644029205149086,0.07643158331354749,0.07642926468956382,8.708737943369238e-06,2.3186239836714417e-06,1.9091947869322314,0.07644040272022758,0.07643163297376879,0.07642925516117409,1.1066873671639055e-07,4.9660221296266016e-08,9.528389730006914e-09,0.012707781246380575,within_reference_discretization_error
neuron_model_behavioral_validation,Neuraxis,development_pilot,PILOT2_PROTOCOL,Exploratory development data; second development iteration informed by Pilot 1; not independent confirmation; never pooled with the confirmatory held-out estimate,m-recording_resolution-a5f502f6d0,acnet2_pyr_soma,recording_resolution,"{""sample_every_ms"": 0.05}",P07_hyperpolarizing_step,spike_count,0.0,0.0,0.0,0.0,0.0,,0.0,0.0,0.0,0.0,0.0,0.0,,within_reference_discretization_error
neuron_model_behavioral_validation,Neuraxis,development_pilot,PILOT2_PROTOCOL,Exploratory development data; second development iteration informed by Pilot 1; not independent confirmation; never pooled with the confirmatory held-out estimate,m-recording_resolution-a5f502f6d0,acnet2_pyr_soma,recording_resolution,"{""sample_every_ms"": 0.05}",P07_hyperpolarizing_step,steady_state_voltage,-70.81424023132327,-70.81424049987795,-70.81424060516358,2.685546860448085e-07,1.0528562199851876e-07,1.3509074628004762,-70.81423984069825,-70.8142403152466,-70.81424065246583,3.906250185536919e-07,1.8463136086666054e-07,4.730225100502139e-08,1.4545455315142628,within_reference_discretization_error
neuron_model_behavioral_validation,Neuraxis,development_pilot,PILOT2_PROTOCOL,Exploratory development data; second development iteration informed by Pilot 1; not independent confirmation; never pooled with the confirmatory held-out estimate,m-recording_resolution-a5f502f6d0,acnet2_pyr_soma,recording_resolution,"{""sample_every_ms"": 0.05}",P07_hyperpolarizing_step,voltage_deflection,-3.20957711995446,-3.209601085408565,-3.209613046773285,2.396545410476847e-05,1.1961364720036727e-05,1.0025742750578859,-3.209576808166517,-3.209601058451355,-3.2096129084269336,3.117879430192261e-07,2.6957209797728865e-08,1.3834635126386274e-07,0.013009890889452782,within_reference_discretization_error
neuron_model_behavioral_validation,Neuraxis,development_pilot,PILOT2_PROTOCOL,Exploratory development data; second development iteration informed by Pilot 1; not independent confirmation; never pooled with the confirmatory held-out estimate,m-recording_resolution-a5f502f6d0,acnet2_pyr_soma,recording_resolution,"{""sample_every_ms"": 0.05}",P08_rebound,firing_regime,,,,,,,,,,,,,,no_change
neuron_model_behavioral_validation,Neuraxis,development_pilot,PILOT2_PROTOCOL,Exploratory development data; second development iteration informed by Pilot 1; not independent confirmation; never pooled with the confirmatory held-out estimate,m-recording_resolution-a5f502f6d0,acnet2_pyr_soma,recording_resolution,"{""sample_every_ms"": 0.05}",P08_rebound,first_spike_latency,,,,,,,,,,,,,,no_change
neuron_model_behavioral_validation,Neuraxis,development_pilot,PILOT2_PROTOCOL,Exploratory development data; second development iteration informed by Pilot 1; not independent confirmation; never pooled with the confirmatory held-out estimate,m-recording_resolution-a5f502f6d0,acnet2_pyr_soma,recording_resolution,"{""sample_every_ms"": 0.05}",P08_rebound,maximum_voltage,-66.67127990722656,-66.67135620117188,-66.67139434814453,7.62939453125e-05,3.814697265625e-05,1.0,-66.67127990722656,-66.67135620117188,-66.67139434814453,0.0,0.0,0.0,0.0,within_reference_discretization_error
neuron_model_behavioral_validation,Neuraxis,development_pilot,PILOT2_PROTOCOL,Exploratory development data; second development iteration informed by Pilot 1; not independent confirmation; never pooled with the confirmatory held-out estimate,m-recording_resolution-a5f502f6d0,acnet2_pyr_soma,recording_resolution,"{""sample_every_ms"": 0.05}",P08_rebound,spike_count,0.0,0.0,0.0,0.0,0.0,,0.0,0.0,0.0,0.0,0.0,0.0,,within_reference_discretization_error
neuron_model_behavioral_validation,Neuraxis,development_pilot,PILOT2_PROTOCOL,Exploratory development data; second development iteration informed by Pilot 1; not independent confirmation; never pooled with the confirmatory held-out estimate,m-recording_resolution-a5f502f6d0,acnet2_pyr_soma,recording_resolution,"{""sample_every_ms"": 0.05}",P09_short_pulse,ahp_depth,,,,,,,,,,,,,,no_change
neuron_model_behavioral_validation,Neuraxis,development_pilot,PILOT2_PROTOCOL,Exploratory development data; second development iteration informed by Pilot 1; not independent confirmation; never pooled with the confirmatory held-out estimate,m-recording_resolution-a5f502f6d0,acnet2_pyr_soma,recording_resolution,"{""sample_every_ms"": 0.05}",P09_short_pulse,ap_amplitude,,,,,,,,,,,,,,no_change
neuron_model_behavioral_validation,Neuraxis,development_pilot,PILOT2_PROTOCOL,Exploratory development data; second development iteration informed by Pilot 1; not independent confirmation; never pooled with the confirmatory held-out estimate,m-recording_resolution-a5f502f6d0,acnet2_pyr_soma,recording_resolution,"{""sample_every_ms"": 0.05}",P09_short_pulse,ap_half_width,,,,,,,,,,,,,,no_change
neuron_model_behavioral_validation,Neuraxis,development_pilot,PILOT2_PROTOCOL,Exploratory development data; second development iteration informed by Pilot 1; not independent confirmation; never pooled with the confirmatory held-out estimate,m-recording_resolution-a5f502f6d0,acnet2_pyr_soma,recording_resolution,"{""sample_every_ms"": 0.05}",P09_short_pulse,first_spike_latency,,,,,,,,,,,,,,no_change
neuron_model_behavioral_validation,Neuraxis,development_pilot,PILOT2_PROTOCOL,Exploratory development data; second development iteration informed by Pilot 1; not independent confirmation; never pooled with the confirmatory held-out estimate,m-recording_resolution-a5f502f6d0,acnet2_pyr_soma,recording_resolution,"{""sample_every_ms"": 0.05}",P09_short_pulse,spike_count,0.0,0.0,0.0,0.0,0.0,,0.0,0.0,0.0,0.0,0.0,0.0,,within_reference_discretization_error
neuron_model_behavioral_validation,Neuraxis,development_pilot,PILOT2_PROTOCOL,Exploratory development data; second development iteration informed by Pilot 1; not independent confirmation; never pooled with the confirmatory held-out estimate,m-increase_dt-86f7c3d69e,migliore2014_mt_soma,increase_dt,"{""dt_factor"": 4}",P00_canonical,adaptation_index,,,,,,,,,,,,,,no_change
neuron_model_behavioral_validation,Neuraxis,development_pilot,PILOT2_PROTOCOL,Exploratory development data; second development iteration informed by Pilot 1; not independent confirmation; never pooled with the confirmatory held-out estimate,m-increase_dt-86f7c3d69e,migliore2014_mt_soma,increase_dt,"{""dt_factor"": 4}",P00_canonical,ahp_depth,-12.39068603515625,-12.354972194083288,-12.337360021486802,0.03571384107296183,0.017612172596486175,1.0199104184756589,-12.619140624999986,-12.464324951171875,-12.39068603515625,0.2284545898437358,0.10935275708858683,0.053326013669448,6.3968081556115175,exceeds_reference_discretization_error
neuron_model_behavioral_validation,Neuraxis,development_pilot,PILOT2_PROTOCOL,Exploratory development data; second development iteration informed by Pilot 1; not independent confirmation; never pooled with the confirmatory held-out estimate,m-increase_dt-86f7c3d69e,migliore2014_mt_soma,increase_dt,"{""dt_factor"": 4}",P00_canonical,ap_amplitude,84.54416275022575,84.60015106199378,84.67765426633946,0.05598831176803287,0.0775032043456747,-0.4691302806933956,84.24338150022413,84.5248413085751,84.54416275022575,0.30078125000162004,0.07530975341867929,0.13349151611370758,5.372215030304849,exceeds_reference_discretization_error
neuron_model_behavioral_validation,Neuraxis,development_pilot,PILOT2_PROTOCOL,Exploratory development data; second development iteration informed by Pilot 1; not independent confirmation; never pooled with the confirmatory held-out estimate,m-increase_dt-86f7c3d69e,migliore2014_mt_soma,increase_dt,"{""dt_factor"": 4}",P00_canonical,ap_half_width,3.849999999999234,3.849999999999234,3.86999999999923,0.0,0.01999999999999602,,3.799999999999244,3.829999999999238,3.849999999999234,0.04999999999999005,0.01999999999999602,0.01999999999999602,,exceeds_reference_discretization_error
neuron_model_behavioral_validation,Neuraxis,development_pilot,PILOT2_PROTOCOL,Exploratory development data; second development iteration informed by Pilot 1; not independent confirmation; never pooled with the confirmatory held-out estimate,m-increase_dt-86f7c3d69e,migliore2014_mt_soma,increase_dt,"{""dt_factor"": 4}",P00_canonical,baseline_voltage,-64.9999771118164,-64.99992435132687,-64.99995076952882,5.2760489538172806e-05,2.641820195492528e-05,0.9979256718101562,-64.9999771118164,-64.9999771118164,-64.9999771118164,0.0,5.2760489538172806e-05,2.6342287583247526e-05,0.0,within_reference_discretization_error
neuron_model_behavioral_validation,Neuraxis,development_pilot,PILOT2_PROTOCOL,Exploratory development data; second development iteration informed by Pilot 1; not independent confirmation; never pooled with the confirmatory held-out estimate,m-increase_dt-86f7c3d69e,migliore2014_mt_soma,increase_dt,"{""dt_factor"": 4}",P00_canonical,firing_regime,,,,,,,,,,,,,,no_change
neuron_model_behavioral_validation,Neuraxis,development_pilot,PILOT2_PROTOCOL,Exploratory development data; second development iteration informed by Pilot 1; not independent confirmation; never pooled with the confirmatory held-out estimate,m-increase_dt-86f7c3d69e,migliore2014_mt_soma,increase_dt,"{""dt_factor"": 4}",P00_canonical,first_isi,,,,,,,,,,,,,,no_change
neuron_model_behavioral_validation,Neuraxis,development_pilot,PILOT2_PROTOCOL,Exploratory development data; second development iteration informed by Pilot 1; not independent confirmation; never pooled with the confirmatory held-out estimate,m-increase_dt-86f7c3d69e,migliore2014_mt_soma,increase_dt,"{""dt_factor"": 4}",P00_canonical,first_spike_latency,15.58000000000149,15.520000000001502,15.500000000001506,0.05999999999998806,0.01999999999999602,1.584962500721156,15.88000000000143,15.68000000000147,15.58000000000149,0.2999999999999403,0.15999999999996817,0.07999999999998408,5.0,exceeds_reference_discretization_error
neuron_model_behavioral_validation,Neuraxis,development_pilot,PILOT2_PROTOCOL,Exploratory development data; second development iteration informed by Pilot 1; not independent confirmation; never pooled with the confirmatory held-out estimate,m-increase_dt-86f7c3d69e,migliore2014_mt_soma,increase_dt,"{""dt_factor"": 4}",P00_canonical,last_isi,,,,,,,,,,,,,,no_change
neuron_model_behavioral_validation,Neuraxis,development_pilot,PILOT2_PROTOCOL,Exploratory development data; second development iteration informed by Pilot 1; not independent confirmation; never pooled with the confirmatory held-out estimate,m-increase_dt-86f7c3d69e,migliore2014_mt_soma,increase_dt,"{""dt_factor"": 4}",P00_canonical,mean_frequency,,,,,,,,,,,,,,no_change
neuron_model_behavioral_validation,Neuraxis,development_pilot,PILOT2_PROTOCOL,Exploratory development data; second development iteration informed by Pilot 1; not independent confirmation; never pooled with the confirmatory held-out estimate,m-increase_dt-86f7c3d69e,migliore2014_mt_soma,increase_dt,"{""dt_factor"": 4}",P00_canonical,spike_count,1.0,1.0,1.0,0.0,0.0,,1.0,1.0,1.0,0.0,0.0,0.0,,within_reference_discretization_error
neuron_model_behavioral_validation,Neuraxis,development_pilot,PILOT2_PROTOCOL,Exploratory development data; second development iteration informed by Pilot 1; not independent confirmation; never pooled with the confirmatory held-out estimate,m-increase_dt-86f7c3d69e,migliore2014_mt_soma,increase_dt,"{""dt_factor"": 4}",P02_weak_step,baseline_voltage,-64.9999771118164,-64.9999771118164,-64.99997692871095,0.0,1.83105456130761e-07,,-64.99997274398808,-64.9999756571452,-64.9999771118164,4.367828324802758e-06,1.4546712066021428e-06,1.83105456130761e-07,,exceeds_reference_discretization_error
neuron_model_behavioral_validation,Neuraxis,development_pilot,PILOT2_PROTOCOL,Exploratory development data; second development iteration informed by Pilot 1; not independent confirmation; never pooled with the confirmatory held-out estimate,m-increase_dt-86f7c3d69e,migliore2014_mt_soma,increase_dt,"{""dt_factor"": 4}",P02_weak_step,spike_count,0.0,0.0,0.0,0.0,0.0,,0.0,0.0,0.0,0.0,0.0,0.0,,within_reference_discretization_error
neuron_model_behavioral_validation,Neuraxis,development_pilot,PILOT2_PROTOCOL,Exploratory development data; second development iteration informed by Pilot 1; not independent confirmation; never pooled with the confirmatory held-out estimate,m-increase_dt-86f7c3d69e,migliore2014_mt_soma,increase_dt,"{""dt_factor"": 4}",P02_weak_step,steady_state_voltage,-58.44957622985835,-58.449576139068554,-58.449575885009764,9.078979701371281e-08,2.5405879000572895e-07,-1.4845602986044335,-58.44957629203787,-58.449574842071534,-58.44957622985835,6.217951664666543e-08,1.2969970200060743e-06,3.4484858701944177e-07,0.6848733964816982,within_reference_discretization_error
neuron_model_behavioral_validation,Neuraxis,development_pilot,PILOT2_PROTOCOL,Exploratory development data; second development iteration informed by Pilot 1; not independent confirmation; never pooled with the confirmatory held-out estimate,m-increase_dt-86f7c3d69e,migliore2014_mt_soma,increase_dt,"{""dt_factor"": 4}",P02_weak_step,voltage_deflection,6.550400881958055,6.550400972747852,6.550401043701186,9.078979701371281e-08,7.095333387496794e-08,0.35565970249713186,6.550396451950213,6.550400815073665,6.550400881958055,4.430007841449424e-06,1.5767418659606847e-07,1.6174313088868075e-07,48.794115497144674,exceeds_reference_discretization_error
neuron_model_behavioral_validation,Neuraxis,development_pilot,PILOT2_PROTOCOL,Exploratory development data; second development iteration informed by Pilot 1; not independent confirmation; never pooled with the confirmatory held-out estimate,m-increase_dt-86f7c3d69e,migliore2014_mt_soma,increase_dt,"{""dt_factor"": 4}",P03_rheobase,rheobase,0.024690936411447307,0.024690936411447307,0.024690936411447307,0.0,0.0,,0.024690936411447307,0.024690936411447307,0.024690936411447307,0.0,0.0,0.0,,within_reference_discretization_error
neuron_model_behavioral_validation,Neuraxis,development_pilot,PILOT2_PROTOCOL,Exploratory development data; second development iteration informed by Pilot 1; not independent confirmation; never pooled with the confirmatory held-out estimate,m-increase_dt-86f7c3d69e,migliore2014_mt_soma,increase_dt,"{""dt_factor"": 4}",P04_step_2x,adaptation_index,0.0076978106032479145,0.007682093803921673,0.007698809338994023,1.57167993262413e-05,1.6715535072349755e-05,-0.0888820895841718,0.007742942230932054,0.0077125260533110985,0.0076978106032479145,4.513162768413938e-05,3.0432249389425285e-05,9.987357461084534e-07,2.8715533453930457,within_reference_discretization_error
neuron_model_behavioral_validation,Neuraxis,development_pilot,PILOT2_PROTOCOL,Exploratory development data; second development iteration informed by Pilot 1; not independent confirmation; never pooled with the confirmatory held-out estimate,m-increase_dt-86f7c3d69e,migliore2014_mt_soma,increase_dt,"{""dt_factor"": 4}",P04_step_2x,ahp_depth,-13.209152221679446,-13.192115783691406,-13.183663144429445,0.017036437988039665,0.008452639261960826,1.0111499399417012,-13.314997016905565,-13.243780235290089,-13.209152221679446,0.105844795226119,0.051664451598682604,0.02548907725000049,6.212847738501836,exceeds_reference_discretization_error
neuron_model_behavioral_validation,Neuraxis,development_pilot,PILOT2_PROTOCOL,Exploratory development data; second development iteration informed by Pilot 1; not independent confirmation; never pooled with the confirmatory held-out estimate,m-increase_dt-86f7c3d69e,migliore2014_mt_soma,increase_dt,"{""dt_factor"": 4}",P04_step_2x,ap_amplitude,84.44722366475656,84.47930145405832,84.4825592055659,0.03207778930175209,0.003257751507590001,3.2996262509831236,84.33855819837501,84.38025665427429,84.44722366475656,0.10866546638155228,0.09904479978402492,0.03533554080934209,3.3875609493955046,exceeds_reference_discretization_error
neuron_model_behavioral_validation,Neuraxis,development_pilot,PILOT2_PROTOCOL,Exploratory development data; second development iteration informed by Pilot 1; not independent confirmation; never pooled with the confirmatory held-out estimate,m-increase_dt-86f7c3d69e,migliore2014_mt_soma,increase_dt,"{""dt_factor"": 4}",P04_step_2x,ap_half_width,3.8399999999965075,3.8499999999964984,3.8499999999964984,0.009999999999990905,0.0,,3.8199999999965257,3.8299999999965166,3.8399999999965075,0.01999999999998181,0.01999999999998181,0.009999999999990905,2.0,within_reference_discretization_error
neuron_model_behavioral_validation,Neuraxis,development_pilot,PILOT2_PROTOCOL,Exploratory development data; second development iteration informed by Pilot 1; not independent confirmation; never pooled with the confirmatory held-out estimate,m-increase_dt-86f7c3d69e,migliore2014_mt_soma,increase_dt,"{""dt_factor"": 4}",P04_step_2x,burst_count,1.0,1.0,1.0,0.0,0.0,,1.0,1.0,1.0,0.0,0.0,0.0,,within_reference_discretization_error
neuron_model_behavioral_validation,Neuraxis,development_pilot,PILOT2_PROTOCOL,Exploratory development data; second development iteration informed by Pilot 1; not independent confirmation; never pooled with the confirmatory held-out estimate,m-increase_dt-86f7c3d69e,migliore2014_mt_soma,increase_dt,"{""dt_factor"": 4}",P04_step_2x,firing_regime,,,,,,,,,,,,,,no_change
neuron_model_behavioral_validation,Neuraxis,development_pilot,PILOT2_PROTOCOL,Exploratory development data; second development iteration informed by Pilot 1; not independent confirmation; never pooled with the confirmatory held-out estimate,m-increase_dt-86f7c3d69e,migliore2014_mt_soma,increase_dt,"{""dt_factor"": 4}",P04_step_2x,first_isi,73.12999999993349,73.12999999993349,73.12999999993349,0.0,0.0,,73.13999999993348,73.12999999993349,73.12999999993349,0.009999999999990905,0.0,0.0,,exceeds_reference_discretization_error
neuron_model_behavioral_validation,Neuraxis,development_pilot,PILOT2_PROTOCOL,Exploratory development data; second development iteration informed by Pilot 1; not independent confirmation; never pooled with the confirmatory held-out estimate,m-increase_dt-86f7c3d69e,migliore2014_mt_soma,increase_dt,"{""dt_factor"": 4}",P04_step_2x,first_spike_latency,19.199999999854697,19.169999999854724,19.159999999854733,0.029999999999972715,0.009999999999990905,1.584962500721156,19.33999999985457,19.24999999985465,19.199999999854697,0.13999999999987267,0.07999999999992724,0.03999999999996362,4.666666666666667,exceeds_reference_discretization_error
neuron_model_behavioral_validation,Neuraxis,development_pilot,PILOT2_PROTOCOL,Exploratory development data; second development iteration informed by Pilot 1; not independent confirmation; never pooled with the confirmatory held-out estimate,m-increase_dt-86f7c3d69e,migliore2014_mt_soma,increase_dt,"{""dt_factor"": 4}",P04_step_2x,last_isi,79.52999999992767,79.51999999992768,79.51999999992768,0.009999999999990905,0.0,,79.57999999992762,79.54999999992765,79.52999999992767,0.049999999999954525,0.029999999999972715,0.009999999999990905,5.0,exceeds_reference_discretization_error
neuron_model_behavioral_validation,Neuraxis,development_pilot,PILOT2_PROTOCOL,Exploratory development data; second development iteration informed by Pilot 1; not independent confirmation; never pooled with the confirmatory held-out estimate,m-increase_dt-86f7c3d69e,migliore2014_mt_soma,increase_dt,"{""dt_factor"": 4}",P04_step_2x,mean_frequency,14.612558450250988,14.614694030958587,14.61560947093213,0.00213558070759845,0.0009154399735429308,1.2220912261050982,14.60219450124793,14.60889890643675,14.612558450250988,0.010363949003059147,0.0057951245218372804,0.003051020681141381,4.85298868180629,exceeds_reference_discretization_error
neuron_model_behavioral_validation,Neuraxis,development_pilot,PILOT2_PROTOCOL,Exploratory development data; second development iteration informed by Pilot 1; not independent confirmation; never pooled with the confirmatory held-out estimate,m-increase_dt-86f7c3d69e,migliore2014_mt_soma,increase_dt,"{""dt_factor"": 4}",P04_step_2x,spike_count,7.0,7.0,7.0,0.0,0.0,,7.0,7.0,7.0,0.0,0.0,0.0,,within_reference_discretization_error
neuron_model_behavioral_validation,Neuraxis,development_pilot,PILOT2_PROTOCOL,Exploratory development data; second development iteration informed by Pilot 1; not independent confirmation; never pooled with the confirmatory held-out estimate,m-increase_dt-86f7c3d69e,migliore2014_mt_soma,increase_dt,"{""dt_factor"": 4}",P05_long_step,adaptation_index,0.005414466597953451,0.0054122174080685195,0.005406668105859248,2.2491898849317377e-06,5.549302209271155e-06,-1.3029009089010501,0.005445625006049953,0.00542780717722774,0.005414466597953451,3.1158408096501784e-05,1.558976915922057e-05,7.798492094202893e-06,13.853169225615398,exceeds_reference_discretization_error
neuron_model_behavioral_validation,Neuraxis,development_pilot,PILOT2_PROTOCOL,Exploratory development data; second development iteration informed by Pilot 1; not independent confirmation; never pooled with the confirmatory held-out estimate,m-increase_dt-86f7c3d69e,migliore2014_mt_soma,increase_dt,"{""dt_factor"": 4}",P05_long_step,ahp_depth,-14.216171264648949,-14.199851989746094,-14.19175011952916,0.01631927490285534,0.008101870216933094,1.0102500770537206,-14.317456947325852,-14.249340609232021,-14.216171264648949,0.10128568267690241,0.04948861948592764,0.024421145119788434,6.206506311084981,exceeds_reference_discretization_error
neuron_model_behavioral_validation,Neuraxis,development_pilot,PILOT2_PROTOCOL,Exploratory development data; second development iteration informed by Pilot 1; not independent confirmation; never pooled with the confirmatory held-out estimate,m-increase_dt-86f7c3d69e,migliore2014_mt_soma,increase_dt,"{""dt_factor"": 4}",P05_long_step,ap_amplitude,84.2643203750593,84.2574310317606,84.24109649813172,0.006889343298695394,0.01633453362887849,-1.2454868896388218,84.0873794570705,84.17582702786179,84.2643203750593,0.17694091798880152,0.08160400389881772,0.023223876927573883,25.683277827410354,exceeds_reference_discretization_error
neuron_model_behavioral_validation,Neuraxis,development_pilot,PILOT2_PROTOCOL,Exploratory development data; second development iteration informed by Pilot 1; not independent confirmation; never pooled with the confirmatory held-out estimate,m-increase_dt-86f7c3d69e,migliore2014_mt_soma,increase_dt,"{""dt_factor"": 4}",P05_long_step,ap_half_width,3.8299999999965166,3.8299999999965166,3.8299999999965166,0.0,0.0,,3.789999999996553,3.809999999996535,3.8299999999965166,0.03999999999996362,0.01999999999998181,0.0,,exceeds_reference_discretization_error
neuron_model_behavioral_validation,Neuraxis,development_pilot,PILOT2_PROTOCOL,Exploratory development data; second development iteration informed by Pilot 1; not independent confirmation; never pooled with the confirmatory held-out estimate,m-increase_dt-86f7c3d69e,migliore2014_mt_soma,increase_dt,"{""dt_factor"": 4}",P05_long_step,burst_count,1.0,1.0,1.0,0.0,0.0,,1.0,1.0,1.0,0.0,0.0,0.0,,within_reference_discretization_error
neuron_model_behavioral_validation,Neuraxis,development_pilot,PILOT2_PROTOCOL,Exploratory development data; second development iteration informed by Pilot 1; not independent confirmation; never pooled with the confirmatory held-out estimate,m-increase_dt-86f7c3d69e,migliore2014_mt_soma,increase_dt,"{""dt_factor"": 4}",P05_long_step,firing_regime,,,,,,,,,,,,,,no_change
neuron_model_behavioral_validation,Neuraxis,development_pilot,PILOT2_PROTOCOL,Exploratory development data; second development iteration informed by Pilot 1; not independent confirmation; never pooled with the confirmatory held-out estimate,m-increase_dt-86f7c3d69e,migliore2014_mt_soma,increase_dt,"{""dt_factor"": 4}",P05_long_step,first_isi,91.02999999991721,91.0399999999172,91.02999999991721,0.009999999999990905,0.009999999999990905,0.0,91.01999999991722,91.0399999999172,91.02999999991721,0.009999999999990905,0.0,0.0,1.0,within_reference_discretization_error
neuron_model_behavioral_validation,Neuraxis,development_pilot,PILOT2_PROTOCOL,Exploratory development data; second development iteration informed by Pilot 1; not independent confirmation; never pooled with the confirmatory held-out estimate,m-increase_dt-86f7c3d69e,migliore2014_mt_soma,increase_dt,"{""dt_factor"": 4}",P05_long_step,first_spike_latency,27.809999999846866,27.769999999846902,27.75999999984691,0.03999999999996362,0.009999999999990905,2.0,27.97999999984671,27.85999999984682,27.809999999846866,0.16999999999984539,0.08999999999991815,0.049999999999954525,4.25,exceeds_reference_discretization_error
neuron_model_behavioral_validation,Neuraxis,development_pilot,PILOT2_PROTOCOL,Exploratory development data; second development iteration informed by Pilot 1; not independent confirmation; never pooled with the confirmatory held-out estimate,m-increase_dt-86f7c3d69e,migliore2014_mt_soma,increase_dt,"{""dt_factor"": 4}",P05_long_step,last_isi,112.64000000245869,112.62000000245826,112.60000000245782,0.020000000000436557,0.020000000000436557,0.0,112.80000000246218,112.70000000246,112.64000000245869,0.16000000000349246,0.08000000000174623,0.040000000000873115,8.0,exceeds_reference_discretization_error
neuron_model_behavioral_validation,Neuraxis,development_pilot,PILOT2_PROTOCOL,Exploratory development data; second development iteration informed by Pilot 1; not independent confirmation; never pooled with the confirmatory held-out estimate,m-increase_dt-86f7c3d69e,migliore2014_mt_soma,increase_dt,"{""dt_factor"": 4}",P05_long_step,mean_frequency,9.706010063585746,9.707993766431983,9.708985921956307,0.0019837028462372785,0.0009921555243241897,0.999557738136777,9.693877551006016,9.701995547280436,9.706010063585746,0.012132512579729138,0.005998219151546635,0.0029758583705614683,6.116093750000054,exceeds_reference_discretization_error
neuron_model_behavioral_validation,Neuraxis,development_pilot,PILOT2_PROTOCOL,Exploratory development data; second development iteration informed by Pilot 1; not independent confirmation; never pooled with the confirmatory held-out estimate,m-increase_dt-86f7c3d69e,migliore2014_mt_soma,increase_dt,"{""dt_factor"": 4}",P05_long_step,spike_count,19.0,19.0,19.0,0.0,0.0,,19.0,19.0,19.0,0.0,0.0,0.0,,within_reference_discretization_error
neuron_model_behavioral_validation,Neuraxis,development_pilot,PILOT2_PROTOCOL,Exploratory development data; second development iteration informed by Pilot 1; not independent confirmation; never pooled with the confirmatory held-out estimate,m-increase_dt-86f7c3d69e,migliore2014_mt_soma,increase_dt,"{""dt_factor"": 4}",P06_ramp,firing_regime,,,,,,,,,,,,,,no_change
neuron_model_behavioral_validation,Neuraxis,development_pilot,PILOT2_PROTOCOL,Exploratory development data; second development iteration informed by Pilot 1; not independent confirmation; never pooled with the confirmatory held-out estimate,m-increase_dt-86f7c3d69e,migliore2014_mt_soma,increase_dt,"{""dt_factor"": 4}",P06_ramp,first_spike_latency,400.72999999950775,400.6799999995078,400.6499999995078,0.049999999999954525,0.029999999999972715,0.7369655941662062,400.9999999995075,400.8199999995077,400.72999999950775,0.26999999999975444,0.13999999999987267,0.07999999999992724,5.4,exceeds_reference_discretization_error
neuron_model_behavioral_validation,Neuraxis,development_pilot,PILOT2_PROTOCOL,Exploratory development data; second development iteration informed by Pilot 1; not independent confirmation; never pooled with the confirmatory held-out estimate,m-increase_dt-86f7c3d69e,migliore2014_mt_soma,increase_dt,"{""dt_factor"": 4}",P06_ramp,mean_frequency,9.067918711155903,9.068741057223095,9.06910659224223,0.0008223460671921146,0.00036553501913516584,1.1697360233533987,9.063626659156624,9.066365797648128,9.067918711155903,0.004292051999279067,0.0023752595749666483,0.0011878810863272804,5.219277103050057,exceeds_reference_discretization_error
neuron_model_behavioral_validation,Neuraxis,development_pilot,PILOT2_PROTOCOL,Exploratory development data; second development iteration informed by Pilot 1; not independent confirmation; never pooled with the confirmatory held-out estimate,m-increase_dt-86f7c3d69e,migliore2014_mt_soma,increase_dt,"{""dt_factor"": 4}",P06_ramp,spike_count,9.0,9.0,9.0,0.0,0.0,,9.0,9.0,9.0,0.0,0.0,0.0,,within_reference_discretization_error
neuron_model_behavioral_validation,Neuraxis,development_pilot,PILOT2_PROTOCOL,Exploratory development data; second development iteration informed by Pilot 1; not independent confirmation; never pooled with the confirmatory held-out estimate,m-increase_dt-86f7c3d69e,migliore2014_mt_soma,increase_dt,"{""dt_factor"": 4}",P07_hyperpolarizing_step,baseline_voltage,-64.9999771118164,-64.9999771118164,-64.99997747294104,0.0,3.611246341961305e-07,,-64.99998584365837,-64.99998002370195,-64.9999771118164,8.731841958820041e-06,2.911885545131554e-06,3.611246341961305e-07,,exceeds_reference_discretization_error
neuron_model_behavioral_validation,Neuraxis,development_pilot,PILOT2_PROTOCOL,Exploratory development data; second development iteration informed by Pilot 1; not independent confirmation; never pooled with the confirmatory held-out estimate,m-increase_dt-86f7c3d69e,migliore2014_mt_soma,increase_dt,"{""dt_factor"": 4}",P07_hyperpolarizing_step,minimum_voltage,-81.01427459716797,-81.01427459716797,-81.01427459716797,0.0,0.0,,-81.01427459716797,-81.01427459716797,-81.01427459716797,0.0,0.0,0.0,,within_reference_discretization_error
neuron_model_behavioral_validation,Neuraxis,development_pilot,PILOT2_PROTOCOL,Exploratory development data; second development iteration informed by Pilot 1; not independent confirmation; never pooled with the confirmatory held-out estimate,m-increase_dt-86f7c3d69e,migliore2014_mt_soma,increase_dt,"{""dt_factor"": 4}",P07_hyperpolarizing_step,sag_ratio,2.0129526736024145e-05,2.0102752413302014e-05,2.0075692702235223e-05,2.6774322722131297e-08,2.705971106679129e-08,-0.015296353538526602,2.0402188120646894e-05,2.007541005346605e-05,2.0129526736024145e-05,2.726613846227484e-07,2.7342359835964516e-08,5.383403378892259e-08,10.183689329977716,exceeds_reference_discretization_error
neuron_model_behavioral_validation,Neuraxis,development_pilot,PILOT2_PROTOCOL,Exploratory development data; second development iteration informed by Pilot 1; not independent confirmation; never pooled with the confirmatory held-out estimate,m-increase_dt-86f7c3d69e,migliore2014_mt_soma,increase_dt,"{""dt_factor"": 4}",P07_hyperpolarizing_step,spike_count,0.0,0.0,0.0,0.0,0.0,,0.0,0.0,0.0,0.0,0.0,0.0,,within_reference_discretization_error
neuron_model_behavioral_validation,Neuraxis,development_pilot,PILOT2_PROTOCOL,Exploratory development data; second development iteration informed by Pilot 1; not independent confirmation; never pooled with the confirmatory held-out estimate,m-increase_dt-86f7c3d69e,migliore2014_mt_soma,increase_dt,"{""dt_factor"": 4}",P07_hyperpolarizing_step,steady_state_voltage,-81.01395223693858,-81.01395266571055,-81.01395309906006,4.2877196904100856e-07,4.3334951271845057e-07,-0.015320489661772319,-81.0139478706362,-81.01395310363769,-81.01395223693858,4.366302377434295e-06,4.3792714166102087e-07,8.621214817594591e-07,10.183273844136703,exceeds_reference_discretization_error
neuron_model_behavioral_validation,Neuraxis,development_pilot,PILOT2_PROTOCOL,Exploratory development data; second development iteration informed by Pilot 1; not independent confirmation; never pooled with the confirmatory held-out estimate,m-increase_dt-86f7c3d69e,migliore2014_mt_soma,increase_dt,"{""dt_factor"": 4}",P07_hyperpolarizing_step,voltage_deflection,-16.013975125122172,-16.01397555389414,-16.01397562611902,4.2877196904100856e-07,7.222487852232007e-08,2.5696428153360484,-16.013962026977836,-16.013973079935738,-16.013975125122172,1.3098144336254336e-05,2.473958403470533e-06,5.009968475633286e-07,30.548042507418682,exceeds_reference_discretization_error
neuron_model_behavioral_validation,Neuraxis,development_pilot,PILOT2_PROTOCOL,Exploratory development data; second development iteration informed by Pilot 1; not independent confirmation; never pooled with the confirmatory held-out estimate,m-increase_dt-86f7c3d69e,migliore2014_mt_soma,increase_dt,"{""dt_factor"": 4}",P08_rebound,firing_regime,,,,,,,,,,,,,,no_change
neuron_model_behavioral_validation,Neuraxis,development_pilot,PILOT2_PROTOCOL,Exploratory development data; second development iteration informed by Pilot 1; not independent confirmation; never pooled with the confirmatory held-out estimate,m-increase_dt-86f7c3d69e,migliore2014_mt_soma,increase_dt,"{""dt_factor"": 4}",P08_rebound,first_spike_latency,,,,,,,,,,,,,,no_change
neuron_model_behavioral_validation,Neuraxis,development_pilot,PILOT2_PROTOCOL,Exploratory development data; second development iteration informed by Pilot 1; not independent confirmation; never pooled with the confirmatory held-out estimate,m-increase_dt-86f7c3d69e,migliore2014_mt_soma,increase_dt,"{""dt_factor"": 4}",P08_rebound,maximum_voltage,-64.96694946289062,-64.96698760986328,-64.9670181274414,3.814697265625e-05,3.0517578125e-05,0.32192809488736235,-64.9666519165039,-64.96685028076172,-64.96694946289062,0.00029754638671875,0.0001373291015625,6.866455078125e-05,7.8,exceeds_reference_discretization_error
neuron_model_behavioral_validation,Neuraxis,development_pilot,PILOT2_PROTOCOL,Exploratory development data; second development iteration informed by Pilot 1; not independent confirmation; never pooled with the confirmatory held-out estimate,m-increase_dt-86f7c3d69e,migliore2014_mt_soma,increase_dt,"{""dt_factor"": 4}",P08_rebound,spike_count,0.0,0.0,0.0,0.0,0.0,,0.0,0.0,0.0,0.0,0.0,0.0,,within_reference_discretization_error
neuron_model_behavioral_validation,Neuraxis,development_pilot,PILOT2_PROTOCOL,Exploratory development data; second development iteration informed by Pilot 1; not independent confirmation; never pooled with the confirmatory held-out estimate,m-increase_dt-86f7c3d69e,migliore2014_mt_soma,increase_dt,"{""dt_factor"": 4}",P09_short_pulse,ahp_depth,-17.906005859375,-17.89281463623047,-17.88627988433801,0.01319122314453125,0.006534751892459667,1.0133739766238365,-17.98755223464842,-17.932760737100637,-17.906005859375,0.0815463752734189,0.03994610087016781,0.019725975036990917,6.181866107482685,exceeds_reference_discretization_error
neuron_model_behavioral_validation,Neuraxis,development_pilot,PILOT2_PROTOCOL,Exploratory development data; second development iteration informed by Pilot 1; not independent confirmation; never pooled with the confirmatory held-out estimate,m-increase_dt-86f7c3d69e,migliore2014_mt_soma,increase_dt,"{""dt_factor"": 4}",P09_short_pulse,ap_amplitude,84.03120803962754,84.07723236217922,84.08748626840048,0.046024322551673436,0.010253906221265652,2.1662228776808505,84.04615783816462,84.03858566415934,84.03120803962754,0.014949798537074344,0.03864669801987475,0.05627822877293909,0.3248238693853577,within_reference_discretization_error
neuron_model_behavioral_validation,Neuraxis,development_pilot,PILOT2_PROTOCOL,Exploratory development data; second development iteration informed by Pilot 1; not independent confirmation; never pooled with the confirmatory held-out estimate,m-increase_dt-86f7c3d69e,migliore2014_mt_soma,increase_dt,"{""dt_factor"": 4}",P09_short_pulse,ap_half_width,3.809999999996535,3.8199999999965257,3.8199999999965257,0.009999999999990905,0.0,,3.789999999996553,3.799999999996544,3.809999999996535,0.01999999999998181,0.01999999999998181,0.009999999999990905,2.0,within_reference_discretization_error
neuron_model_behavioral_validation,Neuraxis,development_pilot,PILOT2_PROTOCOL,Exploratory development data; second development iteration informed by Pilot 1; not independent confirmation; never pooled with the confirmatory held-out estimate,m-increase_dt-86f7c3d69e,migliore2014_mt_soma,increase_dt,"{""dt_factor"": 4}",P09_short_pulse,first_spike_latency,5.479999999867175,5.459999999867193,5.4399999998672115,0.01999999999998181,0.01999999999998181,0.0,5.619999999867048,5.52999999986713,5.479999999867175,0.13999999999987267,0.06999999999993634,0.03999999999996362,7.0,exceeds_reference_discretization_error
neuron_model_behavioral_validation,Neuraxis,development_pilot,PILOT2_PROTOCOL,Exploratory development data; second development iteration informed by Pilot 1; not independent confirmation; never pooled with the confirmatory held-out estimate,m-increase_dt-86f7c3d69e,migliore2014_mt_soma,increase_dt,"{""dt_factor"": 4}",P09_short_pulse,spike_count,1.0,1.0,1.0,0.0,0.0,,1.0,1.0,1.0,0.0,0.0,0.0,,within_reference_discretization_error
neuron_model_behavioral_validation,Neuraxis,development_pilot,PILOT2_PROTOCOL,Exploratory development data; second development iteration informed by Pilot 1; not independent confirmation; never pooled with the confirmatory held-out estimate,m-solver_config-7333128140,migliore2014_mt_soma,solver_config,"{""integrator_method"": ""eulertree""}",P00_canonical,adaptation_index,,,,,,,,,,,,,,no_change
neuron_model_behavioral_validation,Neuraxis,development_pilot,PILOT2_PROTOCOL,Exploratory development data; second development iteration informed by Pilot 1; not independent confirmation; never pooled with the confirmatory held-out estimate,m-solver_config-7333128140,migliore2014_mt_soma,solver_config,"{""integrator_method"": ""eulertree""}",P00_canonical,ahp_depth,-12.39068603515625,-12.354972194083288,-12.337360021486802,0.03571384107296183,0.017612172596486175,1.0199104184756589,-12.39068603515625,-12.354972194083288,-12.337360021486802,0.0,0.0,0.0,0.0,within_reference_discretization_error
neuron_model_behavioral_validation,Neuraxis,development_pilot,PILOT2_PROTOCOL,Exploratory development data; second development iteration informed by Pilot 1; not independent confirmation; never pooled with the confirmatory held-out estimate,m-solver_config-7333128140,migliore2014_mt_soma,solver_config,"{""integrator_method"": ""eulertree""}",P00_canonical,ap_amplitude,84.54416275022575,84.60015106199378,84.67765426633946,0.05598831176803287,0.0775032043456747,-0.4691302806933956,84.54416275022575,84.60015106199378,84.67765426633946,0.0,0.0,0.0,0.0,within_reference_discretization_error
neuron_model_behavioral_validation,Neuraxis,development_pilot,PILOT2_PROTOCOL,Exploratory development data; second development iteration informed by Pilot 1; not independent confirmation; never pooled with the confirmatory held-out estimate,m-solver_config-7333128140,migliore2014_mt_soma,solver_config,"{""integrator_method"": ""eulertree""}",P00_canonical,ap_half_width,3.849999999999234,3.849999999999234,3.86999999999923,0.0,0.01999999999999602,,3.849999999999234,3.849999999999234,3.86999999999923,0.0,0.0,0.0,,within_reference_discretization_error
neuron_model_behavioral_validation,Neuraxis,development_pilot,PILOT2_PROTOCOL,Exploratory development data; second development iteration informed by Pilot 1; not independent confirmation; never pooled with the confirmatory held-out estimate,m-solver_config-7333128140,migliore2014_mt_soma,solver_config,"{""integrator_method"": ""eulertree""}",P00_canonical,baseline_voltage,-64.9999771118164,-64.99992435132687,-64.99995076952882,5.2760489538172806e-05,2.641820195492528e-05,0.9979256718101562,-64.9999771118164,-64.99992435132687,-64.99995076952882,0.0,0.0,0.0,0.0,within_reference_discretization_error
neuron_model_behavioral_validation,Neuraxis,development_pilot,PILOT2_PROTOCOL,Exploratory development data; second development iteration informed by Pilot 1; not independent confirmation; never pooled with the confirmatory held-out estimate,m-solver_config-7333128140,migliore2014_mt_soma,solver_config,"{""integrator_method"": ""eulertree""}",P00_canonical,firing_regime,,,,,,,,,,,,,,no_change
neuron_model_behavioral_validation,Neuraxis,development_pilot,PILOT2_PROTOCOL,Exploratory development data; second development iteration informed by Pilot 1; not independent confirmation; never pooled with the confirmatory held-out estimate,m-solver_config-7333128140,migliore2014_mt_soma,solver_config,"{""integrator_method"": ""eulertree""}",P00_canonical,first_isi,,,,,,,,,,,,,,no_change
neuron_model_behavioral_validation,Neuraxis,development_pilot,PILOT2_PROTOCOL,Exploratory development data; second development iteration informed by Pilot 1; not independent confirmation; never pooled with the confirmatory held-out estimate,m-solver_config-7333128140,migliore2014_mt_soma,solver_config,"{""integrator_method"": ""eulertree""}",P00_canonical,first_spike_latency,15.58000000000149,15.520000000001502,15.500000000001506,0.05999999999998806,0.01999999999999602,1.584962500721156,15.58000000000149,15.520000000001502,15.500000000001506,0.0,0.0,0.0,0.0,within_reference_discretization_error
neuron_model_behavioral_validation,Neuraxis,development_pilot,PILOT2_PROTOCOL,Exploratory development data; second development iteration informed by Pilot 1; not independent confirmation; never pooled with the confirmatory held-out estimate,m-solver_config-7333128140,migliore2014_mt_soma,solver_config,"{""integrator_method"": ""eulertree""}",P00_canonical,last_isi,,,,,,,,,,,,,,no_change
neuron_model_behavioral_validation,Neuraxis,development_pilot,PILOT2_PROTOCOL,Exploratory development data; second development iteration informed by Pilot 1; not independent confirmation; never pooled with the confirmatory held-out estimate,m-solver_config-7333128140,migliore2014_mt_soma,solver_config,"{""integrator_method"": ""eulertree""}",P00_canonical,mean_frequency,,,,,,,,,,,,,,no_change
neuron_model_behavioral_validation,Neuraxis,development_pilot,PILOT2_PROTOCOL,Exploratory development data; second development iteration informed by Pilot 1; not independent confirmation; never pooled with the confirmatory held-out estimate,m-solver_config-7333128140,migliore2014_mt_soma,solver_config,"{""integrator_method"": ""eulertree""}",P00_canonical,spike_count,1.0,1.0,1.0,0.0,0.0,,1.0,1.0,1.0,0.0,0.0,0.0,,within_reference_discretization_error
neuron_model_behavioral_validation,Neuraxis,development_pilot,PILOT2_PROTOCOL,Exploratory development data; second development iteration informed by Pilot 1; not independent confirmation; never pooled with the confirmatory held-out estimate,m-solver_config-7333128140,migliore2014_mt_soma,solver_config,"{""integrator_method"": ""eulertree""}",P02_weak_step,baseline_voltage,-64.9999771118164,-64.9999771118164,-64.99997692871095,0.0,1.83105456130761e-07,,-64.9999771118164,-64.9999771118164,-64.99997692871095,0.0,0.0,0.0,,within_reference_discretization_error
neuron_model_behavioral_validation,Neuraxis,development_pilot,PILOT2_PROTOCOL,Exploratory development data; second development iteration informed by Pilot 1; not independent confirmation; never pooled with the confirmatory held-out estimate,m-solver_config-7333128140,migliore2014_mt_soma,solver_config,"{""integrator_method"": ""eulertree""}",P02_weak_step,spike_count,0.0,0.0,0.0,0.0,0.0,,0.0,0.0,0.0,0.0,0.0,0.0,,within_reference_discretization_error
neuron_model_behavioral_validation,Neuraxis,development_pilot,PILOT2_PROTOCOL,Exploratory development data; second development iteration informed by Pilot 1; not independent confirmation; never pooled with the confirmatory held-out estimate,m-solver_config-7333128140,migliore2014_mt_soma,solver_config,"{""integrator_method"": ""eulertree""}",P02_weak_step,steady_state_voltage,-58.44957622985835,-58.449576139068554,-58.449575885009764,9.078979701371281e-08,2.5405879000572895e-07,-1.4845602986044335,-58.44957622985835,-58.449576139068554,-58.449575885009764,0.0,0.0,0.0,0.0,within_reference_discretization_error
neuron_model_behavioral_validation,Neuraxis,development_pilot,PILOT2_PROTOCOL,Exploratory development data; second development iteration informed by Pilot 1; not independent confirmation; never pooled with the confirmatory held-out estimate,m-solver_config-7333128140,migliore2014_mt_soma,solver_config,"{""integrator_method"": ""eulertree""}",P02_weak_step,voltage_deflection,6.550400881958055,6.550400972747852,6.550401043701186,9.078979701371281e-08,7.095333387496794e-08,0.35565970249713186,6.550400881958055,6.550400972747852,6.550401043701186,0.0,0.0,0.0,0.0,within_reference_discretization_error
neuron_model_behavioral_validation,Neuraxis,development_pilot,PILOT2_PROTOCOL,Exploratory development data; second development iteration informed by Pilot 1; not independent confirmation; never pooled with the confirmatory held-out estimate,m-solver_config-7333128140,migliore2014_mt_soma,solver_config,"{""integrator_method"": ""eulertree""}",P03_rheobase,rheobase,0.024690936411447307,0.024690936411447307,0.024690936411447307,0.0,0.0,,0.024690936411447307,0.024690936411447307,0.024690936411447307,0.0,0.0,0.0,,within_reference_discretization_error
neuron_model_behavioral_validation,Neuraxis,development_pilot,PILOT2_PROTOCOL,Exploratory development data; second development iteration informed by Pilot 1; not independent confirmation; never pooled with the confirmatory held-out estimate,m-solver_config-7333128140,migliore2014_mt_soma,solver_config,"{""integrator_method"": ""eulertree""}",P04_step_2x,adaptation_index,0.0076978106032479145,0.007682093803921673,0.007698809338994023,1.57167993262413e-05,1.6715535072349755e-05,-0.0888820895841718,0.0076978106032479145,0.007682093803921673,0.007698809338994023,0.0,0.0,0.0,0.0,within_reference_discretization_error
neuron_model_behavioral_validation,Neuraxis,development_pilot,PILOT2_PROTOCOL,Exploratory development data; second development iteration informed by Pilot 1; not independent confirmation; never pooled with the confirmatory held-out estimate,m-solver_config-7333128140,migliore2014_mt_soma,solver_config,"{""integrator_method"": ""eulertree""}",P04_step_2x,ahp_depth,-13.209152221679446,-13.192115783691406,-13.183663144429445,0.017036437988039665,0.008452639261960826,1.0111499399417012,-13.209152221679446,-13.192115783691406,-13.183663144429445,0.0,0.0,0.0,0.0,within_reference_discretization_error
neuron_model_behavioral_validation,Neuraxis,development_pilot,PILOT2_PROTOCOL,Exploratory development data; second development iteration informed by Pilot 1; not independent confirmation; never pooled with the confirmatory held-out estimate,m-solver_config-7333128140,migliore2014_mt_soma,solver_config,"{""integrator_method"": ""eulertree""}",P04_step_2x,ap_amplitude,84.44722366475656,84.47930145405832,84.4825592055659,0.03207778930175209,0.003257751507590001,3.2996262509831236,84.44722366475656,84.47930145405832,84.4825592055659,0.0,0.0,0.0,0.0,within_reference_discretization_error
neuron_model_behavioral_validation,Neuraxis,development_pilot,PILOT2_PROTOCOL,Exploratory development data; second development iteration informed by Pilot 1; not independent confirmation; never pooled with the confirmatory held-out estimate,m-solver_config-7333128140,migliore2014_mt_soma,solver_config,"{""integrator_method"": ""eulertree""}",P04_step_2x,ap_half_width,3.8399999999965075,3.8499999999964984,3.8499999999964984,0.009999999999990905,0.0,,3.8399999999965075,3.8499999999964984,3.8499999999964984,0.0,0.0,0.0,0.0,within_reference_discretization_error
neuron_model_behavioral_validation,Neuraxis,development_pilot,PILOT2_PROTOCOL,Exploratory development data; second development iteration informed by Pilot 1; not independent confirmation; never pooled with the confirmatory held-out estimate,m-solver_config-7333128140,migliore2014_mt_soma,solver_config,"{""integrator_method"": ""eulertree""}",P04_step_2x,burst_count,1.0,1.0,1.0,0.0,0.0,,1.0,1.0,1.0,0.0,0.0,0.0,,within_reference_discretization_error
neuron_model_behavioral_validation,Neuraxis,development_pilot,PILOT2_PROTOCOL,Exploratory development data; second development iteration informed by Pilot 1; not independent confirmation; never pooled with the confirmatory held-out estimate,m-solver_config-7333128140,migliore2014_mt_soma,solver_config,"{""integrator_method"": ""eulertree""}",P04_step_2x,firing_regime,,,,,,,,,,,,,,no_change
neuron_model_behavioral_validation,Neuraxis,development_pilot,PILOT2_PROTOCOL,Exploratory development data; second development iteration informed by Pilot 1; not independent confirmation; never pooled with the confirmatory held-out estimate,m-solver_config-7333128140,migliore2014_mt_soma,solver_config,"{""integrator_method"": ""eulertree""}",P04_step_2x,first_isi,73.12999999993349,73.12999999993349,73.12999999993349,0.0,0.0,,73.12999999993349,73.12999999993349,73.12999999993349,0.0,0.0,0.0,,within_reference_discretization_error
neuron_model_behavioral_validation,Neuraxis,development_pilot,PILOT2_PROTOCOL,Exploratory development data; second development iteration informed by Pilot 1; not independent confirmation; never pooled with the confirmatory held-out estimate,m-solver_config-7333128140,migliore2014_mt_soma,solver_config,"{""integrator_method"": ""eulertree""}",P04_step_2x,first_spike_latency,19.199999999854697,19.169999999854724,19.159999999854733,0.029999999999972715,0.009999999999990905,1.584962500721156,19.199999999854697,19.169999999854724,19.159999999854733,0.0,0.0,0.0,0.0,within_reference_discretization_error
neuron_model_behavioral_validation,Neuraxis,development_pilot,PILOT2_PROTOCOL,Exploratory development data; second development iteration informed by Pilot 1; not independent confirmation; never pooled with the confirmatory held-out estimate,m-solver_config-7333128140,migliore2014_mt_soma,solver_config,"{""integrator_method"": ""eulertree""}",P04_step_2x,last_isi,79.52999999992767,79.51999999992768,79.51999999992768,0.009999999999990905,0.0,,79.52999999992767,79.51999999992768,79.51999999992768,0.0,0.0,0.0,0.0,within_reference_discretization_error
neuron_model_behavioral_validation,Neuraxis,development_pilot,PILOT2_PROTOCOL,Exploratory development data; second development iteration informed by Pilot 1; not independent confirmation; never pooled with the confirmatory held-out estimate,m-solver_config-7333128140,migliore2014_mt_soma,solver_config,"{""integrator_method"": ""eulertree""}",P04_step_2x,mean_frequency,14.612558450250988,14.614694030958587,14.61560947093213,0.00213558070759845,0.0009154399735429308,1.2220912261050982,14.612558450250988,14.614694030958587,14.61560947093213,0.0,0.0,0.0,0.0,within_reference_discretization_error
neuron_model_behavioral_validation,Neuraxis,development_pilot,PILOT2_PROTOCOL,Exploratory development data; second development iteration informed by Pilot 1; not independent confirmation; never pooled with the confirmatory held-out estimate,m-solver_config-7333128140,migliore2014_mt_soma,solver_config,"{""integrator_method"": ""eulertree""}",P04_step_2x,spike_count,7.0,7.0,7.0,0.0,0.0,,7.0,7.0,7.0,0.0,0.0,0.0,,within_reference_discretization_error
neuron_model_behavioral_validation,Neuraxis,development_pilot,PILOT2_PROTOCOL,Exploratory development data; second development iteration informed by Pilot 1; not independent confirmation; never pooled with the confirmatory held-out estimate,m-solver_config-7333128140,migliore2014_mt_soma,solver_config,"{""integrator_method"": ""eulertree""}",P05_long_step,adaptation_index,0.005414466597953451,0.0054122174080685195,0.005406668105859248,2.2491898849317377e-06,5.549302209271155e-06,-1.3029009089010501,0.005414466597953451,0.0054122174080685195,0.005406668105859248,0.0,0.0,0.0,0.0,within_reference_discretization_error
neuron_model_behavioral_validation,Neuraxis,development_pilot,PILOT2_PROTOCOL,Exploratory development data; second development iteration informed by Pilot 1; not independent confirmation; never pooled with the confirmatory held-out estimate,m-solver_config-7333128140,migliore2014_mt_soma,solver_config,"{""integrator_method"": ""eulertree""}",P05_long_step,ahp_depth,-14.216171264648949,-14.199851989746094,-14.19175011952916,0.01631927490285534,0.008101870216933094,1.0102500770537206,-14.216171264648949,-14.199851989746094,-14.19175011952916,0.0,0.0,0.0,0.0,within_reference_discretization_error
neuron_model_behavioral_validation,Neuraxis,development_pilot,PILOT2_PROTOCOL,Exploratory development data; second development iteration informed by Pilot 1; not independent confirmation; never pooled with the confirmatory held-out estimate,m-solver_config-7333128140,migliore2014_mt_soma,solver_config,"{""integrator_method"": ""eulertree""}",P05_long_step,ap_amplitude,84.2643203750593,84.2574310317606,84.24109649813172,0.006889343298695394,0.01633453362887849,-1.2454868896388218,84.2643203750593,84.2574310317606,84.24109649813172,0.0,0.0,0.0,0.0,within_reference_discretization_error
neuron_model_behavioral_validation,Neuraxis,development_pilot,PILOT2_PROTOCOL,Exploratory development data; second development iteration informed by Pilot 1; not independent confirmation; never pooled with the confirmatory held-out estimate,m-solver_config-7333128140,migliore2014_mt_soma,solver_config,"{""integrator_method"": ""eulertree""}",P05_long_step,ap_half_width,3.8299999999965166,3.8299999999965166,3.8299999999965166,0.0,0.0,,3.8299999999965166,3.8299999999965166,3.8299999999965166,0.0,0.0,0.0,,within_reference_discretization_error
neuron_model_behavioral_validation,Neuraxis,development_pilot,PILOT2_PROTOCOL,Exploratory development data; second development iteration informed by Pilot 1; not independent confirmation; never pooled with the confirmatory held-out estimate,m-solver_config-7333128140,migliore2014_mt_soma,solver_config,"{""integrator_method"": ""eulertree""}",P05_long_step,burst_count,1.0,1.0,1.0,0.0,0.0,,1.0,1.0,1.0,0.0,0.0,0.0,,within_reference_discretization_error
neuron_model_behavioral_validation,Neuraxis,development_pilot,PILOT2_PROTOCOL,Exploratory development data; second development iteration informed by Pilot 1; not independent confirmation; never pooled with the confirmatory held-out estimate,m-solver_config-7333128140,migliore2014_mt_soma,solver_config,"{""integrator_method"": ""eulertree""}",P05_long_step,firing_regime,,,,,,,,,,,,,,no_change
neuron_model_behavioral_validation,Neuraxis,development_pilot,PILOT2_PROTOCOL,Exploratory development data; second development iteration informed by Pilot 1; not independent confirmation; never pooled with the confirmatory held-out estimate,m-solver_config-7333128140,migliore2014_mt_soma,solver_config,"{""integrator_method"": ""eulertree""}",P05_long_step,first_isi,91.02999999991721,91.0399999999172,91.02999999991721,0.009999999999990905,0.009999999999990905,0.0,91.02999999991721,91.0399999999172,91.02999999991721,0.0,0.0,0.0,0.0,within_reference_discretization_error
neuron_model_behavioral_validation,Neuraxis,development_pilot,PILOT2_PROTOCOL,Exploratory development data; second development iteration informed by Pilot 1; not independent confirmation; never pooled with the confirmatory held-out estimate,m-solver_config-7333128140,migliore2014_mt_soma,solver_config,"{""integrator_method"": ""eulertree""}",P05_long_step,first_spike_latency,27.809999999846866,27.769999999846902,27.75999999984691,0.03999999999996362,0.009999999999990905,2.0,27.809999999846866,27.769999999846902,27.75999999984691,0.0,0.0,0.0,0.0,within_reference_discretization_error
neuron_model_behavioral_validation,Neuraxis,development_pilot,PILOT2_PROTOCOL,Exploratory development data; second development iteration informed by Pilot 1; not independent confirmation; never pooled with the confirmatory held-out estimate,m-solver_config-7333128140,migliore2014_mt_soma,solver_config,"{""integrator_method"": ""eulertree""}",P05_long_step,last_isi,112.64000000245869,112.62000000245826,112.60000000245782,0.020000000000436557,0.020000000000436557,0.0,112.64000000245869,112.62000000245826,112.60000000245782,0.0,0.0,0.0,0.0,within_reference_discretization_error
neuron_model_behavioral_validation,Neuraxis,development_pilot,PILOT2_PROTOCOL,Exploratory development data; second development iteration informed by Pilot 1; not independent confirmation; never pooled with the confirmatory held-out estimate,m-solver_config-7333128140,migliore2014_mt_soma,solver_config,"{""integrator_method"": ""eulertree""}",P05_long_step,mean_frequency,9.706010063585746,9.707993766431983,9.708985921956307,0.0019837028462372785,0.0009921555243241897,0.999557738136777,9.706010063585746,9.707993766431983,9.708985921956307,0.0,0.0,0.0,0.0,within_reference_discretization_error
neuron_model_behavioral_validation,Neuraxis,development_pilot,PILOT2_PROTOCOL,Exploratory development data; second development iteration informed by Pilot 1; not independent confirmation; never pooled with the confirmatory held-out estimate,m-solver_config-7333128140,migliore2014_mt_soma,solver_config,"{""integrator_method"": ""eulertree""}",P05_long_step,spike_count,19.0,19.0,19.0,0.0,0.0,,19.0,19.0,19.0,0.0,0.0,0.0,,within_reference_discretization_error
neuron_model_behavioral_validation,Neuraxis,development_pilot,PILOT2_PROTOCOL,Exploratory development data; second development iteration informed by Pilot 1; not independent confirmation; never pooled with the confirmatory held-out estimate,m-solver_config-7333128140,migliore2014_mt_soma,solver_config,"{""integrator_method"": ""eulertree""}",P06_ramp,firing_regime,,,,,,,,,,,,,,no_change
neuron_model_behavioral_validation,Neuraxis,development_pilot,PILOT2_PROTOCOL,Exploratory development data; second development iteration informed by Pilot 1; not independent confirmation; never pooled with the confirmatory held-out estimate,m-solver_config-7333128140,migliore2014_mt_soma,solver_config,"{""integrator_method"": ""eulertree""}",P06_ramp,first_spike_latency,400.72999999950775,400.6799999995078,400.6499999995078,0.049999999999954525,0.029999999999972715,0.7369655941662062,400.72999999950775,400.6799999995078,400.6499999995078,0.0,0.0,0.0,0.0,within_reference_discretization_error
neuron_model_behavioral_validation,Neuraxis,development_pilot,PILOT2_PROTOCOL,Exploratory development data; second development iteration informed by Pilot 1; not independent confirmation; never pooled with the confirmatory held-out estimate,m-solver_config-7333128140,migliore2014_mt_soma,solver_config,"{""integrator_method"": ""eulertree""}",P06_ramp,mean_frequency,9.067918711155903,9.068741057223095,9.06910659224223,0.0008223460671921146,0.00036553501913516584,1.1697360233533987,9.067918711155903,9.068741057223095,9.06910659224223,0.0,0.0,0.0,0.0,within_reference_discretization_error
neuron_model_behavioral_validation,Neuraxis,development_pilot,PILOT2_PROTOCOL,Exploratory development data; second development iteration informed by Pilot 1; not independent confirmation; never pooled with the confirmatory held-out estimate,m-solver_config-7333128140,migliore2014_mt_soma,solver_config,"{""integrator_method"": ""eulertree""}",P06_ramp,spike_count,9.0,9.0,9.0,0.0,0.0,,9.0,9.0,9.0,0.0,0.0,0.0,,within_reference_discretization_error
neuron_model_behavioral_validation,Neuraxis,development_pilot,PILOT2_PROTOCOL,Exploratory development data; second development iteration informed by Pilot 1; not independent confirmation; never pooled with the confirmatory held-out estimate,m-solver_config-7333128140,migliore2014_mt_soma,solver_config,"{""integrator_method"": ""eulertree""}",P07_hyperpolarizing_step,baseline_voltage,-64.9999771118164,-64.9999771118164,-64.99997747294104,0.0,3.611246341961305e-07,,-64.9999771118164,-64.9999771118164,-64.99997747294104,0.0,0.0,0.0,,within_reference_discretization_error
neuron_model_behavioral_validation,Neuraxis,development_pilot,PILOT2_PROTOCOL,Exploratory development data; second development iteration informed by Pilot 1; not independent confirmation; never pooled with the confirmatory held-out estimate,m-solver_config-7333128140,migliore2014_mt_soma,solver_config,"{""integrator_method"": ""eulertree""}",P07_hyperpolarizing_step,minimum_voltage,-81.01427459716797,-81.01427459716797,-81.01427459716797,0.0,0.0,,-81.01427459716797,-81.01427459716797,-81.01427459716797,0.0,0.0,0.0,,within_reference_discretization_error
neuron_model_behavioral_validation,Neuraxis,development_pilot,PILOT2_PROTOCOL,Exploratory development data; second development iteration informed by Pilot 1; not independent confirmation; never pooled with the confirmatory held-out estimate,m-solver_config-7333128140,migliore2014_mt_soma,solver_config,"{""integrator_method"": ""eulertree""}",P07_hyperpolarizing_step,sag_ratio,2.0129526736024145e-05,2.0102752413302014e-05,2.0075692702235223e-05,2.6774322722131297e-08,2.705971106679129e-08,-0.015296353538526602,2.0129526736024145e-05,2.0102752413302014e-05,2.0075692702235223e-05,0.0,0.0,0.0,0.0,within_reference_discretization_error
neuron_model_behavioral_validation,Neuraxis,development_pilot,PILOT2_PROTOCOL,Exploratory development data; second development iteration informed by Pilot 1; not independent confirmation; never pooled with the confirmatory held-out estimate,m-solver_config-7333128140,migliore2014_mt_soma,solver_config,"{""integrator_method"": ""eulertree""}",P07_hyperpolarizing_step,spike_count,0.0,0.0,0.0,0.0,0.0,,0.0,0.0,0.0,0.0,0.0,0.0,,within_reference_discretization_error
neuron_model_behavioral_validation,Neuraxis,development_pilot,PILOT2_PROTOCOL,Exploratory development data; second development iteration informed by Pilot 1; not independent confirmation; never pooled with the confirmatory held-out estimate,m-solver_config-7333128140,migliore2014_mt_soma,solver_config,"{""integrator_method"": ""eulertree""}",P07_hyperpolarizing_step,steady_state_voltage,-81.01395223693858,-81.01395266571055,-81.01395309906006,4.2877196904100856e-07,4.3334951271845057e-07,-0.015320489661772319,-81.01395223693858,-81.01395266571055,-81.01395309906006,0.0,0.0,0.0,0.0,within_reference_discretization_error
neuron_model_behavioral_validation,Neuraxis,development_pilot,PILOT2_PROTOCOL,Exploratory development data; second development iteration informed by Pilot 1; not independent confirmation; never pooled with the confirmatory held-out estimate,m-solver_config-7333128140,migliore2014_mt_soma,solver_config,"{""integrator_method"": ""eulertree""}",P07_hyperpolarizing_step,voltage_deflection,-16.013975125122172,-16.01397555389414,-16.01397562611902,4.2877196904100856e-07,7.222487852232007e-08,2.5696428153360484,-16.013975125122172,-16.01397555389414,-16.01397562611902,0.0,0.0,0.0,0.0,within_reference_discretization_error
neuron_model_behavioral_validation,Neuraxis,development_pilot,PILOT2_PROTOCOL,Exploratory development data; second development iteration informed by Pilot 1; not independent confirmation; never pooled with the confirmatory held-out estimate,m-solver_config-7333128140,migliore2014_mt_soma,solver_config,"{""integrator_method"": ""eulertree""}",P08_rebound,firing_regime,,,,,,,,,,,,,,no_change
neuron_model_behavioral_validation,Neuraxis,development_pilot,PILOT2_PROTOCOL,Exploratory development data; second development iteration informed by Pilot 1; not independent confirmation; never pooled with the confirmatory held-out estimate,m-solver_config-7333128140,migliore2014_mt_soma,solver_config,"{""integrator_method"": ""eulertree""}",P08_rebound,first_spike_latency,,,,,,,,,,,,,,no_change
neuron_model_behavioral_validation,Neuraxis,development_pilot,PILOT2_PROTOCOL,Exploratory development data; second development iteration informed by Pilot 1; not independent confirmation; never pooled with the confirmatory held-out estimate,m-solver_config-7333128140,migliore2014_mt_soma,solver_config,"{""integrator_method"": ""eulertree""}",P08_rebound,maximum_voltage,-64.96694946289062,-64.96698760986328,-64.9670181274414,3.814697265625e-05,3.0517578125e-05,0.32192809488736235,-64.96694946289062,-64.96698760986328,-64.9670181274414,0.0,0.0,0.0,0.0,within_reference_discretization_error
neuron_model_behavioral_validation,Neuraxis,development_pilot,PILOT2_PROTOCOL,Exploratory development data; second development iteration informed by Pilot 1; not independent confirmation; never pooled with the confirmatory held-out estimate,m-solver_config-7333128140,migliore2014_mt_soma,solver_config,"{""integrator_method"": ""eulertree""}",P08_rebound,spike_count,0.0,0.0,0.0,0.0,0.0,,0.0,0.0,0.0,0.0,0.0,0.0,,within_reference_discretization_error
neuron_model_behavioral_validation,Neuraxis,development_pilot,PILOT2_PROTOCOL,Exploratory development data; second development iteration informed by Pilot 1; not independent confirmation; never pooled with the confirmatory held-out estimate,m-solver_config-7333128140,migliore2014_mt_soma,solver_config,"{""integrator_method"": ""eulertree""}",P09_short_pulse,ahp_depth,-17.906005859375,-17.89281463623047,-17.88627988433801,0.01319122314453125,0.006534751892459667,1.0133739766238365,-17.906005859375,-17.89281463623047,-17.88627988433801,0.0,0.0,0.0,0.0,within_reference_discretization_error
neuron_model_behavioral_validation,Neuraxis,development_pilot,PILOT2_PROTOCOL,Exploratory development data; second development iteration informed by Pilot 1; not independent confirmation; never pooled with the confirmatory held-out estimate,m-solver_config-7333128140,migliore2014_mt_soma,solver_config,"{""integrator_method"": ""eulertree""}",P09_short_pulse,ap_amplitude,84.03120803962754,84.07723236217922,84.08748626840048,0.046024322551673436,0.010253906221265652,2.1662228776808505,84.03120803962754,84.07723236217922,84.08748626840048,0.0,0.0,0.0,0.0,within_reference_discretization_error
neuron_model_behavioral_validation,Neuraxis,development_pilot,PILOT2_PROTOCOL,Exploratory development data; second development iteration informed by Pilot 1; not independent confirmation; never pooled with the confirmatory held-out estimate,m-solver_config-7333128140,migliore2014_mt_soma,solver_config,"{""integrator_method"": ""eulertree""}",P09_short_pulse,ap_half_width,3.809999999996535,3.8199999999965257,3.8199999999965257,0.009999999999990905,0.0,,3.809999999996535,3.8199999999965257,3.8199999999965257,0.0,0.0,0.0,0.0,within_reference_discretization_error
neuron_model_behavioral_validation,Neuraxis,development_pilot,PILOT2_PROTOCOL,Exploratory development data; second development iteration informed by Pilot 1; not independent confirmation; never pooled with the confirmatory held-out estimate,m-solver_config-7333128140,migliore2014_mt_soma,solver_config,"{""integrator_method"": ""eulertree""}",P09_short_pulse,first_spike_latency,5.479999999867175,5.459999999867193,5.4399999998672115,0.01999999999998181,0.01999999999998181,0.0,5.479999999867175,5.459999999867193,5.4399999998672115,0.0,0.0,0.0,0.0,within_reference_discretization_error
neuron_model_behavioral_validation,Neuraxis,development_pilot,PILOT2_PROTOCOL,Exploratory development data; second development iteration informed by Pilot 1; not independent confirmation; never pooled with the confirmatory held-out estimate,m-solver_config-7333128140,migliore2014_mt_soma,solver_config,"{""integrator_method"": ""eulertree""}",P09_short_pulse,spike_count,1.0,1.0,1.0,0.0,0.0,,1.0,1.0,1.0,0.0,0.0,0.0,,within_reference_discretization_error
neuron_model_behavioral_validation,Neuraxis,development_pilot,PILOT2_PROTOCOL,Exploratory development data; second development iteration informed by Pilot 1; not independent confirmation; never pooled with the confirmatory held-out estimate,m-recording_resolution-1709456cdd,migliore2014_mt_soma,recording_resolution,"{""sample_every_ms"": 0.05}",P00_canonical,adaptation_index,,,,,,,,,,,,,,no_change
neuron_model_behavioral_validation,Neuraxis,development_pilot,PILOT2_PROTOCOL,Exploratory development data; second development iteration informed by Pilot 1; not independent confirmation; never pooled with the confirmatory held-out estimate,m-recording_resolution-1709456cdd,migliore2014_mt_soma,recording_resolution,"{""sample_every_ms"": 0.05}",P00_canonical,ahp_depth,-12.39068603515625,-12.354972194083288,-12.337360021486802,0.03571384107296183,0.017612172596486175,1.0199104184756589,-12.390678405761705,-12.355039568089708,-12.337412706061954,7.629394545460855e-06,6.737400642009561e-05,5.2684575152284197e-05,0.0002136257069037837,within_reference_discretization_error
neuron_model_behavioral_validation,Neuraxis,development_pilot,PILOT2_PROTOCOL,Exploratory development data; second development iteration informed by Pilot 1; not independent confirmation; never pooled with the confirmatory held-out estimate,m-recording_resolution-1709456cdd,migliore2014_mt_soma,recording_resolution,"{""sample_every_ms"": 0.05}",P00_canonical,ap_amplitude,84.54416275022575,84.60015106199378,84.67765426633946,0.05598831176803287,0.0775032043456747,-0.4691302806933956,84.53549575803574,84.58429718015734,84.57670593259692,0.008666992190015321,0.01585388183644909,0.10094833374253653,0.15480002729719444,within_reference_discretization_error
neuron_model_behavioral_validation,Neuraxis,development_pilot,PILOT2_PROTOCOL,Exploratory development data; second development iteration informed by Pilot 1; not independent confirmation; never pooled with the confirmatory held-out estimate,m-recording_resolution-1709456cdd,migliore2014_mt_soma,recording_resolution,"{""sample_every_ms"": 0.05}",P00_canonical,ap_half_width,3.849999999999234,3.849999999999234,3.86999999999923,0.0,0.01999999999999602,,3.849999999999234,3.849999999999234,3.859999999999232,0.0,0.0,0.00999999999999801,,within_reference_discretization_error
neuron_model_behavioral_validation,Neuraxis,development_pilot,PILOT2_PROTOCOL,Exploratory development data; second development iteration informed by Pilot 1; not independent confirmation; never pooled with the confirmatory held-out estimate,m-recording_resolution-1709456cdd,migliore2014_mt_soma,recording_resolution,"{""sample_every_ms"": 0.05}",P00_canonical,baseline_voltage,-64.9999771118164,-64.99992435132687,-64.99995076952882,5.2760489538172806e-05,2.641820195492528e-05,0.9979256718101562,-64.9999771118164,-64.99981883034778,-64.99989808495366,0.0,0.00010552097909055647,5.268457516649505e-05,0.0,within_reference_discretization_error
neuron_model_behavioral_validation,Neuraxis,development_pilot,PILOT2_PROTOCOL,Exploratory development data; second development iteration informed by Pilot 1; not independent confirmation; never pooled with the confirmatory held-out estimate,m-recording_resolution-1709456cdd,migliore2014_mt_soma,recording_resolution,"{""sample_every_ms"": 0.05}",P00_canonical,firing_regime,,,,,,,,,,,,,,no_change
neuron_model_behavioral_validation,Neuraxis,development_pilot,PILOT2_PROTOCOL,Exploratory development data; second development iteration informed by Pilot 1; not independent confirmation; never pooled with the confirmatory held-out estimate,m-recording_resolution-1709456cdd,migliore2014_mt_soma,recording_resolution,"{""sample_every_ms"": 0.05}",P00_canonical,first_isi,,,,,,,,,,,,,,no_change
neuron_model_behavioral_validation,Neuraxis,development_pilot,PILOT2_PROTOCOL,Exploratory development data; second development iteration informed by Pilot 1; not independent confirmation; never pooled with the confirmatory held-out estimate,m-recording_resolution-1709456cdd,migliore2014_mt_soma,recording_resolution,"{""sample_every_ms"": 0.05}",P00_canonical,first_spike_latency,15.58000000000149,15.520000000001502,15.500000000001506,0.05999999999998806,0.01999999999999602,1.584962500721156,15.600000000001486,15.500000000001506,15.500000000001506,0.01999999999999602,0.01999999999999602,0.0,0.3333333333333333,within_reference_discretization_error
neuron_model_behavioral_validation,Neuraxis,development_pilot,PILOT2_PROTOCOL,Exploratory development data; second development iteration informed by Pilot 1; not independent confirmation; never pooled with the confirmatory held-out estimate,m-recording_resolution-1709456cdd,migliore2014_mt_soma,recording_resolution,"{""sample_every_ms"": 0.05}",P00_canonical,last_isi,,,,,,,,,,,,,,no_change
neuron_model_behavioral_validation,Neuraxis,development_pilot,PILOT2_PROTOCOL,Exploratory development data; second development iteration informed by Pilot 1; not independent confirmation; never pooled with the confirmatory held-out estimate,m-recording_resolution-1709456cdd,migliore2014_mt_soma,recording_resolution,"{""sample_every_ms"": 0.05}",P00_canonical,mean_frequency,,,,,,,,,,,,,,no_change
neuron_model_behavioral_validation,Neuraxis,development_pilot,PILOT2_PROTOCOL,Exploratory development data; second development iteration informed by Pilot 1; not independent confirmation; never pooled with the confirmatory held-out estimate,m-recording_resolution-1709456cdd,migliore2014_mt_soma,recording_resolution,"{""sample_every_ms"": 0.05}",P00_canonical,spike_count,1.0,1.0,1.0,0.0,0.0,,1.0,1.0,1.0,0.0,0.0,0.0,,within_reference_discretization_error
neuron_model_behavioral_validation,Neuraxis,development_pilot,PILOT2_PROTOCOL,Exploratory development data; second development iteration informed by Pilot 1; not independent confirmation; never pooled with the confirmatory held-out estimate,m-recording_resolution-1709456cdd,migliore2014_mt_soma,recording_resolution,"{""sample_every_ms"": 0.05}",P02_weak_step,baseline_voltage,-64.9999771118164,-64.9999771118164,-64.99997692871095,0.0,1.83105456130761e-07,,-64.9999771118164,-64.9999771118164,-64.9999765625,0.0,0.0,3.6621095489408617e-07,,within_reference_discretization_error
neuron_model_behavioral_validation,Neuraxis,development_pilot,PILOT2_PROTOCOL,Exploratory development data; second development iteration informed by Pilot 1; not independent confirmation; never pooled with the confirmatory held-out estimate,m-recording_resolution-1709456cdd,migliore2014_mt_soma,recording_resolution,"{""sample_every_ms"": 0.05}",P02_weak_step,spike_count,0.0,0.0,0.0,0.0,0.0,,0.0,0.0,0.0,0.0,0.0,0.0,,within_reference_discretization_error
neuron_model_behavioral_validation,Neuraxis,development_pilot,PILOT2_PROTOCOL,Exploratory development data; second development iteration informed by Pilot 1; not independent confirmation; never pooled with the confirmatory held-out estimate,m-recording_resolution-1709456cdd,migliore2014_mt_soma,recording_resolution,"{""sample_every_ms"": 0.05}",P02_weak_step,steady_state_voltage,-58.44957622985835,-58.449576139068554,-58.449575885009764,9.078979701371281e-08,2.5405879000572895e-07,-1.4845602986044335,-58.449577165222145,-58.449576625061034,-58.44957593231201,9.353637935305414e-07,4.859924800371118e-07,4.730224389959403e-08,10.302521035367718,exceeds_reference_discretization_error
neuron_model_behavioral_validation,Neuraxis,development_pilot,PILOT2_PROTOCOL,Exploratory development data; second development iteration informed by Pilot 1; not independent confirmation; never pooled with the confirmatory held-out estimate,m-recording_resolution-1709456cdd,migliore2014_mt_soma,recording_resolution,"{""sample_every_ms"": 0.05}",P02_weak_step,voltage_deflection,6.550400881958055,6.550400972747852,6.550401043701186,9.078979701371281e-08,7.095333387496794e-08,0.35565970249713186,6.550399946594261,6.550400486755372,6.550400630187987,9.353637935305414e-07,4.859924800371118e-07,4.135131987936802e-07,10.302521035367718,exceeds_reference_discretization_error
neuron_model_behavioral_validation,Neuraxis,development_pilot,PILOT2_PROTOCOL,Exploratory development data; second development iteration informed by Pilot 1; not independent confirmation; never pooled with the confirmatory held-out estimate,m-recording_resolution-1709456cdd,migliore2014_mt_soma,recording_resolution,"{""sample_every_ms"": 0.05}",P03_rheobase,rheobase,0.024690936411447307,0.024690936411447307,0.024690936411447307,0.0,0.0,,0.024690936411447307,0.024690936411447307,0.024690936411447307,0.0,0.0,0.0,,within_reference_discretization_error
neuron_model_behavioral_validation,Neuraxis,development_pilot,PILOT2_PROTOCOL,Exploratory development data; second development iteration informed by Pilot 1; not independent confirmation; never pooled with the confirmatory held-out estimate,m-recording_resolution-1709456cdd,migliore2014_mt_soma,recording_resolution,"{""sample_every_ms"": 0.05}",P04_step_2x,adaptation_index,0.0076978106032479145,0.007682093803921673,0.007698809338994023,1.57167993262413e-05,1.6715535072349755e-05,-0.0888820895841718,0.007779392392876924,0.007617229047413306,0.007779394112904069,8.158178962900959e-05,6.486475650836765e-05,8.058477391004615e-05,5.190738135391082,exceeds_reference_discretization_error
neuron_model_behavioral_validation,Neuraxis,development_pilot,PILOT2_PROTOCOL,Exploratory development data; second development iteration informed by Pilot 1; not independent confirmation; never pooled with the confirmatory held-out estimate,m-recording_resolution-1709456cdd,migliore2014_mt_soma,recording_resolution,"{""sample_every_ms"": 0.05}",P04_step_2x,ahp_depth,-13.209152221679446,-13.192115783691406,-13.183663144429445,0.017036437988039665,0.008452639261960826,1.0111499399417012,-13.209144592284261,-13.19203186035142,-13.183611198423009,7.629395184949317e-06,8.392333998585855e-05,5.1946006436764947e-05,0.0004478280724119379,within_reference_discretization_error
neuron_model_behavioral_validation,Neuraxis,development_pilot,PILOT2_PROTOCOL,Exploratory development data; second development iteration informed by Pilot 1; not independent confirmation; never pooled with the confirmatory held-out estimate,m-recording_resolution-1709456cdd,migliore2014_mt_soma,recording_resolution,"{""sample_every_ms"": 0.05}",P04_step_2x,ap_amplitude,84.44722366475656,84.47930145405832,84.4825592055659,0.03207778930175209,0.003257751507590001,3.2996262509831236,84.34537506224768,84.56354522808783,84.47801590088808,0.1018486025088805,0.08424377402951677,0.004543304677824267,3.1750505482407894,exceeds_reference_discretization_error
neuron_model_behavioral_validation,Neuraxis,development_pilot,PILOT2_PROTOCOL,Exploratory development data; second development iteration informed by Pilot 1; not independent confirmation; never pooled with the confirmatory held-out estimate,m-recording_resolution-1709456cdd,migliore2014_mt_soma,recording_resolution,"{""sample_every_ms"": 0.05}",P04_step_2x,ap_half_width,3.8399999999965075,3.8499999999964984,3.8499999999964984,0.009999999999990905,0.0,,3.8399999999965075,3.8599999999964894,3.8499999999964984,0.0,0.009999999999990905,0.0,0.0,within_reference_discretization_error
neuron_model_behavioral_validation,Neuraxis,development_pilot,PILOT2_PROTOCOL,Exploratory development data; second development iteration informed by Pilot 1; not independent confirmation; never pooled with the confirmatory held-out estimate,m-recording_resolution-1709456cdd,migliore2014_mt_soma,recording_resolution,"{""sample_every_ms"": 0.05}",P04_step_2x,burst_count,1.0,1.0,1.0,0.0,0.0,,1.0,1.0,1.0,0.0,0.0,0.0,,within_reference_discretization_error
neuron_model_behavioral_validation,Neuraxis,development_pilot,PILOT2_PROTOCOL,Exploratory development data; second development iteration informed by Pilot 1; not independent confirmation; never pooled with the confirmatory held-out estimate,m-recording_resolution-1709456cdd,migliore2014_mt_soma,recording_resolution,"{""sample_every_ms"": 0.05}",P04_step_2x,firing_regime,,,,,,,,,,,,,,no_change
neuron_model_behavioral_validation,Neuraxis,development_pilot,PILOT2_PROTOCOL,Exploratory development data; second development iteration informed by Pilot 1; not independent confirmation; never pooled with the confirmatory held-out estimate,m-recording_resolution-1709456cdd,migliore2014_mt_soma,recording_resolution,"{""sample_every_ms"": 0.05}",P04_step_2x,first_isi,73.12999999993349,73.12999999993349,73.12999999993349,0.0,0.0,,73.14999999993347,73.14999999993347,73.14999999993347,0.01999999999998181,0.01999999999998181,0.01999999999998181,,exceeds_reference_discretization_error
neuron_model_behavioral_validation,Neuraxis,development_pilot,PILOT2_PROTOCOL,Exploratory development data; second development iteration informed by Pilot 1; not independent confirmation; never pooled with the confirmatory held-out estimate,m-recording_resolution-1709456cdd,migliore2014_mt_soma,recording_resolution,"{""sample_every_ms"": 0.05}",P04_step_2x,first_spike_latency,19.199999999854697,19.169999999854724,19.159999999854733,0.029999999999972715,0.009999999999990905,1.584962500721156,19.199999999854697,19.149999999854742,19.149999999854742,0.0,0.01999999999998181,0.009999999999990905,0.0,within_reference_discretization_error
neuron_model_behavioral_validation,Neuraxis,development_pilot,PILOT2_PROTOCOL,Exploratory development data; second development iteration informed by Pilot 1; not independent confirmation; never pooled with the confirmatory held-out estimate,m-recording_resolution-1709456cdd,migliore2014_mt_soma,recording_resolution,"{""sample_every_ms"": 0.05}",P04_step_2x,last_isi,79.52999999992767,79.51999999992768,79.51999999992768,0.009999999999990905,0.0,,79.54999999992765,79.4999999999277,79.54999999992765,0.01999999999998181,0.01999999999998181,0.029999999999972715,2.0,within_reference_discretization_error
neuron_model_behavioral_validation,Neuraxis,development_pilot,PILOT2_PROTOCOL,Exploratory development data; second development iteration informed by Pilot 1; not independent confirmation; never pooled with the confirmatory held-out estimate,m-recording_resolution-1709456cdd,migliore2014_mt_soma,recording_resolution,"{""sample_every_ms"": 0.05}",P04_step_2x,mean_frequency,14.612558450250988,14.614694030958587,14.61560947093213,0.00213558070759845,0.0009154399735429308,1.2220912261050982,14.612253418240755,14.615304311531963,14.615304311531963,0.0003050320102335746,0.0006102805733760874,0.0003051594001668434,0.1428332861166347,within_reference_discretization_error
neuron_model_behavioral_validation,Neuraxis,development_pilot,PILOT2_PROTOCOL,Exploratory development data; second development iteration informed by Pilot 1; not independent confirmation; never pooled with the confirmatory held-out estimate,m-recording_resolution-1709456cdd,migliore2014_mt_soma,recording_resolution,"{""sample_every_ms"": 0.05}",P04_step_2x,spike_count,7.0,7.0,7.0,0.0,0.0,,7.0,7.0,7.0,0.0,0.0,0.0,,within_reference_discretization_error
neuron_model_behavioral_validation,Neuraxis,development_pilot,PILOT2_PROTOCOL,Exploratory development data; second development iteration informed by Pilot 1; not independent confirmation; never pooled with the confirmatory held-out estimate,m-recording_resolution-1709456cdd,migliore2014_mt_soma,recording_resolution,"{""sample_every_ms"": 0.05}",P05_long_step,adaptation_index,0.005414466597953451,0.0054122174080685195,0.005406668105859248,2.2491898849317377e-06,5.549302209271155e-06,-1.3029009089010501,0.005423837368134234,0.005409965147944586,0.00540996646411917,9.37077018078273e-06,2.2522601239331405e-06,3.298358259921398e-06,4.166286823340898,exceeds_reference_discretization_error
neuron_model_behavioral_validation,Neuraxis,development_pilot,PILOT2_PROTOCOL,Exploratory development data; second development iteration informed by Pilot 1; not independent confirmation; never pooled with the confirmatory held-out estimate,m-recording_resolution-1709456cdd,migliore2014_mt_soma,recording_resolution,"{""sample_every_ms"": 0.05}",P05_long_step,ahp_depth,-14.216171264648949,-14.199851989746094,-14.19175011952916,0.01631927490285534,0.008101870216933094,1.0102500770537206,-14.216102600097585,-14.199844360349886,-14.19175121307262,6.866455136389504e-05,7.629396208130856e-06,1.0935434602288296e-06,0.0042075736681095426,within_reference_discretization_error
neuron_model_behavioral_validation,Neuraxis,development_pilot,PILOT2_PROTOCOL,Exploratory development data; second development iteration informed by Pilot 1; not independent confirmation; never pooled with the confirmatory held-out estimate,m-recording_resolution-1709456cdd,migliore2014_mt_soma,recording_resolution,"{""sample_every_ms"": 0.05}",P05_long_step,ap_amplitude,84.2643203750593,84.2574310317606,84.24109649813172,0.006889343298695394,0.01633453362887849,-1.2454868896388218,84.16301727416499,84.34019317780873,84.23684616219532,0.10130310089431305,0.08276214604812537,0.004250335936404781,14.704318902716953,exceeds_reference_discretization_error
neuron_model_behavioral_validation,Neuraxis,development_pilot,PILOT2_PROTOCOL,Exploratory development data; second development iteration informed by Pilot 1; not independent confirmation; never pooled with the confirmatory held-out estimate,m-recording_resolution-1709456cdd,migliore2014_mt_soma,recording_resolution,"{""sample_every_ms"": 0.05}",P05_long_step,ap_half_width,3.8299999999965166,3.8299999999965166,3.8299999999965166,0.0,0.0,,3.8199999999965257,3.8299999999965166,3.8299999999965166,0.009999999999990905,0.0,0.0,,exceeds_reference_discretization_error
neuron_model_behavioral_validation,Neuraxis,development_pilot,PILOT2_PROTOCOL,Exploratory development data; second development iteration informed by Pilot 1; not independent confirmation; never pooled with the confirmatory held-out estimate,m-recording_resolution-1709456cdd,migliore2014_mt_soma,recording_resolution,"{""sample_every_ms"": 0.05}",P05_long_step,burst_count,1.0,1.0,1.0,0.0,0.0,,1.0,1.0,1.0,0.0,0.0,0.0,,within_reference_discretization_error
neuron_model_behavioral_validation,Neuraxis,development_pilot,PILOT2_PROTOCOL,Exploratory development data; second development iteration informed by Pilot 1; not independent confirmation; never pooled with the confirmatory held-out estimate,m-recording_resolution-1709456cdd,migliore2014_mt_soma,recording_resolution,"{""sample_every_ms"": 0.05}",P05_long_step,firing_regime,,,,,,,,,,,,,,no_change
neuron_model_behavioral_validation,Neuraxis,development_pilot,PILOT2_PROTOCOL,Exploratory development data; second development iteration informed by Pilot 1; not independent confirmation; never pooled with the confirmatory held-out estimate,m-recording_resolution-1709456cdd,migliore2014_mt_soma,recording_resolution,"{""sample_every_ms"": 0.05}",P05_long_step,first_isi,91.02999999991721,91.0399999999172,91.02999999991721,0.009999999999990905,0.009999999999990905,0.0,91.04999999991719,90.99999999991724,91.04999999991719,0.01999999999998181,0.03999999999996362,0.01999999999998181,2.0,within_reference_discretization_error
neuron_model_behavioral_validation,Neuraxis,development_pilot,PILOT2_PROTOCOL,Exploratory development data; second development iteration informed by Pilot 1; not independent confirmation; never pooled with the confirmatory held-out estimate,m-recording_resolution-1709456cdd,migliore2014_mt_soma,recording_resolution,"{""sample_every_ms"": 0.05}",P05_long_step,first_spike_latency,27.809999999846866,27.769999999846902,27.75999999984691,0.03999999999996362,0.009999999999990905,2.0,27.799999999846875,27.799999999846875,27.74999999984692,0.009999999999990905,0.029999999999972715,0.009999999999990905,0.25,within_reference_discretization_error
neuron_model_behavioral_validation,Neuraxis,development_pilot,PILOT2_PROTOCOL,Exploratory development data; second development iteration informed by Pilot 1; not independent confirmation; never pooled with the confirmatory held-out estimate,m-recording_resolution-1709456cdd,migliore2014_mt_soma,recording_resolution,"{""sample_every_ms"": 0.05}",P05_long_step,last_isi,112.64000000245869,112.62000000245826,112.60000000245782,0.020000000000436557,0.020000000000436557,0.0,112.65000000245891,112.60000000245782,112.60000000245782,0.010000000000218279,0.020000000000436557,0.0,0.5,within_reference_discretization_error
neuron_model_behavioral_validation,Neuraxis,development_pilot,PILOT2_PROTOCOL,Exploratory development data; second development iteration informed by Pilot 1; not independent confirmation; never pooled with the confirmatory held-out estimate,m-recording_resolution-1709456cdd,migliore2014_mt_soma,recording_resolution,"{""sample_every_ms"": 0.05}",P05_long_step,mean_frequency,9.706010063585746,9.707993766431983,9.708985921956307,0.0019837028462372785,0.0009921555243241897,0.999557738136777,9.706010063585746,9.707993766431983,9.708985921956307,0.0,0.0,0.0,0.0,within_reference_discretization_error
neuron_model_behavioral_validation,Neuraxis,development_pilot,PILOT2_PROTOCOL,Exploratory development data; second development iteration informed by Pilot 1; not independent confirmation; never pooled with the confirmatory held-out estimate,m-recording_resolution-1709456cdd,migliore2014_mt_soma,recording_resolution,"{""sample_every_ms"": 0.05}",P05_long_step,spike_count,19.0,19.0,19.0,0.0,0.0,,19.0,19.0,19.0,0.0,0.0,0.0,,within_reference_discretization_error
neuron_model_behavioral_validation,Neuraxis,development_pilot,PILOT2_PROTOCOL,Exploratory development data; second development iteration informed by Pilot 1; not independent confirmation; never pooled with the confirmatory held-out estimate,m-recording_resolution-1709456cdd,migliore2014_mt_soma,recording_resolution,"{""sample_every_ms"": 0.05}",P06_ramp,firing_regime,,,,,,,,,,,,,,no_change
neuron_model_behavioral_validation,Neuraxis,development_pilot,PILOT2_PROTOCOL,Exploratory development data; second development iteration informed by Pilot 1; not independent confirmation; never pooled with the confirmatory held-out estimate,m-recording_resolution-1709456cdd,migliore2014_mt_soma,recording_resolution,"{""sample_every_ms"": 0.05}",P06_ramp,first_spike_latency,400.72999999950775,400.6799999995078,400.6499999995078,0.049999999999954525,0.029999999999972715,0.7369655941662062,400.74999999950774,400.6999999995078,400.6499999995078,0.01999999999998181,0.01999999999998181,0.0,0.4,within_reference_discretization_error
neuron_model_behavioral_validation,Neuraxis,development_pilot,PILOT2_PROTOCOL,Exploratory development data; second development iteration informed by Pilot 1; not independent confirmation; never pooled with the confirmatory held-out estimate,m-recording_resolution-1709456cdd,migliore2014_mt_soma,recording_resolution,"{""sample_every_ms"": 0.05}",P06_ramp,mean_frequency,9.067918711155903,9.068741057223095,9.06910659224223,0.0008223460671921146,0.00036553501913516584,1.1697360233533987,9.068010075576165,9.068923821049319,9.068923821049319,9.136442026225211e-05,0.00018276382622417486,0.00018277119291099098,0.11110215505038437,within_reference_discretization_error
neuron_model_behavioral_validation,Neuraxis,development_pilot,PILOT2_PROTOCOL,Exploratory development data; second development iteration informed by Pilot 1; not independent confirmation; never pooled with the confirmatory held-out estimate,m-recording_resolution-1709456cdd,migliore2014_mt_soma,recording_resolution,"{""sample_every_ms"": 0.05}",P06_ramp,spike_count,9.0,9.0,9.0,0.0,0.0,,9.0,9.0,9.0,0.0,0.0,0.0,,within_reference_discretization_error
neuron_model_behavioral_validation,Neuraxis,development_pilot,PILOT2_PROTOCOL,Exploratory development data; second development iteration informed by Pilot 1; not independent confirmation; never pooled with the confirmatory held-out estimate,m-recording_resolution-1709456cdd,migliore2014_mt_soma,recording_resolution,"{""sample_every_ms"": 0.05}",P07_hyperpolarizing_step,baseline_voltage,-64.9999771118164,-64.9999771118164,-64.99997747294104,0.0,3.611246341961305e-07,,-64.9999771118164,-64.9999771118164,-64.99997819519044,0.0,0.0,7.222493962899534e-07,,within_reference_discretization_error
neuron_model_behavioral_validation,Neuraxis,development_pilot,PILOT2_PROTOCOL,Exploratory development data; second development iteration informed by Pilot 1; not independent confirmation; never pooled with the confirmatory held-out estimate,m-recording_resolution-1709456cdd,migliore2014_mt_soma,recording_resolution,"{""sample_every_ms"": 0.05}",P07_hyperpolarizing_step,minimum_voltage,-81.01427459716797,-81.01427459716797,-81.01427459716797,0.0,0.0,,-81.01427459716797,-81.01427459716797,-81.01427459716797,0.0,0.0,0.0,,within_reference_discretization_error
neuron_model_behavioral_validation,Neuraxis,development_pilot,PILOT2_PROTOCOL,Exploratory development data; second development iteration informed by Pilot 1; not independent confirmation; never pooled with the confirmatory held-out estimate,m-recording_resolution-1709456cdd,migliore2014_mt_soma,recording_resolution,"{""sample_every_ms"": 0.05}",P07_hyperpolarizing_step,sag_ratio,2.0129526736024145e-05,2.0102752413302014e-05,2.0075692702235223e-05,2.6774322722131297e-08,2.705971106679129e-08,-0.015296353538526602,2.0238910805928215e-05,2.0157635015612322e-05,2.007588417192008e-05,1.0938406990406948e-07,5.4882602310308285e-08,1.9146968485735777e-10,4.085409406589922,exceeds_reference_discretization_error
neuron_model_behavioral_validation,Neuraxis,development_pilot,PILOT2_PROTOCOL,Exploratory development data; second development iteration informed by Pilot 1; not independent confirmation; never pooled with the confirmatory held-out estimate,m-recording_resolution-1709456cdd,migliore2014_mt_soma,recording_resolution,"{""sample_every_ms"": 0.05}",P07_hyperpolarizing_step,spike_count,0.0,0.0,0.0,0.0,0.0,,0.0,0.0,0.0,0.0,0.0,0.0,,within_reference_discretization_error
neuron_model_behavioral_validation,Neuraxis,development_pilot,PILOT2_PROTOCOL,Exploratory development data; second development iteration informed by Pilot 1; not independent confirmation; never pooled with the confirmatory held-out estimate,m-recording_resolution-1709456cdd,migliore2014_mt_soma,recording_resolution,"{""sample_every_ms"": 0.05}",P07_hyperpolarizing_step,steady_state_voltage,-81.01395223693858,-81.01395266571055,-81.01395309906006,4.2877196904100856e-07,4.3334951271845057e-07,-0.015320489661772319,-81.01395048522954,-81.01395178680423,-81.01395309600831,1.751709035602289e-06,8.789063201675162e-07,3.0517526283802e-09,4.085409406590085,exceeds_reference_discretization_error
neuron_model_behavioral_validation,Neuraxis,development_pilot,PILOT2_PROTOCOL,Exploratory development data; second development iteration informed by Pilot 1; not independent confirmation; never pooled with the confirmatory held-out estimate,m-recording_resolution-1709456cdd,migliore2014_mt_soma,recording_resolution,"{""sample_every_ms"": 0.05}",P07_hyperpolarizing_step,voltage_deflection,-16.013975125122172,-16.01397555389414,-16.01397562611902,4.2877196904100856e-07,7.222487852232007e-08,2.5696428153360484,-16.013973373413137,-16.01397467498782,-16.01397490081787,1.751709035602289e-06,8.789063201675162e-07,7.253011489183336e-07,4.085409406590085,exceeds_reference_discretization_error
neuron_model_behavioral_validation,Neuraxis,development_pilot,PILOT2_PROTOCOL,Exploratory development data; second development iteration informed by Pilot 1; not independent confirmation; never pooled with the confirmatory held-out estimate,m-recording_resolution-1709456cdd,migliore2014_mt_soma,recording_resolution,"{""sample_every_ms"": 0.05}",P08_rebound,firing_regime,,,,,,,,,,,,,,no_change
neuron_model_behavioral_validation,Neuraxis,development_pilot,PILOT2_PROTOCOL,Exploratory development data; second development iteration informed by Pilot 1; not independent confirmation; never pooled with the confirmatory held-out estimate,m-recording_resolution-1709456cdd,migliore2014_mt_soma,recording_resolution,"{""sample_every_ms"": 0.05}",P08_rebound,first_spike_latency,,,,,,,,,,,,,,no_change
neuron_model_behavioral_validation,Neuraxis,development_pilot,PILOT2_PROTOCOL,Exploratory development data; second development iteration informed by Pilot 1; not independent confirmation; never pooled with the confirmatory held-out estimate,m-recording_resolution-1709456cdd,migliore2014_mt_soma,recording_resolution,"{""sample_every_ms"": 0.05}",P08_rebound,maximum_voltage,-64.96694946289062,-64.96698760986328,-64.9670181274414,3.814697265625e-05,3.0517578125e-05,0.32192809488736235,-64.96694946289062,-64.96698760986328,-64.9670181274414,0.0,0.0,0.0,0.0,within_reference_discretization_error
neuron_model_behavioral_validation,Neuraxis,development_pilot,PILOT2_PROTOCOL,Exploratory development data; second development iteration informed by Pilot 1; not independent confirmation; never pooled with the confirmatory held-out estimate,m-recording_resolution-1709456cdd,migliore2014_mt_soma,recording_resolution,"{""sample_every_ms"": 0.05}",P08_rebound,spike_count,0.0,0.0,0.0,0.0,0.0,,0.0,0.0,0.0,0.0,0.0,0.0,,within_reference_discretization_error
neuron_model_behavioral_validation,Neuraxis,development_pilot,PILOT2_PROTOCOL,Exploratory development data; second development iteration informed by Pilot 1; not independent confirmation; never pooled with the confirmatory held-out estimate,m-recording_resolution-1709456cdd,migliore2014_mt_soma,recording_resolution,"{""sample_every_ms"": 0.05}",P09_short_pulse,ahp_depth,-17.906005859375,-17.89281463623047,-17.88627988433801,0.01319122314453125,0.006534751892459667,1.0133739766238365,-17.90595245361328,-17.89279937744037,-17.886271903990803,5.340576171875e-05,1.5258790099892394e-05,7.980347206171245e-06,0.004048582995951417,within_reference_discretization_error
neuron_model_behavioral_validation,Neuraxis,development_pilot,PILOT2_PROTOCOL,Exploratory development data; second development iteration informed by Pilot 1; not independent confirmation; never pooled with the confirmatory held-out estimate,m-recording_resolution-1709456cdd,migliore2014_mt_soma,recording_resolution,"{""sample_every_ms"": 0.05}",P09_short_pulse,ap_amplitude,84.03120803962754,84.07723236217922,84.08748626840048,0.046024322551673436,0.010253906221265652,2.1662228776808505,84.122415162425,84.07646560771323,83.98427963373757,0.09120712279745646,0.0007667544659852865,0.1032066346629108,1.9817157046701646,within_reference_discretization_error
neuron_model_behavioral_validation,Neuraxis,development_pilot,PILOT2_PROTOCOL,Exploratory development data; second development iteration informed by Pilot 1; not independent confirmation; never pooled with the confirmatory held-out estimate,m-recording_resolution-1709456cdd,migliore2014_mt_soma,recording_resolution,"{""sample_every_ms"": 0.05}",P09_short_pulse,ap_half_width,3.809999999996535,3.8199999999965257,3.8199999999965257,0.009999999999990905,0.0,,3.8199999999965257,3.8199999999965257,3.8199999999965257,0.009999999999990905,0.0,0.0,1.0,within_reference_discretization_error
neuron_model_behavioral_validation,Neuraxis,development_pilot,PILOT2_PROTOCOL,Exploratory development data; second development iteration informed by Pilot 1; not independent confirmation; never pooled with the confirmatory held-out estimate,m-recording_resolution-1709456cdd,migliore2014_mt_soma,recording_resolution,"{""sample_every_ms"": 0.05}",P09_short_pulse,first_spike_latency,5.479999999867175,5.459999999867193,5.4399999998672115,0.01999999999998181,0.01999999999998181,0.0,5.499999999867157,5.449999999867202,5.449999999867202,0.01999999999998181,0.009999999999990905,0.009999999999990905,1.0,within_reference_discretization_error
neuron_model_behavioral_validation,Neuraxis,development_pilot,PILOT2_PROTOCOL,Exploratory development data; second development iteration informed by Pilot 1; not independent confirmation; never pooled with the confirmatory held-out estimate,m-recording_resolution-1709456cdd,migliore2014_mt_soma,recording_resolution,"{""sample_every_ms"": 0.05}",P09_short_pulse,spike_count,1.0,1.0,1.0,0.0,0.0,,1.0,1.0,1.0,0.0,0.0,0.0,,within_reference_discretization_error
neuron_model_behavioral_validation,Neuraxis,development_pilot,PILOT2_PROTOCOL,Exploratory development data; second development iteration informed by Pilot 1; not independent confirmation; never pooled with the confirmatory held-out estimate,m-increase_dt-c64b4ee7fc,nml2_hh_example,increase_dt,"{""dt_factor"": 4}",P00_canonical,adaptation_index,-7.74713208133793e-05,-1.02201355559918e-13,-7.800312022786249e-05,7.747132071117794e-05,7.800312012566113e-05,-0.00986949836941462,0.0004040404039192498,-0.00020487605011938224,-7.74713208133793e-05,0.0004815117247326291,0.00020487605001718088,5.317994144831903e-07,6.215354537813556,exceeds_reference_discretization_error
neuron_model_behavioral_validation,Neuraxis,development_pilot,PILOT2_PROTOCOL,Exploratory development data; second development iteration informed by Pilot 1; not independent confirmation; never pooled with the confirmatory held-out estimate,m-increase_dt-c64b4ee7fc,nml2_hh_example,increase_dt,"{""dt_factor"": 4}",P00_canonical,ahp_depth,-10.343139648437372,-10.327699567887592,-10.319928126378386,0.015440080549780077,0.007771441509206056,0.990426147864244,-10.433364868160226,-10.37416402109784,-10.343139648437372,0.09022521972285347,0.04646445321024828,0.023211522058986134,5.8435718280069855,exceeds_reference_discretization_error
neuron_model_behavioral_validation,Neuraxis,development_pilot,PILOT2_PROTOCOL,Exploratory development data; second development iteration informed by Pilot 1; not independent confirmation; never pooled with the confirmatory held-out estimate,m-increase_dt-c64b4ee7fc,nml2_hh_example,increase_dt,"{""dt_factor"": 4}",P00_canonical,ap_amplitude,95.13947677592056,95.29706954941832,95.37940597518664,0.15759277349776823,0.08233642576831812,0.9365986531372451,94.05095291110642,94.80019760106168,95.13947677592056,1.0885238648141353,0.4968719483566417,0.23992919926608636,6.90719403342153,exceeds_reference_discretization_error
neuron_model_behavioral_validation,Neuraxis,development_pilot,PILOT2_PROTOCOL,Exploratory development data; second development iteration informed by Pilot 1; not independent confirmation; never pooled with the confirmatory held-out estimate,m-increase_dt-c64b4ee7fc,nml2_hh_example,increase_dt,"{""dt_factor"": 4}",P00_canonical,ap_half_width,1.3400000000006855,1.3400000000006855,1.3500000000006906,0.0,0.010000000000005116,,1.3300000000006804,1.3300000000006804,1.3400000000006855,0.010000000000005116,0.010000000000005116,0.010000000000005116,,exceeds_reference_discretization_error
neuron_model_behavioral_validation,Neuraxis,development_pilot,PILOT2_PROTOCOL,Exploratory development data; second development iteration informed by Pilot 1; not independent confirmation; never pooled with the confirmatory held-out estimate,m-increase_dt-c64b4ee7fc,nml2_hh_example,increase_dt,"{""dt_factor"": 4}",P00_canonical,baseline_voltage,-64.9740524291991,-64.97401246824452,-64.97403244491093,3.996095458091986e-05,1.997666640818352e-05,1.0002751918915789,-64.9740524291991,-64.97381266347143,-64.9740524291991,0.0,0.00019980477308934042,1.9984288172736342e-05,0.0,within_reference_discretization_error
neuron_model_behavioral_validation,Neuraxis,development_pilot,PILOT2_PROTOCOL,Exploratory development data; second development iteration informed by Pilot 1; not independent confirmation; never pooled with the confirmatory held-out estimate,m-increase_dt-c64b4ee7fc,nml2_hh_example,increase_dt,"{""dt_factor"": 4}",P00_canonical,firing_regime,,,,,,,,,,,,,,no_change
neuron_model_behavioral_validation,Neuraxis,development_pilot,PILOT2_PROTOCOL,Exploratory development data; second development iteration informed by Pilot 1; not independent confirmation; never pooled with the confirmatory held-out estimate,m-increase_dt-c64b4ee7fc,nml2_hh_example,increase_dt,"{""dt_factor"": 4}",P00_canonical,first_isi,16.350000000008365,16.290000000008334,16.250000000008313,0.060000000000030695,0.040000000000020464,0.5849625007211562,16.760000000008574,16.48000000000843,16.350000000008365,0.41000000000020975,0.1900000000000972,0.10000000000005116,6.833333333333333,exceeds_reference_discretization_error
neuron_model_behavioral_validation,Neuraxis,development_pilot,PILOT2_PROTOCOL,Exploratory development data; second development iteration informed by Pilot 1; not independent confirmation; never pooled with the confirmatory held-out estimate,m-increase_dt-c64b4ee7fc,nml2_hh_example,increase_dt,"{""dt_factor"": 4}",P00_canonical,first_spike_latency,2.5200000000155427,2.460000000015512,2.4400000000155018,0.060000000000030695,0.020000000000010232,1.584962500721156,2.800000000015686,2.6000000000155836,2.5200000000155427,0.28000000000014325,0.14000000000007162,0.08000000000004093,4.666666666666667,exceeds_reference_discretization_error
neuron_model_behavioral_validation,Neuraxis,development_pilot,PILOT2_PROTOCOL,Exploratory development data; second development iteration informed by Pilot 1; not independent confirmation; never pooled with the confirmatory held-out estimate,m-increase_dt-c64b4ee7fc,nml2_hh_example,increase_dt,"{""dt_factor"": 4}",P00_canonical,last_isi,16.12999999998533,16.059999999985394,16.01999999998543,0.06999999999993634,0.03999999999996362,0.8073549220576041,16.519999999984975,16.25999999998521,16.12999999998533,0.3899999999996453,0.1999999999998181,0.10999999999989996,5.571428571428571,exceeds_reference_discretization_error
neuron_model_behavioral_validation,Neuraxis,development_pilot,PILOT2_PROTOCOL,Exploratory development data; second development iteration informed by Pilot 1; not independent confirmation; never pooled with the confirmatory held-out estimate,m-increase_dt-c64b4ee7fc,nml2_hh_example,increase_dt,"{""dt_factor"": 4}",P00_canonical,mean_frequency,70.3446889760081,70.67851373185125,70.8502024291755,0.3338247558431533,0.1716886973242424,0.9592958799193434,70.12622720899566,71.32667617690922,70.3446889760081,0.21846176701244246,0.648162445057963,0.5055134531673957,0.6544205101286322,within_reference_discretization_error
neuron_model_behavioral_validation,Neuraxis,development_pilot,PILOT2_PROTOCOL,Exploratory development data; second development iteration informed by Pilot 1; not independent confirmation; never pooled with the confirmatory held-out estimate,m-increase_dt-c64b4ee7fc,nml2_hh_example,increase_dt,"{""dt_factor"": 4}",P00_canonical,spike_count,7.0,7.0,7.0,0.0,0.0,,6.0,6.0,7.0,1.0,1.0,0.0,,exceeds_reference_discretization_error
neuron_model_behavioral_validation,Neuraxis,development_pilot,PILOT2_PROTOCOL,Exploratory development data; second development iteration informed by Pilot 1; not independent confirmation; never pooled with the confirmatory held-out estimate,m-increase_dt-c64b4ee7fc,nml2_hh_example,increase_dt,"{""dt_factor"": 4}",P02_weak_step,baseline_voltage,-64.97405242919922,-64.97405242919922,-64.97405196126307,0.0,4.679361467196941e-07,,-64.97404120635996,-64.97404869079595,-64.97405242919922,1.122283926235923e-05,3.7384032651743837e-06,4.679361467196941e-07,,exceeds_reference_discretization_error
neuron_model_behavioral_validation,Neuraxis,development_pilot,PILOT2_PROTOCOL,Exploratory development data; second development iteration informed by Pilot 1; not independent confirmation; never pooled with the confirmatory held-out estimate,m-increase_dt-c64b4ee7fc,nml2_hh_example,increase_dt,"{""dt_factor"": 4}",P02_weak_step,spike_count,0.0,0.0,0.0,0.0,0.0,,0.0,0.0,0.0,0.0,0.0,0.0,,within_reference_discretization_error
neuron_model_behavioral_validation,Neuraxis,development_pilot,PILOT2_PROTOCOL,Exploratory development data; second development iteration informed by Pilot 1; not independent confirmation; never pooled with the confirmatory held-out estimate,m-increase_dt-c64b4ee7fc,nml2_hh_example,increase_dt,"{""dt_factor"": 4}",P02_weak_step,steady_state_voltage,-64.08310811767565,-64.08310755462634,-64.0831069946289,5.630493120634128e-07,5.599974315373402e-07,0.00784106941899432,-64.08311372375462,-64.0831069946289,-64.08310811767565,5.606078971709394e-06,5.599974315373402e-07,1.123046743600753e-06,9.956639412567146,exceeds_reference_discretization_error
neuron_model_behavioral_validation,Neuraxis,development_pilot,PILOT2_PROTOCOL,Exploratory development data; second development iteration informed by Pilot 1; not independent confirmation; never pooled with the confirmatory held-out estimate,m-increase_dt-c64b4ee7fc,nml2_hh_example,increase_dt,"{""dt_factor"": 4}",P02_weak_step,voltage_deflection,0.8909443115235689,0.890944874572881,0.8909449666341658,5.630493120634128e-07,9.206128481764608e-08,2.6125947973656753,0.8909274826053348,0.8909416961670473,0.8909443115235689,1.6828918234068624e-05,3.1784058336370435e-06,6.551105968810589e-07,29.888888723432604,exceeds_reference_discretization_error
neuron_model_behavioral_validation,Neuraxis,development_pilot,PILOT2_PROTOCOL,Exploratory development data; second development iteration informed by Pilot 1; not independent confirmation; never pooled with the confirmatory held-out estimate,m-increase_dt-c64b4ee7fc,nml2_hh_example,increase_dt,"{""dt_factor"": 4}",P03_rheobase,rheobase,0.022436992008742575,0.02240284133597432,0.02240284133597432,3.415067276825445e-05,0.0,,0.022641896045352095,0.02250529335427908,0.022436992008742575,0.00020490403660951978,0.00010245201830475989,3.415067276825445e-05,5.999999999999797,exceeds_reference_discretization_error
neuron_model_behavioral_validation,Neuraxis,development_pilot,PILOT2_PROTOCOL,Exploratory development data; second development iteration informed by Pilot 1; not independent confirmation; never pooled with the confirmatory held-out estimate,m-increase_dt-c64b4ee7fc,nml2_hh_example,increase_dt,"{""dt_factor"": 4}",P04_step_2x,adaptation_index,,,,,,,,,,,,,,no_change
neuron_model_behavioral_validation,Neuraxis,development_pilot,PILOT2_PROTOCOL,Exploratory development data; second development iteration informed by Pilot 1; not independent confirmation; never pooled with the confirmatory held-out estimate,m-increase_dt-c64b4ee7fc,nml2_hh_example,increase_dt,"{""dt_factor"": 4}",P04_step_2x,ahp_depth,-10.697937011716306,-10.691650390625,-10.688508949278784,0.006286621091305733,0.0031414413462158564,1.0008581674771313,-10.735449840540113,-10.71046417744222,-10.697937011716306,0.037512828823807354,0.018813786817219125,0.00942806243752159,5.967089200856534,exceeds_reference_discretization_error
neuron_model_behavioral_validation,Neuraxis,development_pilot,PILOT2_PROTOCOL,Exploratory development data; second development iteration informed by Pilot 1; not independent confirmation; never pooled with the confirmatory held-out estimate,m-increase_dt-c64b4ee7fc,nml2_hh_example,increase_dt,"{""dt_factor"": 4}",P04_step_2x,ap_amplitude,92.72434234740876,92.82558822777118,92.86779022349262,0.10124588036241278,0.042201995721441676,1.2624800764136308,92.16730308538752,92.51287460404754,92.72434234740876,0.5570392620212488,0.31271362372363853,0.14344787608385445,5.501846198850851,exceeds_reference_discretization_error
neuron_model_behavioral_validation,Neuraxis,development_pilot,PILOT2_PROTOCOL,Exploratory development data; second development iteration informed by Pilot 1; not independent confirmation; never pooled with the confirmatory held-out estimate,m-increase_dt-c64b4ee7fc,nml2_hh_example,increase_dt,"{""dt_factor"": 4}",P04_step_2x,ap_half_width,1.3099999999988086,1.3099999999988086,1.3099999999988086,0.0,0.0,,1.2999999999988177,1.2999999999988177,1.3099999999988086,0.009999999999990905,0.009999999999990905,0.0,,exceeds_reference_discretization_error
neuron_model_behavioral_validation,Neuraxis,development_pilot,PILOT2_PROTOCOL,Exploratory development data; second development iteration informed by Pilot 1; not independent confirmation; never pooled with the confirmatory held-out estimate,m-increase_dt-c64b4ee7fc,nml2_hh_example,increase_dt,"{""dt_factor"": 4}",P04_step_2x,burst_count,,,,,,,,,,,,,,no_change
neuron_model_behavioral_validation,Neuraxis,development_pilot,PILOT2_PROTOCOL,Exploratory development data; second development iteration informed by Pilot 1; not independent confirmation; never pooled with the confirmatory held-out estimate,m-increase_dt-c64b4ee7fc,nml2_hh_example,increase_dt,"{""dt_factor"": 4}",P04_step_2x,firing_regime,,,,,,,,,,,,,,no_change
neuron_model_behavioral_validation,Neuraxis,development_pilot,PILOT2_PROTOCOL,Exploratory development data; second development iteration informed by Pilot 1; not independent confirmation; never pooled with the confirmatory held-out estimate,m-increase_dt-c64b4ee7fc,nml2_hh_example,increase_dt,"{""dt_factor"": 4}",P04_step_2x,first_isi,,,,,,,,,,,,,,no_change
neuron_model_behavioral_validation,Neuraxis,development_pilot,PILOT2_PROTOCOL,Exploratory development data; second development iteration informed by Pilot 1; not independent confirmation; never pooled with the confirmatory held-out estimate,m-increase_dt-c64b4ee7fc,nml2_hh_example,increase_dt,"{""dt_factor"": 4}",P04_step_2x,first_spike_latency,3.5399999998689395,3.509999999868967,3.489999999868985,0.029999999999972715,0.01999999999998181,0.5849625007211562,3.699999999868794,3.589999999868894,3.5399999998689395,0.15999999999985448,0.07999999999992724,0.049999999999954525,5.333333333333333,exceeds_reference_discretization_error
neuron_model_behavioral_validation,Neuraxis,development_pilot,PILOT2_PROTOCOL,Exploratory development data; second development iteration informed by Pilot 1; not independent confirmation; never pooled with the confirmatory held-out estimate,m-increase_dt-c64b4ee7fc,nml2_hh_example,increase_dt,"{""dt_factor"": 4}",P04_step_2x,last_isi,,,,,,,,,,,,,,no_change
neuron_model_behavioral_validation,Neuraxis,development_pilot,PILOT2_PROTOCOL,Exploratory development data; second development iteration informed by Pilot 1; not independent confirmation; never pooled with the confirmatory held-out estimate,m-increase_dt-c64b4ee7fc,nml2_hh_example,increase_dt,"{""dt_factor"": 4}",P04_step_2x,mean_frequency,,,,,,,,,,,,,,no_change
neuron_model_behavioral_validation,Neuraxis,development_pilot,PILOT2_PROTOCOL,Exploratory development data; second development iteration informed by Pilot 1; not independent confirmation; never pooled with the confirmatory held-out estimate,m-increase_dt-c64b4ee7fc,nml2_hh_example,increase_dt,"{""dt_factor"": 4}",P04_step_2x,spike_count,1.0,1.0,1.0,0.0,0.0,,1.0,1.0,1.0,0.0,0.0,0.0,,within_reference_discretization_error
neuron_model_behavioral_validation,Neuraxis,development_pilot,PILOT2_PROTOCOL,Exploratory development data; second development iteration informed by Pilot 1; not independent confirmation; never pooled with the confirmatory held-out estimate,m-increase_dt-c64b4ee7fc,nml2_hh_example,increase_dt,"{""dt_factor"": 4}",P05_long_step,adaptation_index,,,,,,,,,,,,,,no_change
neuron_model_behavioral_validation,Neuraxis,development_pilot,PILOT2_PROTOCOL,Exploratory development data; second development iteration informed by Pilot 1; not independent confirmation; never pooled with the confirmatory held-out estimate,m-increase_dt-c64b4ee7fc,nml2_hh_example,increase_dt,"{""dt_factor"": 4}",P05_long_step,ahp_depth,-10.81385040282855,-10.808036804201677,-10.805161923727894,0.005813598626872363,0.002874880473783037,1.0159294949599882,-10.848353664390515,-10.825366747537274,-10.81385040282855,0.034503261561965815,0.017329943335596454,0.0086884791006554,5.934923233688752,exceeds_reference_discretization_error
neuron_model_behavioral_validation,Neuraxis,development_pilot,PILOT2_PROTOCOL,Exploratory development data; second development iteration informed by Pilot 1; not independent confirmation; never pooled with the confirmatory held-out estimate,m-increase_dt-c64b4ee7fc,nml2_hh_example,increase_dt,"{""dt_factor"": 4}",P05_long_step,ap_amplitude,91.2126808181487,91.37988662862392,91.39737701566176,0.16720581047522387,0.017490387037838673,3.2569908630232467,90.60910797120272,91.09270858858659,91.2126808181487,0.6035728469459798,0.2871780400373325,0.18469619751306254,3.609760003139458,exceeds_reference_discretization_error
neuron_model_behavioral_validation,Neuraxis,development_pilot,PILOT2_PROTOCOL,Exploratory development data; second development iteration informed by Pilot 1; not independent confirmation; never pooled with the confirmatory held-out estimate,m-increase_dt-c64b4ee7fc,nml2_hh_example,increase_dt,"{""dt_factor"": 4}",P05_long_step,ap_half_width,1.2899999999988268,1.2899999999988268,1.2999999999988177,0.0,0.009999999999990905,,1.269999999998845,1.2899999999988268,1.2899999999988268,0.01999999999998181,0.0,0.009999999999990905,,exceeds_reference_discretization_error
neuron_model_behavioral_validation,Neuraxis,development_pilot,PILOT2_PROTOCOL,Exploratory development data; second development iteration informed by Pilot 1; not independent confirmation; never pooled with the confirmatory held-out estimate,m-increase_dt-c64b4ee7fc,nml2_hh_example,increase_dt,"{""dt_factor"": 4}",P05_long_step,burst_count,,,,,,,,,,,,,,no_change
neuron_model_behavioral_validation,Neuraxis,development_pilot,PILOT2_PROTOCOL,Exploratory development data; second development iteration informed by Pilot 1; not independent confirmation; never pooled with the confirmatory held-out estimate,m-increase_dt-c64b4ee7fc,nml2_hh_example,increase_dt,"{""dt_factor"": 4}",P05_long_step,firing_regime,,,,,,,,,,,,,,no_change
neuron_model_behavioral_validation,Neuraxis,development_pilot,PILOT2_PROTOCOL,Exploratory development data; second development iteration informed by Pilot 1; not independent confirmation; never pooled with the confirmatory held-out estimate,m-increase_dt-c64b4ee7fc,nml2_hh_example,increase_dt,"{""dt_factor"": 4}",P05_long_step,first_isi,,,,,,,,,,,,,,no_change
neuron_model_behavioral_validation,Neuraxis,development_pilot,PILOT2_PROTOCOL,Exploratory development data; second development iteration informed by Pilot 1; not independent confirmation; never pooled with the confirmatory held-out estimate,m-increase_dt-c64b4ee7fc,nml2_hh_example,increase_dt,"{""dt_factor"": 4}",P05_long_step,first_spike_latency,4.42999999986813,4.3899999998681665,4.369999999868185,0.03999999999996362,0.01999999999998181,1.0,4.619999999867957,4.4899999998680755,4.42999999986813,0.1899999999998272,0.09999999999990905,0.05999999999994543,4.75,exceeds_reference_discretization_error
neuron_model_behavioral_validation,Neuraxis,development_pilot,PILOT2_PROTOCOL,Exploratory development data; second development iteration informed by Pilot 1; not independent confirmation; never pooled with the confirmatory held-out estimate,m-increase_dt-c64b4ee7fc,nml2_hh_example,increase_dt,"{""dt_factor"": 4}",P05_long_step,last_isi,,,,,,,,,,,,,,no_change
neuron_model_behavioral_validation,Neuraxis,development_pilot,PILOT2_PROTOCOL,Exploratory development data; second development iteration informed by Pilot 1; not independent confirmation; never pooled with the confirmatory held-out estimate,m-increase_dt-c64b4ee7fc,nml2_hh_example,increase_dt,"{""dt_factor"": 4}",P05_long_step,mean_frequency,,,,,,,,,,,,,,no_change
neuron_model_behavioral_validation,Neuraxis,development_pilot,PILOT2_PROTOCOL,Exploratory development data; second development iteration informed by Pilot 1; not independent confirmation; never pooled with the confirmatory held-out estimate,m-increase_dt-c64b4ee7fc,nml2_hh_example,increase_dt,"{""dt_factor"": 4}",P05_long_step,spike_count,1.0,1.0,1.0,0.0,0.0,,1.0,1.0,1.0,0.0,0.0,0.0,,within_reference_discretization_error
neuron_model_behavioral_validation,Neuraxis,development_pilot,PILOT2_PROTOCOL,Exploratory development data; second development iteration informed by Pilot 1; not independent confirmation; never pooled with the confirmatory held-out estimate,m-increase_dt-c64b4ee7fc,nml2_hh_example,increase_dt,"{""dt_factor"": 4}",P06_ramp,firing_regime,,,,,,,,,,,,,,no_change
neuron_model_behavioral_validation,Neuraxis,development_pilot,PILOT2_PROTOCOL,Exploratory development data; second development iteration informed by Pilot 1; not independent confirmation; never pooled with the confirmatory held-out estimate,m-increase_dt-c64b4ee7fc,nml2_hh_example,increase_dt,"{""dt_factor"": 4}",P06_ramp,first_spike_latency,,,,,,,,,,,,,,no_change
neuron_model_behavioral_validation,Neuraxis,development_pilot,PILOT2_PROTOCOL,Exploratory development data; second development iteration informed by Pilot 1; not independent confirmation; never pooled with the confirmatory held-out estimate,m-increase_dt-c64b4ee7fc,nml2_hh_example,increase_dt,"{""dt_factor"": 4}",P06_ramp,mean_frequency,,,,,,,,,,,,,,no_change
neuron_model_behavioral_validation,Neuraxis,development_pilot,PILOT2_PROTOCOL,Exploratory development data; second development iteration informed by Pilot 1; not independent confirmation; never pooled with the confirmatory held-out estimate,m-increase_dt-c64b4ee7fc,nml2_hh_example,increase_dt,"{""dt_factor"": 4}",P06_ramp,spike_count,0.0,0.0,0.0,0.0,0.0,,0.0,0.0,0.0,0.0,0.0,0.0,,within_reference_discretization_error
neuron_model_behavioral_validation,Neuraxis,development_pilot,PILOT2_PROTOCOL,Exploratory development data; second development iteration informed by Pilot 1; not independent confirmation; never pooled with the confirmatory held-out estimate,m-increase_dt-c64b4ee7fc,nml2_hh_example,increase_dt,"{""dt_factor"": 4}",P07_hyperpolarizing_step,baseline_voltage,-64.97405242919922,-64.97405242919922,-64.97405336252838,0.0,9.333291615121198e-07,,-64.97407486724835,-64.9740599085489,-64.97405242919922,2.2438049128936655e-05,7.4793496764868905e-06,9.333291615121198e-07,,exceeds_reference_discretization_error
neuron_model_behavioral_validation,Neuraxis,development_pilot,PILOT2_PROTOCOL,Exploratory development data; second development iteration informed by Pilot 1; not independent confirmation; never pooled with the confirmatory held-out estimate,m-increase_dt-c64b4ee7fc,nml2_hh_example,increase_dt,"{""dt_factor"": 4}",P07_hyperpolarizing_step,minimum_voltage,-68.47553253173788,-68.47355651855469,-68.47257232666016,0.001976013183195846,0.00098419189453125,1.0055810319727885,-68.48731231689423,-68.47946166992178,-68.47553253173788,0.011779785156349476,0.005905151367088024,0.002960205077727096,5.96138996264073,exceeds_reference_discretization_error
neuron_model_behavioral_validation,Neuraxis,development_pilot,PILOT2_PROTOCOL,Exploratory development data; second development iteration informed by Pilot 1; not independent confirmation; never pooled with the confirmatory held-out estimate,m-increase_dt-c64b4ee7fc,nml2_hh_example,increase_dt,"{""dt_factor"": 4}",P07_hyperpolarizing_step,sag_ratio,0.34640087069052167,0.3460314920631419,0.34584729152832866,0.00036937862737979055,0.00018420053481321697,1.0038231427457356,0.34859777590383556,0.34713357674885037,0.34640087069052167,0.0021969052133138933,0.0011020846857084932,0.0005535791621930075,5.947569920051337,exceeds_reference_discretization_error
neuron_model_behavioral_validation,Neuraxis,development_pilot,PILOT2_PROTOCOL,Exploratory development data; second development iteration informed by Pilot 1; not independent confirmation; never pooled with the confirmatory held-out estimate,m-increase_dt-c64b4ee7fc,nml2_hh_example,increase_dt,"{""dt_factor"": 4}",P07_hyperpolarizing_step,spike_count,0.0,0.0,0.0,0.0,0.0,,0.0,0.0,0.0,0.0,0.0,0.0,,within_reference_discretization_error
neuron_model_behavioral_validation,Neuraxis,development_pilot,PILOT2_PROTOCOL,Exploratory development data; second development iteration informed by Pilot 1; not independent confirmation; never pooled with the confirmatory held-out estimate,m-increase_dt-c64b4ee7fc,nml2_hh_example,increase_dt,"{""dt_factor"": 4}",P07_hyperpolarizing_step,steady_state_voltage,-67.26261677551295,-67.26261789703395,-67.26261901855469,1.1215209951842553e-06,1.1215207393888704e-06,3.290484769721501e-07,-67.26260555572561,-67.26261901855469,-67.26261677551295,1.1219787339200593e-05,1.1215207393888704e-06,2.2430417345731257e-06,10.004081410314827,exceeds_reference_discretization_error
neuron_model_behavioral_validation,Neuraxis,development_pilot,PILOT2_PROTOCOL,Exploratory development data; second development iteration informed by Pilot 1; not independent confirmation; never pooled with the confirmatory held-out estimate,m-increase_dt-c64b4ee7fc,nml2_hh_example,increase_dt,"{""dt_factor"": 4}",P07_hyperpolarizing_step,voltage_deflection,-2.288564346313734,-2.2885654678347294,-2.2885656560263072,1.1215209951842553e-06,1.8819157787675067e-07,2.5751826585252267,-2.288530688477266,-2.2885591100057923,-2.288564346313734,3.365783646813725e-05,6.35782893709802e-06,1.309712573061006e-06,30.010883980471167,exceeds_reference_discretization_error
neuron_model_behavioral_validation,Neuraxis,development_pilot,PILOT2_PROTOCOL,Exploratory development data; second development iteration informed by Pilot 1; not independent confirmation; never pooled with the confirmatory held-out estimate,m-increase_dt-c64b4ee7fc,nml2_hh_example,increase_dt,"{""dt_factor"": 4}",P08_rebound,firing_regime,,,,,,,,,,,,,,no_change
neuron_model_behavioral_validation,Neuraxis,development_pilot,PILOT2_PROTOCOL,Exploratory development data; second development iteration informed by Pilot 1; not independent confirmation; never pooled with the confirmatory held-out estimate,m-increase_dt-c64b4ee7fc,nml2_hh_example,increase_dt,"{""dt_factor"": 4}",P08_rebound,first_spike_latency,5.219999999412721,5.189999999412748,5.1799999994127575,0.029999999999972715,0.009999999999990905,1.584962500721156,5.399999999412557,5.299999999412648,5.219999999412721,0.1799999999998363,0.10999999999989996,0.03999999999996362,6.0,exceeds_reference_discretization_error
neuron_model_behavioral_validation,Neuraxis,development_pilot,PILOT2_PROTOCOL,Exploratory development data; second development iteration informed by Pilot 1; not independent confirmation; never pooled with the confirmatory held-out estimate,m-increase_dt-c64b4ee7fc,nml2_hh_example,increase_dt,"{""dt_factor"": 4}",P08_rebound,maximum_voltage,42.80941009326659,42.82489776491602,42.8328666689754,0.015487671649424328,0.007968904059381998,0.9586670385610672,42.70526122581668,42.77819061273359,42.80941009326659,0.10414886744991492,0.04670715218242805,0.023456575708806326,6.72463039037802,exceeds_reference_discretization_error
neuron_model_behavioral_validation,Neuraxis,development_pilot,PILOT2_PROTOCOL,Exploratory development data; second development iteration informed by Pilot 1; not independent confirmation; never pooled with the confirmatory held-out estimate,m-increase_dt-c64b4ee7fc,nml2_hh_example,increase_dt,"{""dt_factor"": 4}",P08_rebound,spike_count,1.0,1.0,1.0,0.0,0.0,,1.0,1.0,1.0,0.0,0.0,0.0,,within_reference_discretization_error
neuron_model_behavioral_validation,Neuraxis,development_pilot,PILOT2_PROTOCOL,Exploratory development data; second development iteration informed by Pilot 1; not independent confirmation; never pooled with the confirmatory held-out estimate,m-increase_dt-c64b4ee7fc,nml2_hh_example,increase_dt,"{""dt_factor"": 4}",P09_short_pulse,ahp_depth,-11.226577758789873,-11.22248840332071,-11.220445447285826,0.004089355469162115,0.002042956034884469,1.0012153181528196,-11.251376411433199,-11.23489992522876,-11.226577758789873,0.02479865264332659,0.012411521908049394,0.006132311504046584,6.064195893542043,exceeds_reference_discretization_error
neuron_model_behavioral_validation,Neuraxis,development_pilot,PILOT2_PROTOCOL,Exploratory development data; second development iteration informed by Pilot 1; not independent confirmation; never pooled with the confirmatory held-out estimate,m-increase_dt-c64b4ee7fc,nml2_hh_example,increase_dt,"{""dt_factor"": 4}",P09_short_pulse,ap_amplitude,106.45812988261622,106.43966293307548,106.40336227682579,0.018466949540737687,0.036300656249693475,-0.9750500550360351,,,106.45812988261622,,,0.05476760579043116,,definedness_change
neuron_model_behavioral_validation,Neuraxis,development_pilot,PILOT2_PROTOCOL,Exploratory development data; second development iteration informed by Pilot 1; not independent confirmation; never pooled with the confirmatory held-out estimate,m-increase_dt-c64b4ee7fc,nml2_hh_example,increase_dt,"{""dt_factor"": 4}",P09_short_pulse,ap_half_width,1.479999999998654,1.4899999999986449,1.4899999999986449,0.009999999999990905,0.0,,,,1.479999999998654,,,0.009999999999990905,,definedness_change
neuron_model_behavioral_validation,Neuraxis,development_pilot,PILOT2_PROTOCOL,Exploratory development data; second development iteration informed by Pilot 1; not independent confirmation; never pooled with the confirmatory held-out estimate,m-increase_dt-c64b4ee7fc,nml2_hh_example,increase_dt,"{""dt_factor"": 4}",P09_short_pulse,first_spike_latency,1.4599999998708313,1.4399999998708495,1.4299999998708586,0.01999999999998181,0.009999999999990905,1.0,1.5399999998707585,1.479999999870813,1.4599999998708313,0.07999999999992724,0.03999999999996362,0.029999999999972715,4.0,exceeds_reference_discretization_error
neuron_model_behavioral_validation,Neuraxis,development_pilot,PILOT2_PROTOCOL,Exploratory development data; second development iteration informed by Pilot 1; not independent confirmation; never pooled with the confirmatory held-out estimate,m-increase_dt-c64b4ee7fc,nml2_hh_example,increase_dt,"{""dt_factor"": 4}",P09_short_pulse,spike_count,1.0,1.0,1.0,0.0,0.0,,1.0,1.0,1.0,0.0,0.0,0.0,,within_reference_discretization_error
neuron_model_behavioral_validation,Neuraxis,development_pilot,PILOT2_PROTOCOL,Exploratory development data; second development iteration informed by Pilot 1; not independent confirmation; never pooled with the confirmatory held-out estimate,m-solver_config-7552334614,nml2_hh_example,solver_config,"{""integrator_method"": ""eulertree""}",P00_canonical,adaptation_index,-7.74713208133793e-05,-1.02201355559918e-13,-7.800312022786249e-05,7.747132071117794e-05,7.800312012566113e-05,-0.00986949836941462,-7.74713208133793e-05,-1.02201355559918e-13,-7.800312022786249e-05,0.0,0.0,0.0,0.0,within_reference_discretization_error
neuron_model_behavioral_validation,Neuraxis,development_pilot,PILOT2_PROTOCOL,Exploratory development data; second development iteration informed by Pilot 1; not independent confirmation; never pooled with the confirmatory held-out estimate,m-solver_config-7552334614,nml2_hh_example,solver_config,"{""integrator_method"": ""eulertree""}",P00_canonical,ahp_depth,-10.343139648437372,-10.327699567887592,-10.319928126378386,0.015440080549780077,0.007771441509206056,0.990426147864244,-10.343139648437372,-10.327699567887592,-10.319928126378386,0.0,0.0,0.0,0.0,within_reference_discretization_error
neuron_model_behavioral_validation,Neuraxis,development_pilot,PILOT2_PROTOCOL,Exploratory development data; second development iteration informed by Pilot 1; not independent confirmation; never pooled with the confirmatory held-out estimate,m-solver_config-7552334614,nml2_hh_example,solver_config,"{""integrator_method"": ""eulertree""}",P00_canonical,ap_amplitude,95.13947677592056,95.29706954941832,95.37940597518664,0.15759277349776823,0.08233642576831812,0.9365986531372451,95.13947677592056,95.29706954941832,95.37940597518664,0.0,0.0,0.0,0.0,within_reference_discretization_error
neuron_model_behavioral_validation,Neuraxis,development_pilot,PILOT2_PROTOCOL,Exploratory development data; second development iteration informed by Pilot 1; not independent confirmation; never pooled with the confirmatory held-out estimate,m-solver_config-7552334614,nml2_hh_example,solver_config,"{""integrator_method"": ""eulertree""}",P00_canonical,ap_half_width,1.3400000000006855,1.3400000000006855,1.3500000000006906,0.0,0.010000000000005116,,1.3400000000006855,1.3400000000006855,1.3500000000006906,0.0,0.0,0.0,,within_reference_discretization_error
neuron_model_behavioral_validation,Neuraxis,development_pilot,PILOT2_PROTOCOL,Exploratory development data; second development iteration informed by Pilot 1; not independent confirmation; never pooled with the confirmatory held-out estimate,m-solver_config-7552334614,nml2_hh_example,solver_config,"{""integrator_method"": ""eulertree""}",P00_canonical,baseline_voltage,-64.9740524291991,-64.97401246824452,-64.97403244491093,3.996095458091986e-05,1.997666640818352e-05,1.0002751918915789,-64.9740524291991,-64.97401246824452,-64.97403244491093,0.0,0.0,0.0,0.0,within_reference_discretization_error
neuron_model_behavioral_validation,Neuraxis,development_pilot,PILOT2_PROTOCOL,Exploratory development data; second development iteration informed by Pilot 1; not independent confirmation; never pooled with the confirmatory held-out estimate,m-solver_config-7552334614,nml2_hh_example,solver_config,"{""integrator_method"": ""eulertree""}",P00_canonical,firing_regime,,,,,,,,,,,,,,no_change
neuron_model_behavioral_validation,Neuraxis,development_pilot,PILOT2_PROTOCOL,Exploratory development data; second development iteration informed by Pilot 1; not independent confirmation; never pooled with the confirmatory held-out estimate,m-solver_config-7552334614,nml2_hh_example,solver_config,"{""integrator_method"": ""eulertree""}",P00_canonical,first_isi,16.350000000008365,16.290000000008334,16.250000000008313,0.060000000000030695,0.040000000000020464,0.5849625007211562,16.350000000008365,16.290000000008334,16.250000000008313,0.0,0.0,0.0,0.0,within_reference_discretization_error
neuron_model_behavioral_validation,Neuraxis,development_pilot,PILOT2_PROTOCOL,Exploratory development data; second development iteration informed by Pilot 1; not independent confirmation; never pooled with the confirmatory held-out estimate,m-solver_config-7552334614,nml2_hh_example,solver_config,"{""integrator_method"": ""eulertree""}",P00_canonical,first_spike_latency,2.5200000000155427,2.460000000015512,2.4400000000155018,0.060000000000030695,0.020000000000010232,1.584962500721156,2.5200000000155427,2.460000000015512,2.4400000000155018,0.0,0.0,0.0,0.0,within_reference_discretization_error
neuron_model_behavioral_validation,Neuraxis,development_pilot,PILOT2_PROTOCOL,Exploratory development data; second development iteration informed by Pilot 1; not independent confirmation; never pooled with the confirmatory held-out estimate,m-solver_config-7552334614,nml2_hh_example,solver_config,"{""integrator_method"": ""eulertree""}",P00_canonical,last_isi,16.12999999998533,16.059999999985394,16.01999999998543,0.06999999999993634,0.03999999999996362,0.8073549220576041,16.12999999998533,16.059999999985394,16.01999999998543,0.0,0.0,0.0,0.0,within_reference_discretization_error
neuron_model_behavioral_validation,Neuraxis,development_pilot,PILOT2_PROTOCOL,Exploratory development data; second development iteration informed by Pilot 1; not independent confirmation; never pooled with the confirmatory held-out estimate,m-solver_config-7552334614,nml2_hh_example,solver_config,"{""integrator_method"": ""eulertree""}",P00_canonical,mean_frequency,70.3446889760081,70.67851373185125,70.8502024291755,0.3338247558431533,0.1716886973242424,0.9592958799193434,70.3446889760081,70.67851373185125,70.8502024291755,0.0,0.0,0.0,0.0,within_reference_discretization_error
neuron_model_behavioral_validation,Neuraxis,development_pilot,PILOT2_PROTOCOL,Exploratory development data; second development iteration informed by Pilot 1; not independent confirmation; never pooled with the confirmatory held-out estimate,m-solver_config-7552334614,nml2_hh_example,solver_config,"{""integrator_method"": ""eulertree""}",P00_canonical,spike_count,7.0,7.0,7.0,0.0,0.0,,7.0,7.0,7.0,0.0,0.0,0.0,,within_reference_discretization_error
neuron_model_behavioral_validation,Neuraxis,development_pilot,PILOT2_PROTOCOL,Exploratory development data; second development iteration informed by Pilot 1; not independent confirmation; never pooled with the confirmatory held-out estimate,m-solver_config-7552334614,nml2_hh_example,solver_config,"{""integrator_method"": ""eulertree""}",P02_weak_step,baseline_voltage,-64.97405242919922,-64.97405242919922,-64.97405196126307,0.0,4.679361467196941e-07,,-64.97405242919922,-64.97405242919922,-64.97405196126307,0.0,0.0,0.0,,within_reference_discretization_error
neuron_model_behavioral_validation,Neuraxis,development_pilot,PILOT2_PROTOCOL,Exploratory development data; second development iteration informed by Pilot 1; not independent confirmation; never pooled with the confirmatory held-out estimate,m-solver_config-7552334614,nml2_hh_example,solver_config,"{""integrator_method"": ""eulertree""}",P02_weak_step,spike_count,0.0,0.0,0.0,0.0,0.0,,0.0,0.0,0.0,0.0,0.0,0.0,,within_reference_discretization_error
neuron_model_behavioral_validation,Neuraxis,development_pilot,PILOT2_PROTOCOL,Exploratory development data; second development iteration informed by Pilot 1; not independent confirmation; never pooled with the confirmatory held-out estimate,m-solver_config-7552334614,nml2_hh_example,solver_config,"{""integrator_method"": ""eulertree""}",P02_weak_step,steady_state_voltage,-64.08310811767565,-64.08310755462634,-64.0831069946289,5.630493120634128e-07,5.599974315373402e-07,0.00784106941899432,-64.08310811767565,-64.08310755462634,-64.0831069946289,0.0,0.0,0.0,0.0,within_reference_discretization_error
neuron_model_behavioral_validation,Neuraxis,development_pilot,PILOT2_PROTOCOL,Exploratory development data; second development iteration informed by Pilot 1; not independent confirmation; never pooled with the confirmatory held-out estimate,m-solver_config-7552334614,nml2_hh_example,solver_config,"{""integrator_method"": ""eulertree""}",P02_weak_step,voltage_deflection,0.8909443115235689,0.890944874572881,0.8909449666341658,5.630493120634128e-07,9.206128481764608e-08,2.6125947973656753,0.8909443115235689,0.890944874572881,0.8909449666341658,0.0,0.0,0.0,0.0,within_reference_discretization_error
neuron_model_behavioral_validation,Neuraxis,development_pilot,PILOT2_PROTOCOL,Exploratory development data; second development iteration informed by Pilot 1; not independent confirmation; never pooled with the confirmatory held-out estimate,m-solver_config-7552334614,nml2_hh_example,solver_config,"{""integrator_method"": ""eulertree""}",P03_rheobase,rheobase,0.022436992008742575,0.02240284133597432,0.02240284133597432,3.415067276825445e-05,0.0,,0.022436992008742575,0.02240284133597432,0.02240284133597432,0.0,0.0,0.0,0.0,within_reference_discretization_error
neuron_model_behavioral_validation,Neuraxis,development_pilot,PILOT2_PROTOCOL,Exploratory development data; second development iteration informed by Pilot 1; not independent confirmation; never pooled with the confirmatory held-out estimate,m-solver_config-7552334614,nml2_hh_example,solver_config,"{""integrator_method"": ""eulertree""}",P04_step_2x,adaptation_index,,,,,,,,,,,,,,no_change
neuron_model_behavioral_validation,Neuraxis,development_pilot,PILOT2_PROTOCOL,Exploratory development data; second development iteration informed by Pilot 1; not independent confirmation; never pooled with the confirmatory held-out estimate,m-solver_config-7552334614,nml2_hh_example,solver_config,"{""integrator_method"": ""eulertree""}",P04_step_2x,ahp_depth,-10.697937011716306,-10.691650390625,-10.688508949278784,0.006286621091305733,0.0031414413462158564,1.0008581674771313,-10.697937011716306,-10.691650390625,-10.688508949278784,0.0,0.0,0.0,0.0,within_reference_discretization_error
neuron_model_behavioral_validation,Neuraxis,development_pilot,PILOT2_PROTOCOL,Exploratory development data; second development iteration informed by Pilot 1; not independent confirmation; never pooled with the confirmatory held-out estimate,m-solver_config-7552334614,nml2_hh_example,solver_config,"{""integrator_method"": ""eulertree""}",P04_step_2x,ap_amplitude,92.72434234740876,92.82558822777118,92.86779022349262,0.10124588036241278,0.042201995721441676,1.2624800764136308,92.72434234740876,92.82558822777118,92.86779022349262,0.0,0.0,0.0,0.0,within_reference_discretization_error
neuron_model_behavioral_validation,Neuraxis,development_pilot,PILOT2_PROTOCOL,Exploratory development data; second development iteration informed by Pilot 1; not independent confirmation; never pooled with the confirmatory held-out estimate,m-solver_config-7552334614,nml2_hh_example,solver_config,"{""integrator_method"": ""eulertree""}",P04_step_2x,ap_half_width,1.3099999999988086,1.3099999999988086,1.3099999999988086,0.0,0.0,,1.3099999999988086,1.3099999999988086,1.3099999999988086,0.0,0.0,0.0,,within_reference_discretization_error
neuron_model_behavioral_validation,Neuraxis,development_pilot,PILOT2_PROTOCOL,Exploratory development data; second development iteration informed by Pilot 1; not independent confirmation; never pooled with the confirmatory held-out estimate,m-solver_config-7552334614,nml2_hh_example,solver_config,"{""integrator_method"": ""eulertree""}",P04_step_2x,burst_count,,,,,,,,,,,,,,no_change
neuron_model_behavioral_validation,Neuraxis,development_pilot,PILOT2_PROTOCOL,Exploratory development data; second development iteration informed by Pilot 1; not independent confirmation; never pooled with the confirmatory held-out estimate,m-solver_config-7552334614,nml2_hh_example,solver_config,"{""integrator_method"": ""eulertree""}",P04_step_2x,firing_regime,,,,,,,,,,,,,,no_change
neuron_model_behavioral_validation,Neuraxis,development_pilot,PILOT2_PROTOCOL,Exploratory development data; second development iteration informed by Pilot 1; not independent confirmation; never pooled with the confirmatory held-out estimate,m-solver_config-7552334614,nml2_hh_example,solver_config,"{""integrator_method"": ""eulertree""}",P04_step_2x,first_isi,,,,,,,,,,,,,,no_change
neuron_model_behavioral_validation,Neuraxis,development_pilot,PILOT2_PROTOCOL,Exploratory development data; second development iteration informed by Pilot 1; not independent confirmation; never pooled with the confirmatory held-out estimate,m-solver_config-7552334614,nml2_hh_example,solver_config,"{""integrator_method"": ""eulertree""}",P04_step_2x,first_spike_latency,3.5399999998689395,3.509999999868967,3.489999999868985,0.029999999999972715,0.01999999999998181,0.5849625007211562,3.5399999998689395,3.509999999868967,3.489999999868985,0.0,0.0,0.0,0.0,within_reference_discretization_error
neuron_model_behavioral_validation,Neuraxis,development_pilot,PILOT2_PROTOCOL,Exploratory development data; second development iteration informed by Pilot 1; not independent confirmation; never pooled with the confirmatory held-out estimate,m-solver_config-7552334614,nml2_hh_example,solver_config,"{""integrator_method"": ""eulertree""}",P04_step_2x,last_isi,,,,,,,,,,,,,,no_change
neuron_model_behavioral_validation,Neuraxis,development_pilot,PILOT2_PROTOCOL,Exploratory development data; second development iteration informed by Pilot 1; not independent confirmation; never pooled with the confirmatory held-out estimate,m-solver_config-7552334614,nml2_hh_example,solver_config,"{""integrator_method"": ""eulertree""}",P04_step_2x,mean_frequency,,,,,,,,,,,,,,no_change
neuron_model_behavioral_validation,Neuraxis,development_pilot,PILOT2_PROTOCOL,Exploratory development data; second development iteration informed by Pilot 1; not independent confirmation; never pooled with the confirmatory held-out estimate,m-solver_config-7552334614,nml2_hh_example,solver_config,"{""integrator_method"": ""eulertree""}",P04_step_2x,spike_count,1.0,1.0,1.0,0.0,0.0,,1.0,1.0,1.0,0.0,0.0,0.0,,within_reference_discretization_error
neuron_model_behavioral_validation,Neuraxis,development_pilot,PILOT2_PROTOCOL,Exploratory development data; second development iteration informed by Pilot 1; not independent confirmation; never pooled with the confirmatory held-out estimate,m-solver_config-7552334614,nml2_hh_example,solver_config,"{""integrator_method"": ""eulertree""}",P05_long_step,adaptation_index,,,,,,,,,,,,,,no_change
neuron_model_behavioral_validation,Neuraxis,development_pilot,PILOT2_PROTOCOL,Exploratory development data; second development iteration informed by Pilot 1; not independent confirmation; never pooled with the confirmatory held-out estimate,m-solver_config-7552334614,nml2_hh_example,solver_config,"{""integrator_method"": ""eulertree""}",P05_long_step,ahp_depth,-10.81385040282855,-10.808036804201677,-10.805161923727894,0.005813598626872363,0.002874880473783037,1.0159294949599882,-10.81385040282855,-10.808036804201677,-10.805161923727894,0.0,0.0,0.0,0.0,within_reference_discretization_error
neuron_model_behavioral_validation,Neuraxis,development_pilot,PILOT2_PROTOCOL,Exploratory development data; second development iteration informed by Pilot 1; not independent confirmation; never pooled with the confirmatory held-out estimate,m-solver_config-7552334614,nml2_hh_example,solver_config,"{""integrator_method"": ""eulertree""}",P05_long_step,ap_amplitude,91.2126808181487,91.37988662862392,91.39737701566176,0.16720581047522387,0.017490387037838673,3.2569908630232467,91.2126808181487,91.37988662862392,91.39737701566176,0.0,0.0,0.0,0.0,within_reference_discretization_error
neuron_model_behavioral_validation,Neuraxis,development_pilot,PILOT2_PROTOCOL,Exploratory development data; second development iteration informed by Pilot 1; not independent confirmation; never pooled with the confirmatory held-out estimate,m-solver_config-7552334614,nml2_hh_example,solver_config,"{""integrator_method"": ""eulertree""}",P05_long_step,ap_half_width,1.2899999999988268,1.2899999999988268,1.2999999999988177,0.0,0.009999999999990905,,1.2899999999988268,1.2899999999988268,1.2999999999988177,0.0,0.0,0.0,,within_reference_discretization_error
neuron_model_behavioral_validation,Neuraxis,development_pilot,PILOT2_PROTOCOL,Exploratory development data; second development iteration informed by Pilot 1; not independent confirmation; never pooled with the confirmatory held-out estimate,m-solver_config-7552334614,nml2_hh_example,solver_config,"{""integrator_method"": ""eulertree""}",P05_long_step,burst_count,,,,,,,,,,,,,,no_change
neuron_model_behavioral_validation,Neuraxis,development_pilot,PILOT2_PROTOCOL,Exploratory development data; second development iteration informed by Pilot 1; not independent confirmation; never pooled with the confirmatory held-out estimate,m-solver_config-7552334614,nml2_hh_example,solver_config,"{""integrator_method"": ""eulertree""}",P05_long_step,firing_regime,,,,,,,,,,,,,,no_change
neuron_model_behavioral_validation,Neuraxis,development_pilot,PILOT2_PROTOCOL,Exploratory development data; second development iteration informed by Pilot 1; not independent confirmation; never pooled with the confirmatory held-out estimate,m-solver_config-7552334614,nml2_hh_example,solver_config,"{""integrator_method"": ""eulertree""}",P05_long_step,first_isi,,,,,,,,,,,,,,no_change
neuron_model_behavioral_validation,Neuraxis,development_pilot,PILOT2_PROTOCOL,Exploratory development data; second development iteration informed by Pilot 1; not independent confirmation; never pooled with the confirmatory held-out estimate,m-solver_config-7552334614,nml2_hh_example,solver_config,"{""integrator_method"": ""eulertree""}",P05_long_step,first_spike_latency,4.42999999986813,4.3899999998681665,4.369999999868185,0.03999999999996362,0.01999999999998181,1.0,4.42999999986813,4.3899999998681665,4.369999999868185,0.0,0.0,0.0,0.0,within_reference_discretization_error
neuron_model_behavioral_validation,Neuraxis,development_pilot,PILOT2_PROTOCOL,Exploratory development data; second development iteration informed by Pilot 1; not independent confirmation; never pooled with the confirmatory held-out estimate,m-solver_config-7552334614,nml2_hh_example,solver_config,"{""integrator_method"": ""eulertree""}",P05_long_step,last_isi,,,,,,,,,,,,,,no_change
neuron_model_behavioral_validation,Neuraxis,development_pilot,PILOT2_PROTOCOL,Exploratory development data; second development iteration informed by Pilot 1; not independent confirmation; never pooled with the confirmatory held-out estimate,m-solver_config-7552334614,nml2_hh_example,solver_config,"{""integrator_method"": ""eulertree""}",P05_long_step,mean_frequency,,,,,,,,,,,,,,no_change
neuron_model_behavioral_validation,Neuraxis,development_pilot,PILOT2_PROTOCOL,Exploratory development data; second development iteration informed by Pilot 1; not independent confirmation; never pooled with the confirmatory held-out estimate,m-solver_config-7552334614,nml2_hh_example,solver_config,"{""integrator_method"": ""eulertree""}",P05_long_step,spike_count,1.0,1.0,1.0,0.0,0.0,,1.0,1.0,1.0,0.0,0.0,0.0,,within_reference_discretization_error
neuron_model_behavioral_validation,Neuraxis,development_pilot,PILOT2_PROTOCOL,Exploratory development data; second development iteration informed by Pilot 1; not independent confirmation; never pooled with the confirmatory held-out estimate,m-solver_config-7552334614,nml2_hh_example,solver_config,"{""integrator_method"": ""eulertree""}",P06_ramp,firing_regime,,,,,,,,,,,,,,no_change
neuron_model_behavioral_validation,Neuraxis,development_pilot,PILOT2_PROTOCOL,Exploratory development data; second development iteration informed by Pilot 1; not independent confirmation; never pooled with the confirmatory held-out estimate,m-solver_config-7552334614,nml2_hh_example,solver_config,"{""integrator_method"": ""eulertree""}",P06_ramp,first_spike_latency,,,,,,,,,,,,,,no_change
neuron_model_behavioral_validation,Neuraxis,development_pilot,PILOT2_PROTOCOL,Exploratory development data; second development iteration informed by Pilot 1; not independent confirmation; never pooled with the confirmatory held-out estimate,m-solver_config-7552334614,nml2_hh_example,solver_config,"{""integrator_method"": ""eulertree""}",P06_ramp,mean_frequency,,,,,,,,,,,,,,no_change
neuron_model_behavioral_validation,Neuraxis,development_pilot,PILOT2_PROTOCOL,Exploratory development data; second development iteration informed by Pilot 1; not independent confirmation; never pooled with the confirmatory held-out estimate,m-solver_config-7552334614,nml2_hh_example,solver_config,"{""integrator_method"": ""eulertree""}",P06_ramp,spike_count,0.0,0.0,0.0,0.0,0.0,,0.0,0.0,0.0,0.0,0.0,0.0,,within_reference_discretization_error
neuron_model_behavioral_validation,Neuraxis,development_pilot,PILOT2_PROTOCOL,Exploratory development data; second development iteration informed by Pilot 1; not independent confirmation; never pooled with the confirmatory held-out estimate,m-solver_config-7552334614,nml2_hh_example,solver_config,"{""integrator_method"": ""eulertree""}",P07_hyperpolarizing_step,baseline_voltage,-64.97405242919922,-64.97405242919922,-64.97405336252838,0.0,9.333291615121198e-07,,-64.97405242919922,-64.97405242919922,-64.97405336252838,0.0,0.0,0.0,,within_reference_discretization_error
neuron_model_behavioral_validation,Neuraxis,development_pilot,PILOT2_PROTOCOL,Exploratory development data; second development iteration informed by Pilot 1; not independent confirmation; never pooled with the confirmatory held-out estimate,m-solver_config-7552334614,nml2_hh_example,solver_config,"{""integrator_method"": ""eulertree""}",P07_hyperpolarizing_step,minimum_voltage,-68.47553253173788,-68.47355651855469,-68.47257232666016,0.001976013183195846,0.00098419189453125,1.0055810319727885,-68.47553253173788,-68.47355651855469,-68.47257232666016,0.0,0.0,0.0,0.0,within_reference_discretization_error
neuron_model_behavioral_validation,Neuraxis,development_pilot,PILOT2_PROTOCOL,Exploratory development data; second development iteration informed by Pilot 1; not independent confirmation; never pooled with the confirmatory held-out estimate,m-solver_config-7552334614,nml2_hh_example,solver_config,"{""integrator_method"": ""eulertree""}",P07_hyperpolarizing_step,sag_ratio,0.34640087069052167,0.3460314920631419,0.34584729152832866,0.00036937862737979055,0.00018420053481321697,1.0038231427457356,0.34640087069052167,0.3460314920631419,0.34584729152832866,0.0,0.0,0.0,0.0,within_reference_discretization_error
neuron_model_behavioral_validation,Neuraxis,development_pilot,PILOT2_PROTOCOL,Exploratory development data; second development iteration informed by Pilot 1; not independent confirmation; never pooled with the confirmatory held-out estimate,m-solver_config-7552334614,nml2_hh_example,solver_config,"{""integrator_method"": ""eulertree""}",P07_hyperpolarizing_step,spike_count,0.0,0.0,0.0,0.0,0.0,,0.0,0.0,0.0,0.0,0.0,0.0,,within_reference_discretization_error
neuron_model_behavioral_validation,Neuraxis,development_pilot,PILOT2_PROTOCOL,Exploratory development data; second development iteration informed by Pilot 1; not independent confirmation; never pooled with the confirmatory held-out estimate,m-solver_config-7552334614,nml2_hh_example,solver_config,"{""integrator_method"": ""eulertree""}",P07_hyperpolarizing_step,steady_state_voltage,-67.26261677551295,-67.26261789703395,-67.26261901855469,1.1215209951842553e-06,1.1215207393888704e-06,3.290484769721501e-07,-67.26261677551295,-67.26261789703395,-67.26261901855469,0.0,0.0,0.0,0.0,within_reference_discretization_error
neuron_model_behavioral_validation,Neuraxis,development_pilot,PILOT2_PROTOCOL,Exploratory development data; second development iteration informed by Pilot 1; not independent confirmation; never pooled with the confirmatory held-out estimate,m-solver_config-7552334614,nml2_hh_example,solver_config,"{""integrator_method"": ""eulertree""}",P07_hyperpolarizing_step,voltage_deflection,-2.288564346313734,-2.2885654678347294,-2.2885656560263072,1.1215209951842553e-06,1.8819157787675067e-07,2.5751826585252267,-2.288564346313734,-2.2885654678347294,-2.2885656560263072,0.0,0.0,0.0,0.0,within_reference_discretization_error
neuron_model_behavioral_validation,Neuraxis,development_pilot,PILOT2_PROTOCOL,Exploratory development data; second development iteration informed by Pilot 1; not independent confirmation; never pooled with the confirmatory held-out estimate,m-solver_config-7552334614,nml2_hh_example,solver_config,"{""integrator_method"": ""eulertree""}",P08_rebound,firing_regime,,,,,,,,,,,,,,no_change
neuron_model_behavioral_validation,Neuraxis,development_pilot,PILOT2_PROTOCOL,Exploratory development data; second development iteration informed by Pilot 1; not independent confirmation; never pooled with the confirmatory held-out estimate,m-solver_config-7552334614,nml2_hh_example,solver_config,"{""integrator_method"": ""eulertree""}",P08_rebound,first_spike_latency,5.219999999412721,5.189999999412748,5.1799999994127575,0.029999999999972715,0.009999999999990905,1.584962500721156,5.219999999412721,5.189999999412748,5.1799999994127575,0.0,0.0,0.0,0.0,within_reference_discretization_error
neuron_model_behavioral_validation,Neuraxis,development_pilot,PILOT2_PROTOCOL,Exploratory development data; second development iteration informed by Pilot 1; not independent confirmation; never pooled with the confirmatory held-out estimate,m-solver_config-7552334614,nml2_hh_example,solver_config,"{""integrator_method"": ""eulertree""}",P08_rebound,maximum_voltage,42.80941009326659,42.82489776491602,42.8328666689754,0.015487671649424328,0.007968904059381998,0.9586670385610672,42.80941009326659,42.82489776491602,42.8328666689754,0.0,0.0,0.0,0.0,within_reference_discretization_error
neuron_model_behavioral_validation,Neuraxis,development_pilot,PILOT2_PROTOCOL,Exploratory development data; second development iteration informed by Pilot 1; not independent confirmation; never pooled with the confirmatory held-out estimate,m-solver_config-7552334614,nml2_hh_example,solver_config,"{""integrator_method"": ""eulertree""}",P08_rebound,spike_count,1.0,1.0,1.0,0.0,0.0,,1.0,1.0,1.0,0.0,0.0,0.0,,within_reference_discretization_error
neuron_model_behavioral_validation,Neuraxis,development_pilot,PILOT2_PROTOCOL,Exploratory development data; second development iteration informed by Pilot 1; not independent confirmation; never pooled with the confirmatory held-out estimate,m-solver_config-7552334614,nml2_hh_example,solver_config,"{""integrator_method"": ""eulertree""}",P09_short_pulse,ahp_depth,-11.226577758789873,-11.22248840332071,-11.220445447285826,0.004089355469162115,0.002042956034884469,1.0012153181528196,-11.226577758789873,-11.22248840332071,-11.220445447285826,0.0,0.0,0.0,0.0,within_reference_discretization_error
neuron_model_behavioral_validation,Neuraxis,development_pilot,PILOT2_PROTOCOL,Exploratory development data; second development iteration informed by Pilot 1; not independent confirmation; never pooled with the confirmatory held-out estimate,m-solver_config-7552334614,nml2_hh_example,solver_config,"{""integrator_method"": ""eulertree""}",P09_short_pulse,ap_amplitude,106.45812988261622,106.43966293307548,106.40336227682579,0.018466949540737687,0.036300656249693475,-0.9750500550360351,106.45812988261622,106.43966293307548,106.40336227682579,0.0,0.0,0.0,0.0,within_reference_discretization_error
neuron_model_behavioral_validation,Neuraxis,development_pilot,PILOT2_PROTOCOL,Exploratory development data; second development iteration informed by Pilot 1; not independent confirmation; never pooled with the confirmatory held-out estimate,m-solver_config-7552334614,nml2_hh_example,solver_config,"{""integrator_method"": ""eulertree""}",P09_short_pulse,ap_half_width,1.479999999998654,1.4899999999986449,1.4899999999986449,0.009999999999990905,0.0,,1.479999999998654,1.4899999999986449,1.4899999999986449,0.0,0.0,0.0,0.0,within_reference_discretization_error
neuron_model_behavioral_validation,Neuraxis,development_pilot,PILOT2_PROTOCOL,Exploratory development data; second development iteration informed by Pilot 1; not independent confirmation; never pooled with the confirmatory held-out estimate,m-solver_config-7552334614,nml2_hh_example,solver_config,"{""integrator_method"": ""eulertree""}",P09_short_pulse,first_spike_latency,1.4599999998708313,1.4399999998708495,1.4299999998708586,0.01999999999998181,0.009999999999990905,1.0,1.4599999998708313,1.4399999998708495,1.4299999998708586,0.0,0.0,0.0,0.0,within_reference_discretization_error
neuron_model_behavioral_validation,Neuraxis,development_pilot,PILOT2_PROTOCOL,Exploratory development data; second development iteration informed by Pilot 1; not independent confirmation; never pooled with the confirmatory held-out estimate,m-solver_config-7552334614,nml2_hh_example,solver_config,"{""integrator_method"": ""eulertree""}",P09_short_pulse,spike_count,1.0,1.0,1.0,0.0,0.0,,1.0,1.0,1.0,0.0,0.0,0.0,,within_reference_discretization_error
neuron_model_behavioral_validation,Neuraxis,development_pilot,PILOT2_PROTOCOL,Exploratory development data; second development iteration informed by Pilot 1; not independent confirmation; never pooled with the confirmatory held-out estimate,m-recording_resolution-6959ac57de,nml2_hh_example,recording_resolution,"{""sample_every_ms"": 0.05}",P00_canonical,adaptation_index,-7.74713208133793e-05,-1.02201355559918e-13,-7.800312022786249e-05,7.747132071117794e-05,7.800312012566113e-05,-0.00986949836941462,-0.0003875968993253381,-1.0226503888502436e-13,-1.0313950214724255e-13,0.0003101255785119588,6.368332510636732e-17,7.800312012472299e-05,4.003101737069165,exceeds_reference_discretization_error
neuron_model_behavioral_validation,Neuraxis,development_pilot,PILOT2_PROTOCOL,Exploratory development data; second development iteration informed by Pilot 1; not independent confirmation; never pooled with the confirmatory held-out estimate,m-recording_resolution-6959ac57de,nml2_hh_example,recording_resolution,"{""sample_every_ms"": 0.05}",P00_canonical,ahp_depth,-10.343139648437372,-10.327699567887592,-10.319928126378386,0.015440080549780077,0.007771441509206056,0.990426147864244,-10.343139648435212,-10.327779489794494,-10.317931046614547,2.1600499167107046e-12,7.992190690231382e-05,0.001997079763839338,1.3989887615848426e-10,within_reference_discretization_error
neuron_model_behavioral_validation,Neuraxis,development_pilot,PILOT2_PROTOCOL,Exploratory development data; second development iteration informed by Pilot 1; not independent confirmation; never pooled with the confirmatory held-out estimate,m-recording_resolution-6959ac57de,nml2_hh_example,recording_resolution,"{""sample_every_ms"": 0.05}",P00_canonical,ap_amplitude,95.13947677592056,95.29706954941832,95.37940597518664,0.15759277349776823,0.08233642576831812,0.9365986531372451,95.23632202129735,95.24782562233014,95.25628662073181,0.09684524537679806,0.04924392708818459,0.12311935445482902,0.6145284661683396,within_reference_discretization_error
neuron_model_behavioral_validation,Neuraxis,development_pilot,PILOT2_PROTOCOL,Exploratory development data; second development iteration informed by Pilot 1; not independent confirmation; never pooled with the confirmatory held-out estimate,m-recording_resolution-6959ac57de,nml2_hh_example,recording_resolution,"{""sample_every_ms"": 0.05}",P00_canonical,ap_half_width,1.3400000000006855,1.3400000000006855,1.3500000000006906,0.0,0.010000000000005116,,1.3400000000006855,1.3400000000006855,1.3400000000006855,0.0,0.0,0.010000000000005116,,within_reference_discretization_error
neuron_model_behavioral_validation,Neuraxis,development_pilot,PILOT2_PROTOCOL,Exploratory development data; second development iteration informed by Pilot 1; not independent confirmation; never pooled with the confirmatory held-out estimate,m-recording_resolution-6959ac57de,nml2_hh_example,recording_resolution,"{""sample_every_ms"": 0.05}",P00_canonical,baseline_voltage,-64.9740524291991,-64.97401246824452,-64.97403244491093,3.996095458091986e-05,1.997666640818352e-05,1.0002751918915789,-64.9740524291991,-64.97393254633533,-64.97399247633456,0.0,7.992190919026143e-05,3.996857637389439e-05,0.0,within_reference_discretization_error
neuron_model_behavioral_validation,Neuraxis,development_pilot,PILOT2_PROTOCOL,Exploratory development data; second development iteration informed by Pilot 1; not independent confirmation; never pooled with the confirmatory held-out estimate,m-recording_resolution-6959ac57de,nml2_hh_example,recording_resolution,"{""sample_every_ms"": 0.05}",P00_canonical,firing_regime,,,,,,,,,,,,,,no_change
neuron_model_behavioral_validation,Neuraxis,development_pilot,PILOT2_PROTOCOL,Exploratory development data; second development iteration informed by Pilot 1; not independent confirmation; never pooled with the confirmatory held-out estimate,m-recording_resolution-6959ac57de,nml2_hh_example,recording_resolution,"{""sample_every_ms"": 0.05}",P00_canonical,first_isi,16.350000000008365,16.290000000008334,16.250000000008313,0.060000000000030695,0.040000000000020464,0.5849625007211562,16.350000000008365,16.30000000000834,16.250000000008313,0.0,0.010000000000005116,0.0,0.0,within_reference_discretization_error
neuron_model_behavioral_validation,Neuraxis,development_pilot,PILOT2_PROTOCOL,Exploratory development data; second development iteration informed by Pilot 1; not independent confirmation; never pooled with the confirmatory held-out estimate,m-recording_resolution-6959ac57de,nml2_hh_example,recording_resolution,"{""sample_every_ms"": 0.05}",P00_canonical,first_spike_latency,2.5200000000155427,2.460000000015512,2.4400000000155018,0.060000000000030695,0.020000000000010232,1.584962500721156,2.5000000000155325,2.450000000015507,2.450000000015507,0.020000000000010232,0.010000000000005116,0.010000000000005116,0.3333333333333333,within_reference_discretization_error
neuron_model_behavioral_validation,Neuraxis,development_pilot,PILOT2_PROTOCOL,Exploratory development data; second development iteration informed by Pilot 1; not independent confirmation; never pooled with the confirmatory held-out estimate,m-recording_resolution-6959ac57de,nml2_hh_example,recording_resolution,"{""sample_every_ms"": 0.05}",P00_canonical,last_isi,16.12999999998533,16.059999999985394,16.01999999998543,0.06999999999993634,0.03999999999996362,0.8073549220576041,16.099999999985357,16.049999999985403,15.999999999985448,0.029999999999972715,0.009999999999990905,0.01999999999998181,0.42857142857142855,within_reference_discretization_error
neuron_model_behavioral_validation,Neuraxis,development_pilot,PILOT2_PROTOCOL,Exploratory development data; second development iteration informed by Pilot 1; not independent confirmation; never pooled with the confirmatory held-out estimate,m-recording_resolution-6959ac57de,nml2_hh_example,recording_resolution,"{""sample_every_ms"": 0.05}",P00_canonical,mean_frequency,70.3446889760081,70.67851373185125,70.8502024291755,0.3338247558431533,0.1716886973242424,0.9592958799193434,70.35175879399563,70.67137809189852,70.8502024291755,0.0070698179875279266,0.007135639952736028,0.0,0.02117823158342895,within_reference_discretization_error
neuron_model_behavioral_validation,Neuraxis,development_pilot,PILOT2_PROTOCOL,Exploratory development data; second development iteration informed by Pilot 1; not independent confirmation; never pooled with the confirmatory held-out estimate,m-recording_resolution-6959ac57de,nml2_hh_example,recording_resolution,"{""sample_every_ms"": 0.05}",P00_canonical,spike_count,7.0,7.0,7.0,0.0,0.0,,7.0,7.0,7.0,0.0,0.0,0.0,,within_reference_discretization_error
neuron_model_behavioral_validation,Neuraxis,development_pilot,PILOT2_PROTOCOL,Exploratory development data; second development iteration informed by Pilot 1; not independent confirmation; never pooled with the confirmatory held-out estimate,m-recording_resolution-6959ac57de,nml2_hh_example,recording_resolution,"{""sample_every_ms"": 0.05}",P02_weak_step,baseline_voltage,-64.97405242919922,-64.97405242919922,-64.97405196126307,0.0,4.679361467196941e-07,,-64.97405242919922,-64.97405242919922,-64.97405102539064,0.0,0.0,9.358724355479353e-07,,within_reference_discretization_error
neuron_model_behavioral_validation,Neuraxis,development_pilot,PILOT2_PROTOCOL,Exploratory development data; second development iteration informed by Pilot 1; not independent confirmation; never pooled with the confirmatory held-out estimate,m-recording_resolution-6959ac57de,nml2_hh_example,recording_resolution,"{""sample_every_ms"": 0.05}",P02_weak_step,spike_count,0.0,0.0,0.0,0.0,0.0,,0.0,0.0,0.0,0.0,0.0,0.0,,within_reference_discretization_error
neuron_model_behavioral_validation,Neuraxis,development_pilot,PILOT2_PROTOCOL,Exploratory development data; second development iteration informed by Pilot 1; not independent confirmation; never pooled with the confirmatory held-out estimate,m-recording_resolution-6959ac57de,nml2_hh_example,recording_resolution,"{""sample_every_ms"": 0.05}",P02_weak_step,steady_state_voltage,-64.08310811767565,-64.08310755462634,-64.0831069946289,5.630493120634128e-07,5.599974315373402e-07,0.00784106941899432,-64.08311036376946,-64.08310867462154,-64.0831069946289,2.2460938140511644e-06,1.1199952041351935e-06,0.0,3.9891600361252206,exceeds_reference_discretization_error
neuron_model_behavioral_validation,Neuraxis,development_pilot,PILOT2_PROTOCOL,Exploratory development data; second development iteration informed by Pilot 1; not independent confirmation; never pooled with the confirmatory held-out estimate,m-recording_resolution-6959ac57de,nml2_hh_example,recording_resolution,"{""sample_every_ms"": 0.05}",P02_weak_step,voltage_deflection,0.8909443115235689,0.890944874572881,0.8909449666341658,5.630493120634128e-07,9.206128481764608e-08,2.6125947973656753,0.8909420654297548,0.8909437545776768,0.8909440307617302,2.2460938140511644e-06,1.1199952041351935e-06,9.358724355479353e-07,3.9891600361252206,exceeds_reference_discretization_error
neuron_model_behavioral_validation,Neuraxis,development_pilot,PILOT2_PROTOCOL,Exploratory development data; second development iteration informed by Pilot 1; not independent confirmation; never pooled with the confirmatory held-out estimate,m-recording_resolution-6959ac57de,nml2_hh_example,recording_resolution,"{""sample_every_ms"": 0.05}",P03_rheobase,rheobase,0.022436992008742575,0.02240284133597432,0.02240284133597432,3.415067276825445e-05,0.0,,0.022436992008742575,0.02240284133597432,0.02240284133597432,0.0,0.0,0.0,0.0,within_reference_discretization_error
neuron_model_behavioral_validation,Neuraxis,development_pilot,PILOT2_PROTOCOL,Exploratory development data; second development iteration informed by Pilot 1; not independent confirmation; never pooled with the confirmatory held-out estimate,m-recording_resolution-6959ac57de,nml2_hh_example,recording_resolution,"{""sample_every_ms"": 0.05}",P04_step_2x,adaptation_index,,,,,,,,,,,,,,no_change
neuron_model_behavioral_validation,Neuraxis,development_pilot,PILOT2_PROTOCOL,Exploratory development data; second development iteration informed by Pilot 1; not independent confirmation; never pooled with the confirmatory held-out estimate,m-recording_resolution-6959ac57de,nml2_hh_example,recording_resolution,"{""sample_every_ms"": 0.05}",P04_step_2x,ahp_depth,-10.697937011716306,-10.691650390625,-10.688508949278784,0.006286621091305733,0.0031414413462158564,1.0008581674771313,-10.697601318326704,-10.690467834469189,-10.688161735502305,0.000335693389601488,0.0011825561558111986,0.00034721377647883855,0.05339806308125441,within_reference_discretization_error
neuron_model_behavioral_validation,Neuraxis,development_pilot,PILOT2_PROTOCOL,Exploratory development data; second development iteration informed by Pilot 1; not independent confirmation; never pooled with the confirmatory held-out estimate,m-recording_resolution-6959ac57de,nml2_hh_example,recording_resolution,"{""sample_every_ms"": 0.05}",P04_step_2x,ap_amplitude,92.72434234740876,92.82558822777118,92.86779022349262,0.10124588036241278,0.042201995721441676,1.2624800764136308,92.59132385258161,92.91250076115466,92.83398590096232,0.1330184948271551,0.08691253338348304,0.03380432253030108,1.3138163681426964,within_reference_discretization_error
neuron_model_behavioral_validation,Neuraxis,development_pilot,PILOT2_PROTOCOL,Exploratory development data; second development iteration informed by Pilot 1; not independent confirmation; never pooled with the confirmatory held-out estimate,m-recording_resolution-6959ac57de,nml2_hh_example,recording_resolution,"{""sample_every_ms"": 0.05}",P04_step_2x,ap_half_width,1.3099999999988086,1.3099999999988086,1.3099999999988086,0.0,0.0,,1.3099999999988086,1.3199999999987995,1.3099999999988086,0.0,0.009999999999990905,0.0,,within_reference_discretization_error
neuron_model_behavioral_validation,Neuraxis,development_pilot,PILOT2_PROTOCOL,Exploratory development data; second development iteration informed by Pilot 1; not independent confirmation; never pooled with the confirmatory held-out estimate,m-recording_resolution-6959ac57de,nml2_hh_example,recording_resolution,"{""sample_every_ms"": 0.05}",P04_step_2x,burst_count,,,,,,,,,,,,,,no_change
neuron_model_behavioral_validation,Neuraxis,development_pilot,PILOT2_PROTOCOL,Exploratory development data; second development iteration informed by Pilot 1; not independent confirmation; never pooled with the confirmatory held-out estimate,m-recording_resolution-6959ac57de,nml2_hh_example,recording_resolution,"{""sample_every_ms"": 0.05}",P04_step_2x,firing_regime,,,,,,,,,,,,,,no_change
neuron_model_behavioral_validation,Neuraxis,development_pilot,PILOT2_PROTOCOL,Exploratory development data; second development iteration informed by Pilot 1; not independent confirmation; never pooled with the confirmatory held-out estimate,m-recording_resolution-6959ac57de,nml2_hh_example,recording_resolution,"{""sample_every_ms"": 0.05}",P04_step_2x,first_isi,,,,,,,,,,,,,,no_change
neuron_model_behavioral_validation,Neuraxis,development_pilot,PILOT2_PROTOCOL,Exploratory development data; second development iteration informed by Pilot 1; not independent confirmation; never pooled with the confirmatory held-out estimate,m-recording_resolution-6959ac57de,nml2_hh_example,recording_resolution,"{""sample_every_ms"": 0.05}",P04_step_2x,first_spike_latency,3.5399999998689395,3.509999999868967,3.489999999868985,0.029999999999972715,0.01999999999998181,0.5849625007211562,3.5499999998689304,3.499999999868976,3.499999999868976,0.009999999999990905,0.009999999999990905,0.009999999999990905,0.3333333333333333,within_reference_discretization_error
neuron_model_behavioral_validation,Neuraxis,development_pilot,PILOT2_PROTOCOL,Exploratory development data; second development iteration informed by Pilot 1; not independent confirmation; never pooled with the confirmatory held-out estimate,m-recording_resolution-6959ac57de,nml2_hh_example,recording_resolution,"{""sample_every_ms"": 0.05}",P04_step_2x,last_isi,,,,,,,,,,,,,,no_change
neuron_model_behavioral_validation,Neuraxis,development_pilot,PILOT2_PROTOCOL,Exploratory development data; second development iteration informed by Pilot 1; not independent confirmation; never pooled with the confirmatory held-out estimate,m-recording_resolution-6959ac57de,nml2_hh_example,recording_resolution,"{""sample_every_ms"": 0.05}",P04_step_2x,mean_frequency,,,,,,,,,,,,,,no_change
neuron_model_behavioral_validation,Neuraxis,development_pilot,PILOT2_PROTOCOL,Exploratory development data; second development iteration informed by Pilot 1; not independent confirmation; never pooled with the confirmatory held-out estimate,m-recording_resolution-6959ac57de,nml2_hh_example,recording_resolution,"{""sample_every_ms"": 0.05}",P04_step_2x,spike_count,1.0,1.0,1.0,0.0,0.0,,1.0,1.0,1.0,0.0,0.0,0.0,,within_reference_discretization_error
neuron_model_behavioral_validation,Neuraxis,development_pilot,PILOT2_PROTOCOL,Exploratory development data; second development iteration informed by Pilot 1; not independent confirmation; never pooled with the confirmatory held-out estimate,m-recording_resolution-6959ac57de,nml2_hh_example,recording_resolution,"{""sample_every_ms"": 0.05}",P05_long_step,adaptation_index,,,,,,,,,,,,,,no_change
neuron_model_behavioral_validation,Neuraxis,development_pilot,PILOT2_PROTOCOL,Exploratory development data; second development iteration informed by Pilot 1; not independent confirmation; never pooled with the confirmatory held-out estimate,m-recording_resolution-6959ac57de,nml2_hh_example,recording_resolution,"{""sample_every_ms"": 0.05}",P05_long_step,ahp_depth,-10.81385040282855,-10.808036804201677,-10.805161923727894,0.005813598626872363,0.002874880473783037,1.0159294949599882,-10.813140869134571,-10.808036804183573,-10.80376854705743,0.0007095336939784147,1.8104628907167353e-11,0.0013933766704639083,0.12204724466163125,within_reference_discretization_error
neuron_model_behavioral_validation,Neuraxis,development_pilot,PILOT2_PROTOCOL,Exploratory development data; second development iteration informed by Pilot 1; not independent confirmation; never pooled with the confirmatory held-out estimate,m-recording_resolution-6959ac57de,nml2_hh_example,recording_resolution,"{""sample_every_ms"": 0.05}",P05_long_step,ap_amplitude,91.2126808181487,91.37988662862392,91.39737701566176,0.16720581047522387,0.017490387037838673,3.2569908630232467,91.07265091057212,91.43604660058618,91.31326827699345,0.14002990757657585,0.05615997196225919,0.0841087386683057,0.8374703437553394,within_reference_discretization_error
neuron_model_behavioral_validation,Neuraxis,development_pilot,PILOT2_PROTOCOL,Exploratory development data; second development iteration informed by Pilot 1; not independent confirmation; never pooled with the confirmatory held-out estimate,m-recording_resolution-6959ac57de,nml2_hh_example,recording_resolution,"{""sample_every_ms"": 0.05}",P05_long_step,ap_half_width,1.2899999999988268,1.2899999999988268,1.2999999999988177,0.0,0.009999999999990905,,1.2899999999988268,1.2899999999988268,1.2999999999988177,0.0,0.0,0.0,,within_reference_discretization_error
neuron_model_behavioral_validation,Neuraxis,development_pilot,PILOT2_PROTOCOL,Exploratory development data; second development iteration informed by Pilot 1; not independent confirmation; never pooled with the confirmatory held-out estimate,m-recording_resolution-6959ac57de,nml2_hh_example,recording_resolution,"{""sample_every_ms"": 0.05}",P05_long_step,burst_count,,,,,,,,,,,,,,no_change
neuron_model_behavioral_validation,Neuraxis,development_pilot,PILOT2_PROTOCOL,Exploratory development data; second development iteration informed by Pilot 1; not independent confirmation; never pooled with the confirmatory held-out estimate,m-recording_resolution-6959ac57de,nml2_hh_example,recording_resolution,"{""sample_every_ms"": 0.05}",P05_long_step,firing_regime,,,,,,,,,,,,,,no_change
neuron_model_behavioral_validation,Neuraxis,development_pilot,PILOT2_PROTOCOL,Exploratory development data; second development iteration informed by Pilot 1; not independent confirmation; never pooled with the confirmatory held-out estimate,m-recording_resolution-6959ac57de,nml2_hh_example,recording_resolution,"{""sample_every_ms"": 0.05}",P05_long_step,first_isi,,,,,,,,,,,,,,no_change
neuron_model_behavioral_validation,Neuraxis,development_pilot,PILOT2_PROTOCOL,Exploratory development data; second development iteration informed by Pilot 1; not independent confirmation; never pooled with the confirmatory held-out estimate,m-recording_resolution-6959ac57de,nml2_hh_example,recording_resolution,"{""sample_every_ms"": 0.05}",P05_long_step,first_spike_latency,4.42999999986813,4.3899999998681665,4.369999999868185,0.03999999999996362,0.01999999999998181,1.0,4.449999999868112,4.399999999868157,4.349999999868203,0.01999999999998181,0.009999999999990905,0.01999999999998181,0.5,within_reference_discretization_error
neuron_model_behavioral_validation,Neuraxis,development_pilot,PILOT2_PROTOCOL,Exploratory development data; second development iteration informed by Pilot 1; not independent confirmation; never pooled with the confirmatory held-out estimate,m-recording_resolution-6959ac57de,nml2_hh_example,recording_resolution,"{""sample_every_ms"": 0.05}",P05_long_step,last_isi,,,,,,,,,,,,,,no_change
neuron_model_behavioral_validation,Neuraxis,development_pilot,PILOT2_PROTOCOL,Exploratory development data; second development iteration informed by Pilot 1; not independent confirmation; never pooled with the confirmatory held-out estimate,m-recording_resolution-6959ac57de,nml2_hh_example,recording_resolution,"{""sample_every_ms"": 0.05}",P05_long_step,mean_frequency,,,,,,,,,,,,,,no_change
neuron_model_behavioral_validation,Neuraxis,development_pilot,PILOT2_PROTOCOL,Exploratory development data; second development iteration informed by Pilot 1; not independent confirmation; never pooled with the confirmatory held-out estimate,m-recording_resolution-6959ac57de,nml2_hh_example,recording_resolution,"{""sample_every_ms"": 0.05}",P05_long_step,spike_count,1.0,1.0,1.0,0.0,0.0,,1.0,1.0,1.0,0.0,0.0,0.0,,within_reference_discretization_error
neuron_model_behavioral_validation,Neuraxis,development_pilot,PILOT2_PROTOCOL,Exploratory development data; second development iteration informed by Pilot 1; not independent confirmation; never pooled with the confirmatory held-out estimate,m-recording_resolution-6959ac57de,nml2_hh_example,recording_resolution,"{""sample_every_ms"": 0.05}",P06_ramp,firing_regime,,,,,,,,,,,,,,no_change
neuron_model_behavioral_validation,Neuraxis,development_pilot,PILOT2_PROTOCOL,Exploratory development data; second development iteration informed by Pilot 1; not independent confirmation; never pooled with the confirmatory held-out estimate,m-recording_resolution-6959ac57de,nml2_hh_example,recording_resolution,"{""sample_every_ms"": 0.05}",P06_ramp,first_spike_latency,,,,,,,,,,,,,,no_change
neuron_model_behavioral_validation,Neuraxis,development_pilot,PILOT2_PROTOCOL,Exploratory development data; second development iteration informed by Pilot 1; not independent confirmation; never pooled with the confirmatory held-out estimate,m-recording_resolution-6959ac57de,nml2_hh_example,recording_resolution,"{""sample_every_ms"": 0.05}",P06_ramp,mean_frequency,,,,,,,,,,,,,,no_change
neuron_model_behavioral_validation,Neuraxis,development_pilot,PILOT2_PROTOCOL,Exploratory development data; second development iteration informed by Pilot 1; not independent confirmation; never pooled with the confirmatory held-out estimate,m-recording_resolution-6959ac57de,nml2_hh_example,recording_resolution,"{""sample_every_ms"": 0.05}",P06_ramp,spike_count,0.0,0.0,0.0,0.0,0.0,,0.0,0.0,0.0,0.0,0.0,0.0,,within_reference_discretization_error
neuron_model_behavioral_validation,Neuraxis,development_pilot,PILOT2_PROTOCOL,Exploratory development data; second development iteration informed by Pilot 1; not independent confirmation; never pooled with the confirmatory held-out estimate,m-recording_resolution-6959ac57de,nml2_hh_example,recording_resolution,"{""sample_every_ms"": 0.05}",P07_hyperpolarizing_step,baseline_voltage,-64.97405242919922,-64.97405242919922,-64.97405336252838,0.0,9.333291615121198e-07,,-64.97405242919922,-64.97405242919922,-64.974055229187,0.0,0.0,1.8666586214521885e-06,,within_reference_discretization_error
neuron_model_behavioral_validation,Neuraxis,development_pilot,PILOT2_PROTOCOL,Exploratory development data; second development iteration informed by Pilot 1; not independent confirmation; never pooled with the confirmatory held-out estimate,m-recording_resolution-6959ac57de,nml2_hh_example,recording_resolution,"{""sample_every_ms"": 0.05}",P07_hyperpolarizing_step,minimum_voltage,-68.47553253173788,-68.47355651855469,-68.47257232666016,0.001976013183195846,0.00098419189453125,1.0055810319727885,-68.47550964355446,-68.4735336303709,-68.47254180908187,2.2888183423219743e-05,2.2888183792701966e-05,3.05175782813194e-05,0.011583011499043859,within_reference_discretization_error
neuron_model_behavioral_validation,Neuraxis,development_pilot,PILOT2_PROTOCOL,Exploratory development data; second development iteration informed by Pilot 1; not independent confirmation; never pooled with the confirmatory held-out estimate,m-recording_resolution-6959ac57de,nml2_hh_example,recording_resolution,"{""sample_every_ms"": 0.05}",P07_hyperpolarizing_step,sag_ratio,0.34640087069052167,0.3460314920631419,0.34584729152832866,0.00036937862737979055,0.00018420053481321697,1.0038231427457356,0.3463978794751525,0.34602785577865186,0.3458417698328129,2.9912153691746823e-06,3.636284490016184e-06,5.521695515764424e-06,0.008097965468097188,within_reference_discretization_error
neuron_model_behavioral_validation,Neuraxis,development_pilot,PILOT2_PROTOCOL,Exploratory development data; second development iteration informed by Pilot 1; not independent confirmation; never pooled with the confirmatory held-out estimate,m-recording_resolution-6959ac57de,nml2_hh_example,recording_resolution,"{""sample_every_ms"": 0.05}",P07_hyperpolarizing_step,spike_count,0.0,0.0,0.0,0.0,0.0,,0.0,0.0,0.0,0.0,0.0,0.0,,within_reference_discretization_error
neuron_model_behavioral_validation,Neuraxis,development_pilot,PILOT2_PROTOCOL,Exploratory development data; second development iteration informed by Pilot 1; not independent confirmation; never pooled with the confirmatory held-out estimate,m-recording_resolution-6959ac57de,nml2_hh_example,recording_resolution,"{""sample_every_ms"": 0.05}",P07_hyperpolarizing_step,steady_state_voltage,-67.26261677551295,-67.26261789703395,-67.26261901855469,1.1215209951842553e-06,1.1215207393888704e-06,3.290484769721501e-07,-67.26261228942883,-67.26261565399176,-67.26261901855469,4.486084122845568e-06,2.2430421893204766e-06,0.0,4.000000126710554,exceeds_reference_discretization_error
neuron_model_behavioral_validation,Neuraxis,development_pilot,PILOT2_PROTOCOL,Exploratory development data; second development iteration informed by Pilot 1; not independent confirmation; never pooled with the confirmatory held-out estimate,m-recording_resolution-6959ac57de,nml2_hh_example,recording_resolution,"{""sample_every_ms"": 0.05}",P07_hyperpolarizing_step,voltage_deflection,-2.288564346313734,-2.2885654678347294,-2.2885656560263072,1.1215209951842553e-06,1.8819157787675067e-07,2.5751826585252267,-2.2885598602296113,-2.28856322479254,-2.288563789367686,4.486084122845568e-06,2.2430421893204766e-06,1.8666586214521885e-06,4.000000126710554,exceeds_reference_discretization_error
neuron_model_behavioral_validation,Neuraxis,development_pilot,PILOT2_PROTOCOL,Exploratory development data; second development iteration informed by Pilot 1; not independent confirmation; never pooled with the confirmatory held-out estimate,m-recording_resolution-6959ac57de,nml2_hh_example,recording_resolution,"{""sample_every_ms"": 0.05}",P08_rebound,firing_regime,,,,,,,,,,,,,,no_change
neuron_model_behavioral_validation,Neuraxis,development_pilot,PILOT2_PROTOCOL,Exploratory development data; second development iteration informed by Pilot 1; not independent confirmation; never pooled with the confirmatory held-out estimate,m-recording_resolution-6959ac57de,nml2_hh_example,recording_resolution,"{""sample_every_ms"": 0.05}",P08_rebound,first_spike_latency,5.219999999412721,5.189999999412748,5.1799999994127575,0.029999999999972715,0.009999999999990905,1.584962500721156,5.249999999412694,5.199999999412739,5.199999999412739,0.029999999999972715,0.009999999999990905,0.01999999999998181,1.0,within_reference_discretization_error
neuron_model_behavioral_validation,Neuraxis,development_pilot,PILOT2_PROTOCOL,Exploratory development data; second development iteration informed by Pilot 1; not independent confirmation; never pooled with the confirmatory held-out estimate,m-recording_resolution-6959ac57de,nml2_hh_example,recording_resolution,"{""sample_every_ms"": 0.05}",P08_rebound,maximum_voltage,42.80941009326659,42.82489776491602,42.8328666689754,0.015487671649424328,0.007968904059381998,0.9586670385610672,42.677661895405585,42.81519698384557,42.73760604689509,0.13174819786100755,0.009700781070449693,0.0952606220803105,8.506649730394084,exceeds_reference_discretization_error
neuron_model_behavioral_validation,Neuraxis,development_pilot,PILOT2_PROTOCOL,Exploratory development data; second development iteration informed by Pilot 1; not independent confirmation; never pooled with the confirmatory held-out estimate,m-recording_resolution-6959ac57de,nml2_hh_example,recording_resolution,"{""sample_every_ms"": 0.05}",P08_rebound,spike_count,1.0,1.0,1.0,0.0,0.0,,1.0,1.0,1.0,0.0,0.0,0.0,,within_reference_discretization_error
neuron_model_behavioral_validation,Neuraxis,development_pilot,PILOT2_PROTOCOL,Exploratory development data; second development iteration informed by Pilot 1; not independent confirmation; never pooled with the confirmatory held-out estimate,m-recording_resolution-6959ac57de,nml2_hh_example,recording_resolution,"{""sample_every_ms"": 0.05}",P09_short_pulse,ahp_depth,-11.226577758789873,-11.22248840332071,-11.220445447285826,0.004089355469162115,0.002042956034884469,1.0012153181528196,-11.226249694818904,-11.221946716284734,-11.220380226117868,0.0003280639709686284,0.000541687035976679,6.522116795792954e-05,0.08022388208669147,within_reference_discretization_error
neuron_model_behavioral_validation,Neuraxis,development_pilot,PILOT2_PROTOCOL,Exploratory development data; second development iteration informed by Pilot 1; not independent confirmation; never pooled with the confirmatory held-out estimate,m-recording_resolution-6959ac57de,nml2_hh_example,recording_resolution,"{""sample_every_ms"": 0.05}",P09_short_pulse,ap_amplitude,106.45812988261622,106.43966293307548,106.40336227682579,0.018466949540737687,0.036300656249693475,-0.9750500550360351,106.42804717637733,106.42739867998691,106.33088302548113,0.030082706238886203,0.01226425308857415,0.07247925134466016,1.6290024604510025,within_reference_discretization_error
neuron_model_behavioral_validation,Neuraxis,development_pilot,PILOT2_PROTOCOL,Exploratory development data; second development iteration informed by Pilot 1; not independent confirmation; never pooled with the confirmatory held-out estimate,m-recording_resolution-6959ac57de,nml2_hh_example,recording_resolution,"{""sample_every_ms"": 0.05}",P09_short_pulse,ap_half_width,1.479999999998654,1.4899999999986449,1.4899999999986449,0.009999999999990905,0.0,,1.4899999999986449,1.4899999999986449,1.4899999999986449,0.009999999999990905,0.0,0.0,1.0,within_reference_discretization_error
neuron_model_behavioral_validation,Neuraxis,development_pilot,PILOT2_PROTOCOL,Exploratory development data; second development iteration informed by Pilot 1; not independent confirmation; never pooled with the confirmatory held-out estimate,m-recording_resolution-6959ac57de,nml2_hh_example,recording_resolution,"{""sample_every_ms"": 0.05}",P09_short_pulse,first_spike_latency,1.4599999998708313,1.4399999998708495,1.4299999998708586,0.01999999999998181,0.009999999999990905,1.0,1.4499999998708404,1.4499999998708404,1.4499999998708404,0.009999999999990905,0.009999999999990905,0.01999999999998181,0.5,within_reference_discretization_error
neuron_model_behavioral_validation,Neuraxis,development_pilot,PILOT2_PROTOCOL,Exploratory development data; second development iteration informed by Pilot 1; not independent confirmation; never pooled with the confirmatory held-out estimate,m-recording_resolution-6959ac57de,nml2_hh_example,recording_resolution,"{""sample_every_ms"": 0.05}",P09_short_pulse,spike_count,1.0,1.0,1.0,0.0,0.0,,1.0,1.0,1.0,0.0,0.0,0.0,,within_reference_discretization_error
neuron_model_behavioral_validation,Neuraxis,development_pilot,PILOT2_PROTOCOL,Exploratory development data; second development iteration informed by Pilot 1; not independent confirmation; never pooled with the confirmatory held-out estimate,m-increase_dt-445bb4bee3,osb_hh2_477127614,increase_dt,"{""dt_factor"": 4}",P00_canonical,adaptation_index,0.0017557204659683922,0.001963943238299798,0.0020678154010604277,0.00020822277233140574,0.0001038721627606297,1.0033187872227634,,,,,,,,not_run
neuron_model_behavioral_validation,Neuraxis,development_pilot,PILOT2_PROTOCOL,Exploratory development data; second development iteration informed by Pilot 1; not independent confirmation; never pooled with the confirmatory held-out estimate,m-increase_dt-445bb4bee3,osb_hh2_477127614,increase_dt,"{""dt_factor"": 4}",P00_canonical,ahp_depth,7.666865774086709,9.966850862869194,11.06060074191808,2.299985088782485,1.093749879048886,1.0723416505420684,,,,,,,,not_run
neuron_model_behavioral_validation,Neuraxis,development_pilot,PILOT2_PROTOCOL,Exploratory development data; second development iteration informed by Pilot 1; not independent confirmation; never pooled with the confirmatory held-out estimate,m-increase_dt-445bb4bee3,osb_hh2_477127614,increase_dt,"{""dt_factor"": 4}",P00_canonical,ap_amplitude,68.17416534535639,66.87010574454787,66.24486007829348,1.3040596008085146,0.6252456662543864,1.0605147502389884,,,,,,,,not_run
neuron_model_behavioral_validation,Neuraxis,development_pilot,PILOT2_PROTOCOL,Exploratory development data; second development iteration informed by Pilot 1; not independent confirmation; never pooled with the confirmatory held-out estimate,m-increase_dt-445bb4bee3,osb_hh2_477127614,increase_dt,"{""dt_factor"": 4}",P00_canonical,ap_half_width,0.6499999999994088,0.6499999999994088,0.6499999999994088,0.0,0.0,,,,,,,,,not_run
neuron_model_behavioral_validation,Neuraxis,development_pilot,PILOT2_PROTOCOL,Exploratory development data; second development iteration informed by Pilot 1; not independent confirmation; never pooled with the confirmatory held-out estimate,m-increase_dt-445bb4bee3,osb_hh2_477127614,increase_dt,"{""dt_factor"": 4}",P00_canonical,baseline_voltage,-71.41928124039258,-71.4192472556787,-71.41923874240456,3.398471388038615e-05,8.513274138977067e-06,1.9970999836871528,,,,,,,,not_run
neuron_model_behavioral_validation,Neuraxis,development_pilot,PILOT2_PROTOCOL,Exploratory development data; second development iteration informed by Pilot 1; not independent confirmation; never pooled with the confirmatory held-out estimate,m-increase_dt-445bb4bee3,osb_hh2_477127614,increase_dt,"{""dt_factor"": 4}",P00_canonical,firing_regime,,,,,,,,,,,,,,not_run
neuron_model_behavioral_validation,Neuraxis,development_pilot,PILOT2_PROTOCOL,Exploratory development data; second development iteration informed by Pilot 1; not independent confirmation; never pooled with the confirmatory held-out estimate,m-increase_dt-445bb4bee3,osb_hh2_477127614,increase_dt,"{""dt_factor"": 4}",P00_canonical,first_isi,23.42999999997869,20.949999999980946,19.709999999982074,2.4799999999977445,1.2399999999988722,1.0,,,,,,,,not_run
neuron_model_behavioral_validation,Neuraxis,development_pilot,PILOT2_PROTOCOL,Exploratory development data; second development iteration informed by Pilot 1; not independent confirmation; never pooled with the confirmatory held-out estimate,m-increase_dt-445bb4bee3,osb_hh2_477127614,increase_dt,"{""dt_factor"": 4}",P00_canonical,first_spike_latency,28.91999999987314,28.749999999873296,28.66999999987337,0.16999999999984539,0.07999999999992724,1.0874628412503393,,,,,,,,not_run
neuron_model_behavioral_validation,Neuraxis,development_pilot,PILOT2_PROTOCOL,Exploratory development data; second development iteration informed by Pilot 1; not independent confirmation; never pooled with the confirmatory held-out estimate,m-increase_dt-445bb4bee3,osb_hh2_477127614,increase_dt,"{""dt_factor"": 4}",P00_canonical,last_isi,25.819999999976517,23.619999999978518,22.5399999999795,2.199999999997999,1.0799999999990177,1.0264722113611913,,,,,,,,not_run
neuron_model_behavioral_validation,Neuraxis,development_pilot,PILOT2_PROTOCOL,Exploratory development data; second development iteration informed by Pilot 1; not independent confirmation; never pooled with the confirmatory held-out estimate,m-increase_dt-445bb4bee3,osb_hh2_477127614,increase_dt,"{""dt_factor"": 4}",P00_canonical,mean_frequency,39.70955298393104,43.577272343940756,45.81233601270892,3.8677193600097155,2.235063668768163,0.7911671882187602,,,,,,,,not_run
neuron_model_behavioral_validation,Neuraxis,development_pilot,PILOT2_PROTOCOL,Exploratory development data; second development iteration informed by Pilot 1; not independent confirmation; never pooled with the confirmatory held-out estimate,m-increase_dt-445bb4bee3,osb_hh2_477127614,increase_dt,"{""dt_factor"": 4}",P00_canonical,spike_count,28.0,31.0,33.0,3.0,2.0,0.5849625007211562,,,,,,,,not_run
neuron_model_behavioral_validation,Neuraxis,development_pilot,PILOT2_PROTOCOL,Exploratory development data; second development iteration informed by Pilot 1; not independent confirmation; never pooled with the confirmatory held-out estimate,m-increase_dt-445bb4bee3,osb_hh2_477127614,increase_dt,"{""dt_factor"": 4}",P02_weak_step,baseline_voltage,-71.4206871846517,-71.42068381754557,-71.42068229420981,3.367106131690889e-06,1.523335754427535e-06,1.1442752383536512,-71.4207033818563,,,1.6197204601553494e-05,,,4.810422947202915,exceeds_reference_discretization_error
neuron_model_behavioral_validation,Neuraxis,development_pilot,PILOT2_PROTOCOL,Exploratory development data; second development iteration informed by Pilot 1; not independent confirmation; never pooled with the confirmatory held-out estimate,m-increase_dt-445bb4bee3,osb_hh2_477127614,increase_dt,"{""dt_factor"": 4}",P02_weak_step,spike_count,0.0,0.0,0.0,0.0,0.0,,0.0,,,0.0,,,,within_reference_discretization_error
neuron_model_behavioral_validation,Neuraxis,development_pilot,PILOT2_PROTOCOL,Exploratory development data; second development iteration informed by Pilot 1; not independent confirmation; never pooled with the confirmatory held-out estimate,m-increase_dt-445bb4bee3,osb_hh2_477127614,increase_dt,"{""dt_factor"": 4}",P02_weak_step,steady_state_voltage,-60.68582479858395,-60.68582508010861,-60.6858253829956,2.815246560317064e-07,3.028869954846414e-07,-0.10551835746023908,-60.68582753639214,,,2.737808188157942e-06,,,9.724932184446393,exceeds_reference_discretization_error
neuron_model_behavioral_validation,Neuraxis,development_pilot,PILOT2_PROTOCOL,Exploratory development data; second development iteration informed by Pilot 1; not independent confirmation; never pooled with the confirmatory held-out estimate,m-increase_dt-445bb4bee3,osb_hh2_477127614,increase_dt,"{""dt_factor"": 4}",P02_weak_step,voltage_deflection,10.734862386067746,10.734858737436959,10.734856911214209,3.6486307877225954e-06,1.8262227499121764e-06,0.9984924231673042,10.73487584546416,,,1.3459396413395552e-05,,,3.688889667511863,exceeds_reference_discretization_error
neuron_model_behavioral_validation,Neuraxis,development_pilot,PILOT2_PROTOCOL,Exploratory development data; second development iteration informed by Pilot 1; not independent confirmation; never pooled with the confirmatory held-out estimate,m-increase_dt-445bb4bee3,osb_hh2_477127614,increase_dt,"{""dt_factor"": 4}",P03_rheobase,rheobase,0.06447647018646267,0.06447647018646267,0.06447647018646267,0.0,0.0,,0.06447647018646267,,,0.0,,,,within_reference_discretization_error
neuron_model_behavioral_validation,Neuraxis,development_pilot,PILOT2_PROTOCOL,Exploratory development data; second development iteration informed by Pilot 1; not independent confirmation; never pooled with the confirmatory held-out estimate,m-increase_dt-445bb4bee3,osb_hh2_477127614,increase_dt,"{""dt_factor"": 4}",P04_step_2x,adaptation_index,0.004400096639213388,0.0043792695235912405,0.004469963201144281,2.0827115622147445e-05,9.069367755304078e-05,-2.122538928698366,0.0036996529482135245,,,0.0007004436909998635,,,33.63133444436326,exceeds_reference_discretization_error
neuron_model_behavioral_validation,Neuraxis,development_pilot,PILOT2_PROTOCOL,Exploratory development data; second development iteration informed by Pilot 1; not independent confirmation; never pooled with the confirmatory held-out estimate,m-increase_dt-445bb4bee3,osb_hh2_477127614,increase_dt,"{""dt_factor"": 4}",P04_step_2x,ahp_depth,11.031660542810322,11.452200846353144,11.660180096950327,0.4205403035428219,0.2079792505971838,1.0158044688045094,8.378504815429622,,,2.6531557273806996,,,6.308921416162291,exceeds_reference_discretization_error
neuron_model_behavioral_validation,Neuraxis,development_pilot,PILOT2_PROTOCOL,Exploratory development data; second development iteration informed by Pilot 1; not independent confirmation; never pooled with the confirmatory held-out estimate,m-increase_dt-445bb4bee3,osb_hh2_477127614,increase_dt,"{""dt_factor"": 4}",P04_step_2x,ap_amplitude,65.66345214961734,65.3342704782316,65.26095009064277,0.32918167138574006,0.07332038758883641,2.166597692269003,67.20466804494858,,,1.5412158953312343,,,4.6819614495644695,exceeds_reference_discretization_error
neuron_model_behavioral_validation,Neuraxis,development_pilot,PILOT2_PROTOCOL,Exploratory development data; second development iteration informed by Pilot 1; not independent confirmation; never pooled with the confirmatory held-out estimate,m-increase_dt-445bb4bee3,osb_hh2_477127614,increase_dt,"{""dt_factor"": 4}",P04_step_2x,ap_half_width,0.6499999999994088,0.6599999999993997,0.6499999999994088,0.009999999999990905,0.009999999999990905,0.0,0.6499999999994088,,,0.0,,,0.0,within_reference_discretization_error
neuron_model_behavioral_validation,Neuraxis,development_pilot,PILOT2_PROTOCOL,Exploratory development data; second development iteration informed by Pilot 1; not independent confirmation; never pooled with the confirmatory held-out estimate,m-increase_dt-445bb4bee3,osb_hh2_477127614,increase_dt,"{""dt_factor"": 4}",P04_step_2x,burst_count,1.0,1.0,1.0,0.0,0.0,,1.0,,,0.0,,,,within_reference_discretization_error
neuron_model_behavioral_validation,Neuraxis,development_pilot,PILOT2_PROTOCOL,Exploratory development data; second development iteration informed by Pilot 1; not independent confirmation; never pooled with the confirmatory held-out estimate,m-increase_dt-445bb4bee3,osb_hh2_477127614,increase_dt,"{""dt_factor"": 4}",P04_step_2x,firing_regime,,,,,,,,,,,,,,no_change
neuron_model_behavioral_validation,Neuraxis,development_pilot,PILOT2_PROTOCOL,Exploratory development data; second development iteration informed by Pilot 1; not independent confirmation; never pooled with the confirmatory held-out estimate,m-increase_dt-445bb4bee3,osb_hh2_477127614,increase_dt,"{""dt_factor"": 4}",P04_step_2x,first_isi,28.339999999974225,27.62999999997487,27.269999999975198,0.7099999999993543,0.3599999999996726,0.9798221180623697,32.51999999997042,,,4.179999999996198,,,5.887323943661972,exceeds_reference_discretization_error
neuron_model_behavioral_validation,Neuraxis,development_pilot,PILOT2_PROTOCOL,Exploratory development data; second development iteration informed by Pilot 1; not independent confirmation; never pooled with the confirmatory held-out estimate,m-increase_dt-445bb4bee3,osb_hh2_477127614,increase_dt,"{""dt_factor"": 4}",P04_step_2x,first_spike_latency,41.14999999983473,41.10999999983477,41.09999999983478,0.03999999999996362,0.009999999999990905,2.0,41.33999999983456,,,0.1899999999998272,,,4.75,exceeds_reference_discretization_error
neuron_model_behavioral_validation,Neuraxis,development_pilot,PILOT2_PROTOCOL,Exploratory development data; second development iteration informed by Pilot 1; not independent confirmation; never pooled with the confirmatory held-out estimate,m-increase_dt-445bb4bee3,osb_hh2_477127614,increase_dt,"{""dt_factor"": 4}",P04_step_2x,last_isi,32.02999999997087,31.49999999997135,31.16999999997165,0.529999999999518,0.32999999999969987,0.6835263352047457,35.81999999996742,,,3.789999999996553,,,7.150943396226415,exceeds_reference_discretization_error
neuron_model_behavioral_validation,Neuraxis,development_pilot,PILOT2_PROTOCOL,Exploratory development data; second development iteration informed by Pilot 1; not independent confirmation; never pooled with the confirmatory held-out estimate,m-increase_dt-445bb4bee3,osb_hh2_477127614,increase_dt,"{""dt_factor"": 4}",P04_step_2x,mean_frequency,31.968628119643075,32.591204448737535,32.94350189428999,0.6225763290944606,0.3522974455524519,0.8214567111619403,28.544631570395914,,,3.4239965492471605,,,5.499721703565851,exceeds_reference_discretization_error
neuron_model_behavioral_validation,Neuraxis,development_pilot,PILOT2_PROTOCOL,Exploratory development data; second development iteration informed by Pilot 1; not independent confirmation; never pooled with the confirmatory held-out estimate,m-increase_dt-445bb4bee3,osb_hh2_477127614,increase_dt,"{""dt_factor"": 4}",P04_step_2x,spike_count,15.0,16.0,16.0,1.0,0.0,,14.0,,,1.0,,,1.0,within_reference_discretization_error
neuron_model_behavioral_validation,Neuraxis,development_pilot,PILOT2_PROTOCOL,Exploratory development data; second development iteration informed by Pilot 1; not independent confirmation; never pooled with the confirmatory held-out estimate,m-increase_dt-445bb4bee3,osb_hh2_477127614,increase_dt,"{""dt_factor"": 4}",P05_long_step,adaptation_index,0.0020482756593237653,0.002149159038242536,0.002138089108909144,0.00010088337891877089,1.1069929333392195e-05,3.1879705846328616,0.0017160371092082316,,,0.00033223855011553375,,,3.2932932429141277,exceeds_reference_discretization_error
neuron_model_behavioral_validation,Neuraxis,development_pilot,PILOT2_PROTOCOL,Exploratory development data; second development iteration informed by Pilot 1; not independent confirmation; never pooled with the confirmatory held-out estimate,m-increase_dt-445bb4bee3,osb_hh2_477127614,increase_dt,"{""dt_factor"": 4}",P05_long_step,ahp_depth,10.79554604085748,11.21389289347907,11.420685885109798,0.418346852621589,0.20679299163072784,1.0165122887322022,8.156408185343388,,,2.639137855514093,,,6.308492197266023,exceeds_reference_discretization_error
neuron_model_behavioral_validation,Neuraxis,development_pilot,PILOT2_PROTOCOL,Exploratory development data; second development iteration informed by Pilot 1; not independent confirmation; never pooled with the confirmatory held-out estimate,m-increase_dt-445bb4bee3,osb_hh2_477127614,increase_dt,"{""dt_factor"": 4}",P05_long_step,ap_amplitude,65.26353454776816,64.9877738975208,64.7881736768557,0.2757606502473635,0.19960022066508998,0.4663032900900064,66.81583976788578,,,1.552305220117617,,,5.6291759492341065,exceeds_reference_discretization_error
neuron_model_behavioral_validation,Neuraxis,development_pilot,PILOT2_PROTOCOL,Exploratory development data; second development iteration informed by Pilot 1; not independent confirmation; never pooled with the confirmatory held-out estimate,m-increase_dt-445bb4bee3,osb_hh2_477127614,increase_dt,"{""dt_factor"": 4}",P05_long_step,ap_half_width,0.6499999999994088,0.6499999999994088,0.6599999999993997,0.0,0.009999999999990905,,0.6399999999994179,,,0.009999999999990905,,,,exceeds_reference_discretization_error
neuron_model_behavioral_validation,Neuraxis,development_pilot,PILOT2_PROTOCOL,Exploratory development data; second development iteration informed by Pilot 1; not independent confirmation; never pooled with the confirmatory held-out estimate,m-increase_dt-445bb4bee3,osb_hh2_477127614,increase_dt,"{""dt_factor"": 4}",P05_long_step,burst_count,1.0,1.0,1.0,0.0,0.0,,1.0,,,0.0,,,,within_reference_discretization_error
neuron_model_behavioral_validation,Neuraxis,development_pilot,PILOT2_PROTOCOL,Exploratory development data; second development iteration informed by Pilot 1; not independent confirmation; never pooled with the confirmatory held-out estimate,m-increase_dt-445bb4bee3,osb_hh2_477127614,increase_dt,"{""dt_factor"": 4}",P05_long_step,firing_regime,,,,,,,,,,,,,,no_change
neuron_model_behavioral_validation,Neuraxis,development_pilot,PILOT2_PROTOCOL,Exploratory development data; second development iteration informed by Pilot 1; not independent confirmation; never pooled with the confirmatory held-out estimate,m-increase_dt-445bb4bee3,osb_hh2_477127614,increase_dt,"{""dt_factor"": 4}",P05_long_step,first_isi,47.569999999956735,46.48999999995772,45.9599999999582,1.0799999999990177,0.529999999999518,1.0269670476002695,53.739999999951124,,,6.169999999994388,,,5.712962962962963,exceeds_reference_discretization_error
neuron_model_behavioral_validation,Neuraxis,development_pilot,PILOT2_PROTOCOL,Exploratory development data; second development iteration informed by Pilot 1; not independent confirmation; never pooled with the confirmatory held-out estimate,m-increase_dt-445bb4bee3,osb_hh2_477127614,increase_dt,"{""dt_factor"": 4}",P05_long_step,first_spike_latency,65.31999999981275,65.27999999981279,65.24999999981281,0.03999999999996362,0.029999999999972715,0.41503749927884376,65.53999999981255,,,0.2199999999997999,,,5.5,exceeds_reference_discretization_error
neuron_model_behavioral_validation,Neuraxis,development_pilot,PILOT2_PROTOCOL,Exploratory development data; second development iteration informed by Pilot 1; not independent confirmation; never pooled with the confirmatory held-out estimate,m-increase_dt-445bb4bee3,osb_hh2_477127614,increase_dt,"{""dt_factor"": 4}",P05_long_step,last_isi,56.07000000122389,55.2000000012049,54.760000001195294,0.8700000000189902,0.44000000000960426,0.9835118772114311,61.12000000133412,,,5.050000000110231,,,5.804597701149425,exceeds_reference_discretization_error
neuron_model_behavioral_validation,Neuraxis,development_pilot,PILOT2_PROTOCOL,Exploratory development data; second development iteration informed by Pilot 1; not independent confirmation; never pooled with the confirmatory held-out estimate,m-increase_dt-445bb4bee3,osb_hh2_477127614,increase_dt,"{""dt_factor"": 4}",P05_long_step,mean_frequency,18.19606257420694,18.50243358394808,18.650039568294932,0.30637100974113807,0.14760598434685335,1.0535285758112216,16.63943849455595,,,1.556624079650991,,,5.080846523194961,exceeds_reference_discretization_error
neuron_model_behavioral_validation,Neuraxis,development_pilot,PILOT2_PROTOCOL,Exploratory development data; second development iteration informed by Pilot 1; not independent confirmation; never pooled with the confirmatory held-out estimate,m-increase_dt-445bb4bee3,osb_hh2_477127614,increase_dt,"{""dt_factor"": 4}",P05_long_step,spike_count,36.0,36.0,37.0,0.0,1.0,,33.0,,,3.0,,,,exceeds_reference_discretization_error
neuron_model_behavioral_validation,Neuraxis,development_pilot,PILOT2_PROTOCOL,Exploratory development data; second development iteration informed by Pilot 1; not independent confirmation; never pooled with the confirmatory held-out estimate,m-increase_dt-445bb4bee3,osb_hh2_477127614,increase_dt,"{""dt_factor"": 4}",P06_ramp,firing_regime,,,,,,,,,,,,,,no_change
neuron_model_behavioral_validation,Neuraxis,development_pilot,PILOT2_PROTOCOL,Exploratory development data; second development iteration informed by Pilot 1; not independent confirmation; never pooled with the confirmatory held-out estimate,m-increase_dt-445bb4bee3,osb_hh2_477127614,increase_dt,"{""dt_factor"": 4}",P06_ramp,first_spike_latency,415.89999999949396,415.849999999494,415.829999999494,0.049999999999954525,0.01999999999998181,1.3219280948873624,416.1799999994937,,,0.27999999999974534,,,5.6,exceeds_reference_discretization_error
neuron_model_behavioral_validation,Neuraxis,development_pilot,PILOT2_PROTOCOL,Exploratory development data; second development iteration informed by Pilot 1; not independent confirmation; never pooled with the confirmatory held-out estimate,m-increase_dt-445bb4bee3,osb_hh2_477127614,increase_dt,"{""dt_factor"": 4}",P06_ramp,mean_frequency,20.37510569588198,21.14803625379839,21.23056392423905,0.7729305579164105,0.08252767044065834,3.2273889822906017,18.323221629564227,,,2.051884066317754,,,2.6546809998675944,within_reference_discretization_error
neuron_model_behavioral_validation,Neuraxis,development_pilot,PILOT2_PROTOCOL,Exploratory development data; second development iteration informed by Pilot 1; not independent confirmation; never pooled with the confirmatory held-out estimate,m-increase_dt-445bb4bee3,osb_hh2_477127614,increase_dt,"{""dt_factor"": 4}",P06_ramp,spike_count,20.0,21.0,21.0,1.0,0.0,,18.0,,,2.0,,,2.0,within_reference_discretization_error
neuron_model_behavioral_validation,Neuraxis,development_pilot,PILOT2_PROTOCOL,Exploratory development data; second development iteration informed by Pilot 1; not independent confirmation; never pooled with the confirmatory held-out estimate,m-increase_dt-445bb4bee3,osb_hh2_477127614,increase_dt,"{""dt_factor"": 4}",P07_hyperpolarizing_step,baseline_voltage,-71.4206871846517,-71.42068381754557,-71.42068262481688,3.367106131690889e-06,1.1927286891477706e-06,1.497243286372393,-71.4207113965352,,,2.4211883498992393e-05,,,7.1907099307361895,exceeds_reference_discretization_error
neuron_model_behavioral_validation,Neuraxis,development_pilot,PILOT2_PROTOCOL,Exploratory development data; second development iteration informed by Pilot 1; not independent confirmation; never pooled with the confirmatory held-out estimate,m-increase_dt-445bb4bee3,osb_hh2_477127614,increase_dt,"{""dt_factor"": 4}",P07_hyperpolarizing_step,minimum_voltage,-93.17750549316406,-93.17750549316406,-93.17750549316406,0.0,0.0,,-93.17750549316406,,,0.0,,,,within_reference_discretization_error
neuron_model_behavioral_validation,Neuraxis,development_pilot,PILOT2_PROTOCOL,Exploratory development data; second development iteration informed by Pilot 1; not independent confirmation; never pooled with the confirmatory held-out estimate,m-increase_dt-445bb4bee3,osb_hh2_477127614,increase_dt,"{""dt_factor"": 4}",P07_hyperpolarizing_step,sag_ratio,4.870131081163683e-06,4.86143379114225e-06,4.8504225914735495e-06,8.697290021433039e-09,1.1011199668700377e-08,-0.34033381048358946,4.9675869187608625e-06,,,9.745583759717952e-08,,,11.205310775772185,exceeds_reference_discretization_error
neuron_model_behavioral_validation,Neuraxis,development_pilot,PILOT2_PROTOCOL,Exploratory development data; second development iteration informed by Pilot 1; not independent confirmation; never pooled with the confirmatory held-out estimate,m-increase_dt-445bb4bee3,osb_hh2_477127614,increase_dt,"{""dt_factor"": 4}",P07_hyperpolarizing_step,spike_count,0.0,0.0,0.0,0.0,0.0,,0.0,,,0.0,,,,within_reference_discretization_error
neuron_model_behavioral_validation,Neuraxis,development_pilot,PILOT2_PROTOCOL,Exploratory development data; second development iteration informed by Pilot 1; not independent confirmation; never pooled with the confirmatory held-out estimate,m-increase_dt-445bb4bee3,osb_hh2_477127614,increase_dt,"{""dt_factor"": 4}",P07_hyperpolarizing_step,steady_state_voltage,-93.17739953460699,-93.17739972381598,-93.1773999633789,1.8920898980923084e-07,2.3956292238835886e-07,-0.34042400024951913,-93.17739741439831,,,2.120208677069968e-06,,,11.20564450562132,exceeds_reference_discretization_error
neuron_model_behavioral_validation,Neuraxis,development_pilot,PILOT2_PROTOCOL,Exploratory development data; second development iteration informed by Pilot 1; not independent confirmation; never pooled with the confirmatory held-out estimate,m-increase_dt-445bb4bee3,osb_hh2_477127614,increase_dt,"{""dt_factor"": 4}",P07_hyperpolarizing_step,voltage_deflection,-21.756712349955293,-21.756715906270415,-21.756717338562026,3.55631512150012e-06,1.4322916115361295e-06,1.312057913425962,-21.756686017863117,,,2.633209217606236e-05,,,7.404319155203264,exceeds_reference_discretization_error
neuron_model_behavioral_validation,Neuraxis,development_pilot,PILOT2_PROTOCOL,Exploratory development data; second development iteration informed by Pilot 1; not independent confirmation; never pooled with the confirmatory held-out estimate,m-increase_dt-445bb4bee3,osb_hh2_477127614,increase_dt,"{""dt_factor"": 4}",P08_rebound,firing_regime,,,,,,,,,,,,,,no_change
neuron_model_behavioral_validation,Neuraxis,development_pilot,PILOT2_PROTOCOL,Exploratory development data; second development iteration informed by Pilot 1; not independent confirmation; never pooled with the confirmatory held-out estimate,m-increase_dt-445bb4bee3,osb_hh2_477127614,increase_dt,"{""dt_factor"": 4}",P08_rebound,first_spike_latency,,,,,,,,,,,,,,no_change
neuron_model_behavioral_validation,Neuraxis,development_pilot,PILOT2_PROTOCOL,Exploratory development data; second development iteration informed by Pilot 1; not independent confirmation; never pooled with the confirmatory held-out estimate,m-increase_dt-445bb4bee3,osb_hh2_477127614,increase_dt,"{""dt_factor"": 4}",P08_rebound,maximum_voltage,-71.3893814086914,-71.38938903808594,-71.38938903808594,7.62939453125e-06,0.0,,-71.38933563232487,,,4.577636653380068e-05,,,5.999999914318323,exceeds_reference_discretization_error
neuron_model_behavioral_validation,Neuraxis,development_pilot,PILOT2_PROTOCOL,Exploratory development data; second development iteration informed by Pilot 1; not independent confirmation; never pooled with the confirmatory held-out estimate,m-increase_dt-445bb4bee3,osb_hh2_477127614,increase_dt,"{""dt_factor"": 4}",P08_rebound,spike_count,0.0,0.0,0.0,0.0,0.0,,0.0,,,0.0,,,,within_reference_discretization_error
neuron_model_behavioral_validation,Neuraxis,development_pilot,PILOT2_PROTOCOL,Exploratory development data; second development iteration informed by Pilot 1; not independent confirmation; never pooled with the confirmatory held-out estimate,m-increase_dt-445bb4bee3,osb_hh2_477127614,increase_dt,"{""dt_factor"": 4}",P09_short_pulse,ahp_depth,,,,,,,,,,,,,,no_change
neuron_model_behavioral_validation,Neuraxis,development_pilot,PILOT2_PROTOCOL,Exploratory development data; second development iteration informed by Pilot 1; not independent confirmation; never pooled with the confirmatory held-out estimate,m-increase_dt-445bb4bee3,osb_hh2_477127614,increase_dt,"{""dt_factor"": 4}",P09_short_pulse,ap_amplitude,,,,,,,,,,,,,,no_change
neuron_model_behavioral_validation,Neuraxis,development_pilot,PILOT2_PROTOCOL,Exploratory development data; second development iteration informed by Pilot 1; not independent confirmation; never pooled with the confirmatory held-out estimate,m-increase_dt-445bb4bee3,osb_hh2_477127614,increase_dt,"{""dt_factor"": 4}",P09_short_pulse,ap_half_width,,,,,,,,,,,,,,no_change
neuron_model_behavioral_validation,Neuraxis,development_pilot,PILOT2_PROTOCOL,Exploratory development data; second development iteration informed by Pilot 1; not independent confirmation; never pooled with the confirmatory held-out estimate,m-increase_dt-445bb4bee3,osb_hh2_477127614,increase_dt,"{""dt_factor"": 4}",P09_short_pulse,first_spike_latency,,,,,,,,,,,,,,no_change
neuron_model_behavioral_validation,Neuraxis,development_pilot,PILOT2_PROTOCOL,Exploratory development data; second development iteration informed by Pilot 1; not independent confirmation; never pooled with the confirmatory held-out estimate,m-increase_dt-445bb4bee3,osb_hh2_477127614,increase_dt,"{""dt_factor"": 4}",P09_short_pulse,spike_count,0.0,0.0,0.0,0.0,0.0,,0.0,,,0.0,,,,within_reference_discretization_error
neuron_model_behavioral_validation,Neuraxis,development_pilot,PILOT2_PROTOCOL,Exploratory development data; second development iteration informed by Pilot 1; not independent confirmation; never pooled with the confirmatory held-out estimate,m-solver_config-38da35f6d7,osb_hh2_477127614,solver_config,"{""integrator_method"": ""eulertree""}",P00_canonical,adaptation_index,0.0017557204659683922,0.001963943238299798,0.0020678154010604277,0.00020822277233140574,0.0001038721627606297,1.0033187872227634,0.0017557204659683922,0.001963943238299798,0.0020678154010604277,0.0,0.0,0.0,0.0,within_reference_discretization_error
neuron_model_behavioral_validation,Neuraxis,development_pilot,PILOT2_PROTOCOL,Exploratory development data; second development iteration informed by Pilot 1; not independent confirmation; never pooled with the confirmatory held-out estimate,m-solver_config-38da35f6d7,osb_hh2_477127614,solver_config,"{""integrator_method"": ""eulertree""}",P00_canonical,ahp_depth,7.666865774086709,9.966850862869194,11.06060074191808,2.299985088782485,1.093749879048886,1.0723416505420684,7.666865774086709,9.966850862869194,11.06060074191808,0.0,0.0,0.0,0.0,within_reference_discretization_error
neuron_model_behavioral_validation,Neuraxis,development_pilot,PILOT2_PROTOCOL,Exploratory development data; second development iteration informed by Pilot 1; not independent confirmation; never pooled with the confirmatory held-out estimate,m-solver_config-38da35f6d7,osb_hh2_477127614,solver_config,"{""integrator_method"": ""eulertree""}",P00_canonical,ap_amplitude,68.17416534535639,66.87010574454787,66.24486007829348,1.3040596008085146,0.6252456662543864,1.0605147502389884,68.17416534535639,66.87010574454787,66.24486007829348,0.0,0.0,0.0,0.0,within_reference_discretization_error
neuron_model_behavioral_validation,Neuraxis,development_pilot,PILOT2_PROTOCOL,Exploratory development data; second development iteration informed by Pilot 1; not independent confirmation; never pooled with the confirmatory held-out estimate,m-solver_config-38da35f6d7,osb_hh2_477127614,solver_config,"{""integrator_method"": ""eulertree""}",P00_canonical,ap_half_width,0.6499999999994088,0.6499999999994088,0.6499999999994088,0.0,0.0,,0.6499999999994088,0.6499999999994088,0.6499999999994088,0.0,0.0,0.0,,within_reference_discretization_error
neuron_model_behavioral_validation,Neuraxis,development_pilot,PILOT2_PROTOCOL,Exploratory development data; second development iteration informed by Pilot 1; not independent confirmation; never pooled with the confirmatory held-out estimate,m-solver_config-38da35f6d7,osb_hh2_477127614,solver_config,"{""integrator_method"": ""eulertree""}",P00_canonical,baseline_voltage,-71.41928124039258,-71.4192472556787,-71.41923874240456,3.398471388038615e-05,8.513274138977067e-06,1.9970999836871528,-71.41928124039258,-71.4192472556787,-71.41923874240456,0.0,0.0,0.0,0.0,within_reference_discretization_error
neuron_model_behavioral_validation,Neuraxis,development_pilot,PILOT2_PROTOCOL,Exploratory development data; second development iteration informed by Pilot 1; not independent confirmation; never pooled with the confirmatory held-out estimate,m-solver_config-38da35f6d7,osb_hh2_477127614,solver_config,"{""integrator_method"": ""eulertree""}",P00_canonical,firing_regime,,,,,,,,,,,,,,no_change
neuron_model_behavioral_validation,Neuraxis,development_pilot,PILOT2_PROTOCOL,Exploratory development data; second development iteration informed by Pilot 1; not independent confirmation; never pooled with the confirmatory held-out estimate,m-solver_config-38da35f6d7,osb_hh2_477127614,solver_config,"{""integrator_method"": ""eulertree""}",P00_canonical,first_isi,23.42999999997869,20.949999999980946,19.709999999982074,2.4799999999977445,1.2399999999988722,1.0,23.42999999997869,20.949999999980946,19.709999999982074,0.0,0.0,0.0,0.0,within_reference_discretization_error
neuron_model_behavioral_validation,Neuraxis,development_pilot,PILOT2_PROTOCOL,Exploratory development data; second development iteration informed by Pilot 1; not independent confirmation; never pooled with the confirmatory held-out estimate,m-solver_config-38da35f6d7,osb_hh2_477127614,solver_config,"{""integrator_method"": ""eulertree""}",P00_canonical,first_spike_latency,28.91999999987314,28.749999999873296,28.66999999987337,0.16999999999984539,0.07999999999992724,1.0874628412503393,28.91999999987314,28.749999999873296,28.66999999987337,0.0,0.0,0.0,0.0,within_reference_discretization_error
neuron_model_behavioral_validation,Neuraxis,development_pilot,PILOT2_PROTOCOL,Exploratory development data; second development iteration informed by Pilot 1; not independent confirmation; never pooled with the confirmatory held-out estimate,m-solver_config-38da35f6d7,osb_hh2_477127614,solver_config,"{""integrator_method"": ""eulertree""}",P00_canonical,last_isi,25.819999999976517,23.619999999978518,22.5399999999795,2.199999999997999,1.0799999999990177,1.0264722113611913,25.819999999976517,23.619999999978518,22.5399999999795,0.0,0.0,0.0,0.0,within_reference_discretization_error
neuron_model_behavioral_validation,Neuraxis,development_pilot,PILOT2_PROTOCOL,Exploratory development data; second development iteration informed by Pilot 1; not independent confirmation; never pooled with the confirmatory held-out estimate,m-solver_config-38da35f6d7,osb_hh2_477127614,solver_config,"{""integrator_method"": ""eulertree""}",P00_canonical,mean_frequency,39.70955298393104,43.577272343940756,45.81233601270892,3.8677193600097155,2.235063668768163,0.7911671882187602,39.70955298393104,43.577272343940756,45.81233601270892,0.0,0.0,0.0,0.0,within_reference_discretization_error
neuron_model_behavioral_validation,Neuraxis,development_pilot,PILOT2_PROTOCOL,Exploratory development data; second development iteration informed by Pilot 1; not independent confirmation; never pooled with the confirmatory held-out estimate,m-solver_config-38da35f6d7,osb_hh2_477127614,solver_config,"{""integrator_method"": ""eulertree""}",P00_canonical,spike_count,28.0,31.0,33.0,3.0,2.0,0.5849625007211562,28.0,31.0,33.0,0.0,0.0,0.0,0.0,within_reference_discretization_error
neuron_model_behavioral_validation,Neuraxis,development_pilot,PILOT2_PROTOCOL,Exploratory development data; second development iteration informed by Pilot 1; not independent confirmation; never pooled with the confirmatory held-out estimate,m-solver_config-38da35f6d7,osb_hh2_477127614,solver_config,"{""integrator_method"": ""eulertree""}",P02_weak_step,baseline_voltage,-71.4206871846517,-71.42068381754557,-71.42068229420981,3.367106131690889e-06,1.523335754427535e-06,1.1442752383536512,-71.4206871846517,-71.42068381754557,-71.42068229420981,0.0,0.0,0.0,0.0,within_reference_discretization_error
neuron_model_behavioral_validation,Neuraxis,development_pilot,PILOT2_PROTOCOL,Exploratory development data; second development iteration informed by Pilot 1; not independent confirmation; never pooled with the confirmatory held-out estimate,m-solver_config-38da35f6d7,osb_hh2_477127614,solver_config,"{""integrator_method"": ""eulertree""}",P02_weak_step,spike_count,0.0,0.0,0.0,0.0,0.0,,0.0,0.0,0.0,0.0,0.0,0.0,,within_reference_discretization_error
neuron_model_behavioral_validation,Neuraxis,development_pilot,PILOT2_PROTOCOL,Exploratory development data; second development iteration informed by Pilot 1; not independent confirmation; never pooled with the confirmatory held-out estimate,m-solver_config-38da35f6d7,osb_hh2_477127614,solver_config,"{""integrator_method"": ""eulertree""}",P02_weak_step,steady_state_voltage,-60.68582479858395,-60.68582508010861,-60.6858253829956,2.815246560317064e-07,3.028869954846414e-07,-0.10551835746023908,-60.68582479858395,-60.68582508010861,-60.6858253829956,0.0,0.0,0.0,0.0,within_reference_discretization_error
neuron_model_behavioral_validation,Neuraxis,development_pilot,PILOT2_PROTOCOL,Exploratory development data; second development iteration informed by Pilot 1; not independent confirmation; never pooled with the confirmatory held-out estimate,m-solver_config-38da35f6d7,osb_hh2_477127614,solver_config,"{""integrator_method"": ""eulertree""}",P02_weak_step,voltage_deflection,10.734862386067746,10.734858737436959,10.734856911214209,3.6486307877225954e-06,1.8262227499121764e-06,0.9984924231673042,10.734862386067746,10.734858737436959,10.734856911214209,0.0,0.0,0.0,0.0,within_reference_discretization_error
neuron_model_behavioral_validation,Neuraxis,development_pilot,PILOT2_PROTOCOL,Exploratory development data; second development iteration informed by Pilot 1; not independent confirmation; never pooled with the confirmatory held-out estimate,m-solver_config-38da35f6d7,osb_hh2_477127614,solver_config,"{""integrator_method"": ""eulertree""}",P03_rheobase,rheobase,0.06447647018646267,0.06447647018646267,0.06447647018646267,0.0,0.0,,0.06447647018646267,0.06447647018646267,0.06447647018646267,0.0,0.0,0.0,,within_reference_discretization_error
neuron_model_behavioral_validation,Neuraxis,development_pilot,PILOT2_PROTOCOL,Exploratory development data; second development iteration informed by Pilot 1; not independent confirmation; never pooled with the confirmatory held-out estimate,m-solver_config-38da35f6d7,osb_hh2_477127614,solver_config,"{""integrator_method"": ""eulertree""}",P04_step_2x,adaptation_index,0.004400096639213388,0.0043792695235912405,0.004469963201144281,2.0827115622147445e-05,9.069367755304078e-05,-2.122538928698366,0.004400096639213388,0.0043792695235912405,0.004469963201144281,0.0,0.0,0.0,0.0,within_reference_discretization_error
neuron_model_behavioral_validation,Neuraxis,development_pilot,PILOT2_PROTOCOL,Exploratory development data; second development iteration informed by Pilot 1; not independent confirmation; never pooled with the confirmatory held-out estimate,m-solver_config-38da35f6d7,osb_hh2_477127614,solver_config,"{""integrator_method"": ""eulertree""}",P04_step_2x,ahp_depth,11.031660542810322,11.452200846353144,11.660180096950327,0.4205403035428219,0.2079792505971838,1.0158044688045094,11.031660542810322,11.452200846353144,11.660180096950327,0.0,0.0,0.0,0.0,within_reference_discretization_error
neuron_model_behavioral_validation,Neuraxis,development_pilot,PILOT2_PROTOCOL,Exploratory development data; second development iteration informed by Pilot 1; not independent confirmation; never pooled with the confirmatory held-out estimate,m-solver_config-38da35f6d7,osb_hh2_477127614,solver_config,"{""integrator_method"": ""eulertree""}",P04_step_2x,ap_amplitude,65.66345214961734,65.3342704782316,65.26095009064277,0.32918167138574006,0.07332038758883641,2.166597692269003,65.66345214961734,65.3342704782316,65.26095009064277,0.0,0.0,0.0,0.0,within_reference_discretization_error
neuron_model_behavioral_validation,Neuraxis,development_pilot,PILOT2_PROTOCOL,Exploratory development data; second development iteration informed by Pilot 1; not independent confirmation; never pooled with the confirmatory held-out estimate,m-solver_config-38da35f6d7,osb_hh2_477127614,solver_config,"{""integrator_method"": ""eulertree""}",P04_step_2x,ap_half_width,0.6499999999994088,0.6599999999993997,0.6499999999994088,0.009999999999990905,0.009999999999990905,0.0,0.6499999999994088,0.6599999999993997,0.6499999999994088,0.0,0.0,0.0,0.0,within_reference_discretization_error
neuron_model_behavioral_validation,Neuraxis,development_pilot,PILOT2_PROTOCOL,Exploratory development data; second development iteration informed by Pilot 1; not independent confirmation; never pooled with the confirmatory held-out estimate,m-solver_config-38da35f6d7,osb_hh2_477127614,solver_config,"{""integrator_method"": ""eulertree""}",P04_step_2x,burst_count,1.0,1.0,1.0,0.0,0.0,,1.0,1.0,1.0,0.0,0.0,0.0,,within_reference_discretization_error
neuron_model_behavioral_validation,Neuraxis,development_pilot,PILOT2_PROTOCOL,Exploratory development data; second development iteration informed by Pilot 1; not independent confirmation; never pooled with the confirmatory held-out estimate,m-solver_config-38da35f6d7,osb_hh2_477127614,solver_config,"{""integrator_method"": ""eulertree""}",P04_step_2x,firing_regime,,,,,,,,,,,,,,no_change
neuron_model_behavioral_validation,Neuraxis,development_pilot,PILOT2_PROTOCOL,Exploratory development data; second development iteration informed by Pilot 1; not independent confirmation; never pooled with the confirmatory held-out estimate,m-solver_config-38da35f6d7,osb_hh2_477127614,solver_config,"{""integrator_method"": ""eulertree""}",P04_step_2x,first_isi,28.339999999974225,27.62999999997487,27.269999999975198,0.7099999999993543,0.3599999999996726,0.9798221180623697,28.339999999974225,27.62999999997487,27.269999999975198,0.0,0.0,0.0,0.0,within_reference_discretization_error
neuron_model_behavioral_validation,Neuraxis,development_pilot,PILOT2_PROTOCOL,Exploratory development data; second development iteration informed by Pilot 1; not independent confirmation; never pooled with the confirmatory held-out estimate,m-solver_config-38da35f6d7,osb_hh2_477127614,solver_config,"{""integrator_method"": ""eulertree""}",P04_step_2x,first_spike_latency,41.14999999983473,41.10999999983477,41.09999999983478,0.03999999999996362,0.009999999999990905,2.0,41.14999999983473,41.10999999983477,41.09999999983478,0.0,0.0,0.0,0.0,within_reference_discretization_error
neuron_model_behavioral_validation,Neuraxis,development_pilot,PILOT2_PROTOCOL,Exploratory development data; second development iteration informed by Pilot 1; not independent confirmation; never pooled with the confirmatory held-out estimate,m-solver_config-38da35f6d7,osb_hh2_477127614,solver_config,"{""integrator_method"": ""eulertree""}",P04_step_2x,last_isi,32.02999999997087,31.49999999997135,31.16999999997165,0.529999999999518,0.32999999999969987,0.6835263352047457,32.02999999997087,31.49999999997135,31.16999999997165,0.0,0.0,0.0,0.0,within_reference_discretization_error
neuron_model_behavioral_validation,Neuraxis,development_pilot,PILOT2_PROTOCOL,Exploratory development data; second development iteration informed by Pilot 1; not independent confirmation; never pooled with the confirmatory held-out estimate,m-solver_config-38da35f6d7,osb_hh2_477127614,solver_config,"{""integrator_method"": ""eulertree""}",P04_step_2x,mean_frequency,31.968628119643075,32.591204448737535,32.94350189428999,0.6225763290944606,0.3522974455524519,0.8214567111619403,31.968628119643075,32.591204448737535,32.94350189428999,0.0,0.0,0.0,0.0,within_reference_discretization_error
neuron_model_behavioral_validation,Neuraxis,development_pilot,PILOT2_PROTOCOL,Exploratory development data; second development iteration informed by Pilot 1; not independent confirmation; never pooled with the confirmatory held-out estimate,m-solver_config-38da35f6d7,osb_hh2_477127614,solver_config,"{""integrator_method"": ""eulertree""}",P04_step_2x,spike_count,15.0,16.0,16.0,1.0,0.0,,15.0,16.0,16.0,0.0,0.0,0.0,0.0,within_reference_discretization_error
neuron_model_behavioral_validation,Neuraxis,development_pilot,PILOT2_PROTOCOL,Exploratory development data; second development iteration informed by Pilot 1; not independent confirmation; never pooled with the confirmatory held-out estimate,m-solver_config-38da35f6d7,osb_hh2_477127614,solver_config,"{""integrator_method"": ""eulertree""}",P05_long_step,adaptation_index,0.0020482756593237653,0.002149159038242536,0.002138089108909144,0.00010088337891877089,1.1069929333392195e-05,3.1879705846328616,0.0020482756593237653,0.002149159038242536,0.002138089108909144,0.0,0.0,0.0,0.0,within_reference_discretization_error
neuron_model_behavioral_validation,Neuraxis,development_pilot,PILOT2_PROTOCOL,Exploratory development data; second development iteration informed by Pilot 1; not independent confirmation; never pooled with the confirmatory held-out estimate,m-solver_config-38da35f6d7,osb_hh2_477127614,solver_config,"{""integrator_method"": ""eulertree""}",P05_long_step,ahp_depth,10.79554604085748,11.21389289347907,11.420685885109798,0.418346852621589,0.20679299163072784,1.0165122887322022,10.79554604085748,11.21389289347907,11.420685885109798,0.0,0.0,0.0,0.0,within_reference_discretization_error
neuron_model_behavioral_validation,Neuraxis,development_pilot,PILOT2_PROTOCOL,Exploratory development data; second development iteration informed by Pilot 1; not independent confirmation; never pooled with the confirmatory held-out estimate,m-solver_config-38da35f6d7,osb_hh2_477127614,solver_config,"{""integrator_method"": ""eulertree""}",P05_long_step,ap_amplitude,65.26353454776816,64.9877738975208,64.7881736768557,0.2757606502473635,0.19960022066508998,0.4663032900900064,65.26353454776816,64.9877738975208,64.7881736768557,0.0,0.0,0.0,0.0,within_reference_discretization_error
neuron_model_behavioral_validation,Neuraxis,development_pilot,PILOT2_PROTOCOL,Exploratory development data; second development iteration informed by Pilot 1; not independent confirmation; never pooled with the confirmatory held-out estimate,m-solver_config-38da35f6d7,osb_hh2_477127614,solver_config,"{""integrator_method"": ""eulertree""}",P05_long_step,ap_half_width,0.6499999999994088,0.6499999999994088,0.6599999999993997,0.0,0.009999999999990905,,0.6499999999994088,0.6499999999994088,0.6599999999993997,0.0,0.0,0.0,,within_reference_discretization_error
neuron_model_behavioral_validation,Neuraxis,development_pilot,PILOT2_PROTOCOL,Exploratory development data; second development iteration informed by Pilot 1; not independent confirmation; never pooled with the confirmatory held-out estimate,m-solver_config-38da35f6d7,osb_hh2_477127614,solver_config,"{""integrator_method"": ""eulertree""}",P05_long_step,burst_count,1.0,1.0,1.0,0.0,0.0,,1.0,1.0,1.0,0.0,0.0,0.0,,within_reference_discretization_error
neuron_model_behavioral_validation,Neuraxis,development_pilot,PILOT2_PROTOCOL,Exploratory development data; second development iteration informed by Pilot 1; not independent confirmation; never pooled with the confirmatory held-out estimate,m-solver_config-38da35f6d7,osb_hh2_477127614,solver_config,"{""integrator_method"": ""eulertree""}",P05_long_step,firing_regime,,,,,,,,,,,,,,no_change
neuron_model_behavioral_validation,Neuraxis,development_pilot,PILOT2_PROTOCOL,Exploratory development data; second development iteration informed by Pilot 1; not independent confirmation; never pooled with the confirmatory held-out estimate,m-solver_config-38da35f6d7,osb_hh2_477127614,solver_config,"{""integrator_method"": ""eulertree""}",P05_long_step,first_isi,47.569999999956735,46.48999999995772,45.9599999999582,1.0799999999990177,0.529999999999518,1.0269670476002695,47.569999999956735,46.48999999995772,45.9599999999582,0.0,0.0,0.0,0.0,within_reference_discretization_error
neuron_model_behavioral_validation,Neuraxis,development_pilot,PILOT2_PROTOCOL,Exploratory development data; second development iteration informed by Pilot 1; not independent confirmation; never pooled with the confirmatory held-out estimate,m-solver_config-38da35f6d7,osb_hh2_477127614,solver_config,"{""integrator_method"": ""eulertree""}",P05_long_step,first_spike_latency,65.31999999981275,65.27999999981279,65.24999999981281,0.03999999999996362,0.029999999999972715,0.41503749927884376,65.31999999981275,65.27999999981279,65.24999999981281,0.0,0.0,0.0,0.0,within_reference_discretization_error
neuron_model_behavioral_validation,Neuraxis,development_pilot,PILOT2_PROTOCOL,Exploratory development data; second development iteration informed by Pilot 1; not independent confirmation; never pooled with the confirmatory held-out estimate,m-solver_config-38da35f6d7,osb_hh2_477127614,solver_config,"{""integrator_method"": ""eulertree""}",P05_long_step,last_isi,56.07000000122389,55.2000000012049,54.760000001195294,0.8700000000189902,0.44000000000960426,0.9835118772114311,56.07000000122389,55.2000000012049,54.760000001195294,0.0,0.0,0.0,0.0,within_reference_discretization_error
neuron_model_behavioral_validation,Neuraxis,development_pilot,PILOT2_PROTOCOL,Exploratory development data; second development iteration informed by Pilot 1; not independent confirmation; never pooled with the confirmatory held-out estimate,m-solver_config-38da35f6d7,osb_hh2_477127614,solver_config,"{""integrator_method"": ""eulertree""}",P05_long_step,mean_frequency,18.19606257420694,18.50243358394808,18.650039568294932,0.30637100974113807,0.14760598434685335,1.0535285758112216,18.19606257420694,18.50243358394808,18.650039568294932,0.0,0.0,0.0,0.0,within_reference_discretization_error
neuron_model_behavioral_validation,Neuraxis,development_pilot,PILOT2_PROTOCOL,Exploratory development data; second development iteration informed by Pilot 1; not independent confirmation; never pooled with the confirmatory held-out estimate,m-solver_config-38da35f6d7,osb_hh2_477127614,solver_config,"{""integrator_method"": ""eulertree""}",P05_long_step,spike_count,36.0,36.0,37.0,0.0,1.0,,36.0,36.0,37.0,0.0,0.0,0.0,,within_reference_discretization_error
neuron_model_behavioral_validation,Neuraxis,development_pilot,PILOT2_PROTOCOL,Exploratory development data; second development iteration informed by Pilot 1; not independent confirmation; never pooled with the confirmatory held-out estimate,m-solver_config-38da35f6d7,osb_hh2_477127614,solver_config,"{""integrator_method"": ""eulertree""}",P06_ramp,firing_regime,,,,,,,,,,,,,,no_change
neuron_model_behavioral_validation,Neuraxis,development_pilot,PILOT2_PROTOCOL,Exploratory development data; second development iteration informed by Pilot 1; not independent confirmation; never pooled with the confirmatory held-out estimate,m-solver_config-38da35f6d7,osb_hh2_477127614,solver_config,"{""integrator_method"": ""eulertree""}",P06_ramp,first_spike_latency,415.89999999949396,415.849999999494,415.829999999494,0.049999999999954525,0.01999999999998181,1.3219280948873624,415.89999999949396,415.849999999494,415.829999999494,0.0,0.0,0.0,0.0,within_reference_discretization_error
neuron_model_behavioral_validation,Neuraxis,development_pilot,PILOT2_PROTOCOL,Exploratory development data; second development iteration informed by Pilot 1; not independent confirmation; never pooled with the confirmatory held-out estimate,m-solver_config-38da35f6d7,osb_hh2_477127614,solver_config,"{""integrator_method"": ""eulertree""}",P06_ramp,mean_frequency,20.37510569588198,21.14803625379839,21.23056392423905,0.7729305579164105,0.08252767044065834,3.2273889822906017,20.37510569588198,21.14803625379839,21.23056392423905,0.0,0.0,0.0,0.0,within_reference_discretization_error
neuron_model_behavioral_validation,Neuraxis,development_pilot,PILOT2_PROTOCOL,Exploratory development data; second development iteration informed by Pilot 1; not independent confirmation; never pooled with the confirmatory held-out estimate,m-solver_config-38da35f6d7,osb_hh2_477127614,solver_config,"{""integrator_method"": ""eulertree""}",P06_ramp,spike_count,20.0,21.0,21.0,1.0,0.0,,20.0,21.0,21.0,0.0,0.0,0.0,0.0,within_reference_discretization_error
neuron_model_behavioral_validation,Neuraxis,development_pilot,PILOT2_PROTOCOL,Exploratory development data; second development iteration informed by Pilot 1; not independent confirmation; never pooled with the confirmatory held-out estimate,m-solver_config-38da35f6d7,osb_hh2_477127614,solver_config,"{""integrator_method"": ""eulertree""}",P07_hyperpolarizing_step,baseline_voltage,-71.4206871846517,-71.42068381754557,-71.42068262481688,3.367106131690889e-06,1.1927286891477706e-06,1.497243286372393,-71.4206871846517,-71.42068381754557,-71.42068262481688,0.0,0.0,0.0,0.0,within_reference_discretization_error
neuron_model_behavioral_validation,Neuraxis,development_pilot,PILOT2_PROTOCOL,Exploratory development data; second development iteration informed by Pilot 1; not independent confirmation; never pooled with the confirmatory held-out estimate,m-solver_config-38da35f6d7,osb_hh2_477127614,solver_config,"{""integrator_method"": ""eulertree""}",P07_hyperpolarizing_step,minimum_voltage,-93.17750549316406,-93.17750549316406,-93.17750549316406,0.0,0.0,,-93.17750549316406,-93.17750549316406,-93.17750549316406,0.0,0.0,0.0,,within_reference_discretization_error
neuron_model_behavioral_validation,Neuraxis,development_pilot,PILOT2_PROTOCOL,Exploratory development data; second development iteration informed by Pilot 1; not independent confirmation; never pooled with the confirmatory held-out estimate,m-solver_config-38da35f6d7,osb_hh2_477127614,solver_config,"{""integrator_method"": ""eulertree""}",P07_hyperpolarizing_step,sag_ratio,4.870131081163683e-06,4.86143379114225e-06,4.8504225914735495e-06,8.697290021433039e-09,1.1011199668700377e-08,-0.34033381048358946,4.870131081163683e-06,4.86143379114225e-06,4.8504225914735495e-06,0.0,0.0,0.0,0.0,within_reference_discretization_error
neuron_model_behavioral_validation,Neuraxis,development_pilot,PILOT2_PROTOCOL,Exploratory development data; second development iteration informed by Pilot 1; not independent confirmation; never pooled with the confirmatory held-out estimate,m-solver_config-38da35f6d7,osb_hh2_477127614,solver_config,"{""integrator_method"": ""eulertree""}",P07_hyperpolarizing_step,spike_count,0.0,0.0,0.0,0.0,0.0,,0.0,0.0,0.0,0.0,0.0,0.0,,within_reference_discretization_error
neuron_model_behavioral_validation,Neuraxis,development_pilot,PILOT2_PROTOCOL,Exploratory development data; second development iteration informed by Pilot 1; not independent confirmation; never pooled with the confirmatory held-out estimate,m-solver_config-38da35f6d7,osb_hh2_477127614,solver_config,"{""integrator_method"": ""eulertree""}",P07_hyperpolarizing_step,steady_state_voltage,-93.17739953460699,-93.17739972381598,-93.1773999633789,1.8920898980923084e-07,2.3956292238835886e-07,-0.34042400024951913,-93.17739953460699,-93.17739972381598,-93.1773999633789,0.0,0.0,0.0,0.0,within_reference_discretization_error
neuron_model_behavioral_validation,Neuraxis,development_pilot,PILOT2_PROTOCOL,Exploratory development data; second development iteration informed by Pilot 1; not independent confirmation; never pooled with the confirmatory held-out estimate,m-solver_config-38da35f6d7,osb_hh2_477127614,solver_config,"{""integrator_method"": ""eulertree""}",P07_hyperpolarizing_step,voltage_deflection,-21.756712349955293,-21.756715906270415,-21.756717338562026,3.55631512150012e-06,1.4322916115361295e-06,1.312057913425962,-21.756712349955293,-21.756715906270415,-21.756717338562026,0.0,0.0,0.0,0.0,within_reference_discretization_error
neuron_model_behavioral_validation,Neuraxis,development_pilot,PILOT2_PROTOCOL,Exploratory development data; second development iteration informed by Pilot 1; not independent confirmation; never pooled with the confirmatory held-out estimate,m-solver_config-38da35f6d7,osb_hh2_477127614,solver_config,"{""integrator_method"": ""eulertree""}",P08_rebound,firing_regime,,,,,,,,,,,,,,no_change
neuron_model_behavioral_validation,Neuraxis,development_pilot,PILOT2_PROTOCOL,Exploratory development data; second development iteration informed by Pilot 1; not independent confirmation; never pooled with the confirmatory held-out estimate,m-solver_config-38da35f6d7,osb_hh2_477127614,solver_config,"{""integrator_method"": ""eulertree""}",P08_rebound,first_spike_latency,,,,,,,,,,,,,,no_change
neuron_model_behavioral_validation,Neuraxis,development_pilot,PILOT2_PROTOCOL,Exploratory development data; second development iteration informed by Pilot 1; not independent confirmation; never pooled with the confirmatory held-out estimate,m-solver_config-38da35f6d7,osb_hh2_477127614,solver_config,"{""integrator_method"": ""eulertree""}",P08_rebound,maximum_voltage,-71.3893814086914,-71.38938903808594,-71.38938903808594,7.62939453125e-06,0.0,,-71.3893814086914,-71.38938903808594,-71.38938903808594,0.0,0.0,0.0,0.0,within_reference_discretization_error
neuron_model_behavioral_validation,Neuraxis,development_pilot,PILOT2_PROTOCOL,Exploratory development data; second development iteration informed by Pilot 1; not independent confirmation; never pooled with the confirmatory held-out estimate,m-solver_config-38da35f6d7,osb_hh2_477127614,solver_config,"{""integrator_method"": ""eulertree""}",P08_rebound,spike_count,0.0,0.0,0.0,0.0,0.0,,0.0,0.0,0.0,0.0,0.0,0.0,,within_reference_discretization_error
neuron_model_behavioral_validation,Neuraxis,development_pilot,PILOT2_PROTOCOL,Exploratory development data; second development iteration informed by Pilot 1; not independent confirmation; never pooled with the confirmatory held-out estimate,m-solver_config-38da35f6d7,osb_hh2_477127614,solver_config,"{""integrator_method"": ""eulertree""}",P09_short_pulse,ahp_depth,,,,,,,,,,,,,,no_change
neuron_model_behavioral_validation,Neuraxis,development_pilot,PILOT2_PROTOCOL,Exploratory development data; second development iteration informed by Pilot 1; not independent confirmation; never pooled with the confirmatory held-out estimate,m-solver_config-38da35f6d7,osb_hh2_477127614,solver_config,"{""integrator_method"": ""eulertree""}",P09_short_pulse,ap_amplitude,,,,,,,,,,,,,,no_change
neuron_model_behavioral_validation,Neuraxis,development_pilot,PILOT2_PROTOCOL,Exploratory development data; second development iteration informed by Pilot 1; not independent confirmation; never pooled with the confirmatory held-out estimate,m-solver_config-38da35f6d7,osb_hh2_477127614,solver_config,"{""integrator_method"": ""eulertree""}",P09_short_pulse,ap_half_width,,,,,,,,,,,,,,no_change
neuron_model_behavioral_validation,Neuraxis,development_pilot,PILOT2_PROTOCOL,Exploratory development data; second development iteration informed by Pilot 1; not independent confirmation; never pooled with the confirmatory held-out estimate,m-solver_config-38da35f6d7,osb_hh2_477127614,solver_config,"{""integrator_method"": ""eulertree""}",P09_short_pulse,first_spike_latency,,,,,,,,,,,,,,no_change
neuron_model_behavioral_validation,Neuraxis,development_pilot,PILOT2_PROTOCOL,Exploratory development data; second development iteration informed by Pilot 1; not independent confirmation; never pooled with the confirmatory held-out estimate,m-solver_config-38da35f6d7,osb_hh2_477127614,solver_config,"{""integrator_method"": ""eulertree""}",P09_short_pulse,spike_count,0.0,0.0,0.0,0.0,0.0,,0.0,0.0,0.0,0.0,0.0,0.0,,within_reference_discretization_error
neuron_model_behavioral_validation,Neuraxis,development_pilot,PILOT2_PROTOCOL,Exploratory development data; second development iteration informed by Pilot 1; not independent confirmation; never pooled with the confirmatory held-out estimate,m-recording_resolution-24ee4ce8df,osb_hh2_477127614,recording_resolution,"{""sample_every_ms"": 0.05}",P00_canonical,adaptation_index,0.0017557204659683922,0.001963943238299798,0.0020678154010604277,0.00020822277233140574,0.0001038721627606297,1.0033187872227634,0.0017402219507983371,0.0019950480662927297,0.0020835799358355175,1.5498515170055127e-05,3.110482799293171e-05,1.5764534775089805e-05,0.07443237354167877,within_reference_discretization_error
neuron_model_behavioral_validation,Neuraxis,development_pilot,PILOT2_PROTOCOL,Exploratory development data; second development iteration informed by Pilot 1; not independent confirmation; never pooled with the confirmatory held-out estimate,m-recording_resolution-24ee4ce8df,osb_hh2_477127614,recording_resolution,"{""sample_every_ms"": 0.05}",P00_canonical,ahp_depth,7.666865774086709,9.966850862869194,11.06060074191808,2.299985088782485,1.093749879048886,1.0723416505420684,7.667290019336519,9.966839240781582,11.06107797980134,0.00042424524981043987,1.1622087612295218e-05,0.00047723788325981786,0.00018445565229077959,within_reference_discretization_error
neuron_model_behavioral_validation,Neuraxis,development_pilot,PILOT2_PROTOCOL,Exploratory development data; second development iteration informed by Pilot 1; not independent confirmation; never pooled with the confirmatory held-out estimate,m-recording_resolution-24ee4ce8df,osb_hh2_477127614,recording_resolution,"{""sample_every_ms"": 0.05}",P00_canonical,ap_amplitude,68.17416534535639,66.87010574454787,66.24486007829348,1.3040596008085146,0.6252456662543864,1.0605147502389884,68.14489440637912,66.87010574260691,66.08890723830334,0.029270938977262517,1.9409611695664353e-09,0.15595283999014953,0.022446013172338585,within_reference_discretization_error
neuron_model_behavioral_validation,Neuraxis,development_pilot,PILOT2_PROTOCOL,Exploratory development data; second development iteration informed by Pilot 1; not independent confirmation; never pooled with the confirmatory held-out estimate,m-recording_resolution-24ee4ce8df,osb_hh2_477127614,recording_resolution,"{""sample_every_ms"": 0.05}",P00_canonical,ap_half_width,0.6499999999994088,0.6499999999994088,0.6499999999994088,0.0,0.0,,0.6499999999994088,0.6499999999994088,0.6499999999994088,0.0,0.0,0.0,,within_reference_discretization_error
neuron_model_behavioral_validation,Neuraxis,development_pilot,PILOT2_PROTOCOL,Exploratory development data; second development iteration informed by Pilot 1; not independent confirmation; never pooled with the confirmatory held-out estimate,m-recording_resolution-24ee4ce8df,osb_hh2_477127614,recording_resolution,"{""sample_every_ms"": 0.05}",P00_canonical,baseline_voltage,-71.41928124039258,-71.4192472556787,-71.41923874240456,3.398471388038615e-05,8.513274138977067e-06,1.9970999836871528,-71.41928129125525,-71.41923563356758,-71.41923227663395,5.086266696707753e-08,1.1622111117048917e-05,6.465770610475374e-06,0.0014966336673039426,within_reference_discretization_error
neuron_model_behavioral_validation,Neuraxis,development_pilot,PILOT2_PROTOCOL,Exploratory development data; second development iteration informed by Pilot 1; not independent confirmation; never pooled with the confirmatory held-out estimate,m-recording_resolution-24ee4ce8df,osb_hh2_477127614,recording_resolution,"{""sample_every_ms"": 0.05}",P00_canonical,firing_regime,,,,,,,,,,,,,,no_change
neuron_model_behavioral_validation,Neuraxis,development_pilot,PILOT2_PROTOCOL,Exploratory development data; second development iteration informed by Pilot 1; not independent confirmation; never pooled with the confirmatory held-out estimate,m-recording_resolution-24ee4ce8df,osb_hh2_477127614,recording_resolution,"{""sample_every_ms"": 0.05}",P00_canonical,first_isi,23.42999999997869,20.949999999980946,19.709999999982074,2.4799999999977445,1.2399999999988722,1.0,23.449999999978672,20.949999999980946,19.749999999982037,0.01999999999998181,0.0,0.03999999999996362,0.008064516129032258,within_reference_discretization_error
neuron_model_behavioral_validation,Neuraxis,development_pilot,PILOT2_PROTOCOL,Exploratory development data; second development iteration informed by Pilot 1; not independent confirmation; never pooled with the confirmatory held-out estimate,m-recording_resolution-24ee4ce8df,osb_hh2_477127614,recording_resolution,"{""sample_every_ms"": 0.05}",P00_canonical,first_spike_latency,28.91999999987314,28.749999999873296,28.66999999987337,0.16999999999984539,0.07999999999992724,1.0874628412503393,28.89999999987316,28.749999999873296,28.649999999873387,0.01999999999998181,0.0,0.01999999999998181,0.11764705882352941,within_reference_discretization_error
neuron_model_behavioral_validation,Neuraxis,development_pilot,PILOT2_PROTOCOL,Exploratory development data; second development iteration informed by Pilot 1; not independent confirmation; never pooled with the confirmatory held-out estimate,m-recording_resolution-24ee4ce8df,osb_hh2_477127614,recording_resolution,"{""sample_every_ms"": 0.05}",P00_canonical,last_isi,25.819999999976517,23.619999999978518,22.5399999999795,2.199999999997999,1.0799999999990177,1.0264722113611913,25.799999999976535,23.64999999997849,22.54999999997949,0.01999999999998181,0.029999999999972715,0.009999999999990905,0.00909090909090909,within_reference_discretization_error
neuron_model_behavioral_validation,Neuraxis,development_pilot,PILOT2_PROTOCOL,Exploratory development data; second development iteration informed by Pilot 1; not independent confirmation; never pooled with the confirmatory held-out estimate,m-recording_resolution-24ee4ce8df,osb_hh2_477127614,recording_resolution,"{""sample_every_ms"": 0.05}",P00_canonical,mean_frequency,39.70955298393104,43.577272343940756,45.81233601270892,3.8677193600097155,2.235063668768163,0.7911671882187602,39.710679336306136,43.57604723085827,45.811064066127045,0.0011263523750955073,0.001225113082483631,0.001271946581873351,0.0002912187442401917,within_reference_discretization_error
neuron_model_behavioral_validation,Neuraxis,development_pilot,PILOT2_PROTOCOL,Exploratory development data; second development iteration informed by Pilot 1; not independent confirmation; never pooled with the confirmatory held-out estimate,m-recording_resolution-24ee4ce8df,osb_hh2_477127614,recording_resolution,"{""sample_every_ms"": 0.05}",P00_canonical,spike_count,28.0,31.0,33.0,3.0,2.0,0.5849625007211562,28.0,31.0,33.0,0.0,0.0,0.0,0.0,within_reference_discretization_error
neuron_model_behavioral_validation,Neuraxis,development_pilot,PILOT2_PROTOCOL,Exploratory development data; second development iteration informed by Pilot 1; not independent confirmation; never pooled with the confirmatory held-out estimate,m-recording_resolution-24ee4ce8df,osb_hh2_477127614,recording_resolution,"{""sample_every_ms"": 0.05}",P02_weak_step,baseline_voltage,-71.4206871846517,-71.42068381754557,-71.42068229420981,3.367106131690889e-06,1.523335754427535e-06,1.1442752383536512,-71.42068725077311,-71.42068371582032,-71.42068213399251,6.612141589812381e-08,1.0172524866902677e-07,1.602172972070548e-07,0.019637461164587363,within_reference_discretization_error
neuron_model_behavioral_validation,Neuraxis,development_pilot,PILOT2_PROTOCOL,Exploratory development data; second development iteration informed by Pilot 1; not independent confirmation; never pooled with the confirmatory held-out estimate,m-recording_resolution-24ee4ce8df,osb_hh2_477127614,recording_resolution,"{""sample_every_ms"": 0.05}",P02_weak_step,spike_count,0.0,0.0,0.0,0.0,0.0,,0.0,0.0,0.0,0.0,0.0,0.0,,within_reference_discretization_error
neuron_model_behavioral_validation,Neuraxis,development_pilot,PILOT2_PROTOCOL,Exploratory development data; second development iteration informed by Pilot 1; not independent confirmation; never pooled with the confirmatory held-out estimate,m-recording_resolution-24ee4ce8df,osb_hh2_477127614,recording_resolution,"{""sample_every_ms"": 0.05}",P02_weak_step,steady_state_voltage,-60.68582479858395,-60.68582508010861,-60.6858253829956,2.815246560317064e-07,3.028869954846414e-07,-0.10551835746023908,-60.68582537460325,-60.68582538986204,-60.68582538223266,5.760192962611654e-07,3.0975343179306947e-07,7.629452625224076e-10,2.0460705089940396,within_reference_discretization_error
neuron_model_behavioral_validation,Neuraxis,development_pilot,PILOT2_PROTOCOL,Exploratory development data; second development iteration informed by Pilot 1; not independent confirmation; never pooled with the confirmatory held-out estimate,m-recording_resolution-24ee4ce8df,osb_hh2_477127614,recording_resolution,"{""sample_every_ms"": 0.05}",P02_weak_step,voltage_deflection,10.734862386067746,10.734858737436959,10.734856911214209,3.6486307877225954e-06,1.8262227499121764e-06,0.9984924231673042,10.734861876169866,10.734858325958278,10.734856751759857,5.098978803630416e-07,4.1147868046209624e-07,1.594543519445324e-07,0.13975047354169534,within_reference_discretization_error
neuron_model_behavioral_validation,Neuraxis,development_pilot,PILOT2_PROTOCOL,Exploratory development data; second development iteration informed by Pilot 1; not independent confirmation; never pooled with the confirmatory held-out estimate,m-recording_resolution-24ee4ce8df,osb_hh2_477127614,recording_resolution,"{""sample_every_ms"": 0.05}",P03_rheobase,rheobase,0.06447647018646267,0.06447647018646267,0.06447647018646267,0.0,0.0,,0.06447647018646267,0.06447647018646267,0.06447647018646267,0.0,0.0,0.0,,within_reference_discretization_error
neuron_model_behavioral_validation,Neuraxis,development_pilot,PILOT2_PROTOCOL,Exploratory development data; second development iteration informed by Pilot 1; not independent confirmation; never pooled with the confirmatory held-out estimate,m-recording_resolution-24ee4ce8df,osb_hh2_477127614,recording_resolution,"{""sample_every_ms"": 0.05}",P04_step_2x,adaptation_index,0.004400096639213388,0.0043792695235912405,0.004469963201144281,2.0827115622147445e-05,9.069367755304078e-05,-2.122538928698366,0.004389974211743214,0.004392952571913806,0.004506960326866446,1.0122427470174271e-05,1.3683048322565144e-05,3.699712572216487e-05,0.48602157177300803,within_reference_discretization_error
neuron_model_behavioral_validation,Neuraxis,development_pilot,PILOT2_PROTOCOL,Exploratory development data; second development iteration informed by Pilot 1; not independent confirmation; never pooled with the confirmatory held-out estimate,m-recording_resolution-24ee4ce8df,osb_hh2_477127614,recording_resolution,"{""sample_every_ms"": 0.05}",P04_step_2x,ahp_depth,11.031660542810322,11.452200846353144,11.660180096950327,0.4205403035428219,0.2079792505971838,1.0158044688045094,11.032938532519431,11.452402923626337,11.660194524154129,0.0012779897091093062,0.00020207727319387914,1.442720380140372e-05,0.003038923257397549,within_reference_discretization_error
neuron_model_behavioral_validation,Neuraxis,development_pilot,PILOT2_PROTOCOL,Exploratory development data; second development iteration informed by Pilot 1; not independent confirmation; never pooled with the confirmatory held-out estimate,m-recording_resolution-24ee4ce8df,osb_hh2_477127614,recording_resolution,"{""sample_every_ms"": 0.05}",P04_step_2x,ap_amplitude,65.66345214961734,65.3342704782316,65.26095009064277,0.32918167138574006,0.07332038758883641,2.166597692269003,65.56128692443785,65.35676650643092,65.2609500874763,0.10216522517949045,0.0224960281993134,3.1664626476413105e-09,0.3103612201414814,within_reference_discretization_error
neuron_model_behavioral_validation,Neuraxis,development_pilot,PILOT2_PROTOCOL,Exploratory development data; second development iteration informed by Pilot 1; not independent confirmation; never pooled with the confirmatory held-out estimate,m-recording_resolution-24ee4ce8df,osb_hh2_477127614,recording_resolution,"{""sample_every_ms"": 0.05}",P04_step_2x,ap_half_width,0.6499999999994088,0.6599999999993997,0.6499999999994088,0.009999999999990905,0.009999999999990905,0.0,0.6499999999994088,0.6599999999993997,0.6599999999993997,0.0,0.0,0.009999999999990905,0.0,within_reference_discretization_error
neuron_model_behavioral_validation,Neuraxis,development_pilot,PILOT2_PROTOCOL,Exploratory development data; second development iteration informed by Pilot 1; not independent confirmation; never pooled with the confirmatory held-out estimate,m-recording_resolution-24ee4ce8df,osb_hh2_477127614,recording_resolution,"{""sample_every_ms"": 0.05}",P04_step_2x,burst_count,1.0,1.0,1.0,0.0,0.0,,1.0,1.0,1.0,0.0,0.0,0.0,,within_reference_discretization_error
neuron_model_behavioral_validation,Neuraxis,development_pilot,PILOT2_PROTOCOL,Exploratory development data; second development iteration informed by Pilot 1; not independent confirmation; never pooled with the confirmatory held-out estimate,m-recording_resolution-24ee4ce8df,osb_hh2_477127614,recording_resolution,"{""sample_every_ms"": 0.05}",P04_step_2x,firing_regime,,,,,,,,,,,,,,no_change
neuron_model_behavioral_validation,Neuraxis,development_pilot,PILOT2_PROTOCOL,Exploratory development data; second development iteration informed by Pilot 1; not independent confirmation; never pooled with the confirmatory held-out estimate,m-recording_resolution-24ee4ce8df,osb_hh2_477127614,recording_resolution,"{""sample_every_ms"": 0.05}",P04_step_2x,first_isi,28.339999999974225,27.62999999997487,27.269999999975198,0.7099999999993543,0.3599999999996726,0.9798221180623697,28.349999999974216,27.649999999974852,27.249999999975216,0.009999999999990905,0.01999999999998181,0.01999999999998181,0.014084507042253521,within_reference_discretization_error
neuron_model_behavioral_validation,Neuraxis,development_pilot,PILOT2_PROTOCOL,Exploratory development data; second development iteration informed by Pilot 1; not independent confirmation; never pooled with the confirmatory held-out estimate,m-recording_resolution-24ee4ce8df,osb_hh2_477127614,recording_resolution,"{""sample_every_ms"": 0.05}",P04_step_2x,first_spike_latency,41.14999999983473,41.10999999983477,41.09999999983478,0.03999999999996362,0.009999999999990905,2.0,41.14999999983473,41.09999999983478,41.09999999983478,0.0,0.009999999999990905,0.0,0.0,within_reference_discretization_error
neuron_model_behavioral_validation,Neuraxis,development_pilot,PILOT2_PROTOCOL,Exploratory development data; second development iteration informed by Pilot 1; not independent confirmation; never pooled with the confirmatory held-out estimate,m-recording_resolution-24ee4ce8df,osb_hh2_477127614,recording_resolution,"{""sample_every_ms"": 0.05}",P04_step_2x,last_isi,32.02999999997087,31.49999999997135,31.16999999997165,0.529999999999518,0.32999999999969987,0.6835263352047457,31.999999999970896,31.49999999997135,31.199999999971624,0.029999999999972715,0.0,0.029999999999972715,0.05660377358490566,within_reference_discretization_error
neuron_model_behavioral_validation,Neuraxis,development_pilot,PILOT2_PROTOCOL,Exploratory development data; second development iteration informed by Pilot 1; not independent confirmation; never pooled with the confirmatory held-out estimate,m-recording_resolution-24ee4ce8df,osb_hh2_477127614,recording_resolution,"{""sample_every_ms"": 0.05}",P04_step_2x,mean_frequency,31.968628119643075,32.591204448737535,32.94350189428999,0.6225763290944606,0.3522974455524519,0.8214567111619403,31.969309462953383,32.58987676956659,32.942145357255015,0.0006813433103083355,0.0013276791709486702,0.0013565370349724049,0.001094393214883951,within_reference_discretization_error
neuron_model_behavioral_validation,Neuraxis,development_pilot,PILOT2_PROTOCOL,Exploratory development data; second development iteration informed by Pilot 1; not independent confirmation; never pooled with the confirmatory held-out estimate,m-recording_resolution-24ee4ce8df,osb_hh2_477127614,recording_resolution,"{""sample_every_ms"": 0.05}",P04_step_2x,spike_count,15.0,16.0,16.0,1.0,0.0,,15.0,16.0,16.0,0.0,0.0,0.0,0.0,within_reference_discretization_error
neuron_model_behavioral_validation,Neuraxis,development_pilot,PILOT2_PROTOCOL,Exploratory development data; second development iteration informed by Pilot 1; not independent confirmation; never pooled with the confirmatory held-out estimate,m-recording_resolution-24ee4ce8df,osb_hh2_477127614,recording_resolution,"{""sample_every_ms"": 0.05}",P05_long_step,adaptation_index,0.0020482756593237653,0.002149159038242536,0.002138089108909144,0.00010088337891877089,1.1069929333392195e-05,3.1879705846328616,0.002052151230297473,0.0021491587238433676,0.002135403132011306,3.875570973707523e-06,3.1439916859180017e-10,2.6859768978378974e-06,0.03841634781907977,within_reference_discretization_error
neuron_model_behavioral_validation,Neuraxis,development_pilot,PILOT2_PROTOCOL,Exploratory development data; second development iteration informed by Pilot 1; not independent confirmation; never pooled with the confirmatory held-out estimate,m-recording_resolution-24ee4ce8df,osb_hh2_477127614,recording_resolution,"{""sample_every_ms"": 0.05}",P05_long_step,ahp_depth,10.79554604085748,11.21389289347907,11.420685885109798,0.418346852621589,0.20679299163072784,1.0165122887322022,10.796629481005901,11.213892791784033,11.421108708715806,0.0010834401484203227,1.0169503639190225e-07,0.00042282360600864877,0.0025898130740817033,within_reference_discretization_error
neuron_model_behavioral_validation,Neuraxis,development_pilot,PILOT2_PROTOCOL,Exploratory development data; second development iteration informed by Pilot 1; not independent confirmation; never pooled with the confirmatory held-out estimate,m-recording_resolution-24ee4ce8df,osb_hh2_477127614,recording_resolution,"{""sample_every_ms"": 0.05}",P05_long_step,ap_amplitude,65.26353454776816,64.9877738975208,64.7881736768557,0.2757606502473635,0.19960022066508998,0.4663032900900064,65.14624938513221,64.58355713057941,64.88342971575045,0.11728516263595168,0.40421676694138853,0.0952560388947461,0.42531507860437756,within_reference_discretization_error
neuron_model_behavioral_validation,Neuraxis,development_pilot,PILOT2_PROTOCOL,Exploratory development data; second development iteration informed by Pilot 1; not independent confirmation; never pooled with the confirmatory held-out estimate,m-recording_resolution-24ee4ce8df,osb_hh2_477127614,recording_resolution,"{""sample_every_ms"": 0.05}",P05_long_step,ap_half_width,0.6499999999994088,0.6499999999994088,0.6599999999993997,0.0,0.009999999999990905,,0.6499999999994088,0.6499999999994088,0.6599999999993997,0.0,0.0,0.0,,within_reference_discretization_error
neuron_model_behavioral_validation,Neuraxis,development_pilot,PILOT2_PROTOCOL,Exploratory development data; second development iteration informed by Pilot 1; not independent confirmation; never pooled with the confirmatory held-out estimate,m-recording_resolution-24ee4ce8df,osb_hh2_477127614,recording_resolution,"{""sample_every_ms"": 0.05}",P05_long_step,burst_count,1.0,1.0,1.0,0.0,0.0,,1.0,1.0,1.0,0.0,0.0,0.0,,within_reference_discretization_error
neuron_model_behavioral_validation,Neuraxis,development_pilot,PILOT2_PROTOCOL,Exploratory development data; second development iteration informed by Pilot 1; not independent confirmation; never pooled with the confirmatory held-out estimate,m-recording_resolution-24ee4ce8df,osb_hh2_477127614,recording_resolution,"{""sample_every_ms"": 0.05}",P05_long_step,firing_regime,,,,,,,,,,,,,,no_change
neuron_model_behavioral_validation,Neuraxis,development_pilot,PILOT2_PROTOCOL,Exploratory development data; second development iteration informed by Pilot 1; not independent confirmation; never pooled with the confirmatory held-out estimate,m-recording_resolution-24ee4ce8df,osb_hh2_477127614,recording_resolution,"{""sample_every_ms"": 0.05}",P05_long_step,first_isi,47.569999999956735,46.48999999995772,45.9599999999582,1.0799999999990177,0.529999999999518,1.0269670476002695,47.59999999995671,46.449999999957754,45.94999999995821,0.029999999999972715,0.03999999999996362,0.009999999999990905,0.027777777777777776,within_reference_discretization_error
neuron_model_behavioral_validation,Neuraxis,development_pilot,PILOT2_PROTOCOL,Exploratory development data; second development iteration informed by Pilot 1; not independent confirmation; never pooled with the confirmatory held-out estimate,m-recording_resolution-24ee4ce8df,osb_hh2_477127614,recording_resolution,"{""sample_every_ms"": 0.05}",P05_long_step,first_spike_latency,65.31999999981275,65.27999999981279,65.24999999981281,0.03999999999996362,0.029999999999972715,0.41503749927884376,65.29999999981277,65.29999999981277,65.24999999981281,0.01999999999998181,0.01999999999998181,0.0,0.5,within_reference_discretization_error
neuron_model_behavioral_validation,Neuraxis,development_pilot,PILOT2_PROTOCOL,Exploratory development data; second development iteration informed by Pilot 1; not independent confirmation; never pooled with the confirmatory held-out estimate,m-recording_resolution-24ee4ce8df,osb_hh2_477127614,recording_resolution,"{""sample_every_ms"": 0.05}",P05_long_step,last_isi,56.07000000122389,55.2000000012049,54.760000001195294,0.8700000000189902,0.44000000000960426,0.9835118772114311,56.05000000122345,55.2000000012049,54.750000001195076,0.020000000000436557,0.0,0.010000000000218279,0.022988505747126436,within_reference_discretization_error
neuron_model_behavioral_validation,Neuraxis,development_pilot,PILOT2_PROTOCOL,Exploratory development data; second development iteration informed by Pilot 1; not independent confirmation; never pooled with the confirmatory held-out estimate,m-recording_resolution-24ee4ce8df,osb_hh2_477127614,recording_resolution,"{""sample_every_ms"": 0.05}",P05_long_step,mean_frequency,18.19606257420694,18.50243358394808,18.650039568294932,0.30637100974113807,0.14760598434685335,1.0535285758112216,18.19606257420694,18.502338489978893,18.650133575248752,0.0,9.50939691861663e-05,9.40069538195587e-05,0.0,within_reference_discretization_error
neuron_model_behavioral_validation,Neuraxis,development_pilot,PILOT2_PROTOCOL,Exploratory development data; second development iteration informed by Pilot 1; not independent confirmation; never pooled with the confirmatory held-out estimate,m-recording_resolution-24ee4ce8df,osb_hh2_477127614,recording_resolution,"{""sample_every_ms"": 0.05}",P05_long_step,spike_count,36.0,36.0,37.0,0.0,1.0,,36.0,36.0,37.0,0.0,0.0,0.0,,within_reference_discretization_error
neuron_model_behavioral_validation,Neuraxis,development_pilot,PILOT2_PROTOCOL,Exploratory development data; second development iteration informed by Pilot 1; not independent confirmation; never pooled with the confirmatory held-out estimate,m-recording_resolution-24ee4ce8df,osb_hh2_477127614,recording_resolution,"{""sample_every_ms"": 0.05}",P06_ramp,firing_regime,,,,,,,,,,,,,,no_change
neuron_model_behavioral_validation,Neuraxis,development_pilot,PILOT2_PROTOCOL,Exploratory development data; second development iteration informed by Pilot 1; not independent confirmation; never pooled with the confirmatory held-out estimate,m-recording_resolution-24ee4ce8df,osb_hh2_477127614,recording_resolution,"{""sample_every_ms"": 0.05}",P06_ramp,first_spike_latency,415.89999999949396,415.849999999494,415.829999999494,0.049999999999954525,0.01999999999998181,1.3219280948873624,415.89999999949396,415.849999999494,415.849999999494,0.0,0.0,0.01999999999998181,0.0,within_reference_discretization_error
neuron_model_behavioral_validation,Neuraxis,development_pilot,PILOT2_PROTOCOL,Exploratory development data; second development iteration informed by Pilot 1; not independent confirmation; never pooled with the confirmatory held-out estimate,m-recording_resolution-24ee4ce8df,osb_hh2_477127614,recording_resolution,"{""sample_every_ms"": 0.05}",P06_ramp,mean_frequency,20.37510569588198,21.14803625379839,21.23056392423905,0.7729305579164105,0.08252767044065834,3.2273889822906017,20.374898125530557,21.14803625379839,21.23034928981632,0.00020757035142437985,0.0,0.00021463442272917632,0.00026854980605751623,within_reference_discretization_error
neuron_model_behavioral_validation,Neuraxis,development_pilot,PILOT2_PROTOCOL,Exploratory development data; second development iteration informed by Pilot 1; not independent confirmation; never pooled with the confirmatory held-out estimate,m-recording_resolution-24ee4ce8df,osb_hh2_477127614,recording_resolution,"{""sample_every_ms"": 0.05}",P06_ramp,spike_count,20.0,21.0,21.0,1.0,0.0,,20.0,21.0,21.0,0.0,0.0,0.0,0.0,within_reference_discretization_error
neuron_model_behavioral_validation,Neuraxis,development_pilot,PILOT2_PROTOCOL,Exploratory development data; second development iteration informed by Pilot 1; not independent confirmation; never pooled with the confirmatory held-out estimate,m-recording_resolution-24ee4ce8df,osb_hh2_477127614,recording_resolution,"{""sample_every_ms"": 0.05}",P07_hyperpolarizing_step,baseline_voltage,-71.4206871846517,-71.42068381754557,-71.42068262481688,3.367106131690889e-06,1.1927286891477706e-06,1.497243286372393,-71.42068725077311,-71.42068371582032,-71.4206831258138,6.612141589812381e-08,1.0172524866902677e-07,5.009969186176022e-07,0.019637461164587363,within_reference_discretization_error
neuron_model_behavioral_validation,Neuraxis,development_pilot,PILOT2_PROTOCOL,Exploratory development data; second development iteration informed by Pilot 1; not independent confirmation; never pooled with the confirmatory held-out estimate,m-recording_resolution-24ee4ce8df,osb_hh2_477127614,recording_resolution,"{""sample_every_ms"": 0.05}",P07_hyperpolarizing_step,minimum_voltage,-93.17750549316406,-93.17750549316406,-93.17750549316406,0.0,0.0,,-93.17750549316406,-93.17750549316406,-93.17750549316406,0.0,0.0,0.0,,within_reference_discretization_error
neuron_model_behavioral_validation,Neuraxis,development_pilot,PILOT2_PROTOCOL,Exploratory development data; second development iteration informed by Pilot 1; not independent confirmation; never pooled with the confirmatory held-out estimate,m-recording_resolution-24ee4ce8df,osb_hh2_477127614,recording_resolution,"{""sample_every_ms"": 0.05}",P07_hyperpolarizing_step,sag_ratio,4.870131081163683e-06,4.86143379114225e-06,4.8504225914735495e-06,8.697290021433039e-09,1.1011199668700377e-08,-0.34033381048358946,4.919224453331134e-06,4.88640124546206e-06,4.850282436043635e-06,4.909337216745098e-08,2.496745431981049e-08,1.4015542991441097e-10,5.644674610880912,exceeds_reference_discretization_error
neuron_model_behavioral_validation,Neuraxis,development_pilot,PILOT2_PROTOCOL,Exploratory development data; second development iteration informed by Pilot 1; not independent confirmation; never pooled with the confirmatory held-out estimate,m-recording_resolution-24ee4ce8df,osb_hh2_477127614,recording_resolution,"{""sample_every_ms"": 0.05}",P07_hyperpolarizing_step,spike_count,0.0,0.0,0.0,0.0,0.0,,0.0,0.0,0.0,0.0,0.0,0.0,,within_reference_discretization_error
neuron_model_behavioral_validation,Neuraxis,development_pilot,PILOT2_PROTOCOL,Exploratory development data; second development iteration informed by Pilot 1; not independent confirmation; never pooled with the confirmatory held-out estimate,m-recording_resolution-24ee4ce8df,osb_hh2_477127614,recording_resolution,"{""sample_every_ms"": 0.05}",P07_hyperpolarizing_step,steady_state_voltage,-93.17739953460699,-93.17739972381598,-93.1773999633789,1.8920898980923084e-07,2.3956292238835886e-07,-0.34042400024951913,-93.17739846649174,-93.17739918060303,-93.17739996643067,1.0681152531333282e-06,5.432129484006509e-07,3.051766839234915e-09,5.6451612273299006,exceeds_reference_discretization_error
neuron_model_behavioral_validation,Neuraxis,development_pilot,PILOT2_PROTOCOL,Exploratory development data; second development iteration informed by Pilot 1; not independent confirmation; never pooled with the confirmatory held-out estimate,m-recording_resolution-24ee4ce8df,osb_hh2_477127614,recording_resolution,"{""sample_every_ms"": 0.05}",P07_hyperpolarizing_step,voltage_deflection,-21.756712349955293,-21.756715906270415,-21.756717338562026,3.55631512150012e-06,1.4322916115361295e-06,1.312057913425962,-21.756711215718624,-21.756715464782715,-21.756716840616875,1.134236669031452e-06,4.4148769973162416e-07,4.979451517783673e-07,0.31893592954524513,within_reference_discretization_error
neuron_model_behavioral_validation,Neuraxis,development_pilot,PILOT2_PROTOCOL,Exploratory development data; second development iteration informed by Pilot 1; not independent confirmation; never pooled with the confirmatory held-out estimate,m-recording_resolution-24ee4ce8df,osb_hh2_477127614,recording_resolution,"{""sample_every_ms"": 0.05}",P08_rebound,firing_regime,,,,,,,,,,,,,,no_change
neuron_model_behavioral_validation,Neuraxis,development_pilot,PILOT2_PROTOCOL,Exploratory development data; second development iteration informed by Pilot 1; not independent confirmation; never pooled with the confirmatory held-out estimate,m-recording_resolution-24ee4ce8df,osb_hh2_477127614,recording_resolution,"{""sample_every_ms"": 0.05}",P08_rebound,first_spike_latency,,,,,,,,,,,,,,no_change
neuron_model_behavioral_validation,Neuraxis,development_pilot,PILOT2_PROTOCOL,Exploratory development data; second development iteration informed by Pilot 1; not independent confirmation; never pooled with the confirmatory held-out estimate,m-recording_resolution-24ee4ce8df,osb_hh2_477127614,recording_resolution,"{""sample_every_ms"": 0.05}",P08_rebound,maximum_voltage,-71.3893814086914,-71.38938903808594,-71.38938903808594,7.62939453125e-06,0.0,,-71.38938751220755,-71.38938751220755,-71.38939361572305,6.103516142275112e-06,1.5258783889748884e-06,4.577637113811761e-06,0.8000000678002834,within_reference_discretization_error
neuron_model_behavioral_validation,Neuraxis,development_pilot,PILOT2_PROTOCOL,Exploratory development data; second development iteration informed by Pilot 1; not independent confirmation; never pooled with the confirmatory held-out estimate,m-recording_resolution-24ee4ce8df,osb_hh2_477127614,recording_resolution,"{""sample_every_ms"": 0.05}",P08_rebound,spike_count,0.0,0.0,0.0,0.0,0.0,,0.0,0.0,0.0,0.0,0.0,0.0,,within_reference_discretization_error
neuron_model_behavioral_validation,Neuraxis,development_pilot,PILOT2_PROTOCOL,Exploratory development data; second development iteration informed by Pilot 1; not independent confirmation; never pooled with the confirmatory held-out estimate,m-recording_resolution-24ee4ce8df,osb_hh2_477127614,recording_resolution,"{""sample_every_ms"": 0.05}",P09_short_pulse,ahp_depth,,,,,,,,,,,,,,no_change
neuron_model_behavioral_validation,Neuraxis,development_pilot,PILOT2_PROTOCOL,Exploratory development data; second development iteration informed by Pilot 1; not independent confirmation; never pooled with the confirmatory held-out estimate,m-recording_resolution-24ee4ce8df,osb_hh2_477127614,recording_resolution,"{""sample_every_ms"": 0.05}",P09_short_pulse,ap_amplitude,,,,,,,,,,,,,,no_change
neuron_model_behavioral_validation,Neuraxis,development_pilot,PILOT2_PROTOCOL,Exploratory development data; second development iteration informed by Pilot 1; not independent confirmation; never pooled with the confirmatory held-out estimate,m-recording_resolution-24ee4ce8df,osb_hh2_477127614,recording_resolution,"{""sample_every_ms"": 0.05}",P09_short_pulse,ap_half_width,,,,,,,,,,,,,,no_change
neuron_model_behavioral_validation,Neuraxis,development_pilot,PILOT2_PROTOCOL,Exploratory development data; second development iteration informed by Pilot 1; not independent confirmation; never pooled with the confirmatory held-out estimate,m-recording_resolution-24ee4ce8df,osb_hh2_477127614,recording_resolution,"{""sample_every_ms"": 0.05}",P09_short_pulse,first_spike_latency,,,,,,,,,,,,,,no_change
neuron_model_behavioral_validation,Neuraxis,development_pilot,PILOT2_PROTOCOL,Exploratory development data; second development iteration informed by Pilot 1; not independent confirmation; never pooled with the confirmatory held-out estimate,m-recording_resolution-24ee4ce8df,osb_hh2_477127614,recording_resolution,"{""sample_every_ms"": 0.05}",P09_short_pulse,spike_count,0.0,0.0,0.0,0.0,0.0,,0.0,0.0,0.0,0.0,0.0,0.0,,within_reference_discretization_error
neuron_model_behavioral_validation,Neuraxis,development_pilot,PILOT2_PROTOCOL,Exploratory development data; second development iteration informed by Pilot 1; not independent confirmation; never pooled with the confirmatory held-out estimate,m-increase_dt-2391bb7a93,pospischil2008_fs,increase_dt,"{""dt_factor"": 4}",P00_canonical,adaptation_index,0.0,-1.4563884479268312e-05,-1.4571099680892916e-05,1.4563884479268312e-05,7.215201624603885e-09,10.979067871481043,-1.4428140645515011e-05,0.0,0.0,1.4428140645515011e-05,1.4563884479268312e-05,1.4571099680892916e-05,0.9906794211429971,within_reference_discretization_error
neuron_model_behavioral_validation,Neuraxis,development_pilot,PILOT2_PROTOCOL,Exploratory development data; second development iteration informed by Pilot 1; not independent confirmation; never pooled with the confirmatory held-out estimate,m-increase_dt-2391bb7a93,pospischil2008_fs,increase_dt,"{""dt_factor"": 4}",P00_canonical,ahp_depth,-4.832305908199814,-4.734680175792306,-4.686164855948192,0.09762573240750783,0.04851531984411395,1.0088210828180382,-5.420849756874816,-5.027742843626115,-4.832305908199814,0.5885438486750019,0.29306266783380863,0.14614105225162177,6.028572940362805,exceeds_reference_discretization_error
neuron_model_behavioral_validation,Neuraxis,development_pilot,PILOT2_PROTOCOL,Exploratory development data; second development iteration informed by Pilot 1; not independent confirmation; never pooled with the confirmatory held-out estimate,m-increase_dt-2391bb7a93,pospischil2008_fs,increase_dt,"{""dt_factor"": 4}",P00_canonical,ap_amplitude,87.45660400498362,87.36877822947855,87.44034958023312,0.08782577550506687,0.07157135075456722,0.2952622028955249,87.58084487981017,87.48089218183073,87.45660400498362,0.12424087482655466,0.1121139523521748,0.016254424750499652,1.4146288388809833,within_reference_discretization_error
neuron_model_behavioral_validation,Neuraxis,development_pilot,PILOT2_PROTOCOL,Exploratory development data; second development iteration informed by Pilot 1; not independent confirmation; never pooled with the confirmatory held-out estimate,m-increase_dt-2391bb7a93,pospischil2008_fs,increase_dt,"{""dt_factor"": 4}",P00_canonical,ap_half_width,0.5599999999994907,0.5699999999994816,0.5599999999994907,0.009999999999990905,0.009999999999990905,0.0,0.5599999999994907,0.5699999999994816,0.5599999999994907,0.0,0.0,0.0,0.0,within_reference_discretization_error
neuron_model_behavioral_validation,Neuraxis,development_pilot,PILOT2_PROTOCOL,Exploratory development data; second development iteration informed by Pilot 1; not independent confirmation; never pooled with the confirmatory held-out estimate,m-increase_dt-2391bb7a93,pospischil2008_fs,increase_dt,"{""dt_factor"": 4}",P00_canonical,baseline_voltage,-69.99999237060547,-69.99999237060547,-69.99999237060547,0.0,0.0,,-69.99998764546727,-69.99999000549332,-69.99999237060547,4.72513819715914e-06,2.3651121523471375e-06,0.0,,exceeds_reference_discretization_error
neuron_model_behavioral_validation,Neuraxis,development_pilot,PILOT2_PROTOCOL,Exploratory development data; second development iteration informed by Pilot 1; not independent confirmation; never pooled with the confirmatory held-out estimate,m-increase_dt-2391bb7a93,pospischil2008_fs,increase_dt,"{""dt_factor"": 4}",P00_canonical,firing_regime,,,,,,,,,,,,,,no_change
neuron_model_behavioral_validation,Neuraxis,development_pilot,PILOT2_PROTOCOL,Exploratory development data; second development iteration informed by Pilot 1; not independent confirmation; never pooled with the confirmatory held-out estimate,m-increase_dt-2391bb7a93,pospischil2008_fs,increase_dt,"{""dt_factor"": 4}",P00_canonical,first_isi,20.2299999999816,20.199999999981628,20.179999999981646,0.029999999999972715,0.01999999999998181,0.5849625007211562,20.389999999981455,20.289999999981546,20.2299999999816,0.15999999999985448,0.08999999999991815,0.049999999999954525,5.333333333333333,exceeds_reference_discretization_error
neuron_model_behavioral_validation,Neuraxis,development_pilot,PILOT2_PROTOCOL,Exploratory development data; second development iteration informed by Pilot 1; not independent confirmation; never pooled with the confirmatory held-out estimate,m-increase_dt-2391bb7a93,pospischil2008_fs,increase_dt,"{""dt_factor"": 4}",P00_canonical,first_spike_latency,17.199999999856516,17.189999999856525,17.189999999856525,0.009999999999990905,0.0,,17.23999999985648,17.209999999856507,17.199999999856516,0.03999999999996362,0.01999999999998181,0.009999999999990905,4.0,exceeds_reference_discretization_error
neuron_model_behavioral_validation,Neuraxis,development_pilot,PILOT2_PROTOCOL,Exploratory development data; second development iteration informed by Pilot 1; not independent confirmation; never pooled with the confirmatory held-out estimate,m-increase_dt-2391bb7a93,pospischil2008_fs,increase_dt,"{""dt_factor"": 4}",P00_canonical,last_isi,20.21999999998161,20.189999999981637,20.179999999981646,0.029999999999972715,0.009999999999990905,1.584962500721156,20.379999999981464,20.279999999981555,20.21999999998161,0.15999999999985448,0.08999999999991815,0.03999999999996362,5.333333333333333,exceeds_reference_discretization_error
neuron_model_behavioral_validation,Neuraxis,development_pilot,PILOT2_PROTOCOL,Exploratory development data; second development iteration informed by Pilot 1; not independent confirmation; never pooled with the confirmatory held-out estimate,m-increase_dt-2391bb7a93,pospischil2008_fs,increase_dt,"{""dt_factor"": 4}",P00_canonical,mean_frequency,49.81568197674742,49.88153136307411,49.913898525105616,0.0658493863266898,0.03236716203150536,1.024639120677923,49.42909396476819,49.685737709051594,49.81568197674742,0.386588011979228,0.19579365402251625,0.09821654835819515,5.870791415751398,exceeds_reference_discretization_error
neuron_model_behavioral_validation,Neuraxis,development_pilot,PILOT2_PROTOCOL,Exploratory development data; second development iteration informed by Pilot 1; not independent confirmation; never pooled with the confirmatory held-out estimate,m-increase_dt-2391bb7a93,pospischil2008_fs,increase_dt,"{""dt_factor"": 4}",P00_canonical,spike_count,20.0,20.0,20.0,0.0,0.0,,20.0,20.0,20.0,0.0,0.0,0.0,,within_reference_discretization_error
neuron_model_behavioral_validation,Neuraxis,development_pilot,PILOT2_PROTOCOL,Exploratory development data; second development iteration informed by Pilot 1; not independent confirmation; never pooled with the confirmatory held-out estimate,m-increase_dt-2391bb7a93,pospischil2008_fs,increase_dt,"{""dt_factor"": 4}",P02_weak_step,baseline_voltage,-69.99999237060547,-69.99999237060547,-69.9999918034872,0.0,5.671182634614524e-07,,-69.99997874832165,-69.99998782857264,-69.99999237060547,1.3622283816516756e-05,4.542032826293507e-06,5.671182634614524e-07,,exceeds_reference_discretization_error
neuron_model_behavioral_validation,Neuraxis,development_pilot,PILOT2_PROTOCOL,Exploratory development data; second development iteration informed by Pilot 1; not independent confirmation; never pooled with the confirmatory held-out estimate,m-increase_dt-2391bb7a93,pospischil2008_fs,increase_dt,"{""dt_factor"": 4}",P02_weak_step,spike_count,0.0,0.0,0.0,0.0,0.0,,0.0,0.0,0.0,0.0,0.0,0.0,,within_reference_discretization_error
neuron_model_behavioral_validation,Neuraxis,development_pilot,PILOT2_PROTOCOL,Exploratory development data; second development iteration informed by Pilot 1; not independent confirmation; never pooled with the confirmatory held-out estimate,m-increase_dt-2391bb7a93,pospischil2008_fs,increase_dt,"{""dt_factor"": 4}",P02_weak_step,steady_state_voltage,-60.91402953033431,-60.91402884902938,-60.91402816772461,6.813049324705389e-07,6.813047690457097e-07,3.4605975625152414e-07,-60.91403634223905,-60.91402816772461,-60.91402953033431,6.811904739834063e-06,6.813047690457097e-07,1.3626097015162486e-06,9.998320010883855,exceeds_reference_discretization_error
neuron_model_behavioral_validation,Neuraxis,development_pilot,PILOT2_PROTOCOL,Exploratory development data; second development iteration informed by Pilot 1; not independent confirmation; never pooled with the confirmatory held-out estimate,m-increase_dt-2391bb7a93,pospischil2008_fs,increase_dt,"{""dt_factor"": 4}",P02_weak_step,voltage_deflection,9.085962840271158,9.08596352157609,9.085963635762596,6.813049324705389e-07,1.1418650558425725e-07,2.5769084866280045,9.085942406082602,9.085959660848033,9.085962840271158,2.043418855635082e-05,3.8607280572477976e-06,7.954914380547962e-07,29.992720707675833,exceeds_reference_discretization_error
neuron_model_behavioral_validation,Neuraxis,development_pilot,PILOT2_PROTOCOL,Exploratory development data; second development iteration informed by Pilot 1; not independent confirmation; never pooled with the confirmatory held-out estimate,m-increase_dt-2391bb7a93,pospischil2008_fs,increase_dt,"{""dt_factor"": 4}",P03_rheobase,rheobase,0.384297520661157,0.384297520661157,0.384297520661157,0.0,0.0,,0.384297520661157,0.384297520661157,0.384297520661157,0.0,0.0,0.0,,within_reference_discretization_error
neuron_model_behavioral_validation,Neuraxis,development_pilot,PILOT2_PROTOCOL,Exploratory development data; second development iteration informed by Pilot 1; not independent confirmation; never pooled with the confirmatory held-out estimate,m-increase_dt-2391bb7a93,pospischil2008_fs,increase_dt,"{""dt_factor"": 4}",P04_step_2x,adaptation_index,1.0786555637053976e-05,0.0,0.0,1.0786555637053976e-05,0.0,,2.143071450002143e-05,-1.0841871306987586e-05,1.0786555637053976e-05,1.0644158862967455e-05,1.0841871306987586e-05,1.0786555637053976e-05,0.9867986798679869,within_reference_discretization_error
neuron_model_behavioral_validation,Neuraxis,development_pilot,PILOT2_PROTOCOL,Exploratory development data; second development iteration informed by Pilot 1; not independent confirmation; never pooled with the confirmatory held-out estimate,m-increase_dt-2391bb7a93,pospischil2008_fs,increase_dt,"{""dt_factor"": 4}",P04_step_2x,ahp_depth,-4.612907409655477,-4.106994628894597,-3.855921155286879,0.5059127807608803,0.25107347360771826,1.010779072913406,-7.746064327219727,-5.639048624666742,-4.612907409655477,3.13315691756425,1.532053995772145,0.7569862543685986,6.193077219460752,exceeds_reference_discretization_error
neuron_model_behavioral_validation,Neuraxis,development_pilot,PILOT2_PROTOCOL,Exploratory development data; second development iteration informed by Pilot 1; not independent confirmation; never pooled with the confirmatory held-out estimate,m-increase_dt-2391bb7a93,pospischil2008_fs,increase_dt,"{""dt_factor"": 4}",P04_step_2x,ap_amplitude,88.51488494896842,88.43542480636255,88.38439941514275,0.07946014260586765,0.051025391219795324,0.6390160439375375,89.28356552250438,88.88319778521536,88.51488494896842,0.7686805735359599,0.44777297885281087,0.13048553382566297,9.673787993921842,exceeds_reference_discretization_error
neuron_model_behavioral_validation,Neuraxis,development_pilot,PILOT2_PROTOCOL,Exploratory development data; second development iteration informed by Pilot 1; not independent confirmation; never pooled with the confirmatory held-out estimate,m-increase_dt-2391bb7a93,pospischil2008_fs,increase_dt,"{""dt_factor"": 4}",P04_step_2x,ap_half_width,0.5699999999994816,0.5699999999994816,0.5699999999994816,0.0,0.0,,0.5699999999994816,0.5699999999994816,0.5699999999994816,0.0,0.0,0.0,,within_reference_discretization_error
neuron_model_behavioral_validation,Neuraxis,development_pilot,PILOT2_PROTOCOL,Exploratory development data; second development iteration informed by Pilot 1; not independent confirmation; never pooled with the confirmatory held-out estimate,m-increase_dt-2391bb7a93,pospischil2008_fs,increase_dt,"{""dt_factor"": 4}",P04_step_2x,burst_count,1.0,1.0,1.0,0.0,0.0,,1.0,1.0,1.0,0.0,0.0,0.0,,within_reference_discretization_error
neuron_model_behavioral_validation,Neuraxis,development_pilot,PILOT2_PROTOCOL,Exploratory development data; second development iteration informed by Pilot 1; not independent confirmation; never pooled with the confirmatory held-out estimate,m-increase_dt-2391bb7a93,pospischil2008_fs,increase_dt,"{""dt_factor"": 4}",P04_step_2x,firing_regime,,,,,,,,,,,,,,no_change
neuron_model_behavioral_validation,Neuraxis,development_pilot,PILOT2_PROTOCOL,Exploratory development data; second development iteration informed by Pilot 1; not independent confirmation; never pooled with the confirmatory held-out estimate,m-increase_dt-2391bb7a93,pospischil2008_fs,increase_dt,"{""dt_factor"": 4}",P04_step_2x,first_isi,10.549999999990405,10.439999999990505,10.399999999990541,0.10999999999989996,0.03999999999996362,1.4594316186372973,11.099999999989905,10.729999999990241,10.549999999990405,0.5499999999994998,0.28999999999973625,0.14999999999986358,5.0,exceeds_reference_discretization_error
neuron_model_behavioral_validation,Neuraxis,development_pilot,PILOT2_PROTOCOL,Exploratory development data; second development iteration informed by Pilot 1; not independent confirmation; never pooled with the confirmatory held-out estimate,m-increase_dt-2391bb7a93,pospischil2008_fs,increase_dt,"{""dt_factor"": 4}",P04_step_2x,first_spike_latency,8.009999999864874,7.989999999864892,7.9699999998649105,0.01999999999998181,0.01999999999998181,0.0,8.159999999864738,8.059999999864829,8.009999999864874,0.14999999999986358,0.06999999999993634,0.03999999999996362,7.5,exceeds_reference_discretization_error
neuron_model_behavioral_validation,Neuraxis,development_pilot,PILOT2_PROTOCOL,Exploratory development data; second development iteration informed by Pilot 1; not independent confirmation; never pooled with the confirmatory held-out estimate,m-increase_dt-2391bb7a93,pospischil2008_fs,increase_dt,"{""dt_factor"": 4}",P04_step_2x,last_isi,10.539999999990414,10.439999999990505,10.38999999999055,0.09999999999990905,0.049999999999954525,1.0,11.119999999989886,10.71999999999025,10.539999999990414,0.5799999999994725,0.27999999999974534,0.14999999999986358,5.8,exceeds_reference_discretization_error
neuron_model_behavioral_validation,Neuraxis,development_pilot,PILOT2_PROTOCOL,Exploratory development data; second development iteration informed by Pilot 1; not independent confirmation; never pooled with the confirmatory held-out estimate,m-increase_dt-2391bb7a93,pospischil2008_fs,increase_dt,"{""dt_factor"": 4}",P04_step_2x,mean_frequency,95.40435206246943,96.26762399481751,96.71374745633982,0.8632719323480842,0.44612346152230486,0.9523720616757309,90.61254077574908,93.73599054500104,95.40435206246943,4.791811286720346,2.531633449816468,1.309395393870389,5.550755338108474,exceeds_reference_discretization_error
neuron_model_behavioral_validation,Neuraxis,development_pilot,PILOT2_PROTOCOL,Exploratory development data; second development iteration informed by Pilot 1; not independent confirmation; never pooled with the confirmatory held-out estimate,m-increase_dt-2391bb7a93,pospischil2008_fs,increase_dt,"{""dt_factor"": 4}",P04_step_2x,spike_count,47.0,48.0,48.0,1.0,0.0,,45.0,46.0,47.0,2.0,2.0,1.0,2.0,within_reference_discretization_error
neuron_model_behavioral_validation,Neuraxis,development_pilot,PILOT2_PROTOCOL,Exploratory development data; second development iteration informed by Pilot 1; not independent confirmation; never pooled with the confirmatory held-out estimate,m-increase_dt-2391bb7a93,pospischil2008_fs,increase_dt,"{""dt_factor"": 4}",P05_long_step,adaptation_index,2.5632810906290527e-06,9.022764855517059e-14,9.022763952015249e-14,2.563281000401404e-06,9.035018095631354e-21,48.01138557588973,9.553512221658093e-14,9.242832335090734e-14,2.5632810906290527e-06,2.5632809950939303e-06,2.2006747957367537e-15,2.5632810004014133e-06,0.9999999979294218,within_reference_discretization_error
neuron_model_behavioral_validation,Neuraxis,development_pilot,PILOT2_PROTOCOL,Exploratory development data; second development iteration informed by Pilot 1; not independent confirmation; never pooled with the confirmatory held-out estimate,m-increase_dt-2391bb7a93,pospischil2008_fs,increase_dt,"{""dt_factor"": 4}",P05_long_step,ahp_depth,-5.324134826653506,-4.827239990238667,-4.580491816188882,0.4968948364148389,0.24674817404978455,1.0099011412052827,-8.401469097076074,-6.331968579582849,-5.324134826653506,3.0773342704225684,1.5047285893441824,0.7436430104646234,6.193129903755766,exceeds_reference_discretization_error
neuron_model_behavioral_validation,Neuraxis,development_pilot,PILOT2_PROTOCOL,Exploratory development data; second development iteration informed by Pilot 1; not independent confirmation; never pooled with the confirmatory held-out estimate,m-increase_dt-2391bb7a93,pospischil2008_fs,increase_dt,"{""dt_factor"": 4}",P05_long_step,ap_amplitude,87.90636062789724,87.76913070748881,87.67502594204134,0.13722992040842996,0.09410476544746871,0.5442553806625932,88.70897674681574,88.28640365659072,87.90636062789724,0.8026161189184933,0.5172729491019084,0.23133468585589867,5.848696235702174,exceeds_reference_discretization_error
neuron_model_behavioral_validation,Neuraxis,development_pilot,PILOT2_PROTOCOL,Exploratory development data; second development iteration informed by Pilot 1; not independent confirmation; never pooled with the confirmatory held-out estimate,m-increase_dt-2391bb7a93,pospischil2008_fs,increase_dt,"{""dt_factor"": 4}",P05_long_step,ap_half_width,0.5699999999994816,0.5699999999994816,0.5699999999994816,0.0,0.0,,0.5699999999994816,0.5699999999994816,0.5699999999994816,0.0,0.0,0.0,,within_reference_discretization_error
neuron_model_behavioral_validation,Neuraxis,development_pilot,PILOT2_PROTOCOL,Exploratory development data; second development iteration informed by Pilot 1; not independent confirmation; never pooled with the confirmatory held-out estimate,m-increase_dt-2391bb7a93,pospischil2008_fs,increase_dt,"{""dt_factor"": 4}",P05_long_step,burst_count,1.0,1.0,1.0,0.0,0.0,,1.0,1.0,1.0,0.0,0.0,0.0,,within_reference_discretization_error
neuron_model_behavioral_validation,Neuraxis,development_pilot,PILOT2_PROTOCOL,Exploratory development data; second development iteration informed by Pilot 1; not independent confirmation; never pooled with the confirmatory held-out estimate,m-increase_dt-2391bb7a93,pospischil2008_fs,increase_dt,"{""dt_factor"": 4}",P05_long_step,firing_regime,,,,,,,,,,,,,,no_change
neuron_model_behavioral_validation,Neuraxis,development_pilot,PILOT2_PROTOCOL,Exploratory development data; second development iteration informed by Pilot 1; not independent confirmation; never pooled with the confirmatory held-out estimate,m-increase_dt-2391bb7a93,pospischil2008_fs,increase_dt,"{""dt_factor"": 4}",P05_long_step,first_isi,15.599999999985812,15.489999999985912,15.419999999985976,0.10999999999989996,0.06999999999993634,0.6520766965796931,16.299999999985175,15.839999999985594,15.599999999985812,0.6999999999993634,0.3499999999996817,0.1799999999998363,6.363636363636363,exceeds_reference_discretization_error
neuron_model_behavioral_validation,Neuraxis,development_pilot,PILOT2_PROTOCOL,Exploratory development data; second development iteration informed by Pilot 1; not independent confirmation; never pooled with the confirmatory held-out estimate,m-increase_dt-2391bb7a93,pospischil2008_fs,increase_dt,"{""dt_factor"": 4}",P05_long_step,first_spike_latency,12.669999999860636,12.629999999860672,12.619999999860681,0.03999999999996362,0.009999999999990905,2.0,12.839999999860481,12.71999999986059,12.669999999860636,0.16999999999984539,0.08999999999991815,0.049999999999954525,4.25,exceeds_reference_discretization_error
neuron_model_behavioral_validation,Neuraxis,development_pilot,PILOT2_PROTOCOL,Exploratory development data; second development iteration informed by Pilot 1; not independent confirmation; never pooled with the confirmatory held-out estimate,m-increase_dt-2391bb7a93,pospischil2008_fs,increase_dt,"{""dt_factor"": 4}",P05_long_step,last_isi,15.610000000340733,15.480000000337895,15.420000000336586,0.13000000000283762,0.06000000000130967,1.1154772174199359,16.300000000355794,15.840000000345754,15.610000000340733,0.6900000000150612,0.36000000000785803,0.1900000000041473,5.3076923076923075,exceeds_reference_discretization_error
neuron_model_behavioral_validation,Neuraxis,development_pilot,PILOT2_PROTOCOL,Exploratory development data; second development iteration informed by Pilot 1; not independent confirmation; never pooled with the confirmatory held-out estimate,m-increase_dt-2391bb7a93,pospischil2008_fs,increase_dt,"{""dt_factor"": 4}",P05_long_step,mean_frequency,64.1838868356668,64.68078278777342,64.93441121088749,0.49689595210662674,0.2536284231140655,0.970227357672889,61.43743453377381,63.22635033408136,64.1838868356668,2.7464523018929867,1.454432453692064,0.7505243752206923,5.527218103204909,exceeds_reference_discretization_error
neuron_model_behavioral_validation,Neuraxis,development_pilot,PILOT2_PROTOCOL,Exploratory development data; second development iteration informed by Pilot 1; not independent confirmation; never pooled with the confirmatory held-out estimate,m-increase_dt-2391bb7a93,pospischil2008_fs,increase_dt,"{""dt_factor"": 4}",P05_long_step,spike_count,128.0,129.0,129.0,1.0,0.0,,122.0,126.0,128.0,6.0,3.0,1.0,6.0,exceeds_reference_discretization_error
neuron_model_behavioral_validation,Neuraxis,development_pilot,PILOT2_PROTOCOL,Exploratory development data; second development iteration informed by Pilot 1; not independent confirmation; never pooled with the confirmatory held-out estimate,m-increase_dt-2391bb7a93,pospischil2008_fs,increase_dt,"{""dt_factor"": 4}",P06_ramp,firing_regime,,,,,,,,,,,,,,no_change
neuron_model_behavioral_validation,Neuraxis,development_pilot,PILOT2_PROTOCOL,Exploratory development data; second development iteration informed by Pilot 1; not independent confirmation; never pooled with the confirmatory held-out estimate,m-increase_dt-2391bb7a93,pospischil2008_fs,increase_dt,"{""dt_factor"": 4}",P06_ramp,first_spike_latency,363.4899999995416,363.43999999954167,363.4099999995417,0.049999999999954525,0.029999999999972715,0.7369655941662062,363.79999999954134,363.5999999995415,363.4899999995416,0.30999999999971806,0.15999999999985448,0.07999999999992724,6.2,exceeds_reference_discretization_error
neuron_model_behavioral_validation,Neuraxis,development_pilot,PILOT2_PROTOCOL,Exploratory development data; second development iteration informed by Pilot 1; not independent confirmation; never pooled with the confirmatory held-out estimate,m-increase_dt-2391bb7a93,pospischil2008_fs,increase_dt,"{""dt_factor"": 4}",P06_ramp,mean_frequency,61.0030501525709,61.23944623484154,61.35894985672516,0.23639608227063746,0.11950362188362362,0.98415178263075,57.399500523704155,59.39677042651034,61.0030501525709,3.6035496288667446,1.842675808331201,0.3558997041542611,15.243694371978762,exceeds_reference_discretization_error
neuron_model_behavioral_validation,Neuraxis,development_pilot,PILOT2_PROTOCOL,Exploratory development data; second development iteration informed by Pilot 1; not independent confirmation; never pooled with the confirmatory held-out estimate,m-increase_dt-2391bb7a93,pospischil2008_fs,increase_dt,"{""dt_factor"": 4}",P06_ramp,spike_count,61.0,61.0,61.0,0.0,0.0,,57.0,59.0,61.0,4.0,2.0,0.0,,exceeds_reference_discretization_error
neuron_model_behavioral_validation,Neuraxis,development_pilot,PILOT2_PROTOCOL,Exploratory development data; second development iteration informed by Pilot 1; not independent confirmation; never pooled with the confirmatory held-out estimate,m-increase_dt-2391bb7a93,pospischil2008_fs,increase_dt,"{""dt_factor"": 4}",P07_hyperpolarizing_step,baseline_voltage,-69.99999237060547,-69.99999237060547,-69.99999350738514,0.0,1.136779673061028e-06,,-70.0000196228025,-70.00000145721424,-69.99999237060547,2.7252197028815317e-05,9.086608770303428e-06,1.136779673061028e-06,,exceeds_reference_discretization_error
neuron_model_behavioral_validation,Neuraxis,development_pilot,PILOT2_PROTOCOL,Exploratory development data; second development iteration informed by Pilot 1; not independent confirmation; never pooled with the confirmatory held-out estimate,m-increase_dt-2391bb7a93,pospischil2008_fs,increase_dt,"{""dt_factor"": 4}",P07_hyperpolarizing_step,minimum_voltage,-88.16673278808594,-88.16673278808594,-88.16673278808594,0.0,0.0,,-88.16673278808594,-88.16673278808594,-88.16673278808594,0.0,0.0,0.0,,within_reference_discretization_error
neuron_model_behavioral_validation,Neuraxis,development_pilot,PILOT2_PROTOCOL,Exploratory development data; second development iteration informed by Pilot 1; not independent confirmation; never pooled with the confirmatory held-out estimate,m-increase_dt-2391bb7a93,pospischil2008_fs,increase_dt,"{""dt_factor"": 4}",P07_hyperpolarizing_step,sag_ratio,1.5001146901516143e-07,7.500572590287792e-08,0.0,7.50057431122835e-08,7.500572590287792e-08,3.3101367873577384e-07,8.999442421078845e-07,0.0,1.5001146901516143e-07,7.499327730927231e-07,7.500572590287792e-08,1.5001146901516143e-07,9.998338020197663,exceeds_reference_discretization_error
neuron_model_behavioral_validation,Neuraxis,development_pilot,PILOT2_PROTOCOL,Exploratory development data; second development iteration informed by Pilot 1; not independent confirmation; never pooled with the confirmatory held-out estimate,m-increase_dt-2391bb7a93,pospischil2008_fs,increase_dt,"{""dt_factor"": 4}",P07_hyperpolarizing_step,spike_count,0.0,0.0,0.0,0.0,0.0,,0.0,0.0,0.0,0.0,0.0,0.0,,within_reference_discretization_error
neuron_model_behavioral_validation,Neuraxis,development_pilot,PILOT2_PROTOCOL,Exploratory development data; second development iteration informed by Pilot 1; not independent confirmation; never pooled with the confirmatory held-out estimate,m-increase_dt-2391bb7a93,pospischil2008_fs,increase_dt,"{""dt_factor"": 4}",P07_hyperpolarizing_step,steady_state_voltage,-88.16673006286652,-88.16673142547639,-88.16673278808594,1.3626098649410778e-06,1.362609552302274e-06,3.310136784154312e-07,-88.16671643905703,-88.16673278808594,-88.16673006286652,1.362380949387898e-05,1.362609552302274e-06,2.725219417243352e-06,9.998320021312999,exceeds_reference_discretization_error
neuron_model_behavioral_validation,Neuraxis,development_pilot,PILOT2_PROTOCOL,Exploratory development data; second development iteration informed by Pilot 1; not independent confirmation; never pooled with the confirmatory held-out estimate,m-increase_dt-2391bb7a93,pospischil2008_fs,increase_dt,"{""dt_factor"": 4}",P07_hyperpolarizing_step,voltage_deflection,-18.16673769226105,-18.166739054870916,-18.166739280700796,1.3626098649410778e-06,2.258298792412461e-07,2.5930642718010986,-18.16669681625453,-18.1667313308717,-18.16673769226105,4.08760065226943e-05,7.723999218001154e-06,1.588439744182324e-06,29.99831982315926,exceeds_reference_discretization_error
neuron_model_behavioral_validation,Neuraxis,development_pilot,PILOT2_PROTOCOL,Exploratory development data; second development iteration informed by Pilot 1; not independent confirmation; never pooled with the confirmatory held-out estimate,m-increase_dt-2391bb7a93,pospischil2008_fs,increase_dt,"{""dt_factor"": 4}",P08_rebound,firing_regime,,,,,,,,,,,,,,no_change
neuron_model_behavioral_validation,Neuraxis,development_pilot,PILOT2_PROTOCOL,Exploratory development data; second development iteration informed by Pilot 1; not independent confirmation; never pooled with the confirmatory held-out estimate,m-increase_dt-2391bb7a93,pospischil2008_fs,increase_dt,"{""dt_factor"": 4}",P08_rebound,first_spike_latency,,,,,,,,,,,,,,no_change
neuron_model_behavioral_validation,Neuraxis,development_pilot,PILOT2_PROTOCOL,Exploratory development data; second development iteration informed by Pilot 1; not independent confirmation; never pooled with the confirmatory held-out estimate,m-increase_dt-2391bb7a93,pospischil2008_fs,increase_dt,"{""dt_factor"": 4}",P08_rebound,maximum_voltage,-69.99999237060547,-69.99999237060547,-69.99999237060547,0.0,0.0,,-69.99999237060547,-69.99999237060547,-69.99999237060547,0.0,0.0,0.0,,within_reference_discretization_error
neuron_model_behavioral_validation,Neuraxis,development_pilot,PILOT2_PROTOCOL,Exploratory development data; second development iteration informed by Pilot 1; not independent confirmation; never pooled with the confirmatory held-out estimate,m-increase_dt-2391bb7a93,pospischil2008_fs,increase_dt,"{""dt_factor"": 4}",P08_rebound,spike_count,0.0,0.0,0.0,0.0,0.0,,0.0,0.0,0.0,0.0,0.0,0.0,,within_reference_discretization_error
neuron_model_behavioral_validation,Neuraxis,development_pilot,PILOT2_PROTOCOL,Exploratory development data; second development iteration informed by Pilot 1; not independent confirmation; never pooled with the confirmatory held-out estimate,m-increase_dt-2391bb7a93,pospischil2008_fs,increase_dt,"{""dt_factor"": 4}",P09_short_pulse,ahp_depth,3.4738235474345487,4.042343139694225,4.324680417338499,0.5685195922596762,0.28233727764427385,1.0097904442429153,-0.07298063276228106,2.316239123138928,3.4738235474345487,3.5468041801968297,1.726104016555297,0.85085686990395,6.238666579808558,exceeds_reference_discretization_error
neuron_model_behavioral_validation,Neuraxis,development_pilot,PILOT2_PROTOCOL,Exploratory development data; second development iteration informed by Pilot 1; not independent confirmation; never pooled with the confirmatory held-out estimate,m-increase_dt-2391bb7a93,pospischil2008_fs,increase_dt,"{""dt_factor"": 4}",P09_short_pulse,ap_amplitude,118.24569702145673,118.07249069170416,117.94806671444681,0.1732063297525741,0.12442397725735077,0.4772271253416925,,,118.24569702145673,,,0.2976303070099249,,definedness_change
neuron_model_behavioral_validation,Neuraxis,development_pilot,PILOT2_PROTOCOL,Exploratory development data; second development iteration informed by Pilot 1; not independent confirmation; never pooled with the confirmatory held-out estimate,m-increase_dt-2391bb7a93,pospischil2008_fs,increase_dt,"{""dt_factor"": 4}",P09_short_pulse,ap_half_width,0.7199999999993452,0.7099999999993543,0.7199999999993452,0.009999999999990905,0.009999999999990905,0.0,,,0.7199999999993452,,,0.0,,definedness_change
neuron_model_behavioral_validation,Neuraxis,development_pilot,PILOT2_PROTOCOL,Exploratory development data; second development iteration informed by Pilot 1; not independent confirmation; never pooled with the confirmatory held-out estimate,m-increase_dt-2391bb7a93,pospischil2008_fs,increase_dt,"{""dt_factor"": 4}",P09_short_pulse,first_spike_latency,1.6599999998706494,1.6399999998706676,1.6299999998706767,0.01999999999998181,0.009999999999990905,1.0,1.7199999998705948,1.6799999998706312,1.6599999998706494,0.05999999999994543,0.03999999999996362,0.029999999999972715,3.0,within_reference_discretization_error
neuron_model_behavioral_validation,Neuraxis,development_pilot,PILOT2_PROTOCOL,Exploratory development data; second development iteration informed by Pilot 1; not independent confirmation; never pooled with the confirmatory held-out estimate,m-increase_dt-2391bb7a93,pospischil2008_fs,increase_dt,"{""dt_factor"": 4}",P09_short_pulse,spike_count,1.0,1.0,1.0,0.0,0.0,,1.0,1.0,1.0,0.0,0.0,0.0,,within_reference_discretization_error
neuron_model_behavioral_validation,Neuraxis,development_pilot,PILOT2_PROTOCOL,Exploratory development data; second development iteration informed by Pilot 1; not independent confirmation; never pooled with the confirmatory held-out estimate,m-solver_config-e5acbde8a1,pospischil2008_fs,solver_config,"{""integrator_method"": ""eulertree""}",P00_canonical,adaptation_index,0.0,-1.4563884479268312e-05,-1.4571099680892916e-05,1.4563884479268312e-05,7.215201624603885e-09,10.979067871481043,0.0,-1.4563884479268312e-05,-1.4571099680892916e-05,0.0,0.0,0.0,0.0,within_reference_discretization_error
neuron_model_behavioral_validation,Neuraxis,development_pilot,PILOT2_PROTOCOL,Exploratory development data; second development iteration informed by Pilot 1; not independent confirmation; never pooled with the confirmatory held-out estimate,m-solver_config-e5acbde8a1,pospischil2008_fs,solver_config,"{""integrator_method"": ""eulertree""}",P00_canonical,ahp_depth,-4.832305908199814,-4.734680175792306,-4.686164855948192,0.09762573240750783,0.04851531984411395,1.0088210828180382,-4.832305908199814,-4.734680175792306,-4.686164855948192,0.0,0.0,0.0,0.0,within_reference_discretization_error
neuron_model_behavioral_validation,Neuraxis,development_pilot,PILOT2_PROTOCOL,Exploratory development data; second development iteration informed by Pilot 1; not independent confirmation; never pooled with the confirmatory held-out estimate,m-solver_config-e5acbde8a1,pospischil2008_fs,solver_config,"{""integrator_method"": ""eulertree""}",P00_canonical,ap_amplitude,87.45660400498362,87.36877822947855,87.44034958023312,0.08782577550506687,0.07157135075456722,0.2952622028955249,87.45660400498362,87.36877822947855,87.44034958023312,0.0,0.0,0.0,0.0,within_reference_discretization_error
neuron_model_behavioral_validation,Neuraxis,development_pilot,PILOT2_PROTOCOL,Exploratory development data; second development iteration informed by Pilot 1; not independent confirmation; never pooled with the confirmatory held-out estimate,m-solver_config-e5acbde8a1,pospischil2008_fs,solver_config,"{""integrator_method"": ""eulertree""}",P00_canonical,ap_half_width,0.5599999999994907,0.5699999999994816,0.5599999999994907,0.009999999999990905,0.009999999999990905,0.0,0.5599999999994907,0.5699999999994816,0.5599999999994907,0.0,0.0,0.0,0.0,within_reference_discretization_error
neuron_model_behavioral_validation,Neuraxis,development_pilot,PILOT2_PROTOCOL,Exploratory development data; second development iteration informed by Pilot 1; not independent confirmation; never pooled with the confirmatory held-out estimate,m-solver_config-e5acbde8a1,pospischil2008_fs,solver_config,"{""integrator_method"": ""eulertree""}",P00_canonical,baseline_voltage,-69.99999237060547,-69.99999237060547,-69.99999237060547,0.0,0.0,,-69.99999237060547,-69.99999237060547,-69.99999237060547,0.0,0.0,0.0,,within_reference_discretization_error
neuron_model_behavioral_validation,Neuraxis,development_pilot,PILOT2_PROTOCOL,Exploratory development data; second development iteration informed by Pilot 1; not independent confirmation; never pooled with the confirmatory held-out estimate,m-solver_config-e5acbde8a1,pospischil2008_fs,solver_config,"{""integrator_method"": ""eulertree""}",P00_canonical,firing_regime,,,,,,,,,,,,,,no_change
neuron_model_behavioral_validation,Neuraxis,development_pilot,PILOT2_PROTOCOL,Exploratory development data; second development iteration informed by Pilot 1; not independent confirmation; never pooled with the confirmatory held-out estimate,m-solver_config-e5acbde8a1,pospischil2008_fs,solver_config,"{""integrator_method"": ""eulertree""}",P00_canonical,first_isi,20.2299999999816,20.199999999981628,20.179999999981646,0.029999999999972715,0.01999999999998181,0.5849625007211562,20.2299999999816,20.199999999981628,20.179999999981646,0.0,0.0,0.0,0.0,within_reference_discretization_error
neuron_model_behavioral_validation,Neuraxis,development_pilot,PILOT2_PROTOCOL,Exploratory development data; second development iteration informed by Pilot 1; not independent confirmation; never pooled with the confirmatory held-out estimate,m-solver_config-e5acbde8a1,pospischil2008_fs,solver_config,"{""integrator_method"": ""eulertree""}",P00_canonical,first_spike_latency,17.199999999856516,17.189999999856525,17.189999999856525,0.009999999999990905,0.0,,17.199999999856516,17.189999999856525,17.189999999856525,0.0,0.0,0.0,0.0,within_reference_discretization_error
neuron_model_behavioral_validation,Neuraxis,development_pilot,PILOT2_PROTOCOL,Exploratory development data; second development iteration informed by Pilot 1; not independent confirmation; never pooled with the confirmatory held-out estimate,m-solver_config-e5acbde8a1,pospischil2008_fs,solver_config,"{""integrator_method"": ""eulertree""}",P00_canonical,last_isi,20.21999999998161,20.189999999981637,20.179999999981646,0.029999999999972715,0.009999999999990905,1.584962500721156,20.21999999998161,20.189999999981637,20.179999999981646,0.0,0.0,0.0,0.0,within_reference_discretization_error
neuron_model_behavioral_validation,Neuraxis,development_pilot,PILOT2_PROTOCOL,Exploratory development data; second development iteration informed by Pilot 1; not independent confirmation; never pooled with the confirmatory held-out estimate,m-solver_config-e5acbde8a1,pospischil2008_fs,solver_config,"{""integrator_method"": ""eulertree""}",P00_canonical,mean_frequency,49.81568197674742,49.88153136307411,49.913898525105616,0.0658493863266898,0.03236716203150536,1.024639120677923,49.81568197674742,49.88153136307411,49.913898525105616,0.0,0.0,0.0,0.0,within_reference_discretization_error
neuron_model_behavioral_validation,Neuraxis,development_pilot,PILOT2_PROTOCOL,Exploratory development data; second development iteration informed by Pilot 1; not independent confirmation; never pooled with the confirmatory held-out estimate,m-solver_config-e5acbde8a1,pospischil2008_fs,solver_config,"{""integrator_method"": ""eulertree""}",P00_canonical,spike_count,20.0,20.0,20.0,0.0,0.0,,20.0,20.0,20.0,0.0,0.0,0.0,,within_reference_discretization_error
neuron_model_behavioral_validation,Neuraxis,development_pilot,PILOT2_PROTOCOL,Exploratory development data; second development iteration informed by Pilot 1; not independent confirmation; never pooled with the confirmatory held-out estimate,m-solver_config-e5acbde8a1,pospischil2008_fs,solver_config,"{""integrator_method"": ""eulertree""}",P02_weak_step,baseline_voltage,-69.99999237060547,-69.99999237060547,-69.9999918034872,0.0,5.671182634614524e-07,,-69.99999237060547,-69.99999237060547,-69.9999918034872,0.0,0.0,0.0,,within_reference_discretization_error
neuron_model_behavioral_validation,Neuraxis,development_pilot,PILOT2_PROTOCOL,Exploratory development data; second development iteration informed by Pilot 1; not independent confirmation; never pooled with the confirmatory held-out estimate,m-solver_config-e5acbde8a1,pospischil2008_fs,solver_config,"{""integrator_method"": ""eulertree""}",P02_weak_step,spike_count,0.0,0.0,0.0,0.0,0.0,,0.0,0.0,0.0,0.0,0.0,0.0,,within_reference_discretization_error
neuron_model_behavioral_validation,Neuraxis,development_pilot,PILOT2_PROTOCOL,Exploratory development data; second development iteration informed by Pilot 1; not independent confirmation; never pooled with the confirmatory held-out estimate,m-solver_config-e5acbde8a1,pospischil2008_fs,solver_config,"{""integrator_method"": ""eulertree""}",P02_weak_step,steady_state_voltage,-60.91402953033431,-60.91402884902938,-60.91402816772461,6.813049324705389e-07,6.813047690457097e-07,3.4605975625152414e-07,-60.91402953033431,-60.91402884902938,-60.91402816772461,0.0,0.0,0.0,0.0,within_reference_discretization_error
neuron_model_behavioral_validation,Neuraxis,development_pilot,PILOT2_PROTOCOL,Exploratory development data; second development iteration informed by Pilot 1; not independent confirmation; never pooled with the confirmatory held-out estimate,m-solver_config-e5acbde8a1,pospischil2008_fs,solver_config,"{""integrator_method"": ""eulertree""}",P02_weak_step,voltage_deflection,9.085962840271158,9.08596352157609,9.085963635762596,6.813049324705389e-07,1.1418650558425725e-07,2.5769084866280045,9.085962840271158,9.08596352157609,9.085963635762596,0.0,0.0,0.0,0.0,within_reference_discretization_error
neuron_model_behavioral_validation,Neuraxis,development_pilot,PILOT2_PROTOCOL,Exploratory development data; second development iteration informed by Pilot 1; not independent confirmation; never pooled with the confirmatory held-out estimate,m-solver_config-e5acbde8a1,pospischil2008_fs,solver_config,"{""integrator_method"": ""eulertree""}",P03_rheobase,rheobase,0.384297520661157,0.384297520661157,0.384297520661157,0.0,0.0,,0.384297520661157,0.384297520661157,0.384297520661157,0.0,0.0,0.0,,within_reference_discretization_error
neuron_model_behavioral_validation,Neuraxis,development_pilot,PILOT2_PROTOCOL,Exploratory development data; second development iteration informed by Pilot 1; not independent confirmation; never pooled with the confirmatory held-out estimate,m-solver_config-e5acbde8a1,pospischil2008_fs,solver_config,"{""integrator_method"": ""eulertree""}",P04_step_2x,adaptation_index,1.0786555637053976e-05,0.0,0.0,1.0786555637053976e-05,0.0,,1.0786555637053976e-05,0.0,0.0,0.0,0.0,0.0,0.0,within_reference_discretization_error
neuron_model_behavioral_validation,Neuraxis,development_pilot,PILOT2_PROTOCOL,Exploratory development data; second development iteration informed by Pilot 1; not independent confirmation; never pooled with the confirmatory held-out estimate,m-solver_config-e5acbde8a1,pospischil2008_fs,solver_config,"{""integrator_method"": ""eulertree""}",P04_step_2x,ahp_depth,-4.612907409655477,-4.106994628894597,-3.855921155286879,0.5059127807608803,0.25107347360771826,1.010779072913406,-4.612907409655477,-4.106994628894597,-3.855921155286879,0.0,0.0,0.0,0.0,within_reference_discretization_error
neuron_model_behavioral_validation,Neuraxis,development_pilot,PILOT2_PROTOCOL,Exploratory development data; second development iteration informed by Pilot 1; not independent confirmation; never pooled with the confirmatory held-out estimate,m-solver_config-e5acbde8a1,pospischil2008_fs,solver_config,"{""integrator_method"": ""eulertree""}",P04_step_2x,ap_amplitude,88.51488494896842,88.43542480636255,88.38439941514275,0.07946014260586765,0.051025391219795324,0.6390160439375375,88.51488494896842,88.43542480636255,88.38439941514275,0.0,0.0,0.0,0.0,within_reference_discretization_error
neuron_model_behavioral_validation,Neuraxis,development_pilot,PILOT2_PROTOCOL,Exploratory development data; second development iteration informed by Pilot 1; not independent confirmation; never pooled with the confirmatory held-out estimate,m-solver_config-e5acbde8a1,pospischil2008_fs,solver_config,"{""integrator_method"": ""eulertree""}",P04_step_2x,ap_half_width,0.5699999999994816,0.5699999999994816,0.5699999999994816,0.0,0.0,,0.5699999999994816,0.5699999999994816,0.5699999999994816,0.0,0.0,0.0,,within_reference_discretization_error
neuron_model_behavioral_validation,Neuraxis,development_pilot,PILOT2_PROTOCOL,Exploratory development data; second development iteration informed by Pilot 1; not independent confirmation; never pooled with the confirmatory held-out estimate,m-solver_config-e5acbde8a1,pospischil2008_fs,solver_config,"{""integrator_method"": ""eulertree""}",P04_step_2x,burst_count,1.0,1.0,1.0,0.0,0.0,,1.0,1.0,1.0,0.0,0.0,0.0,,within_reference_discretization_error
neuron_model_behavioral_validation,Neuraxis,development_pilot,PILOT2_PROTOCOL,Exploratory development data; second development iteration informed by Pilot 1; not independent confirmation; never pooled with the confirmatory held-out estimate,m-solver_config-e5acbde8a1,pospischil2008_fs,solver_config,"{""integrator_method"": ""eulertree""}",P04_step_2x,firing_regime,,,,,,,,,,,,,,no_change
neuron_model_behavioral_validation,Neuraxis,development_pilot,PILOT2_PROTOCOL,Exploratory development data; second development iteration informed by Pilot 1; not independent confirmation; never pooled with the confirmatory held-out estimate,m-solver_config-e5acbde8a1,pospischil2008_fs,solver_config,"{""integrator_method"": ""eulertree""}",P04_step_2x,first_isi,10.549999999990405,10.439999999990505,10.399999999990541,0.10999999999989996,0.03999999999996362,1.4594316186372973,10.549999999990405,10.439999999990505,10.399999999990541,0.0,0.0,0.0,0.0,within_reference_discretization_error
neuron_model_behavioral_validation,Neuraxis,development_pilot,PILOT2_PROTOCOL,Exploratory development data; second development iteration informed by Pilot 1; not independent confirmation; never pooled with the confirmatory held-out estimate,m-solver_config-e5acbde8a1,pospischil2008_fs,solver_config,"{""integrator_method"": ""eulertree""}",P04_step_2x,first_spike_latency,8.009999999864874,7.989999999864892,7.9699999998649105,0.01999999999998181,0.01999999999998181,0.0,8.009999999864874,7.989999999864892,7.9699999998649105,0.0,0.0,0.0,0.0,within_reference_discretization_error
neuron_model_behavioral_validation,Neuraxis,development_pilot,PILOT2_PROTOCOL,Exploratory development data; second development iteration informed by Pilot 1; not independent confirmation; never pooled with the confirmatory held-out estimate,m-solver_config-e5acbde8a1,pospischil2008_fs,solver_config,"{""integrator_method"": ""eulertree""}",P04_step_2x,last_isi,10.539999999990414,10.439999999990505,10.38999999999055,0.09999999999990905,0.049999999999954525,1.0,10.539999999990414,10.439999999990505,10.38999999999055,0.0,0.0,0.0,0.0,within_reference_discretization_error
neuron_model_behavioral_validation,Neuraxis,development_pilot,PILOT2_PROTOCOL,Exploratory development data; second development iteration informed by Pilot 1; not independent confirmation; never pooled with the confirmatory held-out estimate,m-solver_config-e5acbde8a1,pospischil2008_fs,solver_config,"{""integrator_method"": ""eulertree""}",P04_step_2x,mean_frequency,95.40435206246943,96.26762399481751,96.71374745633982,0.8632719323480842,0.44612346152230486,0.9523720616757309,95.40435206246943,96.26762399481751,96.71374745633982,0.0,0.0,0.0,0.0,within_reference_discretization_error
neuron_model_behavioral_validation,Neuraxis,development_pilot,PILOT2_PROTOCOL,Exploratory development data; second development iteration informed by Pilot 1; not independent confirmation; never pooled with the confirmatory held-out estimate,m-solver_config-e5acbde8a1,pospischil2008_fs,solver_config,"{""integrator_method"": ""eulertree""}",P04_step_2x,spike_count,47.0,48.0,48.0,1.0,0.0,,47.0,48.0,48.0,0.0,0.0,0.0,0.0,within_reference_discretization_error
neuron_model_behavioral_validation,Neuraxis,development_pilot,PILOT2_PROTOCOL,Exploratory development data; second development iteration informed by Pilot 1; not independent confirmation; never pooled with the confirmatory held-out estimate,m-solver_config-e5acbde8a1,pospischil2008_fs,solver_config,"{""integrator_method"": ""eulertree""}",P05_long_step,adaptation_index,2.5632810906290527e-06,9.022764855517059e-14,9.022763952015249e-14,2.563281000401404e-06,9.035018095631354e-21,48.01138557588973,2.5632810906290527e-06,9.022764855517059e-14,9.022763952015249e-14,0.0,0.0,0.0,0.0,within_reference_discretization_error
neuron_model_behavioral_validation,Neuraxis,development_pilot,PILOT2_PROTOCOL,Exploratory development data; second development iteration informed by Pilot 1; not independent confirmation; never pooled with the confirmatory held-out estimate,m-solver_config-e5acbde8a1,pospischil2008_fs,solver_config,"{""integrator_method"": ""eulertree""}",P05_long_step,ahp_depth,-5.324134826653506,-4.827239990238667,-4.580491816188882,0.4968948364148389,0.24674817404978455,1.0099011412052827,-5.324134826653506,-4.827239990238667,-4.580491816188882,0.0,0.0,0.0,0.0,within_reference_discretization_error
neuron_model_behavioral_validation,Neuraxis,development_pilot,PILOT2_PROTOCOL,Exploratory development data; second development iteration informed by Pilot 1; not independent confirmation; never pooled with the confirmatory held-out estimate,m-solver_config-e5acbde8a1,pospischil2008_fs,solver_config,"{""integrator_method"": ""eulertree""}",P05_long_step,ap_amplitude,87.90636062789724,87.76913070748881,87.67502594204134,0.13722992040842996,0.09410476544746871,0.5442553806625932,87.90636062789724,87.76913070748881,87.67502594204134,0.0,0.0,0.0,0.0,within_reference_discretization_error
neuron_model_behavioral_validation,Neuraxis,development_pilot,PILOT2_PROTOCOL,Exploratory development data; second development iteration informed by Pilot 1; not independent confirmation; never pooled with the confirmatory held-out estimate,m-solver_config-e5acbde8a1,pospischil2008_fs,solver_config,"{""integrator_method"": ""eulertree""}",P05_long_step,ap_half_width,0.5699999999994816,0.5699999999994816,0.5699999999994816,0.0,0.0,,0.5699999999994816,0.5699999999994816,0.5699999999994816,0.0,0.0,0.0,,within_reference_discretization_error
neuron_model_behavioral_validation,Neuraxis,development_pilot,PILOT2_PROTOCOL,Exploratory development data; second development iteration informed by Pilot 1; not independent confirmation; never pooled with the confirmatory held-out estimate,m-solver_config-e5acbde8a1,pospischil2008_fs,solver_config,"{""integrator_method"": ""eulertree""}",P05_long_step,burst_count,1.0,1.0,1.0,0.0,0.0,,1.0,1.0,1.0,0.0,0.0,0.0,,within_reference_discretization_error
neuron_model_behavioral_validation,Neuraxis,development_pilot,PILOT2_PROTOCOL,Exploratory development data; second development iteration informed by Pilot 1; not independent confirmation; never pooled with the confirmatory held-out estimate,m-solver_config-e5acbde8a1,pospischil2008_fs,solver_config,"{""integrator_method"": ""eulertree""}",P05_long_step,firing_regime,,,,,,,,,,,,,,no_change
neuron_model_behavioral_validation,Neuraxis,development_pilot,PILOT2_PROTOCOL,Exploratory development data; second development iteration informed by Pilot 1; not independent confirmation; never pooled with the confirmatory held-out estimate,m-solver_config-e5acbde8a1,pospischil2008_fs,solver_config,"{""integrator_method"": ""eulertree""}",P05_long_step,first_isi,15.599999999985812,15.489999999985912,15.419999999985976,0.10999999999989996,0.06999999999993634,0.6520766965796931,15.599999999985812,15.489999999985912,15.419999999985976,0.0,0.0,0.0,0.0,within_reference_discretization_error
neuron_model_behavioral_validation,Neuraxis,development_pilot,PILOT2_PROTOCOL,Exploratory development data; second development iteration informed by Pilot 1; not independent confirmation; never pooled with the confirmatory held-out estimate,m-solver_config-e5acbde8a1,pospischil2008_fs,solver_config,"{""integrator_method"": ""eulertree""}",P05_long_step,first_spike_latency,12.669999999860636,12.629999999860672,12.619999999860681,0.03999999999996362,0.009999999999990905,2.0,12.669999999860636,12.629999999860672,12.619999999860681,0.0,0.0,0.0,0.0,within_reference_discretization_error
neuron_model_behavioral_validation,Neuraxis,development_pilot,PILOT2_PROTOCOL,Exploratory development data; second development iteration informed by Pilot 1; not independent confirmation; never pooled with the confirmatory held-out estimate,m-solver_config-e5acbde8a1,pospischil2008_fs,solver_config,"{""integrator_method"": ""eulertree""}",P05_long_step,last_isi,15.610000000340733,15.480000000337895,15.420000000336586,0.13000000000283762,0.06000000000130967,1.1154772174199359,15.610000000340733,15.480000000337895,15.420000000336586,0.0,0.0,0.0,0.0,within_reference_discretization_error
neuron_model_behavioral_validation,Neuraxis,development_pilot,PILOT2_PROTOCOL,Exploratory development data; second development iteration informed by Pilot 1; not independent confirmation; never pooled with the confirmatory held-out estimate,m-solver_config-e5acbde8a1,pospischil2008_fs,solver_config,"{""integrator_method"": ""eulertree""}",P05_long_step,mean_frequency,64.1838868356668,64.68078278777342,64.93441121088749,0.49689595210662674,0.2536284231140655,0.970227357672889,64.1838868356668,64.68078278777342,64.93441121088749,0.0,0.0,0.0,0.0,within_reference_discretization_error
neuron_model_behavioral_validation,Neuraxis,development_pilot,PILOT2_PROTOCOL,Exploratory development data; second development iteration informed by Pilot 1; not independent confirmation; never pooled with the confirmatory held-out estimate,m-solver_config-e5acbde8a1,pospischil2008_fs,solver_config,"{""integrator_method"": ""eulertree""}",P05_long_step,spike_count,128.0,129.0,129.0,1.0,0.0,,128.0,129.0,129.0,0.0,0.0,0.0,0.0,within_reference_discretization_error
neuron_model_behavioral_validation,Neuraxis,development_pilot,PILOT2_PROTOCOL,Exploratory development data; second development iteration informed by Pilot 1; not independent confirmation; never pooled with the confirmatory held-out estimate,m-solver_config-e5acbde8a1,pospischil2008_fs,solver_config,"{""integrator_method"": ""eulertree""}",P06_ramp,firing_regime,,,,,,,,,,,,,,no_change
neuron_model_behavioral_validation,Neuraxis,development_pilot,PILOT2_PROTOCOL,Exploratory development data; second development iteration informed by Pilot 1; not independent confirmation; never pooled with the confirmatory held-out estimate,m-solver_config-e5acbde8a1,pospischil2008_fs,solver_config,"{""integrator_method"": ""eulertree""}",P06_ramp,first_spike_latency,363.4899999995416,363.43999999954167,363.4099999995417,0.049999999999954525,0.029999999999972715,0.7369655941662062,363.4899999995416,363.43999999954167,363.4099999995417,0.0,0.0,0.0,0.0,within_reference_discretization_error
neuron_model_behavioral_validation,Neuraxis,development_pilot,PILOT2_PROTOCOL,Exploratory development data; second development iteration informed by Pilot 1; not independent confirmation; never pooled with the confirmatory held-out estimate,m-solver_config-e5acbde8a1,pospischil2008_fs,solver_config,"{""integrator_method"": ""eulertree""}",P06_ramp,mean_frequency,61.0030501525709,61.23944623484154,61.35894985672516,0.23639608227063746,0.11950362188362362,0.98415178263075,61.0030501525709,61.23944623484154,61.35894985672516,0.0,0.0,0.0,0.0,within_reference_discretization_error
neuron_model_behavioral_validation,Neuraxis,development_pilot,PILOT2_PROTOCOL,Exploratory development data; second development iteration informed by Pilot 1; not independent confirmation; never pooled with the confirmatory held-out estimate,m-solver_config-e5acbde8a1,pospischil2008_fs,solver_config,"{""integrator_method"": ""eulertree""}",P06_ramp,spike_count,61.0,61.0,61.0,0.0,0.0,,61.0,61.0,61.0,0.0,0.0,0.0,,within_reference_discretization_error
neuron_model_behavioral_validation,Neuraxis,development_pilot,PILOT2_PROTOCOL,Exploratory development data; second development iteration informed by Pilot 1; not independent confirmation; never pooled with the confirmatory held-out estimate,m-solver_config-e5acbde8a1,pospischil2008_fs,solver_config,"{""integrator_method"": ""eulertree""}",P07_hyperpolarizing_step,baseline_voltage,-69.99999237060547,-69.99999237060547,-69.99999350738514,0.0,1.136779673061028e-06,,-69.99999237060547,-69.99999237060547,-69.99999350738514,0.0,0.0,0.0,,within_reference_discretization_error
neuron_model_behavioral_validation,Neuraxis,development_pilot,PILOT2_PROTOCOL,Exploratory development data; second development iteration informed by Pilot 1; not independent confirmation; never pooled with the confirmatory held-out estimate,m-solver_config-e5acbde8a1,pospischil2008_fs,solver_config,"{""integrator_method"": ""eulertree""}",P07_hyperpolarizing_step,minimum_voltage,-88.16673278808594,-88.16673278808594,-88.16673278808594,0.0,0.0,,-88.16673278808594,-88.16673278808594,-88.16673278808594,0.0,0.0,0.0,,within_reference_discretization_error
neuron_model_behavioral_validation,Neuraxis,development_pilot,PILOT2_PROTOCOL,Exploratory development data; second development iteration informed by Pilot 1; not independent confirmation; never pooled with the confirmatory held-out estimate,m-solver_config-e5acbde8a1,pospischil2008_fs,solver_config,"{""integrator_method"": ""eulertree""}",P07_hyperpolarizing_step,sag_ratio,1.5001146901516143e-07,7.500572590287792e-08,0.0,7.50057431122835e-08,7.500572590287792e-08,3.3101367873577384e-07,1.5001146901516143e-07,7.500572590287792e-08,0.0,0.0,0.0,0.0,0.0,within_reference_discretization_error
neuron_model_behavioral_validation,Neuraxis,development_pilot,PILOT2_PROTOCOL,Exploratory development data; second development iteration informed by Pilot 1; not independent confirmation; never pooled with the confirmatory held-out estimate,m-solver_config-e5acbde8a1,pospischil2008_fs,solver_config,"{""integrator_method"": ""eulertree""}",P07_hyperpolarizing_step,spike_count,0.0,0.0,0.0,0.0,0.0,,0.0,0.0,0.0,0.0,0.0,0.0,,within_reference_discretization_error
neuron_model_behavioral_validation,Neuraxis,development_pilot,PILOT2_PROTOCOL,Exploratory development data; second development iteration informed by Pilot 1; not independent confirmation; never pooled with the confirmatory held-out estimate,m-solver_config-e5acbde8a1,pospischil2008_fs,solver_config,"{""integrator_method"": ""eulertree""}",P07_hyperpolarizing_step,steady_state_voltage,-88.16673006286652,-88.16673142547639,-88.16673278808594,1.3626098649410778e-06,1.362609552302274e-06,3.310136784154312e-07,-88.16673006286652,-88.16673142547639,-88.16673278808594,0.0,0.0,0.0,0.0,within_reference_discretization_error
neuron_model_behavioral_validation,Neuraxis,development_pilot,PILOT2_PROTOCOL,Exploratory development data; second development iteration informed by Pilot 1; not independent confirmation; never pooled with the confirmatory held-out estimate,m-solver_config-e5acbde8a1,pospischil2008_fs,solver_config,"{""integrator_method"": ""eulertree""}",P07_hyperpolarizing_step,voltage_deflection,-18.16673769226105,-18.166739054870916,-18.166739280700796,1.3626098649410778e-06,2.258298792412461e-07,2.5930642718010986,-18.16673769226105,-18.166739054870916,-18.166739280700796,0.0,0.0,0.0,0.0,within_reference_discretization_error
neuron_model_behavioral_validation,Neuraxis,development_pilot,PILOT2_PROTOCOL,Exploratory development data; second development iteration informed by Pilot 1; not independent confirmation; never pooled with the confirmatory held-out estimate,m-solver_config-e5acbde8a1,pospischil2008_fs,solver_config,"{""integrator_method"": ""eulertree""}",P08_rebound,firing_regime,,,,,,,,,,,,,,no_change
neuron_model_behavioral_validation,Neuraxis,development_pilot,PILOT2_PROTOCOL,Exploratory development data; second development iteration informed by Pilot 1; not independent confirmation; never pooled with the confirmatory held-out estimate,m-solver_config-e5acbde8a1,pospischil2008_fs,solver_config,"{""integrator_method"": ""eulertree""}",P08_rebound,first_spike_latency,,,,,,,,,,,,,,no_change
neuron_model_behavioral_validation,Neuraxis,development_pilot,PILOT2_PROTOCOL,Exploratory development data; second development iteration informed by Pilot 1; not independent confirmation; never pooled with the confirmatory held-out estimate,m-solver_config-e5acbde8a1,pospischil2008_fs,solver_config,"{""integrator_method"": ""eulertree""}",P08_rebound,maximum_voltage,-69.99999237060547,-69.99999237060547,-69.99999237060547,0.0,0.0,,-69.99999237060547,-69.99999237060547,-69.99999237060547,0.0,0.0,0.0,,within_reference_discretization_error
neuron_model_behavioral_validation,Neuraxis,development_pilot,PILOT2_PROTOCOL,Exploratory development data; second development iteration informed by Pilot 1; not independent confirmation; never pooled with the confirmatory held-out estimate,m-solver_config-e5acbde8a1,pospischil2008_fs,solver_config,"{""integrator_method"": ""eulertree""}",P08_rebound,spike_count,0.0,0.0,0.0,0.0,0.0,,0.0,0.0,0.0,0.0,0.0,0.0,,within_reference_discretization_error
neuron_model_behavioral_validation,Neuraxis,development_pilot,PILOT2_PROTOCOL,Exploratory development data; second development iteration informed by Pilot 1; not independent confirmation; never pooled with the confirmatory held-out estimate,m-solver_config-e5acbde8a1,pospischil2008_fs,solver_config,"{""integrator_method"": ""eulertree""}",P09_short_pulse,ahp_depth,3.4738235474345487,4.042343139694225,4.324680417338499,0.5685195922596762,0.28233727764427385,1.0097904442429153,3.4738235474345487,4.042343139694225,4.324680417338499,0.0,0.0,0.0,0.0,within_reference_discretization_error
neuron_model_behavioral_validation,Neuraxis,development_pilot,PILOT2_PROTOCOL,Exploratory development data; second development iteration informed by Pilot 1; not independent confirmation; never pooled with the confirmatory held-out estimate,m-solver_config-e5acbde8a1,pospischil2008_fs,solver_config,"{""integrator_method"": ""eulertree""}",P09_short_pulse,ap_amplitude,118.24569702145673,118.07249069170416,117.94806671444681,0.1732063297525741,0.12442397725735077,0.4772271253416925,118.24569702145673,118.07249069170416,117.94806671444681,0.0,0.0,0.0,0.0,within_reference_discretization_error
neuron_model_behavioral_validation,Neuraxis,development_pilot,PILOT2_PROTOCOL,Exploratory development data; second development iteration informed by Pilot 1; not independent confirmation; never pooled with the confirmatory held-out estimate,m-solver_config-e5acbde8a1,pospischil2008_fs,solver_config,"{""integrator_method"": ""eulertree""}",P09_short_pulse,ap_half_width,0.7199999999993452,0.7099999999993543,0.7199999999993452,0.009999999999990905,0.009999999999990905,0.0,0.7199999999993452,0.7099999999993543,0.7199999999993452,0.0,0.0,0.0,0.0,within_reference_discretization_error
neuron_model_behavioral_validation,Neuraxis,development_pilot,PILOT2_PROTOCOL,Exploratory development data; second development iteration informed by Pilot 1; not independent confirmation; never pooled with the confirmatory held-out estimate,m-solver_config-e5acbde8a1,pospischil2008_fs,solver_config,"{""integrator_method"": ""eulertree""}",P09_short_pulse,first_spike_latency,1.6599999998706494,1.6399999998706676,1.6299999998706767,0.01999999999998181,0.009999999999990905,1.0,1.6599999998706494,1.6399999998706676,1.6299999998706767,0.0,0.0,0.0,0.0,within_reference_discretization_error
neuron_model_behavioral_validation,Neuraxis,development_pilot,PILOT2_PROTOCOL,Exploratory development data; second development iteration informed by Pilot 1; not independent confirmation; never pooled with the confirmatory held-out estimate,m-solver_config-e5acbde8a1,pospischil2008_fs,solver_config,"{""integrator_method"": ""eulertree""}",P09_short_pulse,spike_count,1.0,1.0,1.0,0.0,0.0,,1.0,1.0,1.0,0.0,0.0,0.0,,within_reference_discretization_error
neuron_model_behavioral_validation,Neuraxis,development_pilot,PILOT2_PROTOCOL,Exploratory development data; second development iteration informed by Pilot 1; not independent confirmation; never pooled with the confirmatory held-out estimate,m-recording_resolution-7e264d815f,pospischil2008_fs,recording_resolution,"{""sample_every_ms"": 0.05}",P00_canonical,adaptation_index,0.0,-1.4563884479268312e-05,-1.4571099680892916e-05,1.4563884479268312e-05,7.215201624603885e-09,10.979067871481043,7.271140841998109e-05,0.0,7.289161017566878e-05,7.271140841998109e-05,1.4563884479268312e-05,8.74627098565617e-05,4.992583436341161,exceeds_reference_discretization_error
neuron_model_behavioral_validation,Neuraxis,development_pilot,PILOT2_PROTOCOL,Exploratory development data; second development iteration informed by Pilot 1; not independent confirmation; never pooled with the confirmatory held-out estimate,m-recording_resolution-7e264d815f,pospischil2008_fs,recording_resolution,"{""sample_every_ms"": 0.05}",P00_canonical,ahp_depth,-4.832305908199814,-4.734680175792306,-4.686164855948192,0.09762573240750783,0.04851531984411395,1.0088210828180382,-4.829071044905419,-4.729637145993948,-4.681495666365166,0.0032348632943950406,0.005043029798358134,0.004669189583026423,0.033135354937898175,within_reference_discretization_error
neuron_model_behavioral_validation,Neuraxis,development_pilot,PILOT2_PROTOCOL,Exploratory development data; second development iteration informed by Pilot 1; not independent confirmation; never pooled with the confirmatory held-out estimate,m-recording_resolution-7e264d815f,pospischil2008_fs,recording_resolution,"{""sample_every_ms"": 0.05}",P00_canonical,ap_amplitude,87.45660400498362,87.36877822947855,87.44034958023312,0.08782577550506687,0.07157135075456722,0.2952622028955249,87.45660399880818,87.35825347602568,87.28485870157947,6.175440603328752e-09,0.010524753452870073,0.15549087865365152,7.031467206312886e-08,within_reference_discretization_error
neuron_model_behavioral_validation,Neuraxis,development_pilot,PILOT2_PROTOCOL,Exploratory development data; second development iteration informed by Pilot 1; not independent confirmation; never pooled with the confirmatory held-out estimate,m-recording_resolution-7e264d815f,pospischil2008_fs,recording_resolution,"{""sample_every_ms"": 0.05}",P00_canonical,ap_half_width,0.5599999999994907,0.5699999999994816,0.5599999999994907,0.009999999999990905,0.009999999999990905,0.0,0.5599999999994907,0.5699999999994816,0.5599999999994907,0.0,0.0,0.0,0.0,within_reference_discretization_error
neuron_model_behavioral_validation,Neuraxis,development_pilot,PILOT2_PROTOCOL,Exploratory development data; second development iteration informed by Pilot 1; not independent confirmation; never pooled with the confirmatory held-out estimate,m-recording_resolution-7e264d815f,pospischil2008_fs,recording_resolution,"{""sample_every_ms"": 0.05}",P00_canonical,baseline_voltage,-69.99999237060547,-69.99999237060547,-69.99999237060547,0.0,0.0,,-69.99999237060547,-69.99999237060547,-69.99999237060547,0.0,0.0,0.0,,within_reference_discretization_error
neuron_model_behavioral_validation,Neuraxis,development_pilot,PILOT2_PROTOCOL,Exploratory development data; second development iteration informed by Pilot 1; not independent confirmation; never pooled with the confirmatory held-out estimate,m-recording_resolution-7e264d815f,pospischil2008_fs,recording_resolution,"{""sample_every_ms"": 0.05}",P00_canonical,firing_regime,,,,,,,,,,,,,,no_change
neuron_model_behavioral_validation,Neuraxis,development_pilot,PILOT2_PROTOCOL,Exploratory development data; second development iteration informed by Pilot 1; not independent confirmation; never pooled with the confirmatory held-out estimate,m-recording_resolution-7e264d815f,pospischil2008_fs,recording_resolution,"{""sample_every_ms"": 0.05}",P00_canonical,first_isi,20.2299999999816,20.199999999981628,20.179999999981646,0.029999999999972715,0.01999999999998181,0.5849625007211562,20.249999999981583,20.199999999981628,20.199999999981628,0.01999999999998181,0.0,0.01999999999998181,0.6666666666666666,within_reference_discretization_error
neuron_model_behavioral_validation,Neuraxis,development_pilot,PILOT2_PROTOCOL,Exploratory development data; second development iteration informed by Pilot 1; not independent confirmation; never pooled with the confirmatory held-out estimate,m-recording_resolution-7e264d815f,pospischil2008_fs,recording_resolution,"{""sample_every_ms"": 0.05}",P00_canonical,first_spike_latency,17.199999999856516,17.189999999856525,17.189999999856525,0.009999999999990905,0.0,,17.199999999856516,17.199999999856516,17.199999999856516,0.0,0.009999999999990905,0.009999999999990905,0.0,within_reference_discretization_error
neuron_model_behavioral_validation,Neuraxis,development_pilot,PILOT2_PROTOCOL,Exploratory development data; second development iteration informed by Pilot 1; not independent confirmation; never pooled with the confirmatory held-out estimate,m-recording_resolution-7e264d815f,pospischil2008_fs,recording_resolution,"{""sample_every_ms"": 0.05}",P00_canonical,last_isi,20.21999999998161,20.189999999981637,20.179999999981646,0.029999999999972715,0.009999999999990905,1.584962500721156,20.249999999981583,20.199999999981628,20.199999999981628,0.029999999999972715,0.009999999999990905,0.01999999999998181,1.0,within_reference_discretization_error
neuron_model_behavioral_validation,Neuraxis,development_pilot,PILOT2_PROTOCOL,Exploratory development data; second development iteration informed by Pilot 1; not independent confirmation; never pooled with the confirmatory held-out estimate,m-recording_resolution-7e264d815f,pospischil2008_fs,recording_resolution,"{""sample_every_ms"": 0.05}",P00_canonical,mean_frequency,49.81568197674742,49.88153136307411,49.913898525105616,0.0658493863266898,0.03236716203150536,1.024639120677923,49.81320049819316,49.88153136307411,49.91265285756069,0.0024814785542588425,0.0,0.001245667544928608,0.03768415611267527,within_reference_discretization_error
neuron_model_behavioral_validation,Neuraxis,development_pilot,PILOT2_PROTOCOL,Exploratory development data; second development iteration informed by Pilot 1; not independent confirmation; never pooled with the confirmatory held-out estimate,m-recording_resolution-7e264d815f,pospischil2008_fs,recording_resolution,"{""sample_every_ms"": 0.05}",P00_canonical,spike_count,20.0,20.0,20.0,0.0,0.0,,20.0,20.0,20.0,0.0,0.0,0.0,,within_reference_discretization_error
neuron_model_behavioral_validation,Neuraxis,development_pilot,PILOT2_PROTOCOL,Exploratory development data; second development iteration informed by Pilot 1; not independent confirmation; never pooled with the confirmatory held-out estimate,m-recording_resolution-7e264d815f,pospischil2008_fs,recording_resolution,"{""sample_every_ms"": 0.05}",P02_weak_step,baseline_voltage,-69.99999237060547,-69.99999237060547,-69.9999918034872,0.0,5.671182634614524e-07,,-69.99999237060547,-69.99999237060547,-69.9999906692505,0.0,0.0,1.1342367116640162e-06,,within_reference_discretization_error
neuron_model_behavioral_validation,Neuraxis,development_pilot,PILOT2_PROTOCOL,Exploratory development data; second development iteration informed by Pilot 1; not independent confirmation; never pooled with the confirmatory held-out estimate,m-recording_resolution-7e264d815f,pospischil2008_fs,recording_resolution,"{""sample_every_ms"": 0.05}",P02_weak_step,spike_count,0.0,0.0,0.0,0.0,0.0,,0.0,0.0,0.0,0.0,0.0,0.0,,within_reference_discretization_error
neuron_model_behavioral_validation,Neuraxis,development_pilot,PILOT2_PROTOCOL,Exploratory development data; second development iteration informed by Pilot 1; not independent confirmation; never pooled with the confirmatory held-out estimate,m-recording_resolution-7e264d815f,pospischil2008_fs,recording_resolution,"{""sample_every_ms"": 0.05}",P02_weak_step,steady_state_voltage,-60.91402953033431,-60.91402884902938,-60.91402816772461,6.813049324705389e-07,6.813047690457097e-07,3.4605975625152414e-07,-60.91403225555412,-60.91403021163937,-60.91402816772461,2.7252198080418566e-06,1.3626099928387703e-06,0.0,4.000000114720586,exceeds_reference_discretization_error
neuron_model_behavioral_validation,Neuraxis,development_pilot,PILOT2_PROTOCOL,Exploratory development data; second development iteration informed by Pilot 1; not independent confirmation; never pooled with the confirmatory held-out estimate,m-recording_resolution-7e264d815f,pospischil2008_fs,recording_resolution,"{""sample_every_ms"": 0.05}",P02_weak_step,voltage_deflection,9.085962840271158,9.08596352157609,9.085963635762596,6.813049324705389e-07,1.1418650558425725e-07,2.5769084866280045,9.08596011505135,9.085962158966097,9.085962501525884,2.7252198080418566e-06,1.3626099928387703e-06,1.1342367116640162e-06,4.000000114720586,exceeds_reference_discretization_error
neuron_model_behavioral_validation,Neuraxis,development_pilot,PILOT2_PROTOCOL,Exploratory development data; second development iteration informed by Pilot 1; not independent confirmation; never pooled with the confirmatory held-out estimate,m-recording_resolution-7e264d815f,pospischil2008_fs,recording_resolution,"{""sample_every_ms"": 0.05}",P03_rheobase,rheobase,0.384297520661157,0.384297520661157,0.384297520661157,0.0,0.0,,0.384297520661157,0.384297520661157,0.384297520661157,0.0,0.0,0.0,,within_reference_discretization_error
neuron_model_behavioral_validation,Neuraxis,development_pilot,PILOT2_PROTOCOL,Exploratory development data; second development iteration informed by Pilot 1; not independent confirmation; never pooled with the confirmatory held-out estimate,m-recording_resolution-7e264d815f,pospischil2008_fs,recording_resolution,"{""sample_every_ms"": 0.05}",P04_step_2x,adaptation_index,1.0786555637053976e-05,0.0,0.0,1.0786555637053976e-05,0.0,,0.0,0.0,9.637352644315595e-21,1.0786555637053976e-05,0.0,9.637352644315595e-21,1.0,within_reference_discretization_error
neuron_model_behavioral_validation,Neuraxis,development_pilot,PILOT2_PROTOCOL,Exploratory development data; second development iteration informed by Pilot 1; not independent confirmation; never pooled with the confirmatory held-out estimate,m-recording_resolution-7e264d815f,pospischil2008_fs,recording_resolution,"{""sample_every_ms"": 0.05}",P04_step_2x,ahp_depth,-4.612907409655477,-4.106994628894597,-3.855921155286879,0.5059127807608803,0.25107347360771826,1.010779072913406,-4.607017516907121,-4.106994628804742,-3.855055946290591,0.005889892748356829,8.985523436422227e-11,0.0008652089962879472,0.011642110996876924,within_reference_discretization_error
neuron_model_behavioral_validation,Neuraxis,development_pilot,PILOT2_PROTOCOL,Exploratory development data; second development iteration informed by Pilot 1; not independent confirmation; never pooled with the confirmatory held-out estimate,m-recording_resolution-7e264d815f,pospischil2008_fs,recording_resolution,"{""sample_every_ms"": 0.05}",P04_step_2x,ap_amplitude,88.51488494896842,88.43542480636255,88.38439941514275,0.07946014260586765,0.051025391219795324,0.6390160439375375,88.49312590692114,88.34749984634902,87.99863051274176,0.021759042047278854,0.0879249600135239,0.38576890240099715,0.2738359299857597,within_reference_discretization_error
neuron_model_behavioral_validation,Neuraxis,development_pilot,PILOT2_PROTOCOL,Exploratory development data; second development iteration informed by Pilot 1; not independent confirmation; never pooled with the confirmatory held-out estimate,m-recording_resolution-7e264d815f,pospischil2008_fs,recording_resolution,"{""sample_every_ms"": 0.05}",P04_step_2x,ap_half_width,0.5699999999994816,0.5699999999994816,0.5699999999994816,0.0,0.0,,0.5699999999994816,0.5699999999994816,0.5699999999994816,0.0,0.0,0.0,,within_reference_discretization_error
neuron_model_behavioral_validation,Neuraxis,development_pilot,PILOT2_PROTOCOL,Exploratory development data; second development iteration informed by Pilot 1; not independent confirmation; never pooled with the confirmatory held-out estimate,m-recording_resolution-7e264d815f,pospischil2008_fs,recording_resolution,"{""sample_every_ms"": 0.05}",P04_step_2x,burst_count,1.0,1.0,1.0,0.0,0.0,,1.0,1.0,1.0,0.0,0.0,0.0,,within_reference_discretization_error
neuron_model_behavioral_validation,Neuraxis,development_pilot,PILOT2_PROTOCOL,Exploratory development data; second development iteration informed by Pilot 1; not independent confirmation; never pooled with the confirmatory held-out estimate,m-recording_resolution-7e264d815f,pospischil2008_fs,recording_resolution,"{""sample_every_ms"": 0.05}",P04_step_2x,firing_regime,,,,,,,,,,,,,,no_change
neuron_model_behavioral_validation,Neuraxis,development_pilot,PILOT2_PROTOCOL,Exploratory development data; second development iteration informed by Pilot 1; not independent confirmation; never pooled with the confirmatory held-out estimate,m-recording_resolution-7e264d815f,pospischil2008_fs,recording_resolution,"{""sample_every_ms"": 0.05}",P04_step_2x,first_isi,10.549999999990405,10.439999999990505,10.399999999990541,0.10999999999989996,0.03999999999996362,1.4594316186372973,10.549999999990405,10.449999999990496,10.399999999990541,0.0,0.009999999999990905,0.0,0.0,within_reference_discretization_error
neuron_model_behavioral_validation,Neuraxis,development_pilot,PILOT2_PROTOCOL,Exploratory development data; second development iteration informed by Pilot 1; not independent confirmation; never pooled with the confirmatory held-out estimate,m-recording_resolution-7e264d815f,pospischil2008_fs,recording_resolution,"{""sample_every_ms"": 0.05}",P04_step_2x,first_spike_latency,8.009999999864874,7.989999999864892,7.9699999998649105,0.01999999999998181,0.01999999999998181,0.0,7.999999999864883,7.999999999864883,7.949999999864929,0.009999999999990905,0.009999999999990905,0.01999999999998181,0.5,within_reference_discretization_error
neuron_model_behavioral_validation,Neuraxis,development_pilot,PILOT2_PROTOCOL,Exploratory development data; second development iteration informed by Pilot 1; not independent confirmation; never pooled with the confirmatory held-out estimate,m-recording_resolution-7e264d815f,pospischil2008_fs,recording_resolution,"{""sample_every_ms"": 0.05}",P04_step_2x,last_isi,10.539999999990414,10.439999999990505,10.38999999999055,0.09999999999990905,0.049999999999954525,1.0,10.549999999990405,10.449999999990496,10.399999999990541,0.009999999999990905,0.009999999999990905,0.009999999999990905,0.1,within_reference_discretization_error
neuron_model_behavioral_validation,Neuraxis,development_pilot,PILOT2_PROTOCOL,Exploratory development data; second development iteration informed by Pilot 1; not independent confirmation; never pooled with the confirmatory held-out estimate,m-recording_resolution-7e264d815f,pospischil2008_fs,recording_resolution,"{""sample_every_ms"": 0.05}",P04_step_2x,mean_frequency,95.40435206246943,96.26762399481751,96.71374745633982,0.8632719323480842,0.44612346152230486,0.9523720616757309,95.40241550807863,96.26955475342149,96.71569615163412,0.0019365543907952087,0.0019307586039758462,0.001948695294302638,0.002243272737395522,within_reference_discretization_error
neuron_model_behavioral_validation,Neuraxis,development_pilot,PILOT2_PROTOCOL,Exploratory development data; second development iteration informed by Pilot 1; not independent confirmation; never pooled with the confirmatory held-out estimate,m-recording_resolution-7e264d815f,pospischil2008_fs,recording_resolution,"{""sample_every_ms"": 0.05}",P04_step_2x,spike_count,47.0,48.0,48.0,1.0,0.0,,47.0,48.0,48.0,0.0,0.0,0.0,0.0,within_reference_discretization_error
neuron_model_behavioral_validation,Neuraxis,development_pilot,PILOT2_PROTOCOL,Exploratory development data; second development iteration informed by Pilot 1; not independent confirmation; never pooled with the confirmatory held-out estimate,m-recording_resolution-7e264d815f,pospischil2008_fs,recording_resolution,"{""sample_every_ms"": 0.05}",P05_long_step,adaptation_index,2.5632810906290527e-06,9.022764855517059e-14,9.022763952015249e-14,2.563281000401404e-06,9.035018095631354e-21,48.01138557588973,-1.2799999909050531e-05,-1.2821498999446152e-05,1.2863059954908145e-05,1.5363280999679585e-05,1.28214990896738e-05,1.2863059864680504e-05,5.993599998312214,exceeds_reference_discretization_error
neuron_model_behavioral_validation,Neuraxis,development_pilot,PILOT2_PROTOCOL,Exploratory development data; second development iteration informed by Pilot 1; not independent confirmation; never pooled with the confirmatory held-out estimate,m-recording_resolution-7e264d815f,pospischil2008_fs,recording_resolution,"{""sample_every_ms"": 0.05}",P05_long_step,ahp_depth,-5.324134826653506,-4.827239990238667,-4.580491816188882,0.4968948364148389,0.24674817404978455,1.0099011412052827,-5.323112487680135,-4.825698852501731,-4.574498519739976,0.0010223389733710064,0.0015411377369360935,0.005993296448906449,0.002057455418026308,within_reference_discretization_error
neuron_model_behavioral_validation,Neuraxis,development_pilot,PILOT2_PROTOCOL,Exploratory development data; second development iteration informed by Pilot 1; not independent confirmation; never pooled with the confirmatory held-out estimate,m-recording_resolution-7e264d815f,pospischil2008_fs,recording_resolution,"{""sample_every_ms"": 0.05}",P05_long_step,ap_amplitude,87.90636062789724,87.76913070748881,87.67502594204134,0.13722992040842996,0.09410476544746871,0.5442553806625932,87.65083693472911,87.7149063107212,87.64647673630647,0.2555236931681293,0.054224396767608596,0.028549205734876182,1.862011523490125,within_reference_discretization_error
neuron_model_behavioral_validation,Neuraxis,development_pilot,PILOT2_PROTOCOL,Exploratory development data; second development iteration informed by Pilot 1; not independent confirmation; never pooled with the confirmatory held-out estimate,m-recording_resolution-7e264d815f,pospischil2008_fs,recording_resolution,"{""sample_every_ms"": 0.05}",P05_long_step,ap_half_width,0.5699999999994816,0.5699999999994816,0.5699999999994816,0.0,0.0,,0.5699999999994816,0.5699999999994816,0.5699999999994816,0.0,0.0,0.0,,within_reference_discretization_error
neuron_model_behavioral_validation,Neuraxis,development_pilot,PILOT2_PROTOCOL,Exploratory development data; second development iteration informed by Pilot 1; not independent confirmation; never pooled with the confirmatory held-out estimate,m-recording_resolution-7e264d815f,pospischil2008_fs,recording_resolution,"{""sample_every_ms"": 0.05}",P05_long_step,burst_count,1.0,1.0,1.0,0.0,0.0,,1.0,1.0,1.0,0.0,0.0,0.0,,within_reference_discretization_error
neuron_model_behavioral_validation,Neuraxis,development_pilot,PILOT2_PROTOCOL,Exploratory development data; second development iteration informed by Pilot 1; not independent confirmation; never pooled with the confirmatory held-out estimate,m-recording_resolution-7e264d815f,pospischil2008_fs,recording_resolution,"{""sample_every_ms"": 0.05}",P05_long_step,firing_regime,,,,,,,,,,,,,,no_change
neuron_model_behavioral_validation,Neuraxis,development_pilot,PILOT2_PROTOCOL,Exploratory development data; second development iteration informed by Pilot 1; not independent confirmation; never pooled with the confirmatory held-out estimate,m-recording_resolution-7e264d815f,pospischil2008_fs,recording_resolution,"{""sample_every_ms"": 0.05}",P05_long_step,first_isi,15.599999999985812,15.489999999985912,15.419999999985976,0.10999999999989996,0.06999999999993634,0.6520766965796931,15.599999999985812,15.449999999985948,15.449999999985948,0.0,0.03999999999996362,0.029999999999972715,0.0,within_reference_discretization_error
neuron_model_behavioral_validation,Neuraxis,development_pilot,PILOT2_PROTOCOL,Exploratory development data; second development iteration informed by Pilot 1; not independent confirmation; never pooled with the confirmatory held-out estimate,m-recording_resolution-7e264d815f,pospischil2008_fs,recording_resolution,"{""sample_every_ms"": 0.05}",P05_long_step,first_spike_latency,12.669999999860636,12.629999999860672,12.619999999860681,0.03999999999996362,0.009999999999990905,2.0,12.649999999860654,12.649999999860654,12.5999999998607,0.01999999999998181,0.01999999999998181,0.01999999999998181,0.5,within_reference_discretization_error
neuron_model_behavioral_validation,Neuraxis,development_pilot,PILOT2_PROTOCOL,Exploratory development data; second development iteration informed by Pilot 1; not independent confirmation; never pooled with the confirmatory held-out estimate,m-recording_resolution-7e264d815f,pospischil2008_fs,recording_resolution,"{""sample_every_ms"": 0.05}",P05_long_step,last_isi,15.610000000340733,15.480000000337895,15.420000000336586,0.13000000000283762,0.06000000000130967,1.1154772174199359,15.600000000340515,15.45000000033724,15.45000000033724,0.010000000000218279,0.030000000000654836,0.030000000000654836,0.07692307692307693,within_reference_discretization_error
neuron_model_behavioral_validation,Neuraxis,development_pilot,PILOT2_PROTOCOL,Exploratory development data; second development iteration informed by Pilot 1; not independent confirmation; never pooled with the confirmatory held-out estimate,m-recording_resolution-7e264d815f,pospischil2008_fs,recording_resolution,"{""sample_every_ms"": 0.05}",P05_long_step,mean_frequency,64.1838868356668,64.68078278777342,64.93441121088749,0.49689595210662674,0.2536284231140655,0.970227357672889,64.1845305251424,64.68110709976094,64.93343064947186,0.0006436894756092215,0.0003243119875122602,0.000980561415630632,0.0012954210491758946,within_reference_discretization_error
neuron_model_behavioral_validation,Neuraxis,development_pilot,PILOT2_PROTOCOL,Exploratory development data; second development iteration informed by Pilot 1; not independent confirmation; never pooled with the confirmatory held-out estimate,m-recording_resolution-7e264d815f,pospischil2008_fs,recording_resolution,"{""sample_every_ms"": 0.05}",P05_long_step,spike_count,128.0,129.0,129.0,1.0,0.0,,128.0,129.0,129.0,0.0,0.0,0.0,0.0,within_reference_discretization_error
neuron_model_behavioral_validation,Neuraxis,development_pilot,PILOT2_PROTOCOL,Exploratory development data; second development iteration informed by Pilot 1; not independent confirmation; never pooled with the confirmatory held-out estimate,m-recording_resolution-7e264d815f,pospischil2008_fs,recording_resolution,"{""sample_every_ms"": 0.05}",P06_ramp,firing_regime,,,,,,,,,,,,,,no_change
neuron_model_behavioral_validation,Neuraxis,development_pilot,PILOT2_PROTOCOL,Exploratory development data; second development iteration informed by Pilot 1; not independent confirmation; never pooled with the confirmatory held-out estimate,m-recording_resolution-7e264d815f,pospischil2008_fs,recording_resolution,"{""sample_every_ms"": 0.05}",P06_ramp,first_spike_latency,363.4899999995416,363.43999999954167,363.4099999995417,0.049999999999954525,0.029999999999972715,0.7369655941662062,363.4999999995416,363.44999999954166,363.3999999995417,0.009999999999990905,0.009999999999990905,0.009999999999990905,0.2,within_reference_discretization_error
neuron_model_behavioral_validation,Neuraxis,development_pilot,PILOT2_PROTOCOL,Exploratory development data; second development iteration informed by Pilot 1; not independent confirmation; never pooled with the confirmatory held-out estimate,m-recording_resolution-7e264d815f,pospischil2008_fs,recording_resolution,"{""sample_every_ms"": 0.05}",P06_ramp,mean_frequency,61.0030501525709,61.23944623484154,61.35894985672516,0.23639608227063746,0.11950362188362362,0.98415178263075,61.0030501525709,61.23883144268979,61.35894985672516,0.0,0.0006147921517438704,0.0,0.0,within_reference_discretization_error
neuron_model_behavioral_validation,Neuraxis,development_pilot,PILOT2_PROTOCOL,Exploratory development data; second development iteration informed by Pilot 1; not independent confirmation; never pooled with the confirmatory held-out estimate,m-recording_resolution-7e264d815f,pospischil2008_fs,recording_resolution,"{""sample_every_ms"": 0.05}",P06_ramp,spike_count,61.0,61.0,61.0,0.0,0.0,,61.0,61.0,61.0,0.0,0.0,0.0,,within_reference_discretization_error
neuron_model_behavioral_validation,Neuraxis,development_pilot,PILOT2_PROTOCOL,Exploratory development data; second development iteration informed by Pilot 1; not independent confirmation; never pooled with the confirmatory held-out estimate,m-recording_resolution-7e264d815f,pospischil2008_fs,recording_resolution,"{""sample_every_ms"": 0.05}",P07_hyperpolarizing_step,baseline_voltage,-69.99999237060547,-69.99999237060547,-69.99999350738514,0.0,1.136779673061028e-06,,-69.99999237060547,-69.99999237060547,-69.99999578094481,0.0,0.0,2.2735596729717145e-06,,within_reference_discretization_error
neuron_model_behavioral_validation,Neuraxis,development_pilot,PILOT2_PROTOCOL,Exploratory development data; second development iteration informed by Pilot 1; not independent confirmation; never pooled with the confirmatory held-out estimate,m-recording_resolution-7e264d815f,pospischil2008_fs,recording_resolution,"{""sample_every_ms"": 0.05}",P07_hyperpolarizing_step,minimum_voltage,-88.16673278808594,-88.16673278808594,-88.16673278808594,0.0,0.0,,-88.16673278808594,-88.16673278808594,-88.16673278808594,0.0,0.0,0.0,,within_reference_discretization_error
neuron_model_behavioral_validation,Neuraxis,development_pilot,PILOT2_PROTOCOL,Exploratory development data; second development iteration informed by Pilot 1; not independent confirmation; never pooled with the confirmatory held-out estimate,m-recording_resolution-7e264d815f,pospischil2008_fs,recording_resolution,"{""sample_every_ms"": 0.05}",P07_hyperpolarizing_step,sag_ratio,1.5001146901516143e-07,7.500572590287792e-08,0.0,7.50057431122835e-08,7.500572590287792e-08,3.3101367873577384e-07,4.500344492867525e-07,2.2501722464337624e-07,0.0,3.000229802715911e-07,1.5001149874049832e-07,0.0,4.000000104291441,exceeds_reference_discretization_error
neuron_model_behavioral_validation,Neuraxis,development_pilot,PILOT2_PROTOCOL,Exploratory development data; second development iteration informed by Pilot 1; not independent confirmation; never pooled with the confirmatory held-out estimate,m-recording_resolution-7e264d815f,pospischil2008_fs,recording_resolution,"{""sample_every_ms"": 0.05}",P07_hyperpolarizing_step,spike_count,0.0,0.0,0.0,0.0,0.0,,0.0,0.0,0.0,0.0,0.0,0.0,,within_reference_discretization_error
neuron_model_behavioral_validation,Neuraxis,development_pilot,PILOT2_PROTOCOL,Exploratory development data; second development iteration informed by Pilot 1; not independent confirmation; never pooled with the confirmatory held-out estimate,m-recording_resolution-7e264d815f,pospischil2008_fs,recording_resolution,"{""sample_every_ms"": 0.05}",P07_hyperpolarizing_step,steady_state_voltage,-88.16673006286652,-88.16673142547639,-88.16673278808594,1.3626098649410778e-06,1.362609552302274e-06,3.310136784154312e-07,-88.16672461242692,-88.16672870025643,-88.16673278808594,5.4504396018728585e-06,2.725219957255831e-06,0.0,4.000000104291441,exceeds_reference_discretization_error
neuron_model_behavioral_validation,Neuraxis,development_pilot,PILOT2_PROTOCOL,Exploratory development data; second development iteration informed by Pilot 1; not independent confirmation; never pooled with the confirmatory held-out estimate,m-recording_resolution-7e264d815f,pospischil2008_fs,recording_resolution,"{""sample_every_ms"": 0.05}",P07_hyperpolarizing_step,voltage_deflection,-18.16673769226105,-18.166739054870916,-18.166739280700796,1.3626098649410778e-06,2.258298792412461e-07,2.5930642718010986,-18.16673224182145,-18.16673632965096,-18.166737007141123,5.4504396018728585e-06,2.725219957255831e-06,2.2735596729717145e-06,4.000000104291441,exceeds_reference_discretization_error
neuron_model_behavioral_validation,Neuraxis,development_pilot,PILOT2_PROTOCOL,Exploratory development data; second development iteration informed by Pilot 1; not independent confirmation; never pooled with the confirmatory held-out estimate,m-recording_resolution-7e264d815f,pospischil2008_fs,recording_resolution,"{""sample_every_ms"": 0.05}",P08_rebound,firing_regime,,,,,,,,,,,,,,no_change
neuron_model_behavioral_validation,Neuraxis,development_pilot,PILOT2_PROTOCOL,Exploratory development data; second development iteration informed by Pilot 1; not independent confirmation; never pooled with the confirmatory held-out estimate,m-recording_resolution-7e264d815f,pospischil2008_fs,recording_resolution,"{""sample_every_ms"": 0.05}",P08_rebound,first_spike_latency,,,,,,,,,,,,,,no_change
neuron_model_behavioral_validation,Neuraxis,development_pilot,PILOT2_PROTOCOL,Exploratory development data; second development iteration informed by Pilot 1; not independent confirmation; never pooled with the confirmatory held-out estimate,m-recording_resolution-7e264d815f,pospischil2008_fs,recording_resolution,"{""sample_every_ms"": 0.05}",P08_rebound,maximum_voltage,-69.99999237060547,-69.99999237060547,-69.99999237060547,0.0,0.0,,-69.99999237060547,-69.99999237060547,-69.99999237060547,0.0,0.0,0.0,,within_reference_discretization_error
neuron_model_behavioral_validation,Neuraxis,development_pilot,PILOT2_PROTOCOL,Exploratory development data; second development iteration informed by Pilot 1; not independent confirmation; never pooled with the confirmatory held-out estimate,m-recording_resolution-7e264d815f,pospischil2008_fs,recording_resolution,"{""sample_every_ms"": 0.05}",P08_rebound,spike_count,0.0,0.0,0.0,0.0,0.0,,0.0,0.0,0.0,0.0,0.0,0.0,,within_reference_discretization_error
neuron_model_behavioral_validation,Neuraxis,development_pilot,PILOT2_PROTOCOL,Exploratory development data; second development iteration informed by Pilot 1; not independent confirmation; never pooled with the confirmatory held-out estimate,m-recording_resolution-7e264d815f,pospischil2008_fs,recording_resolution,"{""sample_every_ms"": 0.05}",P09_short_pulse,ahp_depth,3.4738235474345487,4.042343139694225,4.324680417338499,0.5685195922596762,0.28233727764427385,1.0097904442429153,3.475280761953485,4.055274963474957,4.349048881545201,0.0014572145189362118,0.012931823780732543,0.024368464206702356,0.002563173791679314,within_reference_discretization_error
neuron_model_behavioral_validation,Neuraxis,development_pilot,PILOT2_PROTOCOL,Exploratory development data; second development iteration informed by Pilot 1; not independent confirmation; never pooled with the confirmatory held-out estimate,m-recording_resolution-7e264d815f,pospischil2008_fs,recording_resolution,"{""sample_every_ms"": 0.05}",P09_short_pulse,ap_amplitude,118.24569702145673,118.07249069170416,117.94806671444681,0.1732063297525741,0.12442397725735077,0.4772271253416925,118.22011565582424,118.04942321508472,117.83332824588541,0.02558136563249036,0.023067476619445415,0.11473846856139858,0.14769301831540127,within_reference_discretization_error
neuron_model_behavioral_validation,Neuraxis,development_pilot,PILOT2_PROTOCOL,Exploratory development data; second development iteration informed by Pilot 1; not independent confirmation; never pooled with the confirmatory held-out estimate,m-recording_resolution-7e264d815f,pospischil2008_fs,recording_resolution,"{""sample_every_ms"": 0.05}",P09_short_pulse,ap_half_width,0.7199999999993452,0.7099999999993543,0.7199999999993452,0.009999999999990905,0.009999999999990905,0.0,0.7199999999993452,0.7099999999993543,0.7199999999993452,0.0,0.0,0.0,0.0,within_reference_discretization_error
neuron_model_behavioral_validation,Neuraxis,development_pilot,PILOT2_PROTOCOL,Exploratory development data; second development iteration informed by Pilot 1; not independent confirmation; never pooled with the confirmatory held-out estimate,m-recording_resolution-7e264d815f,pospischil2008_fs,recording_resolution,"{""sample_every_ms"": 0.05}",P09_short_pulse,first_spike_latency,1.6599999998706494,1.6399999998706676,1.6299999998706767,0.01999999999998181,0.009999999999990905,1.0,1.6499999998706585,1.6499999998706585,1.6499999998706585,0.009999999999990905,0.009999999999990905,0.01999999999998181,0.5,within_reference_discretization_error
neuron_model_behavioral_validation,Neuraxis,development_pilot,PILOT2_PROTOCOL,Exploratory development data; second development iteration informed by Pilot 1; not independent confirmation; never pooled with the confirmatory held-out estimate,m-recording_resolution-7e264d815f,pospischil2008_fs,recording_resolution,"{""sample_every_ms"": 0.05}",P09_short_pulse,spike_count,1.0,1.0,1.0,0.0,0.0,,1.0,1.0,1.0,0.0,0.0,0.0,,within_reference_discretization_error
