model_id,variant_id,protocol_id,refinement_level,planned,validation_levels
acnet2_pyr_soma,m-scale_conductance-44150b501c,P00_canonical,h,always,"B,C"
acnet2_pyr_soma,m-scale_conductance-44150b501c,P00_canonical,h/2,if detected at h,"B,C"
acnet2_pyr_soma,m-scale_conductance-44150b501c,P00_canonical,h/4,if an apparent canonical survivor,"B,C"
acnet2_pyr_soma,m-scale_conductance-44150b501c,P02_weak_step,h,always,"D,E"
acnet2_pyr_soma,m-scale_conductance-44150b501c,P02_weak_step,h/2,if detected at h,"D,E"
acnet2_pyr_soma,m-scale_conductance-44150b501c,P02_weak_step,h/4,if an apparent canonical survivor,"D,E"
acnet2_pyr_soma,m-scale_conductance-44150b501c,P03_rheobase,h,always,"D,E"
acnet2_pyr_soma,m-scale_conductance-44150b501c,P03_rheobase,h/2,if detected at h,"D,E"
acnet2_pyr_soma,m-scale_conductance-44150b501c,P03_rheobase,h/4,if an apparent canonical survivor,"D,E"
acnet2_pyr_soma,m-scale_conductance-44150b501c,P04_step_2x,h,always,"D,E"
acnet2_pyr_soma,m-scale_conductance-44150b501c,P04_step_2x,h/2,if detected at h,"D,E"
acnet2_pyr_soma,m-scale_conductance-44150b501c,P04_step_2x,h/4,if an apparent canonical survivor,"D,E"
acnet2_pyr_soma,m-scale_conductance-44150b501c,P05_long_step,h,always,"D,E"
acnet2_pyr_soma,m-scale_conductance-44150b501c,P05_long_step,h/2,if detected at h,"D,E"
acnet2_pyr_soma,m-scale_conductance-44150b501c,P05_long_step,h/4,if an apparent canonical survivor,"D,E"
acnet2_pyr_soma,m-scale_conductance-44150b501c,P06_ramp,h,always,"D,E"
acnet2_pyr_soma,m-scale_conductance-44150b501c,P06_ramp,h/2,if detected at h,"D,E"
acnet2_pyr_soma,m-scale_conductance-44150b501c,P06_ramp,h/4,if an apparent canonical survivor,"D,E"
acnet2_pyr_soma,m-scale_conductance-44150b501c,P07_hyperpolarizing_step,h,always,"D,E"
acnet2_pyr_soma,m-scale_conductance-44150b501c,P07_hyperpolarizing_step,h/2,if detected at h,"D,E"
acnet2_pyr_soma,m-scale_conductance-44150b501c,P07_hyperpolarizing_step,h/4,if an apparent canonical survivor,"D,E"
acnet2_pyr_soma,m-scale_conductance-44150b501c,P08_rebound,h,always,"D,E"
acnet2_pyr_soma,m-scale_conductance-44150b501c,P08_rebound,h/2,if detected at h,"D,E"
acnet2_pyr_soma,m-scale_conductance-44150b501c,P08_rebound,h/4,if an apparent canonical survivor,"D,E"
acnet2_pyr_soma,m-scale_conductance-44150b501c,P09_short_pulse,h,always,"D,E"
acnet2_pyr_soma,m-scale_conductance-44150b501c,P09_short_pulse,h/2,if detected at h,"D,E"
acnet2_pyr_soma,m-scale_conductance-44150b501c,P09_short_pulse,h/4,if an apparent canonical survivor,"D,E"
acnet2_pyr_soma,m-scale_conductance-15a5694767,P00_canonical,h,always,"B,C"
acnet2_pyr_soma,m-scale_conductance-15a5694767,P00_canonical,h/2,if detected at h,"B,C"
acnet2_pyr_soma,m-scale_conductance-15a5694767,P00_canonical,h/4,if an apparent canonical survivor,"B,C"
acnet2_pyr_soma,m-scale_conductance-15a5694767,P02_weak_step,h,always,"D,E"
acnet2_pyr_soma,m-scale_conductance-15a5694767,P02_weak_step,h/2,if detected at h,"D,E"
acnet2_pyr_soma,m-scale_conductance-15a5694767,P02_weak_step,h/4,if an apparent canonical survivor,"D,E"
acnet2_pyr_soma,m-scale_conductance-15a5694767,P03_rheobase,h,always,"D,E"
acnet2_pyr_soma,m-scale_conductance-15a5694767,P03_rheobase,h/2,if detected at h,"D,E"
acnet2_pyr_soma,m-scale_conductance-15a5694767,P03_rheobase,h/4,if an apparent canonical survivor,"D,E"
acnet2_pyr_soma,m-scale_conductance-15a5694767,P04_step_2x,h,always,"D,E"
acnet2_pyr_soma,m-scale_conductance-15a5694767,P04_step_2x,h/2,if detected at h,"D,E"
acnet2_pyr_soma,m-scale_conductance-15a5694767,P04_step_2x,h/4,if an apparent canonical survivor,"D,E"
acnet2_pyr_soma,m-scale_conductance-15a5694767,P05_long_step,h,always,"D,E"
acnet2_pyr_soma,m-scale_conductance-15a5694767,P05_long_step,h/2,if detected at h,"D,E"
acnet2_pyr_soma,m-scale_conductance-15a5694767,P05_long_step,h/4,if an apparent canonical survivor,"D,E"
acnet2_pyr_soma,m-scale_conductance-15a5694767,P06_ramp,h,always,"D,E"
acnet2_pyr_soma,m-scale_conductance-15a5694767,P06_ramp,h/2,if detected at h,"D,E"
acnet2_pyr_soma,m-scale_conductance-15a5694767,P06_ramp,h/4,if an apparent canonical survivor,"D,E"
acnet2_pyr_soma,m-scale_conductance-15a5694767,P07_hyperpolarizing_step,h,always,"D,E"
acnet2_pyr_soma,m-scale_conductance-15a5694767,P07_hyperpolarizing_step,h/2,if detected at h,"D,E"
acnet2_pyr_soma,m-scale_conductance-15a5694767,P07_hyperpolarizing_step,h/4,if an apparent canonical survivor,"D,E"
acnet2_pyr_soma,m-scale_conductance-15a5694767,P08_rebound,h,always,"D,E"
acnet2_pyr_soma,m-scale_conductance-15a5694767,P08_rebound,h/2,if detected at h,"D,E"
acnet2_pyr_soma,m-scale_conductance-15a5694767,P08_rebound,h/4,if an apparent canonical survivor,"D,E"
acnet2_pyr_soma,m-scale_conductance-15a5694767,P09_short_pulse,h,always,"D,E"
acnet2_pyr_soma,m-scale_conductance-15a5694767,P09_short_pulse,h/2,if detected at h,"D,E"
acnet2_pyr_soma,m-scale_conductance-15a5694767,P09_short_pulse,h/4,if an apparent canonical survivor,"D,E"
acnet2_pyr_soma,m-scale_conductance-2ed5496dc2,P00_canonical,h,always,"B,C"
acnet2_pyr_soma,m-scale_conductance-2ed5496dc2,P00_canonical,h/2,if detected at h,"B,C"
acnet2_pyr_soma,m-scale_conductance-2ed5496dc2,P00_canonical,h/4,if an apparent canonical survivor,"B,C"
acnet2_pyr_soma,m-scale_conductance-2ed5496dc2,P02_weak_step,h,always,"D,E"
acnet2_pyr_soma,m-scale_conductance-2ed5496dc2,P02_weak_step,h/2,if detected at h,"D,E"
acnet2_pyr_soma,m-scale_conductance-2ed5496dc2,P02_weak_step,h/4,if an apparent canonical survivor,"D,E"
acnet2_pyr_soma,m-scale_conductance-2ed5496dc2,P03_rheobase,h,always,"D,E"
acnet2_pyr_soma,m-scale_conductance-2ed5496dc2,P03_rheobase,h/2,if detected at h,"D,E"
acnet2_pyr_soma,m-scale_conductance-2ed5496dc2,P03_rheobase,h/4,if an apparent canonical survivor,"D,E"
acnet2_pyr_soma,m-scale_conductance-2ed5496dc2,P04_step_2x,h,always,"D,E"
acnet2_pyr_soma,m-scale_conductance-2ed5496dc2,P04_step_2x,h/2,if detected at h,"D,E"
acnet2_pyr_soma,m-scale_conductance-2ed5496dc2,P04_step_2x,h/4,if an apparent canonical survivor,"D,E"
acnet2_pyr_soma,m-scale_conductance-2ed5496dc2,P05_long_step,h,always,"D,E"
acnet2_pyr_soma,m-scale_conductance-2ed5496dc2,P05_long_step,h/2,if detected at h,"D,E"
acnet2_pyr_soma,m-scale_conductance-2ed5496dc2,P05_long_step,h/4,if an apparent canonical survivor,"D,E"
acnet2_pyr_soma,m-scale_conductance-2ed5496dc2,P06_ramp,h,always,"D,E"
acnet2_pyr_soma,m-scale_conductance-2ed5496dc2,P06_ramp,h/2,if detected at h,"D,E"
acnet2_pyr_soma,m-scale_conductance-2ed5496dc2,P06_ramp,h/4,if an apparent canonical survivor,"D,E"
acnet2_pyr_soma,m-scale_conductance-2ed5496dc2,P07_hyperpolarizing_step,h,always,"D,E"
acnet2_pyr_soma,m-scale_conductance-2ed5496dc2,P07_hyperpolarizing_step,h/2,if detected at h,"D,E"
acnet2_pyr_soma,m-scale_conductance-2ed5496dc2,P07_hyperpolarizing_step,h/4,if an apparent canonical survivor,"D,E"
acnet2_pyr_soma,m-scale_conductance-2ed5496dc2,P08_rebound,h,always,"D,E"
acnet2_pyr_soma,m-scale_conductance-2ed5496dc2,P08_rebound,h/2,if detected at h,"D,E"
acnet2_pyr_soma,m-scale_conductance-2ed5496dc2,P08_rebound,h/4,if an apparent canonical survivor,"D,E"
acnet2_pyr_soma,m-scale_conductance-2ed5496dc2,P09_short_pulse,h,always,"D,E"
acnet2_pyr_soma,m-scale_conductance-2ed5496dc2,P09_short_pulse,h/2,if detected at h,"D,E"
acnet2_pyr_soma,m-scale_conductance-2ed5496dc2,P09_short_pulse,h/4,if an apparent canonical survivor,"D,E"
acnet2_pyr_soma,m-scale_conductance-2dc7e425d7,P00_canonical,h,always,"B,C"
acnet2_pyr_soma,m-scale_conductance-2dc7e425d7,P00_canonical,h/2,if detected at h,"B,C"
acnet2_pyr_soma,m-scale_conductance-2dc7e425d7,P00_canonical,h/4,if an apparent canonical survivor,"B,C"
acnet2_pyr_soma,m-scale_conductance-2dc7e425d7,P02_weak_step,h,always,"D,E"
acnet2_pyr_soma,m-scale_conductance-2dc7e425d7,P02_weak_step,h/2,if detected at h,"D,E"
acnet2_pyr_soma,m-scale_conductance-2dc7e425d7,P02_weak_step,h/4,if an apparent canonical survivor,"D,E"
acnet2_pyr_soma,m-scale_conductance-2dc7e425d7,P03_rheobase,h,always,"D,E"
acnet2_pyr_soma,m-scale_conductance-2dc7e425d7,P03_rheobase,h/2,if detected at h,"D,E"
acnet2_pyr_soma,m-scale_conductance-2dc7e425d7,P03_rheobase,h/4,if an apparent canonical survivor,"D,E"
acnet2_pyr_soma,m-scale_conductance-2dc7e425d7,P04_step_2x,h,always,"D,E"
acnet2_pyr_soma,m-scale_conductance-2dc7e425d7,P04_step_2x,h/2,if detected at h,"D,E"
acnet2_pyr_soma,m-scale_conductance-2dc7e425d7,P04_step_2x,h/4,if an apparent canonical survivor,"D,E"
acnet2_pyr_soma,m-scale_conductance-2dc7e425d7,P05_long_step,h,always,"D,E"
acnet2_pyr_soma,m-scale_conductance-2dc7e425d7,P05_long_step,h/2,if detected at h,"D,E"
acnet2_pyr_soma,m-scale_conductance-2dc7e425d7,P05_long_step,h/4,if an apparent canonical survivor,"D,E"
acnet2_pyr_soma,m-scale_conductance-2dc7e425d7,P06_ramp,h,always,"D,E"
acnet2_pyr_soma,m-scale_conductance-2dc7e425d7,P06_ramp,h/2,if detected at h,"D,E"
acnet2_pyr_soma,m-scale_conductance-2dc7e425d7,P06_ramp,h/4,if an apparent canonical survivor,"D,E"
acnet2_pyr_soma,m-scale_conductance-2dc7e425d7,P07_hyperpolarizing_step,h,always,"D,E"
acnet2_pyr_soma,m-scale_conductance-2dc7e425d7,P07_hyperpolarizing_step,h/2,if detected at h,"D,E"
acnet2_pyr_soma,m-scale_conductance-2dc7e425d7,P07_hyperpolarizing_step,h/4,if an apparent canonical survivor,"D,E"
acnet2_pyr_soma,m-scale_conductance-2dc7e425d7,P08_rebound,h,always,"D,E"
acnet2_pyr_soma,m-scale_conductance-2dc7e425d7,P08_rebound,h/2,if detected at h,"D,E"
acnet2_pyr_soma,m-scale_conductance-2dc7e425d7,P08_rebound,h/4,if an apparent canonical survivor,"D,E"
acnet2_pyr_soma,m-scale_conductance-2dc7e425d7,P09_short_pulse,h,always,"D,E"
acnet2_pyr_soma,m-scale_conductance-2dc7e425d7,P09_short_pulse,h/2,if detected at h,"D,E"
acnet2_pyr_soma,m-scale_conductance-2dc7e425d7,P09_short_pulse,h/4,if an apparent canonical survivor,"D,E"
acnet2_pyr_soma,m-shift_reversal-3400b10721,P00_canonical,h,always,"B,C"
acnet2_pyr_soma,m-shift_reversal-3400b10721,P00_canonical,h/2,if detected at h,"B,C"
acnet2_pyr_soma,m-shift_reversal-3400b10721,P00_canonical,h/4,if an apparent canonical survivor,"B,C"
acnet2_pyr_soma,m-shift_reversal-3400b10721,P02_weak_step,h,always,"D,E"
acnet2_pyr_soma,m-shift_reversal-3400b10721,P02_weak_step,h/2,if detected at h,"D,E"
acnet2_pyr_soma,m-shift_reversal-3400b10721,P02_weak_step,h/4,if an apparent canonical survivor,"D,E"
acnet2_pyr_soma,m-shift_reversal-3400b10721,P03_rheobase,h,always,"D,E"
acnet2_pyr_soma,m-shift_reversal-3400b10721,P03_rheobase,h/2,if detected at h,"D,E"
acnet2_pyr_soma,m-shift_reversal-3400b10721,P03_rheobase,h/4,if an apparent canonical survivor,"D,E"
acnet2_pyr_soma,m-shift_reversal-3400b10721,P04_step_2x,h,always,"D,E"
acnet2_pyr_soma,m-shift_reversal-3400b10721,P04_step_2x,h/2,if detected at h,"D,E"
acnet2_pyr_soma,m-shift_reversal-3400b10721,P04_step_2x,h/4,if an apparent canonical survivor,"D,E"
acnet2_pyr_soma,m-shift_reversal-3400b10721,P05_long_step,h,always,"D,E"
acnet2_pyr_soma,m-shift_reversal-3400b10721,P05_long_step,h/2,if detected at h,"D,E"
acnet2_pyr_soma,m-shift_reversal-3400b10721,P05_long_step,h/4,if an apparent canonical survivor,"D,E"
acnet2_pyr_soma,m-shift_reversal-3400b10721,P06_ramp,h,always,"D,E"
acnet2_pyr_soma,m-shift_reversal-3400b10721,P06_ramp,h/2,if detected at h,"D,E"
acnet2_pyr_soma,m-shift_reversal-3400b10721,P06_ramp,h/4,if an apparent canonical survivor,"D,E"
acnet2_pyr_soma,m-shift_reversal-3400b10721,P07_hyperpolarizing_step,h,always,"D,E"
acnet2_pyr_soma,m-shift_reversal-3400b10721,P07_hyperpolarizing_step,h/2,if detected at h,"D,E"
acnet2_pyr_soma,m-shift_reversal-3400b10721,P07_hyperpolarizing_step,h/4,if an apparent canonical survivor,"D,E"
acnet2_pyr_soma,m-shift_reversal-3400b10721,P08_rebound,h,always,"D,E"
acnet2_pyr_soma,m-shift_reversal-3400b10721,P08_rebound,h/2,if detected at h,"D,E"
acnet2_pyr_soma,m-shift_reversal-3400b10721,P08_rebound,h/4,if an apparent canonical survivor,"D,E"
acnet2_pyr_soma,m-shift_reversal-3400b10721,P09_short_pulse,h,always,"D,E"
acnet2_pyr_soma,m-shift_reversal-3400b10721,P09_short_pulse,h/2,if detected at h,"D,E"
acnet2_pyr_soma,m-shift_reversal-3400b10721,P09_short_pulse,h/4,if an apparent canonical survivor,"D,E"
acnet2_pyr_soma,m-shift_reversal-2c628fb0f6,P00_canonical,h,always,"B,C"
acnet2_pyr_soma,m-shift_reversal-2c628fb0f6,P00_canonical,h/2,if detected at h,"B,C"
acnet2_pyr_soma,m-shift_reversal-2c628fb0f6,P00_canonical,h/4,if an apparent canonical survivor,"B,C"
acnet2_pyr_soma,m-shift_reversal-2c628fb0f6,P02_weak_step,h,always,"D,E"
acnet2_pyr_soma,m-shift_reversal-2c628fb0f6,P02_weak_step,h/2,if detected at h,"D,E"
acnet2_pyr_soma,m-shift_reversal-2c628fb0f6,P02_weak_step,h/4,if an apparent canonical survivor,"D,E"
acnet2_pyr_soma,m-shift_reversal-2c628fb0f6,P03_rheobase,h,always,"D,E"
acnet2_pyr_soma,m-shift_reversal-2c628fb0f6,P03_rheobase,h/2,if detected at h,"D,E"
acnet2_pyr_soma,m-shift_reversal-2c628fb0f6,P03_rheobase,h/4,if an apparent canonical survivor,"D,E"
acnet2_pyr_soma,m-shift_reversal-2c628fb0f6,P04_step_2x,h,always,"D,E"
acnet2_pyr_soma,m-shift_reversal-2c628fb0f6,P04_step_2x,h/2,if detected at h,"D,E"
acnet2_pyr_soma,m-shift_reversal-2c628fb0f6,P04_step_2x,h/4,if an apparent canonical survivor,"D,E"
acnet2_pyr_soma,m-shift_reversal-2c628fb0f6,P05_long_step,h,always,"D,E"
acnet2_pyr_soma,m-shift_reversal-2c628fb0f6,P05_long_step,h/2,if detected at h,"D,E"
acnet2_pyr_soma,m-shift_reversal-2c628fb0f6,P05_long_step,h/4,if an apparent canonical survivor,"D,E"
acnet2_pyr_soma,m-shift_reversal-2c628fb0f6,P06_ramp,h,always,"D,E"
acnet2_pyr_soma,m-shift_reversal-2c628fb0f6,P06_ramp,h/2,if detected at h,"D,E"
acnet2_pyr_soma,m-shift_reversal-2c628fb0f6,P06_ramp,h/4,if an apparent canonical survivor,"D,E"
acnet2_pyr_soma,m-shift_reversal-2c628fb0f6,P07_hyperpolarizing_step,h,always,"D,E"
acnet2_pyr_soma,m-shift_reversal-2c628fb0f6,P07_hyperpolarizing_step,h/2,if detected at h,"D,E"
acnet2_pyr_soma,m-shift_reversal-2c628fb0f6,P07_hyperpolarizing_step,h/4,if an apparent canonical survivor,"D,E"
acnet2_pyr_soma,m-shift_reversal-2c628fb0f6,P08_rebound,h,always,"D,E"
acnet2_pyr_soma,m-shift_reversal-2c628fb0f6,P08_rebound,h/2,if detected at h,"D,E"
acnet2_pyr_soma,m-shift_reversal-2c628fb0f6,P08_rebound,h/4,if an apparent canonical survivor,"D,E"
acnet2_pyr_soma,m-shift_reversal-2c628fb0f6,P09_short_pulse,h,always,"D,E"
acnet2_pyr_soma,m-shift_reversal-2c628fb0f6,P09_short_pulse,h/2,if detected at h,"D,E"
acnet2_pyr_soma,m-shift_reversal-2c628fb0f6,P09_short_pulse,h/4,if an apparent canonical survivor,"D,E"
acnet2_pyr_soma,m-shift_reversal-9553007c36,P00_canonical,h,always,"B,C"
acnet2_pyr_soma,m-shift_reversal-9553007c36,P00_canonical,h/2,if detected at h,"B,C"
acnet2_pyr_soma,m-shift_reversal-9553007c36,P00_canonical,h/4,if an apparent canonical survivor,"B,C"
acnet2_pyr_soma,m-shift_reversal-9553007c36,P02_weak_step,h,always,"D,E"
acnet2_pyr_soma,m-shift_reversal-9553007c36,P02_weak_step,h/2,if detected at h,"D,E"
acnet2_pyr_soma,m-shift_reversal-9553007c36,P02_weak_step,h/4,if an apparent canonical survivor,"D,E"
acnet2_pyr_soma,m-shift_reversal-9553007c36,P03_rheobase,h,always,"D,E"
acnet2_pyr_soma,m-shift_reversal-9553007c36,P03_rheobase,h/2,if detected at h,"D,E"
acnet2_pyr_soma,m-shift_reversal-9553007c36,P03_rheobase,h/4,if an apparent canonical survivor,"D,E"
acnet2_pyr_soma,m-shift_reversal-9553007c36,P04_step_2x,h,always,"D,E"
acnet2_pyr_soma,m-shift_reversal-9553007c36,P04_step_2x,h/2,if detected at h,"D,E"
acnet2_pyr_soma,m-shift_reversal-9553007c36,P04_step_2x,h/4,if an apparent canonical survivor,"D,E"
acnet2_pyr_soma,m-shift_reversal-9553007c36,P05_long_step,h,always,"D,E"
acnet2_pyr_soma,m-shift_reversal-9553007c36,P05_long_step,h/2,if detected at h,"D,E"
acnet2_pyr_soma,m-shift_reversal-9553007c36,P05_long_step,h/4,if an apparent canonical survivor,"D,E"
acnet2_pyr_soma,m-shift_reversal-9553007c36,P06_ramp,h,always,"D,E"
acnet2_pyr_soma,m-shift_reversal-9553007c36,P06_ramp,h/2,if detected at h,"D,E"
acnet2_pyr_soma,m-shift_reversal-9553007c36,P06_ramp,h/4,if an apparent canonical survivor,"D,E"
acnet2_pyr_soma,m-shift_reversal-9553007c36,P07_hyperpolarizing_step,h,always,"D,E"
acnet2_pyr_soma,m-shift_reversal-9553007c36,P07_hyperpolarizing_step,h/2,if detected at h,"D,E"
acnet2_pyr_soma,m-shift_reversal-9553007c36,P07_hyperpolarizing_step,h/4,if an apparent canonical survivor,"D,E"
acnet2_pyr_soma,m-shift_reversal-9553007c36,P08_rebound,h,always,"D,E"
acnet2_pyr_soma,m-shift_reversal-9553007c36,P08_rebound,h/2,if detected at h,"D,E"
acnet2_pyr_soma,m-shift_reversal-9553007c36,P08_rebound,h/4,if an apparent canonical survivor,"D,E"
acnet2_pyr_soma,m-shift_reversal-9553007c36,P09_short_pulse,h,always,"D,E"
acnet2_pyr_soma,m-shift_reversal-9553007c36,P09_short_pulse,h/2,if detected at h,"D,E"
acnet2_pyr_soma,m-shift_reversal-9553007c36,P09_short_pulse,h/4,if an apparent canonical survivor,"D,E"
acnet2_pyr_soma,m-shift_reversal-513c92c08b,P00_canonical,h,always,"B,C"
acnet2_pyr_soma,m-shift_reversal-513c92c08b,P00_canonical,h/2,if detected at h,"B,C"
acnet2_pyr_soma,m-shift_reversal-513c92c08b,P00_canonical,h/4,if an apparent canonical survivor,"B,C"
acnet2_pyr_soma,m-shift_reversal-513c92c08b,P02_weak_step,h,always,"D,E"
acnet2_pyr_soma,m-shift_reversal-513c92c08b,P02_weak_step,h/2,if detected at h,"D,E"
acnet2_pyr_soma,m-shift_reversal-513c92c08b,P02_weak_step,h/4,if an apparent canonical survivor,"D,E"
acnet2_pyr_soma,m-shift_reversal-513c92c08b,P03_rheobase,h,always,"D,E"
acnet2_pyr_soma,m-shift_reversal-513c92c08b,P03_rheobase,h/2,if detected at h,"D,E"
acnet2_pyr_soma,m-shift_reversal-513c92c08b,P03_rheobase,h/4,if an apparent canonical survivor,"D,E"
acnet2_pyr_soma,m-shift_reversal-513c92c08b,P04_step_2x,h,always,"D,E"
acnet2_pyr_soma,m-shift_reversal-513c92c08b,P04_step_2x,h/2,if detected at h,"D,E"
acnet2_pyr_soma,m-shift_reversal-513c92c08b,P04_step_2x,h/4,if an apparent canonical survivor,"D,E"
acnet2_pyr_soma,m-shift_reversal-513c92c08b,P05_long_step,h,always,"D,E"
acnet2_pyr_soma,m-shift_reversal-513c92c08b,P05_long_step,h/2,if detected at h,"D,E"
acnet2_pyr_soma,m-shift_reversal-513c92c08b,P05_long_step,h/4,if an apparent canonical survivor,"D,E"
acnet2_pyr_soma,m-shift_reversal-513c92c08b,P06_ramp,h,always,"D,E"
acnet2_pyr_soma,m-shift_reversal-513c92c08b,P06_ramp,h/2,if detected at h,"D,E"
acnet2_pyr_soma,m-shift_reversal-513c92c08b,P06_ramp,h/4,if an apparent canonical survivor,"D,E"
acnet2_pyr_soma,m-shift_reversal-513c92c08b,P07_hyperpolarizing_step,h,always,"D,E"
acnet2_pyr_soma,m-shift_reversal-513c92c08b,P07_hyperpolarizing_step,h/2,if detected at h,"D,E"
acnet2_pyr_soma,m-shift_reversal-513c92c08b,P07_hyperpolarizing_step,h/4,if an apparent canonical survivor,"D,E"
acnet2_pyr_soma,m-shift_reversal-513c92c08b,P08_rebound,h,always,"D,E"
acnet2_pyr_soma,m-shift_reversal-513c92c08b,P08_rebound,h/2,if detected at h,"D,E"
acnet2_pyr_soma,m-shift_reversal-513c92c08b,P08_rebound,h/4,if an apparent canonical survivor,"D,E"
acnet2_pyr_soma,m-shift_reversal-513c92c08b,P09_short_pulse,h,always,"D,E"
acnet2_pyr_soma,m-shift_reversal-513c92c08b,P09_short_pulse,h/2,if detected at h,"D,E"
acnet2_pyr_soma,m-shift_reversal-513c92c08b,P09_short_pulse,h/4,if an apparent canonical survivor,"D,E"
acnet2_pyr_soma,m-scale_capacitance-d750ebfac4,P00_canonical,h,always,"B,C"
acnet2_pyr_soma,m-scale_capacitance-d750ebfac4,P00_canonical,h/2,if detected at h,"B,C"
acnet2_pyr_soma,m-scale_capacitance-d750ebfac4,P00_canonical,h/4,if an apparent canonical survivor,"B,C"
acnet2_pyr_soma,m-scale_capacitance-d750ebfac4,P02_weak_step,h,always,"D,E"
acnet2_pyr_soma,m-scale_capacitance-d750ebfac4,P02_weak_step,h/2,if detected at h,"D,E"
acnet2_pyr_soma,m-scale_capacitance-d750ebfac4,P02_weak_step,h/4,if an apparent canonical survivor,"D,E"
acnet2_pyr_soma,m-scale_capacitance-d750ebfac4,P03_rheobase,h,always,"D,E"
acnet2_pyr_soma,m-scale_capacitance-d750ebfac4,P03_rheobase,h/2,if detected at h,"D,E"
acnet2_pyr_soma,m-scale_capacitance-d750ebfac4,P03_rheobase,h/4,if an apparent canonical survivor,"D,E"
acnet2_pyr_soma,m-scale_capacitance-d750ebfac4,P04_step_2x,h,always,"D,E"
acnet2_pyr_soma,m-scale_capacitance-d750ebfac4,P04_step_2x,h/2,if detected at h,"D,E"
acnet2_pyr_soma,m-scale_capacitance-d750ebfac4,P04_step_2x,h/4,if an apparent canonical survivor,"D,E"
acnet2_pyr_soma,m-scale_capacitance-d750ebfac4,P05_long_step,h,always,"D,E"
acnet2_pyr_soma,m-scale_capacitance-d750ebfac4,P05_long_step,h/2,if detected at h,"D,E"
acnet2_pyr_soma,m-scale_capacitance-d750ebfac4,P05_long_step,h/4,if an apparent canonical survivor,"D,E"
acnet2_pyr_soma,m-scale_capacitance-d750ebfac4,P06_ramp,h,always,"D,E"
acnet2_pyr_soma,m-scale_capacitance-d750ebfac4,P06_ramp,h/2,if detected at h,"D,E"
acnet2_pyr_soma,m-scale_capacitance-d750ebfac4,P06_ramp,h/4,if an apparent canonical survivor,"D,E"
acnet2_pyr_soma,m-scale_capacitance-d750ebfac4,P07_hyperpolarizing_step,h,always,"D,E"
acnet2_pyr_soma,m-scale_capacitance-d750ebfac4,P07_hyperpolarizing_step,h/2,if detected at h,"D,E"
acnet2_pyr_soma,m-scale_capacitance-d750ebfac4,P07_hyperpolarizing_step,h/4,if an apparent canonical survivor,"D,E"
acnet2_pyr_soma,m-scale_capacitance-d750ebfac4,P08_rebound,h,always,"D,E"
acnet2_pyr_soma,m-scale_capacitance-d750ebfac4,P08_rebound,h/2,if detected at h,"D,E"
acnet2_pyr_soma,m-scale_capacitance-d750ebfac4,P08_rebound,h/4,if an apparent canonical survivor,"D,E"
acnet2_pyr_soma,m-scale_capacitance-d750ebfac4,P09_short_pulse,h,always,"D,E"
acnet2_pyr_soma,m-scale_capacitance-d750ebfac4,P09_short_pulse,h/2,if detected at h,"D,E"
acnet2_pyr_soma,m-scale_capacitance-d750ebfac4,P09_short_pulse,h/4,if an apparent canonical survivor,"D,E"
acnet2_pyr_soma,m-scale_capacitance-e86da299c1,P00_canonical,h,always,"B,C"
acnet2_pyr_soma,m-scale_capacitance-e86da299c1,P00_canonical,h/2,if detected at h,"B,C"
acnet2_pyr_soma,m-scale_capacitance-e86da299c1,P00_canonical,h/4,if an apparent canonical survivor,"B,C"
acnet2_pyr_soma,m-scale_capacitance-e86da299c1,P02_weak_step,h,always,"D,E"
acnet2_pyr_soma,m-scale_capacitance-e86da299c1,P02_weak_step,h/2,if detected at h,"D,E"
acnet2_pyr_soma,m-scale_capacitance-e86da299c1,P02_weak_step,h/4,if an apparent canonical survivor,"D,E"
acnet2_pyr_soma,m-scale_capacitance-e86da299c1,P03_rheobase,h,always,"D,E"
acnet2_pyr_soma,m-scale_capacitance-e86da299c1,P03_rheobase,h/2,if detected at h,"D,E"
acnet2_pyr_soma,m-scale_capacitance-e86da299c1,P03_rheobase,h/4,if an apparent canonical survivor,"D,E"
acnet2_pyr_soma,m-scale_capacitance-e86da299c1,P04_step_2x,h,always,"D,E"
acnet2_pyr_soma,m-scale_capacitance-e86da299c1,P04_step_2x,h/2,if detected at h,"D,E"
acnet2_pyr_soma,m-scale_capacitance-e86da299c1,P04_step_2x,h/4,if an apparent canonical survivor,"D,E"
acnet2_pyr_soma,m-scale_capacitance-e86da299c1,P05_long_step,h,always,"D,E"
acnet2_pyr_soma,m-scale_capacitance-e86da299c1,P05_long_step,h/2,if detected at h,"D,E"
acnet2_pyr_soma,m-scale_capacitance-e86da299c1,P05_long_step,h/4,if an apparent canonical survivor,"D,E"
acnet2_pyr_soma,m-scale_capacitance-e86da299c1,P06_ramp,h,always,"D,E"
acnet2_pyr_soma,m-scale_capacitance-e86da299c1,P06_ramp,h/2,if detected at h,"D,E"
acnet2_pyr_soma,m-scale_capacitance-e86da299c1,P06_ramp,h/4,if an apparent canonical survivor,"D,E"
acnet2_pyr_soma,m-scale_capacitance-e86da299c1,P07_hyperpolarizing_step,h,always,"D,E"
acnet2_pyr_soma,m-scale_capacitance-e86da299c1,P07_hyperpolarizing_step,h/2,if detected at h,"D,E"
acnet2_pyr_soma,m-scale_capacitance-e86da299c1,P07_hyperpolarizing_step,h/4,if an apparent canonical survivor,"D,E"
acnet2_pyr_soma,m-scale_capacitance-e86da299c1,P08_rebound,h,always,"D,E"
acnet2_pyr_soma,m-scale_capacitance-e86da299c1,P08_rebound,h/2,if detected at h,"D,E"
acnet2_pyr_soma,m-scale_capacitance-e86da299c1,P08_rebound,h/4,if an apparent canonical survivor,"D,E"
acnet2_pyr_soma,m-scale_capacitance-e86da299c1,P09_short_pulse,h,always,"D,E"
acnet2_pyr_soma,m-scale_capacitance-e86da299c1,P09_short_pulse,h/2,if detected at h,"D,E"
acnet2_pyr_soma,m-scale_capacitance-e86da299c1,P09_short_pulse,h/4,if an apparent canonical survivor,"D,E"
acnet2_pyr_soma,m-scale_gate_time_constant-25d2ef79c1,P00_canonical,h,always,"B,C"
acnet2_pyr_soma,m-scale_gate_time_constant-25d2ef79c1,P00_canonical,h/2,if detected at h,"B,C"
acnet2_pyr_soma,m-scale_gate_time_constant-25d2ef79c1,P00_canonical,h/4,if an apparent canonical survivor,"B,C"
acnet2_pyr_soma,m-scale_gate_time_constant-25d2ef79c1,P02_weak_step,h,always,"D,E"
acnet2_pyr_soma,m-scale_gate_time_constant-25d2ef79c1,P02_weak_step,h/2,if detected at h,"D,E"
acnet2_pyr_soma,m-scale_gate_time_constant-25d2ef79c1,P02_weak_step,h/4,if an apparent canonical survivor,"D,E"
acnet2_pyr_soma,m-scale_gate_time_constant-25d2ef79c1,P03_rheobase,h,always,"D,E"
acnet2_pyr_soma,m-scale_gate_time_constant-25d2ef79c1,P03_rheobase,h/2,if detected at h,"D,E"
acnet2_pyr_soma,m-scale_gate_time_constant-25d2ef79c1,P03_rheobase,h/4,if an apparent canonical survivor,"D,E"
acnet2_pyr_soma,m-scale_gate_time_constant-25d2ef79c1,P04_step_2x,h,always,"D,E"
acnet2_pyr_soma,m-scale_gate_time_constant-25d2ef79c1,P04_step_2x,h/2,if detected at h,"D,E"
acnet2_pyr_soma,m-scale_gate_time_constant-25d2ef79c1,P04_step_2x,h/4,if an apparent canonical survivor,"D,E"
acnet2_pyr_soma,m-scale_gate_time_constant-25d2ef79c1,P05_long_step,h,always,"D,E"
acnet2_pyr_soma,m-scale_gate_time_constant-25d2ef79c1,P05_long_step,h/2,if detected at h,"D,E"
acnet2_pyr_soma,m-scale_gate_time_constant-25d2ef79c1,P05_long_step,h/4,if an apparent canonical survivor,"D,E"
acnet2_pyr_soma,m-scale_gate_time_constant-25d2ef79c1,P06_ramp,h,always,"D,E"
acnet2_pyr_soma,m-scale_gate_time_constant-25d2ef79c1,P06_ramp,h/2,if detected at h,"D,E"
acnet2_pyr_soma,m-scale_gate_time_constant-25d2ef79c1,P06_ramp,h/4,if an apparent canonical survivor,"D,E"
acnet2_pyr_soma,m-scale_gate_time_constant-25d2ef79c1,P07_hyperpolarizing_step,h,always,"D,E"
acnet2_pyr_soma,m-scale_gate_time_constant-25d2ef79c1,P07_hyperpolarizing_step,h/2,if detected at h,"D,E"
acnet2_pyr_soma,m-scale_gate_time_constant-25d2ef79c1,P07_hyperpolarizing_step,h/4,if an apparent canonical survivor,"D,E"
acnet2_pyr_soma,m-scale_gate_time_constant-25d2ef79c1,P08_rebound,h,always,"D,E"
acnet2_pyr_soma,m-scale_gate_time_constant-25d2ef79c1,P08_rebound,h/2,if detected at h,"D,E"
acnet2_pyr_soma,m-scale_gate_time_constant-25d2ef79c1,P08_rebound,h/4,if an apparent canonical survivor,"D,E"
acnet2_pyr_soma,m-scale_gate_time_constant-25d2ef79c1,P09_short_pulse,h,always,"D,E"
acnet2_pyr_soma,m-scale_gate_time_constant-25d2ef79c1,P09_short_pulse,h/2,if detected at h,"D,E"
acnet2_pyr_soma,m-scale_gate_time_constant-25d2ef79c1,P09_short_pulse,h/4,if an apparent canonical survivor,"D,E"
acnet2_pyr_soma,m-scale_gate_time_constant-eb0c17da65,P00_canonical,h,always,"B,C"
acnet2_pyr_soma,m-scale_gate_time_constant-eb0c17da65,P00_canonical,h/2,if detected at h,"B,C"
acnet2_pyr_soma,m-scale_gate_time_constant-eb0c17da65,P00_canonical,h/4,if an apparent canonical survivor,"B,C"
acnet2_pyr_soma,m-scale_gate_time_constant-eb0c17da65,P02_weak_step,h,always,"D,E"
acnet2_pyr_soma,m-scale_gate_time_constant-eb0c17da65,P02_weak_step,h/2,if detected at h,"D,E"
acnet2_pyr_soma,m-scale_gate_time_constant-eb0c17da65,P02_weak_step,h/4,if an apparent canonical survivor,"D,E"
acnet2_pyr_soma,m-scale_gate_time_constant-eb0c17da65,P03_rheobase,h,always,"D,E"
acnet2_pyr_soma,m-scale_gate_time_constant-eb0c17da65,P03_rheobase,h/2,if detected at h,"D,E"
acnet2_pyr_soma,m-scale_gate_time_constant-eb0c17da65,P03_rheobase,h/4,if an apparent canonical survivor,"D,E"
acnet2_pyr_soma,m-scale_gate_time_constant-eb0c17da65,P04_step_2x,h,always,"D,E"
acnet2_pyr_soma,m-scale_gate_time_constant-eb0c17da65,P04_step_2x,h/2,if detected at h,"D,E"
acnet2_pyr_soma,m-scale_gate_time_constant-eb0c17da65,P04_step_2x,h/4,if an apparent canonical survivor,"D,E"
acnet2_pyr_soma,m-scale_gate_time_constant-eb0c17da65,P05_long_step,h,always,"D,E"
acnet2_pyr_soma,m-scale_gate_time_constant-eb0c17da65,P05_long_step,h/2,if detected at h,"D,E"
acnet2_pyr_soma,m-scale_gate_time_constant-eb0c17da65,P05_long_step,h/4,if an apparent canonical survivor,"D,E"
acnet2_pyr_soma,m-scale_gate_time_constant-eb0c17da65,P06_ramp,h,always,"D,E"
acnet2_pyr_soma,m-scale_gate_time_constant-eb0c17da65,P06_ramp,h/2,if detected at h,"D,E"
acnet2_pyr_soma,m-scale_gate_time_constant-eb0c17da65,P06_ramp,h/4,if an apparent canonical survivor,"D,E"
acnet2_pyr_soma,m-scale_gate_time_constant-eb0c17da65,P07_hyperpolarizing_step,h,always,"D,E"
acnet2_pyr_soma,m-scale_gate_time_constant-eb0c17da65,P07_hyperpolarizing_step,h/2,if detected at h,"D,E"
acnet2_pyr_soma,m-scale_gate_time_constant-eb0c17da65,P07_hyperpolarizing_step,h/4,if an apparent canonical survivor,"D,E"
acnet2_pyr_soma,m-scale_gate_time_constant-eb0c17da65,P08_rebound,h,always,"D,E"
acnet2_pyr_soma,m-scale_gate_time_constant-eb0c17da65,P08_rebound,h/2,if detected at h,"D,E"
acnet2_pyr_soma,m-scale_gate_time_constant-eb0c17da65,P08_rebound,h/4,if an apparent canonical survivor,"D,E"
acnet2_pyr_soma,m-scale_gate_time_constant-eb0c17da65,P09_short_pulse,h,always,"D,E"
acnet2_pyr_soma,m-scale_gate_time_constant-eb0c17da65,P09_short_pulse,h/2,if detected at h,"D,E"
acnet2_pyr_soma,m-scale_gate_time_constant-eb0c17da65,P09_short_pulse,h/4,if an apparent canonical survivor,"D,E"
acnet2_pyr_soma,m-shift_gate_midpoint-e68b2bd3be,P00_canonical,h,always,"B,C"
acnet2_pyr_soma,m-shift_gate_midpoint-e68b2bd3be,P00_canonical,h/2,if detected at h,"B,C"
acnet2_pyr_soma,m-shift_gate_midpoint-e68b2bd3be,P00_canonical,h/4,if an apparent canonical survivor,"B,C"
acnet2_pyr_soma,m-shift_gate_midpoint-e68b2bd3be,P02_weak_step,h,always,"D,E"
acnet2_pyr_soma,m-shift_gate_midpoint-e68b2bd3be,P02_weak_step,h/2,if detected at h,"D,E"
acnet2_pyr_soma,m-shift_gate_midpoint-e68b2bd3be,P02_weak_step,h/4,if an apparent canonical survivor,"D,E"
acnet2_pyr_soma,m-shift_gate_midpoint-e68b2bd3be,P03_rheobase,h,always,"D,E"
acnet2_pyr_soma,m-shift_gate_midpoint-e68b2bd3be,P03_rheobase,h/2,if detected at h,"D,E"
acnet2_pyr_soma,m-shift_gate_midpoint-e68b2bd3be,P03_rheobase,h/4,if an apparent canonical survivor,"D,E"
acnet2_pyr_soma,m-shift_gate_midpoint-e68b2bd3be,P04_step_2x,h,always,"D,E"
acnet2_pyr_soma,m-shift_gate_midpoint-e68b2bd3be,P04_step_2x,h/2,if detected at h,"D,E"
acnet2_pyr_soma,m-shift_gate_midpoint-e68b2bd3be,P04_step_2x,h/4,if an apparent canonical survivor,"D,E"
acnet2_pyr_soma,m-shift_gate_midpoint-e68b2bd3be,P05_long_step,h,always,"D,E"
acnet2_pyr_soma,m-shift_gate_midpoint-e68b2bd3be,P05_long_step,h/2,if detected at h,"D,E"
acnet2_pyr_soma,m-shift_gate_midpoint-e68b2bd3be,P05_long_step,h/4,if an apparent canonical survivor,"D,E"
acnet2_pyr_soma,m-shift_gate_midpoint-e68b2bd3be,P06_ramp,h,always,"D,E"
acnet2_pyr_soma,m-shift_gate_midpoint-e68b2bd3be,P06_ramp,h/2,if detected at h,"D,E"
acnet2_pyr_soma,m-shift_gate_midpoint-e68b2bd3be,P06_ramp,h/4,if an apparent canonical survivor,"D,E"
acnet2_pyr_soma,m-shift_gate_midpoint-e68b2bd3be,P07_hyperpolarizing_step,h,always,"D,E"
acnet2_pyr_soma,m-shift_gate_midpoint-e68b2bd3be,P07_hyperpolarizing_step,h/2,if detected at h,"D,E"
acnet2_pyr_soma,m-shift_gate_midpoint-e68b2bd3be,P07_hyperpolarizing_step,h/4,if an apparent canonical survivor,"D,E"
acnet2_pyr_soma,m-shift_gate_midpoint-e68b2bd3be,P08_rebound,h,always,"D,E"
acnet2_pyr_soma,m-shift_gate_midpoint-e68b2bd3be,P08_rebound,h/2,if detected at h,"D,E"
acnet2_pyr_soma,m-shift_gate_midpoint-e68b2bd3be,P08_rebound,h/4,if an apparent canonical survivor,"D,E"
acnet2_pyr_soma,m-shift_gate_midpoint-e68b2bd3be,P09_short_pulse,h,always,"D,E"
acnet2_pyr_soma,m-shift_gate_midpoint-e68b2bd3be,P09_short_pulse,h/2,if detected at h,"D,E"
acnet2_pyr_soma,m-shift_gate_midpoint-e68b2bd3be,P09_short_pulse,h/4,if an apparent canonical survivor,"D,E"
acnet2_pyr_soma,m-shift_gate_midpoint-3c7134e6ec,P00_canonical,h,always,"B,C"
acnet2_pyr_soma,m-shift_gate_midpoint-3c7134e6ec,P00_canonical,h/2,if detected at h,"B,C"
acnet2_pyr_soma,m-shift_gate_midpoint-3c7134e6ec,P00_canonical,h/4,if an apparent canonical survivor,"B,C"
acnet2_pyr_soma,m-shift_gate_midpoint-3c7134e6ec,P02_weak_step,h,always,"D,E"
acnet2_pyr_soma,m-shift_gate_midpoint-3c7134e6ec,P02_weak_step,h/2,if detected at h,"D,E"
acnet2_pyr_soma,m-shift_gate_midpoint-3c7134e6ec,P02_weak_step,h/4,if an apparent canonical survivor,"D,E"
acnet2_pyr_soma,m-shift_gate_midpoint-3c7134e6ec,P03_rheobase,h,always,"D,E"
acnet2_pyr_soma,m-shift_gate_midpoint-3c7134e6ec,P03_rheobase,h/2,if detected at h,"D,E"
acnet2_pyr_soma,m-shift_gate_midpoint-3c7134e6ec,P03_rheobase,h/4,if an apparent canonical survivor,"D,E"
acnet2_pyr_soma,m-shift_gate_midpoint-3c7134e6ec,P04_step_2x,h,always,"D,E"
acnet2_pyr_soma,m-shift_gate_midpoint-3c7134e6ec,P04_step_2x,h/2,if detected at h,"D,E"
acnet2_pyr_soma,m-shift_gate_midpoint-3c7134e6ec,P04_step_2x,h/4,if an apparent canonical survivor,"D,E"
acnet2_pyr_soma,m-shift_gate_midpoint-3c7134e6ec,P05_long_step,h,always,"D,E"
acnet2_pyr_soma,m-shift_gate_midpoint-3c7134e6ec,P05_long_step,h/2,if detected at h,"D,E"
acnet2_pyr_soma,m-shift_gate_midpoint-3c7134e6ec,P05_long_step,h/4,if an apparent canonical survivor,"D,E"
acnet2_pyr_soma,m-shift_gate_midpoint-3c7134e6ec,P06_ramp,h,always,"D,E"
acnet2_pyr_soma,m-shift_gate_midpoint-3c7134e6ec,P06_ramp,h/2,if detected at h,"D,E"
acnet2_pyr_soma,m-shift_gate_midpoint-3c7134e6ec,P06_ramp,h/4,if an apparent canonical survivor,"D,E"
acnet2_pyr_soma,m-shift_gate_midpoint-3c7134e6ec,P07_hyperpolarizing_step,h,always,"D,E"
acnet2_pyr_soma,m-shift_gate_midpoint-3c7134e6ec,P07_hyperpolarizing_step,h/2,if detected at h,"D,E"
acnet2_pyr_soma,m-shift_gate_midpoint-3c7134e6ec,P07_hyperpolarizing_step,h/4,if an apparent canonical survivor,"D,E"
acnet2_pyr_soma,m-shift_gate_midpoint-3c7134e6ec,P08_rebound,h,always,"D,E"
acnet2_pyr_soma,m-shift_gate_midpoint-3c7134e6ec,P08_rebound,h/2,if detected at h,"D,E"
acnet2_pyr_soma,m-shift_gate_midpoint-3c7134e6ec,P08_rebound,h/4,if an apparent canonical survivor,"D,E"
acnet2_pyr_soma,m-shift_gate_midpoint-3c7134e6ec,P09_short_pulse,h,always,"D,E"
acnet2_pyr_soma,m-shift_gate_midpoint-3c7134e6ec,P09_short_pulse,h/2,if detected at h,"D,E"
acnet2_pyr_soma,m-shift_gate_midpoint-3c7134e6ec,P09_short_pulse,h/4,if an apparent canonical survivor,"D,E"
acnet2_pyr_soma,m-scale_gate_slope-d122bda225,P00_canonical,h,always,"B,C"
acnet2_pyr_soma,m-scale_gate_slope-d122bda225,P00_canonical,h/2,if detected at h,"B,C"
acnet2_pyr_soma,m-scale_gate_slope-d122bda225,P00_canonical,h/4,if an apparent canonical survivor,"B,C"
acnet2_pyr_soma,m-scale_gate_slope-d122bda225,P02_weak_step,h,always,"D,E"
acnet2_pyr_soma,m-scale_gate_slope-d122bda225,P02_weak_step,h/2,if detected at h,"D,E"
acnet2_pyr_soma,m-scale_gate_slope-d122bda225,P02_weak_step,h/4,if an apparent canonical survivor,"D,E"
acnet2_pyr_soma,m-scale_gate_slope-d122bda225,P03_rheobase,h,always,"D,E"
acnet2_pyr_soma,m-scale_gate_slope-d122bda225,P03_rheobase,h/2,if detected at h,"D,E"
acnet2_pyr_soma,m-scale_gate_slope-d122bda225,P03_rheobase,h/4,if an apparent canonical survivor,"D,E"
acnet2_pyr_soma,m-scale_gate_slope-d122bda225,P04_step_2x,h,always,"D,E"
acnet2_pyr_soma,m-scale_gate_slope-d122bda225,P04_step_2x,h/2,if detected at h,"D,E"
acnet2_pyr_soma,m-scale_gate_slope-d122bda225,P04_step_2x,h/4,if an apparent canonical survivor,"D,E"
acnet2_pyr_soma,m-scale_gate_slope-d122bda225,P05_long_step,h,always,"D,E"
acnet2_pyr_soma,m-scale_gate_slope-d122bda225,P05_long_step,h/2,if detected at h,"D,E"
acnet2_pyr_soma,m-scale_gate_slope-d122bda225,P05_long_step,h/4,if an apparent canonical survivor,"D,E"
acnet2_pyr_soma,m-scale_gate_slope-d122bda225,P06_ramp,h,always,"D,E"
acnet2_pyr_soma,m-scale_gate_slope-d122bda225,P06_ramp,h/2,if detected at h,"D,E"
acnet2_pyr_soma,m-scale_gate_slope-d122bda225,P06_ramp,h/4,if an apparent canonical survivor,"D,E"
acnet2_pyr_soma,m-scale_gate_slope-d122bda225,P07_hyperpolarizing_step,h,always,"D,E"
acnet2_pyr_soma,m-scale_gate_slope-d122bda225,P07_hyperpolarizing_step,h/2,if detected at h,"D,E"
acnet2_pyr_soma,m-scale_gate_slope-d122bda225,P07_hyperpolarizing_step,h/4,if an apparent canonical survivor,"D,E"
acnet2_pyr_soma,m-scale_gate_slope-d122bda225,P08_rebound,h,always,"D,E"
acnet2_pyr_soma,m-scale_gate_slope-d122bda225,P08_rebound,h/2,if detected at h,"D,E"
acnet2_pyr_soma,m-scale_gate_slope-d122bda225,P08_rebound,h/4,if an apparent canonical survivor,"D,E"
acnet2_pyr_soma,m-scale_gate_slope-d122bda225,P09_short_pulse,h,always,"D,E"
acnet2_pyr_soma,m-scale_gate_slope-d122bda225,P09_short_pulse,h/2,if detected at h,"D,E"
acnet2_pyr_soma,m-scale_gate_slope-d122bda225,P09_short_pulse,h/4,if an apparent canonical survivor,"D,E"
acnet2_pyr_soma,m-shift_forward_rate_midpoint-26075274d4,P00_canonical,h,always,"B,C"
acnet2_pyr_soma,m-shift_forward_rate_midpoint-26075274d4,P00_canonical,h/2,if detected at h,"B,C"
acnet2_pyr_soma,m-shift_forward_rate_midpoint-26075274d4,P00_canonical,h/4,if an apparent canonical survivor,"B,C"
acnet2_pyr_soma,m-shift_forward_rate_midpoint-26075274d4,P02_weak_step,h,always,"D,E"
acnet2_pyr_soma,m-shift_forward_rate_midpoint-26075274d4,P02_weak_step,h/2,if detected at h,"D,E"
acnet2_pyr_soma,m-shift_forward_rate_midpoint-26075274d4,P02_weak_step,h/4,if an apparent canonical survivor,"D,E"
acnet2_pyr_soma,m-shift_forward_rate_midpoint-26075274d4,P03_rheobase,h,always,"D,E"
acnet2_pyr_soma,m-shift_forward_rate_midpoint-26075274d4,P03_rheobase,h/2,if detected at h,"D,E"
acnet2_pyr_soma,m-shift_forward_rate_midpoint-26075274d4,P03_rheobase,h/4,if an apparent canonical survivor,"D,E"
acnet2_pyr_soma,m-shift_forward_rate_midpoint-26075274d4,P04_step_2x,h,always,"D,E"
acnet2_pyr_soma,m-shift_forward_rate_midpoint-26075274d4,P04_step_2x,h/2,if detected at h,"D,E"
acnet2_pyr_soma,m-shift_forward_rate_midpoint-26075274d4,P04_step_2x,h/4,if an apparent canonical survivor,"D,E"
acnet2_pyr_soma,m-shift_forward_rate_midpoint-26075274d4,P05_long_step,h,always,"D,E"
acnet2_pyr_soma,m-shift_forward_rate_midpoint-26075274d4,P05_long_step,h/2,if detected at h,"D,E"
acnet2_pyr_soma,m-shift_forward_rate_midpoint-26075274d4,P05_long_step,h/4,if an apparent canonical survivor,"D,E"
acnet2_pyr_soma,m-shift_forward_rate_midpoint-26075274d4,P06_ramp,h,always,"D,E"
acnet2_pyr_soma,m-shift_forward_rate_midpoint-26075274d4,P06_ramp,h/2,if detected at h,"D,E"
acnet2_pyr_soma,m-shift_forward_rate_midpoint-26075274d4,P06_ramp,h/4,if an apparent canonical survivor,"D,E"
acnet2_pyr_soma,m-shift_forward_rate_midpoint-26075274d4,P07_hyperpolarizing_step,h,always,"D,E"
acnet2_pyr_soma,m-shift_forward_rate_midpoint-26075274d4,P07_hyperpolarizing_step,h/2,if detected at h,"D,E"
acnet2_pyr_soma,m-shift_forward_rate_midpoint-26075274d4,P07_hyperpolarizing_step,h/4,if an apparent canonical survivor,"D,E"
acnet2_pyr_soma,m-shift_forward_rate_midpoint-26075274d4,P08_rebound,h,always,"D,E"
acnet2_pyr_soma,m-shift_forward_rate_midpoint-26075274d4,P08_rebound,h/2,if detected at h,"D,E"
acnet2_pyr_soma,m-shift_forward_rate_midpoint-26075274d4,P08_rebound,h/4,if an apparent canonical survivor,"D,E"
acnet2_pyr_soma,m-shift_forward_rate_midpoint-26075274d4,P09_short_pulse,h,always,"D,E"
acnet2_pyr_soma,m-shift_forward_rate_midpoint-26075274d4,P09_short_pulse,h/2,if detected at h,"D,E"
acnet2_pyr_soma,m-shift_forward_rate_midpoint-26075274d4,P09_short_pulse,h/4,if an apparent canonical survivor,"D,E"
acnet2_pyr_soma,m-increase_dt-22bc5325eb,P00_canonical,h,always,"B,C"
acnet2_pyr_soma,m-increase_dt-22bc5325eb,P00_canonical,h/2,if detected at h,"B,C"
acnet2_pyr_soma,m-increase_dt-22bc5325eb,P00_canonical,h/4,if an apparent canonical survivor,"B,C"
acnet2_pyr_soma,m-increase_dt-22bc5325eb,P02_weak_step,h,always,"D,E"
acnet2_pyr_soma,m-increase_dt-22bc5325eb,P02_weak_step,h/2,if detected at h,"D,E"
acnet2_pyr_soma,m-increase_dt-22bc5325eb,P02_weak_step,h/4,if an apparent canonical survivor,"D,E"
acnet2_pyr_soma,m-increase_dt-22bc5325eb,P03_rheobase,h,always,"D,E"
acnet2_pyr_soma,m-increase_dt-22bc5325eb,P03_rheobase,h/2,if detected at h,"D,E"
acnet2_pyr_soma,m-increase_dt-22bc5325eb,P03_rheobase,h/4,if an apparent canonical survivor,"D,E"
acnet2_pyr_soma,m-increase_dt-22bc5325eb,P04_step_2x,h,always,"D,E"
acnet2_pyr_soma,m-increase_dt-22bc5325eb,P04_step_2x,h/2,if detected at h,"D,E"
acnet2_pyr_soma,m-increase_dt-22bc5325eb,P04_step_2x,h/4,if an apparent canonical survivor,"D,E"
acnet2_pyr_soma,m-increase_dt-22bc5325eb,P05_long_step,h,always,"D,E"
acnet2_pyr_soma,m-increase_dt-22bc5325eb,P05_long_step,h/2,if detected at h,"D,E"
acnet2_pyr_soma,m-increase_dt-22bc5325eb,P05_long_step,h/4,if an apparent canonical survivor,"D,E"
acnet2_pyr_soma,m-increase_dt-22bc5325eb,P06_ramp,h,always,"D,E"
acnet2_pyr_soma,m-increase_dt-22bc5325eb,P06_ramp,h/2,if detected at h,"D,E"
acnet2_pyr_soma,m-increase_dt-22bc5325eb,P06_ramp,h/4,if an apparent canonical survivor,"D,E"
acnet2_pyr_soma,m-increase_dt-22bc5325eb,P07_hyperpolarizing_step,h,always,"D,E"
acnet2_pyr_soma,m-increase_dt-22bc5325eb,P07_hyperpolarizing_step,h/2,if detected at h,"D,E"
acnet2_pyr_soma,m-increase_dt-22bc5325eb,P07_hyperpolarizing_step,h/4,if an apparent canonical survivor,"D,E"
acnet2_pyr_soma,m-increase_dt-22bc5325eb,P08_rebound,h,always,"D,E"
acnet2_pyr_soma,m-increase_dt-22bc5325eb,P08_rebound,h/2,if detected at h,"D,E"
acnet2_pyr_soma,m-increase_dt-22bc5325eb,P08_rebound,h/4,if an apparent canonical survivor,"D,E"
acnet2_pyr_soma,m-increase_dt-22bc5325eb,P09_short_pulse,h,always,"D,E"
acnet2_pyr_soma,m-increase_dt-22bc5325eb,P09_short_pulse,h/2,if detected at h,"D,E"
acnet2_pyr_soma,m-increase_dt-22bc5325eb,P09_short_pulse,h/4,if an apparent canonical survivor,"D,E"
acnet2_pyr_soma,m-solver_config-83b0ebd45b,P00_canonical,h,always,"B,C"
acnet2_pyr_soma,m-solver_config-83b0ebd45b,P00_canonical,h/2,if detected at h,"B,C"
acnet2_pyr_soma,m-solver_config-83b0ebd45b,P00_canonical,h/4,if an apparent canonical survivor,"B,C"
acnet2_pyr_soma,m-solver_config-83b0ebd45b,P02_weak_step,h,always,"D,E"
acnet2_pyr_soma,m-solver_config-83b0ebd45b,P02_weak_step,h/2,if detected at h,"D,E"
acnet2_pyr_soma,m-solver_config-83b0ebd45b,P02_weak_step,h/4,if an apparent canonical survivor,"D,E"
acnet2_pyr_soma,m-solver_config-83b0ebd45b,P03_rheobase,h,always,"D,E"
acnet2_pyr_soma,m-solver_config-83b0ebd45b,P03_rheobase,h/2,if detected at h,"D,E"
acnet2_pyr_soma,m-solver_config-83b0ebd45b,P03_rheobase,h/4,if an apparent canonical survivor,"D,E"
acnet2_pyr_soma,m-solver_config-83b0ebd45b,P04_step_2x,h,always,"D,E"
acnet2_pyr_soma,m-solver_config-83b0ebd45b,P04_step_2x,h/2,if detected at h,"D,E"
acnet2_pyr_soma,m-solver_config-83b0ebd45b,P04_step_2x,h/4,if an apparent canonical survivor,"D,E"
acnet2_pyr_soma,m-solver_config-83b0ebd45b,P05_long_step,h,always,"D,E"
acnet2_pyr_soma,m-solver_config-83b0ebd45b,P05_long_step,h/2,if detected at h,"D,E"
acnet2_pyr_soma,m-solver_config-83b0ebd45b,P05_long_step,h/4,if an apparent canonical survivor,"D,E"
acnet2_pyr_soma,m-solver_config-83b0ebd45b,P06_ramp,h,always,"D,E"
acnet2_pyr_soma,m-solver_config-83b0ebd45b,P06_ramp,h/2,if detected at h,"D,E"
acnet2_pyr_soma,m-solver_config-83b0ebd45b,P06_ramp,h/4,if an apparent canonical survivor,"D,E"
acnet2_pyr_soma,m-solver_config-83b0ebd45b,P07_hyperpolarizing_step,h,always,"D,E"
acnet2_pyr_soma,m-solver_config-83b0ebd45b,P07_hyperpolarizing_step,h/2,if detected at h,"D,E"
acnet2_pyr_soma,m-solver_config-83b0ebd45b,P07_hyperpolarizing_step,h/4,if an apparent canonical survivor,"D,E"
acnet2_pyr_soma,m-solver_config-83b0ebd45b,P08_rebound,h,always,"D,E"
acnet2_pyr_soma,m-solver_config-83b0ebd45b,P08_rebound,h/2,if detected at h,"D,E"
acnet2_pyr_soma,m-solver_config-83b0ebd45b,P08_rebound,h/4,if an apparent canonical survivor,"D,E"
acnet2_pyr_soma,m-solver_config-83b0ebd45b,P09_short_pulse,h,always,"D,E"
acnet2_pyr_soma,m-solver_config-83b0ebd45b,P09_short_pulse,h/2,if detected at h,"D,E"
acnet2_pyr_soma,m-solver_config-83b0ebd45b,P09_short_pulse,h/4,if an apparent canonical survivor,"D,E"
acnet2_pyr_soma,m-recording_resolution-a5f502f6d0,P00_canonical,h,always,"B,C"
acnet2_pyr_soma,m-recording_resolution-a5f502f6d0,P00_canonical,h/2,if detected at h,"B,C"
acnet2_pyr_soma,m-recording_resolution-a5f502f6d0,P00_canonical,h/4,if an apparent canonical survivor,"B,C"
acnet2_pyr_soma,m-recording_resolution-a5f502f6d0,P02_weak_step,h,always,"D,E"
acnet2_pyr_soma,m-recording_resolution-a5f502f6d0,P02_weak_step,h/2,if detected at h,"D,E"
acnet2_pyr_soma,m-recording_resolution-a5f502f6d0,P02_weak_step,h/4,if an apparent canonical survivor,"D,E"
acnet2_pyr_soma,m-recording_resolution-a5f502f6d0,P03_rheobase,h,always,"D,E"
acnet2_pyr_soma,m-recording_resolution-a5f502f6d0,P03_rheobase,h/2,if detected at h,"D,E"
acnet2_pyr_soma,m-recording_resolution-a5f502f6d0,P03_rheobase,h/4,if an apparent canonical survivor,"D,E"
acnet2_pyr_soma,m-recording_resolution-a5f502f6d0,P04_step_2x,h,always,"D,E"
acnet2_pyr_soma,m-recording_resolution-a5f502f6d0,P04_step_2x,h/2,if detected at h,"D,E"
acnet2_pyr_soma,m-recording_resolution-a5f502f6d0,P04_step_2x,h/4,if an apparent canonical survivor,"D,E"
acnet2_pyr_soma,m-recording_resolution-a5f502f6d0,P05_long_step,h,always,"D,E"
acnet2_pyr_soma,m-recording_resolution-a5f502f6d0,P05_long_step,h/2,if detected at h,"D,E"
acnet2_pyr_soma,m-recording_resolution-a5f502f6d0,P05_long_step,h/4,if an apparent canonical survivor,"D,E"
acnet2_pyr_soma,m-recording_resolution-a5f502f6d0,P06_ramp,h,always,"D,E"
acnet2_pyr_soma,m-recording_resolution-a5f502f6d0,P06_ramp,h/2,if detected at h,"D,E"
acnet2_pyr_soma,m-recording_resolution-a5f502f6d0,P06_ramp,h/4,if an apparent canonical survivor,"D,E"
acnet2_pyr_soma,m-recording_resolution-a5f502f6d0,P07_hyperpolarizing_step,h,always,"D,E"
acnet2_pyr_soma,m-recording_resolution-a5f502f6d0,P07_hyperpolarizing_step,h/2,if detected at h,"D,E"
acnet2_pyr_soma,m-recording_resolution-a5f502f6d0,P07_hyperpolarizing_step,h/4,if an apparent canonical survivor,"D,E"
acnet2_pyr_soma,m-recording_resolution-a5f502f6d0,P08_rebound,h,always,"D,E"
acnet2_pyr_soma,m-recording_resolution-a5f502f6d0,P08_rebound,h/2,if detected at h,"D,E"
acnet2_pyr_soma,m-recording_resolution-a5f502f6d0,P08_rebound,h/4,if an apparent canonical survivor,"D,E"
acnet2_pyr_soma,m-recording_resolution-a5f502f6d0,P09_short_pulse,h,always,"D,E"
acnet2_pyr_soma,m-recording_resolution-a5f502f6d0,P09_short_pulse,h/2,if detected at h,"D,E"
acnet2_pyr_soma,m-recording_resolution-a5f502f6d0,P09_short_pulse,h/4,if an apparent canonical survivor,"D,E"
acnet2_pyr_soma,m-wrong_channel-749374c5d2,P00_canonical,h,always,"B,C"
acnet2_pyr_soma,m-wrong_channel-749374c5d2,P00_canonical,h/2,if detected at h,"B,C"
acnet2_pyr_soma,m-wrong_channel-749374c5d2,P00_canonical,h/4,if an apparent canonical survivor,"B,C"
acnet2_pyr_soma,m-wrong_channel-749374c5d2,P02_weak_step,h,always,"D,E"
acnet2_pyr_soma,m-wrong_channel-749374c5d2,P02_weak_step,h/2,if detected at h,"D,E"
acnet2_pyr_soma,m-wrong_channel-749374c5d2,P02_weak_step,h/4,if an apparent canonical survivor,"D,E"
acnet2_pyr_soma,m-wrong_channel-749374c5d2,P03_rheobase,h,always,"D,E"
acnet2_pyr_soma,m-wrong_channel-749374c5d2,P03_rheobase,h/2,if detected at h,"D,E"
acnet2_pyr_soma,m-wrong_channel-749374c5d2,P03_rheobase,h/4,if an apparent canonical survivor,"D,E"
acnet2_pyr_soma,m-wrong_channel-749374c5d2,P04_step_2x,h,always,"D,E"
acnet2_pyr_soma,m-wrong_channel-749374c5d2,P04_step_2x,h/2,if detected at h,"D,E"
acnet2_pyr_soma,m-wrong_channel-749374c5d2,P04_step_2x,h/4,if an apparent canonical survivor,"D,E"
acnet2_pyr_soma,m-wrong_channel-749374c5d2,P05_long_step,h,always,"D,E"
acnet2_pyr_soma,m-wrong_channel-749374c5d2,P05_long_step,h/2,if detected at h,"D,E"
acnet2_pyr_soma,m-wrong_channel-749374c5d2,P05_long_step,h/4,if an apparent canonical survivor,"D,E"
acnet2_pyr_soma,m-wrong_channel-749374c5d2,P06_ramp,h,always,"D,E"
acnet2_pyr_soma,m-wrong_channel-749374c5d2,P06_ramp,h/2,if detected at h,"D,E"
acnet2_pyr_soma,m-wrong_channel-749374c5d2,P06_ramp,h/4,if an apparent canonical survivor,"D,E"
acnet2_pyr_soma,m-wrong_channel-749374c5d2,P07_hyperpolarizing_step,h,always,"D,E"
acnet2_pyr_soma,m-wrong_channel-749374c5d2,P07_hyperpolarizing_step,h/2,if detected at h,"D,E"
acnet2_pyr_soma,m-wrong_channel-749374c5d2,P07_hyperpolarizing_step,h/4,if an apparent canonical survivor,"D,E"
acnet2_pyr_soma,m-wrong_channel-749374c5d2,P08_rebound,h,always,"D,E"
acnet2_pyr_soma,m-wrong_channel-749374c5d2,P08_rebound,h/2,if detected at h,"D,E"
acnet2_pyr_soma,m-wrong_channel-749374c5d2,P08_rebound,h/4,if an apparent canonical survivor,"D,E"
acnet2_pyr_soma,m-wrong_channel-749374c5d2,P09_short_pulse,h,always,"D,E"
acnet2_pyr_soma,m-wrong_channel-749374c5d2,P09_short_pulse,h/2,if detected at h,"D,E"
acnet2_pyr_soma,m-wrong_channel-749374c5d2,P09_short_pulse,h/4,if an apparent canonical survivor,"D,E"
acnet2_pyr_soma,m-omit_include-b072277531,P00_canonical,h,always,"B,C"
acnet2_pyr_soma,m-omit_include-b072277531,P00_canonical,h/2,if detected at h,"B,C"
acnet2_pyr_soma,m-omit_include-b072277531,P00_canonical,h/4,if an apparent canonical survivor,"B,C"
acnet2_pyr_soma,m-omit_include-b072277531,P02_weak_step,h,always,"D,E"
acnet2_pyr_soma,m-omit_include-b072277531,P02_weak_step,h/2,if detected at h,"D,E"
acnet2_pyr_soma,m-omit_include-b072277531,P02_weak_step,h/4,if an apparent canonical survivor,"D,E"
acnet2_pyr_soma,m-omit_include-b072277531,P03_rheobase,h,always,"D,E"
acnet2_pyr_soma,m-omit_include-b072277531,P03_rheobase,h/2,if detected at h,"D,E"
acnet2_pyr_soma,m-omit_include-b072277531,P03_rheobase,h/4,if an apparent canonical survivor,"D,E"
acnet2_pyr_soma,m-omit_include-b072277531,P04_step_2x,h,always,"D,E"
acnet2_pyr_soma,m-omit_include-b072277531,P04_step_2x,h/2,if detected at h,"D,E"
acnet2_pyr_soma,m-omit_include-b072277531,P04_step_2x,h/4,if an apparent canonical survivor,"D,E"
acnet2_pyr_soma,m-omit_include-b072277531,P05_long_step,h,always,"D,E"
acnet2_pyr_soma,m-omit_include-b072277531,P05_long_step,h/2,if detected at h,"D,E"
acnet2_pyr_soma,m-omit_include-b072277531,P05_long_step,h/4,if an apparent canonical survivor,"D,E"
acnet2_pyr_soma,m-omit_include-b072277531,P06_ramp,h,always,"D,E"
acnet2_pyr_soma,m-omit_include-b072277531,P06_ramp,h/2,if detected at h,"D,E"
acnet2_pyr_soma,m-omit_include-b072277531,P06_ramp,h/4,if an apparent canonical survivor,"D,E"
acnet2_pyr_soma,m-omit_include-b072277531,P07_hyperpolarizing_step,h,always,"D,E"
acnet2_pyr_soma,m-omit_include-b072277531,P07_hyperpolarizing_step,h/2,if detected at h,"D,E"
acnet2_pyr_soma,m-omit_include-b072277531,P07_hyperpolarizing_step,h/4,if an apparent canonical survivor,"D,E"
acnet2_pyr_soma,m-omit_include-b072277531,P08_rebound,h,always,"D,E"
acnet2_pyr_soma,m-omit_include-b072277531,P08_rebound,h/2,if detected at h,"D,E"
acnet2_pyr_soma,m-omit_include-b072277531,P08_rebound,h/4,if an apparent canonical survivor,"D,E"
acnet2_pyr_soma,m-omit_include-b072277531,P09_short_pulse,h,always,"D,E"
acnet2_pyr_soma,m-omit_include-b072277531,P09_short_pulse,h/2,if detected at h,"D,E"
acnet2_pyr_soma,m-omit_include-b072277531,P09_short_pulse,h/4,if an apparent canonical survivor,"D,E"
acnet2_pyr_soma,m-duplicate_conductance-bdd4b1d9e1,P00_canonical,h,always,"B,C"
acnet2_pyr_soma,m-duplicate_conductance-bdd4b1d9e1,P00_canonical,h/2,if detected at h,"B,C"
acnet2_pyr_soma,m-duplicate_conductance-bdd4b1d9e1,P00_canonical,h/4,if an apparent canonical survivor,"B,C"
acnet2_pyr_soma,m-duplicate_conductance-bdd4b1d9e1,P02_weak_step,h,always,"D,E"
acnet2_pyr_soma,m-duplicate_conductance-bdd4b1d9e1,P02_weak_step,h/2,if detected at h,"D,E"
acnet2_pyr_soma,m-duplicate_conductance-bdd4b1d9e1,P02_weak_step,h/4,if an apparent canonical survivor,"D,E"
acnet2_pyr_soma,m-duplicate_conductance-bdd4b1d9e1,P03_rheobase,h,always,"D,E"
acnet2_pyr_soma,m-duplicate_conductance-bdd4b1d9e1,P03_rheobase,h/2,if detected at h,"D,E"
acnet2_pyr_soma,m-duplicate_conductance-bdd4b1d9e1,P03_rheobase,h/4,if an apparent canonical survivor,"D,E"
acnet2_pyr_soma,m-duplicate_conductance-bdd4b1d9e1,P04_step_2x,h,always,"D,E"
acnet2_pyr_soma,m-duplicate_conductance-bdd4b1d9e1,P04_step_2x,h/2,if detected at h,"D,E"
acnet2_pyr_soma,m-duplicate_conductance-bdd4b1d9e1,P04_step_2x,h/4,if an apparent canonical survivor,"D,E"
acnet2_pyr_soma,m-duplicate_conductance-bdd4b1d9e1,P05_long_step,h,always,"D,E"
acnet2_pyr_soma,m-duplicate_conductance-bdd4b1d9e1,P05_long_step,h/2,if detected at h,"D,E"
acnet2_pyr_soma,m-duplicate_conductance-bdd4b1d9e1,P05_long_step,h/4,if an apparent canonical survivor,"D,E"
acnet2_pyr_soma,m-duplicate_conductance-bdd4b1d9e1,P06_ramp,h,always,"D,E"
acnet2_pyr_soma,m-duplicate_conductance-bdd4b1d9e1,P06_ramp,h/2,if detected at h,"D,E"
acnet2_pyr_soma,m-duplicate_conductance-bdd4b1d9e1,P06_ramp,h/4,if an apparent canonical survivor,"D,E"
acnet2_pyr_soma,m-duplicate_conductance-bdd4b1d9e1,P07_hyperpolarizing_step,h,always,"D,E"
acnet2_pyr_soma,m-duplicate_conductance-bdd4b1d9e1,P07_hyperpolarizing_step,h/2,if detected at h,"D,E"
acnet2_pyr_soma,m-duplicate_conductance-bdd4b1d9e1,P07_hyperpolarizing_step,h/4,if an apparent canonical survivor,"D,E"
acnet2_pyr_soma,m-duplicate_conductance-bdd4b1d9e1,P08_rebound,h,always,"D,E"
acnet2_pyr_soma,m-duplicate_conductance-bdd4b1d9e1,P08_rebound,h/2,if detected at h,"D,E"
acnet2_pyr_soma,m-duplicate_conductance-bdd4b1d9e1,P08_rebound,h/4,if an apparent canonical survivor,"D,E"
acnet2_pyr_soma,m-duplicate_conductance-bdd4b1d9e1,P09_short_pulse,h,always,"D,E"
acnet2_pyr_soma,m-duplicate_conductance-bdd4b1d9e1,P09_short_pulse,h/2,if detected at h,"D,E"
acnet2_pyr_soma,m-duplicate_conductance-bdd4b1d9e1,P09_short_pulse,h/4,if an apparent canonical survivor,"D,E"
acnet2_pyr_soma,m-wrong_compatible_component-a38cf2a7ad,P00_canonical,h,always,"B,C"
acnet2_pyr_soma,m-wrong_compatible_component-a38cf2a7ad,P00_canonical,h/2,if detected at h,"B,C"
acnet2_pyr_soma,m-wrong_compatible_component-a38cf2a7ad,P00_canonical,h/4,if an apparent canonical survivor,"B,C"
acnet2_pyr_soma,m-wrong_compatible_component-a38cf2a7ad,P02_weak_step,h,always,"D,E"
acnet2_pyr_soma,m-wrong_compatible_component-a38cf2a7ad,P02_weak_step,h/2,if detected at h,"D,E"
acnet2_pyr_soma,m-wrong_compatible_component-a38cf2a7ad,P02_weak_step,h/4,if an apparent canonical survivor,"D,E"
acnet2_pyr_soma,m-wrong_compatible_component-a38cf2a7ad,P03_rheobase,h,always,"D,E"
acnet2_pyr_soma,m-wrong_compatible_component-a38cf2a7ad,P03_rheobase,h/2,if detected at h,"D,E"
acnet2_pyr_soma,m-wrong_compatible_component-a38cf2a7ad,P03_rheobase,h/4,if an apparent canonical survivor,"D,E"
acnet2_pyr_soma,m-wrong_compatible_component-a38cf2a7ad,P04_step_2x,h,always,"D,E"
acnet2_pyr_soma,m-wrong_compatible_component-a38cf2a7ad,P04_step_2x,h/2,if detected at h,"D,E"
acnet2_pyr_soma,m-wrong_compatible_component-a38cf2a7ad,P04_step_2x,h/4,if an apparent canonical survivor,"D,E"
acnet2_pyr_soma,m-wrong_compatible_component-a38cf2a7ad,P05_long_step,h,always,"D,E"
acnet2_pyr_soma,m-wrong_compatible_component-a38cf2a7ad,P05_long_step,h/2,if detected at h,"D,E"
acnet2_pyr_soma,m-wrong_compatible_component-a38cf2a7ad,P05_long_step,h/4,if an apparent canonical survivor,"D,E"
acnet2_pyr_soma,m-wrong_compatible_component-a38cf2a7ad,P06_ramp,h,always,"D,E"
acnet2_pyr_soma,m-wrong_compatible_component-a38cf2a7ad,P06_ramp,h/2,if detected at h,"D,E"
acnet2_pyr_soma,m-wrong_compatible_component-a38cf2a7ad,P06_ramp,h/4,if an apparent canonical survivor,"D,E"
acnet2_pyr_soma,m-wrong_compatible_component-a38cf2a7ad,P07_hyperpolarizing_step,h,always,"D,E"
acnet2_pyr_soma,m-wrong_compatible_component-a38cf2a7ad,P07_hyperpolarizing_step,h/2,if detected at h,"D,E"
acnet2_pyr_soma,m-wrong_compatible_component-a38cf2a7ad,P07_hyperpolarizing_step,h/4,if an apparent canonical survivor,"D,E"
acnet2_pyr_soma,m-wrong_compatible_component-a38cf2a7ad,P08_rebound,h,always,"D,E"
acnet2_pyr_soma,m-wrong_compatible_component-a38cf2a7ad,P08_rebound,h/2,if detected at h,"D,E"
acnet2_pyr_soma,m-wrong_compatible_component-a38cf2a7ad,P08_rebound,h/4,if an apparent canonical survivor,"D,E"
acnet2_pyr_soma,m-wrong_compatible_component-a38cf2a7ad,P09_short_pulse,h,always,"D,E"
acnet2_pyr_soma,m-wrong_compatible_component-a38cf2a7ad,P09_short_pulse,h/2,if detected at h,"D,E"
acnet2_pyr_soma,m-wrong_compatible_component-a38cf2a7ad,P09_short_pulse,h/4,if an apparent canonical survivor,"D,E"
acnet2_pyr_soma,acnet2_pyr_soma__unit_conversion__000,P00_canonical,h,always,"B,C"
acnet2_pyr_soma,acnet2_pyr_soma__unit_conversion__000,P00_canonical,h/2,if detected at h,"B,C"
acnet2_pyr_soma,acnet2_pyr_soma__unit_conversion__000,P00_canonical,h/4,if an apparent canonical survivor,"B,C"
acnet2_pyr_soma,acnet2_pyr_soma__unit_conversion__000,P02_weak_step,h,always,"D,E"
acnet2_pyr_soma,acnet2_pyr_soma__unit_conversion__000,P02_weak_step,h/2,if detected at h,"D,E"
acnet2_pyr_soma,acnet2_pyr_soma__unit_conversion__000,P02_weak_step,h/4,if an apparent canonical survivor,"D,E"
acnet2_pyr_soma,acnet2_pyr_soma__unit_conversion__000,P03_rheobase,h,always,"D,E"
acnet2_pyr_soma,acnet2_pyr_soma__unit_conversion__000,P03_rheobase,h/2,if detected at h,"D,E"
acnet2_pyr_soma,acnet2_pyr_soma__unit_conversion__000,P03_rheobase,h/4,if an apparent canonical survivor,"D,E"
acnet2_pyr_soma,acnet2_pyr_soma__unit_conversion__000,P04_step_2x,h,always,"D,E"
acnet2_pyr_soma,acnet2_pyr_soma__unit_conversion__000,P04_step_2x,h/2,if detected at h,"D,E"
acnet2_pyr_soma,acnet2_pyr_soma__unit_conversion__000,P04_step_2x,h/4,if an apparent canonical survivor,"D,E"
acnet2_pyr_soma,acnet2_pyr_soma__unit_conversion__000,P05_long_step,h,always,"D,E"
acnet2_pyr_soma,acnet2_pyr_soma__unit_conversion__000,P05_long_step,h/2,if detected at h,"D,E"
acnet2_pyr_soma,acnet2_pyr_soma__unit_conversion__000,P05_long_step,h/4,if an apparent canonical survivor,"D,E"
acnet2_pyr_soma,acnet2_pyr_soma__unit_conversion__000,P06_ramp,h,always,"D,E"
acnet2_pyr_soma,acnet2_pyr_soma__unit_conversion__000,P06_ramp,h/2,if detected at h,"D,E"
acnet2_pyr_soma,acnet2_pyr_soma__unit_conversion__000,P06_ramp,h/4,if an apparent canonical survivor,"D,E"
acnet2_pyr_soma,acnet2_pyr_soma__unit_conversion__000,P07_hyperpolarizing_step,h,always,"D,E"
acnet2_pyr_soma,acnet2_pyr_soma__unit_conversion__000,P07_hyperpolarizing_step,h/2,if detected at h,"D,E"
acnet2_pyr_soma,acnet2_pyr_soma__unit_conversion__000,P07_hyperpolarizing_step,h/4,if an apparent canonical survivor,"D,E"
acnet2_pyr_soma,acnet2_pyr_soma__unit_conversion__000,P08_rebound,h,always,"D,E"
acnet2_pyr_soma,acnet2_pyr_soma__unit_conversion__000,P08_rebound,h/2,if detected at h,"D,E"
acnet2_pyr_soma,acnet2_pyr_soma__unit_conversion__000,P08_rebound,h/4,if an apparent canonical survivor,"D,E"
acnet2_pyr_soma,acnet2_pyr_soma__unit_conversion__000,P09_short_pulse,h,always,"D,E"
acnet2_pyr_soma,acnet2_pyr_soma__unit_conversion__000,P09_short_pulse,h/2,if detected at h,"D,E"
acnet2_pyr_soma,acnet2_pyr_soma__unit_conversion__000,P09_short_pulse,h/4,if an apparent canonical survivor,"D,E"
acnet2_pyr_soma,acnet2_pyr_soma__xml_formatting__000,P00_canonical,h,always,"B,C"
acnet2_pyr_soma,acnet2_pyr_soma__xml_formatting__000,P00_canonical,h/2,if detected at h,"B,C"
acnet2_pyr_soma,acnet2_pyr_soma__xml_formatting__000,P00_canonical,h/4,if an apparent canonical survivor,"B,C"
acnet2_pyr_soma,acnet2_pyr_soma__xml_formatting__000,P02_weak_step,h,always,"D,E"
acnet2_pyr_soma,acnet2_pyr_soma__xml_formatting__000,P02_weak_step,h/2,if detected at h,"D,E"
acnet2_pyr_soma,acnet2_pyr_soma__xml_formatting__000,P02_weak_step,h/4,if an apparent canonical survivor,"D,E"
acnet2_pyr_soma,acnet2_pyr_soma__xml_formatting__000,P03_rheobase,h,always,"D,E"
acnet2_pyr_soma,acnet2_pyr_soma__xml_formatting__000,P03_rheobase,h/2,if detected at h,"D,E"
acnet2_pyr_soma,acnet2_pyr_soma__xml_formatting__000,P03_rheobase,h/4,if an apparent canonical survivor,"D,E"
acnet2_pyr_soma,acnet2_pyr_soma__xml_formatting__000,P04_step_2x,h,always,"D,E"
acnet2_pyr_soma,acnet2_pyr_soma__xml_formatting__000,P04_step_2x,h/2,if detected at h,"D,E"
acnet2_pyr_soma,acnet2_pyr_soma__xml_formatting__000,P04_step_2x,h/4,if an apparent canonical survivor,"D,E"
acnet2_pyr_soma,acnet2_pyr_soma__xml_formatting__000,P05_long_step,h,always,"D,E"
acnet2_pyr_soma,acnet2_pyr_soma__xml_formatting__000,P05_long_step,h/2,if detected at h,"D,E"
acnet2_pyr_soma,acnet2_pyr_soma__xml_formatting__000,P05_long_step,h/4,if an apparent canonical survivor,"D,E"
acnet2_pyr_soma,acnet2_pyr_soma__xml_formatting__000,P06_ramp,h,always,"D,E"
acnet2_pyr_soma,acnet2_pyr_soma__xml_formatting__000,P06_ramp,h/2,if detected at h,"D,E"
acnet2_pyr_soma,acnet2_pyr_soma__xml_formatting__000,P06_ramp,h/4,if an apparent canonical survivor,"D,E"
acnet2_pyr_soma,acnet2_pyr_soma__xml_formatting__000,P07_hyperpolarizing_step,h,always,"D,E"
acnet2_pyr_soma,acnet2_pyr_soma__xml_formatting__000,P07_hyperpolarizing_step,h/2,if detected at h,"D,E"
acnet2_pyr_soma,acnet2_pyr_soma__xml_formatting__000,P07_hyperpolarizing_step,h/4,if an apparent canonical survivor,"D,E"
acnet2_pyr_soma,acnet2_pyr_soma__xml_formatting__000,P08_rebound,h,always,"D,E"
acnet2_pyr_soma,acnet2_pyr_soma__xml_formatting__000,P08_rebound,h/2,if detected at h,"D,E"
acnet2_pyr_soma,acnet2_pyr_soma__xml_formatting__000,P08_rebound,h/4,if an apparent canonical survivor,"D,E"
acnet2_pyr_soma,acnet2_pyr_soma__xml_formatting__000,P09_short_pulse,h,always,"D,E"
acnet2_pyr_soma,acnet2_pyr_soma__xml_formatting__000,P09_short_pulse,h/2,if detected at h,"D,E"
acnet2_pyr_soma,acnet2_pyr_soma__xml_formatting__000,P09_short_pulse,h/4,if an apparent canonical survivor,"D,E"
acnet2_pyr_soma,acnet2_pyr_soma__add_comments__000,P00_canonical,h,always,"B,C"
acnet2_pyr_soma,acnet2_pyr_soma__add_comments__000,P00_canonical,h/2,if detected at h,"B,C"
acnet2_pyr_soma,acnet2_pyr_soma__add_comments__000,P00_canonical,h/4,if an apparent canonical survivor,"B,C"
acnet2_pyr_soma,acnet2_pyr_soma__add_comments__000,P02_weak_step,h,always,"D,E"
acnet2_pyr_soma,acnet2_pyr_soma__add_comments__000,P02_weak_step,h/2,if detected at h,"D,E"
acnet2_pyr_soma,acnet2_pyr_soma__add_comments__000,P02_weak_step,h/4,if an apparent canonical survivor,"D,E"
acnet2_pyr_soma,acnet2_pyr_soma__add_comments__000,P03_rheobase,h,always,"D,E"
acnet2_pyr_soma,acnet2_pyr_soma__add_comments__000,P03_rheobase,h/2,if detected at h,"D,E"
acnet2_pyr_soma,acnet2_pyr_soma__add_comments__000,P03_rheobase,h/4,if an apparent canonical survivor,"D,E"
acnet2_pyr_soma,acnet2_pyr_soma__add_comments__000,P04_step_2x,h,always,"D,E"
acnet2_pyr_soma,acnet2_pyr_soma__add_comments__000,P04_step_2x,h/2,if detected at h,"D,E"
acnet2_pyr_soma,acnet2_pyr_soma__add_comments__000,P04_step_2x,h/4,if an apparent canonical survivor,"D,E"
acnet2_pyr_soma,acnet2_pyr_soma__add_comments__000,P05_long_step,h,always,"D,E"
acnet2_pyr_soma,acnet2_pyr_soma__add_comments__000,P05_long_step,h/2,if detected at h,"D,E"
acnet2_pyr_soma,acnet2_pyr_soma__add_comments__000,P05_long_step,h/4,if an apparent canonical survivor,"D,E"
acnet2_pyr_soma,acnet2_pyr_soma__add_comments__000,P06_ramp,h,always,"D,E"
acnet2_pyr_soma,acnet2_pyr_soma__add_comments__000,P06_ramp,h/2,if detected at h,"D,E"
acnet2_pyr_soma,acnet2_pyr_soma__add_comments__000,P06_ramp,h/4,if an apparent canonical survivor,"D,E"
acnet2_pyr_soma,acnet2_pyr_soma__add_comments__000,P07_hyperpolarizing_step,h,always,"D,E"
acnet2_pyr_soma,acnet2_pyr_soma__add_comments__000,P07_hyperpolarizing_step,h/2,if detected at h,"D,E"
acnet2_pyr_soma,acnet2_pyr_soma__add_comments__000,P07_hyperpolarizing_step,h/4,if an apparent canonical survivor,"D,E"
acnet2_pyr_soma,acnet2_pyr_soma__add_comments__000,P08_rebound,h,always,"D,E"
acnet2_pyr_soma,acnet2_pyr_soma__add_comments__000,P08_rebound,h/2,if detected at h,"D,E"
acnet2_pyr_soma,acnet2_pyr_soma__add_comments__000,P08_rebound,h/4,if an apparent canonical survivor,"D,E"
acnet2_pyr_soma,acnet2_pyr_soma__add_comments__000,P09_short_pulse,h,always,"D,E"
acnet2_pyr_soma,acnet2_pyr_soma__add_comments__000,P09_short_pulse,h/2,if detected at h,"D,E"
acnet2_pyr_soma,acnet2_pyr_soma__add_comments__000,P09_short_pulse,h/4,if an apparent canonical survivor,"D,E"
acnet2_pyr_soma,acnet2_pyr_soma__numeric_literal_format__000,P00_canonical,h,always,"B,C"
acnet2_pyr_soma,acnet2_pyr_soma__numeric_literal_format__000,P00_canonical,h/2,if detected at h,"B,C"
acnet2_pyr_soma,acnet2_pyr_soma__numeric_literal_format__000,P00_canonical,h/4,if an apparent canonical survivor,"B,C"
acnet2_pyr_soma,acnet2_pyr_soma__numeric_literal_format__000,P02_weak_step,h,always,"D,E"
acnet2_pyr_soma,acnet2_pyr_soma__numeric_literal_format__000,P02_weak_step,h/2,if detected at h,"D,E"
acnet2_pyr_soma,acnet2_pyr_soma__numeric_literal_format__000,P02_weak_step,h/4,if an apparent canonical survivor,"D,E"
acnet2_pyr_soma,acnet2_pyr_soma__numeric_literal_format__000,P03_rheobase,h,always,"D,E"
acnet2_pyr_soma,acnet2_pyr_soma__numeric_literal_format__000,P03_rheobase,h/2,if detected at h,"D,E"
acnet2_pyr_soma,acnet2_pyr_soma__numeric_literal_format__000,P03_rheobase,h/4,if an apparent canonical survivor,"D,E"
acnet2_pyr_soma,acnet2_pyr_soma__numeric_literal_format__000,P04_step_2x,h,always,"D,E"
acnet2_pyr_soma,acnet2_pyr_soma__numeric_literal_format__000,P04_step_2x,h/2,if detected at h,"D,E"
acnet2_pyr_soma,acnet2_pyr_soma__numeric_literal_format__000,P04_step_2x,h/4,if an apparent canonical survivor,"D,E"
acnet2_pyr_soma,acnet2_pyr_soma__numeric_literal_format__000,P05_long_step,h,always,"D,E"
acnet2_pyr_soma,acnet2_pyr_soma__numeric_literal_format__000,P05_long_step,h/2,if detected at h,"D,E"
acnet2_pyr_soma,acnet2_pyr_soma__numeric_literal_format__000,P05_long_step,h/4,if an apparent canonical survivor,"D,E"
acnet2_pyr_soma,acnet2_pyr_soma__numeric_literal_format__000,P06_ramp,h,always,"D,E"
acnet2_pyr_soma,acnet2_pyr_soma__numeric_literal_format__000,P06_ramp,h/2,if detected at h,"D,E"
acnet2_pyr_soma,acnet2_pyr_soma__numeric_literal_format__000,P06_ramp,h/4,if an apparent canonical survivor,"D,E"
acnet2_pyr_soma,acnet2_pyr_soma__numeric_literal_format__000,P07_hyperpolarizing_step,h,always,"D,E"
acnet2_pyr_soma,acnet2_pyr_soma__numeric_literal_format__000,P07_hyperpolarizing_step,h/2,if detected at h,"D,E"
acnet2_pyr_soma,acnet2_pyr_soma__numeric_literal_format__000,P07_hyperpolarizing_step,h/4,if an apparent canonical survivor,"D,E"
acnet2_pyr_soma,acnet2_pyr_soma__numeric_literal_format__000,P08_rebound,h,always,"D,E"
acnet2_pyr_soma,acnet2_pyr_soma__numeric_literal_format__000,P08_rebound,h/2,if detected at h,"D,E"
acnet2_pyr_soma,acnet2_pyr_soma__numeric_literal_format__000,P08_rebound,h/4,if an apparent canonical survivor,"D,E"
acnet2_pyr_soma,acnet2_pyr_soma__numeric_literal_format__000,P09_short_pulse,h,always,"D,E"
acnet2_pyr_soma,acnet2_pyr_soma__numeric_literal_format__000,P09_short_pulse,h/2,if detected at h,"D,E"
acnet2_pyr_soma,acnet2_pyr_soma__numeric_literal_format__000,P09_short_pulse,h/4,if an apparent canonical survivor,"D,E"
acnet2_pyr_soma,acnet2_pyr_soma__rename_identifier__000,P00_canonical,h,always,"B,C"
acnet2_pyr_soma,acnet2_pyr_soma__rename_identifier__000,P00_canonical,h/2,if detected at h,"B,C"
acnet2_pyr_soma,acnet2_pyr_soma__rename_identifier__000,P00_canonical,h/4,if an apparent canonical survivor,"B,C"
acnet2_pyr_soma,acnet2_pyr_soma__rename_identifier__000,P02_weak_step,h,always,"D,E"
acnet2_pyr_soma,acnet2_pyr_soma__rename_identifier__000,P02_weak_step,h/2,if detected at h,"D,E"
acnet2_pyr_soma,acnet2_pyr_soma__rename_identifier__000,P02_weak_step,h/4,if an apparent canonical survivor,"D,E"
acnet2_pyr_soma,acnet2_pyr_soma__rename_identifier__000,P03_rheobase,h,always,"D,E"
acnet2_pyr_soma,acnet2_pyr_soma__rename_identifier__000,P03_rheobase,h/2,if detected at h,"D,E"
acnet2_pyr_soma,acnet2_pyr_soma__rename_identifier__000,P03_rheobase,h/4,if an apparent canonical survivor,"D,E"
acnet2_pyr_soma,acnet2_pyr_soma__rename_identifier__000,P04_step_2x,h,always,"D,E"
acnet2_pyr_soma,acnet2_pyr_soma__rename_identifier__000,P04_step_2x,h/2,if detected at h,"D,E"
acnet2_pyr_soma,acnet2_pyr_soma__rename_identifier__000,P04_step_2x,h/4,if an apparent canonical survivor,"D,E"
acnet2_pyr_soma,acnet2_pyr_soma__rename_identifier__000,P05_long_step,h,always,"D,E"
acnet2_pyr_soma,acnet2_pyr_soma__rename_identifier__000,P05_long_step,h/2,if detected at h,"D,E"
acnet2_pyr_soma,acnet2_pyr_soma__rename_identifier__000,P05_long_step,h/4,if an apparent canonical survivor,"D,E"
acnet2_pyr_soma,acnet2_pyr_soma__rename_identifier__000,P06_ramp,h,always,"D,E"
acnet2_pyr_soma,acnet2_pyr_soma__rename_identifier__000,P06_ramp,h/2,if detected at h,"D,E"
acnet2_pyr_soma,acnet2_pyr_soma__rename_identifier__000,P06_ramp,h/4,if an apparent canonical survivor,"D,E"
acnet2_pyr_soma,acnet2_pyr_soma__rename_identifier__000,P07_hyperpolarizing_step,h,always,"D,E"
acnet2_pyr_soma,acnet2_pyr_soma__rename_identifier__000,P07_hyperpolarizing_step,h/2,if detected at h,"D,E"
acnet2_pyr_soma,acnet2_pyr_soma__rename_identifier__000,P07_hyperpolarizing_step,h/4,if an apparent canonical survivor,"D,E"
acnet2_pyr_soma,acnet2_pyr_soma__rename_identifier__000,P08_rebound,h,always,"D,E"
acnet2_pyr_soma,acnet2_pyr_soma__rename_identifier__000,P08_rebound,h/2,if detected at h,"D,E"
acnet2_pyr_soma,acnet2_pyr_soma__rename_identifier__000,P08_rebound,h/4,if an apparent canonical survivor,"D,E"
acnet2_pyr_soma,acnet2_pyr_soma__rename_identifier__000,P09_short_pulse,h,always,"D,E"
acnet2_pyr_soma,acnet2_pyr_soma__rename_identifier__000,P09_short_pulse,h/2,if detected at h,"D,E"
acnet2_pyr_soma,acnet2_pyr_soma__rename_identifier__000,P09_short_pulse,h/4,if an apparent canonical survivor,"D,E"
acnet2_pyr_soma,acnet2_pyr_soma__factor_file__000,P00_canonical,h,always,"B,C"
acnet2_pyr_soma,acnet2_pyr_soma__factor_file__000,P00_canonical,h/2,if detected at h,"B,C"
acnet2_pyr_soma,acnet2_pyr_soma__factor_file__000,P00_canonical,h/4,if an apparent canonical survivor,"B,C"
acnet2_pyr_soma,acnet2_pyr_soma__factor_file__000,P02_weak_step,h,always,"D,E"
acnet2_pyr_soma,acnet2_pyr_soma__factor_file__000,P02_weak_step,h/2,if detected at h,"D,E"
acnet2_pyr_soma,acnet2_pyr_soma__factor_file__000,P02_weak_step,h/4,if an apparent canonical survivor,"D,E"
acnet2_pyr_soma,acnet2_pyr_soma__factor_file__000,P03_rheobase,h,always,"D,E"
acnet2_pyr_soma,acnet2_pyr_soma__factor_file__000,P03_rheobase,h/2,if detected at h,"D,E"
acnet2_pyr_soma,acnet2_pyr_soma__factor_file__000,P03_rheobase,h/4,if an apparent canonical survivor,"D,E"
acnet2_pyr_soma,acnet2_pyr_soma__factor_file__000,P04_step_2x,h,always,"D,E"
acnet2_pyr_soma,acnet2_pyr_soma__factor_file__000,P04_step_2x,h/2,if detected at h,"D,E"
acnet2_pyr_soma,acnet2_pyr_soma__factor_file__000,P04_step_2x,h/4,if an apparent canonical survivor,"D,E"
acnet2_pyr_soma,acnet2_pyr_soma__factor_file__000,P05_long_step,h,always,"D,E"
acnet2_pyr_soma,acnet2_pyr_soma__factor_file__000,P05_long_step,h/2,if detected at h,"D,E"
acnet2_pyr_soma,acnet2_pyr_soma__factor_file__000,P05_long_step,h/4,if an apparent canonical survivor,"D,E"
acnet2_pyr_soma,acnet2_pyr_soma__factor_file__000,P06_ramp,h,always,"D,E"
acnet2_pyr_soma,acnet2_pyr_soma__factor_file__000,P06_ramp,h/2,if detected at h,"D,E"
acnet2_pyr_soma,acnet2_pyr_soma__factor_file__000,P06_ramp,h/4,if an apparent canonical survivor,"D,E"
acnet2_pyr_soma,acnet2_pyr_soma__factor_file__000,P07_hyperpolarizing_step,h,always,"D,E"
acnet2_pyr_soma,acnet2_pyr_soma__factor_file__000,P07_hyperpolarizing_step,h/2,if detected at h,"D,E"
acnet2_pyr_soma,acnet2_pyr_soma__factor_file__000,P07_hyperpolarizing_step,h/4,if an apparent canonical survivor,"D,E"
acnet2_pyr_soma,acnet2_pyr_soma__factor_file__000,P08_rebound,h,always,"D,E"
acnet2_pyr_soma,acnet2_pyr_soma__factor_file__000,P08_rebound,h/2,if detected at h,"D,E"
acnet2_pyr_soma,acnet2_pyr_soma__factor_file__000,P08_rebound,h/4,if an apparent canonical survivor,"D,E"
acnet2_pyr_soma,acnet2_pyr_soma__factor_file__000,P09_short_pulse,h,always,"D,E"
acnet2_pyr_soma,acnet2_pyr_soma__factor_file__000,P09_short_pulse,h/2,if detected at h,"D,E"
acnet2_pyr_soma,acnet2_pyr_soma__factor_file__000,P09_short_pulse,h/4,if an apparent canonical survivor,"D,E"
acnet2_pyr_soma,acnet2_pyr_soma__reorder_independent__000,P00_canonical,h,always,"B,C"
acnet2_pyr_soma,acnet2_pyr_soma__reorder_independent__000,P00_canonical,h/2,if detected at h,"B,C"
acnet2_pyr_soma,acnet2_pyr_soma__reorder_independent__000,P00_canonical,h/4,if an apparent canonical survivor,"B,C"
acnet2_pyr_soma,acnet2_pyr_soma__reorder_independent__000,P02_weak_step,h,always,"D,E"
acnet2_pyr_soma,acnet2_pyr_soma__reorder_independent__000,P02_weak_step,h/2,if detected at h,"D,E"
acnet2_pyr_soma,acnet2_pyr_soma__reorder_independent__000,P02_weak_step,h/4,if an apparent canonical survivor,"D,E"
acnet2_pyr_soma,acnet2_pyr_soma__reorder_independent__000,P03_rheobase,h,always,"D,E"
acnet2_pyr_soma,acnet2_pyr_soma__reorder_independent__000,P03_rheobase,h/2,if detected at h,"D,E"
acnet2_pyr_soma,acnet2_pyr_soma__reorder_independent__000,P03_rheobase,h/4,if an apparent canonical survivor,"D,E"
acnet2_pyr_soma,acnet2_pyr_soma__reorder_independent__000,P04_step_2x,h,always,"D,E"
acnet2_pyr_soma,acnet2_pyr_soma__reorder_independent__000,P04_step_2x,h/2,if detected at h,"D,E"
acnet2_pyr_soma,acnet2_pyr_soma__reorder_independent__000,P04_step_2x,h/4,if an apparent canonical survivor,"D,E"
acnet2_pyr_soma,acnet2_pyr_soma__reorder_independent__000,P05_long_step,h,always,"D,E"
acnet2_pyr_soma,acnet2_pyr_soma__reorder_independent__000,P05_long_step,h/2,if detected at h,"D,E"
acnet2_pyr_soma,acnet2_pyr_soma__reorder_independent__000,P05_long_step,h/4,if an apparent canonical survivor,"D,E"
acnet2_pyr_soma,acnet2_pyr_soma__reorder_independent__000,P06_ramp,h,always,"D,E"
acnet2_pyr_soma,acnet2_pyr_soma__reorder_independent__000,P06_ramp,h/2,if detected at h,"D,E"
acnet2_pyr_soma,acnet2_pyr_soma__reorder_independent__000,P06_ramp,h/4,if an apparent canonical survivor,"D,E"
acnet2_pyr_soma,acnet2_pyr_soma__reorder_independent__000,P07_hyperpolarizing_step,h,always,"D,E"
acnet2_pyr_soma,acnet2_pyr_soma__reorder_independent__000,P07_hyperpolarizing_step,h/2,if detected at h,"D,E"
acnet2_pyr_soma,acnet2_pyr_soma__reorder_independent__000,P07_hyperpolarizing_step,h/4,if an apparent canonical survivor,"D,E"
acnet2_pyr_soma,acnet2_pyr_soma__reorder_independent__000,P08_rebound,h,always,"D,E"
acnet2_pyr_soma,acnet2_pyr_soma__reorder_independent__000,P08_rebound,h/2,if detected at h,"D,E"
acnet2_pyr_soma,acnet2_pyr_soma__reorder_independent__000,P08_rebound,h/4,if an apparent canonical survivor,"D,E"
acnet2_pyr_soma,acnet2_pyr_soma__reorder_independent__000,P09_short_pulse,h,always,"D,E"
acnet2_pyr_soma,acnet2_pyr_soma__reorder_independent__000,P09_short_pulse,h/2,if detected at h,"D,E"
acnet2_pyr_soma,acnet2_pyr_soma__reorder_independent__000,P09_short_pulse,h/4,if an apparent canonical survivor,"D,E"
acnet2_pyr_soma,acnet2_pyr_soma__explicit_default__000,P00_canonical,h,always,"B,C"
acnet2_pyr_soma,acnet2_pyr_soma__explicit_default__000,P00_canonical,h/2,if detected at h,"B,C"
acnet2_pyr_soma,acnet2_pyr_soma__explicit_default__000,P00_canonical,h/4,if an apparent canonical survivor,"B,C"
acnet2_pyr_soma,acnet2_pyr_soma__explicit_default__000,P02_weak_step,h,always,"D,E"
acnet2_pyr_soma,acnet2_pyr_soma__explicit_default__000,P02_weak_step,h/2,if detected at h,"D,E"
acnet2_pyr_soma,acnet2_pyr_soma__explicit_default__000,P02_weak_step,h/4,if an apparent canonical survivor,"D,E"
acnet2_pyr_soma,acnet2_pyr_soma__explicit_default__000,P03_rheobase,h,always,"D,E"
acnet2_pyr_soma,acnet2_pyr_soma__explicit_default__000,P03_rheobase,h/2,if detected at h,"D,E"
acnet2_pyr_soma,acnet2_pyr_soma__explicit_default__000,P03_rheobase,h/4,if an apparent canonical survivor,"D,E"
acnet2_pyr_soma,acnet2_pyr_soma__explicit_default__000,P04_step_2x,h,always,"D,E"
acnet2_pyr_soma,acnet2_pyr_soma__explicit_default__000,P04_step_2x,h/2,if detected at h,"D,E"
acnet2_pyr_soma,acnet2_pyr_soma__explicit_default__000,P04_step_2x,h/4,if an apparent canonical survivor,"D,E"
acnet2_pyr_soma,acnet2_pyr_soma__explicit_default__000,P05_long_step,h,always,"D,E"
acnet2_pyr_soma,acnet2_pyr_soma__explicit_default__000,P05_long_step,h/2,if detected at h,"D,E"
acnet2_pyr_soma,acnet2_pyr_soma__explicit_default__000,P05_long_step,h/4,if an apparent canonical survivor,"D,E"
acnet2_pyr_soma,acnet2_pyr_soma__explicit_default__000,P06_ramp,h,always,"D,E"
acnet2_pyr_soma,acnet2_pyr_soma__explicit_default__000,P06_ramp,h/2,if detected at h,"D,E"
acnet2_pyr_soma,acnet2_pyr_soma__explicit_default__000,P06_ramp,h/4,if an apparent canonical survivor,"D,E"
acnet2_pyr_soma,acnet2_pyr_soma__explicit_default__000,P07_hyperpolarizing_step,h,always,"D,E"
acnet2_pyr_soma,acnet2_pyr_soma__explicit_default__000,P07_hyperpolarizing_step,h/2,if detected at h,"D,E"
acnet2_pyr_soma,acnet2_pyr_soma__explicit_default__000,P07_hyperpolarizing_step,h/4,if an apparent canonical survivor,"D,E"
acnet2_pyr_soma,acnet2_pyr_soma__explicit_default__000,P08_rebound,h,always,"D,E"
acnet2_pyr_soma,acnet2_pyr_soma__explicit_default__000,P08_rebound,h/2,if detected at h,"D,E"
acnet2_pyr_soma,acnet2_pyr_soma__explicit_default__000,P08_rebound,h/4,if an apparent canonical survivor,"D,E"
acnet2_pyr_soma,acnet2_pyr_soma__explicit_default__000,P09_short_pulse,h,always,"D,E"
acnet2_pyr_soma,acnet2_pyr_soma__explicit_default__000,P09_short_pulse,h/2,if detected at h,"D,E"
acnet2_pyr_soma,acnet2_pyr_soma__explicit_default__000,P09_short_pulse,h/4,if an apparent canonical survivor,"D,E"
migliore2014_mt_soma,m-scale_conductance-0fd04dc708,P00_canonical,h,always,"B,C"
migliore2014_mt_soma,m-scale_conductance-0fd04dc708,P00_canonical,h/2,if detected at h,"B,C"
migliore2014_mt_soma,m-scale_conductance-0fd04dc708,P00_canonical,h/4,if an apparent canonical survivor,"B,C"
migliore2014_mt_soma,m-scale_conductance-0fd04dc708,P02_weak_step,h,always,"D,E"
migliore2014_mt_soma,m-scale_conductance-0fd04dc708,P02_weak_step,h/2,if detected at h,"D,E"
migliore2014_mt_soma,m-scale_conductance-0fd04dc708,P02_weak_step,h/4,if an apparent canonical survivor,"D,E"
migliore2014_mt_soma,m-scale_conductance-0fd04dc708,P03_rheobase,h,always,"D,E"
migliore2014_mt_soma,m-scale_conductance-0fd04dc708,P03_rheobase,h/2,if detected at h,"D,E"
migliore2014_mt_soma,m-scale_conductance-0fd04dc708,P03_rheobase,h/4,if an apparent canonical survivor,"D,E"
migliore2014_mt_soma,m-scale_conductance-0fd04dc708,P04_step_2x,h,always,"D,E"
migliore2014_mt_soma,m-scale_conductance-0fd04dc708,P04_step_2x,h/2,if detected at h,"D,E"
migliore2014_mt_soma,m-scale_conductance-0fd04dc708,P04_step_2x,h/4,if an apparent canonical survivor,"D,E"
migliore2014_mt_soma,m-scale_conductance-0fd04dc708,P05_long_step,h,always,"D,E"
migliore2014_mt_soma,m-scale_conductance-0fd04dc708,P05_long_step,h/2,if detected at h,"D,E"
migliore2014_mt_soma,m-scale_conductance-0fd04dc708,P05_long_step,h/4,if an apparent canonical survivor,"D,E"
migliore2014_mt_soma,m-scale_conductance-0fd04dc708,P06_ramp,h,always,"D,E"
migliore2014_mt_soma,m-scale_conductance-0fd04dc708,P06_ramp,h/2,if detected at h,"D,E"
migliore2014_mt_soma,m-scale_conductance-0fd04dc708,P06_ramp,h/4,if an apparent canonical survivor,"D,E"
migliore2014_mt_soma,m-scale_conductance-0fd04dc708,P07_hyperpolarizing_step,h,always,"D,E"
migliore2014_mt_soma,m-scale_conductance-0fd04dc708,P07_hyperpolarizing_step,h/2,if detected at h,"D,E"
migliore2014_mt_soma,m-scale_conductance-0fd04dc708,P07_hyperpolarizing_step,h/4,if an apparent canonical survivor,"D,E"
migliore2014_mt_soma,m-scale_conductance-0fd04dc708,P08_rebound,h,always,"D,E"
migliore2014_mt_soma,m-scale_conductance-0fd04dc708,P08_rebound,h/2,if detected at h,"D,E"
migliore2014_mt_soma,m-scale_conductance-0fd04dc708,P08_rebound,h/4,if an apparent canonical survivor,"D,E"
migliore2014_mt_soma,m-scale_conductance-0fd04dc708,P09_short_pulse,h,always,"D,E"
migliore2014_mt_soma,m-scale_conductance-0fd04dc708,P09_short_pulse,h/2,if detected at h,"D,E"
migliore2014_mt_soma,m-scale_conductance-0fd04dc708,P09_short_pulse,h/4,if an apparent canonical survivor,"D,E"
migliore2014_mt_soma,m-scale_conductance-a9d05675ab,P00_canonical,h,always,"B,C"
migliore2014_mt_soma,m-scale_conductance-a9d05675ab,P00_canonical,h/2,if detected at h,"B,C"
migliore2014_mt_soma,m-scale_conductance-a9d05675ab,P00_canonical,h/4,if an apparent canonical survivor,"B,C"
migliore2014_mt_soma,m-scale_conductance-a9d05675ab,P02_weak_step,h,always,"D,E"
migliore2014_mt_soma,m-scale_conductance-a9d05675ab,P02_weak_step,h/2,if detected at h,"D,E"
migliore2014_mt_soma,m-scale_conductance-a9d05675ab,P02_weak_step,h/4,if an apparent canonical survivor,"D,E"
migliore2014_mt_soma,m-scale_conductance-a9d05675ab,P03_rheobase,h,always,"D,E"
migliore2014_mt_soma,m-scale_conductance-a9d05675ab,P03_rheobase,h/2,if detected at h,"D,E"
migliore2014_mt_soma,m-scale_conductance-a9d05675ab,P03_rheobase,h/4,if an apparent canonical survivor,"D,E"
migliore2014_mt_soma,m-scale_conductance-a9d05675ab,P04_step_2x,h,always,"D,E"
migliore2014_mt_soma,m-scale_conductance-a9d05675ab,P04_step_2x,h/2,if detected at h,"D,E"
migliore2014_mt_soma,m-scale_conductance-a9d05675ab,P04_step_2x,h/4,if an apparent canonical survivor,"D,E"
migliore2014_mt_soma,m-scale_conductance-a9d05675ab,P05_long_step,h,always,"D,E"
migliore2014_mt_soma,m-scale_conductance-a9d05675ab,P05_long_step,h/2,if detected at h,"D,E"
migliore2014_mt_soma,m-scale_conductance-a9d05675ab,P05_long_step,h/4,if an apparent canonical survivor,"D,E"
migliore2014_mt_soma,m-scale_conductance-a9d05675ab,P06_ramp,h,always,"D,E"
migliore2014_mt_soma,m-scale_conductance-a9d05675ab,P06_ramp,h/2,if detected at h,"D,E"
migliore2014_mt_soma,m-scale_conductance-a9d05675ab,P06_ramp,h/4,if an apparent canonical survivor,"D,E"
migliore2014_mt_soma,m-scale_conductance-a9d05675ab,P07_hyperpolarizing_step,h,always,"D,E"
migliore2014_mt_soma,m-scale_conductance-a9d05675ab,P07_hyperpolarizing_step,h/2,if detected at h,"D,E"
migliore2014_mt_soma,m-scale_conductance-a9d05675ab,P07_hyperpolarizing_step,h/4,if an apparent canonical survivor,"D,E"
migliore2014_mt_soma,m-scale_conductance-a9d05675ab,P08_rebound,h,always,"D,E"
migliore2014_mt_soma,m-scale_conductance-a9d05675ab,P08_rebound,h/2,if detected at h,"D,E"
migliore2014_mt_soma,m-scale_conductance-a9d05675ab,P08_rebound,h/4,if an apparent canonical survivor,"D,E"
migliore2014_mt_soma,m-scale_conductance-a9d05675ab,P09_short_pulse,h,always,"D,E"
migliore2014_mt_soma,m-scale_conductance-a9d05675ab,P09_short_pulse,h/2,if detected at h,"D,E"
migliore2014_mt_soma,m-scale_conductance-a9d05675ab,P09_short_pulse,h/4,if an apparent canonical survivor,"D,E"
migliore2014_mt_soma,m-scale_conductance-fd3b7c7dcc,P00_canonical,h,always,"B,C"
migliore2014_mt_soma,m-scale_conductance-fd3b7c7dcc,P00_canonical,h/2,if detected at h,"B,C"
migliore2014_mt_soma,m-scale_conductance-fd3b7c7dcc,P00_canonical,h/4,if an apparent canonical survivor,"B,C"
migliore2014_mt_soma,m-scale_conductance-fd3b7c7dcc,P02_weak_step,h,always,"D,E"
migliore2014_mt_soma,m-scale_conductance-fd3b7c7dcc,P02_weak_step,h/2,if detected at h,"D,E"
migliore2014_mt_soma,m-scale_conductance-fd3b7c7dcc,P02_weak_step,h/4,if an apparent canonical survivor,"D,E"
migliore2014_mt_soma,m-scale_conductance-fd3b7c7dcc,P03_rheobase,h,always,"D,E"
migliore2014_mt_soma,m-scale_conductance-fd3b7c7dcc,P03_rheobase,h/2,if detected at h,"D,E"
migliore2014_mt_soma,m-scale_conductance-fd3b7c7dcc,P03_rheobase,h/4,if an apparent canonical survivor,"D,E"
migliore2014_mt_soma,m-scale_conductance-fd3b7c7dcc,P04_step_2x,h,always,"D,E"
migliore2014_mt_soma,m-scale_conductance-fd3b7c7dcc,P04_step_2x,h/2,if detected at h,"D,E"
migliore2014_mt_soma,m-scale_conductance-fd3b7c7dcc,P04_step_2x,h/4,if an apparent canonical survivor,"D,E"
migliore2014_mt_soma,m-scale_conductance-fd3b7c7dcc,P05_long_step,h,always,"D,E"
migliore2014_mt_soma,m-scale_conductance-fd3b7c7dcc,P05_long_step,h/2,if detected at h,"D,E"
migliore2014_mt_soma,m-scale_conductance-fd3b7c7dcc,P05_long_step,h/4,if an apparent canonical survivor,"D,E"
migliore2014_mt_soma,m-scale_conductance-fd3b7c7dcc,P06_ramp,h,always,"D,E"
migliore2014_mt_soma,m-scale_conductance-fd3b7c7dcc,P06_ramp,h/2,if detected at h,"D,E"
migliore2014_mt_soma,m-scale_conductance-fd3b7c7dcc,P06_ramp,h/4,if an apparent canonical survivor,"D,E"
migliore2014_mt_soma,m-scale_conductance-fd3b7c7dcc,P07_hyperpolarizing_step,h,always,"D,E"
migliore2014_mt_soma,m-scale_conductance-fd3b7c7dcc,P07_hyperpolarizing_step,h/2,if detected at h,"D,E"
migliore2014_mt_soma,m-scale_conductance-fd3b7c7dcc,P07_hyperpolarizing_step,h/4,if an apparent canonical survivor,"D,E"
migliore2014_mt_soma,m-scale_conductance-fd3b7c7dcc,P08_rebound,h,always,"D,E"
migliore2014_mt_soma,m-scale_conductance-fd3b7c7dcc,P08_rebound,h/2,if detected at h,"D,E"
migliore2014_mt_soma,m-scale_conductance-fd3b7c7dcc,P08_rebound,h/4,if an apparent canonical survivor,"D,E"
migliore2014_mt_soma,m-scale_conductance-fd3b7c7dcc,P09_short_pulse,h,always,"D,E"
migliore2014_mt_soma,m-scale_conductance-fd3b7c7dcc,P09_short_pulse,h/2,if detected at h,"D,E"
migliore2014_mt_soma,m-scale_conductance-fd3b7c7dcc,P09_short_pulse,h/4,if an apparent canonical survivor,"D,E"
migliore2014_mt_soma,m-scale_conductance-de26f4d2e1,P00_canonical,h,always,"B,C"
migliore2014_mt_soma,m-scale_conductance-de26f4d2e1,P00_canonical,h/2,if detected at h,"B,C"
migliore2014_mt_soma,m-scale_conductance-de26f4d2e1,P00_canonical,h/4,if an apparent canonical survivor,"B,C"
migliore2014_mt_soma,m-scale_conductance-de26f4d2e1,P02_weak_step,h,always,"D,E"
migliore2014_mt_soma,m-scale_conductance-de26f4d2e1,P02_weak_step,h/2,if detected at h,"D,E"
migliore2014_mt_soma,m-scale_conductance-de26f4d2e1,P02_weak_step,h/4,if an apparent canonical survivor,"D,E"
migliore2014_mt_soma,m-scale_conductance-de26f4d2e1,P03_rheobase,h,always,"D,E"
migliore2014_mt_soma,m-scale_conductance-de26f4d2e1,P03_rheobase,h/2,if detected at h,"D,E"
migliore2014_mt_soma,m-scale_conductance-de26f4d2e1,P03_rheobase,h/4,if an apparent canonical survivor,"D,E"
migliore2014_mt_soma,m-scale_conductance-de26f4d2e1,P04_step_2x,h,always,"D,E"
migliore2014_mt_soma,m-scale_conductance-de26f4d2e1,P04_step_2x,h/2,if detected at h,"D,E"
migliore2014_mt_soma,m-scale_conductance-de26f4d2e1,P04_step_2x,h/4,if an apparent canonical survivor,"D,E"
migliore2014_mt_soma,m-scale_conductance-de26f4d2e1,P05_long_step,h,always,"D,E"
migliore2014_mt_soma,m-scale_conductance-de26f4d2e1,P05_long_step,h/2,if detected at h,"D,E"
migliore2014_mt_soma,m-scale_conductance-de26f4d2e1,P05_long_step,h/4,if an apparent canonical survivor,"D,E"
migliore2014_mt_soma,m-scale_conductance-de26f4d2e1,P06_ramp,h,always,"D,E"
migliore2014_mt_soma,m-scale_conductance-de26f4d2e1,P06_ramp,h/2,if detected at h,"D,E"
migliore2014_mt_soma,m-scale_conductance-de26f4d2e1,P06_ramp,h/4,if an apparent canonical survivor,"D,E"
migliore2014_mt_soma,m-scale_conductance-de26f4d2e1,P07_hyperpolarizing_step,h,always,"D,E"
migliore2014_mt_soma,m-scale_conductance-de26f4d2e1,P07_hyperpolarizing_step,h/2,if detected at h,"D,E"
migliore2014_mt_soma,m-scale_conductance-de26f4d2e1,P07_hyperpolarizing_step,h/4,if an apparent canonical survivor,"D,E"
migliore2014_mt_soma,m-scale_conductance-de26f4d2e1,P08_rebound,h,always,"D,E"
migliore2014_mt_soma,m-scale_conductance-de26f4d2e1,P08_rebound,h/2,if detected at h,"D,E"
migliore2014_mt_soma,m-scale_conductance-de26f4d2e1,P08_rebound,h/4,if an apparent canonical survivor,"D,E"
migliore2014_mt_soma,m-scale_conductance-de26f4d2e1,P09_short_pulse,h,always,"D,E"
migliore2014_mt_soma,m-scale_conductance-de26f4d2e1,P09_short_pulse,h/2,if detected at h,"D,E"
migliore2014_mt_soma,m-scale_conductance-de26f4d2e1,P09_short_pulse,h/4,if an apparent canonical survivor,"D,E"
migliore2014_mt_soma,m-shift_reversal-7be708c601,P00_canonical,h,always,"B,C"
migliore2014_mt_soma,m-shift_reversal-7be708c601,P00_canonical,h/2,if detected at h,"B,C"
migliore2014_mt_soma,m-shift_reversal-7be708c601,P00_canonical,h/4,if an apparent canonical survivor,"B,C"
migliore2014_mt_soma,m-shift_reversal-7be708c601,P02_weak_step,h,always,"D,E"
migliore2014_mt_soma,m-shift_reversal-7be708c601,P02_weak_step,h/2,if detected at h,"D,E"
migliore2014_mt_soma,m-shift_reversal-7be708c601,P02_weak_step,h/4,if an apparent canonical survivor,"D,E"
migliore2014_mt_soma,m-shift_reversal-7be708c601,P03_rheobase,h,always,"D,E"
migliore2014_mt_soma,m-shift_reversal-7be708c601,P03_rheobase,h/2,if detected at h,"D,E"
migliore2014_mt_soma,m-shift_reversal-7be708c601,P03_rheobase,h/4,if an apparent canonical survivor,"D,E"
migliore2014_mt_soma,m-shift_reversal-7be708c601,P04_step_2x,h,always,"D,E"
migliore2014_mt_soma,m-shift_reversal-7be708c601,P04_step_2x,h/2,if detected at h,"D,E"
migliore2014_mt_soma,m-shift_reversal-7be708c601,P04_step_2x,h/4,if an apparent canonical survivor,"D,E"
migliore2014_mt_soma,m-shift_reversal-7be708c601,P05_long_step,h,always,"D,E"
migliore2014_mt_soma,m-shift_reversal-7be708c601,P05_long_step,h/2,if detected at h,"D,E"
migliore2014_mt_soma,m-shift_reversal-7be708c601,P05_long_step,h/4,if an apparent canonical survivor,"D,E"
migliore2014_mt_soma,m-shift_reversal-7be708c601,P06_ramp,h,always,"D,E"
migliore2014_mt_soma,m-shift_reversal-7be708c601,P06_ramp,h/2,if detected at h,"D,E"
migliore2014_mt_soma,m-shift_reversal-7be708c601,P06_ramp,h/4,if an apparent canonical survivor,"D,E"
migliore2014_mt_soma,m-shift_reversal-7be708c601,P07_hyperpolarizing_step,h,always,"D,E"
migliore2014_mt_soma,m-shift_reversal-7be708c601,P07_hyperpolarizing_step,h/2,if detected at h,"D,E"
migliore2014_mt_soma,m-shift_reversal-7be708c601,P07_hyperpolarizing_step,h/4,if an apparent canonical survivor,"D,E"
migliore2014_mt_soma,m-shift_reversal-7be708c601,P08_rebound,h,always,"D,E"
migliore2014_mt_soma,m-shift_reversal-7be708c601,P08_rebound,h/2,if detected at h,"D,E"
migliore2014_mt_soma,m-shift_reversal-7be708c601,P08_rebound,h/4,if an apparent canonical survivor,"D,E"
migliore2014_mt_soma,m-shift_reversal-7be708c601,P09_short_pulse,h,always,"D,E"
migliore2014_mt_soma,m-shift_reversal-7be708c601,P09_short_pulse,h/2,if detected at h,"D,E"
migliore2014_mt_soma,m-shift_reversal-7be708c601,P09_short_pulse,h/4,if an apparent canonical survivor,"D,E"
migliore2014_mt_soma,m-shift_reversal-d4460926dc,P00_canonical,h,always,"B,C"
migliore2014_mt_soma,m-shift_reversal-d4460926dc,P00_canonical,h/2,if detected at h,"B,C"
migliore2014_mt_soma,m-shift_reversal-d4460926dc,P00_canonical,h/4,if an apparent canonical survivor,"B,C"
migliore2014_mt_soma,m-shift_reversal-d4460926dc,P02_weak_step,h,always,"D,E"
migliore2014_mt_soma,m-shift_reversal-d4460926dc,P02_weak_step,h/2,if detected at h,"D,E"
migliore2014_mt_soma,m-shift_reversal-d4460926dc,P02_weak_step,h/4,if an apparent canonical survivor,"D,E"
migliore2014_mt_soma,m-shift_reversal-d4460926dc,P03_rheobase,h,always,"D,E"
migliore2014_mt_soma,m-shift_reversal-d4460926dc,P03_rheobase,h/2,if detected at h,"D,E"
migliore2014_mt_soma,m-shift_reversal-d4460926dc,P03_rheobase,h/4,if an apparent canonical survivor,"D,E"
migliore2014_mt_soma,m-shift_reversal-d4460926dc,P04_step_2x,h,always,"D,E"
migliore2014_mt_soma,m-shift_reversal-d4460926dc,P04_step_2x,h/2,if detected at h,"D,E"
migliore2014_mt_soma,m-shift_reversal-d4460926dc,P04_step_2x,h/4,if an apparent canonical survivor,"D,E"
migliore2014_mt_soma,m-shift_reversal-d4460926dc,P05_long_step,h,always,"D,E"
migliore2014_mt_soma,m-shift_reversal-d4460926dc,P05_long_step,h/2,if detected at h,"D,E"
migliore2014_mt_soma,m-shift_reversal-d4460926dc,P05_long_step,h/4,if an apparent canonical survivor,"D,E"
migliore2014_mt_soma,m-shift_reversal-d4460926dc,P06_ramp,h,always,"D,E"
migliore2014_mt_soma,m-shift_reversal-d4460926dc,P06_ramp,h/2,if detected at h,"D,E"
migliore2014_mt_soma,m-shift_reversal-d4460926dc,P06_ramp,h/4,if an apparent canonical survivor,"D,E"
migliore2014_mt_soma,m-shift_reversal-d4460926dc,P07_hyperpolarizing_step,h,always,"D,E"
migliore2014_mt_soma,m-shift_reversal-d4460926dc,P07_hyperpolarizing_step,h/2,if detected at h,"D,E"
migliore2014_mt_soma,m-shift_reversal-d4460926dc,P07_hyperpolarizing_step,h/4,if an apparent canonical survivor,"D,E"
migliore2014_mt_soma,m-shift_reversal-d4460926dc,P08_rebound,h,always,"D,E"
migliore2014_mt_soma,m-shift_reversal-d4460926dc,P08_rebound,h/2,if detected at h,"D,E"
migliore2014_mt_soma,m-shift_reversal-d4460926dc,P08_rebound,h/4,if an apparent canonical survivor,"D,E"
migliore2014_mt_soma,m-shift_reversal-d4460926dc,P09_short_pulse,h,always,"D,E"
migliore2014_mt_soma,m-shift_reversal-d4460926dc,P09_short_pulse,h/2,if detected at h,"D,E"
migliore2014_mt_soma,m-shift_reversal-d4460926dc,P09_short_pulse,h/4,if an apparent canonical survivor,"D,E"
migliore2014_mt_soma,m-shift_reversal-3bffbb8e9b,P00_canonical,h,always,"B,C"
migliore2014_mt_soma,m-shift_reversal-3bffbb8e9b,P00_canonical,h/2,if detected at h,"B,C"
migliore2014_mt_soma,m-shift_reversal-3bffbb8e9b,P00_canonical,h/4,if an apparent canonical survivor,"B,C"
migliore2014_mt_soma,m-shift_reversal-3bffbb8e9b,P02_weak_step,h,always,"D,E"
migliore2014_mt_soma,m-shift_reversal-3bffbb8e9b,P02_weak_step,h/2,if detected at h,"D,E"
migliore2014_mt_soma,m-shift_reversal-3bffbb8e9b,P02_weak_step,h/4,if an apparent canonical survivor,"D,E"
migliore2014_mt_soma,m-shift_reversal-3bffbb8e9b,P03_rheobase,h,always,"D,E"
migliore2014_mt_soma,m-shift_reversal-3bffbb8e9b,P03_rheobase,h/2,if detected at h,"D,E"
migliore2014_mt_soma,m-shift_reversal-3bffbb8e9b,P03_rheobase,h/4,if an apparent canonical survivor,"D,E"
migliore2014_mt_soma,m-shift_reversal-3bffbb8e9b,P04_step_2x,h,always,"D,E"
migliore2014_mt_soma,m-shift_reversal-3bffbb8e9b,P04_step_2x,h/2,if detected at h,"D,E"
migliore2014_mt_soma,m-shift_reversal-3bffbb8e9b,P04_step_2x,h/4,if an apparent canonical survivor,"D,E"
migliore2014_mt_soma,m-shift_reversal-3bffbb8e9b,P05_long_step,h,always,"D,E"
migliore2014_mt_soma,m-shift_reversal-3bffbb8e9b,P05_long_step,h/2,if detected at h,"D,E"
migliore2014_mt_soma,m-shift_reversal-3bffbb8e9b,P05_long_step,h/4,if an apparent canonical survivor,"D,E"
migliore2014_mt_soma,m-shift_reversal-3bffbb8e9b,P06_ramp,h,always,"D,E"
migliore2014_mt_soma,m-shift_reversal-3bffbb8e9b,P06_ramp,h/2,if detected at h,"D,E"
migliore2014_mt_soma,m-shift_reversal-3bffbb8e9b,P06_ramp,h/4,if an apparent canonical survivor,"D,E"
migliore2014_mt_soma,m-shift_reversal-3bffbb8e9b,P07_hyperpolarizing_step,h,always,"D,E"
migliore2014_mt_soma,m-shift_reversal-3bffbb8e9b,P07_hyperpolarizing_step,h/2,if detected at h,"D,E"
migliore2014_mt_soma,m-shift_reversal-3bffbb8e9b,P07_hyperpolarizing_step,h/4,if an apparent canonical survivor,"D,E"
migliore2014_mt_soma,m-shift_reversal-3bffbb8e9b,P08_rebound,h,always,"D,E"
migliore2014_mt_soma,m-shift_reversal-3bffbb8e9b,P08_rebound,h/2,if detected at h,"D,E"
migliore2014_mt_soma,m-shift_reversal-3bffbb8e9b,P08_rebound,h/4,if an apparent canonical survivor,"D,E"
migliore2014_mt_soma,m-shift_reversal-3bffbb8e9b,P09_short_pulse,h,always,"D,E"
migliore2014_mt_soma,m-shift_reversal-3bffbb8e9b,P09_short_pulse,h/2,if detected at h,"D,E"
migliore2014_mt_soma,m-shift_reversal-3bffbb8e9b,P09_short_pulse,h/4,if an apparent canonical survivor,"D,E"
migliore2014_mt_soma,m-shift_reversal-9acb9774d9,P00_canonical,h,always,"B,C"
migliore2014_mt_soma,m-shift_reversal-9acb9774d9,P00_canonical,h/2,if detected at h,"B,C"
migliore2014_mt_soma,m-shift_reversal-9acb9774d9,P00_canonical,h/4,if an apparent canonical survivor,"B,C"
migliore2014_mt_soma,m-shift_reversal-9acb9774d9,P02_weak_step,h,always,"D,E"
migliore2014_mt_soma,m-shift_reversal-9acb9774d9,P02_weak_step,h/2,if detected at h,"D,E"
migliore2014_mt_soma,m-shift_reversal-9acb9774d9,P02_weak_step,h/4,if an apparent canonical survivor,"D,E"
migliore2014_mt_soma,m-shift_reversal-9acb9774d9,P03_rheobase,h,always,"D,E"
migliore2014_mt_soma,m-shift_reversal-9acb9774d9,P03_rheobase,h/2,if detected at h,"D,E"
migliore2014_mt_soma,m-shift_reversal-9acb9774d9,P03_rheobase,h/4,if an apparent canonical survivor,"D,E"
migliore2014_mt_soma,m-shift_reversal-9acb9774d9,P04_step_2x,h,always,"D,E"
migliore2014_mt_soma,m-shift_reversal-9acb9774d9,P04_step_2x,h/2,if detected at h,"D,E"
migliore2014_mt_soma,m-shift_reversal-9acb9774d9,P04_step_2x,h/4,if an apparent canonical survivor,"D,E"
migliore2014_mt_soma,m-shift_reversal-9acb9774d9,P05_long_step,h,always,"D,E"
migliore2014_mt_soma,m-shift_reversal-9acb9774d9,P05_long_step,h/2,if detected at h,"D,E"
migliore2014_mt_soma,m-shift_reversal-9acb9774d9,P05_long_step,h/4,if an apparent canonical survivor,"D,E"
migliore2014_mt_soma,m-shift_reversal-9acb9774d9,P06_ramp,h,always,"D,E"
migliore2014_mt_soma,m-shift_reversal-9acb9774d9,P06_ramp,h/2,if detected at h,"D,E"
migliore2014_mt_soma,m-shift_reversal-9acb9774d9,P06_ramp,h/4,if an apparent canonical survivor,"D,E"
migliore2014_mt_soma,m-shift_reversal-9acb9774d9,P07_hyperpolarizing_step,h,always,"D,E"
migliore2014_mt_soma,m-shift_reversal-9acb9774d9,P07_hyperpolarizing_step,h/2,if detected at h,"D,E"
migliore2014_mt_soma,m-shift_reversal-9acb9774d9,P07_hyperpolarizing_step,h/4,if an apparent canonical survivor,"D,E"
migliore2014_mt_soma,m-shift_reversal-9acb9774d9,P08_rebound,h,always,"D,E"
migliore2014_mt_soma,m-shift_reversal-9acb9774d9,P08_rebound,h/2,if detected at h,"D,E"
migliore2014_mt_soma,m-shift_reversal-9acb9774d9,P08_rebound,h/4,if an apparent canonical survivor,"D,E"
migliore2014_mt_soma,m-shift_reversal-9acb9774d9,P09_short_pulse,h,always,"D,E"
migliore2014_mt_soma,m-shift_reversal-9acb9774d9,P09_short_pulse,h/2,if detected at h,"D,E"
migliore2014_mt_soma,m-shift_reversal-9acb9774d9,P09_short_pulse,h/4,if an apparent canonical survivor,"D,E"
migliore2014_mt_soma,m-scale_capacitance-669e5e35b9,P00_canonical,h,always,"B,C"
migliore2014_mt_soma,m-scale_capacitance-669e5e35b9,P00_canonical,h/2,if detected at h,"B,C"
migliore2014_mt_soma,m-scale_capacitance-669e5e35b9,P00_canonical,h/4,if an apparent canonical survivor,"B,C"
migliore2014_mt_soma,m-scale_capacitance-669e5e35b9,P02_weak_step,h,always,"D,E"
migliore2014_mt_soma,m-scale_capacitance-669e5e35b9,P02_weak_step,h/2,if detected at h,"D,E"
migliore2014_mt_soma,m-scale_capacitance-669e5e35b9,P02_weak_step,h/4,if an apparent canonical survivor,"D,E"
migliore2014_mt_soma,m-scale_capacitance-669e5e35b9,P03_rheobase,h,always,"D,E"
migliore2014_mt_soma,m-scale_capacitance-669e5e35b9,P03_rheobase,h/2,if detected at h,"D,E"
migliore2014_mt_soma,m-scale_capacitance-669e5e35b9,P03_rheobase,h/4,if an apparent canonical survivor,"D,E"
migliore2014_mt_soma,m-scale_capacitance-669e5e35b9,P04_step_2x,h,always,"D,E"
migliore2014_mt_soma,m-scale_capacitance-669e5e35b9,P04_step_2x,h/2,if detected at h,"D,E"
migliore2014_mt_soma,m-scale_capacitance-669e5e35b9,P04_step_2x,h/4,if an apparent canonical survivor,"D,E"
migliore2014_mt_soma,m-scale_capacitance-669e5e35b9,P05_long_step,h,always,"D,E"
migliore2014_mt_soma,m-scale_capacitance-669e5e35b9,P05_long_step,h/2,if detected at h,"D,E"
migliore2014_mt_soma,m-scale_capacitance-669e5e35b9,P05_long_step,h/4,if an apparent canonical survivor,"D,E"
migliore2014_mt_soma,m-scale_capacitance-669e5e35b9,P06_ramp,h,always,"D,E"
migliore2014_mt_soma,m-scale_capacitance-669e5e35b9,P06_ramp,h/2,if detected at h,"D,E"
migliore2014_mt_soma,m-scale_capacitance-669e5e35b9,P06_ramp,h/4,if an apparent canonical survivor,"D,E"
migliore2014_mt_soma,m-scale_capacitance-669e5e35b9,P07_hyperpolarizing_step,h,always,"D,E"
migliore2014_mt_soma,m-scale_capacitance-669e5e35b9,P07_hyperpolarizing_step,h/2,if detected at h,"D,E"
migliore2014_mt_soma,m-scale_capacitance-669e5e35b9,P07_hyperpolarizing_step,h/4,if an apparent canonical survivor,"D,E"
migliore2014_mt_soma,m-scale_capacitance-669e5e35b9,P08_rebound,h,always,"D,E"
migliore2014_mt_soma,m-scale_capacitance-669e5e35b9,P08_rebound,h/2,if detected at h,"D,E"
migliore2014_mt_soma,m-scale_capacitance-669e5e35b9,P08_rebound,h/4,if an apparent canonical survivor,"D,E"
migliore2014_mt_soma,m-scale_capacitance-669e5e35b9,P09_short_pulse,h,always,"D,E"
migliore2014_mt_soma,m-scale_capacitance-669e5e35b9,P09_short_pulse,h/2,if detected at h,"D,E"
migliore2014_mt_soma,m-scale_capacitance-669e5e35b9,P09_short_pulse,h/4,if an apparent canonical survivor,"D,E"
migliore2014_mt_soma,m-scale_capacitance-f459583f48,P00_canonical,h,always,"B,C"
migliore2014_mt_soma,m-scale_capacitance-f459583f48,P00_canonical,h/2,if detected at h,"B,C"
migliore2014_mt_soma,m-scale_capacitance-f459583f48,P00_canonical,h/4,if an apparent canonical survivor,"B,C"
migliore2014_mt_soma,m-scale_capacitance-f459583f48,P02_weak_step,h,always,"D,E"
migliore2014_mt_soma,m-scale_capacitance-f459583f48,P02_weak_step,h/2,if detected at h,"D,E"
migliore2014_mt_soma,m-scale_capacitance-f459583f48,P02_weak_step,h/4,if an apparent canonical survivor,"D,E"
migliore2014_mt_soma,m-scale_capacitance-f459583f48,P03_rheobase,h,always,"D,E"
migliore2014_mt_soma,m-scale_capacitance-f459583f48,P03_rheobase,h/2,if detected at h,"D,E"
migliore2014_mt_soma,m-scale_capacitance-f459583f48,P03_rheobase,h/4,if an apparent canonical survivor,"D,E"
migliore2014_mt_soma,m-scale_capacitance-f459583f48,P04_step_2x,h,always,"D,E"
migliore2014_mt_soma,m-scale_capacitance-f459583f48,P04_step_2x,h/2,if detected at h,"D,E"
migliore2014_mt_soma,m-scale_capacitance-f459583f48,P04_step_2x,h/4,if an apparent canonical survivor,"D,E"
migliore2014_mt_soma,m-scale_capacitance-f459583f48,P05_long_step,h,always,"D,E"
migliore2014_mt_soma,m-scale_capacitance-f459583f48,P05_long_step,h/2,if detected at h,"D,E"
migliore2014_mt_soma,m-scale_capacitance-f459583f48,P05_long_step,h/4,if an apparent canonical survivor,"D,E"
migliore2014_mt_soma,m-scale_capacitance-f459583f48,P06_ramp,h,always,"D,E"
migliore2014_mt_soma,m-scale_capacitance-f459583f48,P06_ramp,h/2,if detected at h,"D,E"
migliore2014_mt_soma,m-scale_capacitance-f459583f48,P06_ramp,h/4,if an apparent canonical survivor,"D,E"
migliore2014_mt_soma,m-scale_capacitance-f459583f48,P07_hyperpolarizing_step,h,always,"D,E"
migliore2014_mt_soma,m-scale_capacitance-f459583f48,P07_hyperpolarizing_step,h/2,if detected at h,"D,E"
migliore2014_mt_soma,m-scale_capacitance-f459583f48,P07_hyperpolarizing_step,h/4,if an apparent canonical survivor,"D,E"
migliore2014_mt_soma,m-scale_capacitance-f459583f48,P08_rebound,h,always,"D,E"
migliore2014_mt_soma,m-scale_capacitance-f459583f48,P08_rebound,h/2,if detected at h,"D,E"
migliore2014_mt_soma,m-scale_capacitance-f459583f48,P08_rebound,h/4,if an apparent canonical survivor,"D,E"
migliore2014_mt_soma,m-scale_capacitance-f459583f48,P09_short_pulse,h,always,"D,E"
migliore2014_mt_soma,m-scale_capacitance-f459583f48,P09_short_pulse,h/2,if detected at h,"D,E"
migliore2014_mt_soma,m-scale_capacitance-f459583f48,P09_short_pulse,h/4,if an apparent canonical survivor,"D,E"
migliore2014_mt_soma,m-shift_gate_midpoint-f6ccf19d87,P00_canonical,h,always,"B,C"
migliore2014_mt_soma,m-shift_gate_midpoint-f6ccf19d87,P00_canonical,h/2,if detected at h,"B,C"
migliore2014_mt_soma,m-shift_gate_midpoint-f6ccf19d87,P00_canonical,h/4,if an apparent canonical survivor,"B,C"
migliore2014_mt_soma,m-shift_gate_midpoint-f6ccf19d87,P02_weak_step,h,always,"D,E"
migliore2014_mt_soma,m-shift_gate_midpoint-f6ccf19d87,P02_weak_step,h/2,if detected at h,"D,E"
migliore2014_mt_soma,m-shift_gate_midpoint-f6ccf19d87,P02_weak_step,h/4,if an apparent canonical survivor,"D,E"
migliore2014_mt_soma,m-shift_gate_midpoint-f6ccf19d87,P03_rheobase,h,always,"D,E"
migliore2014_mt_soma,m-shift_gate_midpoint-f6ccf19d87,P03_rheobase,h/2,if detected at h,"D,E"
migliore2014_mt_soma,m-shift_gate_midpoint-f6ccf19d87,P03_rheobase,h/4,if an apparent canonical survivor,"D,E"
migliore2014_mt_soma,m-shift_gate_midpoint-f6ccf19d87,P04_step_2x,h,always,"D,E"
migliore2014_mt_soma,m-shift_gate_midpoint-f6ccf19d87,P04_step_2x,h/2,if detected at h,"D,E"
migliore2014_mt_soma,m-shift_gate_midpoint-f6ccf19d87,P04_step_2x,h/4,if an apparent canonical survivor,"D,E"
migliore2014_mt_soma,m-shift_gate_midpoint-f6ccf19d87,P05_long_step,h,always,"D,E"
migliore2014_mt_soma,m-shift_gate_midpoint-f6ccf19d87,P05_long_step,h/2,if detected at h,"D,E"
migliore2014_mt_soma,m-shift_gate_midpoint-f6ccf19d87,P05_long_step,h/4,if an apparent canonical survivor,"D,E"
migliore2014_mt_soma,m-shift_gate_midpoint-f6ccf19d87,P06_ramp,h,always,"D,E"
migliore2014_mt_soma,m-shift_gate_midpoint-f6ccf19d87,P06_ramp,h/2,if detected at h,"D,E"
migliore2014_mt_soma,m-shift_gate_midpoint-f6ccf19d87,P06_ramp,h/4,if an apparent canonical survivor,"D,E"
migliore2014_mt_soma,m-shift_gate_midpoint-f6ccf19d87,P07_hyperpolarizing_step,h,always,"D,E"
migliore2014_mt_soma,m-shift_gate_midpoint-f6ccf19d87,P07_hyperpolarizing_step,h/2,if detected at h,"D,E"
migliore2014_mt_soma,m-shift_gate_midpoint-f6ccf19d87,P07_hyperpolarizing_step,h/4,if an apparent canonical survivor,"D,E"
migliore2014_mt_soma,m-shift_gate_midpoint-f6ccf19d87,P08_rebound,h,always,"D,E"
migliore2014_mt_soma,m-shift_gate_midpoint-f6ccf19d87,P08_rebound,h/2,if detected at h,"D,E"
migliore2014_mt_soma,m-shift_gate_midpoint-f6ccf19d87,P08_rebound,h/4,if an apparent canonical survivor,"D,E"
migliore2014_mt_soma,m-shift_gate_midpoint-f6ccf19d87,P09_short_pulse,h,always,"D,E"
migliore2014_mt_soma,m-shift_gate_midpoint-f6ccf19d87,P09_short_pulse,h/2,if detected at h,"D,E"
migliore2014_mt_soma,m-shift_gate_midpoint-f6ccf19d87,P09_short_pulse,h/4,if an apparent canonical survivor,"D,E"
migliore2014_mt_soma,m-shift_gate_midpoint-c36e1e57f0,P00_canonical,h,always,"B,C"
migliore2014_mt_soma,m-shift_gate_midpoint-c36e1e57f0,P00_canonical,h/2,if detected at h,"B,C"
migliore2014_mt_soma,m-shift_gate_midpoint-c36e1e57f0,P00_canonical,h/4,if an apparent canonical survivor,"B,C"
migliore2014_mt_soma,m-shift_gate_midpoint-c36e1e57f0,P02_weak_step,h,always,"D,E"
migliore2014_mt_soma,m-shift_gate_midpoint-c36e1e57f0,P02_weak_step,h/2,if detected at h,"D,E"
migliore2014_mt_soma,m-shift_gate_midpoint-c36e1e57f0,P02_weak_step,h/4,if an apparent canonical survivor,"D,E"
migliore2014_mt_soma,m-shift_gate_midpoint-c36e1e57f0,P03_rheobase,h,always,"D,E"
migliore2014_mt_soma,m-shift_gate_midpoint-c36e1e57f0,P03_rheobase,h/2,if detected at h,"D,E"
migliore2014_mt_soma,m-shift_gate_midpoint-c36e1e57f0,P03_rheobase,h/4,if an apparent canonical survivor,"D,E"
migliore2014_mt_soma,m-shift_gate_midpoint-c36e1e57f0,P04_step_2x,h,always,"D,E"
migliore2014_mt_soma,m-shift_gate_midpoint-c36e1e57f0,P04_step_2x,h/2,if detected at h,"D,E"
migliore2014_mt_soma,m-shift_gate_midpoint-c36e1e57f0,P04_step_2x,h/4,if an apparent canonical survivor,"D,E"
migliore2014_mt_soma,m-shift_gate_midpoint-c36e1e57f0,P05_long_step,h,always,"D,E"
migliore2014_mt_soma,m-shift_gate_midpoint-c36e1e57f0,P05_long_step,h/2,if detected at h,"D,E"
migliore2014_mt_soma,m-shift_gate_midpoint-c36e1e57f0,P05_long_step,h/4,if an apparent canonical survivor,"D,E"
migliore2014_mt_soma,m-shift_gate_midpoint-c36e1e57f0,P06_ramp,h,always,"D,E"
migliore2014_mt_soma,m-shift_gate_midpoint-c36e1e57f0,P06_ramp,h/2,if detected at h,"D,E"
migliore2014_mt_soma,m-shift_gate_midpoint-c36e1e57f0,P06_ramp,h/4,if an apparent canonical survivor,"D,E"
migliore2014_mt_soma,m-shift_gate_midpoint-c36e1e57f0,P07_hyperpolarizing_step,h,always,"D,E"
migliore2014_mt_soma,m-shift_gate_midpoint-c36e1e57f0,P07_hyperpolarizing_step,h/2,if detected at h,"D,E"
migliore2014_mt_soma,m-shift_gate_midpoint-c36e1e57f0,P07_hyperpolarizing_step,h/4,if an apparent canonical survivor,"D,E"
migliore2014_mt_soma,m-shift_gate_midpoint-c36e1e57f0,P08_rebound,h,always,"D,E"
migliore2014_mt_soma,m-shift_gate_midpoint-c36e1e57f0,P08_rebound,h/2,if detected at h,"D,E"
migliore2014_mt_soma,m-shift_gate_midpoint-c36e1e57f0,P08_rebound,h/4,if an apparent canonical survivor,"D,E"
migliore2014_mt_soma,m-shift_gate_midpoint-c36e1e57f0,P09_short_pulse,h,always,"D,E"
migliore2014_mt_soma,m-shift_gate_midpoint-c36e1e57f0,P09_short_pulse,h/2,if detected at h,"D,E"
migliore2014_mt_soma,m-shift_gate_midpoint-c36e1e57f0,P09_short_pulse,h/4,if an apparent canonical survivor,"D,E"
migliore2014_mt_soma,m-scale_gate_slope-15951a0f18,P00_canonical,h,always,"B,C"
migliore2014_mt_soma,m-scale_gate_slope-15951a0f18,P00_canonical,h/2,if detected at h,"B,C"
migliore2014_mt_soma,m-scale_gate_slope-15951a0f18,P00_canonical,h/4,if an apparent canonical survivor,"B,C"
migliore2014_mt_soma,m-scale_gate_slope-15951a0f18,P02_weak_step,h,always,"D,E"
migliore2014_mt_soma,m-scale_gate_slope-15951a0f18,P02_weak_step,h/2,if detected at h,"D,E"
migliore2014_mt_soma,m-scale_gate_slope-15951a0f18,P02_weak_step,h/4,if an apparent canonical survivor,"D,E"
migliore2014_mt_soma,m-scale_gate_slope-15951a0f18,P03_rheobase,h,always,"D,E"
migliore2014_mt_soma,m-scale_gate_slope-15951a0f18,P03_rheobase,h/2,if detected at h,"D,E"
migliore2014_mt_soma,m-scale_gate_slope-15951a0f18,P03_rheobase,h/4,if an apparent canonical survivor,"D,E"
migliore2014_mt_soma,m-scale_gate_slope-15951a0f18,P04_step_2x,h,always,"D,E"
migliore2014_mt_soma,m-scale_gate_slope-15951a0f18,P04_step_2x,h/2,if detected at h,"D,E"
migliore2014_mt_soma,m-scale_gate_slope-15951a0f18,P04_step_2x,h/4,if an apparent canonical survivor,"D,E"
migliore2014_mt_soma,m-scale_gate_slope-15951a0f18,P05_long_step,h,always,"D,E"
migliore2014_mt_soma,m-scale_gate_slope-15951a0f18,P05_long_step,h/2,if detected at h,"D,E"
migliore2014_mt_soma,m-scale_gate_slope-15951a0f18,P05_long_step,h/4,if an apparent canonical survivor,"D,E"
migliore2014_mt_soma,m-scale_gate_slope-15951a0f18,P06_ramp,h,always,"D,E"
migliore2014_mt_soma,m-scale_gate_slope-15951a0f18,P06_ramp,h/2,if detected at h,"D,E"
migliore2014_mt_soma,m-scale_gate_slope-15951a0f18,P06_ramp,h/4,if an apparent canonical survivor,"D,E"
migliore2014_mt_soma,m-scale_gate_slope-15951a0f18,P07_hyperpolarizing_step,h,always,"D,E"
migliore2014_mt_soma,m-scale_gate_slope-15951a0f18,P07_hyperpolarizing_step,h/2,if detected at h,"D,E"
migliore2014_mt_soma,m-scale_gate_slope-15951a0f18,P07_hyperpolarizing_step,h/4,if an apparent canonical survivor,"D,E"
migliore2014_mt_soma,m-scale_gate_slope-15951a0f18,P08_rebound,h,always,"D,E"
migliore2014_mt_soma,m-scale_gate_slope-15951a0f18,P08_rebound,h/2,if detected at h,"D,E"
migliore2014_mt_soma,m-scale_gate_slope-15951a0f18,P08_rebound,h/4,if an apparent canonical survivor,"D,E"
migliore2014_mt_soma,m-scale_gate_slope-15951a0f18,P09_short_pulse,h,always,"D,E"
migliore2014_mt_soma,m-scale_gate_slope-15951a0f18,P09_short_pulse,h/2,if detected at h,"D,E"
migliore2014_mt_soma,m-scale_gate_slope-15951a0f18,P09_short_pulse,h/4,if an apparent canonical survivor,"D,E"
migliore2014_mt_soma,m-increase_dt-86f7c3d69e,P00_canonical,h,always,"B,C"
migliore2014_mt_soma,m-increase_dt-86f7c3d69e,P00_canonical,h/2,if detected at h,"B,C"
migliore2014_mt_soma,m-increase_dt-86f7c3d69e,P00_canonical,h/4,if an apparent canonical survivor,"B,C"
migliore2014_mt_soma,m-increase_dt-86f7c3d69e,P02_weak_step,h,always,"D,E"
migliore2014_mt_soma,m-increase_dt-86f7c3d69e,P02_weak_step,h/2,if detected at h,"D,E"
migliore2014_mt_soma,m-increase_dt-86f7c3d69e,P02_weak_step,h/4,if an apparent canonical survivor,"D,E"
migliore2014_mt_soma,m-increase_dt-86f7c3d69e,P03_rheobase,h,always,"D,E"
migliore2014_mt_soma,m-increase_dt-86f7c3d69e,P03_rheobase,h/2,if detected at h,"D,E"
migliore2014_mt_soma,m-increase_dt-86f7c3d69e,P03_rheobase,h/4,if an apparent canonical survivor,"D,E"
migliore2014_mt_soma,m-increase_dt-86f7c3d69e,P04_step_2x,h,always,"D,E"
migliore2014_mt_soma,m-increase_dt-86f7c3d69e,P04_step_2x,h/2,if detected at h,"D,E"
migliore2014_mt_soma,m-increase_dt-86f7c3d69e,P04_step_2x,h/4,if an apparent canonical survivor,"D,E"
migliore2014_mt_soma,m-increase_dt-86f7c3d69e,P05_long_step,h,always,"D,E"
migliore2014_mt_soma,m-increase_dt-86f7c3d69e,P05_long_step,h/2,if detected at h,"D,E"
migliore2014_mt_soma,m-increase_dt-86f7c3d69e,P05_long_step,h/4,if an apparent canonical survivor,"D,E"
migliore2014_mt_soma,m-increase_dt-86f7c3d69e,P06_ramp,h,always,"D,E"
migliore2014_mt_soma,m-increase_dt-86f7c3d69e,P06_ramp,h/2,if detected at h,"D,E"
migliore2014_mt_soma,m-increase_dt-86f7c3d69e,P06_ramp,h/4,if an apparent canonical survivor,"D,E"
migliore2014_mt_soma,m-increase_dt-86f7c3d69e,P07_hyperpolarizing_step,h,always,"D,E"
migliore2014_mt_soma,m-increase_dt-86f7c3d69e,P07_hyperpolarizing_step,h/2,if detected at h,"D,E"
migliore2014_mt_soma,m-increase_dt-86f7c3d69e,P07_hyperpolarizing_step,h/4,if an apparent canonical survivor,"D,E"
migliore2014_mt_soma,m-increase_dt-86f7c3d69e,P08_rebound,h,always,"D,E"
migliore2014_mt_soma,m-increase_dt-86f7c3d69e,P08_rebound,h/2,if detected at h,"D,E"
migliore2014_mt_soma,m-increase_dt-86f7c3d69e,P08_rebound,h/4,if an apparent canonical survivor,"D,E"
migliore2014_mt_soma,m-increase_dt-86f7c3d69e,P09_short_pulse,h,always,"D,E"
migliore2014_mt_soma,m-increase_dt-86f7c3d69e,P09_short_pulse,h/2,if detected at h,"D,E"
migliore2014_mt_soma,m-increase_dt-86f7c3d69e,P09_short_pulse,h/4,if an apparent canonical survivor,"D,E"
migliore2014_mt_soma,m-solver_config-7333128140,P00_canonical,h,always,"B,C"
migliore2014_mt_soma,m-solver_config-7333128140,P00_canonical,h/2,if detected at h,"B,C"
migliore2014_mt_soma,m-solver_config-7333128140,P00_canonical,h/4,if an apparent canonical survivor,"B,C"
migliore2014_mt_soma,m-solver_config-7333128140,P02_weak_step,h,always,"D,E"
migliore2014_mt_soma,m-solver_config-7333128140,P02_weak_step,h/2,if detected at h,"D,E"
migliore2014_mt_soma,m-solver_config-7333128140,P02_weak_step,h/4,if an apparent canonical survivor,"D,E"
migliore2014_mt_soma,m-solver_config-7333128140,P03_rheobase,h,always,"D,E"
migliore2014_mt_soma,m-solver_config-7333128140,P03_rheobase,h/2,if detected at h,"D,E"
migliore2014_mt_soma,m-solver_config-7333128140,P03_rheobase,h/4,if an apparent canonical survivor,"D,E"
migliore2014_mt_soma,m-solver_config-7333128140,P04_step_2x,h,always,"D,E"
migliore2014_mt_soma,m-solver_config-7333128140,P04_step_2x,h/2,if detected at h,"D,E"
migliore2014_mt_soma,m-solver_config-7333128140,P04_step_2x,h/4,if an apparent canonical survivor,"D,E"
migliore2014_mt_soma,m-solver_config-7333128140,P05_long_step,h,always,"D,E"
migliore2014_mt_soma,m-solver_config-7333128140,P05_long_step,h/2,if detected at h,"D,E"
migliore2014_mt_soma,m-solver_config-7333128140,P05_long_step,h/4,if an apparent canonical survivor,"D,E"
migliore2014_mt_soma,m-solver_config-7333128140,P06_ramp,h,always,"D,E"
migliore2014_mt_soma,m-solver_config-7333128140,P06_ramp,h/2,if detected at h,"D,E"
migliore2014_mt_soma,m-solver_config-7333128140,P06_ramp,h/4,if an apparent canonical survivor,"D,E"
migliore2014_mt_soma,m-solver_config-7333128140,P07_hyperpolarizing_step,h,always,"D,E"
migliore2014_mt_soma,m-solver_config-7333128140,P07_hyperpolarizing_step,h/2,if detected at h,"D,E"
migliore2014_mt_soma,m-solver_config-7333128140,P07_hyperpolarizing_step,h/4,if an apparent canonical survivor,"D,E"
migliore2014_mt_soma,m-solver_config-7333128140,P08_rebound,h,always,"D,E"
migliore2014_mt_soma,m-solver_config-7333128140,P08_rebound,h/2,if detected at h,"D,E"
migliore2014_mt_soma,m-solver_config-7333128140,P08_rebound,h/4,if an apparent canonical survivor,"D,E"
migliore2014_mt_soma,m-solver_config-7333128140,P09_short_pulse,h,always,"D,E"
migliore2014_mt_soma,m-solver_config-7333128140,P09_short_pulse,h/2,if detected at h,"D,E"
migliore2014_mt_soma,m-solver_config-7333128140,P09_short_pulse,h/4,if an apparent canonical survivor,"D,E"
migliore2014_mt_soma,m-recording_resolution-1709456cdd,P00_canonical,h,always,"B,C"
migliore2014_mt_soma,m-recording_resolution-1709456cdd,P00_canonical,h/2,if detected at h,"B,C"
migliore2014_mt_soma,m-recording_resolution-1709456cdd,P00_canonical,h/4,if an apparent canonical survivor,"B,C"
migliore2014_mt_soma,m-recording_resolution-1709456cdd,P02_weak_step,h,always,"D,E"
migliore2014_mt_soma,m-recording_resolution-1709456cdd,P02_weak_step,h/2,if detected at h,"D,E"
migliore2014_mt_soma,m-recording_resolution-1709456cdd,P02_weak_step,h/4,if an apparent canonical survivor,"D,E"
migliore2014_mt_soma,m-recording_resolution-1709456cdd,P03_rheobase,h,always,"D,E"
migliore2014_mt_soma,m-recording_resolution-1709456cdd,P03_rheobase,h/2,if detected at h,"D,E"
migliore2014_mt_soma,m-recording_resolution-1709456cdd,P03_rheobase,h/4,if an apparent canonical survivor,"D,E"
migliore2014_mt_soma,m-recording_resolution-1709456cdd,P04_step_2x,h,always,"D,E"
migliore2014_mt_soma,m-recording_resolution-1709456cdd,P04_step_2x,h/2,if detected at h,"D,E"
migliore2014_mt_soma,m-recording_resolution-1709456cdd,P04_step_2x,h/4,if an apparent canonical survivor,"D,E"
migliore2014_mt_soma,m-recording_resolution-1709456cdd,P05_long_step,h,always,"D,E"
migliore2014_mt_soma,m-recording_resolution-1709456cdd,P05_long_step,h/2,if detected at h,"D,E"
migliore2014_mt_soma,m-recording_resolution-1709456cdd,P05_long_step,h/4,if an apparent canonical survivor,"D,E"
migliore2014_mt_soma,m-recording_resolution-1709456cdd,P06_ramp,h,always,"D,E"
migliore2014_mt_soma,m-recording_resolution-1709456cdd,P06_ramp,h/2,if detected at h,"D,E"
migliore2014_mt_soma,m-recording_resolution-1709456cdd,P06_ramp,h/4,if an apparent canonical survivor,"D,E"
migliore2014_mt_soma,m-recording_resolution-1709456cdd,P07_hyperpolarizing_step,h,always,"D,E"
migliore2014_mt_soma,m-recording_resolution-1709456cdd,P07_hyperpolarizing_step,h/2,if detected at h,"D,E"
migliore2014_mt_soma,m-recording_resolution-1709456cdd,P07_hyperpolarizing_step,h/4,if an apparent canonical survivor,"D,E"
migliore2014_mt_soma,m-recording_resolution-1709456cdd,P08_rebound,h,always,"D,E"
migliore2014_mt_soma,m-recording_resolution-1709456cdd,P08_rebound,h/2,if detected at h,"D,E"
migliore2014_mt_soma,m-recording_resolution-1709456cdd,P08_rebound,h/4,if an apparent canonical survivor,"D,E"
migliore2014_mt_soma,m-recording_resolution-1709456cdd,P09_short_pulse,h,always,"D,E"
migliore2014_mt_soma,m-recording_resolution-1709456cdd,P09_short_pulse,h/2,if detected at h,"D,E"
migliore2014_mt_soma,m-recording_resolution-1709456cdd,P09_short_pulse,h/4,if an apparent canonical survivor,"D,E"
migliore2014_mt_soma,m-wrong_channel-aa3604e9d4,P00_canonical,h,always,"B,C"
migliore2014_mt_soma,m-wrong_channel-aa3604e9d4,P00_canonical,h/2,if detected at h,"B,C"
migliore2014_mt_soma,m-wrong_channel-aa3604e9d4,P00_canonical,h/4,if an apparent canonical survivor,"B,C"
migliore2014_mt_soma,m-wrong_channel-aa3604e9d4,P02_weak_step,h,always,"D,E"
migliore2014_mt_soma,m-wrong_channel-aa3604e9d4,P02_weak_step,h/2,if detected at h,"D,E"
migliore2014_mt_soma,m-wrong_channel-aa3604e9d4,P02_weak_step,h/4,if an apparent canonical survivor,"D,E"
migliore2014_mt_soma,m-wrong_channel-aa3604e9d4,P03_rheobase,h,always,"D,E"
migliore2014_mt_soma,m-wrong_channel-aa3604e9d4,P03_rheobase,h/2,if detected at h,"D,E"
migliore2014_mt_soma,m-wrong_channel-aa3604e9d4,P03_rheobase,h/4,if an apparent canonical survivor,"D,E"
migliore2014_mt_soma,m-wrong_channel-aa3604e9d4,P04_step_2x,h,always,"D,E"
migliore2014_mt_soma,m-wrong_channel-aa3604e9d4,P04_step_2x,h/2,if detected at h,"D,E"
migliore2014_mt_soma,m-wrong_channel-aa3604e9d4,P04_step_2x,h/4,if an apparent canonical survivor,"D,E"
migliore2014_mt_soma,m-wrong_channel-aa3604e9d4,P05_long_step,h,always,"D,E"
migliore2014_mt_soma,m-wrong_channel-aa3604e9d4,P05_long_step,h/2,if detected at h,"D,E"
migliore2014_mt_soma,m-wrong_channel-aa3604e9d4,P05_long_step,h/4,if an apparent canonical survivor,"D,E"
migliore2014_mt_soma,m-wrong_channel-aa3604e9d4,P06_ramp,h,always,"D,E"
migliore2014_mt_soma,m-wrong_channel-aa3604e9d4,P06_ramp,h/2,if detected at h,"D,E"
migliore2014_mt_soma,m-wrong_channel-aa3604e9d4,P06_ramp,h/4,if an apparent canonical survivor,"D,E"
migliore2014_mt_soma,m-wrong_channel-aa3604e9d4,P07_hyperpolarizing_step,h,always,"D,E"
migliore2014_mt_soma,m-wrong_channel-aa3604e9d4,P07_hyperpolarizing_step,h/2,if detected at h,"D,E"
migliore2014_mt_soma,m-wrong_channel-aa3604e9d4,P07_hyperpolarizing_step,h/4,if an apparent canonical survivor,"D,E"
migliore2014_mt_soma,m-wrong_channel-aa3604e9d4,P08_rebound,h,always,"D,E"
migliore2014_mt_soma,m-wrong_channel-aa3604e9d4,P08_rebound,h/2,if detected at h,"D,E"
migliore2014_mt_soma,m-wrong_channel-aa3604e9d4,P08_rebound,h/4,if an apparent canonical survivor,"D,E"
migliore2014_mt_soma,m-wrong_channel-aa3604e9d4,P09_short_pulse,h,always,"D,E"
migliore2014_mt_soma,m-wrong_channel-aa3604e9d4,P09_short_pulse,h/2,if detected at h,"D,E"
migliore2014_mt_soma,m-wrong_channel-aa3604e9d4,P09_short_pulse,h/4,if an apparent canonical survivor,"D,E"
migliore2014_mt_soma,m-omit_include-a855d45581,P00_canonical,h,always,"B,C"
migliore2014_mt_soma,m-omit_include-a855d45581,P00_canonical,h/2,if detected at h,"B,C"
migliore2014_mt_soma,m-omit_include-a855d45581,P00_canonical,h/4,if an apparent canonical survivor,"B,C"
migliore2014_mt_soma,m-omit_include-a855d45581,P02_weak_step,h,always,"D,E"
migliore2014_mt_soma,m-omit_include-a855d45581,P02_weak_step,h/2,if detected at h,"D,E"
migliore2014_mt_soma,m-omit_include-a855d45581,P02_weak_step,h/4,if an apparent canonical survivor,"D,E"
migliore2014_mt_soma,m-omit_include-a855d45581,P03_rheobase,h,always,"D,E"
migliore2014_mt_soma,m-omit_include-a855d45581,P03_rheobase,h/2,if detected at h,"D,E"
migliore2014_mt_soma,m-omit_include-a855d45581,P03_rheobase,h/4,if an apparent canonical survivor,"D,E"
migliore2014_mt_soma,m-omit_include-a855d45581,P04_step_2x,h,always,"D,E"
migliore2014_mt_soma,m-omit_include-a855d45581,P04_step_2x,h/2,if detected at h,"D,E"
migliore2014_mt_soma,m-omit_include-a855d45581,P04_step_2x,h/4,if an apparent canonical survivor,"D,E"
migliore2014_mt_soma,m-omit_include-a855d45581,P05_long_step,h,always,"D,E"
migliore2014_mt_soma,m-omit_include-a855d45581,P05_long_step,h/2,if detected at h,"D,E"
migliore2014_mt_soma,m-omit_include-a855d45581,P05_long_step,h/4,if an apparent canonical survivor,"D,E"
migliore2014_mt_soma,m-omit_include-a855d45581,P06_ramp,h,always,"D,E"
migliore2014_mt_soma,m-omit_include-a855d45581,P06_ramp,h/2,if detected at h,"D,E"
migliore2014_mt_soma,m-omit_include-a855d45581,P06_ramp,h/4,if an apparent canonical survivor,"D,E"
migliore2014_mt_soma,m-omit_include-a855d45581,P07_hyperpolarizing_step,h,always,"D,E"
migliore2014_mt_soma,m-omit_include-a855d45581,P07_hyperpolarizing_step,h/2,if detected at h,"D,E"
migliore2014_mt_soma,m-omit_include-a855d45581,P07_hyperpolarizing_step,h/4,if an apparent canonical survivor,"D,E"
migliore2014_mt_soma,m-omit_include-a855d45581,P08_rebound,h,always,"D,E"
migliore2014_mt_soma,m-omit_include-a855d45581,P08_rebound,h/2,if detected at h,"D,E"
migliore2014_mt_soma,m-omit_include-a855d45581,P08_rebound,h/4,if an apparent canonical survivor,"D,E"
migliore2014_mt_soma,m-omit_include-a855d45581,P09_short_pulse,h,always,"D,E"
migliore2014_mt_soma,m-omit_include-a855d45581,P09_short_pulse,h/2,if detected at h,"D,E"
migliore2014_mt_soma,m-omit_include-a855d45581,P09_short_pulse,h/4,if an apparent canonical survivor,"D,E"
migliore2014_mt_soma,m-duplicate_conductance-36dae66739,P00_canonical,h,always,"B,C"
migliore2014_mt_soma,m-duplicate_conductance-36dae66739,P00_canonical,h/2,if detected at h,"B,C"
migliore2014_mt_soma,m-duplicate_conductance-36dae66739,P00_canonical,h/4,if an apparent canonical survivor,"B,C"
migliore2014_mt_soma,m-duplicate_conductance-36dae66739,P02_weak_step,h,always,"D,E"
migliore2014_mt_soma,m-duplicate_conductance-36dae66739,P02_weak_step,h/2,if detected at h,"D,E"
migliore2014_mt_soma,m-duplicate_conductance-36dae66739,P02_weak_step,h/4,if an apparent canonical survivor,"D,E"
migliore2014_mt_soma,m-duplicate_conductance-36dae66739,P03_rheobase,h,always,"D,E"
migliore2014_mt_soma,m-duplicate_conductance-36dae66739,P03_rheobase,h/2,if detected at h,"D,E"
migliore2014_mt_soma,m-duplicate_conductance-36dae66739,P03_rheobase,h/4,if an apparent canonical survivor,"D,E"
migliore2014_mt_soma,m-duplicate_conductance-36dae66739,P04_step_2x,h,always,"D,E"
migliore2014_mt_soma,m-duplicate_conductance-36dae66739,P04_step_2x,h/2,if detected at h,"D,E"
migliore2014_mt_soma,m-duplicate_conductance-36dae66739,P04_step_2x,h/4,if an apparent canonical survivor,"D,E"
migliore2014_mt_soma,m-duplicate_conductance-36dae66739,P05_long_step,h,always,"D,E"
migliore2014_mt_soma,m-duplicate_conductance-36dae66739,P05_long_step,h/2,if detected at h,"D,E"
migliore2014_mt_soma,m-duplicate_conductance-36dae66739,P05_long_step,h/4,if an apparent canonical survivor,"D,E"
migliore2014_mt_soma,m-duplicate_conductance-36dae66739,P06_ramp,h,always,"D,E"
migliore2014_mt_soma,m-duplicate_conductance-36dae66739,P06_ramp,h/2,if detected at h,"D,E"
migliore2014_mt_soma,m-duplicate_conductance-36dae66739,P06_ramp,h/4,if an apparent canonical survivor,"D,E"
migliore2014_mt_soma,m-duplicate_conductance-36dae66739,P07_hyperpolarizing_step,h,always,"D,E"
migliore2014_mt_soma,m-duplicate_conductance-36dae66739,P07_hyperpolarizing_step,h/2,if detected at h,"D,E"
migliore2014_mt_soma,m-duplicate_conductance-36dae66739,P07_hyperpolarizing_step,h/4,if an apparent canonical survivor,"D,E"
migliore2014_mt_soma,m-duplicate_conductance-36dae66739,P08_rebound,h,always,"D,E"
migliore2014_mt_soma,m-duplicate_conductance-36dae66739,P08_rebound,h/2,if detected at h,"D,E"
migliore2014_mt_soma,m-duplicate_conductance-36dae66739,P08_rebound,h/4,if an apparent canonical survivor,"D,E"
migliore2014_mt_soma,m-duplicate_conductance-36dae66739,P09_short_pulse,h,always,"D,E"
migliore2014_mt_soma,m-duplicate_conductance-36dae66739,P09_short_pulse,h/2,if detected at h,"D,E"
migliore2014_mt_soma,m-duplicate_conductance-36dae66739,P09_short_pulse,h/4,if an apparent canonical survivor,"D,E"
migliore2014_mt_soma,m-wrong_compatible_component-d99b9d3dab,P00_canonical,h,always,"B,C"
migliore2014_mt_soma,m-wrong_compatible_component-d99b9d3dab,P00_canonical,h/2,if detected at h,"B,C"
migliore2014_mt_soma,m-wrong_compatible_component-d99b9d3dab,P00_canonical,h/4,if an apparent canonical survivor,"B,C"
migliore2014_mt_soma,m-wrong_compatible_component-d99b9d3dab,P02_weak_step,h,always,"D,E"
migliore2014_mt_soma,m-wrong_compatible_component-d99b9d3dab,P02_weak_step,h/2,if detected at h,"D,E"
migliore2014_mt_soma,m-wrong_compatible_component-d99b9d3dab,P02_weak_step,h/4,if an apparent canonical survivor,"D,E"
migliore2014_mt_soma,m-wrong_compatible_component-d99b9d3dab,P03_rheobase,h,always,"D,E"
migliore2014_mt_soma,m-wrong_compatible_component-d99b9d3dab,P03_rheobase,h/2,if detected at h,"D,E"
migliore2014_mt_soma,m-wrong_compatible_component-d99b9d3dab,P03_rheobase,h/4,if an apparent canonical survivor,"D,E"
migliore2014_mt_soma,m-wrong_compatible_component-d99b9d3dab,P04_step_2x,h,always,"D,E"
migliore2014_mt_soma,m-wrong_compatible_component-d99b9d3dab,P04_step_2x,h/2,if detected at h,"D,E"
migliore2014_mt_soma,m-wrong_compatible_component-d99b9d3dab,P04_step_2x,h/4,if an apparent canonical survivor,"D,E"
migliore2014_mt_soma,m-wrong_compatible_component-d99b9d3dab,P05_long_step,h,always,"D,E"
migliore2014_mt_soma,m-wrong_compatible_component-d99b9d3dab,P05_long_step,h/2,if detected at h,"D,E"
migliore2014_mt_soma,m-wrong_compatible_component-d99b9d3dab,P05_long_step,h/4,if an apparent canonical survivor,"D,E"
migliore2014_mt_soma,m-wrong_compatible_component-d99b9d3dab,P06_ramp,h,always,"D,E"
migliore2014_mt_soma,m-wrong_compatible_component-d99b9d3dab,P06_ramp,h/2,if detected at h,"D,E"
migliore2014_mt_soma,m-wrong_compatible_component-d99b9d3dab,P06_ramp,h/4,if an apparent canonical survivor,"D,E"
migliore2014_mt_soma,m-wrong_compatible_component-d99b9d3dab,P07_hyperpolarizing_step,h,always,"D,E"
migliore2014_mt_soma,m-wrong_compatible_component-d99b9d3dab,P07_hyperpolarizing_step,h/2,if detected at h,"D,E"
migliore2014_mt_soma,m-wrong_compatible_component-d99b9d3dab,P07_hyperpolarizing_step,h/4,if an apparent canonical survivor,"D,E"
migliore2014_mt_soma,m-wrong_compatible_component-d99b9d3dab,P08_rebound,h,always,"D,E"
migliore2014_mt_soma,m-wrong_compatible_component-d99b9d3dab,P08_rebound,h/2,if detected at h,"D,E"
migliore2014_mt_soma,m-wrong_compatible_component-d99b9d3dab,P08_rebound,h/4,if an apparent canonical survivor,"D,E"
migliore2014_mt_soma,m-wrong_compatible_component-d99b9d3dab,P09_short_pulse,h,always,"D,E"
migliore2014_mt_soma,m-wrong_compatible_component-d99b9d3dab,P09_short_pulse,h/2,if detected at h,"D,E"
migliore2014_mt_soma,m-wrong_compatible_component-d99b9d3dab,P09_short_pulse,h/4,if an apparent canonical survivor,"D,E"
migliore2014_mt_soma,migliore2014_mt_soma__unit_conversion__000,P00_canonical,h,always,"B,C"
migliore2014_mt_soma,migliore2014_mt_soma__unit_conversion__000,P00_canonical,h/2,if detected at h,"B,C"
migliore2014_mt_soma,migliore2014_mt_soma__unit_conversion__000,P00_canonical,h/4,if an apparent canonical survivor,"B,C"
migliore2014_mt_soma,migliore2014_mt_soma__unit_conversion__000,P02_weak_step,h,always,"D,E"
migliore2014_mt_soma,migliore2014_mt_soma__unit_conversion__000,P02_weak_step,h/2,if detected at h,"D,E"
migliore2014_mt_soma,migliore2014_mt_soma__unit_conversion__000,P02_weak_step,h/4,if an apparent canonical survivor,"D,E"
migliore2014_mt_soma,migliore2014_mt_soma__unit_conversion__000,P03_rheobase,h,always,"D,E"
migliore2014_mt_soma,migliore2014_mt_soma__unit_conversion__000,P03_rheobase,h/2,if detected at h,"D,E"
migliore2014_mt_soma,migliore2014_mt_soma__unit_conversion__000,P03_rheobase,h/4,if an apparent canonical survivor,"D,E"
migliore2014_mt_soma,migliore2014_mt_soma__unit_conversion__000,P04_step_2x,h,always,"D,E"
migliore2014_mt_soma,migliore2014_mt_soma__unit_conversion__000,P04_step_2x,h/2,if detected at h,"D,E"
migliore2014_mt_soma,migliore2014_mt_soma__unit_conversion__000,P04_step_2x,h/4,if an apparent canonical survivor,"D,E"
migliore2014_mt_soma,migliore2014_mt_soma__unit_conversion__000,P05_long_step,h,always,"D,E"
migliore2014_mt_soma,migliore2014_mt_soma__unit_conversion__000,P05_long_step,h/2,if detected at h,"D,E"
migliore2014_mt_soma,migliore2014_mt_soma__unit_conversion__000,P05_long_step,h/4,if an apparent canonical survivor,"D,E"
migliore2014_mt_soma,migliore2014_mt_soma__unit_conversion__000,P06_ramp,h,always,"D,E"
migliore2014_mt_soma,migliore2014_mt_soma__unit_conversion__000,P06_ramp,h/2,if detected at h,"D,E"
migliore2014_mt_soma,migliore2014_mt_soma__unit_conversion__000,P06_ramp,h/4,if an apparent canonical survivor,"D,E"
migliore2014_mt_soma,migliore2014_mt_soma__unit_conversion__000,P07_hyperpolarizing_step,h,always,"D,E"
migliore2014_mt_soma,migliore2014_mt_soma__unit_conversion__000,P07_hyperpolarizing_step,h/2,if detected at h,"D,E"
migliore2014_mt_soma,migliore2014_mt_soma__unit_conversion__000,P07_hyperpolarizing_step,h/4,if an apparent canonical survivor,"D,E"
migliore2014_mt_soma,migliore2014_mt_soma__unit_conversion__000,P08_rebound,h,always,"D,E"
migliore2014_mt_soma,migliore2014_mt_soma__unit_conversion__000,P08_rebound,h/2,if detected at h,"D,E"
migliore2014_mt_soma,migliore2014_mt_soma__unit_conversion__000,P08_rebound,h/4,if an apparent canonical survivor,"D,E"
migliore2014_mt_soma,migliore2014_mt_soma__unit_conversion__000,P09_short_pulse,h,always,"D,E"
migliore2014_mt_soma,migliore2014_mt_soma__unit_conversion__000,P09_short_pulse,h/2,if detected at h,"D,E"
migliore2014_mt_soma,migliore2014_mt_soma__unit_conversion__000,P09_short_pulse,h/4,if an apparent canonical survivor,"D,E"
migliore2014_mt_soma,migliore2014_mt_soma__xml_formatting__000,P00_canonical,h,always,"B,C"
migliore2014_mt_soma,migliore2014_mt_soma__xml_formatting__000,P00_canonical,h/2,if detected at h,"B,C"
migliore2014_mt_soma,migliore2014_mt_soma__xml_formatting__000,P00_canonical,h/4,if an apparent canonical survivor,"B,C"
migliore2014_mt_soma,migliore2014_mt_soma__xml_formatting__000,P02_weak_step,h,always,"D,E"
migliore2014_mt_soma,migliore2014_mt_soma__xml_formatting__000,P02_weak_step,h/2,if detected at h,"D,E"
migliore2014_mt_soma,migliore2014_mt_soma__xml_formatting__000,P02_weak_step,h/4,if an apparent canonical survivor,"D,E"
migliore2014_mt_soma,migliore2014_mt_soma__xml_formatting__000,P03_rheobase,h,always,"D,E"
migliore2014_mt_soma,migliore2014_mt_soma__xml_formatting__000,P03_rheobase,h/2,if detected at h,"D,E"
migliore2014_mt_soma,migliore2014_mt_soma__xml_formatting__000,P03_rheobase,h/4,if an apparent canonical survivor,"D,E"
migliore2014_mt_soma,migliore2014_mt_soma__xml_formatting__000,P04_step_2x,h,always,"D,E"
migliore2014_mt_soma,migliore2014_mt_soma__xml_formatting__000,P04_step_2x,h/2,if detected at h,"D,E"
migliore2014_mt_soma,migliore2014_mt_soma__xml_formatting__000,P04_step_2x,h/4,if an apparent canonical survivor,"D,E"
migliore2014_mt_soma,migliore2014_mt_soma__xml_formatting__000,P05_long_step,h,always,"D,E"
migliore2014_mt_soma,migliore2014_mt_soma__xml_formatting__000,P05_long_step,h/2,if detected at h,"D,E"
migliore2014_mt_soma,migliore2014_mt_soma__xml_formatting__000,P05_long_step,h/4,if an apparent canonical survivor,"D,E"
migliore2014_mt_soma,migliore2014_mt_soma__xml_formatting__000,P06_ramp,h,always,"D,E"
migliore2014_mt_soma,migliore2014_mt_soma__xml_formatting__000,P06_ramp,h/2,if detected at h,"D,E"
migliore2014_mt_soma,migliore2014_mt_soma__xml_formatting__000,P06_ramp,h/4,if an apparent canonical survivor,"D,E"
migliore2014_mt_soma,migliore2014_mt_soma__xml_formatting__000,P07_hyperpolarizing_step,h,always,"D,E"
migliore2014_mt_soma,migliore2014_mt_soma__xml_formatting__000,P07_hyperpolarizing_step,h/2,if detected at h,"D,E"
migliore2014_mt_soma,migliore2014_mt_soma__xml_formatting__000,P07_hyperpolarizing_step,h/4,if an apparent canonical survivor,"D,E"
migliore2014_mt_soma,migliore2014_mt_soma__xml_formatting__000,P08_rebound,h,always,"D,E"
migliore2014_mt_soma,migliore2014_mt_soma__xml_formatting__000,P08_rebound,h/2,if detected at h,"D,E"
migliore2014_mt_soma,migliore2014_mt_soma__xml_formatting__000,P08_rebound,h/4,if an apparent canonical survivor,"D,E"
migliore2014_mt_soma,migliore2014_mt_soma__xml_formatting__000,P09_short_pulse,h,always,"D,E"
migliore2014_mt_soma,migliore2014_mt_soma__xml_formatting__000,P09_short_pulse,h/2,if detected at h,"D,E"
migliore2014_mt_soma,migliore2014_mt_soma__xml_formatting__000,P09_short_pulse,h/4,if an apparent canonical survivor,"D,E"
migliore2014_mt_soma,migliore2014_mt_soma__add_comments__000,P00_canonical,h,always,"B,C"
migliore2014_mt_soma,migliore2014_mt_soma__add_comments__000,P00_canonical,h/2,if detected at h,"B,C"
migliore2014_mt_soma,migliore2014_mt_soma__add_comments__000,P00_canonical,h/4,if an apparent canonical survivor,"B,C"
migliore2014_mt_soma,migliore2014_mt_soma__add_comments__000,P02_weak_step,h,always,"D,E"
migliore2014_mt_soma,migliore2014_mt_soma__add_comments__000,P02_weak_step,h/2,if detected at h,"D,E"
migliore2014_mt_soma,migliore2014_mt_soma__add_comments__000,P02_weak_step,h/4,if an apparent canonical survivor,"D,E"
migliore2014_mt_soma,migliore2014_mt_soma__add_comments__000,P03_rheobase,h,always,"D,E"
migliore2014_mt_soma,migliore2014_mt_soma__add_comments__000,P03_rheobase,h/2,if detected at h,"D,E"
migliore2014_mt_soma,migliore2014_mt_soma__add_comments__000,P03_rheobase,h/4,if an apparent canonical survivor,"D,E"
migliore2014_mt_soma,migliore2014_mt_soma__add_comments__000,P04_step_2x,h,always,"D,E"
migliore2014_mt_soma,migliore2014_mt_soma__add_comments__000,P04_step_2x,h/2,if detected at h,"D,E"
migliore2014_mt_soma,migliore2014_mt_soma__add_comments__000,P04_step_2x,h/4,if an apparent canonical survivor,"D,E"
migliore2014_mt_soma,migliore2014_mt_soma__add_comments__000,P05_long_step,h,always,"D,E"
migliore2014_mt_soma,migliore2014_mt_soma__add_comments__000,P05_long_step,h/2,if detected at h,"D,E"
migliore2014_mt_soma,migliore2014_mt_soma__add_comments__000,P05_long_step,h/4,if an apparent canonical survivor,"D,E"
migliore2014_mt_soma,migliore2014_mt_soma__add_comments__000,P06_ramp,h,always,"D,E"
migliore2014_mt_soma,migliore2014_mt_soma__add_comments__000,P06_ramp,h/2,if detected at h,"D,E"
migliore2014_mt_soma,migliore2014_mt_soma__add_comments__000,P06_ramp,h/4,if an apparent canonical survivor,"D,E"
migliore2014_mt_soma,migliore2014_mt_soma__add_comments__000,P07_hyperpolarizing_step,h,always,"D,E"
migliore2014_mt_soma,migliore2014_mt_soma__add_comments__000,P07_hyperpolarizing_step,h/2,if detected at h,"D,E"
migliore2014_mt_soma,migliore2014_mt_soma__add_comments__000,P07_hyperpolarizing_step,h/4,if an apparent canonical survivor,"D,E"
migliore2014_mt_soma,migliore2014_mt_soma__add_comments__000,P08_rebound,h,always,"D,E"
migliore2014_mt_soma,migliore2014_mt_soma__add_comments__000,P08_rebound,h/2,if detected at h,"D,E"
migliore2014_mt_soma,migliore2014_mt_soma__add_comments__000,P08_rebound,h/4,if an apparent canonical survivor,"D,E"
migliore2014_mt_soma,migliore2014_mt_soma__add_comments__000,P09_short_pulse,h,always,"D,E"
migliore2014_mt_soma,migliore2014_mt_soma__add_comments__000,P09_short_pulse,h/2,if detected at h,"D,E"
migliore2014_mt_soma,migliore2014_mt_soma__add_comments__000,P09_short_pulse,h/4,if an apparent canonical survivor,"D,E"
migliore2014_mt_soma,migliore2014_mt_soma__numeric_literal_format__000,P00_canonical,h,always,"B,C"
migliore2014_mt_soma,migliore2014_mt_soma__numeric_literal_format__000,P00_canonical,h/2,if detected at h,"B,C"
migliore2014_mt_soma,migliore2014_mt_soma__numeric_literal_format__000,P00_canonical,h/4,if an apparent canonical survivor,"B,C"
migliore2014_mt_soma,migliore2014_mt_soma__numeric_literal_format__000,P02_weak_step,h,always,"D,E"
migliore2014_mt_soma,migliore2014_mt_soma__numeric_literal_format__000,P02_weak_step,h/2,if detected at h,"D,E"
migliore2014_mt_soma,migliore2014_mt_soma__numeric_literal_format__000,P02_weak_step,h/4,if an apparent canonical survivor,"D,E"
migliore2014_mt_soma,migliore2014_mt_soma__numeric_literal_format__000,P03_rheobase,h,always,"D,E"
migliore2014_mt_soma,migliore2014_mt_soma__numeric_literal_format__000,P03_rheobase,h/2,if detected at h,"D,E"
migliore2014_mt_soma,migliore2014_mt_soma__numeric_literal_format__000,P03_rheobase,h/4,if an apparent canonical survivor,"D,E"
migliore2014_mt_soma,migliore2014_mt_soma__numeric_literal_format__000,P04_step_2x,h,always,"D,E"
migliore2014_mt_soma,migliore2014_mt_soma__numeric_literal_format__000,P04_step_2x,h/2,if detected at h,"D,E"
migliore2014_mt_soma,migliore2014_mt_soma__numeric_literal_format__000,P04_step_2x,h/4,if an apparent canonical survivor,"D,E"
migliore2014_mt_soma,migliore2014_mt_soma__numeric_literal_format__000,P05_long_step,h,always,"D,E"
migliore2014_mt_soma,migliore2014_mt_soma__numeric_literal_format__000,P05_long_step,h/2,if detected at h,"D,E"
migliore2014_mt_soma,migliore2014_mt_soma__numeric_literal_format__000,P05_long_step,h/4,if an apparent canonical survivor,"D,E"
migliore2014_mt_soma,migliore2014_mt_soma__numeric_literal_format__000,P06_ramp,h,always,"D,E"
migliore2014_mt_soma,migliore2014_mt_soma__numeric_literal_format__000,P06_ramp,h/2,if detected at h,"D,E"
migliore2014_mt_soma,migliore2014_mt_soma__numeric_literal_format__000,P06_ramp,h/4,if an apparent canonical survivor,"D,E"
migliore2014_mt_soma,migliore2014_mt_soma__numeric_literal_format__000,P07_hyperpolarizing_step,h,always,"D,E"
migliore2014_mt_soma,migliore2014_mt_soma__numeric_literal_format__000,P07_hyperpolarizing_step,h/2,if detected at h,"D,E"
migliore2014_mt_soma,migliore2014_mt_soma__numeric_literal_format__000,P07_hyperpolarizing_step,h/4,if an apparent canonical survivor,"D,E"
migliore2014_mt_soma,migliore2014_mt_soma__numeric_literal_format__000,P08_rebound,h,always,"D,E"
migliore2014_mt_soma,migliore2014_mt_soma__numeric_literal_format__000,P08_rebound,h/2,if detected at h,"D,E"
migliore2014_mt_soma,migliore2014_mt_soma__numeric_literal_format__000,P08_rebound,h/4,if an apparent canonical survivor,"D,E"
migliore2014_mt_soma,migliore2014_mt_soma__numeric_literal_format__000,P09_short_pulse,h,always,"D,E"
migliore2014_mt_soma,migliore2014_mt_soma__numeric_literal_format__000,P09_short_pulse,h/2,if detected at h,"D,E"
migliore2014_mt_soma,migliore2014_mt_soma__numeric_literal_format__000,P09_short_pulse,h/4,if an apparent canonical survivor,"D,E"
migliore2014_mt_soma,migliore2014_mt_soma__rename_identifier__000,P00_canonical,h,always,"B,C"
migliore2014_mt_soma,migliore2014_mt_soma__rename_identifier__000,P00_canonical,h/2,if detected at h,"B,C"
migliore2014_mt_soma,migliore2014_mt_soma__rename_identifier__000,P00_canonical,h/4,if an apparent canonical survivor,"B,C"
migliore2014_mt_soma,migliore2014_mt_soma__rename_identifier__000,P02_weak_step,h,always,"D,E"
migliore2014_mt_soma,migliore2014_mt_soma__rename_identifier__000,P02_weak_step,h/2,if detected at h,"D,E"
migliore2014_mt_soma,migliore2014_mt_soma__rename_identifier__000,P02_weak_step,h/4,if an apparent canonical survivor,"D,E"
migliore2014_mt_soma,migliore2014_mt_soma__rename_identifier__000,P03_rheobase,h,always,"D,E"
migliore2014_mt_soma,migliore2014_mt_soma__rename_identifier__000,P03_rheobase,h/2,if detected at h,"D,E"
migliore2014_mt_soma,migliore2014_mt_soma__rename_identifier__000,P03_rheobase,h/4,if an apparent canonical survivor,"D,E"
migliore2014_mt_soma,migliore2014_mt_soma__rename_identifier__000,P04_step_2x,h,always,"D,E"
migliore2014_mt_soma,migliore2014_mt_soma__rename_identifier__000,P04_step_2x,h/2,if detected at h,"D,E"
migliore2014_mt_soma,migliore2014_mt_soma__rename_identifier__000,P04_step_2x,h/4,if an apparent canonical survivor,"D,E"
migliore2014_mt_soma,migliore2014_mt_soma__rename_identifier__000,P05_long_step,h,always,"D,E"
migliore2014_mt_soma,migliore2014_mt_soma__rename_identifier__000,P05_long_step,h/2,if detected at h,"D,E"
migliore2014_mt_soma,migliore2014_mt_soma__rename_identifier__000,P05_long_step,h/4,if an apparent canonical survivor,"D,E"
migliore2014_mt_soma,migliore2014_mt_soma__rename_identifier__000,P06_ramp,h,always,"D,E"
migliore2014_mt_soma,migliore2014_mt_soma__rename_identifier__000,P06_ramp,h/2,if detected at h,"D,E"
migliore2014_mt_soma,migliore2014_mt_soma__rename_identifier__000,P06_ramp,h/4,if an apparent canonical survivor,"D,E"
migliore2014_mt_soma,migliore2014_mt_soma__rename_identifier__000,P07_hyperpolarizing_step,h,always,"D,E"
migliore2014_mt_soma,migliore2014_mt_soma__rename_identifier__000,P07_hyperpolarizing_step,h/2,if detected at h,"D,E"
migliore2014_mt_soma,migliore2014_mt_soma__rename_identifier__000,P07_hyperpolarizing_step,h/4,if an apparent canonical survivor,"D,E"
migliore2014_mt_soma,migliore2014_mt_soma__rename_identifier__000,P08_rebound,h,always,"D,E"
migliore2014_mt_soma,migliore2014_mt_soma__rename_identifier__000,P08_rebound,h/2,if detected at h,"D,E"
migliore2014_mt_soma,migliore2014_mt_soma__rename_identifier__000,P08_rebound,h/4,if an apparent canonical survivor,"D,E"
migliore2014_mt_soma,migliore2014_mt_soma__rename_identifier__000,P09_short_pulse,h,always,"D,E"
migliore2014_mt_soma,migliore2014_mt_soma__rename_identifier__000,P09_short_pulse,h/2,if detected at h,"D,E"
migliore2014_mt_soma,migliore2014_mt_soma__rename_identifier__000,P09_short_pulse,h/4,if an apparent canonical survivor,"D,E"
migliore2014_mt_soma,migliore2014_mt_soma__factor_file__000,P00_canonical,h,always,"B,C"
migliore2014_mt_soma,migliore2014_mt_soma__factor_file__000,P00_canonical,h/2,if detected at h,"B,C"
migliore2014_mt_soma,migliore2014_mt_soma__factor_file__000,P00_canonical,h/4,if an apparent canonical survivor,"B,C"
migliore2014_mt_soma,migliore2014_mt_soma__factor_file__000,P02_weak_step,h,always,"D,E"
migliore2014_mt_soma,migliore2014_mt_soma__factor_file__000,P02_weak_step,h/2,if detected at h,"D,E"
migliore2014_mt_soma,migliore2014_mt_soma__factor_file__000,P02_weak_step,h/4,if an apparent canonical survivor,"D,E"
migliore2014_mt_soma,migliore2014_mt_soma__factor_file__000,P03_rheobase,h,always,"D,E"
migliore2014_mt_soma,migliore2014_mt_soma__factor_file__000,P03_rheobase,h/2,if detected at h,"D,E"
migliore2014_mt_soma,migliore2014_mt_soma__factor_file__000,P03_rheobase,h/4,if an apparent canonical survivor,"D,E"
migliore2014_mt_soma,migliore2014_mt_soma__factor_file__000,P04_step_2x,h,always,"D,E"
migliore2014_mt_soma,migliore2014_mt_soma__factor_file__000,P04_step_2x,h/2,if detected at h,"D,E"
migliore2014_mt_soma,migliore2014_mt_soma__factor_file__000,P04_step_2x,h/4,if an apparent canonical survivor,"D,E"
migliore2014_mt_soma,migliore2014_mt_soma__factor_file__000,P05_long_step,h,always,"D,E"
migliore2014_mt_soma,migliore2014_mt_soma__factor_file__000,P05_long_step,h/2,if detected at h,"D,E"
migliore2014_mt_soma,migliore2014_mt_soma__factor_file__000,P05_long_step,h/4,if an apparent canonical survivor,"D,E"
migliore2014_mt_soma,migliore2014_mt_soma__factor_file__000,P06_ramp,h,always,"D,E"
migliore2014_mt_soma,migliore2014_mt_soma__factor_file__000,P06_ramp,h/2,if detected at h,"D,E"
migliore2014_mt_soma,migliore2014_mt_soma__factor_file__000,P06_ramp,h/4,if an apparent canonical survivor,"D,E"
migliore2014_mt_soma,migliore2014_mt_soma__factor_file__000,P07_hyperpolarizing_step,h,always,"D,E"
migliore2014_mt_soma,migliore2014_mt_soma__factor_file__000,P07_hyperpolarizing_step,h/2,if detected at h,"D,E"
migliore2014_mt_soma,migliore2014_mt_soma__factor_file__000,P07_hyperpolarizing_step,h/4,if an apparent canonical survivor,"D,E"
migliore2014_mt_soma,migliore2014_mt_soma__factor_file__000,P08_rebound,h,always,"D,E"
migliore2014_mt_soma,migliore2014_mt_soma__factor_file__000,P08_rebound,h/2,if detected at h,"D,E"
migliore2014_mt_soma,migliore2014_mt_soma__factor_file__000,P08_rebound,h/4,if an apparent canonical survivor,"D,E"
migliore2014_mt_soma,migliore2014_mt_soma__factor_file__000,P09_short_pulse,h,always,"D,E"
migliore2014_mt_soma,migliore2014_mt_soma__factor_file__000,P09_short_pulse,h/2,if detected at h,"D,E"
migliore2014_mt_soma,migliore2014_mt_soma__factor_file__000,P09_short_pulse,h/4,if an apparent canonical survivor,"D,E"
migliore2014_mt_soma,migliore2014_mt_soma__reorder_independent__000,P00_canonical,h,always,"B,C"
migliore2014_mt_soma,migliore2014_mt_soma__reorder_independent__000,P00_canonical,h/2,if detected at h,"B,C"
migliore2014_mt_soma,migliore2014_mt_soma__reorder_independent__000,P00_canonical,h/4,if an apparent canonical survivor,"B,C"
migliore2014_mt_soma,migliore2014_mt_soma__reorder_independent__000,P02_weak_step,h,always,"D,E"
migliore2014_mt_soma,migliore2014_mt_soma__reorder_independent__000,P02_weak_step,h/2,if detected at h,"D,E"
migliore2014_mt_soma,migliore2014_mt_soma__reorder_independent__000,P02_weak_step,h/4,if an apparent canonical survivor,"D,E"
migliore2014_mt_soma,migliore2014_mt_soma__reorder_independent__000,P03_rheobase,h,always,"D,E"
migliore2014_mt_soma,migliore2014_mt_soma__reorder_independent__000,P03_rheobase,h/2,if detected at h,"D,E"
migliore2014_mt_soma,migliore2014_mt_soma__reorder_independent__000,P03_rheobase,h/4,if an apparent canonical survivor,"D,E"
migliore2014_mt_soma,migliore2014_mt_soma__reorder_independent__000,P04_step_2x,h,always,"D,E"
migliore2014_mt_soma,migliore2014_mt_soma__reorder_independent__000,P04_step_2x,h/2,if detected at h,"D,E"
migliore2014_mt_soma,migliore2014_mt_soma__reorder_independent__000,P04_step_2x,h/4,if an apparent canonical survivor,"D,E"
migliore2014_mt_soma,migliore2014_mt_soma__reorder_independent__000,P05_long_step,h,always,"D,E"
migliore2014_mt_soma,migliore2014_mt_soma__reorder_independent__000,P05_long_step,h/2,if detected at h,"D,E"
migliore2014_mt_soma,migliore2014_mt_soma__reorder_independent__000,P05_long_step,h/4,if an apparent canonical survivor,"D,E"
migliore2014_mt_soma,migliore2014_mt_soma__reorder_independent__000,P06_ramp,h,always,"D,E"
migliore2014_mt_soma,migliore2014_mt_soma__reorder_independent__000,P06_ramp,h/2,if detected at h,"D,E"
migliore2014_mt_soma,migliore2014_mt_soma__reorder_independent__000,P06_ramp,h/4,if an apparent canonical survivor,"D,E"
migliore2014_mt_soma,migliore2014_mt_soma__reorder_independent__000,P07_hyperpolarizing_step,h,always,"D,E"
migliore2014_mt_soma,migliore2014_mt_soma__reorder_independent__000,P07_hyperpolarizing_step,h/2,if detected at h,"D,E"
migliore2014_mt_soma,migliore2014_mt_soma__reorder_independent__000,P07_hyperpolarizing_step,h/4,if an apparent canonical survivor,"D,E"
migliore2014_mt_soma,migliore2014_mt_soma__reorder_independent__000,P08_rebound,h,always,"D,E"
migliore2014_mt_soma,migliore2014_mt_soma__reorder_independent__000,P08_rebound,h/2,if detected at h,"D,E"
migliore2014_mt_soma,migliore2014_mt_soma__reorder_independent__000,P08_rebound,h/4,if an apparent canonical survivor,"D,E"
migliore2014_mt_soma,migliore2014_mt_soma__reorder_independent__000,P09_short_pulse,h,always,"D,E"
migliore2014_mt_soma,migliore2014_mt_soma__reorder_independent__000,P09_short_pulse,h/2,if detected at h,"D,E"
migliore2014_mt_soma,migliore2014_mt_soma__reorder_independent__000,P09_short_pulse,h/4,if an apparent canonical survivor,"D,E"
migliore2014_mt_soma,migliore2014_mt_soma__explicit_default__000,P00_canonical,h,always,"B,C"
migliore2014_mt_soma,migliore2014_mt_soma__explicit_default__000,P00_canonical,h/2,if detected at h,"B,C"
migliore2014_mt_soma,migliore2014_mt_soma__explicit_default__000,P00_canonical,h/4,if an apparent canonical survivor,"B,C"
migliore2014_mt_soma,migliore2014_mt_soma__explicit_default__000,P02_weak_step,h,always,"D,E"
migliore2014_mt_soma,migliore2014_mt_soma__explicit_default__000,P02_weak_step,h/2,if detected at h,"D,E"
migliore2014_mt_soma,migliore2014_mt_soma__explicit_default__000,P02_weak_step,h/4,if an apparent canonical survivor,"D,E"
migliore2014_mt_soma,migliore2014_mt_soma__explicit_default__000,P03_rheobase,h,always,"D,E"
migliore2014_mt_soma,migliore2014_mt_soma__explicit_default__000,P03_rheobase,h/2,if detected at h,"D,E"
migliore2014_mt_soma,migliore2014_mt_soma__explicit_default__000,P03_rheobase,h/4,if an apparent canonical survivor,"D,E"
migliore2014_mt_soma,migliore2014_mt_soma__explicit_default__000,P04_step_2x,h,always,"D,E"
migliore2014_mt_soma,migliore2014_mt_soma__explicit_default__000,P04_step_2x,h/2,if detected at h,"D,E"
migliore2014_mt_soma,migliore2014_mt_soma__explicit_default__000,P04_step_2x,h/4,if an apparent canonical survivor,"D,E"
migliore2014_mt_soma,migliore2014_mt_soma__explicit_default__000,P05_long_step,h,always,"D,E"
migliore2014_mt_soma,migliore2014_mt_soma__explicit_default__000,P05_long_step,h/2,if detected at h,"D,E"
migliore2014_mt_soma,migliore2014_mt_soma__explicit_default__000,P05_long_step,h/4,if an apparent canonical survivor,"D,E"
migliore2014_mt_soma,migliore2014_mt_soma__explicit_default__000,P06_ramp,h,always,"D,E"
migliore2014_mt_soma,migliore2014_mt_soma__explicit_default__000,P06_ramp,h/2,if detected at h,"D,E"
migliore2014_mt_soma,migliore2014_mt_soma__explicit_default__000,P06_ramp,h/4,if an apparent canonical survivor,"D,E"
migliore2014_mt_soma,migliore2014_mt_soma__explicit_default__000,P07_hyperpolarizing_step,h,always,"D,E"
migliore2014_mt_soma,migliore2014_mt_soma__explicit_default__000,P07_hyperpolarizing_step,h/2,if detected at h,"D,E"
migliore2014_mt_soma,migliore2014_mt_soma__explicit_default__000,P07_hyperpolarizing_step,h/4,if an apparent canonical survivor,"D,E"
migliore2014_mt_soma,migliore2014_mt_soma__explicit_default__000,P08_rebound,h,always,"D,E"
migliore2014_mt_soma,migliore2014_mt_soma__explicit_default__000,P08_rebound,h/2,if detected at h,"D,E"
migliore2014_mt_soma,migliore2014_mt_soma__explicit_default__000,P08_rebound,h/4,if an apparent canonical survivor,"D,E"
migliore2014_mt_soma,migliore2014_mt_soma__explicit_default__000,P09_short_pulse,h,always,"D,E"
migliore2014_mt_soma,migliore2014_mt_soma__explicit_default__000,P09_short_pulse,h/2,if detected at h,"D,E"
migliore2014_mt_soma,migliore2014_mt_soma__explicit_default__000,P09_short_pulse,h/4,if an apparent canonical survivor,"D,E"
nml2_hh_example,m-scale_conductance-ae18f4c43e,P00_canonical,h,always,"B,C"
nml2_hh_example,m-scale_conductance-ae18f4c43e,P00_canonical,h/2,if detected at h,"B,C"
nml2_hh_example,m-scale_conductance-ae18f4c43e,P00_canonical,h/4,if an apparent canonical survivor,"B,C"
nml2_hh_example,m-scale_conductance-ae18f4c43e,P02_weak_step,h,always,"D,E"
nml2_hh_example,m-scale_conductance-ae18f4c43e,P02_weak_step,h/2,if detected at h,"D,E"
nml2_hh_example,m-scale_conductance-ae18f4c43e,P02_weak_step,h/4,if an apparent canonical survivor,"D,E"
nml2_hh_example,m-scale_conductance-ae18f4c43e,P03_rheobase,h,always,"D,E"
nml2_hh_example,m-scale_conductance-ae18f4c43e,P03_rheobase,h/2,if detected at h,"D,E"
nml2_hh_example,m-scale_conductance-ae18f4c43e,P03_rheobase,h/4,if an apparent canonical survivor,"D,E"
nml2_hh_example,m-scale_conductance-ae18f4c43e,P04_step_2x,h,always,"D,E"
nml2_hh_example,m-scale_conductance-ae18f4c43e,P04_step_2x,h/2,if detected at h,"D,E"
nml2_hh_example,m-scale_conductance-ae18f4c43e,P04_step_2x,h/4,if an apparent canonical survivor,"D,E"
nml2_hh_example,m-scale_conductance-ae18f4c43e,P05_long_step,h,always,"D,E"
nml2_hh_example,m-scale_conductance-ae18f4c43e,P05_long_step,h/2,if detected at h,"D,E"
nml2_hh_example,m-scale_conductance-ae18f4c43e,P05_long_step,h/4,if an apparent canonical survivor,"D,E"
nml2_hh_example,m-scale_conductance-ae18f4c43e,P06_ramp,h,always,"D,E"
nml2_hh_example,m-scale_conductance-ae18f4c43e,P06_ramp,h/2,if detected at h,"D,E"
nml2_hh_example,m-scale_conductance-ae18f4c43e,P06_ramp,h/4,if an apparent canonical survivor,"D,E"
nml2_hh_example,m-scale_conductance-ae18f4c43e,P07_hyperpolarizing_step,h,always,"D,E"
nml2_hh_example,m-scale_conductance-ae18f4c43e,P07_hyperpolarizing_step,h/2,if detected at h,"D,E"
nml2_hh_example,m-scale_conductance-ae18f4c43e,P07_hyperpolarizing_step,h/4,if an apparent canonical survivor,"D,E"
nml2_hh_example,m-scale_conductance-ae18f4c43e,P08_rebound,h,always,"D,E"
nml2_hh_example,m-scale_conductance-ae18f4c43e,P08_rebound,h/2,if detected at h,"D,E"
nml2_hh_example,m-scale_conductance-ae18f4c43e,P08_rebound,h/4,if an apparent canonical survivor,"D,E"
nml2_hh_example,m-scale_conductance-ae18f4c43e,P09_short_pulse,h,always,"D,E"
nml2_hh_example,m-scale_conductance-ae18f4c43e,P09_short_pulse,h/2,if detected at h,"D,E"
nml2_hh_example,m-scale_conductance-ae18f4c43e,P09_short_pulse,h/4,if an apparent canonical survivor,"D,E"
nml2_hh_example,m-scale_conductance-f937b97f50,P00_canonical,h,always,"B,C"
nml2_hh_example,m-scale_conductance-f937b97f50,P00_canonical,h/2,if detected at h,"B,C"
nml2_hh_example,m-scale_conductance-f937b97f50,P00_canonical,h/4,if an apparent canonical survivor,"B,C"
nml2_hh_example,m-scale_conductance-f937b97f50,P02_weak_step,h,always,"D,E"
nml2_hh_example,m-scale_conductance-f937b97f50,P02_weak_step,h/2,if detected at h,"D,E"
nml2_hh_example,m-scale_conductance-f937b97f50,P02_weak_step,h/4,if an apparent canonical survivor,"D,E"
nml2_hh_example,m-scale_conductance-f937b97f50,P03_rheobase,h,always,"D,E"
nml2_hh_example,m-scale_conductance-f937b97f50,P03_rheobase,h/2,if detected at h,"D,E"
nml2_hh_example,m-scale_conductance-f937b97f50,P03_rheobase,h/4,if an apparent canonical survivor,"D,E"
nml2_hh_example,m-scale_conductance-f937b97f50,P04_step_2x,h,always,"D,E"
nml2_hh_example,m-scale_conductance-f937b97f50,P04_step_2x,h/2,if detected at h,"D,E"
nml2_hh_example,m-scale_conductance-f937b97f50,P04_step_2x,h/4,if an apparent canonical survivor,"D,E"
nml2_hh_example,m-scale_conductance-f937b97f50,P05_long_step,h,always,"D,E"
nml2_hh_example,m-scale_conductance-f937b97f50,P05_long_step,h/2,if detected at h,"D,E"
nml2_hh_example,m-scale_conductance-f937b97f50,P05_long_step,h/4,if an apparent canonical survivor,"D,E"
nml2_hh_example,m-scale_conductance-f937b97f50,P06_ramp,h,always,"D,E"
nml2_hh_example,m-scale_conductance-f937b97f50,P06_ramp,h/2,if detected at h,"D,E"
nml2_hh_example,m-scale_conductance-f937b97f50,P06_ramp,h/4,if an apparent canonical survivor,"D,E"
nml2_hh_example,m-scale_conductance-f937b97f50,P07_hyperpolarizing_step,h,always,"D,E"
nml2_hh_example,m-scale_conductance-f937b97f50,P07_hyperpolarizing_step,h/2,if detected at h,"D,E"
nml2_hh_example,m-scale_conductance-f937b97f50,P07_hyperpolarizing_step,h/4,if an apparent canonical survivor,"D,E"
nml2_hh_example,m-scale_conductance-f937b97f50,P08_rebound,h,always,"D,E"
nml2_hh_example,m-scale_conductance-f937b97f50,P08_rebound,h/2,if detected at h,"D,E"
nml2_hh_example,m-scale_conductance-f937b97f50,P08_rebound,h/4,if an apparent canonical survivor,"D,E"
nml2_hh_example,m-scale_conductance-f937b97f50,P09_short_pulse,h,always,"D,E"
nml2_hh_example,m-scale_conductance-f937b97f50,P09_short_pulse,h/2,if detected at h,"D,E"
nml2_hh_example,m-scale_conductance-f937b97f50,P09_short_pulse,h/4,if an apparent canonical survivor,"D,E"
nml2_hh_example,m-scale_conductance-1b265d3832,P00_canonical,h,always,"B,C"
nml2_hh_example,m-scale_conductance-1b265d3832,P00_canonical,h/2,if detected at h,"B,C"
nml2_hh_example,m-scale_conductance-1b265d3832,P00_canonical,h/4,if an apparent canonical survivor,"B,C"
nml2_hh_example,m-scale_conductance-1b265d3832,P02_weak_step,h,always,"D,E"
nml2_hh_example,m-scale_conductance-1b265d3832,P02_weak_step,h/2,if detected at h,"D,E"
nml2_hh_example,m-scale_conductance-1b265d3832,P02_weak_step,h/4,if an apparent canonical survivor,"D,E"
nml2_hh_example,m-scale_conductance-1b265d3832,P03_rheobase,h,always,"D,E"
nml2_hh_example,m-scale_conductance-1b265d3832,P03_rheobase,h/2,if detected at h,"D,E"
nml2_hh_example,m-scale_conductance-1b265d3832,P03_rheobase,h/4,if an apparent canonical survivor,"D,E"
nml2_hh_example,m-scale_conductance-1b265d3832,P04_step_2x,h,always,"D,E"
nml2_hh_example,m-scale_conductance-1b265d3832,P04_step_2x,h/2,if detected at h,"D,E"
nml2_hh_example,m-scale_conductance-1b265d3832,P04_step_2x,h/4,if an apparent canonical survivor,"D,E"
nml2_hh_example,m-scale_conductance-1b265d3832,P05_long_step,h,always,"D,E"
nml2_hh_example,m-scale_conductance-1b265d3832,P05_long_step,h/2,if detected at h,"D,E"
nml2_hh_example,m-scale_conductance-1b265d3832,P05_long_step,h/4,if an apparent canonical survivor,"D,E"
nml2_hh_example,m-scale_conductance-1b265d3832,P06_ramp,h,always,"D,E"
nml2_hh_example,m-scale_conductance-1b265d3832,P06_ramp,h/2,if detected at h,"D,E"
nml2_hh_example,m-scale_conductance-1b265d3832,P06_ramp,h/4,if an apparent canonical survivor,"D,E"
nml2_hh_example,m-scale_conductance-1b265d3832,P07_hyperpolarizing_step,h,always,"D,E"
nml2_hh_example,m-scale_conductance-1b265d3832,P07_hyperpolarizing_step,h/2,if detected at h,"D,E"
nml2_hh_example,m-scale_conductance-1b265d3832,P07_hyperpolarizing_step,h/4,if an apparent canonical survivor,"D,E"
nml2_hh_example,m-scale_conductance-1b265d3832,P08_rebound,h,always,"D,E"
nml2_hh_example,m-scale_conductance-1b265d3832,P08_rebound,h/2,if detected at h,"D,E"
nml2_hh_example,m-scale_conductance-1b265d3832,P08_rebound,h/4,if an apparent canonical survivor,"D,E"
nml2_hh_example,m-scale_conductance-1b265d3832,P09_short_pulse,h,always,"D,E"
nml2_hh_example,m-scale_conductance-1b265d3832,P09_short_pulse,h/2,if detected at h,"D,E"
nml2_hh_example,m-scale_conductance-1b265d3832,P09_short_pulse,h/4,if an apparent canonical survivor,"D,E"
nml2_hh_example,m-scale_conductance-ecad0d4d76,P00_canonical,h,always,"B,C"
nml2_hh_example,m-scale_conductance-ecad0d4d76,P00_canonical,h/2,if detected at h,"B,C"
nml2_hh_example,m-scale_conductance-ecad0d4d76,P00_canonical,h/4,if an apparent canonical survivor,"B,C"
nml2_hh_example,m-scale_conductance-ecad0d4d76,P02_weak_step,h,always,"D,E"
nml2_hh_example,m-scale_conductance-ecad0d4d76,P02_weak_step,h/2,if detected at h,"D,E"
nml2_hh_example,m-scale_conductance-ecad0d4d76,P02_weak_step,h/4,if an apparent canonical survivor,"D,E"
nml2_hh_example,m-scale_conductance-ecad0d4d76,P03_rheobase,h,always,"D,E"
nml2_hh_example,m-scale_conductance-ecad0d4d76,P03_rheobase,h/2,if detected at h,"D,E"
nml2_hh_example,m-scale_conductance-ecad0d4d76,P03_rheobase,h/4,if an apparent canonical survivor,"D,E"
nml2_hh_example,m-scale_conductance-ecad0d4d76,P04_step_2x,h,always,"D,E"
nml2_hh_example,m-scale_conductance-ecad0d4d76,P04_step_2x,h/2,if detected at h,"D,E"
nml2_hh_example,m-scale_conductance-ecad0d4d76,P04_step_2x,h/4,if an apparent canonical survivor,"D,E"
nml2_hh_example,m-scale_conductance-ecad0d4d76,P05_long_step,h,always,"D,E"
nml2_hh_example,m-scale_conductance-ecad0d4d76,P05_long_step,h/2,if detected at h,"D,E"
nml2_hh_example,m-scale_conductance-ecad0d4d76,P05_long_step,h/4,if an apparent canonical survivor,"D,E"
nml2_hh_example,m-scale_conductance-ecad0d4d76,P06_ramp,h,always,"D,E"
nml2_hh_example,m-scale_conductance-ecad0d4d76,P06_ramp,h/2,if detected at h,"D,E"
nml2_hh_example,m-scale_conductance-ecad0d4d76,P06_ramp,h/4,if an apparent canonical survivor,"D,E"
nml2_hh_example,m-scale_conductance-ecad0d4d76,P07_hyperpolarizing_step,h,always,"D,E"
nml2_hh_example,m-scale_conductance-ecad0d4d76,P07_hyperpolarizing_step,h/2,if detected at h,"D,E"
nml2_hh_example,m-scale_conductance-ecad0d4d76,P07_hyperpolarizing_step,h/4,if an apparent canonical survivor,"D,E"
nml2_hh_example,m-scale_conductance-ecad0d4d76,P08_rebound,h,always,"D,E"
nml2_hh_example,m-scale_conductance-ecad0d4d76,P08_rebound,h/2,if detected at h,"D,E"
nml2_hh_example,m-scale_conductance-ecad0d4d76,P08_rebound,h/4,if an apparent canonical survivor,"D,E"
nml2_hh_example,m-scale_conductance-ecad0d4d76,P09_short_pulse,h,always,"D,E"
nml2_hh_example,m-scale_conductance-ecad0d4d76,P09_short_pulse,h/2,if detected at h,"D,E"
nml2_hh_example,m-scale_conductance-ecad0d4d76,P09_short_pulse,h/4,if an apparent canonical survivor,"D,E"
nml2_hh_example,m-shift_reversal-a84a36ad81,P00_canonical,h,always,"B,C"
nml2_hh_example,m-shift_reversal-a84a36ad81,P00_canonical,h/2,if detected at h,"B,C"
nml2_hh_example,m-shift_reversal-a84a36ad81,P00_canonical,h/4,if an apparent canonical survivor,"B,C"
nml2_hh_example,m-shift_reversal-a84a36ad81,P02_weak_step,h,always,"D,E"
nml2_hh_example,m-shift_reversal-a84a36ad81,P02_weak_step,h/2,if detected at h,"D,E"
nml2_hh_example,m-shift_reversal-a84a36ad81,P02_weak_step,h/4,if an apparent canonical survivor,"D,E"
nml2_hh_example,m-shift_reversal-a84a36ad81,P03_rheobase,h,always,"D,E"
nml2_hh_example,m-shift_reversal-a84a36ad81,P03_rheobase,h/2,if detected at h,"D,E"
nml2_hh_example,m-shift_reversal-a84a36ad81,P03_rheobase,h/4,if an apparent canonical survivor,"D,E"
nml2_hh_example,m-shift_reversal-a84a36ad81,P04_step_2x,h,always,"D,E"
nml2_hh_example,m-shift_reversal-a84a36ad81,P04_step_2x,h/2,if detected at h,"D,E"
nml2_hh_example,m-shift_reversal-a84a36ad81,P04_step_2x,h/4,if an apparent canonical survivor,"D,E"
nml2_hh_example,m-shift_reversal-a84a36ad81,P05_long_step,h,always,"D,E"
nml2_hh_example,m-shift_reversal-a84a36ad81,P05_long_step,h/2,if detected at h,"D,E"
nml2_hh_example,m-shift_reversal-a84a36ad81,P05_long_step,h/4,if an apparent canonical survivor,"D,E"
nml2_hh_example,m-shift_reversal-a84a36ad81,P06_ramp,h,always,"D,E"
nml2_hh_example,m-shift_reversal-a84a36ad81,P06_ramp,h/2,if detected at h,"D,E"
nml2_hh_example,m-shift_reversal-a84a36ad81,P06_ramp,h/4,if an apparent canonical survivor,"D,E"
nml2_hh_example,m-shift_reversal-a84a36ad81,P07_hyperpolarizing_step,h,always,"D,E"
nml2_hh_example,m-shift_reversal-a84a36ad81,P07_hyperpolarizing_step,h/2,if detected at h,"D,E"
nml2_hh_example,m-shift_reversal-a84a36ad81,P07_hyperpolarizing_step,h/4,if an apparent canonical survivor,"D,E"
nml2_hh_example,m-shift_reversal-a84a36ad81,P08_rebound,h,always,"D,E"
nml2_hh_example,m-shift_reversal-a84a36ad81,P08_rebound,h/2,if detected at h,"D,E"
nml2_hh_example,m-shift_reversal-a84a36ad81,P08_rebound,h/4,if an apparent canonical survivor,"D,E"
nml2_hh_example,m-shift_reversal-a84a36ad81,P09_short_pulse,h,always,"D,E"
nml2_hh_example,m-shift_reversal-a84a36ad81,P09_short_pulse,h/2,if detected at h,"D,E"
nml2_hh_example,m-shift_reversal-a84a36ad81,P09_short_pulse,h/4,if an apparent canonical survivor,"D,E"
nml2_hh_example,m-shift_reversal-b9112ba83d,P00_canonical,h,always,"B,C"
nml2_hh_example,m-shift_reversal-b9112ba83d,P00_canonical,h/2,if detected at h,"B,C"
nml2_hh_example,m-shift_reversal-b9112ba83d,P00_canonical,h/4,if an apparent canonical survivor,"B,C"
nml2_hh_example,m-shift_reversal-b9112ba83d,P02_weak_step,h,always,"D,E"
nml2_hh_example,m-shift_reversal-b9112ba83d,P02_weak_step,h/2,if detected at h,"D,E"
nml2_hh_example,m-shift_reversal-b9112ba83d,P02_weak_step,h/4,if an apparent canonical survivor,"D,E"
nml2_hh_example,m-shift_reversal-b9112ba83d,P03_rheobase,h,always,"D,E"
nml2_hh_example,m-shift_reversal-b9112ba83d,P03_rheobase,h/2,if detected at h,"D,E"
nml2_hh_example,m-shift_reversal-b9112ba83d,P03_rheobase,h/4,if an apparent canonical survivor,"D,E"
nml2_hh_example,m-shift_reversal-b9112ba83d,P04_step_2x,h,always,"D,E"
nml2_hh_example,m-shift_reversal-b9112ba83d,P04_step_2x,h/2,if detected at h,"D,E"
nml2_hh_example,m-shift_reversal-b9112ba83d,P04_step_2x,h/4,if an apparent canonical survivor,"D,E"
nml2_hh_example,m-shift_reversal-b9112ba83d,P05_long_step,h,always,"D,E"
nml2_hh_example,m-shift_reversal-b9112ba83d,P05_long_step,h/2,if detected at h,"D,E"
nml2_hh_example,m-shift_reversal-b9112ba83d,P05_long_step,h/4,if an apparent canonical survivor,"D,E"
nml2_hh_example,m-shift_reversal-b9112ba83d,P06_ramp,h,always,"D,E"
nml2_hh_example,m-shift_reversal-b9112ba83d,P06_ramp,h/2,if detected at h,"D,E"
nml2_hh_example,m-shift_reversal-b9112ba83d,P06_ramp,h/4,if an apparent canonical survivor,"D,E"
nml2_hh_example,m-shift_reversal-b9112ba83d,P07_hyperpolarizing_step,h,always,"D,E"
nml2_hh_example,m-shift_reversal-b9112ba83d,P07_hyperpolarizing_step,h/2,if detected at h,"D,E"
nml2_hh_example,m-shift_reversal-b9112ba83d,P07_hyperpolarizing_step,h/4,if an apparent canonical survivor,"D,E"
nml2_hh_example,m-shift_reversal-b9112ba83d,P08_rebound,h,always,"D,E"
nml2_hh_example,m-shift_reversal-b9112ba83d,P08_rebound,h/2,if detected at h,"D,E"
nml2_hh_example,m-shift_reversal-b9112ba83d,P08_rebound,h/4,if an apparent canonical survivor,"D,E"
nml2_hh_example,m-shift_reversal-b9112ba83d,P09_short_pulse,h,always,"D,E"
nml2_hh_example,m-shift_reversal-b9112ba83d,P09_short_pulse,h/2,if detected at h,"D,E"
nml2_hh_example,m-shift_reversal-b9112ba83d,P09_short_pulse,h/4,if an apparent canonical survivor,"D,E"
nml2_hh_example,m-shift_reversal-36bce9b069,P00_canonical,h,always,"B,C"
nml2_hh_example,m-shift_reversal-36bce9b069,P00_canonical,h/2,if detected at h,"B,C"
nml2_hh_example,m-shift_reversal-36bce9b069,P00_canonical,h/4,if an apparent canonical survivor,"B,C"
nml2_hh_example,m-shift_reversal-36bce9b069,P02_weak_step,h,always,"D,E"
nml2_hh_example,m-shift_reversal-36bce9b069,P02_weak_step,h/2,if detected at h,"D,E"
nml2_hh_example,m-shift_reversal-36bce9b069,P02_weak_step,h/4,if an apparent canonical survivor,"D,E"
nml2_hh_example,m-shift_reversal-36bce9b069,P03_rheobase,h,always,"D,E"
nml2_hh_example,m-shift_reversal-36bce9b069,P03_rheobase,h/2,if detected at h,"D,E"
nml2_hh_example,m-shift_reversal-36bce9b069,P03_rheobase,h/4,if an apparent canonical survivor,"D,E"
nml2_hh_example,m-shift_reversal-36bce9b069,P04_step_2x,h,always,"D,E"
nml2_hh_example,m-shift_reversal-36bce9b069,P04_step_2x,h/2,if detected at h,"D,E"
nml2_hh_example,m-shift_reversal-36bce9b069,P04_step_2x,h/4,if an apparent canonical survivor,"D,E"
nml2_hh_example,m-shift_reversal-36bce9b069,P05_long_step,h,always,"D,E"
nml2_hh_example,m-shift_reversal-36bce9b069,P05_long_step,h/2,if detected at h,"D,E"
nml2_hh_example,m-shift_reversal-36bce9b069,P05_long_step,h/4,if an apparent canonical survivor,"D,E"
nml2_hh_example,m-shift_reversal-36bce9b069,P06_ramp,h,always,"D,E"
nml2_hh_example,m-shift_reversal-36bce9b069,P06_ramp,h/2,if detected at h,"D,E"
nml2_hh_example,m-shift_reversal-36bce9b069,P06_ramp,h/4,if an apparent canonical survivor,"D,E"
nml2_hh_example,m-shift_reversal-36bce9b069,P07_hyperpolarizing_step,h,always,"D,E"
nml2_hh_example,m-shift_reversal-36bce9b069,P07_hyperpolarizing_step,h/2,if detected at h,"D,E"
nml2_hh_example,m-shift_reversal-36bce9b069,P07_hyperpolarizing_step,h/4,if an apparent canonical survivor,"D,E"
nml2_hh_example,m-shift_reversal-36bce9b069,P08_rebound,h,always,"D,E"
nml2_hh_example,m-shift_reversal-36bce9b069,P08_rebound,h/2,if detected at h,"D,E"
nml2_hh_example,m-shift_reversal-36bce9b069,P08_rebound,h/4,if an apparent canonical survivor,"D,E"
nml2_hh_example,m-shift_reversal-36bce9b069,P09_short_pulse,h,always,"D,E"
nml2_hh_example,m-shift_reversal-36bce9b069,P09_short_pulse,h/2,if detected at h,"D,E"
nml2_hh_example,m-shift_reversal-36bce9b069,P09_short_pulse,h/4,if an apparent canonical survivor,"D,E"
nml2_hh_example,m-shift_reversal-754db6a01c,P00_canonical,h,always,"B,C"
nml2_hh_example,m-shift_reversal-754db6a01c,P00_canonical,h/2,if detected at h,"B,C"
nml2_hh_example,m-shift_reversal-754db6a01c,P00_canonical,h/4,if an apparent canonical survivor,"B,C"
nml2_hh_example,m-shift_reversal-754db6a01c,P02_weak_step,h,always,"D,E"
nml2_hh_example,m-shift_reversal-754db6a01c,P02_weak_step,h/2,if detected at h,"D,E"
nml2_hh_example,m-shift_reversal-754db6a01c,P02_weak_step,h/4,if an apparent canonical survivor,"D,E"
nml2_hh_example,m-shift_reversal-754db6a01c,P03_rheobase,h,always,"D,E"
nml2_hh_example,m-shift_reversal-754db6a01c,P03_rheobase,h/2,if detected at h,"D,E"
nml2_hh_example,m-shift_reversal-754db6a01c,P03_rheobase,h/4,if an apparent canonical survivor,"D,E"
nml2_hh_example,m-shift_reversal-754db6a01c,P04_step_2x,h,always,"D,E"
nml2_hh_example,m-shift_reversal-754db6a01c,P04_step_2x,h/2,if detected at h,"D,E"
nml2_hh_example,m-shift_reversal-754db6a01c,P04_step_2x,h/4,if an apparent canonical survivor,"D,E"
nml2_hh_example,m-shift_reversal-754db6a01c,P05_long_step,h,always,"D,E"
nml2_hh_example,m-shift_reversal-754db6a01c,P05_long_step,h/2,if detected at h,"D,E"
nml2_hh_example,m-shift_reversal-754db6a01c,P05_long_step,h/4,if an apparent canonical survivor,"D,E"
nml2_hh_example,m-shift_reversal-754db6a01c,P06_ramp,h,always,"D,E"
nml2_hh_example,m-shift_reversal-754db6a01c,P06_ramp,h/2,if detected at h,"D,E"
nml2_hh_example,m-shift_reversal-754db6a01c,P06_ramp,h/4,if an apparent canonical survivor,"D,E"
nml2_hh_example,m-shift_reversal-754db6a01c,P07_hyperpolarizing_step,h,always,"D,E"
nml2_hh_example,m-shift_reversal-754db6a01c,P07_hyperpolarizing_step,h/2,if detected at h,"D,E"
nml2_hh_example,m-shift_reversal-754db6a01c,P07_hyperpolarizing_step,h/4,if an apparent canonical survivor,"D,E"
nml2_hh_example,m-shift_reversal-754db6a01c,P08_rebound,h,always,"D,E"
nml2_hh_example,m-shift_reversal-754db6a01c,P08_rebound,h/2,if detected at h,"D,E"
nml2_hh_example,m-shift_reversal-754db6a01c,P08_rebound,h/4,if an apparent canonical survivor,"D,E"
nml2_hh_example,m-shift_reversal-754db6a01c,P09_short_pulse,h,always,"D,E"
nml2_hh_example,m-shift_reversal-754db6a01c,P09_short_pulse,h/2,if detected at h,"D,E"
nml2_hh_example,m-shift_reversal-754db6a01c,P09_short_pulse,h/4,if an apparent canonical survivor,"D,E"
nml2_hh_example,m-scale_capacitance-0eba58b1c3,P00_canonical,h,always,"B,C"
nml2_hh_example,m-scale_capacitance-0eba58b1c3,P00_canonical,h/2,if detected at h,"B,C"
nml2_hh_example,m-scale_capacitance-0eba58b1c3,P00_canonical,h/4,if an apparent canonical survivor,"B,C"
nml2_hh_example,m-scale_capacitance-0eba58b1c3,P02_weak_step,h,always,"D,E"
nml2_hh_example,m-scale_capacitance-0eba58b1c3,P02_weak_step,h/2,if detected at h,"D,E"
nml2_hh_example,m-scale_capacitance-0eba58b1c3,P02_weak_step,h/4,if an apparent canonical survivor,"D,E"
nml2_hh_example,m-scale_capacitance-0eba58b1c3,P03_rheobase,h,always,"D,E"
nml2_hh_example,m-scale_capacitance-0eba58b1c3,P03_rheobase,h/2,if detected at h,"D,E"
nml2_hh_example,m-scale_capacitance-0eba58b1c3,P03_rheobase,h/4,if an apparent canonical survivor,"D,E"
nml2_hh_example,m-scale_capacitance-0eba58b1c3,P04_step_2x,h,always,"D,E"
nml2_hh_example,m-scale_capacitance-0eba58b1c3,P04_step_2x,h/2,if detected at h,"D,E"
nml2_hh_example,m-scale_capacitance-0eba58b1c3,P04_step_2x,h/4,if an apparent canonical survivor,"D,E"
nml2_hh_example,m-scale_capacitance-0eba58b1c3,P05_long_step,h,always,"D,E"
nml2_hh_example,m-scale_capacitance-0eba58b1c3,P05_long_step,h/2,if detected at h,"D,E"
nml2_hh_example,m-scale_capacitance-0eba58b1c3,P05_long_step,h/4,if an apparent canonical survivor,"D,E"
nml2_hh_example,m-scale_capacitance-0eba58b1c3,P06_ramp,h,always,"D,E"
nml2_hh_example,m-scale_capacitance-0eba58b1c3,P06_ramp,h/2,if detected at h,"D,E"
nml2_hh_example,m-scale_capacitance-0eba58b1c3,P06_ramp,h/4,if an apparent canonical survivor,"D,E"
nml2_hh_example,m-scale_capacitance-0eba58b1c3,P07_hyperpolarizing_step,h,always,"D,E"
nml2_hh_example,m-scale_capacitance-0eba58b1c3,P07_hyperpolarizing_step,h/2,if detected at h,"D,E"
nml2_hh_example,m-scale_capacitance-0eba58b1c3,P07_hyperpolarizing_step,h/4,if an apparent canonical survivor,"D,E"
nml2_hh_example,m-scale_capacitance-0eba58b1c3,P08_rebound,h,always,"D,E"
nml2_hh_example,m-scale_capacitance-0eba58b1c3,P08_rebound,h/2,if detected at h,"D,E"
nml2_hh_example,m-scale_capacitance-0eba58b1c3,P08_rebound,h/4,if an apparent canonical survivor,"D,E"
nml2_hh_example,m-scale_capacitance-0eba58b1c3,P09_short_pulse,h,always,"D,E"
nml2_hh_example,m-scale_capacitance-0eba58b1c3,P09_short_pulse,h/2,if detected at h,"D,E"
nml2_hh_example,m-scale_capacitance-0eba58b1c3,P09_short_pulse,h/4,if an apparent canonical survivor,"D,E"
nml2_hh_example,m-scale_capacitance-e015416fbf,P00_canonical,h,always,"B,C"
nml2_hh_example,m-scale_capacitance-e015416fbf,P00_canonical,h/2,if detected at h,"B,C"
nml2_hh_example,m-scale_capacitance-e015416fbf,P00_canonical,h/4,if an apparent canonical survivor,"B,C"
nml2_hh_example,m-scale_capacitance-e015416fbf,P02_weak_step,h,always,"D,E"
nml2_hh_example,m-scale_capacitance-e015416fbf,P02_weak_step,h/2,if detected at h,"D,E"
nml2_hh_example,m-scale_capacitance-e015416fbf,P02_weak_step,h/4,if an apparent canonical survivor,"D,E"
nml2_hh_example,m-scale_capacitance-e015416fbf,P03_rheobase,h,always,"D,E"
nml2_hh_example,m-scale_capacitance-e015416fbf,P03_rheobase,h/2,if detected at h,"D,E"
nml2_hh_example,m-scale_capacitance-e015416fbf,P03_rheobase,h/4,if an apparent canonical survivor,"D,E"
nml2_hh_example,m-scale_capacitance-e015416fbf,P04_step_2x,h,always,"D,E"
nml2_hh_example,m-scale_capacitance-e015416fbf,P04_step_2x,h/2,if detected at h,"D,E"
nml2_hh_example,m-scale_capacitance-e015416fbf,P04_step_2x,h/4,if an apparent canonical survivor,"D,E"
nml2_hh_example,m-scale_capacitance-e015416fbf,P05_long_step,h,always,"D,E"
nml2_hh_example,m-scale_capacitance-e015416fbf,P05_long_step,h/2,if detected at h,"D,E"
nml2_hh_example,m-scale_capacitance-e015416fbf,P05_long_step,h/4,if an apparent canonical survivor,"D,E"
nml2_hh_example,m-scale_capacitance-e015416fbf,P06_ramp,h,always,"D,E"
nml2_hh_example,m-scale_capacitance-e015416fbf,P06_ramp,h/2,if detected at h,"D,E"
nml2_hh_example,m-scale_capacitance-e015416fbf,P06_ramp,h/4,if an apparent canonical survivor,"D,E"
nml2_hh_example,m-scale_capacitance-e015416fbf,P07_hyperpolarizing_step,h,always,"D,E"
nml2_hh_example,m-scale_capacitance-e015416fbf,P07_hyperpolarizing_step,h/2,if detected at h,"D,E"
nml2_hh_example,m-scale_capacitance-e015416fbf,P07_hyperpolarizing_step,h/4,if an apparent canonical survivor,"D,E"
nml2_hh_example,m-scale_capacitance-e015416fbf,P08_rebound,h,always,"D,E"
nml2_hh_example,m-scale_capacitance-e015416fbf,P08_rebound,h/2,if detected at h,"D,E"
nml2_hh_example,m-scale_capacitance-e015416fbf,P08_rebound,h/4,if an apparent canonical survivor,"D,E"
nml2_hh_example,m-scale_capacitance-e015416fbf,P09_short_pulse,h,always,"D,E"
nml2_hh_example,m-scale_capacitance-e015416fbf,P09_short_pulse,h/2,if detected at h,"D,E"
nml2_hh_example,m-scale_capacitance-e015416fbf,P09_short_pulse,h/4,if an apparent canonical survivor,"D,E"
nml2_hh_example,m-scale_gate_time_constant-06060ba499,P00_canonical,h,always,"B,C"
nml2_hh_example,m-scale_gate_time_constant-06060ba499,P00_canonical,h/2,if detected at h,"B,C"
nml2_hh_example,m-scale_gate_time_constant-06060ba499,P00_canonical,h/4,if an apparent canonical survivor,"B,C"
nml2_hh_example,m-scale_gate_time_constant-06060ba499,P02_weak_step,h,always,"D,E"
nml2_hh_example,m-scale_gate_time_constant-06060ba499,P02_weak_step,h/2,if detected at h,"D,E"
nml2_hh_example,m-scale_gate_time_constant-06060ba499,P02_weak_step,h/4,if an apparent canonical survivor,"D,E"
nml2_hh_example,m-scale_gate_time_constant-06060ba499,P03_rheobase,h,always,"D,E"
nml2_hh_example,m-scale_gate_time_constant-06060ba499,P03_rheobase,h/2,if detected at h,"D,E"
nml2_hh_example,m-scale_gate_time_constant-06060ba499,P03_rheobase,h/4,if an apparent canonical survivor,"D,E"
nml2_hh_example,m-scale_gate_time_constant-06060ba499,P04_step_2x,h,always,"D,E"
nml2_hh_example,m-scale_gate_time_constant-06060ba499,P04_step_2x,h/2,if detected at h,"D,E"
nml2_hh_example,m-scale_gate_time_constant-06060ba499,P04_step_2x,h/4,if an apparent canonical survivor,"D,E"
nml2_hh_example,m-scale_gate_time_constant-06060ba499,P05_long_step,h,always,"D,E"
nml2_hh_example,m-scale_gate_time_constant-06060ba499,P05_long_step,h/2,if detected at h,"D,E"
nml2_hh_example,m-scale_gate_time_constant-06060ba499,P05_long_step,h/4,if an apparent canonical survivor,"D,E"
nml2_hh_example,m-scale_gate_time_constant-06060ba499,P06_ramp,h,always,"D,E"
nml2_hh_example,m-scale_gate_time_constant-06060ba499,P06_ramp,h/2,if detected at h,"D,E"
nml2_hh_example,m-scale_gate_time_constant-06060ba499,P06_ramp,h/4,if an apparent canonical survivor,"D,E"
nml2_hh_example,m-scale_gate_time_constant-06060ba499,P07_hyperpolarizing_step,h,always,"D,E"
nml2_hh_example,m-scale_gate_time_constant-06060ba499,P07_hyperpolarizing_step,h/2,if detected at h,"D,E"
nml2_hh_example,m-scale_gate_time_constant-06060ba499,P07_hyperpolarizing_step,h/4,if an apparent canonical survivor,"D,E"
nml2_hh_example,m-scale_gate_time_constant-06060ba499,P08_rebound,h,always,"D,E"
nml2_hh_example,m-scale_gate_time_constant-06060ba499,P08_rebound,h/2,if detected at h,"D,E"
nml2_hh_example,m-scale_gate_time_constant-06060ba499,P08_rebound,h/4,if an apparent canonical survivor,"D,E"
nml2_hh_example,m-scale_gate_time_constant-06060ba499,P09_short_pulse,h,always,"D,E"
nml2_hh_example,m-scale_gate_time_constant-06060ba499,P09_short_pulse,h/2,if detected at h,"D,E"
nml2_hh_example,m-scale_gate_time_constant-06060ba499,P09_short_pulse,h/4,if an apparent canonical survivor,"D,E"
nml2_hh_example,m-scale_gate_time_constant-445843d9fa,P00_canonical,h,always,"B,C"
nml2_hh_example,m-scale_gate_time_constant-445843d9fa,P00_canonical,h/2,if detected at h,"B,C"
nml2_hh_example,m-scale_gate_time_constant-445843d9fa,P00_canonical,h/4,if an apparent canonical survivor,"B,C"
nml2_hh_example,m-scale_gate_time_constant-445843d9fa,P02_weak_step,h,always,"D,E"
nml2_hh_example,m-scale_gate_time_constant-445843d9fa,P02_weak_step,h/2,if detected at h,"D,E"
nml2_hh_example,m-scale_gate_time_constant-445843d9fa,P02_weak_step,h/4,if an apparent canonical survivor,"D,E"
nml2_hh_example,m-scale_gate_time_constant-445843d9fa,P03_rheobase,h,always,"D,E"
nml2_hh_example,m-scale_gate_time_constant-445843d9fa,P03_rheobase,h/2,if detected at h,"D,E"
nml2_hh_example,m-scale_gate_time_constant-445843d9fa,P03_rheobase,h/4,if an apparent canonical survivor,"D,E"
nml2_hh_example,m-scale_gate_time_constant-445843d9fa,P04_step_2x,h,always,"D,E"
nml2_hh_example,m-scale_gate_time_constant-445843d9fa,P04_step_2x,h/2,if detected at h,"D,E"
nml2_hh_example,m-scale_gate_time_constant-445843d9fa,P04_step_2x,h/4,if an apparent canonical survivor,"D,E"
nml2_hh_example,m-scale_gate_time_constant-445843d9fa,P05_long_step,h,always,"D,E"
nml2_hh_example,m-scale_gate_time_constant-445843d9fa,P05_long_step,h/2,if detected at h,"D,E"
nml2_hh_example,m-scale_gate_time_constant-445843d9fa,P05_long_step,h/4,if an apparent canonical survivor,"D,E"
nml2_hh_example,m-scale_gate_time_constant-445843d9fa,P06_ramp,h,always,"D,E"
nml2_hh_example,m-scale_gate_time_constant-445843d9fa,P06_ramp,h/2,if detected at h,"D,E"
nml2_hh_example,m-scale_gate_time_constant-445843d9fa,P06_ramp,h/4,if an apparent canonical survivor,"D,E"
nml2_hh_example,m-scale_gate_time_constant-445843d9fa,P07_hyperpolarizing_step,h,always,"D,E"
nml2_hh_example,m-scale_gate_time_constant-445843d9fa,P07_hyperpolarizing_step,h/2,if detected at h,"D,E"
nml2_hh_example,m-scale_gate_time_constant-445843d9fa,P07_hyperpolarizing_step,h/4,if an apparent canonical survivor,"D,E"
nml2_hh_example,m-scale_gate_time_constant-445843d9fa,P08_rebound,h,always,"D,E"
nml2_hh_example,m-scale_gate_time_constant-445843d9fa,P08_rebound,h/2,if detected at h,"D,E"
nml2_hh_example,m-scale_gate_time_constant-445843d9fa,P08_rebound,h/4,if an apparent canonical survivor,"D,E"
nml2_hh_example,m-scale_gate_time_constant-445843d9fa,P09_short_pulse,h,always,"D,E"
nml2_hh_example,m-scale_gate_time_constant-445843d9fa,P09_short_pulse,h/2,if detected at h,"D,E"
nml2_hh_example,m-scale_gate_time_constant-445843d9fa,P09_short_pulse,h/4,if an apparent canonical survivor,"D,E"
nml2_hh_example,m-shift_gate_midpoint-cdbd253d57,P00_canonical,h,always,"B,C"
nml2_hh_example,m-shift_gate_midpoint-cdbd253d57,P00_canonical,h/2,if detected at h,"B,C"
nml2_hh_example,m-shift_gate_midpoint-cdbd253d57,P00_canonical,h/4,if an apparent canonical survivor,"B,C"
nml2_hh_example,m-shift_gate_midpoint-cdbd253d57,P02_weak_step,h,always,"D,E"
nml2_hh_example,m-shift_gate_midpoint-cdbd253d57,P02_weak_step,h/2,if detected at h,"D,E"
nml2_hh_example,m-shift_gate_midpoint-cdbd253d57,P02_weak_step,h/4,if an apparent canonical survivor,"D,E"
nml2_hh_example,m-shift_gate_midpoint-cdbd253d57,P03_rheobase,h,always,"D,E"
nml2_hh_example,m-shift_gate_midpoint-cdbd253d57,P03_rheobase,h/2,if detected at h,"D,E"
nml2_hh_example,m-shift_gate_midpoint-cdbd253d57,P03_rheobase,h/4,if an apparent canonical survivor,"D,E"
nml2_hh_example,m-shift_gate_midpoint-cdbd253d57,P04_step_2x,h,always,"D,E"
nml2_hh_example,m-shift_gate_midpoint-cdbd253d57,P04_step_2x,h/2,if detected at h,"D,E"
nml2_hh_example,m-shift_gate_midpoint-cdbd253d57,P04_step_2x,h/4,if an apparent canonical survivor,"D,E"
nml2_hh_example,m-shift_gate_midpoint-cdbd253d57,P05_long_step,h,always,"D,E"
nml2_hh_example,m-shift_gate_midpoint-cdbd253d57,P05_long_step,h/2,if detected at h,"D,E"
nml2_hh_example,m-shift_gate_midpoint-cdbd253d57,P05_long_step,h/4,if an apparent canonical survivor,"D,E"
nml2_hh_example,m-shift_gate_midpoint-cdbd253d57,P06_ramp,h,always,"D,E"
nml2_hh_example,m-shift_gate_midpoint-cdbd253d57,P06_ramp,h/2,if detected at h,"D,E"
nml2_hh_example,m-shift_gate_midpoint-cdbd253d57,P06_ramp,h/4,if an apparent canonical survivor,"D,E"
nml2_hh_example,m-shift_gate_midpoint-cdbd253d57,P07_hyperpolarizing_step,h,always,"D,E"
nml2_hh_example,m-shift_gate_midpoint-cdbd253d57,P07_hyperpolarizing_step,h/2,if detected at h,"D,E"
nml2_hh_example,m-shift_gate_midpoint-cdbd253d57,P07_hyperpolarizing_step,h/4,if an apparent canonical survivor,"D,E"
nml2_hh_example,m-shift_gate_midpoint-cdbd253d57,P08_rebound,h,always,"D,E"
nml2_hh_example,m-shift_gate_midpoint-cdbd253d57,P08_rebound,h/2,if detected at h,"D,E"
nml2_hh_example,m-shift_gate_midpoint-cdbd253d57,P08_rebound,h/4,if an apparent canonical survivor,"D,E"
nml2_hh_example,m-shift_gate_midpoint-cdbd253d57,P09_short_pulse,h,always,"D,E"
nml2_hh_example,m-shift_gate_midpoint-cdbd253d57,P09_short_pulse,h/2,if detected at h,"D,E"
nml2_hh_example,m-shift_gate_midpoint-cdbd253d57,P09_short_pulse,h/4,if an apparent canonical survivor,"D,E"
nml2_hh_example,m-shift_gate_midpoint-6ea0967285,P00_canonical,h,always,"B,C"
nml2_hh_example,m-shift_gate_midpoint-6ea0967285,P00_canonical,h/2,if detected at h,"B,C"
nml2_hh_example,m-shift_gate_midpoint-6ea0967285,P00_canonical,h/4,if an apparent canonical survivor,"B,C"
nml2_hh_example,m-shift_gate_midpoint-6ea0967285,P02_weak_step,h,always,"D,E"
nml2_hh_example,m-shift_gate_midpoint-6ea0967285,P02_weak_step,h/2,if detected at h,"D,E"
nml2_hh_example,m-shift_gate_midpoint-6ea0967285,P02_weak_step,h/4,if an apparent canonical survivor,"D,E"
nml2_hh_example,m-shift_gate_midpoint-6ea0967285,P03_rheobase,h,always,"D,E"
nml2_hh_example,m-shift_gate_midpoint-6ea0967285,P03_rheobase,h/2,if detected at h,"D,E"
nml2_hh_example,m-shift_gate_midpoint-6ea0967285,P03_rheobase,h/4,if an apparent canonical survivor,"D,E"
nml2_hh_example,m-shift_gate_midpoint-6ea0967285,P04_step_2x,h,always,"D,E"
nml2_hh_example,m-shift_gate_midpoint-6ea0967285,P04_step_2x,h/2,if detected at h,"D,E"
nml2_hh_example,m-shift_gate_midpoint-6ea0967285,P04_step_2x,h/4,if an apparent canonical survivor,"D,E"
nml2_hh_example,m-shift_gate_midpoint-6ea0967285,P05_long_step,h,always,"D,E"
nml2_hh_example,m-shift_gate_midpoint-6ea0967285,P05_long_step,h/2,if detected at h,"D,E"
nml2_hh_example,m-shift_gate_midpoint-6ea0967285,P05_long_step,h/4,if an apparent canonical survivor,"D,E"
nml2_hh_example,m-shift_gate_midpoint-6ea0967285,P06_ramp,h,always,"D,E"
nml2_hh_example,m-shift_gate_midpoint-6ea0967285,P06_ramp,h/2,if detected at h,"D,E"
nml2_hh_example,m-shift_gate_midpoint-6ea0967285,P06_ramp,h/4,if an apparent canonical survivor,"D,E"
nml2_hh_example,m-shift_gate_midpoint-6ea0967285,P07_hyperpolarizing_step,h,always,"D,E"
nml2_hh_example,m-shift_gate_midpoint-6ea0967285,P07_hyperpolarizing_step,h/2,if detected at h,"D,E"
nml2_hh_example,m-shift_gate_midpoint-6ea0967285,P07_hyperpolarizing_step,h/4,if an apparent canonical survivor,"D,E"
nml2_hh_example,m-shift_gate_midpoint-6ea0967285,P08_rebound,h,always,"D,E"
nml2_hh_example,m-shift_gate_midpoint-6ea0967285,P08_rebound,h/2,if detected at h,"D,E"
nml2_hh_example,m-shift_gate_midpoint-6ea0967285,P08_rebound,h/4,if an apparent canonical survivor,"D,E"
nml2_hh_example,m-shift_gate_midpoint-6ea0967285,P09_short_pulse,h,always,"D,E"
nml2_hh_example,m-shift_gate_midpoint-6ea0967285,P09_short_pulse,h/2,if detected at h,"D,E"
nml2_hh_example,m-shift_gate_midpoint-6ea0967285,P09_short_pulse,h/4,if an apparent canonical survivor,"D,E"
nml2_hh_example,m-scale_gate_slope-6f355edc68,P00_canonical,h,always,"B,C"
nml2_hh_example,m-scale_gate_slope-6f355edc68,P00_canonical,h/2,if detected at h,"B,C"
nml2_hh_example,m-scale_gate_slope-6f355edc68,P00_canonical,h/4,if an apparent canonical survivor,"B,C"
nml2_hh_example,m-scale_gate_slope-6f355edc68,P02_weak_step,h,always,"D,E"
nml2_hh_example,m-scale_gate_slope-6f355edc68,P02_weak_step,h/2,if detected at h,"D,E"
nml2_hh_example,m-scale_gate_slope-6f355edc68,P02_weak_step,h/4,if an apparent canonical survivor,"D,E"
nml2_hh_example,m-scale_gate_slope-6f355edc68,P03_rheobase,h,always,"D,E"
nml2_hh_example,m-scale_gate_slope-6f355edc68,P03_rheobase,h/2,if detected at h,"D,E"
nml2_hh_example,m-scale_gate_slope-6f355edc68,P03_rheobase,h/4,if an apparent canonical survivor,"D,E"
nml2_hh_example,m-scale_gate_slope-6f355edc68,P04_step_2x,h,always,"D,E"
nml2_hh_example,m-scale_gate_slope-6f355edc68,P04_step_2x,h/2,if detected at h,"D,E"
nml2_hh_example,m-scale_gate_slope-6f355edc68,P04_step_2x,h/4,if an apparent canonical survivor,"D,E"
nml2_hh_example,m-scale_gate_slope-6f355edc68,P05_long_step,h,always,"D,E"
nml2_hh_example,m-scale_gate_slope-6f355edc68,P05_long_step,h/2,if detected at h,"D,E"
nml2_hh_example,m-scale_gate_slope-6f355edc68,P05_long_step,h/4,if an apparent canonical survivor,"D,E"
nml2_hh_example,m-scale_gate_slope-6f355edc68,P06_ramp,h,always,"D,E"
nml2_hh_example,m-scale_gate_slope-6f355edc68,P06_ramp,h/2,if detected at h,"D,E"
nml2_hh_example,m-scale_gate_slope-6f355edc68,P06_ramp,h/4,if an apparent canonical survivor,"D,E"
nml2_hh_example,m-scale_gate_slope-6f355edc68,P07_hyperpolarizing_step,h,always,"D,E"
nml2_hh_example,m-scale_gate_slope-6f355edc68,P07_hyperpolarizing_step,h/2,if detected at h,"D,E"
nml2_hh_example,m-scale_gate_slope-6f355edc68,P07_hyperpolarizing_step,h/4,if an apparent canonical survivor,"D,E"
nml2_hh_example,m-scale_gate_slope-6f355edc68,P08_rebound,h,always,"D,E"
nml2_hh_example,m-scale_gate_slope-6f355edc68,P08_rebound,h/2,if detected at h,"D,E"
nml2_hh_example,m-scale_gate_slope-6f355edc68,P08_rebound,h/4,if an apparent canonical survivor,"D,E"
nml2_hh_example,m-scale_gate_slope-6f355edc68,P09_short_pulse,h,always,"D,E"
nml2_hh_example,m-scale_gate_slope-6f355edc68,P09_short_pulse,h/2,if detected at h,"D,E"
nml2_hh_example,m-scale_gate_slope-6f355edc68,P09_short_pulse,h/4,if an apparent canonical survivor,"D,E"
nml2_hh_example,m-shift_forward_rate_midpoint-c7610b4176,P00_canonical,h,always,"B,C"
nml2_hh_example,m-shift_forward_rate_midpoint-c7610b4176,P00_canonical,h/2,if detected at h,"B,C"
nml2_hh_example,m-shift_forward_rate_midpoint-c7610b4176,P00_canonical,h/4,if an apparent canonical survivor,"B,C"
nml2_hh_example,m-shift_forward_rate_midpoint-c7610b4176,P02_weak_step,h,always,"D,E"
nml2_hh_example,m-shift_forward_rate_midpoint-c7610b4176,P02_weak_step,h/2,if detected at h,"D,E"
nml2_hh_example,m-shift_forward_rate_midpoint-c7610b4176,P02_weak_step,h/4,if an apparent canonical survivor,"D,E"
nml2_hh_example,m-shift_forward_rate_midpoint-c7610b4176,P03_rheobase,h,always,"D,E"
nml2_hh_example,m-shift_forward_rate_midpoint-c7610b4176,P03_rheobase,h/2,if detected at h,"D,E"
nml2_hh_example,m-shift_forward_rate_midpoint-c7610b4176,P03_rheobase,h/4,if an apparent canonical survivor,"D,E"
nml2_hh_example,m-shift_forward_rate_midpoint-c7610b4176,P04_step_2x,h,always,"D,E"
nml2_hh_example,m-shift_forward_rate_midpoint-c7610b4176,P04_step_2x,h/2,if detected at h,"D,E"
nml2_hh_example,m-shift_forward_rate_midpoint-c7610b4176,P04_step_2x,h/4,if an apparent canonical survivor,"D,E"
nml2_hh_example,m-shift_forward_rate_midpoint-c7610b4176,P05_long_step,h,always,"D,E"
nml2_hh_example,m-shift_forward_rate_midpoint-c7610b4176,P05_long_step,h/2,if detected at h,"D,E"
nml2_hh_example,m-shift_forward_rate_midpoint-c7610b4176,P05_long_step,h/4,if an apparent canonical survivor,"D,E"
nml2_hh_example,m-shift_forward_rate_midpoint-c7610b4176,P06_ramp,h,always,"D,E"
nml2_hh_example,m-shift_forward_rate_midpoint-c7610b4176,P06_ramp,h/2,if detected at h,"D,E"
nml2_hh_example,m-shift_forward_rate_midpoint-c7610b4176,P06_ramp,h/4,if an apparent canonical survivor,"D,E"
nml2_hh_example,m-shift_forward_rate_midpoint-c7610b4176,P07_hyperpolarizing_step,h,always,"D,E"
nml2_hh_example,m-shift_forward_rate_midpoint-c7610b4176,P07_hyperpolarizing_step,h/2,if detected at h,"D,E"
nml2_hh_example,m-shift_forward_rate_midpoint-c7610b4176,P07_hyperpolarizing_step,h/4,if an apparent canonical survivor,"D,E"
nml2_hh_example,m-shift_forward_rate_midpoint-c7610b4176,P08_rebound,h,always,"D,E"
nml2_hh_example,m-shift_forward_rate_midpoint-c7610b4176,P08_rebound,h/2,if detected at h,"D,E"
nml2_hh_example,m-shift_forward_rate_midpoint-c7610b4176,P08_rebound,h/4,if an apparent canonical survivor,"D,E"
nml2_hh_example,m-shift_forward_rate_midpoint-c7610b4176,P09_short_pulse,h,always,"D,E"
nml2_hh_example,m-shift_forward_rate_midpoint-c7610b4176,P09_short_pulse,h/2,if detected at h,"D,E"
nml2_hh_example,m-shift_forward_rate_midpoint-c7610b4176,P09_short_pulse,h/4,if an apparent canonical survivor,"D,E"
nml2_hh_example,m-increase_dt-c64b4ee7fc,P00_canonical,h,always,"B,C"
nml2_hh_example,m-increase_dt-c64b4ee7fc,P00_canonical,h/2,if detected at h,"B,C"
nml2_hh_example,m-increase_dt-c64b4ee7fc,P00_canonical,h/4,if an apparent canonical survivor,"B,C"
nml2_hh_example,m-increase_dt-c64b4ee7fc,P02_weak_step,h,always,"D,E"
nml2_hh_example,m-increase_dt-c64b4ee7fc,P02_weak_step,h/2,if detected at h,"D,E"
nml2_hh_example,m-increase_dt-c64b4ee7fc,P02_weak_step,h/4,if an apparent canonical survivor,"D,E"
nml2_hh_example,m-increase_dt-c64b4ee7fc,P03_rheobase,h,always,"D,E"
nml2_hh_example,m-increase_dt-c64b4ee7fc,P03_rheobase,h/2,if detected at h,"D,E"
nml2_hh_example,m-increase_dt-c64b4ee7fc,P03_rheobase,h/4,if an apparent canonical survivor,"D,E"
nml2_hh_example,m-increase_dt-c64b4ee7fc,P04_step_2x,h,always,"D,E"
nml2_hh_example,m-increase_dt-c64b4ee7fc,P04_step_2x,h/2,if detected at h,"D,E"
nml2_hh_example,m-increase_dt-c64b4ee7fc,P04_step_2x,h/4,if an apparent canonical survivor,"D,E"
nml2_hh_example,m-increase_dt-c64b4ee7fc,P05_long_step,h,always,"D,E"
nml2_hh_example,m-increase_dt-c64b4ee7fc,P05_long_step,h/2,if detected at h,"D,E"
nml2_hh_example,m-increase_dt-c64b4ee7fc,P05_long_step,h/4,if an apparent canonical survivor,"D,E"
nml2_hh_example,m-increase_dt-c64b4ee7fc,P06_ramp,h,always,"D,E"
nml2_hh_example,m-increase_dt-c64b4ee7fc,P06_ramp,h/2,if detected at h,"D,E"
nml2_hh_example,m-increase_dt-c64b4ee7fc,P06_ramp,h/4,if an apparent canonical survivor,"D,E"
nml2_hh_example,m-increase_dt-c64b4ee7fc,P07_hyperpolarizing_step,h,always,"D,E"
nml2_hh_example,m-increase_dt-c64b4ee7fc,P07_hyperpolarizing_step,h/2,if detected at h,"D,E"
nml2_hh_example,m-increase_dt-c64b4ee7fc,P07_hyperpolarizing_step,h/4,if an apparent canonical survivor,"D,E"
nml2_hh_example,m-increase_dt-c64b4ee7fc,P08_rebound,h,always,"D,E"
nml2_hh_example,m-increase_dt-c64b4ee7fc,P08_rebound,h/2,if detected at h,"D,E"
nml2_hh_example,m-increase_dt-c64b4ee7fc,P08_rebound,h/4,if an apparent canonical survivor,"D,E"
nml2_hh_example,m-increase_dt-c64b4ee7fc,P09_short_pulse,h,always,"D,E"
nml2_hh_example,m-increase_dt-c64b4ee7fc,P09_short_pulse,h/2,if detected at h,"D,E"
nml2_hh_example,m-increase_dt-c64b4ee7fc,P09_short_pulse,h/4,if an apparent canonical survivor,"D,E"
nml2_hh_example,m-solver_config-7552334614,P00_canonical,h,always,"B,C"
nml2_hh_example,m-solver_config-7552334614,P00_canonical,h/2,if detected at h,"B,C"
nml2_hh_example,m-solver_config-7552334614,P00_canonical,h/4,if an apparent canonical survivor,"B,C"
nml2_hh_example,m-solver_config-7552334614,P02_weak_step,h,always,"D,E"
nml2_hh_example,m-solver_config-7552334614,P02_weak_step,h/2,if detected at h,"D,E"
nml2_hh_example,m-solver_config-7552334614,P02_weak_step,h/4,if an apparent canonical survivor,"D,E"
nml2_hh_example,m-solver_config-7552334614,P03_rheobase,h,always,"D,E"
nml2_hh_example,m-solver_config-7552334614,P03_rheobase,h/2,if detected at h,"D,E"
nml2_hh_example,m-solver_config-7552334614,P03_rheobase,h/4,if an apparent canonical survivor,"D,E"
nml2_hh_example,m-solver_config-7552334614,P04_step_2x,h,always,"D,E"
nml2_hh_example,m-solver_config-7552334614,P04_step_2x,h/2,if detected at h,"D,E"
nml2_hh_example,m-solver_config-7552334614,P04_step_2x,h/4,if an apparent canonical survivor,"D,E"
nml2_hh_example,m-solver_config-7552334614,P05_long_step,h,always,"D,E"
nml2_hh_example,m-solver_config-7552334614,P05_long_step,h/2,if detected at h,"D,E"
nml2_hh_example,m-solver_config-7552334614,P05_long_step,h/4,if an apparent canonical survivor,"D,E"
nml2_hh_example,m-solver_config-7552334614,P06_ramp,h,always,"D,E"
nml2_hh_example,m-solver_config-7552334614,P06_ramp,h/2,if detected at h,"D,E"
nml2_hh_example,m-solver_config-7552334614,P06_ramp,h/4,if an apparent canonical survivor,"D,E"
nml2_hh_example,m-solver_config-7552334614,P07_hyperpolarizing_step,h,always,"D,E"
nml2_hh_example,m-solver_config-7552334614,P07_hyperpolarizing_step,h/2,if detected at h,"D,E"
nml2_hh_example,m-solver_config-7552334614,P07_hyperpolarizing_step,h/4,if an apparent canonical survivor,"D,E"
nml2_hh_example,m-solver_config-7552334614,P08_rebound,h,always,"D,E"
nml2_hh_example,m-solver_config-7552334614,P08_rebound,h/2,if detected at h,"D,E"
nml2_hh_example,m-solver_config-7552334614,P08_rebound,h/4,if an apparent canonical survivor,"D,E"
nml2_hh_example,m-solver_config-7552334614,P09_short_pulse,h,always,"D,E"
nml2_hh_example,m-solver_config-7552334614,P09_short_pulse,h/2,if detected at h,"D,E"
nml2_hh_example,m-solver_config-7552334614,P09_short_pulse,h/4,if an apparent canonical survivor,"D,E"
nml2_hh_example,m-recording_resolution-6959ac57de,P00_canonical,h,always,"B,C"
nml2_hh_example,m-recording_resolution-6959ac57de,P00_canonical,h/2,if detected at h,"B,C"
nml2_hh_example,m-recording_resolution-6959ac57de,P00_canonical,h/4,if an apparent canonical survivor,"B,C"
nml2_hh_example,m-recording_resolution-6959ac57de,P02_weak_step,h,always,"D,E"
nml2_hh_example,m-recording_resolution-6959ac57de,P02_weak_step,h/2,if detected at h,"D,E"
nml2_hh_example,m-recording_resolution-6959ac57de,P02_weak_step,h/4,if an apparent canonical survivor,"D,E"
nml2_hh_example,m-recording_resolution-6959ac57de,P03_rheobase,h,always,"D,E"
nml2_hh_example,m-recording_resolution-6959ac57de,P03_rheobase,h/2,if detected at h,"D,E"
nml2_hh_example,m-recording_resolution-6959ac57de,P03_rheobase,h/4,if an apparent canonical survivor,"D,E"
nml2_hh_example,m-recording_resolution-6959ac57de,P04_step_2x,h,always,"D,E"
nml2_hh_example,m-recording_resolution-6959ac57de,P04_step_2x,h/2,if detected at h,"D,E"
nml2_hh_example,m-recording_resolution-6959ac57de,P04_step_2x,h/4,if an apparent canonical survivor,"D,E"
nml2_hh_example,m-recording_resolution-6959ac57de,P05_long_step,h,always,"D,E"
nml2_hh_example,m-recording_resolution-6959ac57de,P05_long_step,h/2,if detected at h,"D,E"
nml2_hh_example,m-recording_resolution-6959ac57de,P05_long_step,h/4,if an apparent canonical survivor,"D,E"
nml2_hh_example,m-recording_resolution-6959ac57de,P06_ramp,h,always,"D,E"
nml2_hh_example,m-recording_resolution-6959ac57de,P06_ramp,h/2,if detected at h,"D,E"
nml2_hh_example,m-recording_resolution-6959ac57de,P06_ramp,h/4,if an apparent canonical survivor,"D,E"
nml2_hh_example,m-recording_resolution-6959ac57de,P07_hyperpolarizing_step,h,always,"D,E"
nml2_hh_example,m-recording_resolution-6959ac57de,P07_hyperpolarizing_step,h/2,if detected at h,"D,E"
nml2_hh_example,m-recording_resolution-6959ac57de,P07_hyperpolarizing_step,h/4,if an apparent canonical survivor,"D,E"
nml2_hh_example,m-recording_resolution-6959ac57de,P08_rebound,h,always,"D,E"
nml2_hh_example,m-recording_resolution-6959ac57de,P08_rebound,h/2,if detected at h,"D,E"
nml2_hh_example,m-recording_resolution-6959ac57de,P08_rebound,h/4,if an apparent canonical survivor,"D,E"
nml2_hh_example,m-recording_resolution-6959ac57de,P09_short_pulse,h,always,"D,E"
nml2_hh_example,m-recording_resolution-6959ac57de,P09_short_pulse,h/2,if detected at h,"D,E"
nml2_hh_example,m-recording_resolution-6959ac57de,P09_short_pulse,h/4,if an apparent canonical survivor,"D,E"
nml2_hh_example,m-wrong_channel-c9e7967952,P00_canonical,h,always,"B,C"
nml2_hh_example,m-wrong_channel-c9e7967952,P00_canonical,h/2,if detected at h,"B,C"
nml2_hh_example,m-wrong_channel-c9e7967952,P00_canonical,h/4,if an apparent canonical survivor,"B,C"
nml2_hh_example,m-wrong_channel-c9e7967952,P02_weak_step,h,always,"D,E"
nml2_hh_example,m-wrong_channel-c9e7967952,P02_weak_step,h/2,if detected at h,"D,E"
nml2_hh_example,m-wrong_channel-c9e7967952,P02_weak_step,h/4,if an apparent canonical survivor,"D,E"
nml2_hh_example,m-wrong_channel-c9e7967952,P03_rheobase,h,always,"D,E"
nml2_hh_example,m-wrong_channel-c9e7967952,P03_rheobase,h/2,if detected at h,"D,E"
nml2_hh_example,m-wrong_channel-c9e7967952,P03_rheobase,h/4,if an apparent canonical survivor,"D,E"
nml2_hh_example,m-wrong_channel-c9e7967952,P04_step_2x,h,always,"D,E"
nml2_hh_example,m-wrong_channel-c9e7967952,P04_step_2x,h/2,if detected at h,"D,E"
nml2_hh_example,m-wrong_channel-c9e7967952,P04_step_2x,h/4,if an apparent canonical survivor,"D,E"
nml2_hh_example,m-wrong_channel-c9e7967952,P05_long_step,h,always,"D,E"
nml2_hh_example,m-wrong_channel-c9e7967952,P05_long_step,h/2,if detected at h,"D,E"
nml2_hh_example,m-wrong_channel-c9e7967952,P05_long_step,h/4,if an apparent canonical survivor,"D,E"
nml2_hh_example,m-wrong_channel-c9e7967952,P06_ramp,h,always,"D,E"
nml2_hh_example,m-wrong_channel-c9e7967952,P06_ramp,h/2,if detected at h,"D,E"
nml2_hh_example,m-wrong_channel-c9e7967952,P06_ramp,h/4,if an apparent canonical survivor,"D,E"
nml2_hh_example,m-wrong_channel-c9e7967952,P07_hyperpolarizing_step,h,always,"D,E"
nml2_hh_example,m-wrong_channel-c9e7967952,P07_hyperpolarizing_step,h/2,if detected at h,"D,E"
nml2_hh_example,m-wrong_channel-c9e7967952,P07_hyperpolarizing_step,h/4,if an apparent canonical survivor,"D,E"
nml2_hh_example,m-wrong_channel-c9e7967952,P08_rebound,h,always,"D,E"
nml2_hh_example,m-wrong_channel-c9e7967952,P08_rebound,h/2,if detected at h,"D,E"
nml2_hh_example,m-wrong_channel-c9e7967952,P08_rebound,h/4,if an apparent canonical survivor,"D,E"
nml2_hh_example,m-wrong_channel-c9e7967952,P09_short_pulse,h,always,"D,E"
nml2_hh_example,m-wrong_channel-c9e7967952,P09_short_pulse,h/2,if detected at h,"D,E"
nml2_hh_example,m-wrong_channel-c9e7967952,P09_short_pulse,h/4,if an apparent canonical survivor,"D,E"
nml2_hh_example,m-duplicate_conductance-ce59b87707,P00_canonical,h,always,"B,C"
nml2_hh_example,m-duplicate_conductance-ce59b87707,P00_canonical,h/2,if detected at h,"B,C"
nml2_hh_example,m-duplicate_conductance-ce59b87707,P00_canonical,h/4,if an apparent canonical survivor,"B,C"
nml2_hh_example,m-duplicate_conductance-ce59b87707,P02_weak_step,h,always,"D,E"
nml2_hh_example,m-duplicate_conductance-ce59b87707,P02_weak_step,h/2,if detected at h,"D,E"
nml2_hh_example,m-duplicate_conductance-ce59b87707,P02_weak_step,h/4,if an apparent canonical survivor,"D,E"
nml2_hh_example,m-duplicate_conductance-ce59b87707,P03_rheobase,h,always,"D,E"
nml2_hh_example,m-duplicate_conductance-ce59b87707,P03_rheobase,h/2,if detected at h,"D,E"
nml2_hh_example,m-duplicate_conductance-ce59b87707,P03_rheobase,h/4,if an apparent canonical survivor,"D,E"
nml2_hh_example,m-duplicate_conductance-ce59b87707,P04_step_2x,h,always,"D,E"
nml2_hh_example,m-duplicate_conductance-ce59b87707,P04_step_2x,h/2,if detected at h,"D,E"
nml2_hh_example,m-duplicate_conductance-ce59b87707,P04_step_2x,h/4,if an apparent canonical survivor,"D,E"
nml2_hh_example,m-duplicate_conductance-ce59b87707,P05_long_step,h,always,"D,E"
nml2_hh_example,m-duplicate_conductance-ce59b87707,P05_long_step,h/2,if detected at h,"D,E"
nml2_hh_example,m-duplicate_conductance-ce59b87707,P05_long_step,h/4,if an apparent canonical survivor,"D,E"
nml2_hh_example,m-duplicate_conductance-ce59b87707,P06_ramp,h,always,"D,E"
nml2_hh_example,m-duplicate_conductance-ce59b87707,P06_ramp,h/2,if detected at h,"D,E"
nml2_hh_example,m-duplicate_conductance-ce59b87707,P06_ramp,h/4,if an apparent canonical survivor,"D,E"
nml2_hh_example,m-duplicate_conductance-ce59b87707,P07_hyperpolarizing_step,h,always,"D,E"
nml2_hh_example,m-duplicate_conductance-ce59b87707,P07_hyperpolarizing_step,h/2,if detected at h,"D,E"
nml2_hh_example,m-duplicate_conductance-ce59b87707,P07_hyperpolarizing_step,h/4,if an apparent canonical survivor,"D,E"
nml2_hh_example,m-duplicate_conductance-ce59b87707,P08_rebound,h,always,"D,E"
nml2_hh_example,m-duplicate_conductance-ce59b87707,P08_rebound,h/2,if detected at h,"D,E"
nml2_hh_example,m-duplicate_conductance-ce59b87707,P08_rebound,h/4,if an apparent canonical survivor,"D,E"
nml2_hh_example,m-duplicate_conductance-ce59b87707,P09_short_pulse,h,always,"D,E"
nml2_hh_example,m-duplicate_conductance-ce59b87707,P09_short_pulse,h/2,if detected at h,"D,E"
nml2_hh_example,m-duplicate_conductance-ce59b87707,P09_short_pulse,h/4,if an apparent canonical survivor,"D,E"
nml2_hh_example,nml2_hh_example__unit_conversion__000,P00_canonical,h,always,"B,C"
nml2_hh_example,nml2_hh_example__unit_conversion__000,P00_canonical,h/2,if detected at h,"B,C"
nml2_hh_example,nml2_hh_example__unit_conversion__000,P00_canonical,h/4,if an apparent canonical survivor,"B,C"
nml2_hh_example,nml2_hh_example__unit_conversion__000,P02_weak_step,h,always,"D,E"
nml2_hh_example,nml2_hh_example__unit_conversion__000,P02_weak_step,h/2,if detected at h,"D,E"
nml2_hh_example,nml2_hh_example__unit_conversion__000,P02_weak_step,h/4,if an apparent canonical survivor,"D,E"
nml2_hh_example,nml2_hh_example__unit_conversion__000,P03_rheobase,h,always,"D,E"
nml2_hh_example,nml2_hh_example__unit_conversion__000,P03_rheobase,h/2,if detected at h,"D,E"
nml2_hh_example,nml2_hh_example__unit_conversion__000,P03_rheobase,h/4,if an apparent canonical survivor,"D,E"
nml2_hh_example,nml2_hh_example__unit_conversion__000,P04_step_2x,h,always,"D,E"
nml2_hh_example,nml2_hh_example__unit_conversion__000,P04_step_2x,h/2,if detected at h,"D,E"
nml2_hh_example,nml2_hh_example__unit_conversion__000,P04_step_2x,h/4,if an apparent canonical survivor,"D,E"
nml2_hh_example,nml2_hh_example__unit_conversion__000,P05_long_step,h,always,"D,E"
nml2_hh_example,nml2_hh_example__unit_conversion__000,P05_long_step,h/2,if detected at h,"D,E"
nml2_hh_example,nml2_hh_example__unit_conversion__000,P05_long_step,h/4,if an apparent canonical survivor,"D,E"
nml2_hh_example,nml2_hh_example__unit_conversion__000,P06_ramp,h,always,"D,E"
nml2_hh_example,nml2_hh_example__unit_conversion__000,P06_ramp,h/2,if detected at h,"D,E"
nml2_hh_example,nml2_hh_example__unit_conversion__000,P06_ramp,h/4,if an apparent canonical survivor,"D,E"
nml2_hh_example,nml2_hh_example__unit_conversion__000,P07_hyperpolarizing_step,h,always,"D,E"
nml2_hh_example,nml2_hh_example__unit_conversion__000,P07_hyperpolarizing_step,h/2,if detected at h,"D,E"
nml2_hh_example,nml2_hh_example__unit_conversion__000,P07_hyperpolarizing_step,h/4,if an apparent canonical survivor,"D,E"
nml2_hh_example,nml2_hh_example__unit_conversion__000,P08_rebound,h,always,"D,E"
nml2_hh_example,nml2_hh_example__unit_conversion__000,P08_rebound,h/2,if detected at h,"D,E"
nml2_hh_example,nml2_hh_example__unit_conversion__000,P08_rebound,h/4,if an apparent canonical survivor,"D,E"
nml2_hh_example,nml2_hh_example__unit_conversion__000,P09_short_pulse,h,always,"D,E"
nml2_hh_example,nml2_hh_example__unit_conversion__000,P09_short_pulse,h/2,if detected at h,"D,E"
nml2_hh_example,nml2_hh_example__unit_conversion__000,P09_short_pulse,h/4,if an apparent canonical survivor,"D,E"
nml2_hh_example,nml2_hh_example__xml_formatting__000,P00_canonical,h,always,"B,C"
nml2_hh_example,nml2_hh_example__xml_formatting__000,P00_canonical,h/2,if detected at h,"B,C"
nml2_hh_example,nml2_hh_example__xml_formatting__000,P00_canonical,h/4,if an apparent canonical survivor,"B,C"
nml2_hh_example,nml2_hh_example__xml_formatting__000,P02_weak_step,h,always,"D,E"
nml2_hh_example,nml2_hh_example__xml_formatting__000,P02_weak_step,h/2,if detected at h,"D,E"
nml2_hh_example,nml2_hh_example__xml_formatting__000,P02_weak_step,h/4,if an apparent canonical survivor,"D,E"
nml2_hh_example,nml2_hh_example__xml_formatting__000,P03_rheobase,h,always,"D,E"
nml2_hh_example,nml2_hh_example__xml_formatting__000,P03_rheobase,h/2,if detected at h,"D,E"
nml2_hh_example,nml2_hh_example__xml_formatting__000,P03_rheobase,h/4,if an apparent canonical survivor,"D,E"
nml2_hh_example,nml2_hh_example__xml_formatting__000,P04_step_2x,h,always,"D,E"
nml2_hh_example,nml2_hh_example__xml_formatting__000,P04_step_2x,h/2,if detected at h,"D,E"
nml2_hh_example,nml2_hh_example__xml_formatting__000,P04_step_2x,h/4,if an apparent canonical survivor,"D,E"
nml2_hh_example,nml2_hh_example__xml_formatting__000,P05_long_step,h,always,"D,E"
nml2_hh_example,nml2_hh_example__xml_formatting__000,P05_long_step,h/2,if detected at h,"D,E"
nml2_hh_example,nml2_hh_example__xml_formatting__000,P05_long_step,h/4,if an apparent canonical survivor,"D,E"
nml2_hh_example,nml2_hh_example__xml_formatting__000,P06_ramp,h,always,"D,E"
nml2_hh_example,nml2_hh_example__xml_formatting__000,P06_ramp,h/2,if detected at h,"D,E"
nml2_hh_example,nml2_hh_example__xml_formatting__000,P06_ramp,h/4,if an apparent canonical survivor,"D,E"
nml2_hh_example,nml2_hh_example__xml_formatting__000,P07_hyperpolarizing_step,h,always,"D,E"
nml2_hh_example,nml2_hh_example__xml_formatting__000,P07_hyperpolarizing_step,h/2,if detected at h,"D,E"
nml2_hh_example,nml2_hh_example__xml_formatting__000,P07_hyperpolarizing_step,h/4,if an apparent canonical survivor,"D,E"
nml2_hh_example,nml2_hh_example__xml_formatting__000,P08_rebound,h,always,"D,E"
nml2_hh_example,nml2_hh_example__xml_formatting__000,P08_rebound,h/2,if detected at h,"D,E"
nml2_hh_example,nml2_hh_example__xml_formatting__000,P08_rebound,h/4,if an apparent canonical survivor,"D,E"
nml2_hh_example,nml2_hh_example__xml_formatting__000,P09_short_pulse,h,always,"D,E"
nml2_hh_example,nml2_hh_example__xml_formatting__000,P09_short_pulse,h/2,if detected at h,"D,E"
nml2_hh_example,nml2_hh_example__xml_formatting__000,P09_short_pulse,h/4,if an apparent canonical survivor,"D,E"
nml2_hh_example,nml2_hh_example__add_comments__000,P00_canonical,h,always,"B,C"
nml2_hh_example,nml2_hh_example__add_comments__000,P00_canonical,h/2,if detected at h,"B,C"
nml2_hh_example,nml2_hh_example__add_comments__000,P00_canonical,h/4,if an apparent canonical survivor,"B,C"
nml2_hh_example,nml2_hh_example__add_comments__000,P02_weak_step,h,always,"D,E"
nml2_hh_example,nml2_hh_example__add_comments__000,P02_weak_step,h/2,if detected at h,"D,E"
nml2_hh_example,nml2_hh_example__add_comments__000,P02_weak_step,h/4,if an apparent canonical survivor,"D,E"
nml2_hh_example,nml2_hh_example__add_comments__000,P03_rheobase,h,always,"D,E"
nml2_hh_example,nml2_hh_example__add_comments__000,P03_rheobase,h/2,if detected at h,"D,E"
nml2_hh_example,nml2_hh_example__add_comments__000,P03_rheobase,h/4,if an apparent canonical survivor,"D,E"
nml2_hh_example,nml2_hh_example__add_comments__000,P04_step_2x,h,always,"D,E"
nml2_hh_example,nml2_hh_example__add_comments__000,P04_step_2x,h/2,if detected at h,"D,E"
nml2_hh_example,nml2_hh_example__add_comments__000,P04_step_2x,h/4,if an apparent canonical survivor,"D,E"
nml2_hh_example,nml2_hh_example__add_comments__000,P05_long_step,h,always,"D,E"
nml2_hh_example,nml2_hh_example__add_comments__000,P05_long_step,h/2,if detected at h,"D,E"
nml2_hh_example,nml2_hh_example__add_comments__000,P05_long_step,h/4,if an apparent canonical survivor,"D,E"
nml2_hh_example,nml2_hh_example__add_comments__000,P06_ramp,h,always,"D,E"
nml2_hh_example,nml2_hh_example__add_comments__000,P06_ramp,h/2,if detected at h,"D,E"
nml2_hh_example,nml2_hh_example__add_comments__000,P06_ramp,h/4,if an apparent canonical survivor,"D,E"
nml2_hh_example,nml2_hh_example__add_comments__000,P07_hyperpolarizing_step,h,always,"D,E"
nml2_hh_example,nml2_hh_example__add_comments__000,P07_hyperpolarizing_step,h/2,if detected at h,"D,E"
nml2_hh_example,nml2_hh_example__add_comments__000,P07_hyperpolarizing_step,h/4,if an apparent canonical survivor,"D,E"
nml2_hh_example,nml2_hh_example__add_comments__000,P08_rebound,h,always,"D,E"
nml2_hh_example,nml2_hh_example__add_comments__000,P08_rebound,h/2,if detected at h,"D,E"
nml2_hh_example,nml2_hh_example__add_comments__000,P08_rebound,h/4,if an apparent canonical survivor,"D,E"
nml2_hh_example,nml2_hh_example__add_comments__000,P09_short_pulse,h,always,"D,E"
nml2_hh_example,nml2_hh_example__add_comments__000,P09_short_pulse,h/2,if detected at h,"D,E"
nml2_hh_example,nml2_hh_example__add_comments__000,P09_short_pulse,h/4,if an apparent canonical survivor,"D,E"
nml2_hh_example,nml2_hh_example__numeric_literal_format__000,P00_canonical,h,always,"B,C"
nml2_hh_example,nml2_hh_example__numeric_literal_format__000,P00_canonical,h/2,if detected at h,"B,C"
nml2_hh_example,nml2_hh_example__numeric_literal_format__000,P00_canonical,h/4,if an apparent canonical survivor,"B,C"
nml2_hh_example,nml2_hh_example__numeric_literal_format__000,P02_weak_step,h,always,"D,E"
nml2_hh_example,nml2_hh_example__numeric_literal_format__000,P02_weak_step,h/2,if detected at h,"D,E"
nml2_hh_example,nml2_hh_example__numeric_literal_format__000,P02_weak_step,h/4,if an apparent canonical survivor,"D,E"
nml2_hh_example,nml2_hh_example__numeric_literal_format__000,P03_rheobase,h,always,"D,E"
nml2_hh_example,nml2_hh_example__numeric_literal_format__000,P03_rheobase,h/2,if detected at h,"D,E"
nml2_hh_example,nml2_hh_example__numeric_literal_format__000,P03_rheobase,h/4,if an apparent canonical survivor,"D,E"
nml2_hh_example,nml2_hh_example__numeric_literal_format__000,P04_step_2x,h,always,"D,E"
nml2_hh_example,nml2_hh_example__numeric_literal_format__000,P04_step_2x,h/2,if detected at h,"D,E"
nml2_hh_example,nml2_hh_example__numeric_literal_format__000,P04_step_2x,h/4,if an apparent canonical survivor,"D,E"
nml2_hh_example,nml2_hh_example__numeric_literal_format__000,P05_long_step,h,always,"D,E"
nml2_hh_example,nml2_hh_example__numeric_literal_format__000,P05_long_step,h/2,if detected at h,"D,E"
nml2_hh_example,nml2_hh_example__numeric_literal_format__000,P05_long_step,h/4,if an apparent canonical survivor,"D,E"
nml2_hh_example,nml2_hh_example__numeric_literal_format__000,P06_ramp,h,always,"D,E"
nml2_hh_example,nml2_hh_example__numeric_literal_format__000,P06_ramp,h/2,if detected at h,"D,E"
nml2_hh_example,nml2_hh_example__numeric_literal_format__000,P06_ramp,h/4,if an apparent canonical survivor,"D,E"
nml2_hh_example,nml2_hh_example__numeric_literal_format__000,P07_hyperpolarizing_step,h,always,"D,E"
nml2_hh_example,nml2_hh_example__numeric_literal_format__000,P07_hyperpolarizing_step,h/2,if detected at h,"D,E"
nml2_hh_example,nml2_hh_example__numeric_literal_format__000,P07_hyperpolarizing_step,h/4,if an apparent canonical survivor,"D,E"
nml2_hh_example,nml2_hh_example__numeric_literal_format__000,P08_rebound,h,always,"D,E"
nml2_hh_example,nml2_hh_example__numeric_literal_format__000,P08_rebound,h/2,if detected at h,"D,E"
nml2_hh_example,nml2_hh_example__numeric_literal_format__000,P08_rebound,h/4,if an apparent canonical survivor,"D,E"
nml2_hh_example,nml2_hh_example__numeric_literal_format__000,P09_short_pulse,h,always,"D,E"
nml2_hh_example,nml2_hh_example__numeric_literal_format__000,P09_short_pulse,h/2,if detected at h,"D,E"
nml2_hh_example,nml2_hh_example__numeric_literal_format__000,P09_short_pulse,h/4,if an apparent canonical survivor,"D,E"
nml2_hh_example,nml2_hh_example__rename_identifier__000,P00_canonical,h,always,"B,C"
nml2_hh_example,nml2_hh_example__rename_identifier__000,P00_canonical,h/2,if detected at h,"B,C"
nml2_hh_example,nml2_hh_example__rename_identifier__000,P00_canonical,h/4,if an apparent canonical survivor,"B,C"
nml2_hh_example,nml2_hh_example__rename_identifier__000,P02_weak_step,h,always,"D,E"
nml2_hh_example,nml2_hh_example__rename_identifier__000,P02_weak_step,h/2,if detected at h,"D,E"
nml2_hh_example,nml2_hh_example__rename_identifier__000,P02_weak_step,h/4,if an apparent canonical survivor,"D,E"
nml2_hh_example,nml2_hh_example__rename_identifier__000,P03_rheobase,h,always,"D,E"
nml2_hh_example,nml2_hh_example__rename_identifier__000,P03_rheobase,h/2,if detected at h,"D,E"
nml2_hh_example,nml2_hh_example__rename_identifier__000,P03_rheobase,h/4,if an apparent canonical survivor,"D,E"
nml2_hh_example,nml2_hh_example__rename_identifier__000,P04_step_2x,h,always,"D,E"
nml2_hh_example,nml2_hh_example__rename_identifier__000,P04_step_2x,h/2,if detected at h,"D,E"
nml2_hh_example,nml2_hh_example__rename_identifier__000,P04_step_2x,h/4,if an apparent canonical survivor,"D,E"
nml2_hh_example,nml2_hh_example__rename_identifier__000,P05_long_step,h,always,"D,E"
nml2_hh_example,nml2_hh_example__rename_identifier__000,P05_long_step,h/2,if detected at h,"D,E"
nml2_hh_example,nml2_hh_example__rename_identifier__000,P05_long_step,h/4,if an apparent canonical survivor,"D,E"
nml2_hh_example,nml2_hh_example__rename_identifier__000,P06_ramp,h,always,"D,E"
nml2_hh_example,nml2_hh_example__rename_identifier__000,P06_ramp,h/2,if detected at h,"D,E"
nml2_hh_example,nml2_hh_example__rename_identifier__000,P06_ramp,h/4,if an apparent canonical survivor,"D,E"
nml2_hh_example,nml2_hh_example__rename_identifier__000,P07_hyperpolarizing_step,h,always,"D,E"
nml2_hh_example,nml2_hh_example__rename_identifier__000,P07_hyperpolarizing_step,h/2,if detected at h,"D,E"
nml2_hh_example,nml2_hh_example__rename_identifier__000,P07_hyperpolarizing_step,h/4,if an apparent canonical survivor,"D,E"
nml2_hh_example,nml2_hh_example__rename_identifier__000,P08_rebound,h,always,"D,E"
nml2_hh_example,nml2_hh_example__rename_identifier__000,P08_rebound,h/2,if detected at h,"D,E"
nml2_hh_example,nml2_hh_example__rename_identifier__000,P08_rebound,h/4,if an apparent canonical survivor,"D,E"
nml2_hh_example,nml2_hh_example__rename_identifier__000,P09_short_pulse,h,always,"D,E"
nml2_hh_example,nml2_hh_example__rename_identifier__000,P09_short_pulse,h/2,if detected at h,"D,E"
nml2_hh_example,nml2_hh_example__rename_identifier__000,P09_short_pulse,h/4,if an apparent canonical survivor,"D,E"
nml2_hh_example,nml2_hh_example__factor_file__000,P00_canonical,h,always,"B,C"
nml2_hh_example,nml2_hh_example__factor_file__000,P00_canonical,h/2,if detected at h,"B,C"
nml2_hh_example,nml2_hh_example__factor_file__000,P00_canonical,h/4,if an apparent canonical survivor,"B,C"
nml2_hh_example,nml2_hh_example__factor_file__000,P02_weak_step,h,always,"D,E"
nml2_hh_example,nml2_hh_example__factor_file__000,P02_weak_step,h/2,if detected at h,"D,E"
nml2_hh_example,nml2_hh_example__factor_file__000,P02_weak_step,h/4,if an apparent canonical survivor,"D,E"
nml2_hh_example,nml2_hh_example__factor_file__000,P03_rheobase,h,always,"D,E"
nml2_hh_example,nml2_hh_example__factor_file__000,P03_rheobase,h/2,if detected at h,"D,E"
nml2_hh_example,nml2_hh_example__factor_file__000,P03_rheobase,h/4,if an apparent canonical survivor,"D,E"
nml2_hh_example,nml2_hh_example__factor_file__000,P04_step_2x,h,always,"D,E"
nml2_hh_example,nml2_hh_example__factor_file__000,P04_step_2x,h/2,if detected at h,"D,E"
nml2_hh_example,nml2_hh_example__factor_file__000,P04_step_2x,h/4,if an apparent canonical survivor,"D,E"
nml2_hh_example,nml2_hh_example__factor_file__000,P05_long_step,h,always,"D,E"
nml2_hh_example,nml2_hh_example__factor_file__000,P05_long_step,h/2,if detected at h,"D,E"
nml2_hh_example,nml2_hh_example__factor_file__000,P05_long_step,h/4,if an apparent canonical survivor,"D,E"
nml2_hh_example,nml2_hh_example__factor_file__000,P06_ramp,h,always,"D,E"
nml2_hh_example,nml2_hh_example__factor_file__000,P06_ramp,h/2,if detected at h,"D,E"
nml2_hh_example,nml2_hh_example__factor_file__000,P06_ramp,h/4,if an apparent canonical survivor,"D,E"
nml2_hh_example,nml2_hh_example__factor_file__000,P07_hyperpolarizing_step,h,always,"D,E"
nml2_hh_example,nml2_hh_example__factor_file__000,P07_hyperpolarizing_step,h/2,if detected at h,"D,E"
nml2_hh_example,nml2_hh_example__factor_file__000,P07_hyperpolarizing_step,h/4,if an apparent canonical survivor,"D,E"
nml2_hh_example,nml2_hh_example__factor_file__000,P08_rebound,h,always,"D,E"
nml2_hh_example,nml2_hh_example__factor_file__000,P08_rebound,h/2,if detected at h,"D,E"
nml2_hh_example,nml2_hh_example__factor_file__000,P08_rebound,h/4,if an apparent canonical survivor,"D,E"
nml2_hh_example,nml2_hh_example__factor_file__000,P09_short_pulse,h,always,"D,E"
nml2_hh_example,nml2_hh_example__factor_file__000,P09_short_pulse,h/2,if detected at h,"D,E"
nml2_hh_example,nml2_hh_example__factor_file__000,P09_short_pulse,h/4,if an apparent canonical survivor,"D,E"
nml2_hh_example,nml2_hh_example__reorder_independent__000,P00_canonical,h,always,"B,C"
nml2_hh_example,nml2_hh_example__reorder_independent__000,P00_canonical,h/2,if detected at h,"B,C"
nml2_hh_example,nml2_hh_example__reorder_independent__000,P00_canonical,h/4,if an apparent canonical survivor,"B,C"
nml2_hh_example,nml2_hh_example__reorder_independent__000,P02_weak_step,h,always,"D,E"
nml2_hh_example,nml2_hh_example__reorder_independent__000,P02_weak_step,h/2,if detected at h,"D,E"
nml2_hh_example,nml2_hh_example__reorder_independent__000,P02_weak_step,h/4,if an apparent canonical survivor,"D,E"
nml2_hh_example,nml2_hh_example__reorder_independent__000,P03_rheobase,h,always,"D,E"
nml2_hh_example,nml2_hh_example__reorder_independent__000,P03_rheobase,h/2,if detected at h,"D,E"
nml2_hh_example,nml2_hh_example__reorder_independent__000,P03_rheobase,h/4,if an apparent canonical survivor,"D,E"
nml2_hh_example,nml2_hh_example__reorder_independent__000,P04_step_2x,h,always,"D,E"
nml2_hh_example,nml2_hh_example__reorder_independent__000,P04_step_2x,h/2,if detected at h,"D,E"
nml2_hh_example,nml2_hh_example__reorder_independent__000,P04_step_2x,h/4,if an apparent canonical survivor,"D,E"
nml2_hh_example,nml2_hh_example__reorder_independent__000,P05_long_step,h,always,"D,E"
nml2_hh_example,nml2_hh_example__reorder_independent__000,P05_long_step,h/2,if detected at h,"D,E"
nml2_hh_example,nml2_hh_example__reorder_independent__000,P05_long_step,h/4,if an apparent canonical survivor,"D,E"
nml2_hh_example,nml2_hh_example__reorder_independent__000,P06_ramp,h,always,"D,E"
nml2_hh_example,nml2_hh_example__reorder_independent__000,P06_ramp,h/2,if detected at h,"D,E"
nml2_hh_example,nml2_hh_example__reorder_independent__000,P06_ramp,h/4,if an apparent canonical survivor,"D,E"
nml2_hh_example,nml2_hh_example__reorder_independent__000,P07_hyperpolarizing_step,h,always,"D,E"
nml2_hh_example,nml2_hh_example__reorder_independent__000,P07_hyperpolarizing_step,h/2,if detected at h,"D,E"
nml2_hh_example,nml2_hh_example__reorder_independent__000,P07_hyperpolarizing_step,h/4,if an apparent canonical survivor,"D,E"
nml2_hh_example,nml2_hh_example__reorder_independent__000,P08_rebound,h,always,"D,E"
nml2_hh_example,nml2_hh_example__reorder_independent__000,P08_rebound,h/2,if detected at h,"D,E"
nml2_hh_example,nml2_hh_example__reorder_independent__000,P08_rebound,h/4,if an apparent canonical survivor,"D,E"
nml2_hh_example,nml2_hh_example__reorder_independent__000,P09_short_pulse,h,always,"D,E"
nml2_hh_example,nml2_hh_example__reorder_independent__000,P09_short_pulse,h/2,if detected at h,"D,E"
nml2_hh_example,nml2_hh_example__reorder_independent__000,P09_short_pulse,h/4,if an apparent canonical survivor,"D,E"
nml2_hh_example,nml2_hh_example__explicit_default__000,P00_canonical,h,always,"B,C"
nml2_hh_example,nml2_hh_example__explicit_default__000,P00_canonical,h/2,if detected at h,"B,C"
nml2_hh_example,nml2_hh_example__explicit_default__000,P00_canonical,h/4,if an apparent canonical survivor,"B,C"
nml2_hh_example,nml2_hh_example__explicit_default__000,P02_weak_step,h,always,"D,E"
nml2_hh_example,nml2_hh_example__explicit_default__000,P02_weak_step,h/2,if detected at h,"D,E"
nml2_hh_example,nml2_hh_example__explicit_default__000,P02_weak_step,h/4,if an apparent canonical survivor,"D,E"
nml2_hh_example,nml2_hh_example__explicit_default__000,P03_rheobase,h,always,"D,E"
nml2_hh_example,nml2_hh_example__explicit_default__000,P03_rheobase,h/2,if detected at h,"D,E"
nml2_hh_example,nml2_hh_example__explicit_default__000,P03_rheobase,h/4,if an apparent canonical survivor,"D,E"
nml2_hh_example,nml2_hh_example__explicit_default__000,P04_step_2x,h,always,"D,E"
nml2_hh_example,nml2_hh_example__explicit_default__000,P04_step_2x,h/2,if detected at h,"D,E"
nml2_hh_example,nml2_hh_example__explicit_default__000,P04_step_2x,h/4,if an apparent canonical survivor,"D,E"
nml2_hh_example,nml2_hh_example__explicit_default__000,P05_long_step,h,always,"D,E"
nml2_hh_example,nml2_hh_example__explicit_default__000,P05_long_step,h/2,if detected at h,"D,E"
nml2_hh_example,nml2_hh_example__explicit_default__000,P05_long_step,h/4,if an apparent canonical survivor,"D,E"
nml2_hh_example,nml2_hh_example__explicit_default__000,P06_ramp,h,always,"D,E"
nml2_hh_example,nml2_hh_example__explicit_default__000,P06_ramp,h/2,if detected at h,"D,E"
nml2_hh_example,nml2_hh_example__explicit_default__000,P06_ramp,h/4,if an apparent canonical survivor,"D,E"
nml2_hh_example,nml2_hh_example__explicit_default__000,P07_hyperpolarizing_step,h,always,"D,E"
nml2_hh_example,nml2_hh_example__explicit_default__000,P07_hyperpolarizing_step,h/2,if detected at h,"D,E"
nml2_hh_example,nml2_hh_example__explicit_default__000,P07_hyperpolarizing_step,h/4,if an apparent canonical survivor,"D,E"
nml2_hh_example,nml2_hh_example__explicit_default__000,P08_rebound,h,always,"D,E"
nml2_hh_example,nml2_hh_example__explicit_default__000,P08_rebound,h/2,if detected at h,"D,E"
nml2_hh_example,nml2_hh_example__explicit_default__000,P08_rebound,h/4,if an apparent canonical survivor,"D,E"
nml2_hh_example,nml2_hh_example__explicit_default__000,P09_short_pulse,h,always,"D,E"
nml2_hh_example,nml2_hh_example__explicit_default__000,P09_short_pulse,h/2,if detected at h,"D,E"
nml2_hh_example,nml2_hh_example__explicit_default__000,P09_short_pulse,h/4,if an apparent canonical survivor,"D,E"
osb_hh2_477127614,m-scale_conductance-d67ea70a4a,P00_canonical,h,always,"B,C"
osb_hh2_477127614,m-scale_conductance-d67ea70a4a,P00_canonical,h/2,if detected at h,"B,C"
osb_hh2_477127614,m-scale_conductance-d67ea70a4a,P00_canonical,h/4,if an apparent canonical survivor,"B,C"
osb_hh2_477127614,m-scale_conductance-d67ea70a4a,P02_weak_step,h,always,"D,E"
osb_hh2_477127614,m-scale_conductance-d67ea70a4a,P02_weak_step,h/2,if detected at h,"D,E"
osb_hh2_477127614,m-scale_conductance-d67ea70a4a,P02_weak_step,h/4,if an apparent canonical survivor,"D,E"
osb_hh2_477127614,m-scale_conductance-d67ea70a4a,P03_rheobase,h,always,"D,E"
osb_hh2_477127614,m-scale_conductance-d67ea70a4a,P03_rheobase,h/2,if detected at h,"D,E"
osb_hh2_477127614,m-scale_conductance-d67ea70a4a,P03_rheobase,h/4,if an apparent canonical survivor,"D,E"
osb_hh2_477127614,m-scale_conductance-d67ea70a4a,P04_step_2x,h,always,"D,E"
osb_hh2_477127614,m-scale_conductance-d67ea70a4a,P04_step_2x,h/2,if detected at h,"D,E"
osb_hh2_477127614,m-scale_conductance-d67ea70a4a,P04_step_2x,h/4,if an apparent canonical survivor,"D,E"
osb_hh2_477127614,m-scale_conductance-d67ea70a4a,P05_long_step,h,always,"D,E"
osb_hh2_477127614,m-scale_conductance-d67ea70a4a,P05_long_step,h/2,if detected at h,"D,E"
osb_hh2_477127614,m-scale_conductance-d67ea70a4a,P05_long_step,h/4,if an apparent canonical survivor,"D,E"
osb_hh2_477127614,m-scale_conductance-d67ea70a4a,P06_ramp,h,always,"D,E"
osb_hh2_477127614,m-scale_conductance-d67ea70a4a,P06_ramp,h/2,if detected at h,"D,E"
osb_hh2_477127614,m-scale_conductance-d67ea70a4a,P06_ramp,h/4,if an apparent canonical survivor,"D,E"
osb_hh2_477127614,m-scale_conductance-d67ea70a4a,P07_hyperpolarizing_step,h,always,"D,E"
osb_hh2_477127614,m-scale_conductance-d67ea70a4a,P07_hyperpolarizing_step,h/2,if detected at h,"D,E"
osb_hh2_477127614,m-scale_conductance-d67ea70a4a,P07_hyperpolarizing_step,h/4,if an apparent canonical survivor,"D,E"
osb_hh2_477127614,m-scale_conductance-d67ea70a4a,P08_rebound,h,always,"D,E"
osb_hh2_477127614,m-scale_conductance-d67ea70a4a,P08_rebound,h/2,if detected at h,"D,E"
osb_hh2_477127614,m-scale_conductance-d67ea70a4a,P08_rebound,h/4,if an apparent canonical survivor,"D,E"
osb_hh2_477127614,m-scale_conductance-d67ea70a4a,P09_short_pulse,h,always,"D,E"
osb_hh2_477127614,m-scale_conductance-d67ea70a4a,P09_short_pulse,h/2,if detected at h,"D,E"
osb_hh2_477127614,m-scale_conductance-d67ea70a4a,P09_short_pulse,h/4,if an apparent canonical survivor,"D,E"
osb_hh2_477127614,m-scale_conductance-61ece641cf,P00_canonical,h,always,"B,C"
osb_hh2_477127614,m-scale_conductance-61ece641cf,P00_canonical,h/2,if detected at h,"B,C"
osb_hh2_477127614,m-scale_conductance-61ece641cf,P00_canonical,h/4,if an apparent canonical survivor,"B,C"
osb_hh2_477127614,m-scale_conductance-61ece641cf,P02_weak_step,h,always,"D,E"
osb_hh2_477127614,m-scale_conductance-61ece641cf,P02_weak_step,h/2,if detected at h,"D,E"
osb_hh2_477127614,m-scale_conductance-61ece641cf,P02_weak_step,h/4,if an apparent canonical survivor,"D,E"
osb_hh2_477127614,m-scale_conductance-61ece641cf,P03_rheobase,h,always,"D,E"
osb_hh2_477127614,m-scale_conductance-61ece641cf,P03_rheobase,h/2,if detected at h,"D,E"
osb_hh2_477127614,m-scale_conductance-61ece641cf,P03_rheobase,h/4,if an apparent canonical survivor,"D,E"
osb_hh2_477127614,m-scale_conductance-61ece641cf,P04_step_2x,h,always,"D,E"
osb_hh2_477127614,m-scale_conductance-61ece641cf,P04_step_2x,h/2,if detected at h,"D,E"
osb_hh2_477127614,m-scale_conductance-61ece641cf,P04_step_2x,h/4,if an apparent canonical survivor,"D,E"
osb_hh2_477127614,m-scale_conductance-61ece641cf,P05_long_step,h,always,"D,E"
osb_hh2_477127614,m-scale_conductance-61ece641cf,P05_long_step,h/2,if detected at h,"D,E"
osb_hh2_477127614,m-scale_conductance-61ece641cf,P05_long_step,h/4,if an apparent canonical survivor,"D,E"
osb_hh2_477127614,m-scale_conductance-61ece641cf,P06_ramp,h,always,"D,E"
osb_hh2_477127614,m-scale_conductance-61ece641cf,P06_ramp,h/2,if detected at h,"D,E"
osb_hh2_477127614,m-scale_conductance-61ece641cf,P06_ramp,h/4,if an apparent canonical survivor,"D,E"
osb_hh2_477127614,m-scale_conductance-61ece641cf,P07_hyperpolarizing_step,h,always,"D,E"
osb_hh2_477127614,m-scale_conductance-61ece641cf,P07_hyperpolarizing_step,h/2,if detected at h,"D,E"
osb_hh2_477127614,m-scale_conductance-61ece641cf,P07_hyperpolarizing_step,h/4,if an apparent canonical survivor,"D,E"
osb_hh2_477127614,m-scale_conductance-61ece641cf,P08_rebound,h,always,"D,E"
osb_hh2_477127614,m-scale_conductance-61ece641cf,P08_rebound,h/2,if detected at h,"D,E"
osb_hh2_477127614,m-scale_conductance-61ece641cf,P08_rebound,h/4,if an apparent canonical survivor,"D,E"
osb_hh2_477127614,m-scale_conductance-61ece641cf,P09_short_pulse,h,always,"D,E"
osb_hh2_477127614,m-scale_conductance-61ece641cf,P09_short_pulse,h/2,if detected at h,"D,E"
osb_hh2_477127614,m-scale_conductance-61ece641cf,P09_short_pulse,h/4,if an apparent canonical survivor,"D,E"
osb_hh2_477127614,m-scale_conductance-979dd75955,P00_canonical,h,always,"B,C"
osb_hh2_477127614,m-scale_conductance-979dd75955,P00_canonical,h/2,if detected at h,"B,C"
osb_hh2_477127614,m-scale_conductance-979dd75955,P00_canonical,h/4,if an apparent canonical survivor,"B,C"
osb_hh2_477127614,m-scale_conductance-979dd75955,P02_weak_step,h,always,"D,E"
osb_hh2_477127614,m-scale_conductance-979dd75955,P02_weak_step,h/2,if detected at h,"D,E"
osb_hh2_477127614,m-scale_conductance-979dd75955,P02_weak_step,h/4,if an apparent canonical survivor,"D,E"
osb_hh2_477127614,m-scale_conductance-979dd75955,P03_rheobase,h,always,"D,E"
osb_hh2_477127614,m-scale_conductance-979dd75955,P03_rheobase,h/2,if detected at h,"D,E"
osb_hh2_477127614,m-scale_conductance-979dd75955,P03_rheobase,h/4,if an apparent canonical survivor,"D,E"
osb_hh2_477127614,m-scale_conductance-979dd75955,P04_step_2x,h,always,"D,E"
osb_hh2_477127614,m-scale_conductance-979dd75955,P04_step_2x,h/2,if detected at h,"D,E"
osb_hh2_477127614,m-scale_conductance-979dd75955,P04_step_2x,h/4,if an apparent canonical survivor,"D,E"
osb_hh2_477127614,m-scale_conductance-979dd75955,P05_long_step,h,always,"D,E"
osb_hh2_477127614,m-scale_conductance-979dd75955,P05_long_step,h/2,if detected at h,"D,E"
osb_hh2_477127614,m-scale_conductance-979dd75955,P05_long_step,h/4,if an apparent canonical survivor,"D,E"
osb_hh2_477127614,m-scale_conductance-979dd75955,P06_ramp,h,always,"D,E"
osb_hh2_477127614,m-scale_conductance-979dd75955,P06_ramp,h/2,if detected at h,"D,E"
osb_hh2_477127614,m-scale_conductance-979dd75955,P06_ramp,h/4,if an apparent canonical survivor,"D,E"
osb_hh2_477127614,m-scale_conductance-979dd75955,P07_hyperpolarizing_step,h,always,"D,E"
osb_hh2_477127614,m-scale_conductance-979dd75955,P07_hyperpolarizing_step,h/2,if detected at h,"D,E"
osb_hh2_477127614,m-scale_conductance-979dd75955,P07_hyperpolarizing_step,h/4,if an apparent canonical survivor,"D,E"
osb_hh2_477127614,m-scale_conductance-979dd75955,P08_rebound,h,always,"D,E"
osb_hh2_477127614,m-scale_conductance-979dd75955,P08_rebound,h/2,if detected at h,"D,E"
osb_hh2_477127614,m-scale_conductance-979dd75955,P08_rebound,h/4,if an apparent canonical survivor,"D,E"
osb_hh2_477127614,m-scale_conductance-979dd75955,P09_short_pulse,h,always,"D,E"
osb_hh2_477127614,m-scale_conductance-979dd75955,P09_short_pulse,h/2,if detected at h,"D,E"
osb_hh2_477127614,m-scale_conductance-979dd75955,P09_short_pulse,h/4,if an apparent canonical survivor,"D,E"
osb_hh2_477127614,m-scale_conductance-1f40a5f389,P00_canonical,h,always,"B,C"
osb_hh2_477127614,m-scale_conductance-1f40a5f389,P00_canonical,h/2,if detected at h,"B,C"
osb_hh2_477127614,m-scale_conductance-1f40a5f389,P00_canonical,h/4,if an apparent canonical survivor,"B,C"
osb_hh2_477127614,m-scale_conductance-1f40a5f389,P02_weak_step,h,always,"D,E"
osb_hh2_477127614,m-scale_conductance-1f40a5f389,P02_weak_step,h/2,if detected at h,"D,E"
osb_hh2_477127614,m-scale_conductance-1f40a5f389,P02_weak_step,h/4,if an apparent canonical survivor,"D,E"
osb_hh2_477127614,m-scale_conductance-1f40a5f389,P03_rheobase,h,always,"D,E"
osb_hh2_477127614,m-scale_conductance-1f40a5f389,P03_rheobase,h/2,if detected at h,"D,E"
osb_hh2_477127614,m-scale_conductance-1f40a5f389,P03_rheobase,h/4,if an apparent canonical survivor,"D,E"
osb_hh2_477127614,m-scale_conductance-1f40a5f389,P04_step_2x,h,always,"D,E"
osb_hh2_477127614,m-scale_conductance-1f40a5f389,P04_step_2x,h/2,if detected at h,"D,E"
osb_hh2_477127614,m-scale_conductance-1f40a5f389,P04_step_2x,h/4,if an apparent canonical survivor,"D,E"
osb_hh2_477127614,m-scale_conductance-1f40a5f389,P05_long_step,h,always,"D,E"
osb_hh2_477127614,m-scale_conductance-1f40a5f389,P05_long_step,h/2,if detected at h,"D,E"
osb_hh2_477127614,m-scale_conductance-1f40a5f389,P05_long_step,h/4,if an apparent canonical survivor,"D,E"
osb_hh2_477127614,m-scale_conductance-1f40a5f389,P06_ramp,h,always,"D,E"
osb_hh2_477127614,m-scale_conductance-1f40a5f389,P06_ramp,h/2,if detected at h,"D,E"
osb_hh2_477127614,m-scale_conductance-1f40a5f389,P06_ramp,h/4,if an apparent canonical survivor,"D,E"
osb_hh2_477127614,m-scale_conductance-1f40a5f389,P07_hyperpolarizing_step,h,always,"D,E"
osb_hh2_477127614,m-scale_conductance-1f40a5f389,P07_hyperpolarizing_step,h/2,if detected at h,"D,E"
osb_hh2_477127614,m-scale_conductance-1f40a5f389,P07_hyperpolarizing_step,h/4,if an apparent canonical survivor,"D,E"
osb_hh2_477127614,m-scale_conductance-1f40a5f389,P08_rebound,h,always,"D,E"
osb_hh2_477127614,m-scale_conductance-1f40a5f389,P08_rebound,h/2,if detected at h,"D,E"
osb_hh2_477127614,m-scale_conductance-1f40a5f389,P08_rebound,h/4,if an apparent canonical survivor,"D,E"
osb_hh2_477127614,m-scale_conductance-1f40a5f389,P09_short_pulse,h,always,"D,E"
osb_hh2_477127614,m-scale_conductance-1f40a5f389,P09_short_pulse,h/2,if detected at h,"D,E"
osb_hh2_477127614,m-scale_conductance-1f40a5f389,P09_short_pulse,h/4,if an apparent canonical survivor,"D,E"
osb_hh2_477127614,m-shift_reversal-c7e1f18cfe,P00_canonical,h,always,"B,C"
osb_hh2_477127614,m-shift_reversal-c7e1f18cfe,P00_canonical,h/2,if detected at h,"B,C"
osb_hh2_477127614,m-shift_reversal-c7e1f18cfe,P00_canonical,h/4,if an apparent canonical survivor,"B,C"
osb_hh2_477127614,m-shift_reversal-c7e1f18cfe,P02_weak_step,h,always,"D,E"
osb_hh2_477127614,m-shift_reversal-c7e1f18cfe,P02_weak_step,h/2,if detected at h,"D,E"
osb_hh2_477127614,m-shift_reversal-c7e1f18cfe,P02_weak_step,h/4,if an apparent canonical survivor,"D,E"
osb_hh2_477127614,m-shift_reversal-c7e1f18cfe,P03_rheobase,h,always,"D,E"
osb_hh2_477127614,m-shift_reversal-c7e1f18cfe,P03_rheobase,h/2,if detected at h,"D,E"
osb_hh2_477127614,m-shift_reversal-c7e1f18cfe,P03_rheobase,h/4,if an apparent canonical survivor,"D,E"
osb_hh2_477127614,m-shift_reversal-c7e1f18cfe,P04_step_2x,h,always,"D,E"
osb_hh2_477127614,m-shift_reversal-c7e1f18cfe,P04_step_2x,h/2,if detected at h,"D,E"
osb_hh2_477127614,m-shift_reversal-c7e1f18cfe,P04_step_2x,h/4,if an apparent canonical survivor,"D,E"
osb_hh2_477127614,m-shift_reversal-c7e1f18cfe,P05_long_step,h,always,"D,E"
osb_hh2_477127614,m-shift_reversal-c7e1f18cfe,P05_long_step,h/2,if detected at h,"D,E"
osb_hh2_477127614,m-shift_reversal-c7e1f18cfe,P05_long_step,h/4,if an apparent canonical survivor,"D,E"
osb_hh2_477127614,m-shift_reversal-c7e1f18cfe,P06_ramp,h,always,"D,E"
osb_hh2_477127614,m-shift_reversal-c7e1f18cfe,P06_ramp,h/2,if detected at h,"D,E"
osb_hh2_477127614,m-shift_reversal-c7e1f18cfe,P06_ramp,h/4,if an apparent canonical survivor,"D,E"
osb_hh2_477127614,m-shift_reversal-c7e1f18cfe,P07_hyperpolarizing_step,h,always,"D,E"
osb_hh2_477127614,m-shift_reversal-c7e1f18cfe,P07_hyperpolarizing_step,h/2,if detected at h,"D,E"
osb_hh2_477127614,m-shift_reversal-c7e1f18cfe,P07_hyperpolarizing_step,h/4,if an apparent canonical survivor,"D,E"
osb_hh2_477127614,m-shift_reversal-c7e1f18cfe,P08_rebound,h,always,"D,E"
osb_hh2_477127614,m-shift_reversal-c7e1f18cfe,P08_rebound,h/2,if detected at h,"D,E"
osb_hh2_477127614,m-shift_reversal-c7e1f18cfe,P08_rebound,h/4,if an apparent canonical survivor,"D,E"
osb_hh2_477127614,m-shift_reversal-c7e1f18cfe,P09_short_pulse,h,always,"D,E"
osb_hh2_477127614,m-shift_reversal-c7e1f18cfe,P09_short_pulse,h/2,if detected at h,"D,E"
osb_hh2_477127614,m-shift_reversal-c7e1f18cfe,P09_short_pulse,h/4,if an apparent canonical survivor,"D,E"
osb_hh2_477127614,m-shift_reversal-89dd6d7b64,P00_canonical,h,always,"B,C"
osb_hh2_477127614,m-shift_reversal-89dd6d7b64,P00_canonical,h/2,if detected at h,"B,C"
osb_hh2_477127614,m-shift_reversal-89dd6d7b64,P00_canonical,h/4,if an apparent canonical survivor,"B,C"
osb_hh2_477127614,m-shift_reversal-89dd6d7b64,P02_weak_step,h,always,"D,E"
osb_hh2_477127614,m-shift_reversal-89dd6d7b64,P02_weak_step,h/2,if detected at h,"D,E"
osb_hh2_477127614,m-shift_reversal-89dd6d7b64,P02_weak_step,h/4,if an apparent canonical survivor,"D,E"
osb_hh2_477127614,m-shift_reversal-89dd6d7b64,P03_rheobase,h,always,"D,E"
osb_hh2_477127614,m-shift_reversal-89dd6d7b64,P03_rheobase,h/2,if detected at h,"D,E"
osb_hh2_477127614,m-shift_reversal-89dd6d7b64,P03_rheobase,h/4,if an apparent canonical survivor,"D,E"
osb_hh2_477127614,m-shift_reversal-89dd6d7b64,P04_step_2x,h,always,"D,E"
osb_hh2_477127614,m-shift_reversal-89dd6d7b64,P04_step_2x,h/2,if detected at h,"D,E"
osb_hh2_477127614,m-shift_reversal-89dd6d7b64,P04_step_2x,h/4,if an apparent canonical survivor,"D,E"
osb_hh2_477127614,m-shift_reversal-89dd6d7b64,P05_long_step,h,always,"D,E"
osb_hh2_477127614,m-shift_reversal-89dd6d7b64,P05_long_step,h/2,if detected at h,"D,E"
osb_hh2_477127614,m-shift_reversal-89dd6d7b64,P05_long_step,h/4,if an apparent canonical survivor,"D,E"
osb_hh2_477127614,m-shift_reversal-89dd6d7b64,P06_ramp,h,always,"D,E"
osb_hh2_477127614,m-shift_reversal-89dd6d7b64,P06_ramp,h/2,if detected at h,"D,E"
osb_hh2_477127614,m-shift_reversal-89dd6d7b64,P06_ramp,h/4,if an apparent canonical survivor,"D,E"
osb_hh2_477127614,m-shift_reversal-89dd6d7b64,P07_hyperpolarizing_step,h,always,"D,E"
osb_hh2_477127614,m-shift_reversal-89dd6d7b64,P07_hyperpolarizing_step,h/2,if detected at h,"D,E"
osb_hh2_477127614,m-shift_reversal-89dd6d7b64,P07_hyperpolarizing_step,h/4,if an apparent canonical survivor,"D,E"
osb_hh2_477127614,m-shift_reversal-89dd6d7b64,P08_rebound,h,always,"D,E"
osb_hh2_477127614,m-shift_reversal-89dd6d7b64,P08_rebound,h/2,if detected at h,"D,E"
osb_hh2_477127614,m-shift_reversal-89dd6d7b64,P08_rebound,h/4,if an apparent canonical survivor,"D,E"
osb_hh2_477127614,m-shift_reversal-89dd6d7b64,P09_short_pulse,h,always,"D,E"
osb_hh2_477127614,m-shift_reversal-89dd6d7b64,P09_short_pulse,h/2,if detected at h,"D,E"
osb_hh2_477127614,m-shift_reversal-89dd6d7b64,P09_short_pulse,h/4,if an apparent canonical survivor,"D,E"
osb_hh2_477127614,m-shift_reversal-d2ca2a5c38,P00_canonical,h,always,"B,C"
osb_hh2_477127614,m-shift_reversal-d2ca2a5c38,P00_canonical,h/2,if detected at h,"B,C"
osb_hh2_477127614,m-shift_reversal-d2ca2a5c38,P00_canonical,h/4,if an apparent canonical survivor,"B,C"
osb_hh2_477127614,m-shift_reversal-d2ca2a5c38,P02_weak_step,h,always,"D,E"
osb_hh2_477127614,m-shift_reversal-d2ca2a5c38,P02_weak_step,h/2,if detected at h,"D,E"
osb_hh2_477127614,m-shift_reversal-d2ca2a5c38,P02_weak_step,h/4,if an apparent canonical survivor,"D,E"
osb_hh2_477127614,m-shift_reversal-d2ca2a5c38,P03_rheobase,h,always,"D,E"
osb_hh2_477127614,m-shift_reversal-d2ca2a5c38,P03_rheobase,h/2,if detected at h,"D,E"
osb_hh2_477127614,m-shift_reversal-d2ca2a5c38,P03_rheobase,h/4,if an apparent canonical survivor,"D,E"
osb_hh2_477127614,m-shift_reversal-d2ca2a5c38,P04_step_2x,h,always,"D,E"
osb_hh2_477127614,m-shift_reversal-d2ca2a5c38,P04_step_2x,h/2,if detected at h,"D,E"
osb_hh2_477127614,m-shift_reversal-d2ca2a5c38,P04_step_2x,h/4,if an apparent canonical survivor,"D,E"
osb_hh2_477127614,m-shift_reversal-d2ca2a5c38,P05_long_step,h,always,"D,E"
osb_hh2_477127614,m-shift_reversal-d2ca2a5c38,P05_long_step,h/2,if detected at h,"D,E"
osb_hh2_477127614,m-shift_reversal-d2ca2a5c38,P05_long_step,h/4,if an apparent canonical survivor,"D,E"
osb_hh2_477127614,m-shift_reversal-d2ca2a5c38,P06_ramp,h,always,"D,E"
osb_hh2_477127614,m-shift_reversal-d2ca2a5c38,P06_ramp,h/2,if detected at h,"D,E"
osb_hh2_477127614,m-shift_reversal-d2ca2a5c38,P06_ramp,h/4,if an apparent canonical survivor,"D,E"
osb_hh2_477127614,m-shift_reversal-d2ca2a5c38,P07_hyperpolarizing_step,h,always,"D,E"
osb_hh2_477127614,m-shift_reversal-d2ca2a5c38,P07_hyperpolarizing_step,h/2,if detected at h,"D,E"
osb_hh2_477127614,m-shift_reversal-d2ca2a5c38,P07_hyperpolarizing_step,h/4,if an apparent canonical survivor,"D,E"
osb_hh2_477127614,m-shift_reversal-d2ca2a5c38,P08_rebound,h,always,"D,E"
osb_hh2_477127614,m-shift_reversal-d2ca2a5c38,P08_rebound,h/2,if detected at h,"D,E"
osb_hh2_477127614,m-shift_reversal-d2ca2a5c38,P08_rebound,h/4,if an apparent canonical survivor,"D,E"
osb_hh2_477127614,m-shift_reversal-d2ca2a5c38,P09_short_pulse,h,always,"D,E"
osb_hh2_477127614,m-shift_reversal-d2ca2a5c38,P09_short_pulse,h/2,if detected at h,"D,E"
osb_hh2_477127614,m-shift_reversal-d2ca2a5c38,P09_short_pulse,h/4,if an apparent canonical survivor,"D,E"
osb_hh2_477127614,m-shift_reversal-d49b6b9a25,P00_canonical,h,always,"B,C"
osb_hh2_477127614,m-shift_reversal-d49b6b9a25,P00_canonical,h/2,if detected at h,"B,C"
osb_hh2_477127614,m-shift_reversal-d49b6b9a25,P00_canonical,h/4,if an apparent canonical survivor,"B,C"
osb_hh2_477127614,m-shift_reversal-d49b6b9a25,P02_weak_step,h,always,"D,E"
osb_hh2_477127614,m-shift_reversal-d49b6b9a25,P02_weak_step,h/2,if detected at h,"D,E"
osb_hh2_477127614,m-shift_reversal-d49b6b9a25,P02_weak_step,h/4,if an apparent canonical survivor,"D,E"
osb_hh2_477127614,m-shift_reversal-d49b6b9a25,P03_rheobase,h,always,"D,E"
osb_hh2_477127614,m-shift_reversal-d49b6b9a25,P03_rheobase,h/2,if detected at h,"D,E"
osb_hh2_477127614,m-shift_reversal-d49b6b9a25,P03_rheobase,h/4,if an apparent canonical survivor,"D,E"
osb_hh2_477127614,m-shift_reversal-d49b6b9a25,P04_step_2x,h,always,"D,E"
osb_hh2_477127614,m-shift_reversal-d49b6b9a25,P04_step_2x,h/2,if detected at h,"D,E"
osb_hh2_477127614,m-shift_reversal-d49b6b9a25,P04_step_2x,h/4,if an apparent canonical survivor,"D,E"
osb_hh2_477127614,m-shift_reversal-d49b6b9a25,P05_long_step,h,always,"D,E"
osb_hh2_477127614,m-shift_reversal-d49b6b9a25,P05_long_step,h/2,if detected at h,"D,E"
osb_hh2_477127614,m-shift_reversal-d49b6b9a25,P05_long_step,h/4,if an apparent canonical survivor,"D,E"
osb_hh2_477127614,m-shift_reversal-d49b6b9a25,P06_ramp,h,always,"D,E"
osb_hh2_477127614,m-shift_reversal-d49b6b9a25,P06_ramp,h/2,if detected at h,"D,E"
osb_hh2_477127614,m-shift_reversal-d49b6b9a25,P06_ramp,h/4,if an apparent canonical survivor,"D,E"
osb_hh2_477127614,m-shift_reversal-d49b6b9a25,P07_hyperpolarizing_step,h,always,"D,E"
osb_hh2_477127614,m-shift_reversal-d49b6b9a25,P07_hyperpolarizing_step,h/2,if detected at h,"D,E"
osb_hh2_477127614,m-shift_reversal-d49b6b9a25,P07_hyperpolarizing_step,h/4,if an apparent canonical survivor,"D,E"
osb_hh2_477127614,m-shift_reversal-d49b6b9a25,P08_rebound,h,always,"D,E"
osb_hh2_477127614,m-shift_reversal-d49b6b9a25,P08_rebound,h/2,if detected at h,"D,E"
osb_hh2_477127614,m-shift_reversal-d49b6b9a25,P08_rebound,h/4,if an apparent canonical survivor,"D,E"
osb_hh2_477127614,m-shift_reversal-d49b6b9a25,P09_short_pulse,h,always,"D,E"
osb_hh2_477127614,m-shift_reversal-d49b6b9a25,P09_short_pulse,h/2,if detected at h,"D,E"
osb_hh2_477127614,m-shift_reversal-d49b6b9a25,P09_short_pulse,h/4,if an apparent canonical survivor,"D,E"
osb_hh2_477127614,m-scale_capacitance-8ea1c6d58b,P00_canonical,h,always,"B,C"
osb_hh2_477127614,m-scale_capacitance-8ea1c6d58b,P00_canonical,h/2,if detected at h,"B,C"
osb_hh2_477127614,m-scale_capacitance-8ea1c6d58b,P00_canonical,h/4,if an apparent canonical survivor,"B,C"
osb_hh2_477127614,m-scale_capacitance-8ea1c6d58b,P02_weak_step,h,always,"D,E"
osb_hh2_477127614,m-scale_capacitance-8ea1c6d58b,P02_weak_step,h/2,if detected at h,"D,E"
osb_hh2_477127614,m-scale_capacitance-8ea1c6d58b,P02_weak_step,h/4,if an apparent canonical survivor,"D,E"
osb_hh2_477127614,m-scale_capacitance-8ea1c6d58b,P03_rheobase,h,always,"D,E"
osb_hh2_477127614,m-scale_capacitance-8ea1c6d58b,P03_rheobase,h/2,if detected at h,"D,E"
osb_hh2_477127614,m-scale_capacitance-8ea1c6d58b,P03_rheobase,h/4,if an apparent canonical survivor,"D,E"
osb_hh2_477127614,m-scale_capacitance-8ea1c6d58b,P04_step_2x,h,always,"D,E"
osb_hh2_477127614,m-scale_capacitance-8ea1c6d58b,P04_step_2x,h/2,if detected at h,"D,E"
osb_hh2_477127614,m-scale_capacitance-8ea1c6d58b,P04_step_2x,h/4,if an apparent canonical survivor,"D,E"
osb_hh2_477127614,m-scale_capacitance-8ea1c6d58b,P05_long_step,h,always,"D,E"
osb_hh2_477127614,m-scale_capacitance-8ea1c6d58b,P05_long_step,h/2,if detected at h,"D,E"
osb_hh2_477127614,m-scale_capacitance-8ea1c6d58b,P05_long_step,h/4,if an apparent canonical survivor,"D,E"
osb_hh2_477127614,m-scale_capacitance-8ea1c6d58b,P06_ramp,h,always,"D,E"
osb_hh2_477127614,m-scale_capacitance-8ea1c6d58b,P06_ramp,h/2,if detected at h,"D,E"
osb_hh2_477127614,m-scale_capacitance-8ea1c6d58b,P06_ramp,h/4,if an apparent canonical survivor,"D,E"
osb_hh2_477127614,m-scale_capacitance-8ea1c6d58b,P07_hyperpolarizing_step,h,always,"D,E"
osb_hh2_477127614,m-scale_capacitance-8ea1c6d58b,P07_hyperpolarizing_step,h/2,if detected at h,"D,E"
osb_hh2_477127614,m-scale_capacitance-8ea1c6d58b,P07_hyperpolarizing_step,h/4,if an apparent canonical survivor,"D,E"
osb_hh2_477127614,m-scale_capacitance-8ea1c6d58b,P08_rebound,h,always,"D,E"
osb_hh2_477127614,m-scale_capacitance-8ea1c6d58b,P08_rebound,h/2,if detected at h,"D,E"
osb_hh2_477127614,m-scale_capacitance-8ea1c6d58b,P08_rebound,h/4,if an apparent canonical survivor,"D,E"
osb_hh2_477127614,m-scale_capacitance-8ea1c6d58b,P09_short_pulse,h,always,"D,E"
osb_hh2_477127614,m-scale_capacitance-8ea1c6d58b,P09_short_pulse,h/2,if detected at h,"D,E"
osb_hh2_477127614,m-scale_capacitance-8ea1c6d58b,P09_short_pulse,h/4,if an apparent canonical survivor,"D,E"
osb_hh2_477127614,m-scale_capacitance-d886e6ca3e,P00_canonical,h,always,"B,C"
osb_hh2_477127614,m-scale_capacitance-d886e6ca3e,P00_canonical,h/2,if detected at h,"B,C"
osb_hh2_477127614,m-scale_capacitance-d886e6ca3e,P00_canonical,h/4,if an apparent canonical survivor,"B,C"
osb_hh2_477127614,m-scale_capacitance-d886e6ca3e,P02_weak_step,h,always,"D,E"
osb_hh2_477127614,m-scale_capacitance-d886e6ca3e,P02_weak_step,h/2,if detected at h,"D,E"
osb_hh2_477127614,m-scale_capacitance-d886e6ca3e,P02_weak_step,h/4,if an apparent canonical survivor,"D,E"
osb_hh2_477127614,m-scale_capacitance-d886e6ca3e,P03_rheobase,h,always,"D,E"
osb_hh2_477127614,m-scale_capacitance-d886e6ca3e,P03_rheobase,h/2,if detected at h,"D,E"
osb_hh2_477127614,m-scale_capacitance-d886e6ca3e,P03_rheobase,h/4,if an apparent canonical survivor,"D,E"
osb_hh2_477127614,m-scale_capacitance-d886e6ca3e,P04_step_2x,h,always,"D,E"
osb_hh2_477127614,m-scale_capacitance-d886e6ca3e,P04_step_2x,h/2,if detected at h,"D,E"
osb_hh2_477127614,m-scale_capacitance-d886e6ca3e,P04_step_2x,h/4,if an apparent canonical survivor,"D,E"
osb_hh2_477127614,m-scale_capacitance-d886e6ca3e,P05_long_step,h,always,"D,E"
osb_hh2_477127614,m-scale_capacitance-d886e6ca3e,P05_long_step,h/2,if detected at h,"D,E"
osb_hh2_477127614,m-scale_capacitance-d886e6ca3e,P05_long_step,h/4,if an apparent canonical survivor,"D,E"
osb_hh2_477127614,m-scale_capacitance-d886e6ca3e,P06_ramp,h,always,"D,E"
osb_hh2_477127614,m-scale_capacitance-d886e6ca3e,P06_ramp,h/2,if detected at h,"D,E"
osb_hh2_477127614,m-scale_capacitance-d886e6ca3e,P06_ramp,h/4,if an apparent canonical survivor,"D,E"
osb_hh2_477127614,m-scale_capacitance-d886e6ca3e,P07_hyperpolarizing_step,h,always,"D,E"
osb_hh2_477127614,m-scale_capacitance-d886e6ca3e,P07_hyperpolarizing_step,h/2,if detected at h,"D,E"
osb_hh2_477127614,m-scale_capacitance-d886e6ca3e,P07_hyperpolarizing_step,h/4,if an apparent canonical survivor,"D,E"
osb_hh2_477127614,m-scale_capacitance-d886e6ca3e,P08_rebound,h,always,"D,E"
osb_hh2_477127614,m-scale_capacitance-d886e6ca3e,P08_rebound,h/2,if detected at h,"D,E"
osb_hh2_477127614,m-scale_capacitance-d886e6ca3e,P08_rebound,h/4,if an apparent canonical survivor,"D,E"
osb_hh2_477127614,m-scale_capacitance-d886e6ca3e,P09_short_pulse,h,always,"D,E"
osb_hh2_477127614,m-scale_capacitance-d886e6ca3e,P09_short_pulse,h/2,if detected at h,"D,E"
osb_hh2_477127614,m-scale_capacitance-d886e6ca3e,P09_short_pulse,h/4,if an apparent canonical survivor,"D,E"
osb_hh2_477127614,m-scale_gate_time_constant-b929a50125,P00_canonical,h,always,"B,C"
osb_hh2_477127614,m-scale_gate_time_constant-b929a50125,P00_canonical,h/2,if detected at h,"B,C"
osb_hh2_477127614,m-scale_gate_time_constant-b929a50125,P00_canonical,h/4,if an apparent canonical survivor,"B,C"
osb_hh2_477127614,m-scale_gate_time_constant-b929a50125,P02_weak_step,h,always,"D,E"
osb_hh2_477127614,m-scale_gate_time_constant-b929a50125,P02_weak_step,h/2,if detected at h,"D,E"
osb_hh2_477127614,m-scale_gate_time_constant-b929a50125,P02_weak_step,h/4,if an apparent canonical survivor,"D,E"
osb_hh2_477127614,m-scale_gate_time_constant-b929a50125,P03_rheobase,h,always,"D,E"
osb_hh2_477127614,m-scale_gate_time_constant-b929a50125,P03_rheobase,h/2,if detected at h,"D,E"
osb_hh2_477127614,m-scale_gate_time_constant-b929a50125,P03_rheobase,h/4,if an apparent canonical survivor,"D,E"
osb_hh2_477127614,m-scale_gate_time_constant-b929a50125,P04_step_2x,h,always,"D,E"
osb_hh2_477127614,m-scale_gate_time_constant-b929a50125,P04_step_2x,h/2,if detected at h,"D,E"
osb_hh2_477127614,m-scale_gate_time_constant-b929a50125,P04_step_2x,h/4,if an apparent canonical survivor,"D,E"
osb_hh2_477127614,m-scale_gate_time_constant-b929a50125,P05_long_step,h,always,"D,E"
osb_hh2_477127614,m-scale_gate_time_constant-b929a50125,P05_long_step,h/2,if detected at h,"D,E"
osb_hh2_477127614,m-scale_gate_time_constant-b929a50125,P05_long_step,h/4,if an apparent canonical survivor,"D,E"
osb_hh2_477127614,m-scale_gate_time_constant-b929a50125,P06_ramp,h,always,"D,E"
osb_hh2_477127614,m-scale_gate_time_constant-b929a50125,P06_ramp,h/2,if detected at h,"D,E"
osb_hh2_477127614,m-scale_gate_time_constant-b929a50125,P06_ramp,h/4,if an apparent canonical survivor,"D,E"
osb_hh2_477127614,m-scale_gate_time_constant-b929a50125,P07_hyperpolarizing_step,h,always,"D,E"
osb_hh2_477127614,m-scale_gate_time_constant-b929a50125,P07_hyperpolarizing_step,h/2,if detected at h,"D,E"
osb_hh2_477127614,m-scale_gate_time_constant-b929a50125,P07_hyperpolarizing_step,h/4,if an apparent canonical survivor,"D,E"
osb_hh2_477127614,m-scale_gate_time_constant-b929a50125,P08_rebound,h,always,"D,E"
osb_hh2_477127614,m-scale_gate_time_constant-b929a50125,P08_rebound,h/2,if detected at h,"D,E"
osb_hh2_477127614,m-scale_gate_time_constant-b929a50125,P08_rebound,h/4,if an apparent canonical survivor,"D,E"
osb_hh2_477127614,m-scale_gate_time_constant-b929a50125,P09_short_pulse,h,always,"D,E"
osb_hh2_477127614,m-scale_gate_time_constant-b929a50125,P09_short_pulse,h/2,if detected at h,"D,E"
osb_hh2_477127614,m-scale_gate_time_constant-b929a50125,P09_short_pulse,h/4,if an apparent canonical survivor,"D,E"
osb_hh2_477127614,m-scale_gate_time_constant-52f0917eb3,P00_canonical,h,always,"B,C"
osb_hh2_477127614,m-scale_gate_time_constant-52f0917eb3,P00_canonical,h/2,if detected at h,"B,C"
osb_hh2_477127614,m-scale_gate_time_constant-52f0917eb3,P00_canonical,h/4,if an apparent canonical survivor,"B,C"
osb_hh2_477127614,m-scale_gate_time_constant-52f0917eb3,P02_weak_step,h,always,"D,E"
osb_hh2_477127614,m-scale_gate_time_constant-52f0917eb3,P02_weak_step,h/2,if detected at h,"D,E"
osb_hh2_477127614,m-scale_gate_time_constant-52f0917eb3,P02_weak_step,h/4,if an apparent canonical survivor,"D,E"
osb_hh2_477127614,m-scale_gate_time_constant-52f0917eb3,P03_rheobase,h,always,"D,E"
osb_hh2_477127614,m-scale_gate_time_constant-52f0917eb3,P03_rheobase,h/2,if detected at h,"D,E"
osb_hh2_477127614,m-scale_gate_time_constant-52f0917eb3,P03_rheobase,h/4,if an apparent canonical survivor,"D,E"
osb_hh2_477127614,m-scale_gate_time_constant-52f0917eb3,P04_step_2x,h,always,"D,E"
osb_hh2_477127614,m-scale_gate_time_constant-52f0917eb3,P04_step_2x,h/2,if detected at h,"D,E"
osb_hh2_477127614,m-scale_gate_time_constant-52f0917eb3,P04_step_2x,h/4,if an apparent canonical survivor,"D,E"
osb_hh2_477127614,m-scale_gate_time_constant-52f0917eb3,P05_long_step,h,always,"D,E"
osb_hh2_477127614,m-scale_gate_time_constant-52f0917eb3,P05_long_step,h/2,if detected at h,"D,E"
osb_hh2_477127614,m-scale_gate_time_constant-52f0917eb3,P05_long_step,h/4,if an apparent canonical survivor,"D,E"
osb_hh2_477127614,m-scale_gate_time_constant-52f0917eb3,P06_ramp,h,always,"D,E"
osb_hh2_477127614,m-scale_gate_time_constant-52f0917eb3,P06_ramp,h/2,if detected at h,"D,E"
osb_hh2_477127614,m-scale_gate_time_constant-52f0917eb3,P06_ramp,h/4,if an apparent canonical survivor,"D,E"
osb_hh2_477127614,m-scale_gate_time_constant-52f0917eb3,P07_hyperpolarizing_step,h,always,"D,E"
osb_hh2_477127614,m-scale_gate_time_constant-52f0917eb3,P07_hyperpolarizing_step,h/2,if detected at h,"D,E"
osb_hh2_477127614,m-scale_gate_time_constant-52f0917eb3,P07_hyperpolarizing_step,h/4,if an apparent canonical survivor,"D,E"
osb_hh2_477127614,m-scale_gate_time_constant-52f0917eb3,P08_rebound,h,always,"D,E"
osb_hh2_477127614,m-scale_gate_time_constant-52f0917eb3,P08_rebound,h/2,if detected at h,"D,E"
osb_hh2_477127614,m-scale_gate_time_constant-52f0917eb3,P08_rebound,h/4,if an apparent canonical survivor,"D,E"
osb_hh2_477127614,m-scale_gate_time_constant-52f0917eb3,P09_short_pulse,h,always,"D,E"
osb_hh2_477127614,m-scale_gate_time_constant-52f0917eb3,P09_short_pulse,h/2,if detected at h,"D,E"
osb_hh2_477127614,m-scale_gate_time_constant-52f0917eb3,P09_short_pulse,h/4,if an apparent canonical survivor,"D,E"
osb_hh2_477127614,m-shift_channel_vshift-8dac96bdae,P00_canonical,h,always,"B,C"
osb_hh2_477127614,m-shift_channel_vshift-8dac96bdae,P00_canonical,h/2,if detected at h,"B,C"
osb_hh2_477127614,m-shift_channel_vshift-8dac96bdae,P00_canonical,h/4,if an apparent canonical survivor,"B,C"
osb_hh2_477127614,m-shift_channel_vshift-8dac96bdae,P02_weak_step,h,always,"D,E"
osb_hh2_477127614,m-shift_channel_vshift-8dac96bdae,P02_weak_step,h/2,if detected at h,"D,E"
osb_hh2_477127614,m-shift_channel_vshift-8dac96bdae,P02_weak_step,h/4,if an apparent canonical survivor,"D,E"
osb_hh2_477127614,m-shift_channel_vshift-8dac96bdae,P03_rheobase,h,always,"D,E"
osb_hh2_477127614,m-shift_channel_vshift-8dac96bdae,P03_rheobase,h/2,if detected at h,"D,E"
osb_hh2_477127614,m-shift_channel_vshift-8dac96bdae,P03_rheobase,h/4,if an apparent canonical survivor,"D,E"
osb_hh2_477127614,m-shift_channel_vshift-8dac96bdae,P04_step_2x,h,always,"D,E"
osb_hh2_477127614,m-shift_channel_vshift-8dac96bdae,P04_step_2x,h/2,if detected at h,"D,E"
osb_hh2_477127614,m-shift_channel_vshift-8dac96bdae,P04_step_2x,h/4,if an apparent canonical survivor,"D,E"
osb_hh2_477127614,m-shift_channel_vshift-8dac96bdae,P05_long_step,h,always,"D,E"
osb_hh2_477127614,m-shift_channel_vshift-8dac96bdae,P05_long_step,h/2,if detected at h,"D,E"
osb_hh2_477127614,m-shift_channel_vshift-8dac96bdae,P05_long_step,h/4,if an apparent canonical survivor,"D,E"
osb_hh2_477127614,m-shift_channel_vshift-8dac96bdae,P06_ramp,h,always,"D,E"
osb_hh2_477127614,m-shift_channel_vshift-8dac96bdae,P06_ramp,h/2,if detected at h,"D,E"
osb_hh2_477127614,m-shift_channel_vshift-8dac96bdae,P06_ramp,h/4,if an apparent canonical survivor,"D,E"
osb_hh2_477127614,m-shift_channel_vshift-8dac96bdae,P07_hyperpolarizing_step,h,always,"D,E"
osb_hh2_477127614,m-shift_channel_vshift-8dac96bdae,P07_hyperpolarizing_step,h/2,if detected at h,"D,E"
osb_hh2_477127614,m-shift_channel_vshift-8dac96bdae,P07_hyperpolarizing_step,h/4,if an apparent canonical survivor,"D,E"
osb_hh2_477127614,m-shift_channel_vshift-8dac96bdae,P08_rebound,h,always,"D,E"
osb_hh2_477127614,m-shift_channel_vshift-8dac96bdae,P08_rebound,h/2,if detected at h,"D,E"
osb_hh2_477127614,m-shift_channel_vshift-8dac96bdae,P08_rebound,h/4,if an apparent canonical survivor,"D,E"
osb_hh2_477127614,m-shift_channel_vshift-8dac96bdae,P09_short_pulse,h,always,"D,E"
osb_hh2_477127614,m-shift_channel_vshift-8dac96bdae,P09_short_pulse,h/2,if detected at h,"D,E"
osb_hh2_477127614,m-shift_channel_vshift-8dac96bdae,P09_short_pulse,h/4,if an apparent canonical survivor,"D,E"
osb_hh2_477127614,m-increase_dt-445bb4bee3,P00_canonical,h,always,"B,C"
osb_hh2_477127614,m-increase_dt-445bb4bee3,P00_canonical,h/2,if detected at h,"B,C"
osb_hh2_477127614,m-increase_dt-445bb4bee3,P00_canonical,h/4,if an apparent canonical survivor,"B,C"
osb_hh2_477127614,m-increase_dt-445bb4bee3,P02_weak_step,h,always,"D,E"
osb_hh2_477127614,m-increase_dt-445bb4bee3,P02_weak_step,h/2,if detected at h,"D,E"
osb_hh2_477127614,m-increase_dt-445bb4bee3,P02_weak_step,h/4,if an apparent canonical survivor,"D,E"
osb_hh2_477127614,m-increase_dt-445bb4bee3,P03_rheobase,h,always,"D,E"
osb_hh2_477127614,m-increase_dt-445bb4bee3,P03_rheobase,h/2,if detected at h,"D,E"
osb_hh2_477127614,m-increase_dt-445bb4bee3,P03_rheobase,h/4,if an apparent canonical survivor,"D,E"
osb_hh2_477127614,m-increase_dt-445bb4bee3,P04_step_2x,h,always,"D,E"
osb_hh2_477127614,m-increase_dt-445bb4bee3,P04_step_2x,h/2,if detected at h,"D,E"
osb_hh2_477127614,m-increase_dt-445bb4bee3,P04_step_2x,h/4,if an apparent canonical survivor,"D,E"
osb_hh2_477127614,m-increase_dt-445bb4bee3,P05_long_step,h,always,"D,E"
osb_hh2_477127614,m-increase_dt-445bb4bee3,P05_long_step,h/2,if detected at h,"D,E"
osb_hh2_477127614,m-increase_dt-445bb4bee3,P05_long_step,h/4,if an apparent canonical survivor,"D,E"
osb_hh2_477127614,m-increase_dt-445bb4bee3,P06_ramp,h,always,"D,E"
osb_hh2_477127614,m-increase_dt-445bb4bee3,P06_ramp,h/2,if detected at h,"D,E"
osb_hh2_477127614,m-increase_dt-445bb4bee3,P06_ramp,h/4,if an apparent canonical survivor,"D,E"
osb_hh2_477127614,m-increase_dt-445bb4bee3,P07_hyperpolarizing_step,h,always,"D,E"
osb_hh2_477127614,m-increase_dt-445bb4bee3,P07_hyperpolarizing_step,h/2,if detected at h,"D,E"
osb_hh2_477127614,m-increase_dt-445bb4bee3,P07_hyperpolarizing_step,h/4,if an apparent canonical survivor,"D,E"
osb_hh2_477127614,m-increase_dt-445bb4bee3,P08_rebound,h,always,"D,E"
osb_hh2_477127614,m-increase_dt-445bb4bee3,P08_rebound,h/2,if detected at h,"D,E"
osb_hh2_477127614,m-increase_dt-445bb4bee3,P08_rebound,h/4,if an apparent canonical survivor,"D,E"
osb_hh2_477127614,m-increase_dt-445bb4bee3,P09_short_pulse,h,always,"D,E"
osb_hh2_477127614,m-increase_dt-445bb4bee3,P09_short_pulse,h/2,if detected at h,"D,E"
osb_hh2_477127614,m-increase_dt-445bb4bee3,P09_short_pulse,h/4,if an apparent canonical survivor,"D,E"
osb_hh2_477127614,m-solver_config-38da35f6d7,P00_canonical,h,always,"B,C"
osb_hh2_477127614,m-solver_config-38da35f6d7,P00_canonical,h/2,if detected at h,"B,C"
osb_hh2_477127614,m-solver_config-38da35f6d7,P00_canonical,h/4,if an apparent canonical survivor,"B,C"
osb_hh2_477127614,m-solver_config-38da35f6d7,P02_weak_step,h,always,"D,E"
osb_hh2_477127614,m-solver_config-38da35f6d7,P02_weak_step,h/2,if detected at h,"D,E"
osb_hh2_477127614,m-solver_config-38da35f6d7,P02_weak_step,h/4,if an apparent canonical survivor,"D,E"
osb_hh2_477127614,m-solver_config-38da35f6d7,P03_rheobase,h,always,"D,E"
osb_hh2_477127614,m-solver_config-38da35f6d7,P03_rheobase,h/2,if detected at h,"D,E"
osb_hh2_477127614,m-solver_config-38da35f6d7,P03_rheobase,h/4,if an apparent canonical survivor,"D,E"
osb_hh2_477127614,m-solver_config-38da35f6d7,P04_step_2x,h,always,"D,E"
osb_hh2_477127614,m-solver_config-38da35f6d7,P04_step_2x,h/2,if detected at h,"D,E"
osb_hh2_477127614,m-solver_config-38da35f6d7,P04_step_2x,h/4,if an apparent canonical survivor,"D,E"
osb_hh2_477127614,m-solver_config-38da35f6d7,P05_long_step,h,always,"D,E"
osb_hh2_477127614,m-solver_config-38da35f6d7,P05_long_step,h/2,if detected at h,"D,E"
osb_hh2_477127614,m-solver_config-38da35f6d7,P05_long_step,h/4,if an apparent canonical survivor,"D,E"
osb_hh2_477127614,m-solver_config-38da35f6d7,P06_ramp,h,always,"D,E"
osb_hh2_477127614,m-solver_config-38da35f6d7,P06_ramp,h/2,if detected at h,"D,E"
osb_hh2_477127614,m-solver_config-38da35f6d7,P06_ramp,h/4,if an apparent canonical survivor,"D,E"
osb_hh2_477127614,m-solver_config-38da35f6d7,P07_hyperpolarizing_step,h,always,"D,E"
osb_hh2_477127614,m-solver_config-38da35f6d7,P07_hyperpolarizing_step,h/2,if detected at h,"D,E"
osb_hh2_477127614,m-solver_config-38da35f6d7,P07_hyperpolarizing_step,h/4,if an apparent canonical survivor,"D,E"
osb_hh2_477127614,m-solver_config-38da35f6d7,P08_rebound,h,always,"D,E"
osb_hh2_477127614,m-solver_config-38da35f6d7,P08_rebound,h/2,if detected at h,"D,E"
osb_hh2_477127614,m-solver_config-38da35f6d7,P08_rebound,h/4,if an apparent canonical survivor,"D,E"
osb_hh2_477127614,m-solver_config-38da35f6d7,P09_short_pulse,h,always,"D,E"
osb_hh2_477127614,m-solver_config-38da35f6d7,P09_short_pulse,h/2,if detected at h,"D,E"
osb_hh2_477127614,m-solver_config-38da35f6d7,P09_short_pulse,h/4,if an apparent canonical survivor,"D,E"
osb_hh2_477127614,m-recording_resolution-24ee4ce8df,P00_canonical,h,always,"B,C"
osb_hh2_477127614,m-recording_resolution-24ee4ce8df,P00_canonical,h/2,if detected at h,"B,C"
osb_hh2_477127614,m-recording_resolution-24ee4ce8df,P00_canonical,h/4,if an apparent canonical survivor,"B,C"
osb_hh2_477127614,m-recording_resolution-24ee4ce8df,P02_weak_step,h,always,"D,E"
osb_hh2_477127614,m-recording_resolution-24ee4ce8df,P02_weak_step,h/2,if detected at h,"D,E"
osb_hh2_477127614,m-recording_resolution-24ee4ce8df,P02_weak_step,h/4,if an apparent canonical survivor,"D,E"
osb_hh2_477127614,m-recording_resolution-24ee4ce8df,P03_rheobase,h,always,"D,E"
osb_hh2_477127614,m-recording_resolution-24ee4ce8df,P03_rheobase,h/2,if detected at h,"D,E"
osb_hh2_477127614,m-recording_resolution-24ee4ce8df,P03_rheobase,h/4,if an apparent canonical survivor,"D,E"
osb_hh2_477127614,m-recording_resolution-24ee4ce8df,P04_step_2x,h,always,"D,E"
osb_hh2_477127614,m-recording_resolution-24ee4ce8df,P04_step_2x,h/2,if detected at h,"D,E"
osb_hh2_477127614,m-recording_resolution-24ee4ce8df,P04_step_2x,h/4,if an apparent canonical survivor,"D,E"
osb_hh2_477127614,m-recording_resolution-24ee4ce8df,P05_long_step,h,always,"D,E"
osb_hh2_477127614,m-recording_resolution-24ee4ce8df,P05_long_step,h/2,if detected at h,"D,E"
osb_hh2_477127614,m-recording_resolution-24ee4ce8df,P05_long_step,h/4,if an apparent canonical survivor,"D,E"
osb_hh2_477127614,m-recording_resolution-24ee4ce8df,P06_ramp,h,always,"D,E"
osb_hh2_477127614,m-recording_resolution-24ee4ce8df,P06_ramp,h/2,if detected at h,"D,E"
osb_hh2_477127614,m-recording_resolution-24ee4ce8df,P06_ramp,h/4,if an apparent canonical survivor,"D,E"
osb_hh2_477127614,m-recording_resolution-24ee4ce8df,P07_hyperpolarizing_step,h,always,"D,E"
osb_hh2_477127614,m-recording_resolution-24ee4ce8df,P07_hyperpolarizing_step,h/2,if detected at h,"D,E"
osb_hh2_477127614,m-recording_resolution-24ee4ce8df,P07_hyperpolarizing_step,h/4,if an apparent canonical survivor,"D,E"
osb_hh2_477127614,m-recording_resolution-24ee4ce8df,P08_rebound,h,always,"D,E"
osb_hh2_477127614,m-recording_resolution-24ee4ce8df,P08_rebound,h/2,if detected at h,"D,E"
osb_hh2_477127614,m-recording_resolution-24ee4ce8df,P08_rebound,h/4,if an apparent canonical survivor,"D,E"
osb_hh2_477127614,m-recording_resolution-24ee4ce8df,P09_short_pulse,h,always,"D,E"
osb_hh2_477127614,m-recording_resolution-24ee4ce8df,P09_short_pulse,h/2,if detected at h,"D,E"
osb_hh2_477127614,m-recording_resolution-24ee4ce8df,P09_short_pulse,h/4,if an apparent canonical survivor,"D,E"
osb_hh2_477127614,m-wrong_channel-105026e445,P00_canonical,h,always,"B,C"
osb_hh2_477127614,m-wrong_channel-105026e445,P00_canonical,h/2,if detected at h,"B,C"
osb_hh2_477127614,m-wrong_channel-105026e445,P00_canonical,h/4,if an apparent canonical survivor,"B,C"
osb_hh2_477127614,m-wrong_channel-105026e445,P02_weak_step,h,always,"D,E"
osb_hh2_477127614,m-wrong_channel-105026e445,P02_weak_step,h/2,if detected at h,"D,E"
osb_hh2_477127614,m-wrong_channel-105026e445,P02_weak_step,h/4,if an apparent canonical survivor,"D,E"
osb_hh2_477127614,m-wrong_channel-105026e445,P03_rheobase,h,always,"D,E"
osb_hh2_477127614,m-wrong_channel-105026e445,P03_rheobase,h/2,if detected at h,"D,E"
osb_hh2_477127614,m-wrong_channel-105026e445,P03_rheobase,h/4,if an apparent canonical survivor,"D,E"
osb_hh2_477127614,m-wrong_channel-105026e445,P04_step_2x,h,always,"D,E"
osb_hh2_477127614,m-wrong_channel-105026e445,P04_step_2x,h/2,if detected at h,"D,E"
osb_hh2_477127614,m-wrong_channel-105026e445,P04_step_2x,h/4,if an apparent canonical survivor,"D,E"
osb_hh2_477127614,m-wrong_channel-105026e445,P05_long_step,h,always,"D,E"
osb_hh2_477127614,m-wrong_channel-105026e445,P05_long_step,h/2,if detected at h,"D,E"
osb_hh2_477127614,m-wrong_channel-105026e445,P05_long_step,h/4,if an apparent canonical survivor,"D,E"
osb_hh2_477127614,m-wrong_channel-105026e445,P06_ramp,h,always,"D,E"
osb_hh2_477127614,m-wrong_channel-105026e445,P06_ramp,h/2,if detected at h,"D,E"
osb_hh2_477127614,m-wrong_channel-105026e445,P06_ramp,h/4,if an apparent canonical survivor,"D,E"
osb_hh2_477127614,m-wrong_channel-105026e445,P07_hyperpolarizing_step,h,always,"D,E"
osb_hh2_477127614,m-wrong_channel-105026e445,P07_hyperpolarizing_step,h/2,if detected at h,"D,E"
osb_hh2_477127614,m-wrong_channel-105026e445,P07_hyperpolarizing_step,h/4,if an apparent canonical survivor,"D,E"
osb_hh2_477127614,m-wrong_channel-105026e445,P08_rebound,h,always,"D,E"
osb_hh2_477127614,m-wrong_channel-105026e445,P08_rebound,h/2,if detected at h,"D,E"
osb_hh2_477127614,m-wrong_channel-105026e445,P08_rebound,h/4,if an apparent canonical survivor,"D,E"
osb_hh2_477127614,m-wrong_channel-105026e445,P09_short_pulse,h,always,"D,E"
osb_hh2_477127614,m-wrong_channel-105026e445,P09_short_pulse,h/2,if detected at h,"D,E"
osb_hh2_477127614,m-wrong_channel-105026e445,P09_short_pulse,h/4,if an apparent canonical survivor,"D,E"
osb_hh2_477127614,m-omit_include-90b7ac2f0a,P00_canonical,h,always,"B,C"
osb_hh2_477127614,m-omit_include-90b7ac2f0a,P00_canonical,h/2,if detected at h,"B,C"
osb_hh2_477127614,m-omit_include-90b7ac2f0a,P00_canonical,h/4,if an apparent canonical survivor,"B,C"
osb_hh2_477127614,m-omit_include-90b7ac2f0a,P02_weak_step,h,always,"D,E"
osb_hh2_477127614,m-omit_include-90b7ac2f0a,P02_weak_step,h/2,if detected at h,"D,E"
osb_hh2_477127614,m-omit_include-90b7ac2f0a,P02_weak_step,h/4,if an apparent canonical survivor,"D,E"
osb_hh2_477127614,m-omit_include-90b7ac2f0a,P03_rheobase,h,always,"D,E"
osb_hh2_477127614,m-omit_include-90b7ac2f0a,P03_rheobase,h/2,if detected at h,"D,E"
osb_hh2_477127614,m-omit_include-90b7ac2f0a,P03_rheobase,h/4,if an apparent canonical survivor,"D,E"
osb_hh2_477127614,m-omit_include-90b7ac2f0a,P04_step_2x,h,always,"D,E"
osb_hh2_477127614,m-omit_include-90b7ac2f0a,P04_step_2x,h/2,if detected at h,"D,E"
osb_hh2_477127614,m-omit_include-90b7ac2f0a,P04_step_2x,h/4,if an apparent canonical survivor,"D,E"
osb_hh2_477127614,m-omit_include-90b7ac2f0a,P05_long_step,h,always,"D,E"
osb_hh2_477127614,m-omit_include-90b7ac2f0a,P05_long_step,h/2,if detected at h,"D,E"
osb_hh2_477127614,m-omit_include-90b7ac2f0a,P05_long_step,h/4,if an apparent canonical survivor,"D,E"
osb_hh2_477127614,m-omit_include-90b7ac2f0a,P06_ramp,h,always,"D,E"
osb_hh2_477127614,m-omit_include-90b7ac2f0a,P06_ramp,h/2,if detected at h,"D,E"
osb_hh2_477127614,m-omit_include-90b7ac2f0a,P06_ramp,h/4,if an apparent canonical survivor,"D,E"
osb_hh2_477127614,m-omit_include-90b7ac2f0a,P07_hyperpolarizing_step,h,always,"D,E"
osb_hh2_477127614,m-omit_include-90b7ac2f0a,P07_hyperpolarizing_step,h/2,if detected at h,"D,E"
osb_hh2_477127614,m-omit_include-90b7ac2f0a,P07_hyperpolarizing_step,h/4,if an apparent canonical survivor,"D,E"
osb_hh2_477127614,m-omit_include-90b7ac2f0a,P08_rebound,h,always,"D,E"
osb_hh2_477127614,m-omit_include-90b7ac2f0a,P08_rebound,h/2,if detected at h,"D,E"
osb_hh2_477127614,m-omit_include-90b7ac2f0a,P08_rebound,h/4,if an apparent canonical survivor,"D,E"
osb_hh2_477127614,m-omit_include-90b7ac2f0a,P09_short_pulse,h,always,"D,E"
osb_hh2_477127614,m-omit_include-90b7ac2f0a,P09_short_pulse,h/2,if detected at h,"D,E"
osb_hh2_477127614,m-omit_include-90b7ac2f0a,P09_short_pulse,h/4,if an apparent canonical survivor,"D,E"
osb_hh2_477127614,m-duplicate_conductance-06ea96d790,P00_canonical,h,always,"B,C"
osb_hh2_477127614,m-duplicate_conductance-06ea96d790,P00_canonical,h/2,if detected at h,"B,C"
osb_hh2_477127614,m-duplicate_conductance-06ea96d790,P00_canonical,h/4,if an apparent canonical survivor,"B,C"
osb_hh2_477127614,m-duplicate_conductance-06ea96d790,P02_weak_step,h,always,"D,E"
osb_hh2_477127614,m-duplicate_conductance-06ea96d790,P02_weak_step,h/2,if detected at h,"D,E"
osb_hh2_477127614,m-duplicate_conductance-06ea96d790,P02_weak_step,h/4,if an apparent canonical survivor,"D,E"
osb_hh2_477127614,m-duplicate_conductance-06ea96d790,P03_rheobase,h,always,"D,E"
osb_hh2_477127614,m-duplicate_conductance-06ea96d790,P03_rheobase,h/2,if detected at h,"D,E"
osb_hh2_477127614,m-duplicate_conductance-06ea96d790,P03_rheobase,h/4,if an apparent canonical survivor,"D,E"
osb_hh2_477127614,m-duplicate_conductance-06ea96d790,P04_step_2x,h,always,"D,E"
osb_hh2_477127614,m-duplicate_conductance-06ea96d790,P04_step_2x,h/2,if detected at h,"D,E"
osb_hh2_477127614,m-duplicate_conductance-06ea96d790,P04_step_2x,h/4,if an apparent canonical survivor,"D,E"
osb_hh2_477127614,m-duplicate_conductance-06ea96d790,P05_long_step,h,always,"D,E"
osb_hh2_477127614,m-duplicate_conductance-06ea96d790,P05_long_step,h/2,if detected at h,"D,E"
osb_hh2_477127614,m-duplicate_conductance-06ea96d790,P05_long_step,h/4,if an apparent canonical survivor,"D,E"
osb_hh2_477127614,m-duplicate_conductance-06ea96d790,P06_ramp,h,always,"D,E"
osb_hh2_477127614,m-duplicate_conductance-06ea96d790,P06_ramp,h/2,if detected at h,"D,E"
osb_hh2_477127614,m-duplicate_conductance-06ea96d790,P06_ramp,h/4,if an apparent canonical survivor,"D,E"
osb_hh2_477127614,m-duplicate_conductance-06ea96d790,P07_hyperpolarizing_step,h,always,"D,E"
osb_hh2_477127614,m-duplicate_conductance-06ea96d790,P07_hyperpolarizing_step,h/2,if detected at h,"D,E"
osb_hh2_477127614,m-duplicate_conductance-06ea96d790,P07_hyperpolarizing_step,h/4,if an apparent canonical survivor,"D,E"
osb_hh2_477127614,m-duplicate_conductance-06ea96d790,P08_rebound,h,always,"D,E"
osb_hh2_477127614,m-duplicate_conductance-06ea96d790,P08_rebound,h/2,if detected at h,"D,E"
osb_hh2_477127614,m-duplicate_conductance-06ea96d790,P08_rebound,h/4,if an apparent canonical survivor,"D,E"
osb_hh2_477127614,m-duplicate_conductance-06ea96d790,P09_short_pulse,h,always,"D,E"
osb_hh2_477127614,m-duplicate_conductance-06ea96d790,P09_short_pulse,h/2,if detected at h,"D,E"
osb_hh2_477127614,m-duplicate_conductance-06ea96d790,P09_short_pulse,h/4,if an apparent canonical survivor,"D,E"
osb_hh2_477127614,m-wrong_compatible_component-a12a6658b4,P00_canonical,h,always,"B,C"
osb_hh2_477127614,m-wrong_compatible_component-a12a6658b4,P00_canonical,h/2,if detected at h,"B,C"
osb_hh2_477127614,m-wrong_compatible_component-a12a6658b4,P00_canonical,h/4,if an apparent canonical survivor,"B,C"
osb_hh2_477127614,m-wrong_compatible_component-a12a6658b4,P02_weak_step,h,always,"D,E"
osb_hh2_477127614,m-wrong_compatible_component-a12a6658b4,P02_weak_step,h/2,if detected at h,"D,E"
osb_hh2_477127614,m-wrong_compatible_component-a12a6658b4,P02_weak_step,h/4,if an apparent canonical survivor,"D,E"
osb_hh2_477127614,m-wrong_compatible_component-a12a6658b4,P03_rheobase,h,always,"D,E"
osb_hh2_477127614,m-wrong_compatible_component-a12a6658b4,P03_rheobase,h/2,if detected at h,"D,E"
osb_hh2_477127614,m-wrong_compatible_component-a12a6658b4,P03_rheobase,h/4,if an apparent canonical survivor,"D,E"
osb_hh2_477127614,m-wrong_compatible_component-a12a6658b4,P04_step_2x,h,always,"D,E"
osb_hh2_477127614,m-wrong_compatible_component-a12a6658b4,P04_step_2x,h/2,if detected at h,"D,E"
osb_hh2_477127614,m-wrong_compatible_component-a12a6658b4,P04_step_2x,h/4,if an apparent canonical survivor,"D,E"
osb_hh2_477127614,m-wrong_compatible_component-a12a6658b4,P05_long_step,h,always,"D,E"
osb_hh2_477127614,m-wrong_compatible_component-a12a6658b4,P05_long_step,h/2,if detected at h,"D,E"
osb_hh2_477127614,m-wrong_compatible_component-a12a6658b4,P05_long_step,h/4,if an apparent canonical survivor,"D,E"
osb_hh2_477127614,m-wrong_compatible_component-a12a6658b4,P06_ramp,h,always,"D,E"
osb_hh2_477127614,m-wrong_compatible_component-a12a6658b4,P06_ramp,h/2,if detected at h,"D,E"
osb_hh2_477127614,m-wrong_compatible_component-a12a6658b4,P06_ramp,h/4,if an apparent canonical survivor,"D,E"
osb_hh2_477127614,m-wrong_compatible_component-a12a6658b4,P07_hyperpolarizing_step,h,always,"D,E"
osb_hh2_477127614,m-wrong_compatible_component-a12a6658b4,P07_hyperpolarizing_step,h/2,if detected at h,"D,E"
osb_hh2_477127614,m-wrong_compatible_component-a12a6658b4,P07_hyperpolarizing_step,h/4,if an apparent canonical survivor,"D,E"
osb_hh2_477127614,m-wrong_compatible_component-a12a6658b4,P08_rebound,h,always,"D,E"
osb_hh2_477127614,m-wrong_compatible_component-a12a6658b4,P08_rebound,h/2,if detected at h,"D,E"
osb_hh2_477127614,m-wrong_compatible_component-a12a6658b4,P08_rebound,h/4,if an apparent canonical survivor,"D,E"
osb_hh2_477127614,m-wrong_compatible_component-a12a6658b4,P09_short_pulse,h,always,"D,E"
osb_hh2_477127614,m-wrong_compatible_component-a12a6658b4,P09_short_pulse,h/2,if detected at h,"D,E"
osb_hh2_477127614,m-wrong_compatible_component-a12a6658b4,P09_short_pulse,h/4,if an apparent canonical survivor,"D,E"
osb_hh2_477127614,osb_hh2_477127614__unit_conversion__000,P00_canonical,h,always,"B,C"
osb_hh2_477127614,osb_hh2_477127614__unit_conversion__000,P00_canonical,h/2,if detected at h,"B,C"
osb_hh2_477127614,osb_hh2_477127614__unit_conversion__000,P00_canonical,h/4,if an apparent canonical survivor,"B,C"
osb_hh2_477127614,osb_hh2_477127614__unit_conversion__000,P02_weak_step,h,always,"D,E"
osb_hh2_477127614,osb_hh2_477127614__unit_conversion__000,P02_weak_step,h/2,if detected at h,"D,E"
osb_hh2_477127614,osb_hh2_477127614__unit_conversion__000,P02_weak_step,h/4,if an apparent canonical survivor,"D,E"
osb_hh2_477127614,osb_hh2_477127614__unit_conversion__000,P03_rheobase,h,always,"D,E"
osb_hh2_477127614,osb_hh2_477127614__unit_conversion__000,P03_rheobase,h/2,if detected at h,"D,E"
osb_hh2_477127614,osb_hh2_477127614__unit_conversion__000,P03_rheobase,h/4,if an apparent canonical survivor,"D,E"
osb_hh2_477127614,osb_hh2_477127614__unit_conversion__000,P04_step_2x,h,always,"D,E"
osb_hh2_477127614,osb_hh2_477127614__unit_conversion__000,P04_step_2x,h/2,if detected at h,"D,E"
osb_hh2_477127614,osb_hh2_477127614__unit_conversion__000,P04_step_2x,h/4,if an apparent canonical survivor,"D,E"
osb_hh2_477127614,osb_hh2_477127614__unit_conversion__000,P05_long_step,h,always,"D,E"
osb_hh2_477127614,osb_hh2_477127614__unit_conversion__000,P05_long_step,h/2,if detected at h,"D,E"
osb_hh2_477127614,osb_hh2_477127614__unit_conversion__000,P05_long_step,h/4,if an apparent canonical survivor,"D,E"
osb_hh2_477127614,osb_hh2_477127614__unit_conversion__000,P06_ramp,h,always,"D,E"
osb_hh2_477127614,osb_hh2_477127614__unit_conversion__000,P06_ramp,h/2,if detected at h,"D,E"
osb_hh2_477127614,osb_hh2_477127614__unit_conversion__000,P06_ramp,h/4,if an apparent canonical survivor,"D,E"
osb_hh2_477127614,osb_hh2_477127614__unit_conversion__000,P07_hyperpolarizing_step,h,always,"D,E"
osb_hh2_477127614,osb_hh2_477127614__unit_conversion__000,P07_hyperpolarizing_step,h/2,if detected at h,"D,E"
osb_hh2_477127614,osb_hh2_477127614__unit_conversion__000,P07_hyperpolarizing_step,h/4,if an apparent canonical survivor,"D,E"
osb_hh2_477127614,osb_hh2_477127614__unit_conversion__000,P08_rebound,h,always,"D,E"
osb_hh2_477127614,osb_hh2_477127614__unit_conversion__000,P08_rebound,h/2,if detected at h,"D,E"
osb_hh2_477127614,osb_hh2_477127614__unit_conversion__000,P08_rebound,h/4,if an apparent canonical survivor,"D,E"
osb_hh2_477127614,osb_hh2_477127614__unit_conversion__000,P09_short_pulse,h,always,"D,E"
osb_hh2_477127614,osb_hh2_477127614__unit_conversion__000,P09_short_pulse,h/2,if detected at h,"D,E"
osb_hh2_477127614,osb_hh2_477127614__unit_conversion__000,P09_short_pulse,h/4,if an apparent canonical survivor,"D,E"
osb_hh2_477127614,osb_hh2_477127614__xml_formatting__000,P00_canonical,h,always,"B,C"
osb_hh2_477127614,osb_hh2_477127614__xml_formatting__000,P00_canonical,h/2,if detected at h,"B,C"
osb_hh2_477127614,osb_hh2_477127614__xml_formatting__000,P00_canonical,h/4,if an apparent canonical survivor,"B,C"
osb_hh2_477127614,osb_hh2_477127614__xml_formatting__000,P02_weak_step,h,always,"D,E"
osb_hh2_477127614,osb_hh2_477127614__xml_formatting__000,P02_weak_step,h/2,if detected at h,"D,E"
osb_hh2_477127614,osb_hh2_477127614__xml_formatting__000,P02_weak_step,h/4,if an apparent canonical survivor,"D,E"
osb_hh2_477127614,osb_hh2_477127614__xml_formatting__000,P03_rheobase,h,always,"D,E"
osb_hh2_477127614,osb_hh2_477127614__xml_formatting__000,P03_rheobase,h/2,if detected at h,"D,E"
osb_hh2_477127614,osb_hh2_477127614__xml_formatting__000,P03_rheobase,h/4,if an apparent canonical survivor,"D,E"
osb_hh2_477127614,osb_hh2_477127614__xml_formatting__000,P04_step_2x,h,always,"D,E"
osb_hh2_477127614,osb_hh2_477127614__xml_formatting__000,P04_step_2x,h/2,if detected at h,"D,E"
osb_hh2_477127614,osb_hh2_477127614__xml_formatting__000,P04_step_2x,h/4,if an apparent canonical survivor,"D,E"
osb_hh2_477127614,osb_hh2_477127614__xml_formatting__000,P05_long_step,h,always,"D,E"
osb_hh2_477127614,osb_hh2_477127614__xml_formatting__000,P05_long_step,h/2,if detected at h,"D,E"
osb_hh2_477127614,osb_hh2_477127614__xml_formatting__000,P05_long_step,h/4,if an apparent canonical survivor,"D,E"
osb_hh2_477127614,osb_hh2_477127614__xml_formatting__000,P06_ramp,h,always,"D,E"
osb_hh2_477127614,osb_hh2_477127614__xml_formatting__000,P06_ramp,h/2,if detected at h,"D,E"
osb_hh2_477127614,osb_hh2_477127614__xml_formatting__000,P06_ramp,h/4,if an apparent canonical survivor,"D,E"
osb_hh2_477127614,osb_hh2_477127614__xml_formatting__000,P07_hyperpolarizing_step,h,always,"D,E"
osb_hh2_477127614,osb_hh2_477127614__xml_formatting__000,P07_hyperpolarizing_step,h/2,if detected at h,"D,E"
osb_hh2_477127614,osb_hh2_477127614__xml_formatting__000,P07_hyperpolarizing_step,h/4,if an apparent canonical survivor,"D,E"
osb_hh2_477127614,osb_hh2_477127614__xml_formatting__000,P08_rebound,h,always,"D,E"
osb_hh2_477127614,osb_hh2_477127614__xml_formatting__000,P08_rebound,h/2,if detected at h,"D,E"
osb_hh2_477127614,osb_hh2_477127614__xml_formatting__000,P08_rebound,h/4,if an apparent canonical survivor,"D,E"
osb_hh2_477127614,osb_hh2_477127614__xml_formatting__000,P09_short_pulse,h,always,"D,E"
osb_hh2_477127614,osb_hh2_477127614__xml_formatting__000,P09_short_pulse,h/2,if detected at h,"D,E"
osb_hh2_477127614,osb_hh2_477127614__xml_formatting__000,P09_short_pulse,h/4,if an apparent canonical survivor,"D,E"
osb_hh2_477127614,osb_hh2_477127614__add_comments__000,P00_canonical,h,always,"B,C"
osb_hh2_477127614,osb_hh2_477127614__add_comments__000,P00_canonical,h/2,if detected at h,"B,C"
osb_hh2_477127614,osb_hh2_477127614__add_comments__000,P00_canonical,h/4,if an apparent canonical survivor,"B,C"
osb_hh2_477127614,osb_hh2_477127614__add_comments__000,P02_weak_step,h,always,"D,E"
osb_hh2_477127614,osb_hh2_477127614__add_comments__000,P02_weak_step,h/2,if detected at h,"D,E"
osb_hh2_477127614,osb_hh2_477127614__add_comments__000,P02_weak_step,h/4,if an apparent canonical survivor,"D,E"
osb_hh2_477127614,osb_hh2_477127614__add_comments__000,P03_rheobase,h,always,"D,E"
osb_hh2_477127614,osb_hh2_477127614__add_comments__000,P03_rheobase,h/2,if detected at h,"D,E"
osb_hh2_477127614,osb_hh2_477127614__add_comments__000,P03_rheobase,h/4,if an apparent canonical survivor,"D,E"
osb_hh2_477127614,osb_hh2_477127614__add_comments__000,P04_step_2x,h,always,"D,E"
osb_hh2_477127614,osb_hh2_477127614__add_comments__000,P04_step_2x,h/2,if detected at h,"D,E"
osb_hh2_477127614,osb_hh2_477127614__add_comments__000,P04_step_2x,h/4,if an apparent canonical survivor,"D,E"
osb_hh2_477127614,osb_hh2_477127614__add_comments__000,P05_long_step,h,always,"D,E"
osb_hh2_477127614,osb_hh2_477127614__add_comments__000,P05_long_step,h/2,if detected at h,"D,E"
osb_hh2_477127614,osb_hh2_477127614__add_comments__000,P05_long_step,h/4,if an apparent canonical survivor,"D,E"
osb_hh2_477127614,osb_hh2_477127614__add_comments__000,P06_ramp,h,always,"D,E"
osb_hh2_477127614,osb_hh2_477127614__add_comments__000,P06_ramp,h/2,if detected at h,"D,E"
osb_hh2_477127614,osb_hh2_477127614__add_comments__000,P06_ramp,h/4,if an apparent canonical survivor,"D,E"
osb_hh2_477127614,osb_hh2_477127614__add_comments__000,P07_hyperpolarizing_step,h,always,"D,E"
osb_hh2_477127614,osb_hh2_477127614__add_comments__000,P07_hyperpolarizing_step,h/2,if detected at h,"D,E"
osb_hh2_477127614,osb_hh2_477127614__add_comments__000,P07_hyperpolarizing_step,h/4,if an apparent canonical survivor,"D,E"
osb_hh2_477127614,osb_hh2_477127614__add_comments__000,P08_rebound,h,always,"D,E"
osb_hh2_477127614,osb_hh2_477127614__add_comments__000,P08_rebound,h/2,if detected at h,"D,E"
osb_hh2_477127614,osb_hh2_477127614__add_comments__000,P08_rebound,h/4,if an apparent canonical survivor,"D,E"
osb_hh2_477127614,osb_hh2_477127614__add_comments__000,P09_short_pulse,h,always,"D,E"
osb_hh2_477127614,osb_hh2_477127614__add_comments__000,P09_short_pulse,h/2,if detected at h,"D,E"
osb_hh2_477127614,osb_hh2_477127614__add_comments__000,P09_short_pulse,h/4,if an apparent canonical survivor,"D,E"
osb_hh2_477127614,osb_hh2_477127614__numeric_literal_format__000,P00_canonical,h,always,"B,C"
osb_hh2_477127614,osb_hh2_477127614__numeric_literal_format__000,P00_canonical,h/2,if detected at h,"B,C"
osb_hh2_477127614,osb_hh2_477127614__numeric_literal_format__000,P00_canonical,h/4,if an apparent canonical survivor,"B,C"
osb_hh2_477127614,osb_hh2_477127614__numeric_literal_format__000,P02_weak_step,h,always,"D,E"
osb_hh2_477127614,osb_hh2_477127614__numeric_literal_format__000,P02_weak_step,h/2,if detected at h,"D,E"
osb_hh2_477127614,osb_hh2_477127614__numeric_literal_format__000,P02_weak_step,h/4,if an apparent canonical survivor,"D,E"
osb_hh2_477127614,osb_hh2_477127614__numeric_literal_format__000,P03_rheobase,h,always,"D,E"
osb_hh2_477127614,osb_hh2_477127614__numeric_literal_format__000,P03_rheobase,h/2,if detected at h,"D,E"
osb_hh2_477127614,osb_hh2_477127614__numeric_literal_format__000,P03_rheobase,h/4,if an apparent canonical survivor,"D,E"
osb_hh2_477127614,osb_hh2_477127614__numeric_literal_format__000,P04_step_2x,h,always,"D,E"
osb_hh2_477127614,osb_hh2_477127614__numeric_literal_format__000,P04_step_2x,h/2,if detected at h,"D,E"
osb_hh2_477127614,osb_hh2_477127614__numeric_literal_format__000,P04_step_2x,h/4,if an apparent canonical survivor,"D,E"
osb_hh2_477127614,osb_hh2_477127614__numeric_literal_format__000,P05_long_step,h,always,"D,E"
osb_hh2_477127614,osb_hh2_477127614__numeric_literal_format__000,P05_long_step,h/2,if detected at h,"D,E"
osb_hh2_477127614,osb_hh2_477127614__numeric_literal_format__000,P05_long_step,h/4,if an apparent canonical survivor,"D,E"
osb_hh2_477127614,osb_hh2_477127614__numeric_literal_format__000,P06_ramp,h,always,"D,E"
osb_hh2_477127614,osb_hh2_477127614__numeric_literal_format__000,P06_ramp,h/2,if detected at h,"D,E"
osb_hh2_477127614,osb_hh2_477127614__numeric_literal_format__000,P06_ramp,h/4,if an apparent canonical survivor,"D,E"
osb_hh2_477127614,osb_hh2_477127614__numeric_literal_format__000,P07_hyperpolarizing_step,h,always,"D,E"
osb_hh2_477127614,osb_hh2_477127614__numeric_literal_format__000,P07_hyperpolarizing_step,h/2,if detected at h,"D,E"
osb_hh2_477127614,osb_hh2_477127614__numeric_literal_format__000,P07_hyperpolarizing_step,h/4,if an apparent canonical survivor,"D,E"
osb_hh2_477127614,osb_hh2_477127614__numeric_literal_format__000,P08_rebound,h,always,"D,E"
osb_hh2_477127614,osb_hh2_477127614__numeric_literal_format__000,P08_rebound,h/2,if detected at h,"D,E"
osb_hh2_477127614,osb_hh2_477127614__numeric_literal_format__000,P08_rebound,h/4,if an apparent canonical survivor,"D,E"
osb_hh2_477127614,osb_hh2_477127614__numeric_literal_format__000,P09_short_pulse,h,always,"D,E"
osb_hh2_477127614,osb_hh2_477127614__numeric_literal_format__000,P09_short_pulse,h/2,if detected at h,"D,E"
osb_hh2_477127614,osb_hh2_477127614__numeric_literal_format__000,P09_short_pulse,h/4,if an apparent canonical survivor,"D,E"
osb_hh2_477127614,osb_hh2_477127614__rename_identifier__000,P00_canonical,h,always,"B,C"
osb_hh2_477127614,osb_hh2_477127614__rename_identifier__000,P00_canonical,h/2,if detected at h,"B,C"
osb_hh2_477127614,osb_hh2_477127614__rename_identifier__000,P00_canonical,h/4,if an apparent canonical survivor,"B,C"
osb_hh2_477127614,osb_hh2_477127614__rename_identifier__000,P02_weak_step,h,always,"D,E"
osb_hh2_477127614,osb_hh2_477127614__rename_identifier__000,P02_weak_step,h/2,if detected at h,"D,E"
osb_hh2_477127614,osb_hh2_477127614__rename_identifier__000,P02_weak_step,h/4,if an apparent canonical survivor,"D,E"
osb_hh2_477127614,osb_hh2_477127614__rename_identifier__000,P03_rheobase,h,always,"D,E"
osb_hh2_477127614,osb_hh2_477127614__rename_identifier__000,P03_rheobase,h/2,if detected at h,"D,E"
osb_hh2_477127614,osb_hh2_477127614__rename_identifier__000,P03_rheobase,h/4,if an apparent canonical survivor,"D,E"
osb_hh2_477127614,osb_hh2_477127614__rename_identifier__000,P04_step_2x,h,always,"D,E"
osb_hh2_477127614,osb_hh2_477127614__rename_identifier__000,P04_step_2x,h/2,if detected at h,"D,E"
osb_hh2_477127614,osb_hh2_477127614__rename_identifier__000,P04_step_2x,h/4,if an apparent canonical survivor,"D,E"
osb_hh2_477127614,osb_hh2_477127614__rename_identifier__000,P05_long_step,h,always,"D,E"
osb_hh2_477127614,osb_hh2_477127614__rename_identifier__000,P05_long_step,h/2,if detected at h,"D,E"
osb_hh2_477127614,osb_hh2_477127614__rename_identifier__000,P05_long_step,h/4,if an apparent canonical survivor,"D,E"
osb_hh2_477127614,osb_hh2_477127614__rename_identifier__000,P06_ramp,h,always,"D,E"
osb_hh2_477127614,osb_hh2_477127614__rename_identifier__000,P06_ramp,h/2,if detected at h,"D,E"
osb_hh2_477127614,osb_hh2_477127614__rename_identifier__000,P06_ramp,h/4,if an apparent canonical survivor,"D,E"
osb_hh2_477127614,osb_hh2_477127614__rename_identifier__000,P07_hyperpolarizing_step,h,always,"D,E"
osb_hh2_477127614,osb_hh2_477127614__rename_identifier__000,P07_hyperpolarizing_step,h/2,if detected at h,"D,E"
osb_hh2_477127614,osb_hh2_477127614__rename_identifier__000,P07_hyperpolarizing_step,h/4,if an apparent canonical survivor,"D,E"
osb_hh2_477127614,osb_hh2_477127614__rename_identifier__000,P08_rebound,h,always,"D,E"
osb_hh2_477127614,osb_hh2_477127614__rename_identifier__000,P08_rebound,h/2,if detected at h,"D,E"
osb_hh2_477127614,osb_hh2_477127614__rename_identifier__000,P08_rebound,h/4,if an apparent canonical survivor,"D,E"
osb_hh2_477127614,osb_hh2_477127614__rename_identifier__000,P09_short_pulse,h,always,"D,E"
osb_hh2_477127614,osb_hh2_477127614__rename_identifier__000,P09_short_pulse,h/2,if detected at h,"D,E"
osb_hh2_477127614,osb_hh2_477127614__rename_identifier__000,P09_short_pulse,h/4,if an apparent canonical survivor,"D,E"
osb_hh2_477127614,osb_hh2_477127614__factor_file__000,P00_canonical,h,always,"B,C"
osb_hh2_477127614,osb_hh2_477127614__factor_file__000,P00_canonical,h/2,if detected at h,"B,C"
osb_hh2_477127614,osb_hh2_477127614__factor_file__000,P00_canonical,h/4,if an apparent canonical survivor,"B,C"
osb_hh2_477127614,osb_hh2_477127614__factor_file__000,P02_weak_step,h,always,"D,E"
osb_hh2_477127614,osb_hh2_477127614__factor_file__000,P02_weak_step,h/2,if detected at h,"D,E"
osb_hh2_477127614,osb_hh2_477127614__factor_file__000,P02_weak_step,h/4,if an apparent canonical survivor,"D,E"
osb_hh2_477127614,osb_hh2_477127614__factor_file__000,P03_rheobase,h,always,"D,E"
osb_hh2_477127614,osb_hh2_477127614__factor_file__000,P03_rheobase,h/2,if detected at h,"D,E"
osb_hh2_477127614,osb_hh2_477127614__factor_file__000,P03_rheobase,h/4,if an apparent canonical survivor,"D,E"
osb_hh2_477127614,osb_hh2_477127614__factor_file__000,P04_step_2x,h,always,"D,E"
osb_hh2_477127614,osb_hh2_477127614__factor_file__000,P04_step_2x,h/2,if detected at h,"D,E"
osb_hh2_477127614,osb_hh2_477127614__factor_file__000,P04_step_2x,h/4,if an apparent canonical survivor,"D,E"
osb_hh2_477127614,osb_hh2_477127614__factor_file__000,P05_long_step,h,always,"D,E"
osb_hh2_477127614,osb_hh2_477127614__factor_file__000,P05_long_step,h/2,if detected at h,"D,E"
osb_hh2_477127614,osb_hh2_477127614__factor_file__000,P05_long_step,h/4,if an apparent canonical survivor,"D,E"
osb_hh2_477127614,osb_hh2_477127614__factor_file__000,P06_ramp,h,always,"D,E"
osb_hh2_477127614,osb_hh2_477127614__factor_file__000,P06_ramp,h/2,if detected at h,"D,E"
osb_hh2_477127614,osb_hh2_477127614__factor_file__000,P06_ramp,h/4,if an apparent canonical survivor,"D,E"
osb_hh2_477127614,osb_hh2_477127614__factor_file__000,P07_hyperpolarizing_step,h,always,"D,E"
osb_hh2_477127614,osb_hh2_477127614__factor_file__000,P07_hyperpolarizing_step,h/2,if detected at h,"D,E"
osb_hh2_477127614,osb_hh2_477127614__factor_file__000,P07_hyperpolarizing_step,h/4,if an apparent canonical survivor,"D,E"
osb_hh2_477127614,osb_hh2_477127614__factor_file__000,P08_rebound,h,always,"D,E"
osb_hh2_477127614,osb_hh2_477127614__factor_file__000,P08_rebound,h/2,if detected at h,"D,E"
osb_hh2_477127614,osb_hh2_477127614__factor_file__000,P08_rebound,h/4,if an apparent canonical survivor,"D,E"
osb_hh2_477127614,osb_hh2_477127614__factor_file__000,P09_short_pulse,h,always,"D,E"
osb_hh2_477127614,osb_hh2_477127614__factor_file__000,P09_short_pulse,h/2,if detected at h,"D,E"
osb_hh2_477127614,osb_hh2_477127614__factor_file__000,P09_short_pulse,h/4,if an apparent canonical survivor,"D,E"
osb_hh2_477127614,osb_hh2_477127614__reorder_independent__000,P00_canonical,h,always,"B,C"
osb_hh2_477127614,osb_hh2_477127614__reorder_independent__000,P00_canonical,h/2,if detected at h,"B,C"
osb_hh2_477127614,osb_hh2_477127614__reorder_independent__000,P00_canonical,h/4,if an apparent canonical survivor,"B,C"
osb_hh2_477127614,osb_hh2_477127614__reorder_independent__000,P02_weak_step,h,always,"D,E"
osb_hh2_477127614,osb_hh2_477127614__reorder_independent__000,P02_weak_step,h/2,if detected at h,"D,E"
osb_hh2_477127614,osb_hh2_477127614__reorder_independent__000,P02_weak_step,h/4,if an apparent canonical survivor,"D,E"
osb_hh2_477127614,osb_hh2_477127614__reorder_independent__000,P03_rheobase,h,always,"D,E"
osb_hh2_477127614,osb_hh2_477127614__reorder_independent__000,P03_rheobase,h/2,if detected at h,"D,E"
osb_hh2_477127614,osb_hh2_477127614__reorder_independent__000,P03_rheobase,h/4,if an apparent canonical survivor,"D,E"
osb_hh2_477127614,osb_hh2_477127614__reorder_independent__000,P04_step_2x,h,always,"D,E"
osb_hh2_477127614,osb_hh2_477127614__reorder_independent__000,P04_step_2x,h/2,if detected at h,"D,E"
osb_hh2_477127614,osb_hh2_477127614__reorder_independent__000,P04_step_2x,h/4,if an apparent canonical survivor,"D,E"
osb_hh2_477127614,osb_hh2_477127614__reorder_independent__000,P05_long_step,h,always,"D,E"
osb_hh2_477127614,osb_hh2_477127614__reorder_independent__000,P05_long_step,h/2,if detected at h,"D,E"
osb_hh2_477127614,osb_hh2_477127614__reorder_independent__000,P05_long_step,h/4,if an apparent canonical survivor,"D,E"
osb_hh2_477127614,osb_hh2_477127614__reorder_independent__000,P06_ramp,h,always,"D,E"
osb_hh2_477127614,osb_hh2_477127614__reorder_independent__000,P06_ramp,h/2,if detected at h,"D,E"
osb_hh2_477127614,osb_hh2_477127614__reorder_independent__000,P06_ramp,h/4,if an apparent canonical survivor,"D,E"
osb_hh2_477127614,osb_hh2_477127614__reorder_independent__000,P07_hyperpolarizing_step,h,always,"D,E"
osb_hh2_477127614,osb_hh2_477127614__reorder_independent__000,P07_hyperpolarizing_step,h/2,if detected at h,"D,E"
osb_hh2_477127614,osb_hh2_477127614__reorder_independent__000,P07_hyperpolarizing_step,h/4,if an apparent canonical survivor,"D,E"
osb_hh2_477127614,osb_hh2_477127614__reorder_independent__000,P08_rebound,h,always,"D,E"
osb_hh2_477127614,osb_hh2_477127614__reorder_independent__000,P08_rebound,h/2,if detected at h,"D,E"
osb_hh2_477127614,osb_hh2_477127614__reorder_independent__000,P08_rebound,h/4,if an apparent canonical survivor,"D,E"
osb_hh2_477127614,osb_hh2_477127614__reorder_independent__000,P09_short_pulse,h,always,"D,E"
osb_hh2_477127614,osb_hh2_477127614__reorder_independent__000,P09_short_pulse,h/2,if detected at h,"D,E"
osb_hh2_477127614,osb_hh2_477127614__reorder_independent__000,P09_short_pulse,h/4,if an apparent canonical survivor,"D,E"
osb_hh2_477127614,osb_hh2_477127614__explicit_default__000,P00_canonical,h,always,"B,C"
osb_hh2_477127614,osb_hh2_477127614__explicit_default__000,P00_canonical,h/2,if detected at h,"B,C"
osb_hh2_477127614,osb_hh2_477127614__explicit_default__000,P00_canonical,h/4,if an apparent canonical survivor,"B,C"
osb_hh2_477127614,osb_hh2_477127614__explicit_default__000,P02_weak_step,h,always,"D,E"
osb_hh2_477127614,osb_hh2_477127614__explicit_default__000,P02_weak_step,h/2,if detected at h,"D,E"
osb_hh2_477127614,osb_hh2_477127614__explicit_default__000,P02_weak_step,h/4,if an apparent canonical survivor,"D,E"
osb_hh2_477127614,osb_hh2_477127614__explicit_default__000,P03_rheobase,h,always,"D,E"
osb_hh2_477127614,osb_hh2_477127614__explicit_default__000,P03_rheobase,h/2,if detected at h,"D,E"
osb_hh2_477127614,osb_hh2_477127614__explicit_default__000,P03_rheobase,h/4,if an apparent canonical survivor,"D,E"
osb_hh2_477127614,osb_hh2_477127614__explicit_default__000,P04_step_2x,h,always,"D,E"
osb_hh2_477127614,osb_hh2_477127614__explicit_default__000,P04_step_2x,h/2,if detected at h,"D,E"
osb_hh2_477127614,osb_hh2_477127614__explicit_default__000,P04_step_2x,h/4,if an apparent canonical survivor,"D,E"
osb_hh2_477127614,osb_hh2_477127614__explicit_default__000,P05_long_step,h,always,"D,E"
osb_hh2_477127614,osb_hh2_477127614__explicit_default__000,P05_long_step,h/2,if detected at h,"D,E"
osb_hh2_477127614,osb_hh2_477127614__explicit_default__000,P05_long_step,h/4,if an apparent canonical survivor,"D,E"
osb_hh2_477127614,osb_hh2_477127614__explicit_default__000,P06_ramp,h,always,"D,E"
osb_hh2_477127614,osb_hh2_477127614__explicit_default__000,P06_ramp,h/2,if detected at h,"D,E"
osb_hh2_477127614,osb_hh2_477127614__explicit_default__000,P06_ramp,h/4,if an apparent canonical survivor,"D,E"
osb_hh2_477127614,osb_hh2_477127614__explicit_default__000,P07_hyperpolarizing_step,h,always,"D,E"
osb_hh2_477127614,osb_hh2_477127614__explicit_default__000,P07_hyperpolarizing_step,h/2,if detected at h,"D,E"
osb_hh2_477127614,osb_hh2_477127614__explicit_default__000,P07_hyperpolarizing_step,h/4,if an apparent canonical survivor,"D,E"
osb_hh2_477127614,osb_hh2_477127614__explicit_default__000,P08_rebound,h,always,"D,E"
osb_hh2_477127614,osb_hh2_477127614__explicit_default__000,P08_rebound,h/2,if detected at h,"D,E"
osb_hh2_477127614,osb_hh2_477127614__explicit_default__000,P08_rebound,h/4,if an apparent canonical survivor,"D,E"
osb_hh2_477127614,osb_hh2_477127614__explicit_default__000,P09_short_pulse,h,always,"D,E"
osb_hh2_477127614,osb_hh2_477127614__explicit_default__000,P09_short_pulse,h/2,if detected at h,"D,E"
osb_hh2_477127614,osb_hh2_477127614__explicit_default__000,P09_short_pulse,h/4,if an apparent canonical survivor,"D,E"
pospischil2008_fs,m-scale_conductance-8d921084f4,P00_canonical,h,always,"B,C"
pospischil2008_fs,m-scale_conductance-8d921084f4,P00_canonical,h/2,if detected at h,"B,C"
pospischil2008_fs,m-scale_conductance-8d921084f4,P00_canonical,h/4,if an apparent canonical survivor,"B,C"
pospischil2008_fs,m-scale_conductance-8d921084f4,P02_weak_step,h,always,"D,E"
pospischil2008_fs,m-scale_conductance-8d921084f4,P02_weak_step,h/2,if detected at h,"D,E"
pospischil2008_fs,m-scale_conductance-8d921084f4,P02_weak_step,h/4,if an apparent canonical survivor,"D,E"
pospischil2008_fs,m-scale_conductance-8d921084f4,P03_rheobase,h,always,"D,E"
pospischil2008_fs,m-scale_conductance-8d921084f4,P03_rheobase,h/2,if detected at h,"D,E"
pospischil2008_fs,m-scale_conductance-8d921084f4,P03_rheobase,h/4,if an apparent canonical survivor,"D,E"
pospischil2008_fs,m-scale_conductance-8d921084f4,P04_step_2x,h,always,"D,E"
pospischil2008_fs,m-scale_conductance-8d921084f4,P04_step_2x,h/2,if detected at h,"D,E"
pospischil2008_fs,m-scale_conductance-8d921084f4,P04_step_2x,h/4,if an apparent canonical survivor,"D,E"
pospischil2008_fs,m-scale_conductance-8d921084f4,P05_long_step,h,always,"D,E"
pospischil2008_fs,m-scale_conductance-8d921084f4,P05_long_step,h/2,if detected at h,"D,E"
pospischil2008_fs,m-scale_conductance-8d921084f4,P05_long_step,h/4,if an apparent canonical survivor,"D,E"
pospischil2008_fs,m-scale_conductance-8d921084f4,P06_ramp,h,always,"D,E"
pospischil2008_fs,m-scale_conductance-8d921084f4,P06_ramp,h/2,if detected at h,"D,E"
pospischil2008_fs,m-scale_conductance-8d921084f4,P06_ramp,h/4,if an apparent canonical survivor,"D,E"
pospischil2008_fs,m-scale_conductance-8d921084f4,P07_hyperpolarizing_step,h,always,"D,E"
pospischil2008_fs,m-scale_conductance-8d921084f4,P07_hyperpolarizing_step,h/2,if detected at h,"D,E"
pospischil2008_fs,m-scale_conductance-8d921084f4,P07_hyperpolarizing_step,h/4,if an apparent canonical survivor,"D,E"
pospischil2008_fs,m-scale_conductance-8d921084f4,P08_rebound,h,always,"D,E"
pospischil2008_fs,m-scale_conductance-8d921084f4,P08_rebound,h/2,if detected at h,"D,E"
pospischil2008_fs,m-scale_conductance-8d921084f4,P08_rebound,h/4,if an apparent canonical survivor,"D,E"
pospischil2008_fs,m-scale_conductance-8d921084f4,P09_short_pulse,h,always,"D,E"
pospischil2008_fs,m-scale_conductance-8d921084f4,P09_short_pulse,h/2,if detected at h,"D,E"
pospischil2008_fs,m-scale_conductance-8d921084f4,P09_short_pulse,h/4,if an apparent canonical survivor,"D,E"
pospischil2008_fs,m-scale_conductance-b734d01a94,P00_canonical,h,always,"B,C"
pospischil2008_fs,m-scale_conductance-b734d01a94,P00_canonical,h/2,if detected at h,"B,C"
pospischil2008_fs,m-scale_conductance-b734d01a94,P00_canonical,h/4,if an apparent canonical survivor,"B,C"
pospischil2008_fs,m-scale_conductance-b734d01a94,P02_weak_step,h,always,"D,E"
pospischil2008_fs,m-scale_conductance-b734d01a94,P02_weak_step,h/2,if detected at h,"D,E"
pospischil2008_fs,m-scale_conductance-b734d01a94,P02_weak_step,h/4,if an apparent canonical survivor,"D,E"
pospischil2008_fs,m-scale_conductance-b734d01a94,P03_rheobase,h,always,"D,E"
pospischil2008_fs,m-scale_conductance-b734d01a94,P03_rheobase,h/2,if detected at h,"D,E"
pospischil2008_fs,m-scale_conductance-b734d01a94,P03_rheobase,h/4,if an apparent canonical survivor,"D,E"
pospischil2008_fs,m-scale_conductance-b734d01a94,P04_step_2x,h,always,"D,E"
pospischil2008_fs,m-scale_conductance-b734d01a94,P04_step_2x,h/2,if detected at h,"D,E"
pospischil2008_fs,m-scale_conductance-b734d01a94,P04_step_2x,h/4,if an apparent canonical survivor,"D,E"
pospischil2008_fs,m-scale_conductance-b734d01a94,P05_long_step,h,always,"D,E"
pospischil2008_fs,m-scale_conductance-b734d01a94,P05_long_step,h/2,if detected at h,"D,E"
pospischil2008_fs,m-scale_conductance-b734d01a94,P05_long_step,h/4,if an apparent canonical survivor,"D,E"
pospischil2008_fs,m-scale_conductance-b734d01a94,P06_ramp,h,always,"D,E"
pospischil2008_fs,m-scale_conductance-b734d01a94,P06_ramp,h/2,if detected at h,"D,E"
pospischil2008_fs,m-scale_conductance-b734d01a94,P06_ramp,h/4,if an apparent canonical survivor,"D,E"
pospischil2008_fs,m-scale_conductance-b734d01a94,P07_hyperpolarizing_step,h,always,"D,E"
pospischil2008_fs,m-scale_conductance-b734d01a94,P07_hyperpolarizing_step,h/2,if detected at h,"D,E"
pospischil2008_fs,m-scale_conductance-b734d01a94,P07_hyperpolarizing_step,h/4,if an apparent canonical survivor,"D,E"
pospischil2008_fs,m-scale_conductance-b734d01a94,P08_rebound,h,always,"D,E"
pospischil2008_fs,m-scale_conductance-b734d01a94,P08_rebound,h/2,if detected at h,"D,E"
pospischil2008_fs,m-scale_conductance-b734d01a94,P08_rebound,h/4,if an apparent canonical survivor,"D,E"
pospischil2008_fs,m-scale_conductance-b734d01a94,P09_short_pulse,h,always,"D,E"
pospischil2008_fs,m-scale_conductance-b734d01a94,P09_short_pulse,h/2,if detected at h,"D,E"
pospischil2008_fs,m-scale_conductance-b734d01a94,P09_short_pulse,h/4,if an apparent canonical survivor,"D,E"
pospischil2008_fs,m-scale_conductance-10ff293ca8,P00_canonical,h,always,"B,C"
pospischil2008_fs,m-scale_conductance-10ff293ca8,P00_canonical,h/2,if detected at h,"B,C"
pospischil2008_fs,m-scale_conductance-10ff293ca8,P00_canonical,h/4,if an apparent canonical survivor,"B,C"
pospischil2008_fs,m-scale_conductance-10ff293ca8,P02_weak_step,h,always,"D,E"
pospischil2008_fs,m-scale_conductance-10ff293ca8,P02_weak_step,h/2,if detected at h,"D,E"
pospischil2008_fs,m-scale_conductance-10ff293ca8,P02_weak_step,h/4,if an apparent canonical survivor,"D,E"
pospischil2008_fs,m-scale_conductance-10ff293ca8,P03_rheobase,h,always,"D,E"
pospischil2008_fs,m-scale_conductance-10ff293ca8,P03_rheobase,h/2,if detected at h,"D,E"
pospischil2008_fs,m-scale_conductance-10ff293ca8,P03_rheobase,h/4,if an apparent canonical survivor,"D,E"
pospischil2008_fs,m-scale_conductance-10ff293ca8,P04_step_2x,h,always,"D,E"
pospischil2008_fs,m-scale_conductance-10ff293ca8,P04_step_2x,h/2,if detected at h,"D,E"
pospischil2008_fs,m-scale_conductance-10ff293ca8,P04_step_2x,h/4,if an apparent canonical survivor,"D,E"
pospischil2008_fs,m-scale_conductance-10ff293ca8,P05_long_step,h,always,"D,E"
pospischil2008_fs,m-scale_conductance-10ff293ca8,P05_long_step,h/2,if detected at h,"D,E"
pospischil2008_fs,m-scale_conductance-10ff293ca8,P05_long_step,h/4,if an apparent canonical survivor,"D,E"
pospischil2008_fs,m-scale_conductance-10ff293ca8,P06_ramp,h,always,"D,E"
pospischil2008_fs,m-scale_conductance-10ff293ca8,P06_ramp,h/2,if detected at h,"D,E"
pospischil2008_fs,m-scale_conductance-10ff293ca8,P06_ramp,h/4,if an apparent canonical survivor,"D,E"
pospischil2008_fs,m-scale_conductance-10ff293ca8,P07_hyperpolarizing_step,h,always,"D,E"
pospischil2008_fs,m-scale_conductance-10ff293ca8,P07_hyperpolarizing_step,h/2,if detected at h,"D,E"
pospischil2008_fs,m-scale_conductance-10ff293ca8,P07_hyperpolarizing_step,h/4,if an apparent canonical survivor,"D,E"
pospischil2008_fs,m-scale_conductance-10ff293ca8,P08_rebound,h,always,"D,E"
pospischil2008_fs,m-scale_conductance-10ff293ca8,P08_rebound,h/2,if detected at h,"D,E"
pospischil2008_fs,m-scale_conductance-10ff293ca8,P08_rebound,h/4,if an apparent canonical survivor,"D,E"
pospischil2008_fs,m-scale_conductance-10ff293ca8,P09_short_pulse,h,always,"D,E"
pospischil2008_fs,m-scale_conductance-10ff293ca8,P09_short_pulse,h/2,if detected at h,"D,E"
pospischil2008_fs,m-scale_conductance-10ff293ca8,P09_short_pulse,h/4,if an apparent canonical survivor,"D,E"
pospischil2008_fs,m-scale_conductance-2c1b980b1d,P00_canonical,h,always,"B,C"
pospischil2008_fs,m-scale_conductance-2c1b980b1d,P00_canonical,h/2,if detected at h,"B,C"
pospischil2008_fs,m-scale_conductance-2c1b980b1d,P00_canonical,h/4,if an apparent canonical survivor,"B,C"
pospischil2008_fs,m-scale_conductance-2c1b980b1d,P02_weak_step,h,always,"D,E"
pospischil2008_fs,m-scale_conductance-2c1b980b1d,P02_weak_step,h/2,if detected at h,"D,E"
pospischil2008_fs,m-scale_conductance-2c1b980b1d,P02_weak_step,h/4,if an apparent canonical survivor,"D,E"
pospischil2008_fs,m-scale_conductance-2c1b980b1d,P03_rheobase,h,always,"D,E"
pospischil2008_fs,m-scale_conductance-2c1b980b1d,P03_rheobase,h/2,if detected at h,"D,E"
pospischil2008_fs,m-scale_conductance-2c1b980b1d,P03_rheobase,h/4,if an apparent canonical survivor,"D,E"
pospischil2008_fs,m-scale_conductance-2c1b980b1d,P04_step_2x,h,always,"D,E"
pospischil2008_fs,m-scale_conductance-2c1b980b1d,P04_step_2x,h/2,if detected at h,"D,E"
pospischil2008_fs,m-scale_conductance-2c1b980b1d,P04_step_2x,h/4,if an apparent canonical survivor,"D,E"
pospischil2008_fs,m-scale_conductance-2c1b980b1d,P05_long_step,h,always,"D,E"
pospischil2008_fs,m-scale_conductance-2c1b980b1d,P05_long_step,h/2,if detected at h,"D,E"
pospischil2008_fs,m-scale_conductance-2c1b980b1d,P05_long_step,h/4,if an apparent canonical survivor,"D,E"
pospischil2008_fs,m-scale_conductance-2c1b980b1d,P06_ramp,h,always,"D,E"
pospischil2008_fs,m-scale_conductance-2c1b980b1d,P06_ramp,h/2,if detected at h,"D,E"
pospischil2008_fs,m-scale_conductance-2c1b980b1d,P06_ramp,h/4,if an apparent canonical survivor,"D,E"
pospischil2008_fs,m-scale_conductance-2c1b980b1d,P07_hyperpolarizing_step,h,always,"D,E"
pospischil2008_fs,m-scale_conductance-2c1b980b1d,P07_hyperpolarizing_step,h/2,if detected at h,"D,E"
pospischil2008_fs,m-scale_conductance-2c1b980b1d,P07_hyperpolarizing_step,h/4,if an apparent canonical survivor,"D,E"
pospischil2008_fs,m-scale_conductance-2c1b980b1d,P08_rebound,h,always,"D,E"
pospischil2008_fs,m-scale_conductance-2c1b980b1d,P08_rebound,h/2,if detected at h,"D,E"
pospischil2008_fs,m-scale_conductance-2c1b980b1d,P08_rebound,h/4,if an apparent canonical survivor,"D,E"
pospischil2008_fs,m-scale_conductance-2c1b980b1d,P09_short_pulse,h,always,"D,E"
pospischil2008_fs,m-scale_conductance-2c1b980b1d,P09_short_pulse,h/2,if detected at h,"D,E"
pospischil2008_fs,m-scale_conductance-2c1b980b1d,P09_short_pulse,h/4,if an apparent canonical survivor,"D,E"
pospischil2008_fs,m-shift_reversal-3d387f89f7,P00_canonical,h,always,"B,C"
pospischil2008_fs,m-shift_reversal-3d387f89f7,P00_canonical,h/2,if detected at h,"B,C"
pospischil2008_fs,m-shift_reversal-3d387f89f7,P00_canonical,h/4,if an apparent canonical survivor,"B,C"
pospischil2008_fs,m-shift_reversal-3d387f89f7,P02_weak_step,h,always,"D,E"
pospischil2008_fs,m-shift_reversal-3d387f89f7,P02_weak_step,h/2,if detected at h,"D,E"
pospischil2008_fs,m-shift_reversal-3d387f89f7,P02_weak_step,h/4,if an apparent canonical survivor,"D,E"
pospischil2008_fs,m-shift_reversal-3d387f89f7,P03_rheobase,h,always,"D,E"
pospischil2008_fs,m-shift_reversal-3d387f89f7,P03_rheobase,h/2,if detected at h,"D,E"
pospischil2008_fs,m-shift_reversal-3d387f89f7,P03_rheobase,h/4,if an apparent canonical survivor,"D,E"
pospischil2008_fs,m-shift_reversal-3d387f89f7,P04_step_2x,h,always,"D,E"
pospischil2008_fs,m-shift_reversal-3d387f89f7,P04_step_2x,h/2,if detected at h,"D,E"
pospischil2008_fs,m-shift_reversal-3d387f89f7,P04_step_2x,h/4,if an apparent canonical survivor,"D,E"
pospischil2008_fs,m-shift_reversal-3d387f89f7,P05_long_step,h,always,"D,E"
pospischil2008_fs,m-shift_reversal-3d387f89f7,P05_long_step,h/2,if detected at h,"D,E"
pospischil2008_fs,m-shift_reversal-3d387f89f7,P05_long_step,h/4,if an apparent canonical survivor,"D,E"
pospischil2008_fs,m-shift_reversal-3d387f89f7,P06_ramp,h,always,"D,E"
pospischil2008_fs,m-shift_reversal-3d387f89f7,P06_ramp,h/2,if detected at h,"D,E"
pospischil2008_fs,m-shift_reversal-3d387f89f7,P06_ramp,h/4,if an apparent canonical survivor,"D,E"
pospischil2008_fs,m-shift_reversal-3d387f89f7,P07_hyperpolarizing_step,h,always,"D,E"
pospischil2008_fs,m-shift_reversal-3d387f89f7,P07_hyperpolarizing_step,h/2,if detected at h,"D,E"
pospischil2008_fs,m-shift_reversal-3d387f89f7,P07_hyperpolarizing_step,h/4,if an apparent canonical survivor,"D,E"
pospischil2008_fs,m-shift_reversal-3d387f89f7,P08_rebound,h,always,"D,E"
pospischil2008_fs,m-shift_reversal-3d387f89f7,P08_rebound,h/2,if detected at h,"D,E"
pospischil2008_fs,m-shift_reversal-3d387f89f7,P08_rebound,h/4,if an apparent canonical survivor,"D,E"
pospischil2008_fs,m-shift_reversal-3d387f89f7,P09_short_pulse,h,always,"D,E"
pospischil2008_fs,m-shift_reversal-3d387f89f7,P09_short_pulse,h/2,if detected at h,"D,E"
pospischil2008_fs,m-shift_reversal-3d387f89f7,P09_short_pulse,h/4,if an apparent canonical survivor,"D,E"
pospischil2008_fs,m-shift_reversal-2ebe75d071,P00_canonical,h,always,"B,C"
pospischil2008_fs,m-shift_reversal-2ebe75d071,P00_canonical,h/2,if detected at h,"B,C"
pospischil2008_fs,m-shift_reversal-2ebe75d071,P00_canonical,h/4,if an apparent canonical survivor,"B,C"
pospischil2008_fs,m-shift_reversal-2ebe75d071,P02_weak_step,h,always,"D,E"
pospischil2008_fs,m-shift_reversal-2ebe75d071,P02_weak_step,h/2,if detected at h,"D,E"
pospischil2008_fs,m-shift_reversal-2ebe75d071,P02_weak_step,h/4,if an apparent canonical survivor,"D,E"
pospischil2008_fs,m-shift_reversal-2ebe75d071,P03_rheobase,h,always,"D,E"
pospischil2008_fs,m-shift_reversal-2ebe75d071,P03_rheobase,h/2,if detected at h,"D,E"
pospischil2008_fs,m-shift_reversal-2ebe75d071,P03_rheobase,h/4,if an apparent canonical survivor,"D,E"
pospischil2008_fs,m-shift_reversal-2ebe75d071,P04_step_2x,h,always,"D,E"
pospischil2008_fs,m-shift_reversal-2ebe75d071,P04_step_2x,h/2,if detected at h,"D,E"
pospischil2008_fs,m-shift_reversal-2ebe75d071,P04_step_2x,h/4,if an apparent canonical survivor,"D,E"
pospischil2008_fs,m-shift_reversal-2ebe75d071,P05_long_step,h,always,"D,E"
pospischil2008_fs,m-shift_reversal-2ebe75d071,P05_long_step,h/2,if detected at h,"D,E"
pospischil2008_fs,m-shift_reversal-2ebe75d071,P05_long_step,h/4,if an apparent canonical survivor,"D,E"
pospischil2008_fs,m-shift_reversal-2ebe75d071,P06_ramp,h,always,"D,E"
pospischil2008_fs,m-shift_reversal-2ebe75d071,P06_ramp,h/2,if detected at h,"D,E"
pospischil2008_fs,m-shift_reversal-2ebe75d071,P06_ramp,h/4,if an apparent canonical survivor,"D,E"
pospischil2008_fs,m-shift_reversal-2ebe75d071,P07_hyperpolarizing_step,h,always,"D,E"
pospischil2008_fs,m-shift_reversal-2ebe75d071,P07_hyperpolarizing_step,h/2,if detected at h,"D,E"
pospischil2008_fs,m-shift_reversal-2ebe75d071,P07_hyperpolarizing_step,h/4,if an apparent canonical survivor,"D,E"
pospischil2008_fs,m-shift_reversal-2ebe75d071,P08_rebound,h,always,"D,E"
pospischil2008_fs,m-shift_reversal-2ebe75d071,P08_rebound,h/2,if detected at h,"D,E"
pospischil2008_fs,m-shift_reversal-2ebe75d071,P08_rebound,h/4,if an apparent canonical survivor,"D,E"
pospischil2008_fs,m-shift_reversal-2ebe75d071,P09_short_pulse,h,always,"D,E"
pospischil2008_fs,m-shift_reversal-2ebe75d071,P09_short_pulse,h/2,if detected at h,"D,E"
pospischil2008_fs,m-shift_reversal-2ebe75d071,P09_short_pulse,h/4,if an apparent canonical survivor,"D,E"
pospischil2008_fs,m-shift_reversal-296104fa71,P00_canonical,h,always,"B,C"
pospischil2008_fs,m-shift_reversal-296104fa71,P00_canonical,h/2,if detected at h,"B,C"
pospischil2008_fs,m-shift_reversal-296104fa71,P00_canonical,h/4,if an apparent canonical survivor,"B,C"
pospischil2008_fs,m-shift_reversal-296104fa71,P02_weak_step,h,always,"D,E"
pospischil2008_fs,m-shift_reversal-296104fa71,P02_weak_step,h/2,if detected at h,"D,E"
pospischil2008_fs,m-shift_reversal-296104fa71,P02_weak_step,h/4,if an apparent canonical survivor,"D,E"
pospischil2008_fs,m-shift_reversal-296104fa71,P03_rheobase,h,always,"D,E"
pospischil2008_fs,m-shift_reversal-296104fa71,P03_rheobase,h/2,if detected at h,"D,E"
pospischil2008_fs,m-shift_reversal-296104fa71,P03_rheobase,h/4,if an apparent canonical survivor,"D,E"
pospischil2008_fs,m-shift_reversal-296104fa71,P04_step_2x,h,always,"D,E"
pospischil2008_fs,m-shift_reversal-296104fa71,P04_step_2x,h/2,if detected at h,"D,E"
pospischil2008_fs,m-shift_reversal-296104fa71,P04_step_2x,h/4,if an apparent canonical survivor,"D,E"
pospischil2008_fs,m-shift_reversal-296104fa71,P05_long_step,h,always,"D,E"
pospischil2008_fs,m-shift_reversal-296104fa71,P05_long_step,h/2,if detected at h,"D,E"
pospischil2008_fs,m-shift_reversal-296104fa71,P05_long_step,h/4,if an apparent canonical survivor,"D,E"
pospischil2008_fs,m-shift_reversal-296104fa71,P06_ramp,h,always,"D,E"
pospischil2008_fs,m-shift_reversal-296104fa71,P06_ramp,h/2,if detected at h,"D,E"
pospischil2008_fs,m-shift_reversal-296104fa71,P06_ramp,h/4,if an apparent canonical survivor,"D,E"
pospischil2008_fs,m-shift_reversal-296104fa71,P07_hyperpolarizing_step,h,always,"D,E"
pospischil2008_fs,m-shift_reversal-296104fa71,P07_hyperpolarizing_step,h/2,if detected at h,"D,E"
pospischil2008_fs,m-shift_reversal-296104fa71,P07_hyperpolarizing_step,h/4,if an apparent canonical survivor,"D,E"
pospischil2008_fs,m-shift_reversal-296104fa71,P08_rebound,h,always,"D,E"
pospischil2008_fs,m-shift_reversal-296104fa71,P08_rebound,h/2,if detected at h,"D,E"
pospischil2008_fs,m-shift_reversal-296104fa71,P08_rebound,h/4,if an apparent canonical survivor,"D,E"
pospischil2008_fs,m-shift_reversal-296104fa71,P09_short_pulse,h,always,"D,E"
pospischil2008_fs,m-shift_reversal-296104fa71,P09_short_pulse,h/2,if detected at h,"D,E"
pospischil2008_fs,m-shift_reversal-296104fa71,P09_short_pulse,h/4,if an apparent canonical survivor,"D,E"
pospischil2008_fs,m-shift_reversal-99c62df08a,P00_canonical,h,always,"B,C"
pospischil2008_fs,m-shift_reversal-99c62df08a,P00_canonical,h/2,if detected at h,"B,C"
pospischil2008_fs,m-shift_reversal-99c62df08a,P00_canonical,h/4,if an apparent canonical survivor,"B,C"
pospischil2008_fs,m-shift_reversal-99c62df08a,P02_weak_step,h,always,"D,E"
pospischil2008_fs,m-shift_reversal-99c62df08a,P02_weak_step,h/2,if detected at h,"D,E"
pospischil2008_fs,m-shift_reversal-99c62df08a,P02_weak_step,h/4,if an apparent canonical survivor,"D,E"
pospischil2008_fs,m-shift_reversal-99c62df08a,P03_rheobase,h,always,"D,E"
pospischil2008_fs,m-shift_reversal-99c62df08a,P03_rheobase,h/2,if detected at h,"D,E"
pospischil2008_fs,m-shift_reversal-99c62df08a,P03_rheobase,h/4,if an apparent canonical survivor,"D,E"
pospischil2008_fs,m-shift_reversal-99c62df08a,P04_step_2x,h,always,"D,E"
pospischil2008_fs,m-shift_reversal-99c62df08a,P04_step_2x,h/2,if detected at h,"D,E"
pospischil2008_fs,m-shift_reversal-99c62df08a,P04_step_2x,h/4,if an apparent canonical survivor,"D,E"
pospischil2008_fs,m-shift_reversal-99c62df08a,P05_long_step,h,always,"D,E"
pospischil2008_fs,m-shift_reversal-99c62df08a,P05_long_step,h/2,if detected at h,"D,E"
pospischil2008_fs,m-shift_reversal-99c62df08a,P05_long_step,h/4,if an apparent canonical survivor,"D,E"
pospischil2008_fs,m-shift_reversal-99c62df08a,P06_ramp,h,always,"D,E"
pospischil2008_fs,m-shift_reversal-99c62df08a,P06_ramp,h/2,if detected at h,"D,E"
pospischil2008_fs,m-shift_reversal-99c62df08a,P06_ramp,h/4,if an apparent canonical survivor,"D,E"
pospischil2008_fs,m-shift_reversal-99c62df08a,P07_hyperpolarizing_step,h,always,"D,E"
pospischil2008_fs,m-shift_reversal-99c62df08a,P07_hyperpolarizing_step,h/2,if detected at h,"D,E"
pospischil2008_fs,m-shift_reversal-99c62df08a,P07_hyperpolarizing_step,h/4,if an apparent canonical survivor,"D,E"
pospischil2008_fs,m-shift_reversal-99c62df08a,P08_rebound,h,always,"D,E"
pospischil2008_fs,m-shift_reversal-99c62df08a,P08_rebound,h/2,if detected at h,"D,E"
pospischil2008_fs,m-shift_reversal-99c62df08a,P08_rebound,h/4,if an apparent canonical survivor,"D,E"
pospischil2008_fs,m-shift_reversal-99c62df08a,P09_short_pulse,h,always,"D,E"
pospischil2008_fs,m-shift_reversal-99c62df08a,P09_short_pulse,h/2,if detected at h,"D,E"
pospischil2008_fs,m-shift_reversal-99c62df08a,P09_short_pulse,h/4,if an apparent canonical survivor,"D,E"
pospischil2008_fs,m-scale_capacitance-8945c94953,P00_canonical,h,always,"B,C"
pospischil2008_fs,m-scale_capacitance-8945c94953,P00_canonical,h/2,if detected at h,"B,C"
pospischil2008_fs,m-scale_capacitance-8945c94953,P00_canonical,h/4,if an apparent canonical survivor,"B,C"
pospischil2008_fs,m-scale_capacitance-8945c94953,P02_weak_step,h,always,"D,E"
pospischil2008_fs,m-scale_capacitance-8945c94953,P02_weak_step,h/2,if detected at h,"D,E"
pospischil2008_fs,m-scale_capacitance-8945c94953,P02_weak_step,h/4,if an apparent canonical survivor,"D,E"
pospischil2008_fs,m-scale_capacitance-8945c94953,P03_rheobase,h,always,"D,E"
pospischil2008_fs,m-scale_capacitance-8945c94953,P03_rheobase,h/2,if detected at h,"D,E"
pospischil2008_fs,m-scale_capacitance-8945c94953,P03_rheobase,h/4,if an apparent canonical survivor,"D,E"
pospischil2008_fs,m-scale_capacitance-8945c94953,P04_step_2x,h,always,"D,E"
pospischil2008_fs,m-scale_capacitance-8945c94953,P04_step_2x,h/2,if detected at h,"D,E"
pospischil2008_fs,m-scale_capacitance-8945c94953,P04_step_2x,h/4,if an apparent canonical survivor,"D,E"
pospischil2008_fs,m-scale_capacitance-8945c94953,P05_long_step,h,always,"D,E"
pospischil2008_fs,m-scale_capacitance-8945c94953,P05_long_step,h/2,if detected at h,"D,E"
pospischil2008_fs,m-scale_capacitance-8945c94953,P05_long_step,h/4,if an apparent canonical survivor,"D,E"
pospischil2008_fs,m-scale_capacitance-8945c94953,P06_ramp,h,always,"D,E"
pospischil2008_fs,m-scale_capacitance-8945c94953,P06_ramp,h/2,if detected at h,"D,E"
pospischil2008_fs,m-scale_capacitance-8945c94953,P06_ramp,h/4,if an apparent canonical survivor,"D,E"
pospischil2008_fs,m-scale_capacitance-8945c94953,P07_hyperpolarizing_step,h,always,"D,E"
pospischil2008_fs,m-scale_capacitance-8945c94953,P07_hyperpolarizing_step,h/2,if detected at h,"D,E"
pospischil2008_fs,m-scale_capacitance-8945c94953,P07_hyperpolarizing_step,h/4,if an apparent canonical survivor,"D,E"
pospischil2008_fs,m-scale_capacitance-8945c94953,P08_rebound,h,always,"D,E"
pospischil2008_fs,m-scale_capacitance-8945c94953,P08_rebound,h/2,if detected at h,"D,E"
pospischil2008_fs,m-scale_capacitance-8945c94953,P08_rebound,h/4,if an apparent canonical survivor,"D,E"
pospischil2008_fs,m-scale_capacitance-8945c94953,P09_short_pulse,h,always,"D,E"
pospischil2008_fs,m-scale_capacitance-8945c94953,P09_short_pulse,h/2,if detected at h,"D,E"
pospischil2008_fs,m-scale_capacitance-8945c94953,P09_short_pulse,h/4,if an apparent canonical survivor,"D,E"
pospischil2008_fs,m-scale_capacitance-5a8359e4e8,P00_canonical,h,always,"B,C"
pospischil2008_fs,m-scale_capacitance-5a8359e4e8,P00_canonical,h/2,if detected at h,"B,C"
pospischil2008_fs,m-scale_capacitance-5a8359e4e8,P00_canonical,h/4,if an apparent canonical survivor,"B,C"
pospischil2008_fs,m-scale_capacitance-5a8359e4e8,P02_weak_step,h,always,"D,E"
pospischil2008_fs,m-scale_capacitance-5a8359e4e8,P02_weak_step,h/2,if detected at h,"D,E"
pospischil2008_fs,m-scale_capacitance-5a8359e4e8,P02_weak_step,h/4,if an apparent canonical survivor,"D,E"
pospischil2008_fs,m-scale_capacitance-5a8359e4e8,P03_rheobase,h,always,"D,E"
pospischil2008_fs,m-scale_capacitance-5a8359e4e8,P03_rheobase,h/2,if detected at h,"D,E"
pospischil2008_fs,m-scale_capacitance-5a8359e4e8,P03_rheobase,h/4,if an apparent canonical survivor,"D,E"
pospischil2008_fs,m-scale_capacitance-5a8359e4e8,P04_step_2x,h,always,"D,E"
pospischil2008_fs,m-scale_capacitance-5a8359e4e8,P04_step_2x,h/2,if detected at h,"D,E"
pospischil2008_fs,m-scale_capacitance-5a8359e4e8,P04_step_2x,h/4,if an apparent canonical survivor,"D,E"
pospischil2008_fs,m-scale_capacitance-5a8359e4e8,P05_long_step,h,always,"D,E"
pospischil2008_fs,m-scale_capacitance-5a8359e4e8,P05_long_step,h/2,if detected at h,"D,E"
pospischil2008_fs,m-scale_capacitance-5a8359e4e8,P05_long_step,h/4,if an apparent canonical survivor,"D,E"
pospischil2008_fs,m-scale_capacitance-5a8359e4e8,P06_ramp,h,always,"D,E"
pospischil2008_fs,m-scale_capacitance-5a8359e4e8,P06_ramp,h/2,if detected at h,"D,E"
pospischil2008_fs,m-scale_capacitance-5a8359e4e8,P06_ramp,h/4,if an apparent canonical survivor,"D,E"
pospischil2008_fs,m-scale_capacitance-5a8359e4e8,P07_hyperpolarizing_step,h,always,"D,E"
pospischil2008_fs,m-scale_capacitance-5a8359e4e8,P07_hyperpolarizing_step,h/2,if detected at h,"D,E"
pospischil2008_fs,m-scale_capacitance-5a8359e4e8,P07_hyperpolarizing_step,h/4,if an apparent canonical survivor,"D,E"
pospischil2008_fs,m-scale_capacitance-5a8359e4e8,P08_rebound,h,always,"D,E"
pospischil2008_fs,m-scale_capacitance-5a8359e4e8,P08_rebound,h/2,if detected at h,"D,E"
pospischil2008_fs,m-scale_capacitance-5a8359e4e8,P08_rebound,h/4,if an apparent canonical survivor,"D,E"
pospischil2008_fs,m-scale_capacitance-5a8359e4e8,P09_short_pulse,h,always,"D,E"
pospischil2008_fs,m-scale_capacitance-5a8359e4e8,P09_short_pulse,h/2,if detected at h,"D,E"
pospischil2008_fs,m-scale_capacitance-5a8359e4e8,P09_short_pulse,h/4,if an apparent canonical survivor,"D,E"
pospischil2008_fs,m-scale_gate_time_constant-dda33c4c51,P00_canonical,h,always,"B,C"
pospischil2008_fs,m-scale_gate_time_constant-dda33c4c51,P00_canonical,h/2,if detected at h,"B,C"
pospischil2008_fs,m-scale_gate_time_constant-dda33c4c51,P00_canonical,h/4,if an apparent canonical survivor,"B,C"
pospischil2008_fs,m-scale_gate_time_constant-dda33c4c51,P02_weak_step,h,always,"D,E"
pospischil2008_fs,m-scale_gate_time_constant-dda33c4c51,P02_weak_step,h/2,if detected at h,"D,E"
pospischil2008_fs,m-scale_gate_time_constant-dda33c4c51,P02_weak_step,h/4,if an apparent canonical survivor,"D,E"
pospischil2008_fs,m-scale_gate_time_constant-dda33c4c51,P03_rheobase,h,always,"D,E"
pospischil2008_fs,m-scale_gate_time_constant-dda33c4c51,P03_rheobase,h/2,if detected at h,"D,E"
pospischil2008_fs,m-scale_gate_time_constant-dda33c4c51,P03_rheobase,h/4,if an apparent canonical survivor,"D,E"
pospischil2008_fs,m-scale_gate_time_constant-dda33c4c51,P04_step_2x,h,always,"D,E"
pospischil2008_fs,m-scale_gate_time_constant-dda33c4c51,P04_step_2x,h/2,if detected at h,"D,E"
pospischil2008_fs,m-scale_gate_time_constant-dda33c4c51,P04_step_2x,h/4,if an apparent canonical survivor,"D,E"
pospischil2008_fs,m-scale_gate_time_constant-dda33c4c51,P05_long_step,h,always,"D,E"
pospischil2008_fs,m-scale_gate_time_constant-dda33c4c51,P05_long_step,h/2,if detected at h,"D,E"
pospischil2008_fs,m-scale_gate_time_constant-dda33c4c51,P05_long_step,h/4,if an apparent canonical survivor,"D,E"
pospischil2008_fs,m-scale_gate_time_constant-dda33c4c51,P06_ramp,h,always,"D,E"
pospischil2008_fs,m-scale_gate_time_constant-dda33c4c51,P06_ramp,h/2,if detected at h,"D,E"
pospischil2008_fs,m-scale_gate_time_constant-dda33c4c51,P06_ramp,h/4,if an apparent canonical survivor,"D,E"
pospischil2008_fs,m-scale_gate_time_constant-dda33c4c51,P07_hyperpolarizing_step,h,always,"D,E"
pospischil2008_fs,m-scale_gate_time_constant-dda33c4c51,P07_hyperpolarizing_step,h/2,if detected at h,"D,E"
pospischil2008_fs,m-scale_gate_time_constant-dda33c4c51,P07_hyperpolarizing_step,h/4,if an apparent canonical survivor,"D,E"
pospischil2008_fs,m-scale_gate_time_constant-dda33c4c51,P08_rebound,h,always,"D,E"
pospischil2008_fs,m-scale_gate_time_constant-dda33c4c51,P08_rebound,h/2,if detected at h,"D,E"
pospischil2008_fs,m-scale_gate_time_constant-dda33c4c51,P08_rebound,h/4,if an apparent canonical survivor,"D,E"
pospischil2008_fs,m-scale_gate_time_constant-dda33c4c51,P09_short_pulse,h,always,"D,E"
pospischil2008_fs,m-scale_gate_time_constant-dda33c4c51,P09_short_pulse,h/2,if detected at h,"D,E"
pospischil2008_fs,m-scale_gate_time_constant-dda33c4c51,P09_short_pulse,h/4,if an apparent canonical survivor,"D,E"
pospischil2008_fs,m-scale_gate_time_constant-2e28d01edd,P00_canonical,h,always,"B,C"
pospischil2008_fs,m-scale_gate_time_constant-2e28d01edd,P00_canonical,h/2,if detected at h,"B,C"
pospischil2008_fs,m-scale_gate_time_constant-2e28d01edd,P00_canonical,h/4,if an apparent canonical survivor,"B,C"
pospischil2008_fs,m-scale_gate_time_constant-2e28d01edd,P02_weak_step,h,always,"D,E"
pospischil2008_fs,m-scale_gate_time_constant-2e28d01edd,P02_weak_step,h/2,if detected at h,"D,E"
pospischil2008_fs,m-scale_gate_time_constant-2e28d01edd,P02_weak_step,h/4,if an apparent canonical survivor,"D,E"
pospischil2008_fs,m-scale_gate_time_constant-2e28d01edd,P03_rheobase,h,always,"D,E"
pospischil2008_fs,m-scale_gate_time_constant-2e28d01edd,P03_rheobase,h/2,if detected at h,"D,E"
pospischil2008_fs,m-scale_gate_time_constant-2e28d01edd,P03_rheobase,h/4,if an apparent canonical survivor,"D,E"
pospischil2008_fs,m-scale_gate_time_constant-2e28d01edd,P04_step_2x,h,always,"D,E"
pospischil2008_fs,m-scale_gate_time_constant-2e28d01edd,P04_step_2x,h/2,if detected at h,"D,E"
pospischil2008_fs,m-scale_gate_time_constant-2e28d01edd,P04_step_2x,h/4,if an apparent canonical survivor,"D,E"
pospischil2008_fs,m-scale_gate_time_constant-2e28d01edd,P05_long_step,h,always,"D,E"
pospischil2008_fs,m-scale_gate_time_constant-2e28d01edd,P05_long_step,h/2,if detected at h,"D,E"
pospischil2008_fs,m-scale_gate_time_constant-2e28d01edd,P05_long_step,h/4,if an apparent canonical survivor,"D,E"
pospischil2008_fs,m-scale_gate_time_constant-2e28d01edd,P06_ramp,h,always,"D,E"
pospischil2008_fs,m-scale_gate_time_constant-2e28d01edd,P06_ramp,h/2,if detected at h,"D,E"
pospischil2008_fs,m-scale_gate_time_constant-2e28d01edd,P06_ramp,h/4,if an apparent canonical survivor,"D,E"
pospischil2008_fs,m-scale_gate_time_constant-2e28d01edd,P07_hyperpolarizing_step,h,always,"D,E"
pospischil2008_fs,m-scale_gate_time_constant-2e28d01edd,P07_hyperpolarizing_step,h/2,if detected at h,"D,E"
pospischil2008_fs,m-scale_gate_time_constant-2e28d01edd,P07_hyperpolarizing_step,h/4,if an apparent canonical survivor,"D,E"
pospischil2008_fs,m-scale_gate_time_constant-2e28d01edd,P08_rebound,h,always,"D,E"
pospischil2008_fs,m-scale_gate_time_constant-2e28d01edd,P08_rebound,h/2,if detected at h,"D,E"
pospischil2008_fs,m-scale_gate_time_constant-2e28d01edd,P08_rebound,h/4,if an apparent canonical survivor,"D,E"
pospischil2008_fs,m-scale_gate_time_constant-2e28d01edd,P09_short_pulse,h,always,"D,E"
pospischil2008_fs,m-scale_gate_time_constant-2e28d01edd,P09_short_pulse,h/2,if detected at h,"D,E"
pospischil2008_fs,m-scale_gate_time_constant-2e28d01edd,P09_short_pulse,h/4,if an apparent canonical survivor,"D,E"
pospischil2008_fs,m-increase_dt-2391bb7a93,P00_canonical,h,always,"B,C"
pospischil2008_fs,m-increase_dt-2391bb7a93,P00_canonical,h/2,if detected at h,"B,C"
pospischil2008_fs,m-increase_dt-2391bb7a93,P00_canonical,h/4,if an apparent canonical survivor,"B,C"
pospischil2008_fs,m-increase_dt-2391bb7a93,P02_weak_step,h,always,"D,E"
pospischil2008_fs,m-increase_dt-2391bb7a93,P02_weak_step,h/2,if detected at h,"D,E"
pospischil2008_fs,m-increase_dt-2391bb7a93,P02_weak_step,h/4,if an apparent canonical survivor,"D,E"
pospischil2008_fs,m-increase_dt-2391bb7a93,P03_rheobase,h,always,"D,E"
pospischil2008_fs,m-increase_dt-2391bb7a93,P03_rheobase,h/2,if detected at h,"D,E"
pospischil2008_fs,m-increase_dt-2391bb7a93,P03_rheobase,h/4,if an apparent canonical survivor,"D,E"
pospischil2008_fs,m-increase_dt-2391bb7a93,P04_step_2x,h,always,"D,E"
pospischil2008_fs,m-increase_dt-2391bb7a93,P04_step_2x,h/2,if detected at h,"D,E"
pospischil2008_fs,m-increase_dt-2391bb7a93,P04_step_2x,h/4,if an apparent canonical survivor,"D,E"
pospischil2008_fs,m-increase_dt-2391bb7a93,P05_long_step,h,always,"D,E"
pospischil2008_fs,m-increase_dt-2391bb7a93,P05_long_step,h/2,if detected at h,"D,E"
pospischil2008_fs,m-increase_dt-2391bb7a93,P05_long_step,h/4,if an apparent canonical survivor,"D,E"
pospischil2008_fs,m-increase_dt-2391bb7a93,P06_ramp,h,always,"D,E"
pospischil2008_fs,m-increase_dt-2391bb7a93,P06_ramp,h/2,if detected at h,"D,E"
pospischil2008_fs,m-increase_dt-2391bb7a93,P06_ramp,h/4,if an apparent canonical survivor,"D,E"
pospischil2008_fs,m-increase_dt-2391bb7a93,P07_hyperpolarizing_step,h,always,"D,E"
pospischil2008_fs,m-increase_dt-2391bb7a93,P07_hyperpolarizing_step,h/2,if detected at h,"D,E"
pospischil2008_fs,m-increase_dt-2391bb7a93,P07_hyperpolarizing_step,h/4,if an apparent canonical survivor,"D,E"
pospischil2008_fs,m-increase_dt-2391bb7a93,P08_rebound,h,always,"D,E"
pospischil2008_fs,m-increase_dt-2391bb7a93,P08_rebound,h/2,if detected at h,"D,E"
pospischil2008_fs,m-increase_dt-2391bb7a93,P08_rebound,h/4,if an apparent canonical survivor,"D,E"
pospischil2008_fs,m-increase_dt-2391bb7a93,P09_short_pulse,h,always,"D,E"
pospischil2008_fs,m-increase_dt-2391bb7a93,P09_short_pulse,h/2,if detected at h,"D,E"
pospischil2008_fs,m-increase_dt-2391bb7a93,P09_short_pulse,h/4,if an apparent canonical survivor,"D,E"
pospischil2008_fs,m-solver_config-e5acbde8a1,P00_canonical,h,always,"B,C"
pospischil2008_fs,m-solver_config-e5acbde8a1,P00_canonical,h/2,if detected at h,"B,C"
pospischil2008_fs,m-solver_config-e5acbde8a1,P00_canonical,h/4,if an apparent canonical survivor,"B,C"
pospischil2008_fs,m-solver_config-e5acbde8a1,P02_weak_step,h,always,"D,E"
pospischil2008_fs,m-solver_config-e5acbde8a1,P02_weak_step,h/2,if detected at h,"D,E"
pospischil2008_fs,m-solver_config-e5acbde8a1,P02_weak_step,h/4,if an apparent canonical survivor,"D,E"
pospischil2008_fs,m-solver_config-e5acbde8a1,P03_rheobase,h,always,"D,E"
pospischil2008_fs,m-solver_config-e5acbde8a1,P03_rheobase,h/2,if detected at h,"D,E"
pospischil2008_fs,m-solver_config-e5acbde8a1,P03_rheobase,h/4,if an apparent canonical survivor,"D,E"
pospischil2008_fs,m-solver_config-e5acbde8a1,P04_step_2x,h,always,"D,E"
pospischil2008_fs,m-solver_config-e5acbde8a1,P04_step_2x,h/2,if detected at h,"D,E"
pospischil2008_fs,m-solver_config-e5acbde8a1,P04_step_2x,h/4,if an apparent canonical survivor,"D,E"
pospischil2008_fs,m-solver_config-e5acbde8a1,P05_long_step,h,always,"D,E"
pospischil2008_fs,m-solver_config-e5acbde8a1,P05_long_step,h/2,if detected at h,"D,E"
pospischil2008_fs,m-solver_config-e5acbde8a1,P05_long_step,h/4,if an apparent canonical survivor,"D,E"
pospischil2008_fs,m-solver_config-e5acbde8a1,P06_ramp,h,always,"D,E"
pospischil2008_fs,m-solver_config-e5acbde8a1,P06_ramp,h/2,if detected at h,"D,E"
pospischil2008_fs,m-solver_config-e5acbde8a1,P06_ramp,h/4,if an apparent canonical survivor,"D,E"
pospischil2008_fs,m-solver_config-e5acbde8a1,P07_hyperpolarizing_step,h,always,"D,E"
pospischil2008_fs,m-solver_config-e5acbde8a1,P07_hyperpolarizing_step,h/2,if detected at h,"D,E"
pospischil2008_fs,m-solver_config-e5acbde8a1,P07_hyperpolarizing_step,h/4,if an apparent canonical survivor,"D,E"
pospischil2008_fs,m-solver_config-e5acbde8a1,P08_rebound,h,always,"D,E"
pospischil2008_fs,m-solver_config-e5acbde8a1,P08_rebound,h/2,if detected at h,"D,E"
pospischil2008_fs,m-solver_config-e5acbde8a1,P08_rebound,h/4,if an apparent canonical survivor,"D,E"
pospischil2008_fs,m-solver_config-e5acbde8a1,P09_short_pulse,h,always,"D,E"
pospischil2008_fs,m-solver_config-e5acbde8a1,P09_short_pulse,h/2,if detected at h,"D,E"
pospischil2008_fs,m-solver_config-e5acbde8a1,P09_short_pulse,h/4,if an apparent canonical survivor,"D,E"
pospischil2008_fs,m-recording_resolution-7e264d815f,P00_canonical,h,always,"B,C"
pospischil2008_fs,m-recording_resolution-7e264d815f,P00_canonical,h/2,if detected at h,"B,C"
pospischil2008_fs,m-recording_resolution-7e264d815f,P00_canonical,h/4,if an apparent canonical survivor,"B,C"
pospischil2008_fs,m-recording_resolution-7e264d815f,P02_weak_step,h,always,"D,E"
pospischil2008_fs,m-recording_resolution-7e264d815f,P02_weak_step,h/2,if detected at h,"D,E"
pospischil2008_fs,m-recording_resolution-7e264d815f,P02_weak_step,h/4,if an apparent canonical survivor,"D,E"
pospischil2008_fs,m-recording_resolution-7e264d815f,P03_rheobase,h,always,"D,E"
pospischil2008_fs,m-recording_resolution-7e264d815f,P03_rheobase,h/2,if detected at h,"D,E"
pospischil2008_fs,m-recording_resolution-7e264d815f,P03_rheobase,h/4,if an apparent canonical survivor,"D,E"
pospischil2008_fs,m-recording_resolution-7e264d815f,P04_step_2x,h,always,"D,E"
pospischil2008_fs,m-recording_resolution-7e264d815f,P04_step_2x,h/2,if detected at h,"D,E"
pospischil2008_fs,m-recording_resolution-7e264d815f,P04_step_2x,h/4,if an apparent canonical survivor,"D,E"
pospischil2008_fs,m-recording_resolution-7e264d815f,P05_long_step,h,always,"D,E"
pospischil2008_fs,m-recording_resolution-7e264d815f,P05_long_step,h/2,if detected at h,"D,E"
pospischil2008_fs,m-recording_resolution-7e264d815f,P05_long_step,h/4,if an apparent canonical survivor,"D,E"
pospischil2008_fs,m-recording_resolution-7e264d815f,P06_ramp,h,always,"D,E"
pospischil2008_fs,m-recording_resolution-7e264d815f,P06_ramp,h/2,if detected at h,"D,E"
pospischil2008_fs,m-recording_resolution-7e264d815f,P06_ramp,h/4,if an apparent canonical survivor,"D,E"
pospischil2008_fs,m-recording_resolution-7e264d815f,P07_hyperpolarizing_step,h,always,"D,E"
pospischil2008_fs,m-recording_resolution-7e264d815f,P07_hyperpolarizing_step,h/2,if detected at h,"D,E"
pospischil2008_fs,m-recording_resolution-7e264d815f,P07_hyperpolarizing_step,h/4,if an apparent canonical survivor,"D,E"
pospischil2008_fs,m-recording_resolution-7e264d815f,P08_rebound,h,always,"D,E"
pospischil2008_fs,m-recording_resolution-7e264d815f,P08_rebound,h/2,if detected at h,"D,E"
pospischil2008_fs,m-recording_resolution-7e264d815f,P08_rebound,h/4,if an apparent canonical survivor,"D,E"
pospischil2008_fs,m-recording_resolution-7e264d815f,P09_short_pulse,h,always,"D,E"
pospischil2008_fs,m-recording_resolution-7e264d815f,P09_short_pulse,h/2,if detected at h,"D,E"
pospischil2008_fs,m-recording_resolution-7e264d815f,P09_short_pulse,h/4,if an apparent canonical survivor,"D,E"
pospischil2008_fs,m-wrong_channel-9899c39ee8,P00_canonical,h,always,"B,C"
pospischil2008_fs,m-wrong_channel-9899c39ee8,P00_canonical,h/2,if detected at h,"B,C"
pospischil2008_fs,m-wrong_channel-9899c39ee8,P00_canonical,h/4,if an apparent canonical survivor,"B,C"
pospischil2008_fs,m-wrong_channel-9899c39ee8,P02_weak_step,h,always,"D,E"
pospischil2008_fs,m-wrong_channel-9899c39ee8,P02_weak_step,h/2,if detected at h,"D,E"
pospischil2008_fs,m-wrong_channel-9899c39ee8,P02_weak_step,h/4,if an apparent canonical survivor,"D,E"
pospischil2008_fs,m-wrong_channel-9899c39ee8,P03_rheobase,h,always,"D,E"
pospischil2008_fs,m-wrong_channel-9899c39ee8,P03_rheobase,h/2,if detected at h,"D,E"
pospischil2008_fs,m-wrong_channel-9899c39ee8,P03_rheobase,h/4,if an apparent canonical survivor,"D,E"
pospischil2008_fs,m-wrong_channel-9899c39ee8,P04_step_2x,h,always,"D,E"
pospischil2008_fs,m-wrong_channel-9899c39ee8,P04_step_2x,h/2,if detected at h,"D,E"
pospischil2008_fs,m-wrong_channel-9899c39ee8,P04_step_2x,h/4,if an apparent canonical survivor,"D,E"
pospischil2008_fs,m-wrong_channel-9899c39ee8,P05_long_step,h,always,"D,E"
pospischil2008_fs,m-wrong_channel-9899c39ee8,P05_long_step,h/2,if detected at h,"D,E"
pospischil2008_fs,m-wrong_channel-9899c39ee8,P05_long_step,h/4,if an apparent canonical survivor,"D,E"
pospischil2008_fs,m-wrong_channel-9899c39ee8,P06_ramp,h,always,"D,E"
pospischil2008_fs,m-wrong_channel-9899c39ee8,P06_ramp,h/2,if detected at h,"D,E"
pospischil2008_fs,m-wrong_channel-9899c39ee8,P06_ramp,h/4,if an apparent canonical survivor,"D,E"
pospischil2008_fs,m-wrong_channel-9899c39ee8,P07_hyperpolarizing_step,h,always,"D,E"
pospischil2008_fs,m-wrong_channel-9899c39ee8,P07_hyperpolarizing_step,h/2,if detected at h,"D,E"
pospischil2008_fs,m-wrong_channel-9899c39ee8,P07_hyperpolarizing_step,h/4,if an apparent canonical survivor,"D,E"
pospischil2008_fs,m-wrong_channel-9899c39ee8,P08_rebound,h,always,"D,E"
pospischil2008_fs,m-wrong_channel-9899c39ee8,P08_rebound,h/2,if detected at h,"D,E"
pospischil2008_fs,m-wrong_channel-9899c39ee8,P08_rebound,h/4,if an apparent canonical survivor,"D,E"
pospischil2008_fs,m-wrong_channel-9899c39ee8,P09_short_pulse,h,always,"D,E"
pospischil2008_fs,m-wrong_channel-9899c39ee8,P09_short_pulse,h/2,if detected at h,"D,E"
pospischil2008_fs,m-wrong_channel-9899c39ee8,P09_short_pulse,h/4,if an apparent canonical survivor,"D,E"
pospischil2008_fs,m-omit_include-658ec2d5f5,P00_canonical,h,always,"B,C"
pospischil2008_fs,m-omit_include-658ec2d5f5,P00_canonical,h/2,if detected at h,"B,C"
pospischil2008_fs,m-omit_include-658ec2d5f5,P00_canonical,h/4,if an apparent canonical survivor,"B,C"
pospischil2008_fs,m-omit_include-658ec2d5f5,P02_weak_step,h,always,"D,E"
pospischil2008_fs,m-omit_include-658ec2d5f5,P02_weak_step,h/2,if detected at h,"D,E"
pospischil2008_fs,m-omit_include-658ec2d5f5,P02_weak_step,h/4,if an apparent canonical survivor,"D,E"
pospischil2008_fs,m-omit_include-658ec2d5f5,P03_rheobase,h,always,"D,E"
pospischil2008_fs,m-omit_include-658ec2d5f5,P03_rheobase,h/2,if detected at h,"D,E"
pospischil2008_fs,m-omit_include-658ec2d5f5,P03_rheobase,h/4,if an apparent canonical survivor,"D,E"
pospischil2008_fs,m-omit_include-658ec2d5f5,P04_step_2x,h,always,"D,E"
pospischil2008_fs,m-omit_include-658ec2d5f5,P04_step_2x,h/2,if detected at h,"D,E"
pospischil2008_fs,m-omit_include-658ec2d5f5,P04_step_2x,h/4,if an apparent canonical survivor,"D,E"
pospischil2008_fs,m-omit_include-658ec2d5f5,P05_long_step,h,always,"D,E"
pospischil2008_fs,m-omit_include-658ec2d5f5,P05_long_step,h/2,if detected at h,"D,E"
pospischil2008_fs,m-omit_include-658ec2d5f5,P05_long_step,h/4,if an apparent canonical survivor,"D,E"
pospischil2008_fs,m-omit_include-658ec2d5f5,P06_ramp,h,always,"D,E"
pospischil2008_fs,m-omit_include-658ec2d5f5,P06_ramp,h/2,if detected at h,"D,E"
pospischil2008_fs,m-omit_include-658ec2d5f5,P06_ramp,h/4,if an apparent canonical survivor,"D,E"
pospischil2008_fs,m-omit_include-658ec2d5f5,P07_hyperpolarizing_step,h,always,"D,E"
pospischil2008_fs,m-omit_include-658ec2d5f5,P07_hyperpolarizing_step,h/2,if detected at h,"D,E"
pospischil2008_fs,m-omit_include-658ec2d5f5,P07_hyperpolarizing_step,h/4,if an apparent canonical survivor,"D,E"
pospischil2008_fs,m-omit_include-658ec2d5f5,P08_rebound,h,always,"D,E"
pospischil2008_fs,m-omit_include-658ec2d5f5,P08_rebound,h/2,if detected at h,"D,E"
pospischil2008_fs,m-omit_include-658ec2d5f5,P08_rebound,h/4,if an apparent canonical survivor,"D,E"
pospischil2008_fs,m-omit_include-658ec2d5f5,P09_short_pulse,h,always,"D,E"
pospischil2008_fs,m-omit_include-658ec2d5f5,P09_short_pulse,h/2,if detected at h,"D,E"
pospischil2008_fs,m-omit_include-658ec2d5f5,P09_short_pulse,h/4,if an apparent canonical survivor,"D,E"
pospischil2008_fs,m-duplicate_conductance-328cf062a2,P00_canonical,h,always,"B,C"
pospischil2008_fs,m-duplicate_conductance-328cf062a2,P00_canonical,h/2,if detected at h,"B,C"
pospischil2008_fs,m-duplicate_conductance-328cf062a2,P00_canonical,h/4,if an apparent canonical survivor,"B,C"
pospischil2008_fs,m-duplicate_conductance-328cf062a2,P02_weak_step,h,always,"D,E"
pospischil2008_fs,m-duplicate_conductance-328cf062a2,P02_weak_step,h/2,if detected at h,"D,E"
pospischil2008_fs,m-duplicate_conductance-328cf062a2,P02_weak_step,h/4,if an apparent canonical survivor,"D,E"
pospischil2008_fs,m-duplicate_conductance-328cf062a2,P03_rheobase,h,always,"D,E"
pospischil2008_fs,m-duplicate_conductance-328cf062a2,P03_rheobase,h/2,if detected at h,"D,E"
pospischil2008_fs,m-duplicate_conductance-328cf062a2,P03_rheobase,h/4,if an apparent canonical survivor,"D,E"
pospischil2008_fs,m-duplicate_conductance-328cf062a2,P04_step_2x,h,always,"D,E"
pospischil2008_fs,m-duplicate_conductance-328cf062a2,P04_step_2x,h/2,if detected at h,"D,E"
pospischil2008_fs,m-duplicate_conductance-328cf062a2,P04_step_2x,h/4,if an apparent canonical survivor,"D,E"
pospischil2008_fs,m-duplicate_conductance-328cf062a2,P05_long_step,h,always,"D,E"
pospischil2008_fs,m-duplicate_conductance-328cf062a2,P05_long_step,h/2,if detected at h,"D,E"
pospischil2008_fs,m-duplicate_conductance-328cf062a2,P05_long_step,h/4,if an apparent canonical survivor,"D,E"
pospischil2008_fs,m-duplicate_conductance-328cf062a2,P06_ramp,h,always,"D,E"
pospischil2008_fs,m-duplicate_conductance-328cf062a2,P06_ramp,h/2,if detected at h,"D,E"
pospischil2008_fs,m-duplicate_conductance-328cf062a2,P06_ramp,h/4,if an apparent canonical survivor,"D,E"
pospischil2008_fs,m-duplicate_conductance-328cf062a2,P07_hyperpolarizing_step,h,always,"D,E"
pospischil2008_fs,m-duplicate_conductance-328cf062a2,P07_hyperpolarizing_step,h/2,if detected at h,"D,E"
pospischil2008_fs,m-duplicate_conductance-328cf062a2,P07_hyperpolarizing_step,h/4,if an apparent canonical survivor,"D,E"
pospischil2008_fs,m-duplicate_conductance-328cf062a2,P08_rebound,h,always,"D,E"
pospischil2008_fs,m-duplicate_conductance-328cf062a2,P08_rebound,h/2,if detected at h,"D,E"
pospischil2008_fs,m-duplicate_conductance-328cf062a2,P08_rebound,h/4,if an apparent canonical survivor,"D,E"
pospischil2008_fs,m-duplicate_conductance-328cf062a2,P09_short_pulse,h,always,"D,E"
pospischil2008_fs,m-duplicate_conductance-328cf062a2,P09_short_pulse,h/2,if detected at h,"D,E"
pospischil2008_fs,m-duplicate_conductance-328cf062a2,P09_short_pulse,h/4,if an apparent canonical survivor,"D,E"
pospischil2008_fs,m-wrong_compatible_component-d7c10346bc,P00_canonical,h,always,"B,C"
pospischil2008_fs,m-wrong_compatible_component-d7c10346bc,P00_canonical,h/2,if detected at h,"B,C"
pospischil2008_fs,m-wrong_compatible_component-d7c10346bc,P00_canonical,h/4,if an apparent canonical survivor,"B,C"
pospischil2008_fs,m-wrong_compatible_component-d7c10346bc,P02_weak_step,h,always,"D,E"
pospischil2008_fs,m-wrong_compatible_component-d7c10346bc,P02_weak_step,h/2,if detected at h,"D,E"
pospischil2008_fs,m-wrong_compatible_component-d7c10346bc,P02_weak_step,h/4,if an apparent canonical survivor,"D,E"
pospischil2008_fs,m-wrong_compatible_component-d7c10346bc,P03_rheobase,h,always,"D,E"
pospischil2008_fs,m-wrong_compatible_component-d7c10346bc,P03_rheobase,h/2,if detected at h,"D,E"
pospischil2008_fs,m-wrong_compatible_component-d7c10346bc,P03_rheobase,h/4,if an apparent canonical survivor,"D,E"
pospischil2008_fs,m-wrong_compatible_component-d7c10346bc,P04_step_2x,h,always,"D,E"
pospischil2008_fs,m-wrong_compatible_component-d7c10346bc,P04_step_2x,h/2,if detected at h,"D,E"
pospischil2008_fs,m-wrong_compatible_component-d7c10346bc,P04_step_2x,h/4,if an apparent canonical survivor,"D,E"
pospischil2008_fs,m-wrong_compatible_component-d7c10346bc,P05_long_step,h,always,"D,E"
pospischil2008_fs,m-wrong_compatible_component-d7c10346bc,P05_long_step,h/2,if detected at h,"D,E"
pospischil2008_fs,m-wrong_compatible_component-d7c10346bc,P05_long_step,h/4,if an apparent canonical survivor,"D,E"
pospischil2008_fs,m-wrong_compatible_component-d7c10346bc,P06_ramp,h,always,"D,E"
pospischil2008_fs,m-wrong_compatible_component-d7c10346bc,P06_ramp,h/2,if detected at h,"D,E"
pospischil2008_fs,m-wrong_compatible_component-d7c10346bc,P06_ramp,h/4,if an apparent canonical survivor,"D,E"
pospischil2008_fs,m-wrong_compatible_component-d7c10346bc,P07_hyperpolarizing_step,h,always,"D,E"
pospischil2008_fs,m-wrong_compatible_component-d7c10346bc,P07_hyperpolarizing_step,h/2,if detected at h,"D,E"
pospischil2008_fs,m-wrong_compatible_component-d7c10346bc,P07_hyperpolarizing_step,h/4,if an apparent canonical survivor,"D,E"
pospischil2008_fs,m-wrong_compatible_component-d7c10346bc,P08_rebound,h,always,"D,E"
pospischil2008_fs,m-wrong_compatible_component-d7c10346bc,P08_rebound,h/2,if detected at h,"D,E"
pospischil2008_fs,m-wrong_compatible_component-d7c10346bc,P08_rebound,h/4,if an apparent canonical survivor,"D,E"
pospischil2008_fs,m-wrong_compatible_component-d7c10346bc,P09_short_pulse,h,always,"D,E"
pospischil2008_fs,m-wrong_compatible_component-d7c10346bc,P09_short_pulse,h/2,if detected at h,"D,E"
pospischil2008_fs,m-wrong_compatible_component-d7c10346bc,P09_short_pulse,h/4,if an apparent canonical survivor,"D,E"
pospischil2008_fs,pospischil2008_fs__unit_conversion__000,P00_canonical,h,always,"B,C"
pospischil2008_fs,pospischil2008_fs__unit_conversion__000,P00_canonical,h/2,if detected at h,"B,C"
pospischil2008_fs,pospischil2008_fs__unit_conversion__000,P00_canonical,h/4,if an apparent canonical survivor,"B,C"
pospischil2008_fs,pospischil2008_fs__unit_conversion__000,P02_weak_step,h,always,"D,E"
pospischil2008_fs,pospischil2008_fs__unit_conversion__000,P02_weak_step,h/2,if detected at h,"D,E"
pospischil2008_fs,pospischil2008_fs__unit_conversion__000,P02_weak_step,h/4,if an apparent canonical survivor,"D,E"
pospischil2008_fs,pospischil2008_fs__unit_conversion__000,P03_rheobase,h,always,"D,E"
pospischil2008_fs,pospischil2008_fs__unit_conversion__000,P03_rheobase,h/2,if detected at h,"D,E"
pospischil2008_fs,pospischil2008_fs__unit_conversion__000,P03_rheobase,h/4,if an apparent canonical survivor,"D,E"
pospischil2008_fs,pospischil2008_fs__unit_conversion__000,P04_step_2x,h,always,"D,E"
pospischil2008_fs,pospischil2008_fs__unit_conversion__000,P04_step_2x,h/2,if detected at h,"D,E"
pospischil2008_fs,pospischil2008_fs__unit_conversion__000,P04_step_2x,h/4,if an apparent canonical survivor,"D,E"
pospischil2008_fs,pospischil2008_fs__unit_conversion__000,P05_long_step,h,always,"D,E"
pospischil2008_fs,pospischil2008_fs__unit_conversion__000,P05_long_step,h/2,if detected at h,"D,E"
pospischil2008_fs,pospischil2008_fs__unit_conversion__000,P05_long_step,h/4,if an apparent canonical survivor,"D,E"
pospischil2008_fs,pospischil2008_fs__unit_conversion__000,P06_ramp,h,always,"D,E"
pospischil2008_fs,pospischil2008_fs__unit_conversion__000,P06_ramp,h/2,if detected at h,"D,E"
pospischil2008_fs,pospischil2008_fs__unit_conversion__000,P06_ramp,h/4,if an apparent canonical survivor,"D,E"
pospischil2008_fs,pospischil2008_fs__unit_conversion__000,P07_hyperpolarizing_step,h,always,"D,E"
pospischil2008_fs,pospischil2008_fs__unit_conversion__000,P07_hyperpolarizing_step,h/2,if detected at h,"D,E"
pospischil2008_fs,pospischil2008_fs__unit_conversion__000,P07_hyperpolarizing_step,h/4,if an apparent canonical survivor,"D,E"
pospischil2008_fs,pospischil2008_fs__unit_conversion__000,P08_rebound,h,always,"D,E"
pospischil2008_fs,pospischil2008_fs__unit_conversion__000,P08_rebound,h/2,if detected at h,"D,E"
pospischil2008_fs,pospischil2008_fs__unit_conversion__000,P08_rebound,h/4,if an apparent canonical survivor,"D,E"
pospischil2008_fs,pospischil2008_fs__unit_conversion__000,P09_short_pulse,h,always,"D,E"
pospischil2008_fs,pospischil2008_fs__unit_conversion__000,P09_short_pulse,h/2,if detected at h,"D,E"
pospischil2008_fs,pospischil2008_fs__unit_conversion__000,P09_short_pulse,h/4,if an apparent canonical survivor,"D,E"
pospischil2008_fs,pospischil2008_fs__xml_formatting__000,P00_canonical,h,always,"B,C"
pospischil2008_fs,pospischil2008_fs__xml_formatting__000,P00_canonical,h/2,if detected at h,"B,C"
pospischil2008_fs,pospischil2008_fs__xml_formatting__000,P00_canonical,h/4,if an apparent canonical survivor,"B,C"
pospischil2008_fs,pospischil2008_fs__xml_formatting__000,P02_weak_step,h,always,"D,E"
pospischil2008_fs,pospischil2008_fs__xml_formatting__000,P02_weak_step,h/2,if detected at h,"D,E"
pospischil2008_fs,pospischil2008_fs__xml_formatting__000,P02_weak_step,h/4,if an apparent canonical survivor,"D,E"
pospischil2008_fs,pospischil2008_fs__xml_formatting__000,P03_rheobase,h,always,"D,E"
pospischil2008_fs,pospischil2008_fs__xml_formatting__000,P03_rheobase,h/2,if detected at h,"D,E"
pospischil2008_fs,pospischil2008_fs__xml_formatting__000,P03_rheobase,h/4,if an apparent canonical survivor,"D,E"
pospischil2008_fs,pospischil2008_fs__xml_formatting__000,P04_step_2x,h,always,"D,E"
pospischil2008_fs,pospischil2008_fs__xml_formatting__000,P04_step_2x,h/2,if detected at h,"D,E"
pospischil2008_fs,pospischil2008_fs__xml_formatting__000,P04_step_2x,h/4,if an apparent canonical survivor,"D,E"
pospischil2008_fs,pospischil2008_fs__xml_formatting__000,P05_long_step,h,always,"D,E"
pospischil2008_fs,pospischil2008_fs__xml_formatting__000,P05_long_step,h/2,if detected at h,"D,E"
pospischil2008_fs,pospischil2008_fs__xml_formatting__000,P05_long_step,h/4,if an apparent canonical survivor,"D,E"
pospischil2008_fs,pospischil2008_fs__xml_formatting__000,P06_ramp,h,always,"D,E"
pospischil2008_fs,pospischil2008_fs__xml_formatting__000,P06_ramp,h/2,if detected at h,"D,E"
pospischil2008_fs,pospischil2008_fs__xml_formatting__000,P06_ramp,h/4,if an apparent canonical survivor,"D,E"
pospischil2008_fs,pospischil2008_fs__xml_formatting__000,P07_hyperpolarizing_step,h,always,"D,E"
pospischil2008_fs,pospischil2008_fs__xml_formatting__000,P07_hyperpolarizing_step,h/2,if detected at h,"D,E"
pospischil2008_fs,pospischil2008_fs__xml_formatting__000,P07_hyperpolarizing_step,h/4,if an apparent canonical survivor,"D,E"
pospischil2008_fs,pospischil2008_fs__xml_formatting__000,P08_rebound,h,always,"D,E"
pospischil2008_fs,pospischil2008_fs__xml_formatting__000,P08_rebound,h/2,if detected at h,"D,E"
pospischil2008_fs,pospischil2008_fs__xml_formatting__000,P08_rebound,h/4,if an apparent canonical survivor,"D,E"
pospischil2008_fs,pospischil2008_fs__xml_formatting__000,P09_short_pulse,h,always,"D,E"
pospischil2008_fs,pospischil2008_fs__xml_formatting__000,P09_short_pulse,h/2,if detected at h,"D,E"
pospischil2008_fs,pospischil2008_fs__xml_formatting__000,P09_short_pulse,h/4,if an apparent canonical survivor,"D,E"
pospischil2008_fs,pospischil2008_fs__add_comments__000,P00_canonical,h,always,"B,C"
pospischil2008_fs,pospischil2008_fs__add_comments__000,P00_canonical,h/2,if detected at h,"B,C"
pospischil2008_fs,pospischil2008_fs__add_comments__000,P00_canonical,h/4,if an apparent canonical survivor,"B,C"
pospischil2008_fs,pospischil2008_fs__add_comments__000,P02_weak_step,h,always,"D,E"
pospischil2008_fs,pospischil2008_fs__add_comments__000,P02_weak_step,h/2,if detected at h,"D,E"
pospischil2008_fs,pospischil2008_fs__add_comments__000,P02_weak_step,h/4,if an apparent canonical survivor,"D,E"
pospischil2008_fs,pospischil2008_fs__add_comments__000,P03_rheobase,h,always,"D,E"
pospischil2008_fs,pospischil2008_fs__add_comments__000,P03_rheobase,h/2,if detected at h,"D,E"
pospischil2008_fs,pospischil2008_fs__add_comments__000,P03_rheobase,h/4,if an apparent canonical survivor,"D,E"
pospischil2008_fs,pospischil2008_fs__add_comments__000,P04_step_2x,h,always,"D,E"
pospischil2008_fs,pospischil2008_fs__add_comments__000,P04_step_2x,h/2,if detected at h,"D,E"
pospischil2008_fs,pospischil2008_fs__add_comments__000,P04_step_2x,h/4,if an apparent canonical survivor,"D,E"
pospischil2008_fs,pospischil2008_fs__add_comments__000,P05_long_step,h,always,"D,E"
pospischil2008_fs,pospischil2008_fs__add_comments__000,P05_long_step,h/2,if detected at h,"D,E"
pospischil2008_fs,pospischil2008_fs__add_comments__000,P05_long_step,h/4,if an apparent canonical survivor,"D,E"
pospischil2008_fs,pospischil2008_fs__add_comments__000,P06_ramp,h,always,"D,E"
pospischil2008_fs,pospischil2008_fs__add_comments__000,P06_ramp,h/2,if detected at h,"D,E"
pospischil2008_fs,pospischil2008_fs__add_comments__000,P06_ramp,h/4,if an apparent canonical survivor,"D,E"
pospischil2008_fs,pospischil2008_fs__add_comments__000,P07_hyperpolarizing_step,h,always,"D,E"
pospischil2008_fs,pospischil2008_fs__add_comments__000,P07_hyperpolarizing_step,h/2,if detected at h,"D,E"
pospischil2008_fs,pospischil2008_fs__add_comments__000,P07_hyperpolarizing_step,h/4,if an apparent canonical survivor,"D,E"
pospischil2008_fs,pospischil2008_fs__add_comments__000,P08_rebound,h,always,"D,E"
pospischil2008_fs,pospischil2008_fs__add_comments__000,P08_rebound,h/2,if detected at h,"D,E"
pospischil2008_fs,pospischil2008_fs__add_comments__000,P08_rebound,h/4,if an apparent canonical survivor,"D,E"
pospischil2008_fs,pospischil2008_fs__add_comments__000,P09_short_pulse,h,always,"D,E"
pospischil2008_fs,pospischil2008_fs__add_comments__000,P09_short_pulse,h/2,if detected at h,"D,E"
pospischil2008_fs,pospischil2008_fs__add_comments__000,P09_short_pulse,h/4,if an apparent canonical survivor,"D,E"
pospischil2008_fs,pospischil2008_fs__numeric_literal_format__000,P00_canonical,h,always,"B,C"
pospischil2008_fs,pospischil2008_fs__numeric_literal_format__000,P00_canonical,h/2,if detected at h,"B,C"
pospischil2008_fs,pospischil2008_fs__numeric_literal_format__000,P00_canonical,h/4,if an apparent canonical survivor,"B,C"
pospischil2008_fs,pospischil2008_fs__numeric_literal_format__000,P02_weak_step,h,always,"D,E"
pospischil2008_fs,pospischil2008_fs__numeric_literal_format__000,P02_weak_step,h/2,if detected at h,"D,E"
pospischil2008_fs,pospischil2008_fs__numeric_literal_format__000,P02_weak_step,h/4,if an apparent canonical survivor,"D,E"
pospischil2008_fs,pospischil2008_fs__numeric_literal_format__000,P03_rheobase,h,always,"D,E"
pospischil2008_fs,pospischil2008_fs__numeric_literal_format__000,P03_rheobase,h/2,if detected at h,"D,E"
pospischil2008_fs,pospischil2008_fs__numeric_literal_format__000,P03_rheobase,h/4,if an apparent canonical survivor,"D,E"
pospischil2008_fs,pospischil2008_fs__numeric_literal_format__000,P04_step_2x,h,always,"D,E"
pospischil2008_fs,pospischil2008_fs__numeric_literal_format__000,P04_step_2x,h/2,if detected at h,"D,E"
pospischil2008_fs,pospischil2008_fs__numeric_literal_format__000,P04_step_2x,h/4,if an apparent canonical survivor,"D,E"
pospischil2008_fs,pospischil2008_fs__numeric_literal_format__000,P05_long_step,h,always,"D,E"
pospischil2008_fs,pospischil2008_fs__numeric_literal_format__000,P05_long_step,h/2,if detected at h,"D,E"
pospischil2008_fs,pospischil2008_fs__numeric_literal_format__000,P05_long_step,h/4,if an apparent canonical survivor,"D,E"
pospischil2008_fs,pospischil2008_fs__numeric_literal_format__000,P06_ramp,h,always,"D,E"
pospischil2008_fs,pospischil2008_fs__numeric_literal_format__000,P06_ramp,h/2,if detected at h,"D,E"
pospischil2008_fs,pospischil2008_fs__numeric_literal_format__000,P06_ramp,h/4,if an apparent canonical survivor,"D,E"
pospischil2008_fs,pospischil2008_fs__numeric_literal_format__000,P07_hyperpolarizing_step,h,always,"D,E"
pospischil2008_fs,pospischil2008_fs__numeric_literal_format__000,P07_hyperpolarizing_step,h/2,if detected at h,"D,E"
pospischil2008_fs,pospischil2008_fs__numeric_literal_format__000,P07_hyperpolarizing_step,h/4,if an apparent canonical survivor,"D,E"
pospischil2008_fs,pospischil2008_fs__numeric_literal_format__000,P08_rebound,h,always,"D,E"
pospischil2008_fs,pospischil2008_fs__numeric_literal_format__000,P08_rebound,h/2,if detected at h,"D,E"
pospischil2008_fs,pospischil2008_fs__numeric_literal_format__000,P08_rebound,h/4,if an apparent canonical survivor,"D,E"
pospischil2008_fs,pospischil2008_fs__numeric_literal_format__000,P09_short_pulse,h,always,"D,E"
pospischil2008_fs,pospischil2008_fs__numeric_literal_format__000,P09_short_pulse,h/2,if detected at h,"D,E"
pospischil2008_fs,pospischil2008_fs__numeric_literal_format__000,P09_short_pulse,h/4,if an apparent canonical survivor,"D,E"
pospischil2008_fs,pospischil2008_fs__rename_identifier__000,P00_canonical,h,always,"B,C"
pospischil2008_fs,pospischil2008_fs__rename_identifier__000,P00_canonical,h/2,if detected at h,"B,C"
pospischil2008_fs,pospischil2008_fs__rename_identifier__000,P00_canonical,h/4,if an apparent canonical survivor,"B,C"
pospischil2008_fs,pospischil2008_fs__rename_identifier__000,P02_weak_step,h,always,"D,E"
pospischil2008_fs,pospischil2008_fs__rename_identifier__000,P02_weak_step,h/2,if detected at h,"D,E"
pospischil2008_fs,pospischil2008_fs__rename_identifier__000,P02_weak_step,h/4,if an apparent canonical survivor,"D,E"
pospischil2008_fs,pospischil2008_fs__rename_identifier__000,P03_rheobase,h,always,"D,E"
pospischil2008_fs,pospischil2008_fs__rename_identifier__000,P03_rheobase,h/2,if detected at h,"D,E"
pospischil2008_fs,pospischil2008_fs__rename_identifier__000,P03_rheobase,h/4,if an apparent canonical survivor,"D,E"
pospischil2008_fs,pospischil2008_fs__rename_identifier__000,P04_step_2x,h,always,"D,E"
pospischil2008_fs,pospischil2008_fs__rename_identifier__000,P04_step_2x,h/2,if detected at h,"D,E"
pospischil2008_fs,pospischil2008_fs__rename_identifier__000,P04_step_2x,h/4,if an apparent canonical survivor,"D,E"
pospischil2008_fs,pospischil2008_fs__rename_identifier__000,P05_long_step,h,always,"D,E"
pospischil2008_fs,pospischil2008_fs__rename_identifier__000,P05_long_step,h/2,if detected at h,"D,E"
pospischil2008_fs,pospischil2008_fs__rename_identifier__000,P05_long_step,h/4,if an apparent canonical survivor,"D,E"
pospischil2008_fs,pospischil2008_fs__rename_identifier__000,P06_ramp,h,always,"D,E"
pospischil2008_fs,pospischil2008_fs__rename_identifier__000,P06_ramp,h/2,if detected at h,"D,E"
pospischil2008_fs,pospischil2008_fs__rename_identifier__000,P06_ramp,h/4,if an apparent canonical survivor,"D,E"
pospischil2008_fs,pospischil2008_fs__rename_identifier__000,P07_hyperpolarizing_step,h,always,"D,E"
pospischil2008_fs,pospischil2008_fs__rename_identifier__000,P07_hyperpolarizing_step,h/2,if detected at h,"D,E"
pospischil2008_fs,pospischil2008_fs__rename_identifier__000,P07_hyperpolarizing_step,h/4,if an apparent canonical survivor,"D,E"
pospischil2008_fs,pospischil2008_fs__rename_identifier__000,P08_rebound,h,always,"D,E"
pospischil2008_fs,pospischil2008_fs__rename_identifier__000,P08_rebound,h/2,if detected at h,"D,E"
pospischil2008_fs,pospischil2008_fs__rename_identifier__000,P08_rebound,h/4,if an apparent canonical survivor,"D,E"
pospischil2008_fs,pospischil2008_fs__rename_identifier__000,P09_short_pulse,h,always,"D,E"
pospischil2008_fs,pospischil2008_fs__rename_identifier__000,P09_short_pulse,h/2,if detected at h,"D,E"
pospischil2008_fs,pospischil2008_fs__rename_identifier__000,P09_short_pulse,h/4,if an apparent canonical survivor,"D,E"
pospischil2008_fs,pospischil2008_fs__factor_file__000,P00_canonical,h,always,"B,C"
pospischil2008_fs,pospischil2008_fs__factor_file__000,P00_canonical,h/2,if detected at h,"B,C"
pospischil2008_fs,pospischil2008_fs__factor_file__000,P00_canonical,h/4,if an apparent canonical survivor,"B,C"
pospischil2008_fs,pospischil2008_fs__factor_file__000,P02_weak_step,h,always,"D,E"
pospischil2008_fs,pospischil2008_fs__factor_file__000,P02_weak_step,h/2,if detected at h,"D,E"
pospischil2008_fs,pospischil2008_fs__factor_file__000,P02_weak_step,h/4,if an apparent canonical survivor,"D,E"
pospischil2008_fs,pospischil2008_fs__factor_file__000,P03_rheobase,h,always,"D,E"
pospischil2008_fs,pospischil2008_fs__factor_file__000,P03_rheobase,h/2,if detected at h,"D,E"
pospischil2008_fs,pospischil2008_fs__factor_file__000,P03_rheobase,h/4,if an apparent canonical survivor,"D,E"
pospischil2008_fs,pospischil2008_fs__factor_file__000,P04_step_2x,h,always,"D,E"
pospischil2008_fs,pospischil2008_fs__factor_file__000,P04_step_2x,h/2,if detected at h,"D,E"
pospischil2008_fs,pospischil2008_fs__factor_file__000,P04_step_2x,h/4,if an apparent canonical survivor,"D,E"
pospischil2008_fs,pospischil2008_fs__factor_file__000,P05_long_step,h,always,"D,E"
pospischil2008_fs,pospischil2008_fs__factor_file__000,P05_long_step,h/2,if detected at h,"D,E"
pospischil2008_fs,pospischil2008_fs__factor_file__000,P05_long_step,h/4,if an apparent canonical survivor,"D,E"
pospischil2008_fs,pospischil2008_fs__factor_file__000,P06_ramp,h,always,"D,E"
pospischil2008_fs,pospischil2008_fs__factor_file__000,P06_ramp,h/2,if detected at h,"D,E"
pospischil2008_fs,pospischil2008_fs__factor_file__000,P06_ramp,h/4,if an apparent canonical survivor,"D,E"
pospischil2008_fs,pospischil2008_fs__factor_file__000,P07_hyperpolarizing_step,h,always,"D,E"
pospischil2008_fs,pospischil2008_fs__factor_file__000,P07_hyperpolarizing_step,h/2,if detected at h,"D,E"
pospischil2008_fs,pospischil2008_fs__factor_file__000,P07_hyperpolarizing_step,h/4,if an apparent canonical survivor,"D,E"
pospischil2008_fs,pospischil2008_fs__factor_file__000,P08_rebound,h,always,"D,E"
pospischil2008_fs,pospischil2008_fs__factor_file__000,P08_rebound,h/2,if detected at h,"D,E"
pospischil2008_fs,pospischil2008_fs__factor_file__000,P08_rebound,h/4,if an apparent canonical survivor,"D,E"
pospischil2008_fs,pospischil2008_fs__factor_file__000,P09_short_pulse,h,always,"D,E"
pospischil2008_fs,pospischil2008_fs__factor_file__000,P09_short_pulse,h/2,if detected at h,"D,E"
pospischil2008_fs,pospischil2008_fs__factor_file__000,P09_short_pulse,h/4,if an apparent canonical survivor,"D,E"
pospischil2008_fs,pospischil2008_fs__reorder_independent__000,P00_canonical,h,always,"B,C"
pospischil2008_fs,pospischil2008_fs__reorder_independent__000,P00_canonical,h/2,if detected at h,"B,C"
pospischil2008_fs,pospischil2008_fs__reorder_independent__000,P00_canonical,h/4,if an apparent canonical survivor,"B,C"
pospischil2008_fs,pospischil2008_fs__reorder_independent__000,P02_weak_step,h,always,"D,E"
pospischil2008_fs,pospischil2008_fs__reorder_independent__000,P02_weak_step,h/2,if detected at h,"D,E"
pospischil2008_fs,pospischil2008_fs__reorder_independent__000,P02_weak_step,h/4,if an apparent canonical survivor,"D,E"
pospischil2008_fs,pospischil2008_fs__reorder_independent__000,P03_rheobase,h,always,"D,E"
pospischil2008_fs,pospischil2008_fs__reorder_independent__000,P03_rheobase,h/2,if detected at h,"D,E"
pospischil2008_fs,pospischil2008_fs__reorder_independent__000,P03_rheobase,h/4,if an apparent canonical survivor,"D,E"
pospischil2008_fs,pospischil2008_fs__reorder_independent__000,P04_step_2x,h,always,"D,E"
pospischil2008_fs,pospischil2008_fs__reorder_independent__000,P04_step_2x,h/2,if detected at h,"D,E"
pospischil2008_fs,pospischil2008_fs__reorder_independent__000,P04_step_2x,h/4,if an apparent canonical survivor,"D,E"
pospischil2008_fs,pospischil2008_fs__reorder_independent__000,P05_long_step,h,always,"D,E"
pospischil2008_fs,pospischil2008_fs__reorder_independent__000,P05_long_step,h/2,if detected at h,"D,E"
pospischil2008_fs,pospischil2008_fs__reorder_independent__000,P05_long_step,h/4,if an apparent canonical survivor,"D,E"
pospischil2008_fs,pospischil2008_fs__reorder_independent__000,P06_ramp,h,always,"D,E"
pospischil2008_fs,pospischil2008_fs__reorder_independent__000,P06_ramp,h/2,if detected at h,"D,E"
pospischil2008_fs,pospischil2008_fs__reorder_independent__000,P06_ramp,h/4,if an apparent canonical survivor,"D,E"
pospischil2008_fs,pospischil2008_fs__reorder_independent__000,P07_hyperpolarizing_step,h,always,"D,E"
pospischil2008_fs,pospischil2008_fs__reorder_independent__000,P07_hyperpolarizing_step,h/2,if detected at h,"D,E"
pospischil2008_fs,pospischil2008_fs__reorder_independent__000,P07_hyperpolarizing_step,h/4,if an apparent canonical survivor,"D,E"
pospischil2008_fs,pospischil2008_fs__reorder_independent__000,P08_rebound,h,always,"D,E"
pospischil2008_fs,pospischil2008_fs__reorder_independent__000,P08_rebound,h/2,if detected at h,"D,E"
pospischil2008_fs,pospischil2008_fs__reorder_independent__000,P08_rebound,h/4,if an apparent canonical survivor,"D,E"
pospischil2008_fs,pospischil2008_fs__reorder_independent__000,P09_short_pulse,h,always,"D,E"
pospischil2008_fs,pospischil2008_fs__reorder_independent__000,P09_short_pulse,h/2,if detected at h,"D,E"
pospischil2008_fs,pospischil2008_fs__reorder_independent__000,P09_short_pulse,h/4,if an apparent canonical survivor,"D,E"
pospischil2008_fs,pospischil2008_fs__explicit_default__000,P00_canonical,h,always,"B,C"
pospischil2008_fs,pospischil2008_fs__explicit_default__000,P00_canonical,h/2,if detected at h,"B,C"
pospischil2008_fs,pospischil2008_fs__explicit_default__000,P00_canonical,h/4,if an apparent canonical survivor,"B,C"
pospischil2008_fs,pospischil2008_fs__explicit_default__000,P02_weak_step,h,always,"D,E"
pospischil2008_fs,pospischil2008_fs__explicit_default__000,P02_weak_step,h/2,if detected at h,"D,E"
pospischil2008_fs,pospischil2008_fs__explicit_default__000,P02_weak_step,h/4,if an apparent canonical survivor,"D,E"
pospischil2008_fs,pospischil2008_fs__explicit_default__000,P03_rheobase,h,always,"D,E"
pospischil2008_fs,pospischil2008_fs__explicit_default__000,P03_rheobase,h/2,if detected at h,"D,E"
pospischil2008_fs,pospischil2008_fs__explicit_default__000,P03_rheobase,h/4,if an apparent canonical survivor,"D,E"
pospischil2008_fs,pospischil2008_fs__explicit_default__000,P04_step_2x,h,always,"D,E"
pospischil2008_fs,pospischil2008_fs__explicit_default__000,P04_step_2x,h/2,if detected at h,"D,E"
pospischil2008_fs,pospischil2008_fs__explicit_default__000,P04_step_2x,h/4,if an apparent canonical survivor,"D,E"
pospischil2008_fs,pospischil2008_fs__explicit_default__000,P05_long_step,h,always,"D,E"
pospischil2008_fs,pospischil2008_fs__explicit_default__000,P05_long_step,h/2,if detected at h,"D,E"
pospischil2008_fs,pospischil2008_fs__explicit_default__000,P05_long_step,h/4,if an apparent canonical survivor,"D,E"
pospischil2008_fs,pospischil2008_fs__explicit_default__000,P06_ramp,h,always,"D,E"
pospischil2008_fs,pospischil2008_fs__explicit_default__000,P06_ramp,h/2,if detected at h,"D,E"
pospischil2008_fs,pospischil2008_fs__explicit_default__000,P06_ramp,h/4,if an apparent canonical survivor,"D,E"
pospischil2008_fs,pospischil2008_fs__explicit_default__000,P07_hyperpolarizing_step,h,always,"D,E"
pospischil2008_fs,pospischil2008_fs__explicit_default__000,P07_hyperpolarizing_step,h/2,if detected at h,"D,E"
pospischil2008_fs,pospischil2008_fs__explicit_default__000,P07_hyperpolarizing_step,h/4,if an apparent canonical survivor,"D,E"
pospischil2008_fs,pospischil2008_fs__explicit_default__000,P08_rebound,h,always,"D,E"
pospischil2008_fs,pospischil2008_fs__explicit_default__000,P08_rebound,h/2,if detected at h,"D,E"
pospischil2008_fs,pospischil2008_fs__explicit_default__000,P08_rebound,h/4,if an apparent canonical survivor,"D,E"
pospischil2008_fs,pospischil2008_fs__explicit_default__000,P09_short_pulse,h,always,"D,E"
pospischil2008_fs,pospischil2008_fs__explicit_default__000,P09_short_pulse,h/2,if detected at h,"D,E"
pospischil2008_fs,pospischil2008_fs__explicit_default__000,P09_short_pulse,h/4,if an apparent canonical survivor,"D,E"
