variant_id,model_id,level_factor,protocol_id,feature,reason,ref_value,var_value,diff,tau,ref_run_id,var_run_id
m-scale_conductance-56da844943,pospischil2008_rs,1,P00_canonical,adaptation_index,exceeds,0.2988218828985024,0.5961483092869254,0.297326426388423,0.029882188289850245,r-5171ec6a0414fa8c47f8,r-9ac73645c86e12ac0949
m-scale_conductance-56da844943,pospischil2008_rs,1,P00_canonical,first_isi,exceeds,28.06999999997447,31.659999999971205,3.589999999996735,0.5613999999994894,r-5171ec6a0414fa8c47f8,r-9ac73645c86e12ac0949
m-scale_conductance-56da844943,pospischil2008_rs,1,P00_canonical,last_isi,exceeds,135.97999999987638,249.46999999977317,113.48999999989678,2.7195999999975276,r-5171ec6a0414fa8c47f8,r-9ac73645c86e12ac0949
m-scale_conductance-56da844943,pospischil2008_rs,1,P00_canonical,mean_frequency,exceeds,17.03113291098414,10.944511327583005,6.086621583401136,0.8515566455492071,r-5171ec6a0414fa8c47f8,r-9ac73645c86e12ac0949
m-scale_conductance-56da844943,pospischil2008_rs,1,P00_canonical,spike_count,exceeds,5.0,4.0,1.0,0.5,r-5171ec6a0414fa8c47f8,r-9ac73645c86e12ac0949
m-scale_conductance-56da844943,pospischil2008_rs,1,P03_rheobase,rheobase,exceeds,0.5606515948364182,0.5721262208865514,0.011474626050133163,0.011213031896728365,s-e75f45f43aa09d678807,s-b1a5762bba50d52a479f
m-scale_conductance-56da844943,pospischil2008_rs,1,P04_step_2x,adaptation_index,exceeds,0.018020491828063687,0.03280420790877508,0.014783716080711391,0.01,r-0c0f3a761516cf334965,r-fd20409f762963c4c12e
m-scale_conductance-56da844943,pospischil2008_rs,1,P04_step_2x,last_isi,exceeds,28.16999999997438,37.78999999996563,9.61999999999125,0.5633999999994876,r-0c0f3a761516cf334965,r-fd20409f762963c4c12e
m-scale_conductance-56da844943,pospischil2008_rs,1,P04_step_2x,mean_frequency,exceeds,44.11292909854356,36.36441421211172,7.748514886431842,2.205646454927178,r-0c0f3a761516cf334965,r-fd20409f762963c4c12e
m-scale_conductance-56da844943,pospischil2008_rs,1,P04_step_2x,spike_count,exceeds,22.0,17.0,5.0,0.5,r-0c0f3a761516cf334965,r-fd20409f762963c4c12e
m-scale_conductance-56da844943,pospischil2008_rs,1,P05_long_step,adaptation_index,exceeds,0.02130270892949869,0.04297364534361711,0.021670936414118422,0.01,r-6299bd8dadd5e9592d63,r-738317bd97eedc831da7
m-scale_conductance-56da844943,pospischil2008_rs,1,P05_long_step,first_isi,exceeds,21.2199999999807,22.7599999999793,1.5399999999985994,0.5999999999994543,r-6299bd8dadd5e9592d63,r-738317bd97eedc831da7
m-scale_conductance-56da844943,pospischil2008_rs,1,P05_long_step,last_isi,exceeds,78.13000000170541,123.58000000269749,45.45000000099208,1.5626000000341083,r-6299bd8dadd5e9592d63,r-738317bd97eedc831da7
m-scale_conductance-56da844943,pospischil2008_rs,1,P05_long_step,mean_frequency,exceeds,14.694109182274286,9.852370013522695,4.841739168751591,0.7347054591137143,r-6299bd8dadd5e9592d63,r-738317bd97eedc831da7
m-scale_conductance-56da844943,pospischil2008_rs,1,P05_long_step,spike_count,exceeds,29.0,19.0,10.0,0.5,r-6299bd8dadd5e9592d63,r-738317bd97eedc831da7
m-scale_conductance-56da844943,pospischil2008_rs,1,P06_ramp,first_spike_latency,exceeds,381.69999999952506,394.04999999951383,12.349999999988768,7.633999999990501,r-7054f91d1e6b5f4b29f8,r-edd29d951fd4a5172220
m-scale_conductance-56da844943,pospischil2008_rs,1,P06_ramp,mean_frequency,exceeds,30.288956646438177,26.052104208443865,4.236852437994312,1.5144478323219088,r-7054f91d1e6b5f4b29f8,r-edd29d951fd4a5172220
m-scale_conductance-56da844943,pospischil2008_rs,1,P06_ramp,spike_count,exceeds,30.0,26.0,4.0,0.5,r-7054f91d1e6b5f4b29f8,r-edd29d951fd4a5172220
m-scale_conductance-56da844943,pospischil2008_rs,2,P00_canonical,adaptation_index,exceeds,0.2989579287624928,0.5966418866957192,0.2976839579332264,0.029882188289850245,r-35d4f8d415fe0d06a895,r-794e9c0d0d549109432a
m-scale_conductance-56da844943,pospischil2008_rs,2,P00_canonical,first_isi,exceeds,28.029999999974507,31.60999999997125,3.579999999996744,0.5613999999994894,r-35d4f8d415fe0d06a895,r-794e9c0d0d549109432a
m-scale_conductance-56da844943,pospischil2008_rs,2,P00_canonical,last_isi,exceeds,135.78999999987656,249.13999999977347,113.34999999989691,2.7195999999975276,r-35d4f8d415fe0d06a895,r-794e9c0d0d549109432a
m-scale_conductance-56da844943,pospischil2008_rs,2,P00_canonical,mean_frequency,exceeds,17.059606264310375,10.961606971595842,6.097999292714533,0.8515566455492071,r-35d4f8d415fe0d06a895,r-794e9c0d0d549109432a
m-scale_conductance-56da844943,pospischil2008_rs,2,P00_canonical,spike_count,exceeds,5.0,4.0,1.0,0.5,r-35d4f8d415fe0d06a895,r-794e9c0d0d549109432a
m-scale_conductance-56da844943,pospischil2008_rs,2,P03_rheobase,rheobase,exceeds,0.5606515948364182,0.5721262208865514,0.011474626050133163,0.011213031896728365,s-3f9a22347a7b118b5e38,s-173f8c7e0eab95fc11d5
m-scale_conductance-56da844943,pospischil2008_rs,2,P04_step_2x,adaptation_index,exceeds,0.018206269147133136,0.033066418846038045,0.01486014969890491,0.01,r-13ae588754662eb409bf,r-6c8ce186ad5e6266e201
m-scale_conductance-56da844943,pospischil2008_rs,2,P04_step_2x,last_isi,exceeds,28.06999999997447,37.68999999996572,9.61999999999125,0.5633999999994876,r-13ae588754662eb409bf,r-6c8ce186ad5e6266e201
m-scale_conductance-56da844943,pospischil2008_rs,2,P04_step_2x,mean_frequency,exceeds,44.38974193423394,36.569363478004895,7.820378456229044,2.205646454927178,r-13ae588754662eb409bf,r-6c8ce186ad5e6266e201
m-scale_conductance-56da844943,pospischil2008_rs,2,P04_step_2x,spike_count,exceeds,22.0,17.0,5.0,0.5,r-13ae588754662eb409bf,r-6c8ce186ad5e6266e201
m-scale_conductance-56da844943,pospischil2008_rs,2,P05_long_step,adaptation_index,exceeds,0.021450084876352596,0.043211298708767505,0.02176121383241491,0.01,r-a71c890435a70aeaf61b,r-4091ca8f6c8b66cb4b87
m-scale_conductance-56da844943,pospischil2008_rs,2,P05_long_step,first_isi,exceeds,21.019999999980882,22.5399999999795,1.5199999999986176,0.5999999999994543,r-a71c890435a70aeaf61b,r-4091ca8f6c8b66cb4b87
m-scale_conductance-56da844943,pospischil2008_rs,2,P05_long_step,last_isi,exceeds,77.97000000170192,123.3100000026916,45.340000000989676,1.5626000000341083,r-a71c890435a70aeaf61b,r-4091ca8f6c8b66cb4b87
m-scale_conductance-56da844943,pospischil2008_rs,2,P05_long_step,mean_frequency,exceeds,14.734349834088421,9.882862076846704,4.851487757241717,0.7347054591137143,r-a71c890435a70aeaf61b,r-4091ca8f6c8b66cb4b87
m-scale_conductance-56da844943,pospischil2008_rs,2,P05_long_step,spike_count,exceeds,29.0,19.0,10.0,0.5,r-a71c890435a70aeaf61b,r-4091ca8f6c8b66cb4b87
m-scale_conductance-56da844943,pospischil2008_rs,2,P06_ramp,first_spike_latency,exceeds,381.6399999995251,393.9999999995139,12.359999999988759,7.633999999990501,r-2c42dd73d53f21fe7690,r-e0b10467288842f47021
m-scale_conductance-56da844943,pospischil2008_rs,2,P06_ramp,mean_frequency,exceeds,30.358227079570092,26.102059050916065,4.256168028654027,1.5144478323219088,r-2c42dd73d53f21fe7690,r-e0b10467288842f47021
m-scale_conductance-56da844943,pospischil2008_rs,2,P06_ramp,spike_count,exceeds,30.0,26.0,4.0,0.5,r-2c42dd73d53f21fe7690,r-e0b10467288842f47021
m-scale_conductance-fa05b19484,pospischil2008_rs,1,P00_canonical,last_isi,exceeds,135.97999999987638,145.27999999986793,9.299999999991542,2.7195999999975276,r-5171ec6a0414fa8c47f8,r-dac995eb6d373954ec3d
m-scale_conductance-fa05b19484,pospischil2008_rs,1,P05_long_step,last_isi,exceeds,78.13000000170541,79.88000000174361,1.7500000000381988,1.5626000000341083,r-6299bd8dadd5e9592d63,r-a4cf886c8333383bda2f
m-scale_conductance-fa05b19484,pospischil2008_rs,1,P05_long_step,spike_count,exceeds,29.0,28.0,1.0,0.5,r-6299bd8dadd5e9592d63,r-a4cf886c8333383bda2f
m-scale_conductance-fa05b19484,pospischil2008_rs,2,P00_canonical,last_isi,exceeds,135.78999999987656,145.02999999986815,9.239999999991596,2.7195999999975276,r-35d4f8d415fe0d06a895,r-5246dce83f2b61542ac0
m-scale_conductance-fa05b19484,pospischil2008_rs,2,P05_long_step,last_isi,exceeds,77.97000000170192,79.69000000173946,1.720000000037544,1.5626000000341083,r-a71c890435a70aeaf61b,r-bbae3c10fed62c22ba3b
m-scale_conductance-fa05b19484,pospischil2008_rs,2,P05_long_step,spike_count,exceeds,29.0,28.0,1.0,0.5,r-a71c890435a70aeaf61b,r-bbae3c10fed62c22ba3b
m-shift_reversal-2d2e2ab474,pospischil2008_rs,1,P00_canonical,ahp_depth,exceeds,2.861194747922525,1.0964166132608995,1.7647781346616256,0.5,r-5171ec6a0414fa8c47f8,r-a255a0e68b4fe7838d16
m-shift_reversal-2d2e2ab474,pospischil2008_rs,1,P00_canonical,first_isi,exceeds,28.06999999997447,28.649999999973943,0.5799999999994725,0.5613999999994894,r-5171ec6a0414fa8c47f8,r-a255a0e68b4fe7838d16
m-shift_reversal-2d2e2ab474,pospischil2008_rs,1,P00_canonical,last_isi,exceeds,135.97999999987638,127.61999999988399,8.359999999992397,2.7195999999975276,r-5171ec6a0414fa8c47f8,r-a255a0e68b4fe7838d16
m-shift_reversal-2d2e2ab474,pospischil2008_rs,1,P04_step_2x,ahp_depth,exceeds,3.2025415878387236,1.352504976912826,1.8500366109258977,1.2209928283251514,r-0c0f3a761516cf334965,r-e6c173037eedaf6c7652
m-shift_reversal-2d2e2ab474,pospischil2008_rs,1,P05_long_step,ahp_depth,exceeds,2.4773294906594145,0.6490366541551253,1.8282928365042892,1.1999814758247567,r-6299bd8dadd5e9592d63,r-a52c5c581bac2b397085
m-shift_reversal-2d2e2ab474,pospischil2008_rs,1,P05_long_step,last_isi,exceeds,78.13000000170541,75.95000000165783,2.1800000000475848,1.5626000000341083,r-6299bd8dadd5e9592d63,r-a52c5c581bac2b397085
m-shift_reversal-2d2e2ab474,pospischil2008_rs,1,P05_long_step,spike_count,exceeds,29.0,30.0,1.0,0.5,r-6299bd8dadd5e9592d63,r-a52c5c581bac2b397085
m-shift_reversal-2d2e2ab474,pospischil2008_rs,1,P09_short_pulse,ahp_depth,exceeds,-1.4308354873657265,-2.1663091100055,0.7354736226397733,0.5,r-4a031cb8037cbebd46bc,r-597ad9f273a6212779f8
m-shift_reversal-2d2e2ab474,pospischil2008_rs,2,P00_canonical,ahp_depth,exceeds,2.9394112752346615,1.181453826908836,1.7579574483258256,0.5,r-35d4f8d415fe0d06a895,r-226aee214471f6de555f
m-shift_reversal-2d2e2ab474,pospischil2008_rs,2,P00_canonical,first_isi,exceeds,28.029999999974507,28.59999999997399,0.5699999999994816,0.5613999999994894,r-35d4f8d415fe0d06a895,r-226aee214471f6de555f
m-shift_reversal-2d2e2ab474,pospischil2008_rs,2,P00_canonical,last_isi,exceeds,135.78999999987656,127.41999999988417,8.369999999992388,2.7195999999975276,r-35d4f8d415fe0d06a895,r-226aee214471f6de555f
m-shift_reversal-2d2e2ab474,pospischil2008_rs,2,P04_step_2x,ahp_depth,exceeds,3.6095391972804407,1.7937890930239462,1.8157501042564945,1.2209928283251514,r-13ae588754662eb409bf,r-b453b3c86fd0e9f06e1f
m-shift_reversal-2d2e2ab474,pospischil2008_rs,2,P05_long_step,ahp_depth,exceeds,2.8773233159343334,1.083431426999752,1.7938918889345814,1.1999814758247567,r-a71c890435a70aeaf61b,r-8da780549e5a3d6c602b
m-shift_reversal-2d2e2ab474,pospischil2008_rs,2,P05_long_step,last_isi,exceeds,77.97000000170192,75.82000000165499,2.15000000004693,1.5626000000341083,r-a71c890435a70aeaf61b,r-8da780549e5a3d6c602b
m-shift_reversal-2d2e2ab474,pospischil2008_rs,2,P05_long_step,spike_count,exceeds,29.0,30.0,1.0,0.5,r-a71c890435a70aeaf61b,r-8da780549e5a3d6c602b
m-shift_reversal-8c42fb9d1f,pospischil2008_rs,1,P00_canonical,adaptation_index,exceeds,0.2988218828985024,0.1958150759218347,0.10300680697666773,0.029882188289850245,r-5171ec6a0414fa8c47f8,r-45fcdf2e68e6863c652f
m-shift_reversal-8c42fb9d1f,pospischil2008_rs,1,P00_canonical,first_isi,exceeds,28.06999999997447,26.84999999997558,1.2199999999988904,0.5613999999994894,r-5171ec6a0414fa8c47f8,r-45fcdf2e68e6863c652f
m-shift_reversal-8c42fb9d1f,pospischil2008_rs,1,P00_canonical,last_isi,exceeds,135.97999999987638,115.83999999989464,20.13999999998174,2.7195999999975276,r-5171ec6a0414fa8c47f8,r-45fcdf2e68e6863c652f
m-shift_reversal-8c42fb9d1f,pospischil2008_rs,1,P00_canonical,mean_frequency,exceeds,17.03113291098414,18.055430170647178,1.0242972596630366,0.8515566455492071,r-5171ec6a0414fa8c47f8,r-45fcdf2e68e6863c652f
m-shift_reversal-8c42fb9d1f,pospischil2008_rs,1,P00_canonical,spike_count,exceeds,5.0,6.0,1.0,0.5,r-5171ec6a0414fa8c47f8,r-45fcdf2e68e6863c652f
m-shift_reversal-8c42fb9d1f,pospischil2008_rs,1,P04_step_2x,last_isi,exceeds,28.16999999997438,25.039999999977226,3.1299999999971533,0.5633999999994876,r-0c0f3a761516cf334965,r-5e578bef69dbace28f56
m-shift_reversal-8c42fb9d1f,pospischil2008_rs,1,P04_step_2x,mean_frequency,exceeds,44.11292909854356,48.408823034237884,4.295893935694323,2.205646454927178,r-0c0f3a761516cf334965,r-5e578bef69dbace28f56
m-shift_reversal-8c42fb9d1f,pospischil2008_rs,1,P04_step_2x,spike_count,exceeds,22.0,23.0,1.0,0.5,r-0c0f3a761516cf334965,r-5e578bef69dbace28f56
m-shift_reversal-8c42fb9d1f,pospischil2008_rs,1,P05_long_step,last_isi,exceeds,78.13000000170541,64.63000000141074,13.500000000294676,1.5626000000341083,r-6299bd8dadd5e9592d63,r-1372350a9302ee1e3835
m-shift_reversal-8c42fb9d1f,pospischil2008_rs,1,P05_long_step,mean_frequency,exceeds,14.694109182274286,17.43464571771925,2.7405365354449636,0.7347054591137143,r-6299bd8dadd5e9592d63,r-1372350a9302ee1e3835
m-shift_reversal-8c42fb9d1f,pospischil2008_rs,1,P05_long_step,spike_count,exceeds,29.0,34.0,5.0,0.5,r-6299bd8dadd5e9592d63,r-1372350a9302ee1e3835
m-shift_reversal-8c42fb9d1f,pospischil2008_rs,1,P06_ramp,mean_frequency,exceeds,30.288956646438177,32.3706438723719,2.081687225933724,1.5144478323219088,r-7054f91d1e6b5f4b29f8,r-ff5a33b9a6c3a2f9a67e
m-shift_reversal-8c42fb9d1f,pospischil2008_rs,1,P06_ramp,spike_count,exceeds,30.0,32.0,2.0,0.5,r-7054f91d1e6b5f4b29f8,r-ff5a33b9a6c3a2f9a67e
m-shift_reversal-8c42fb9d1f,pospischil2008_rs,2,P00_canonical,adaptation_index,exceeds,0.2989579287624928,0.19599711253105992,0.10296081623143286,0.029882188289850245,r-35d4f8d415fe0d06a895,r-b111fa058bc93c767ff1
m-shift_reversal-8c42fb9d1f,pospischil2008_rs,2,P00_canonical,first_isi,exceeds,28.029999999974507,26.809999999975616,1.2199999999988904,0.5613999999994894,r-35d4f8d415fe0d06a895,r-b111fa058bc93c767ff1
m-shift_reversal-8c42fb9d1f,pospischil2008_rs,2,P00_canonical,last_isi,exceeds,135.78999999987656,115.73999999989474,20.04999999998182,2.7195999999975276,r-35d4f8d415fe0d06a895,r-b111fa058bc93c767ff1
m-shift_reversal-8c42fb9d1f,pospischil2008_rs,2,P00_canonical,mean_frequency,exceeds,17.059606264310375,18.08100289298387,1.0213966286734966,0.8515566455492071,r-35d4f8d415fe0d06a895,r-b111fa058bc93c767ff1
m-shift_reversal-8c42fb9d1f,pospischil2008_rs,2,P00_canonical,spike_count,exceeds,5.0,6.0,1.0,0.5,r-35d4f8d415fe0d06a895,r-b111fa058bc93c767ff1
m-shift_reversal-8c42fb9d1f,pospischil2008_rs,2,P04_step_2x,last_isi,exceeds,28.06999999997447,24.9599999999773,3.1099999999971715,0.5633999999994876,r-13ae588754662eb409bf,r-e7185d7886217209d533
m-shift_reversal-8c42fb9d1f,pospischil2008_rs,2,P04_step_2x,mean_frequency,exceeds,44.38974193423394,48.30237285412281,3.912630919888869,2.205646454927178,r-13ae588754662eb409bf,r-e7185d7886217209d533
m-shift_reversal-8c42fb9d1f,pospischil2008_rs,2,P04_step_2x,spike_count,exceeds,22.0,24.0,2.0,0.5,r-13ae588754662eb409bf,r-e7185d7886217209d533
m-shift_reversal-8c42fb9d1f,pospischil2008_rs,2,P05_long_step,last_isi,exceeds,77.97000000170192,64.5000000014079,13.470000000294021,1.5626000000341083,r-a71c890435a70aeaf61b,r-89dd767ea5af83bb40a0
m-shift_reversal-8c42fb9d1f,pospischil2008_rs,2,P05_long_step,mean_frequency,exceeds,14.734349834088421,17.483056861048237,2.7487070269598153,0.7347054591137143,r-a71c890435a70aeaf61b,r-89dd767ea5af83bb40a0
m-shift_reversal-8c42fb9d1f,pospischil2008_rs,2,P05_long_step,spike_count,exceeds,29.0,34.0,5.0,0.5,r-a71c890435a70aeaf61b,r-89dd767ea5af83bb40a0
m-shift_reversal-8c42fb9d1f,pospischil2008_rs,2,P06_ramp,mean_frequency,exceeds,30.358227079570092,33.07939053732382,2.7211634577537254,1.5144478323219088,r-2c42dd73d53f21fe7690,r-d020f3fc97949ace1566
m-shift_reversal-8c42fb9d1f,pospischil2008_rs,2,P06_ramp,spike_count,exceeds,30.0,33.0,3.0,0.5,r-2c42dd73d53f21fe7690,r-d020f3fc97949ace1566
m-scale_capacitance-ca8d29abe3,pospischil2008_rs,1,P00_canonical,ahp_depth,exceeds,2.861194747922525,4.057174591061013,1.1959798431384883,0.5,r-5171ec6a0414fa8c47f8,r-183a1e02fbb01dc92a07
m-scale_capacitance-ca8d29abe3,pospischil2008_rs,1,P00_canonical,first_isi,exceeds,28.06999999997447,30.129999999972597,2.0599999999981264,0.5613999999994894,r-5171ec6a0414fa8c47f8,r-183a1e02fbb01dc92a07
m-scale_capacitance-ca8d29abe3,pospischil2008_rs,1,P00_canonical,first_spike_latency,exceeds,20.749999999853287,22.78999999985143,2.0399999999981446,0.5,r-5171ec6a0414fa8c47f8,r-183a1e02fbb01dc92a07
m-scale_capacitance-ca8d29abe3,pospischil2008_rs,1,P00_canonical,last_isi,exceeds,135.97999999987638,139.11999999987353,3.139999999997144,2.7195999999975276,r-5171ec6a0414fa8c47f8,r-183a1e02fbb01dc92a07
m-scale_capacitance-ca8d29abe3,pospischil2008_rs,1,P00_canonical,mean_frequency,exceeds,17.03113291098414,16.148827595137945,0.882305315846196,0.8515566455492071,r-5171ec6a0414fa8c47f8,r-183a1e02fbb01dc92a07
m-scale_capacitance-ca8d29abe3,pospischil2008_rs,1,P04_step_2x,first_isi,exceeds,13.069999999988113,13.789999999987458,0.7199999999993452,0.5,r-0c0f3a761516cf334965,r-5f9468e9fd7a983e9e7a
m-scale_capacitance-ca8d29abe3,pospischil2008_rs,1,P04_step_2x,first_spike_latency,exceeds,10.689999999862437,11.709999999861509,1.0199999999990723,0.5,r-0c0f3a761516cf334965,r-5f9468e9fd7a983e9e7a
m-scale_capacitance-ca8d29abe3,pospischil2008_rs,1,P04_step_2x,last_isi,exceeds,28.16999999997438,29.449999999973215,1.2799999999988358,0.5633999999994876,r-0c0f3a761516cf334965,r-5f9468e9fd7a983e9e7a
m-scale_capacitance-ca8d29abe3,pospischil2008_rs,1,P04_step_2x,spike_count,exceeds,22.0,21.0,1.0,0.5,r-0c0f3a761516cf334965,r-5f9468e9fd7a983e9e7a
m-scale_capacitance-ca8d29abe3,pospischil2008_rs,1,P05_long_step,ahp_depth,exceeds,2.4773294906594145,3.6797485682145066,1.202419077555092,1.1999814758247567,r-6299bd8dadd5e9592d63,r-8a3760d27d9cf58ac3b4
m-scale_capacitance-ca8d29abe3,pospischil2008_rs,1,P05_long_step,first_isi,exceeds,21.2199999999807,22.619999999979427,1.3999999999987267,0.5999999999994543,r-6299bd8dadd5e9592d63,r-8a3760d27d9cf58ac3b4
m-scale_capacitance-ca8d29abe3,pospischil2008_rs,1,P05_long_step,first_spike_latency,exceeds,16.619999999857043,18.23999999985557,1.6199999999985266,0.5,r-6299bd8dadd5e9592d63,r-8a3760d27d9cf58ac3b4
m-scale_capacitance-ca8d29abe3,pospischil2008_rs,1,P05_long_step,last_isi,exceeds,78.13000000170541,79.95000000174514,1.8200000000397267,1.5626000000341083,r-6299bd8dadd5e9592d63,r-8a3760d27d9cf58ac3b4
m-scale_capacitance-ca8d29abe3,pospischil2008_rs,1,P05_long_step,spike_count,exceeds,29.0,28.0,1.0,0.5,r-6299bd8dadd5e9592d63,r-8a3760d27d9cf58ac3b4
m-scale_capacitance-ca8d29abe3,pospischil2008_rs,1,P06_ramp,spike_count,exceeds,30.0,29.0,1.0,0.5,r-7054f91d1e6b5f4b29f8,r-672d9a72aa0c3f844c7a
m-scale_capacitance-ca8d29abe3,pospischil2008_rs,2,P00_canonical,ahp_depth,exceeds,2.9394112752346615,4.133804214479838,1.1943929392451764,0.5,r-35d4f8d415fe0d06a895,r-65e9bb6ba9ae9370af4b
m-scale_capacitance-ca8d29abe3,pospischil2008_rs,2,P00_canonical,first_isi,exceeds,28.029999999974507,30.05999999997266,2.0299999999981537,0.5613999999994894,r-35d4f8d415fe0d06a895,r-65e9bb6ba9ae9370af4b
m-scale_capacitance-ca8d29abe3,pospischil2008_rs,2,P00_canonical,first_spike_latency,exceeds,20.739999999853296,22.78999999985143,2.0499999999981355,0.5,r-35d4f8d415fe0d06a895,r-65e9bb6ba9ae9370af4b
m-scale_capacitance-ca8d29abe3,pospischil2008_rs,2,P00_canonical,last_isi,exceeds,135.78999999987656,138.9199999998737,3.1299999999971533,2.7195999999975276,r-35d4f8d415fe0d06a895,r-65e9bb6ba9ae9370af4b
m-scale_capacitance-ca8d29abe3,pospischil2008_rs,2,P00_canonical,mean_frequency,exceeds,17.059606264310375,16.176518166251302,0.8830880980590727,0.8515566455492071,r-35d4f8d415fe0d06a895,r-65e9bb6ba9ae9370af4b
m-scale_capacitance-ca8d29abe3,pospischil2008_rs,2,P04_step_2x,first_isi,exceeds,12.92999999998824,13.639999999987594,0.7099999999993543,0.5,r-13ae588754662eb409bf,r-9f6ea343b1fcde7dffc0
m-scale_capacitance-ca8d29abe3,pospischil2008_rs,2,P04_step_2x,first_spike_latency,exceeds,10.659999999862464,11.679999999861536,1.0199999999990723,0.5,r-13ae588754662eb409bf,r-9f6ea343b1fcde7dffc0
m-scale_capacitance-ca8d29abe3,pospischil2008_rs,2,P04_step_2x,last_isi,exceeds,28.06999999997447,29.329999999973325,1.259999999998854,0.5633999999994876,r-13ae588754662eb409bf,r-9f6ea343b1fcde7dffc0
m-scale_capacitance-ca8d29abe3,pospischil2008_rs,2,P04_step_2x,spike_count,exceeds,22.0,21.0,1.0,0.5,r-13ae588754662eb409bf,r-9f6ea343b1fcde7dffc0
m-scale_capacitance-ca8d29abe3,pospischil2008_rs,2,P05_long_step,first_isi,exceeds,21.019999999980882,22.399999999979627,1.379999999998745,0.5999999999994543,r-a71c890435a70aeaf61b,r-e80c0d34d818a143dd28
m-scale_capacitance-ca8d29abe3,pospischil2008_rs,2,P05_long_step,first_spike_latency,exceeds,16.58999999985707,18.199999999855606,1.6099999999985357,0.5,r-a71c890435a70aeaf61b,r-e80c0d34d818a143dd28
m-scale_capacitance-ca8d29abe3,pospischil2008_rs,2,P05_long_step,last_isi,exceeds,77.97000000170192,79.78000000174143,1.8100000000395084,1.5626000000341083,r-a71c890435a70aeaf61b,r-e80c0d34d818a143dd28
m-scale_capacitance-ca8d29abe3,pospischil2008_rs,2,P05_long_step,spike_count,exceeds,29.0,28.0,1.0,0.5,r-a71c890435a70aeaf61b,r-e80c0d34d818a143dd28
m-scale_capacitance-ca8d29abe3,pospischil2008_rs,2,P06_ramp,spike_count,exceeds,30.0,29.0,1.0,0.5,r-2c42dd73d53f21fe7690,r-0667919fd0b9055e2bfa
m-scale_capacitance-a0c243c06e,pospischil2008_rs,1,P00_canonical,adaptation_index,exceeds,0.2988218828985024,0.2680047225501773,0.0308171603483251,0.029882188289850245,r-5171ec6a0414fa8c47f8,r-44409b16744c0ec94f4e
m-scale_capacitance-a0c243c06e,pospischil2008_rs,1,P00_canonical,ahp_depth,exceeds,2.861194747922525,11.688496167500816,8.82730141957829,0.5,r-5171ec6a0414fa8c47f8,r-44409b16744c0ec94f4e
m-scale_capacitance-a0c243c06e,pospischil2008_rs,1,P00_canonical,ap_amplitude,exceeds,88.85420990112726,82.50445556805262,6.349754333074642,1.7770841980225454,r-5171ec6a0414fa8c47f8,r-44409b16744c0ec94f4e
m-scale_capacitance-a0c243c06e,pospischil2008_rs,1,P00_canonical,ap_half_width,exceeds,0.6999999999993634,0.8199999999992542,0.11999999999989086,0.05,r-5171ec6a0414fa8c47f8,r-44409b16744c0ec94f4e
m-scale_capacitance-a0c243c06e,pospischil2008_rs,1,P00_canonical,first_isi,exceeds,28.06999999997447,44.31999999995969,16.24999999998522,0.5613999999994894,r-5171ec6a0414fa8c47f8,r-44409b16744c0ec94f4e
m-scale_capacitance-a0c243c06e,pospischil2008_rs,1,P00_canonical,first_spike_latency,exceeds,20.749999999853287,41.289999999834606,20.53999999998132,0.5,r-5171ec6a0414fa8c47f8,r-44409b16744c0ec94f4e
m-scale_capacitance-a0c243c06e,pospischil2008_rs,1,P00_canonical,last_isi,exceeds,135.97999999987638,118.13999999989261,17.839999999983775,2.7195999999975276,r-5171ec6a0414fa8c47f8,r-44409b16744c0ec94f4e
m-scale_capacitance-a0c243c06e,pospischil2008_rs,1,P00_canonical,mean_frequency,exceeds,17.03113291098414,14.708586137177855,2.3225467738062857,0.8515566455492071,r-5171ec6a0414fa8c47f8,r-44409b16744c0ec94f4e
m-scale_capacitance-a0c243c06e,pospischil2008_rs,1,P00_canonical,spike_count,exceeds,5.0,4.0,1.0,0.5,r-5171ec6a0414fa8c47f8,r-44409b16744c0ec94f4e
m-scale_capacitance-a0c243c06e,pospischil2008_rs,1,P03_rheobase,rheobase,exceeds,0.5606515948364182,0.5760193975821324,0.015367802745714143,0.011213031896728365,s-e75f45f43aa09d678807,s-f121d707f711c357a63c
m-scale_capacitance-a0c243c06e,pospischil2008_rs,1,P04_step_2x,ahp_depth,exceeds,3.2025415878387236,11.981625254316441,8.779083666477717,1.2209928283251514,r-0c0f3a761516cf334965,r-0988fb003e45615357db
m-scale_capacitance-a0c243c06e,pospischil2008_rs,1,P04_step_2x,ap_amplitude,exceeds,89.49588775782593,83.2560195934047,6.239868164421225,1.7899177551565186,r-0c0f3a761516cf334965,r-0988fb003e45615357db
m-scale_capacitance-a0c243c06e,pospischil2008_rs,1,P04_step_2x,ap_half_width,exceeds,0.6999999999993634,0.8299999999992451,0.12999999999988177,0.05,r-0c0f3a761516cf334965,r-0988fb003e45615357db
m-scale_capacitance-a0c243c06e,pospischil2008_rs,1,P04_step_2x,first_isi,exceeds,13.069999999988113,18.039999999983593,4.96999999999548,0.5,r-0c0f3a761516cf334965,r-0988fb003e45615357db
m-scale_capacitance-a0c243c06e,pospischil2008_rs,1,P04_step_2x,first_spike_latency,exceeds,10.689999999862437,20.88999999985316,10.199999999990723,0.5,r-0c0f3a761516cf334965,r-0988fb003e45615357db
m-scale_capacitance-a0c243c06e,pospischil2008_rs,1,P04_step_2x,last_isi,exceeds,28.16999999997438,37.87999999996555,9.709999999991169,0.5633999999994876,r-0c0f3a761516cf334965,r-0988fb003e45615357db
m-scale_capacitance-a0c243c06e,pospischil2008_rs,1,P04_step_2x,mean_frequency,exceeds,44.11292909854356,33.492422339485124,10.620506759058436,2.205646454927178,r-0c0f3a761516cf334965,r-0988fb003e45615357db
m-scale_capacitance-a0c243c06e,pospischil2008_rs,1,P04_step_2x,spike_count,exceeds,22.0,16.0,6.0,0.5,r-0c0f3a761516cf334965,r-0988fb003e45615357db
m-scale_capacitance-a0c243c06e,pospischil2008_rs,1,P05_long_step,ahp_depth,exceeds,2.4773294906594145,11.387055094403358,8.909725603743944,1.1999814758247567,r-6299bd8dadd5e9592d63,r-0e91d131df66c248cbb7
m-scale_capacitance-a0c243c06e,pospischil2008_rs,1,P05_long_step,ap_amplitude,exceeds,89.18265915023935,82.87628555444243,6.306373595796913,1.783653183004787,r-6299bd8dadd5e9592d63,r-0e91d131df66c248cbb7
m-scale_capacitance-a0c243c06e,pospischil2008_rs,1,P05_long_step,ap_half_width,exceeds,0.6999999999993634,0.8199999999992542,0.11999999999989086,0.05,r-6299bd8dadd5e9592d63,r-0e91d131df66c248cbb7
m-scale_capacitance-a0c243c06e,pospischil2008_rs,1,P05_long_step,first_isi,exceeds,21.2199999999807,31.659999999971205,10.439999999990505,0.5999999999994543,r-6299bd8dadd5e9592d63,r-0e91d131df66c248cbb7
m-scale_capacitance-a0c243c06e,pospischil2008_rs,1,P05_long_step,first_spike_latency,exceeds,16.619999999857043,32.81999999984231,16.199999999985266,0.5,r-6299bd8dadd5e9592d63,r-0e91d131df66c248cbb7
m-scale_capacitance-a0c243c06e,pospischil2008_rs,1,P05_long_step,last_isi,exceeds,78.13000000170541,96.57000000210792,18.440000000402506,1.5626000000341083,r-6299bd8dadd5e9592d63,r-0e91d131df66c248cbb7
m-scale_capacitance-a0c243c06e,pospischil2008_rs,1,P05_long_step,mean_frequency,exceeds,14.694109182274286,11.87335773392909,2.820751448345195,0.7347054591137143,r-6299bd8dadd5e9592d63,r-0e91d131df66c248cbb7
m-scale_capacitance-a0c243c06e,pospischil2008_rs,1,P05_long_step,spike_count,exceeds,29.0,23.0,6.0,0.5,r-6299bd8dadd5e9592d63,r-0e91d131df66c248cbb7
m-scale_capacitance-a0c243c06e,pospischil2008_rs,1,P06_ramp,first_spike_latency,exceeds,381.69999999952506,402.629999999506,20.929999999980964,7.633999999990501,r-7054f91d1e6b5f4b29f8,r-5dde3891fe7dea48c22e
m-scale_capacitance-a0c243c06e,pospischil2008_rs,1,P06_ramp,mean_frequency,exceeds,30.288956646438177,23.012656961352604,7.276299685085572,1.5144478323219088,r-7054f91d1e6b5f4b29f8,r-5dde3891fe7dea48c22e
m-scale_capacitance-a0c243c06e,pospischil2008_rs,1,P06_ramp,spike_count,exceeds,30.0,23.0,7.0,0.5,r-7054f91d1e6b5f4b29f8,r-5dde3891fe7dea48c22e
m-scale_capacitance-a0c243c06e,pospischil2008_rs,1,P09_short_pulse,ahp_depth,definedness,-1.4308354873657265,,,0.5,r-4a031cb8037cbebd46bc,r-866415d3cc534a0140cc
m-scale_capacitance-a0c243c06e,pospischil2008_rs,1,P09_short_pulse,ap_amplitude,exceeds,119.13114547927412,83.06359863387407,36.06754684540006,2.3826229095854825,r-4a031cb8037cbebd46bc,r-866415d3cc534a0140cc
m-scale_capacitance-a0c243c06e,pospischil2008_rs,1,P09_short_pulse,first_spike_latency,exceeds,2.1599999998701946,4.549999999868021,2.3899999999978263,0.5,r-4a031cb8037cbebd46bc,r-866415d3cc534a0140cc
m-scale_capacitance-a0c243c06e,pospischil2008_rs,1,P10_paired_pulses,ap_amplitude,exceeds,119.13114547927412,83.06359863387407,36.06754684540006,2.3826229095854825,r-4a031cb8037cbebd46bc,r-866415d3cc534a0140cc
m-scale_capacitance-a0c243c06e,pospischil2008_rs,1,P10_paired_pulses,first_isi,exceeds,23.09999999997899,22.229999999979782,0.8699999999992087,0.5,r-4a031cb8037cbebd46bc,r-866415d3cc534a0140cc
m-scale_capacitance-a0c243c06e,pospischil2008_rs,1,P10_paired_pulses,first_spike_latency,exceeds,2.1599999998701946,4.549999999868021,2.3899999999978263,0.5,r-4a031cb8037cbebd46bc,r-866415d3cc534a0140cc
m-scale_capacitance-a0c243c06e,pospischil2008_rs,2,P00_canonical,adaptation_index,exceeds,0.2989579287624928,0.26821655365407404,0.030741375108418734,0.029882188289850245,r-35d4f8d415fe0d06a895,r-b9519d46091d4501329a
m-scale_capacitance-a0c243c06e,pospischil2008_rs,2,P00_canonical,ahp_depth,exceeds,2.9394112752346615,11.751755269368488,8.812343994133826,0.5,r-35d4f8d415fe0d06a895,r-b9519d46091d4501329a
m-scale_capacitance-a0c243c06e,pospischil2008_rs,2,P00_canonical,ap_amplitude,exceeds,88.78027725318925,82.51181793361825,6.268459319571008,1.7770841980225454,r-35d4f8d415fe0d06a895,r-b9519d46091d4501329a
m-scale_capacitance-a0c243c06e,pospischil2008_rs,2,P00_canonical,ap_half_width,exceeds,0.6999999999993634,0.8299999999992451,0.12999999999988177,0.05,r-35d4f8d415fe0d06a895,r-b9519d46091d4501329a
m-scale_capacitance-a0c243c06e,pospischil2008_rs,2,P00_canonical,first_isi,exceeds,28.029999999974507,44.18999999995981,16.159999999985303,0.5613999999994894,r-35d4f8d415fe0d06a895,r-b9519d46091d4501329a
m-scale_capacitance-a0c243c06e,pospischil2008_rs,2,P00_canonical,first_spike_latency,exceeds,20.739999999853296,41.279999999834615,20.53999999998132,0.5,r-35d4f8d415fe0d06a895,r-b9519d46091d4501329a
m-scale_capacitance-a0c243c06e,pospischil2008_rs,2,P00_canonical,last_isi,exceeds,135.78999999987656,117.82999999989289,17.959999999983665,2.7195999999975276,r-35d4f8d415fe0d06a895,r-b9519d46091d4501329a
m-scale_capacitance-a0c243c06e,pospischil2008_rs,2,P00_canonical,mean_frequency,exceeds,17.059606264310375,14.744369493919873,2.315236770390502,0.8515566455492071,r-35d4f8d415fe0d06a895,r-b9519d46091d4501329a
m-scale_capacitance-a0c243c06e,pospischil2008_rs,2,P00_canonical,spike_count,exceeds,5.0,4.0,1.0,0.5,r-35d4f8d415fe0d06a895,r-b9519d46091d4501329a
m-scale_capacitance-a0c243c06e,pospischil2008_rs,2,P03_rheobase,rheobase,exceeds,0.5606515948364182,0.5760193975821324,0.015367802745714143,0.011213031896728365,s-3f9a22347a7b118b5e38,s-2bf577b6a0df1e6983dd
m-scale_capacitance-a0c243c06e,pospischil2008_rs,2,P04_step_2x,ahp_depth,exceeds,3.6095391972804407,12.31192836507229,8.70238916779185,1.2209928283251514,r-13ae588754662eb409bf,r-63d355e0ec7e170efafe
m-scale_capacitance-a0c243c06e,pospischil2008_rs,2,P04_step_2x,ap_amplitude,exceeds,89.44855880885186,83.07922363421721,6.369335174634642,1.7899177551565186,r-13ae588754662eb409bf,r-63d355e0ec7e170efafe
m-scale_capacitance-a0c243c06e,pospischil2008_rs,2,P04_step_2x,ap_half_width,exceeds,0.6999999999993634,0.8299999999992451,0.12999999999988177,0.05,r-13ae588754662eb409bf,r-63d355e0ec7e170efafe
m-scale_capacitance-a0c243c06e,pospischil2008_rs,2,P04_step_2x,first_isi,exceeds,12.92999999998824,17.739999999983866,4.809999999995625,0.5,r-13ae588754662eb409bf,r-63d355e0ec7e170efafe
m-scale_capacitance-a0c243c06e,pospischil2008_rs,2,P04_step_2x,first_spike_latency,exceeds,10.659999999862464,20.859999999853187,10.199999999990723,0.5,r-13ae588754662eb409bf,r-63d355e0ec7e170efafe
m-scale_capacitance-a0c243c06e,pospischil2008_rs,2,P04_step_2x,last_isi,exceeds,28.06999999997447,37.55999999996584,9.489999999991369,0.5633999999994876,r-13ae588754662eb409bf,r-63d355e0ec7e170efafe
m-scale_capacitance-a0c243c06e,pospischil2008_rs,2,P04_step_2x,mean_frequency,exceeds,44.38974193423394,33.90189638736918,10.487845546864762,2.205646454927178,r-13ae588754662eb409bf,r-63d355e0ec7e170efafe
m-scale_capacitance-a0c243c06e,pospischil2008_rs,2,P04_step_2x,spike_count,exceeds,22.0,16.0,6.0,0.5,r-13ae588754662eb409bf,r-63d355e0ec7e170efafe
m-scale_capacitance-a0c243c06e,pospischil2008_rs,2,P05_long_step,ahp_depth,exceeds,2.8773233159343334,11.711861226400224,8.83453791046589,1.1999814758247567,r-a71c890435a70aeaf61b,r-a73fa39fa835448e3f80
m-scale_capacitance-a0c243c06e,pospischil2008_rs,2,P05_long_step,ap_amplitude,exceeds,89.08078384555085,82.74891662729607,6.331867218254786,1.783653183004787,r-a71c890435a70aeaf61b,r-a73fa39fa835448e3f80
m-scale_capacitance-a0c243c06e,pospischil2008_rs,2,P05_long_step,ap_half_width,exceeds,0.6999999999993634,0.8299999999992451,0.12999999999988177,0.05,r-a71c890435a70aeaf61b,r-a73fa39fa835448e3f80
m-scale_capacitance-a0c243c06e,pospischil2008_rs,2,P05_long_step,first_isi,exceeds,21.019999999980882,31.16999999997165,10.149999999990769,0.5999999999994543,r-a71c890435a70aeaf61b,r-a73fa39fa835448e3f80
m-scale_capacitance-a0c243c06e,pospischil2008_rs,2,P05_long_step,first_spike_latency,exceeds,16.58999999985707,32.779999999842346,16.189999999985275,0.5,r-a71c890435a70aeaf61b,r-a73fa39fa835448e3f80
m-scale_capacitance-a0c243c06e,pospischil2008_rs,2,P05_long_step,last_isi,exceeds,77.97000000170192,96.22000000210028,18.25000000039836,1.5626000000341083,r-a71c890435a70aeaf61b,r-a73fa39fa835448e3f80
m-scale_capacitance-a0c243c06e,pospischil2008_rs,2,P05_long_step,mean_frequency,exceeds,14.734349834088421,11.933545715843485,2.800804118244937,0.7347054591137143,r-a71c890435a70aeaf61b,r-a73fa39fa835448e3f80
m-scale_capacitance-a0c243c06e,pospischil2008_rs,2,P05_long_step,spike_count,exceeds,29.0,23.0,6.0,0.5,r-a71c890435a70aeaf61b,r-a73fa39fa835448e3f80
m-scale_capacitance-a0c243c06e,pospischil2008_rs,2,P06_ramp,first_spike_latency,exceeds,381.6399999995251,402.5799999995061,20.939999999980955,7.633999999990501,r-2c42dd73d53f21fe7690,r-2262cbcf6cd991fa690b
m-scale_capacitance-a0c243c06e,pospischil2008_rs,2,P06_ramp,mean_frequency,exceeds,30.358227079570092,23.10396785537305,7.2542592241970425,1.5144478323219088,r-2c42dd73d53f21fe7690,r-2262cbcf6cd991fa690b
m-scale_capacitance-a0c243c06e,pospischil2008_rs,2,P06_ramp,spike_count,exceeds,30.0,23.0,7.0,0.5,r-2c42dd73d53f21fe7690,r-2262cbcf6cd991fa690b
m-scale_capacitance-a0c243c06e,pospischil2008_rs,2,P09_short_pulse,ahp_depth,definedness,-1.3990133539835625,,,0.5,r-fa41d650658e23c878d5,r-562ee432bd1c506b88b1
m-scale_capacitance-a0c243c06e,pospischil2008_rs,2,P09_short_pulse,ap_amplitude,exceeds,119.00757217662539,82.87817001486832,36.12940216175707,2.3826229095854825,r-fa41d650658e23c878d5,r-562ee432bd1c506b88b1
m-scale_capacitance-a0c243c06e,pospischil2008_rs,2,P09_short_pulse,ap_half_width,exceeds,0.8799999999991996,0.8199999999992542,0.05999999999994543,0.05,r-fa41d650658e23c878d5,r-562ee432bd1c506b88b1
m-scale_capacitance-a0c243c06e,pospischil2008_rs,2,P09_short_pulse,first_spike_latency,exceeds,2.1499999998702037,4.519999999868048,2.3699999999978445,0.5,r-fa41d650658e23c878d5,r-562ee432bd1c506b88b1
m-scale_capacitance-a0c243c06e,pospischil2008_rs,2,P10_paired_pulses,ap_amplitude,exceeds,119.00757217662539,82.87817001486832,36.12940216175707,2.3826229095854825,r-fa41d650658e23c878d5,r-562ee432bd1c506b88b1
m-scale_capacitance-a0c243c06e,pospischil2008_rs,2,P10_paired_pulses,first_isi,exceeds,23.089999999979,22.21999999997979,0.8699999999992087,0.5,r-fa41d650658e23c878d5,r-562ee432bd1c506b88b1
m-scale_capacitance-a0c243c06e,pospischil2008_rs,2,P10_paired_pulses,first_spike_latency,exceeds,2.1499999998702037,4.519999999868048,2.3699999999978445,0.5,r-fa41d650658e23c878d5,r-562ee432bd1c506b88b1
m-scale_gate_time_constant-d9645f95f6,pospischil2008_rs,1,P00_canonical,adaptation_index,exceeds,0.2988218828985024,0.19920398604449005,0.09961789685401237,0.029882188289850245,r-5171ec6a0414fa8c47f8,r-737529255eb4f60bbbb4
m-scale_gate_time_constant-d9645f95f6,pospischil2008_rs,1,P00_canonical,ahp_depth,exceeds,2.861194747922525,13.111057418820408,10.249862670897883,0.5,r-5171ec6a0414fa8c47f8,r-737529255eb4f60bbbb4
m-scale_gate_time_constant-d9645f95f6,pospischil2008_rs,1,P00_canonical,ap_amplitude,exceeds,88.85420990112726,85.72747039903527,3.1267395020919935,1.7770841980225454,r-5171ec6a0414fa8c47f8,r-737529255eb4f60bbbb4
m-scale_gate_time_constant-d9645f95f6,pospischil2008_rs,1,P00_canonical,ap_half_width,exceeds,0.6999999999993634,0.5499999999994998,0.14999999999986358,0.05,r-5171ec6a0414fa8c47f8,r-737529255eb4f60bbbb4
m-scale_gate_time_constant-d9645f95f6,pospischil2008_rs,1,P00_canonical,first_isi,exceeds,28.06999999997447,19.0199999999827,9.049999999991769,0.5613999999994894,r-5171ec6a0414fa8c47f8,r-737529255eb4f60bbbb4
m-scale_gate_time_constant-d9645f95f6,pospischil2008_rs,1,P00_canonical,last_isi,exceeds,135.97999999987638,122.54999999988854,13.429999999987842,2.7195999999975276,r-5171ec6a0414fa8c47f8,r-737529255eb4f60bbbb4
m-scale_gate_time_constant-d9645f95f6,pospischil2008_rs,1,P00_canonical,mean_frequency,exceeds,17.03113291098414,19.14608462571815,2.1149517147340084,0.8515566455492071,r-5171ec6a0414fa8c47f8,r-737529255eb4f60bbbb4
m-scale_gate_time_constant-d9645f95f6,pospischil2008_rs,1,P00_canonical,spike_count,exceeds,5.0,7.0,2.0,0.5,r-5171ec6a0414fa8c47f8,r-737529255eb4f60bbbb4
m-scale_gate_time_constant-d9645f95f6,pospischil2008_rs,1,P04_step_2x,ahp_depth,exceeds,3.2025415878387236,13.305713890079495,10.103172302240772,1.2209928283251514,r-0c0f3a761516cf334965,r-d5300717bf59d5478afb
m-scale_gate_time_constant-d9645f95f6,pospischil2008_rs,1,P04_step_2x,ap_amplitude,exceeds,89.49588775782593,86.65063858028458,2.8452491775413478,1.7899177551565186,r-0c0f3a761516cf334965,r-d5300717bf59d5478afb
m-scale_gate_time_constant-d9645f95f6,pospischil2008_rs,1,P04_step_2x,ap_half_width,exceeds,0.6999999999993634,0.5499999999994998,0.14999999999986358,0.05,r-0c0f3a761516cf334965,r-d5300717bf59d5478afb
m-scale_gate_time_constant-d9645f95f6,pospischil2008_rs,1,P04_step_2x,first_isi,exceeds,13.069999999988113,8.999999999991815,4.069999999996298,0.5,r-0c0f3a761516cf334965,r-d5300717bf59d5478afb
m-scale_gate_time_constant-d9645f95f6,pospischil2008_rs,1,P04_step_2x,last_isi,exceeds,28.16999999997438,22.3199999999797,5.8499999999946795,0.5633999999994876,r-0c0f3a761516cf334965,r-d5300717bf59d5478afb
m-scale_gate_time_constant-d9645f95f6,pospischil2008_rs,1,P04_step_2x,mean_frequency,exceeds,44.11292909854356,58.05805805812572,13.945128959582156,2.205646454927178,r-0c0f3a761516cf334965,r-d5300717bf59d5478afb
m-scale_gate_time_constant-d9645f95f6,pospischil2008_rs,1,P04_step_2x,spike_count,exceeds,22.0,29.0,7.0,0.5,r-0c0f3a761516cf334965,r-d5300717bf59d5478afb
m-scale_gate_time_constant-d9645f95f6,pospischil2008_rs,1,P05_long_step,ahp_depth,exceeds,2.4773294906594145,12.661575553894153,10.184246063234738,1.1999814758247567,r-6299bd8dadd5e9592d63,r-0f8a81ca109a956dd6c3
m-scale_gate_time_constant-d9645f95f6,pospischil2008_rs,1,P05_long_step,ap_amplitude,exceeds,89.18265915023935,86.27140045211424,2.91125869812511,1.783653183004787,r-6299bd8dadd5e9592d63,r-0f8a81ca109a956dd6c3
m-scale_gate_time_constant-d9645f95f6,pospischil2008_rs,1,P05_long_step,ap_half_width,exceeds,0.6999999999993634,0.5599999999994907,0.13999999999987267,0.05,r-6299bd8dadd5e9592d63,r-0f8a81ca109a956dd6c3
m-scale_gate_time_constant-d9645f95f6,pospischil2008_rs,1,P05_long_step,first_isi,exceeds,21.2199999999807,14.599999999986721,6.619999999993979,0.5999999999994543,r-6299bd8dadd5e9592d63,r-0f8a81ca109a956dd6c3
m-scale_gate_time_constant-d9645f95f6,pospischil2008_rs,1,P05_long_step,last_isi,exceeds,78.13000000170541,62.480000001363805,15.650000000341606,1.5626000000341083,r-6299bd8dadd5e9592d63,r-0f8a81ca109a956dd6c3
m-scale_gate_time_constant-d9645f95f6,pospischil2008_rs,1,P05_long_step,mean_frequency,exceeds,14.694109182274286,18.521021359208127,3.826912176933842,0.7347054591137143,r-6299bd8dadd5e9592d63,r-0f8a81ca109a956dd6c3
m-scale_gate_time_constant-d9645f95f6,pospischil2008_rs,1,P05_long_step,spike_count,exceeds,29.0,37.0,8.0,0.5,r-6299bd8dadd5e9592d63,r-0f8a81ca109a956dd6c3
m-scale_gate_time_constant-d9645f95f6,pospischil2008_rs,1,P06_ramp,mean_frequency,exceeds,30.288956646438177,40.29374137466282,10.004784728224646,1.5144478323219088,r-7054f91d1e6b5f4b29f8,r-3c38ca0a5fdaf704624e
m-scale_gate_time_constant-d9645f95f6,pospischil2008_rs,1,P06_ramp,spike_count,exceeds,30.0,40.0,10.0,0.5,r-7054f91d1e6b5f4b29f8,r-3c38ca0a5fdaf704624e
m-scale_gate_time_constant-d9645f95f6,pospischil2008_rs,1,P09_short_pulse,ahp_depth,exceeds,-1.4308354873657265,-0.8396184463501015,0.591217041015625,0.5,r-4a031cb8037cbebd46bc,r-f4ceb49cd2b39f4c34ac
m-scale_gate_time_constant-d9645f95f6,pospischil2008_rs,1,P09_short_pulse,ap_amplitude,exceeds,119.13114547927412,116.42499542379628,2.706150055477849,2.3826229095854825,r-4a031cb8037cbebd46bc,r-f4ceb49cd2b39f4c34ac
m-scale_gate_time_constant-d9645f95f6,pospischil2008_rs,1,P09_short_pulse,ap_half_width,exceeds,0.8799999999991996,0.7299999999993361,0.14999999999986358,0.05,r-4a031cb8037cbebd46bc,r-f4ceb49cd2b39f4c34ac
m-scale_gate_time_constant-d9645f95f6,pospischil2008_rs,1,P10_paired_pulses,ap_amplitude,exceeds,119.13114547927412,116.42499542379628,2.706150055477849,2.3826229095854825,r-4a031cb8037cbebd46bc,r-f4ceb49cd2b39f4c34ac
m-scale_gate_time_constant-d9645f95f6,pospischil2008_rs,2,P00_canonical,adaptation_index,exceeds,0.2989579287624928,0.1996090880296555,0.09934884073283728,0.029882188289850245,r-35d4f8d415fe0d06a895,r-0df290cbb03f501b324b
m-scale_gate_time_constant-d9645f95f6,pospischil2008_rs,2,P00_canonical,ahp_depth,exceeds,2.9394112752346615,13.194061391198062,10.2546501159634,0.5,r-35d4f8d415fe0d06a895,r-0df290cbb03f501b324b
m-scale_gate_time_constant-d9645f95f6,pospischil2008_rs,2,P00_canonical,ap_amplitude,exceeds,88.78027725318925,85.72493743942586,3.0553398137633963,1.7770841980225454,r-35d4f8d415fe0d06a895,r-0df290cbb03f501b324b
m-scale_gate_time_constant-d9645f95f6,pospischil2008_rs,2,P00_canonical,ap_half_width,exceeds,0.6999999999993634,0.5599999999994907,0.13999999999987267,0.05,r-35d4f8d415fe0d06a895,r-0df290cbb03f501b324b
m-scale_gate_time_constant-d9645f95f6,pospischil2008_rs,2,P00_canonical,first_isi,exceeds,28.029999999974507,18.939999999982774,9.089999999991733,0.5613999999994894,r-35d4f8d415fe0d06a895,r-0df290cbb03f501b324b
m-scale_gate_time_constant-d9645f95f6,pospischil2008_rs,2,P00_canonical,last_isi,exceeds,135.78999999987656,122.45999999988862,13.329999999987933,2.7195999999975276,r-35d4f8d415fe0d06a895,r-0df290cbb03f501b324b
m-scale_gate_time_constant-d9645f95f6,pospischil2008_rs,2,P00_canonical,mean_frequency,exceeds,17.059606264310375,19.1943842715973,2.1347780072869256,0.8515566455492071,r-35d4f8d415fe0d06a895,r-0df290cbb03f501b324b
m-scale_gate_time_constant-d9645f95f6,pospischil2008_rs,2,P00_canonical,spike_count,exceeds,5.0,7.0,2.0,0.5,r-35d4f8d415fe0d06a895,r-0df290cbb03f501b324b
m-scale_gate_time_constant-d9645f95f6,pospischil2008_rs,2,P04_step_2x,ahp_depth,exceeds,3.6095391972804407,13.742004559842009,10.132465362561568,1.2209928283251514,r-13ae588754662eb409bf,r-7e3ef93636c6dfbf612e
m-scale_gate_time_constant-d9645f95f6,pospischil2008_rs,2,P04_step_2x,ap_amplitude,exceeds,89.44855880885186,86.46248245266405,2.9860763561878088,1.7899177551565186,r-13ae588754662eb409bf,r-7e3ef93636c6dfbf612e
m-scale_gate_time_constant-d9645f95f6,pospischil2008_rs,2,P04_step_2x,ap_half_width,exceeds,0.6999999999993634,0.5599999999994907,0.13999999999987267,0.05,r-13ae588754662eb409bf,r-7e3ef93636c6dfbf612e
m-scale_gate_time_constant-d9645f95f6,pospischil2008_rs,2,P04_step_2x,first_isi,exceeds,12.92999999998824,8.819999999991978,4.109999999996262,0.5,r-13ae588754662eb409bf,r-7e3ef93636c6dfbf612e
m-scale_gate_time_constant-d9645f95f6,pospischil2008_rs,2,P04_step_2x,last_isi,exceeds,28.06999999997447,22.119999999979882,5.9499999999945885,0.5633999999994876,r-13ae588754662eb409bf,r-7e3ef93636c6dfbf612e
m-scale_gate_time_constant-d9645f95f6,pospischil2008_rs,2,P04_step_2x,mean_frequency,exceeds,44.38974193423394,58.94788194169019,14.558140007456252,2.205646454927178,r-13ae588754662eb409bf,r-7e3ef93636c6dfbf612e
m-scale_gate_time_constant-d9645f95f6,pospischil2008_rs,2,P04_step_2x,spike_count,exceeds,22.0,29.0,7.0,0.5,r-13ae588754662eb409bf,r-7e3ef93636c6dfbf612e
m-scale_gate_time_constant-d9645f95f6,pospischil2008_rs,2,P05_long_step,ahp_depth,exceeds,2.8773233159343334,13.090664075216537,10.213340759282204,1.1999814758247567,r-a71c890435a70aeaf61b,r-9e4cecdeceb11506cd02
m-scale_gate_time_constant-d9645f95f6,pospischil2008_rs,2,P05_long_step,ap_amplitude,exceeds,89.08078384555085,86.02643203932986,3.0543518062209927,1.783653183004787,r-a71c890435a70aeaf61b,r-9e4cecdeceb11506cd02
m-scale_gate_time_constant-d9645f95f6,pospischil2008_rs,2,P05_long_step,ap_half_width,exceeds,0.6999999999993634,0.5599999999994907,0.13999999999987267,0.05,r-a71c890435a70aeaf61b,r-9e4cecdeceb11506cd02
m-scale_gate_time_constant-d9645f95f6,pospischil2008_rs,2,P05_long_step,first_isi,exceeds,21.019999999980882,14.289999999987003,6.729999999993879,0.5999999999994543,r-a71c890435a70aeaf61b,r-9e4cecdeceb11506cd02
m-scale_gate_time_constant-d9645f95f6,pospischil2008_rs,2,P05_long_step,last_isi,exceeds,77.97000000170192,62.28000000135944,15.69000000034248,1.5626000000341083,r-a71c890435a70aeaf61b,r-9e4cecdeceb11506cd02
m-scale_gate_time_constant-d9645f95f6,pospischil2008_rs,2,P05_long_step,mean_frequency,exceeds,14.734349834088421,18.612419010792433,3.8780691767040114,0.7347054591137143,r-a71c890435a70aeaf61b,r-9e4cecdeceb11506cd02
m-scale_gate_time_constant-d9645f95f6,pospischil2008_rs,2,P05_long_step,spike_count,exceeds,29.0,37.0,8.0,0.5,r-a71c890435a70aeaf61b,r-9e4cecdeceb11506cd02
m-scale_gate_time_constant-d9645f95f6,pospischil2008_rs,2,P06_ramp,mean_frequency,exceeds,30.358227079570092,41.13203382863246,10.773806749062366,1.5144478323219088,r-2c42dd73d53f21fe7690,r-7f018868614a1d66d440
m-scale_gate_time_constant-d9645f95f6,pospischil2008_rs,2,P06_ramp,spike_count,exceeds,30.0,41.0,11.0,0.5,r-2c42dd73d53f21fe7690,r-7f018868614a1d66d440
m-scale_gate_time_constant-d9645f95f6,pospischil2008_rs,2,P09_short_pulse,ahp_depth,exceeds,-1.3990133539835625,-0.8334844843546563,0.5655288696289062,0.5,r-fa41d650658e23c878d5,r-08da7d80ab6969884367
m-scale_gate_time_constant-d9645f95f6,pospischil2008_rs,2,P09_short_pulse,ap_amplitude,exceeds,119.00757217662539,116.13793563952757,2.8696365370978185,2.3826229095854825,r-fa41d650658e23c878d5,r-08da7d80ab6969884367
m-scale_gate_time_constant-d9645f95f6,pospischil2008_rs,2,P09_short_pulse,ap_half_width,exceeds,0.8799999999991996,0.7299999999993361,0.14999999999986358,0.05,r-fa41d650658e23c878d5,r-08da7d80ab6969884367
m-scale_gate_time_constant-d9645f95f6,pospischil2008_rs,2,P10_paired_pulses,ap_amplitude,exceeds,119.00757217662539,116.13793563952757,2.8696365370978185,2.3826229095854825,r-fa41d650658e23c878d5,r-08da7d80ab6969884367
m-scale_gate_time_constant-244443ee5f,pospischil2008_rs,1,P00_canonical,adaptation_index,exceeds,0.2988218828985024,0.22322672820662412,0.0755951546918783,0.029882188289850245,r-5171ec6a0414fa8c47f8,r-7dbd1fc334c0e6a4a023
m-scale_gate_time_constant-244443ee5f,pospischil2008_rs,1,P00_canonical,ahp_depth,exceeds,2.861194747922525,3.9489938201904238,1.0877990722678987,0.5,r-5171ec6a0414fa8c47f8,r-7dbd1fc334c0e6a4a023
m-scale_gate_time_constant-244443ee5f,pospischil2008_rs,1,P00_canonical,first_isi,exceeds,28.06999999997447,26.74999999997567,1.3199999999987995,0.5613999999994894,r-5171ec6a0414fa8c47f8,r-7dbd1fc334c0e6a4a023
m-scale_gate_time_constant-244443ee5f,pospischil2008_rs,1,P00_canonical,last_isi,exceeds,135.97999999987638,141.37999999987142,5.399999999995032,2.7195999999975276,r-5171ec6a0414fa8c47f8,r-7dbd1fc334c0e6a4a023
m-scale_gate_time_constant-244443ee5f,pospischil2008_rs,1,P00_canonical,mean_frequency,exceeds,17.03113291098414,15.59900166391288,1.4321312470712613,0.8515566455492071,r-5171ec6a0414fa8c47f8,r-7dbd1fc334c0e6a4a023
m-scale_gate_time_constant-244443ee5f,pospischil2008_rs,1,P00_canonical,spike_count,exceeds,5.0,6.0,1.0,0.5,r-5171ec6a0414fa8c47f8,r-7dbd1fc334c0e6a4a023
m-scale_gate_time_constant-244443ee5f,pospischil2008_rs,1,P04_step_2x,last_isi,exceeds,28.16999999997438,26.669999999975744,1.4999999999986358,0.5633999999994876,r-0c0f3a761516cf334965,r-c93a95647e79ab528cf4
m-scale_gate_time_constant-244443ee5f,pospischil2008_rs,1,P04_step_2x,mean_frequency,exceeds,44.11292909854356,46.51350914097004,2.4005800424264763,2.205646454927178,r-0c0f3a761516cf334965,r-c93a95647e79ab528cf4
m-scale_gate_time_constant-244443ee5f,pospischil2008_rs,1,P04_step_2x,spike_count,exceeds,22.0,23.0,1.0,0.5,r-0c0f3a761516cf334965,r-c93a95647e79ab528cf4
m-scale_gate_time_constant-244443ee5f,pospischil2008_rs,1,P05_long_step,ap_half_width,exceeds,0.6999999999993634,0.6399999999994179,0.05999999999994543,0.05,r-6299bd8dadd5e9592d63,r-0499213f80a8244094a6
m-scale_gate_time_constant-244443ee5f,pospischil2008_rs,1,P05_long_step,first_isi,exceeds,21.2199999999807,20.389999999981455,0.8299999999992451,0.5999999999994543,r-6299bd8dadd5e9592d63,r-0499213f80a8244094a6
m-scale_gate_time_constant-244443ee5f,pospischil2008_rs,1,P05_long_step,last_isi,exceeds,78.13000000170541,72.21000000157619,5.920000000129221,1.5626000000341083,r-6299bd8dadd5e9592d63,r-0499213f80a8244094a6
m-scale_gate_time_constant-244443ee5f,pospischil2008_rs,1,P05_long_step,mean_frequency,exceeds,14.694109182274286,15.872203164178078,1.1780939819037926,0.7347054591137143,r-6299bd8dadd5e9592d63,r-0499213f80a8244094a6
m-scale_gate_time_constant-244443ee5f,pospischil2008_rs,1,P05_long_step,spike_count,exceeds,29.0,31.0,2.0,0.5,r-6299bd8dadd5e9592d63,r-0499213f80a8244094a6
m-scale_gate_time_constant-244443ee5f,pospischil2008_rs,1,P06_ramp,mean_frequency,exceeds,30.288956646438177,32.07859255178508,1.789635905346902,1.5144478323219088,r-7054f91d1e6b5f4b29f8,r-da9477b2de7e3fb8a2a8
m-scale_gate_time_constant-244443ee5f,pospischil2008_rs,1,P06_ramp,spike_count,exceeds,30.0,32.0,2.0,0.5,r-7054f91d1e6b5f4b29f8,r-da9477b2de7e3fb8a2a8
m-scale_gate_time_constant-244443ee5f,pospischil2008_rs,1,P09_short_pulse,ap_half_width,exceeds,0.8799999999991996,0.8199999999992542,0.05999999999994543,0.05,r-4a031cb8037cbebd46bc,r-aae00ddde86e04c45ffe
m-scale_gate_time_constant-244443ee5f,pospischil2008_rs,2,P00_canonical,adaptation_index,exceeds,0.2989579287624928,0.22345443843853738,0.0755034903239554,0.029882188289850245,r-35d4f8d415fe0d06a895,r-f700f6102d02e8d74026
m-scale_gate_time_constant-244443ee5f,pospischil2008_rs,2,P00_canonical,ahp_depth,exceeds,2.9394112752346615,4.03341304524514,1.094001770010479,0.5,r-35d4f8d415fe0d06a895,r-f700f6102d02e8d74026
m-scale_gate_time_constant-244443ee5f,pospischil2008_rs,2,P00_canonical,first_isi,exceeds,28.029999999974507,26.699999999975716,1.3299999999987904,0.5613999999994894,r-35d4f8d415fe0d06a895,r-f700f6102d02e8d74026
m-scale_gate_time_constant-244443ee5f,pospischil2008_rs,2,P00_canonical,last_isi,exceeds,135.78999999987656,141.25999999987152,5.469999999994968,2.7195999999975276,r-35d4f8d415fe0d06a895,r-f700f6102d02e8d74026
m-scale_gate_time_constant-244443ee5f,pospischil2008_rs,2,P00_canonical,mean_frequency,exceeds,17.059606264310375,15.628662967902514,1.430943296407861,0.8515566455492071,r-35d4f8d415fe0d06a895,r-f700f6102d02e8d74026
m-scale_gate_time_constant-244443ee5f,pospischil2008_rs,2,P00_canonical,spike_count,exceeds,5.0,6.0,1.0,0.5,r-35d4f8d415fe0d06a895,r-f700f6102d02e8d74026
m-scale_gate_time_constant-244443ee5f,pospischil2008_rs,2,P04_step_2x,last_isi,exceeds,28.06999999997447,26.539999999975862,1.5299999999986085,0.5633999999994876,r-13ae588754662eb409bf,r-068f96be174e7c2ee0ce
m-scale_gate_time_constant-244443ee5f,pospischil2008_rs,2,P04_step_2x,mean_frequency,exceeds,44.38974193423394,46.88041417832272,2.4906722440887776,2.205646454927178,r-13ae588754662eb409bf,r-068f96be174e7c2ee0ce
m-scale_gate_time_constant-244443ee5f,pospischil2008_rs,2,P04_step_2x,spike_count,exceeds,22.0,23.0,1.0,0.5,r-13ae588754662eb409bf,r-068f96be174e7c2ee0ce
m-scale_gate_time_constant-244443ee5f,pospischil2008_rs,2,P05_long_step,first_isi,exceeds,21.019999999980882,20.169999999981655,0.8499999999992269,0.5999999999994543,r-a71c890435a70aeaf61b,r-0f967021cbf1ea3ed37b
m-scale_gate_time_constant-244443ee5f,pospischil2008_rs,2,P05_long_step,last_isi,exceeds,77.97000000170192,71.98000000157117,5.990000000130749,1.5626000000341083,r-a71c890435a70aeaf61b,r-0f967021cbf1ea3ed37b
m-scale_gate_time_constant-244443ee5f,pospischil2008_rs,2,P05_long_step,mean_frequency,exceeds,14.734349834088421,15.93584537087274,1.2014955367843179,0.7347054591137143,r-a71c890435a70aeaf61b,r-0f967021cbf1ea3ed37b
m-scale_gate_time_constant-244443ee5f,pospischil2008_rs,2,P05_long_step,spike_count,exceeds,29.0,31.0,2.0,0.5,r-a71c890435a70aeaf61b,r-0f967021cbf1ea3ed37b
m-scale_gate_time_constant-244443ee5f,pospischil2008_rs,2,P06_ramp,mean_frequency,exceeds,30.358227079570092,32.16791652429001,1.8096894447199148,1.5144478323219088,r-2c42dd73d53f21fe7690,r-6c55e71f88e0a8abc1e3
m-scale_gate_time_constant-244443ee5f,pospischil2008_rs,2,P06_ramp,spike_count,exceeds,30.0,32.0,2.0,0.5,r-2c42dd73d53f21fe7690,r-6c55e71f88e0a8abc1e3
m-scale_gate_time_constant-244443ee5f,pospischil2008_rs,2,P09_short_pulse,ap_half_width,exceeds,0.8799999999991996,0.8099999999992633,0.06999999999993634,0.05,r-fa41d650658e23c878d5,r-b280d830b877f659758b
m-increase_dt-b7cdfa6b5c,pospischil2008_rs,1,P04_step_2x,ahp_depth,exceeds,3.2025415878387236,0.6488381869395425,2.553703400899181,1.2209928283251514,r-0c0f3a761516cf334965,r-605ee5761cd35be1936f
m-increase_dt-b7cdfa6b5c,pospischil2008_rs,1,P04_step_2x,first_isi,exceeds,13.069999999988113,13.91999999998734,0.8499999999992269,0.5,r-0c0f3a761516cf334965,r-605ee5761cd35be1936f
m-increase_dt-b7cdfa6b5c,pospischil2008_rs,1,P04_step_2x,spike_count,exceeds,22.0,21.0,1.0,0.5,r-0c0f3a761516cf334965,r-605ee5761cd35be1936f
m-increase_dt-b7cdfa6b5c,pospischil2008_rs,1,P05_long_step,ahp_depth,exceeds,2.4773294906594145,-0.03440255861407593,2.5117320492734905,1.1999814758247567,r-6299bd8dadd5e9592d63,r-c20358157b324799821e
m-increase_dt-b7cdfa6b5c,pospischil2008_rs,1,P05_long_step,first_isi,exceeds,21.2199999999807,22.41999999997961,1.1999999999989086,0.5999999999994543,r-6299bd8dadd5e9592d63,r-c20358157b324799821e
m-increase_dt-b7cdfa6b5c,pospischil2008_rs,1,P05_long_step,spike_count,exceeds,29.0,28.0,1.0,0.5,r-6299bd8dadd5e9592d63,r-c20358157b324799821e
m-increase_dt-b7cdfa6b5c,pospischil2008_rs,1,P06_ramp,spike_count,exceeds,30.0,29.0,1.0,0.5,r-7054f91d1e6b5f4b29f8,r-45c205d76e09d28f04f5
m-increase_dt-b7cdfa6b5c,pospischil2008_rs,1,P09_short_pulse,ahp_depth,exceeds,-1.4308354873657265,-2.928793229418318,1.4979577420525914,0.5,r-4a031cb8037cbebd46bc,r-b3fc83e42bd3fe8c4296
m-increase_dt-b7cdfa6b5c,pospischil2008_rs,1,P09_short_pulse,ap_amplitude,definedness,119.13114547927412,,,2.3826229095854825,r-4a031cb8037cbebd46bc,r-b3fc83e42bd3fe8c4296
m-increase_dt-b7cdfa6b5c,pospischil2008_rs,1,P09_short_pulse,ap_half_width,definedness,0.8799999999991996,,,0.05,r-4a031cb8037cbebd46bc,r-b3fc83e42bd3fe8c4296
m-increase_dt-b7cdfa6b5c,pospischil2008_rs,1,P10_paired_pulses,ap_amplitude,definedness,119.13114547927412,,,2.3826229095854825,r-4a031cb8037cbebd46bc,r-b3fc83e42bd3fe8c4296
m-increase_dt-b7cdfa6b5c,pospischil2008_rs,2,P04_step_2x,ahp_depth,exceeds,3.6095391972804407,2.3726109263133566,1.2369282709670841,1.2209928283251514,r-13ae588754662eb409bf,r-17ce2b6d2b90076cf023
m-increase_dt-b7cdfa6b5c,pospischil2008_rs,2,P04_step_2x,spike_count,exceeds,22.0,21.0,1.0,0.5,r-13ae588754662eb409bf,r-17ce2b6d2b90076cf023
m-increase_dt-b7cdfa6b5c,pospischil2008_rs,2,P05_long_step,ahp_depth,exceeds,2.8773233159343334,1.6613867390951782,1.2159365768391552,1.1999814758247567,r-a71c890435a70aeaf61b,r-07f5989b6d2f1bfe2c76
m-increase_dt-f3e1491a0a,pospischil2008_rs,1,P00_canonical,ahp_depth,exceeds,2.861194747922525,1.4173081970233028,1.4438865508992222,0.5,r-5171ec6a0414fa8c47f8,r-1c4820e6fbe31b3e8ad3
m-increase_dt-f3e1491a0a,pospischil2008_rs,1,P00_canonical,first_isi,exceeds,28.06999999997447,28.95999999997366,0.8899999999991905,0.5613999999994894,r-5171ec6a0414fa8c47f8,r-1c4820e6fbe31b3e8ad3
m-increase_dt-f3e1491a0a,pospischil2008_rs,1,P00_canonical,last_isi,exceeds,135.97999999987638,139.4699999998732,3.489999999996826,2.7195999999975276,r-5171ec6a0414fa8c47f8,r-1c4820e6fbe31b3e8ad3
m-increase_dt-f3e1491a0a,pospischil2008_rs,1,P04_step_2x,ahp_depth,exceeds,3.2025415878387236,-4.973398513676926,8.17594010151565,1.2209928283251514,r-0c0f3a761516cf334965,r-5c98fda7119a9e5d8d24
m-increase_dt-f3e1491a0a,pospischil2008_rs,1,P04_step_2x,first_isi,exceeds,13.069999999988113,15.599999999985812,2.529999999997699,0.5,r-0c0f3a761516cf334965,r-5c98fda7119a9e5d8d24
m-increase_dt-f3e1491a0a,pospischil2008_rs,1,P04_step_2x,last_isi,exceeds,28.16999999997438,29.799999999972897,1.6299999999985175,0.5633999999994876,r-0c0f3a761516cf334965,r-5c98fda7119a9e5d8d24
m-increase_dt-f3e1491a0a,pospischil2008_rs,1,P04_step_2x,mean_frequency,exceeds,44.11292909854356,40.66693777963275,3.4459913189108136,2.205646454927178,r-0c0f3a761516cf334965,r-5c98fda7119a9e5d8d24
m-increase_dt-f3e1491a0a,pospischil2008_rs,1,P04_step_2x,spike_count,exceeds,22.0,20.0,2.0,0.5,r-0c0f3a761516cf334965,r-5c98fda7119a9e5d8d24
m-increase_dt-f3e1491a0a,pospischil2008_rs,1,P05_long_step,ahp_depth,exceeds,2.4773294906594145,-5.569795913587882,8.047125404247296,1.1999814758247567,r-6299bd8dadd5e9592d63,r-5e81827f9cb79086ed5f
m-increase_dt-f3e1491a0a,pospischil2008_rs,1,P05_long_step,first_isi,exceeds,21.2199999999807,24.74999999997749,3.5299999999967895,0.5999999999994543,r-6299bd8dadd5e9592d63,r-5e81827f9cb79086ed5f
m-increase_dt-f3e1491a0a,pospischil2008_rs,1,P05_long_step,first_spike_latency,exceeds,16.619999999857043,17.14999999985656,0.529999999999518,0.5,r-6299bd8dadd5e9592d63,r-5e81827f9cb79086ed5f
m-increase_dt-f3e1491a0a,pospischil2008_rs,1,P05_long_step,last_isi,exceeds,78.13000000170541,81.05000000176915,2.9200000000637374,1.5626000000341083,r-6299bd8dadd5e9592d63,r-5e81827f9cb79086ed5f
m-increase_dt-f3e1491a0a,pospischil2008_rs,1,P05_long_step,spike_count,exceeds,29.0,28.0,1.0,0.5,r-6299bd8dadd5e9592d63,r-5e81827f9cb79086ed5f
m-increase_dt-f3e1491a0a,pospischil2008_rs,1,P06_ramp,mean_frequency,exceeds,30.288956646438177,27.3003033367321,2.988653309706077,1.5144478323219088,r-7054f91d1e6b5f4b29f8,r-48ce36d358862272061d
m-increase_dt-f3e1491a0a,pospischil2008_rs,1,P06_ramp,spike_count,exceeds,30.0,27.0,3.0,0.5,r-7054f91d1e6b5f4b29f8,r-48ce36d358862272061d
m-increase_dt-f3e1491a0a,pospischil2008_rs,1,P09_short_pulse,ahp_depth,exceeds,-1.4308354873657265,-8.127977676367323,6.697142189001596,0.5,r-4a031cb8037cbebd46bc,r-aacef9f28da2651f9a05
m-increase_dt-f3e1491a0a,pospischil2008_rs,2,P00_canonical,ahp_depth,exceeds,2.9394112752346615,2.227993247992643,0.7114180272420185,0.5,r-35d4f8d415fe0d06a895,r-92e170a20ed89555539b
m-increase_dt-f3e1491a0a,pospischil2008_rs,2,P04_step_2x,ahp_depth,exceeds,3.6095391972804407,-0.2445769332729668,3.8541161305534075,1.2209928283251514,r-13ae588754662eb409bf,r-74eb017f3984049d0bbb
m-increase_dt-f3e1491a0a,pospischil2008_rs,2,P04_step_2x,first_isi,exceeds,12.92999999998824,14.179999999987103,1.2499999999988631,0.5,r-13ae588754662eb409bf,r-74eb017f3984049d0bbb
m-increase_dt-f3e1491a0a,pospischil2008_rs,2,P04_step_2x,last_isi,exceeds,28.06999999997447,28.919999999973697,0.8499999999992269,0.5633999999994876,r-13ae588754662eb409bf,r-74eb017f3984049d0bbb
m-increase_dt-f3e1491a0a,pospischil2008_rs,2,P04_step_2x,spike_count,exceeds,22.0,21.0,1.0,0.5,r-13ae588754662eb409bf,r-74eb017f3984049d0bbb
m-increase_dt-f3e1491a0a,pospischil2008_rs,2,P05_long_step,ahp_depth,exceeds,2.8773233159343334,-0.9139128707761586,3.791236186710492,1.1999814758247567,r-a71c890435a70aeaf61b,r-9446f19db62560f2ca94
m-increase_dt-f3e1491a0a,pospischil2008_rs,2,P05_long_step,first_isi,exceeds,21.019999999980882,22.809999999979254,1.789999999998372,0.5999999999994543,r-a71c890435a70aeaf61b,r-9446f19db62560f2ca94
m-increase_dt-f3e1491a0a,pospischil2008_rs,2,P05_long_step,spike_count,exceeds,29.0,28.0,1.0,0.5,r-a71c890435a70aeaf61b,r-9446f19db62560f2ca94
m-increase_dt-f3e1491a0a,pospischil2008_rs,2,P06_ramp,spike_count,exceeds,30.0,29.0,1.0,0.5,r-2c42dd73d53f21fe7690,r-94816cffe6c55b8185e1
m-increase_dt-f3e1491a0a,pospischil2008_rs,2,P09_short_pulse,ahp_depth,exceeds,-1.3990133539835625,-3.754849150085775,2.3558357961022125,0.5,r-fa41d650658e23c878d5,r-6bf7cfb235d3cfc4c4d0
m-recording_resolution-7d6e4357af,pospischil2008_rs,1,P05_long_step,ap_amplitude,exceeds,89.18265915023935,84.4117355294313,4.770923620808048,1.783653183004787,r-6299bd8dadd5e9592d63,r-23a42b89179af0150565
m-recording_resolution-7d6e4357af,pospischil2008_rs,1,P05_long_step,ap_half_width,exceeds,0.6999999999993634,0.7799999999992906,0.07999999999992724,0.05,r-6299bd8dadd5e9592d63,r-23a42b89179af0150565
m-recording_resolution-7d6e4357af,pospischil2008_rs,1,P09_short_pulse,ap_half_width,exceeds,0.8799999999991996,0.9699999999991178,0.08999999999991815,0.05,r-4a031cb8037cbebd46bc,r-69682a360336c0b1303a
m-recording_resolution-7d6e4357af,pospischil2008_rs,2,P04_step_2x,ap_amplitude,exceeds,89.44855880885186,86.93050001503505,2.518058793816806,1.7899177551565186,r-13ae588754662eb409bf,r-996e9431f4326b1dbc4c
m-recording_resolution-7d6e4357af,pospischil2008_rs,2,P05_long_step,ap_amplitude,exceeds,89.08078384555085,82.36533351582165,6.715450329729208,1.783653183004787,r-a71c890435a70aeaf61b,r-db007c32dac81a51cd9e
m-recording_resolution-7d6e4357af,pospischil2008_rs,2,P05_long_step,ap_half_width,exceeds,0.6999999999993634,0.7699999999992997,0.06999999999993634,0.05,r-a71c890435a70aeaf61b,r-db007c32dac81a51cd9e
m-recording_resolution-7d6e4357af,pospischil2008_rs,2,P09_short_pulse,ap_half_width,exceeds,0.8799999999991996,0.9799999999991087,0.09999999999990905,0.05,r-fa41d650658e23c878d5,r-7be5f11eae92d24f09ae
m-duplicate_conductance-c92521ba5f,pospischil2008_rs,1,P00_canonical,adaptation_index,exceeds,0.2988218828985024,0.1429851278163409,0.15583675508216152,0.029882188289850245,r-5171ec6a0414fa8c47f8,r-c1f92ddfaa765e4b602f
m-duplicate_conductance-c92521ba5f,pospischil2008_rs,1,P00_canonical,ahp_depth,exceeds,2.861194747922525,-5.0035055516492974,7.8647002995718225,0.5,r-5171ec6a0414fa8c47f8,r-c1f92ddfaa765e4b602f
m-duplicate_conductance-c92521ba5f,pospischil2008_rs,1,P00_canonical,ap_half_width,exceeds,0.6999999999993634,0.5699999999994816,0.12999999999988177,0.05,r-5171ec6a0414fa8c47f8,r-c1f92ddfaa765e4b602f
m-duplicate_conductance-c92521ba5f,pospischil2008_rs,1,P00_canonical,first_isi,exceeds,28.06999999997447,28.989999999973634,0.9199999999991633,0.5613999999994894,r-5171ec6a0414fa8c47f8,r-c1f92ddfaa765e4b602f
m-duplicate_conductance-c92521ba5f,pospischil2008_rs,1,P00_canonical,last_isi,exceeds,135.97999999987638,112.60999999989758,23.369999999978802,2.7195999999975276,r-5171ec6a0414fa8c47f8,r-c1f92ddfaa765e4b602f
m-duplicate_conductance-c92521ba5f,pospischil2008_rs,1,P00_canonical,spike_count,exceeds,5.0,7.0,2.0,0.5,r-5171ec6a0414fa8c47f8,r-c1f92ddfaa765e4b602f
m-duplicate_conductance-c92521ba5f,pospischil2008_rs,1,P04_step_2x,ahp_depth,exceeds,3.2025415878387236,-5.039371215806526,8.24191280364525,1.2209928283251514,r-0c0f3a761516cf334965,r-345de44055f94eb9c729
m-duplicate_conductance-c92521ba5f,pospischil2008_rs,1,P04_step_2x,ap_half_width,exceeds,0.6999999999993634,0.5599999999994907,0.13999999999987267,0.05,r-0c0f3a761516cf334965,r-345de44055f94eb9c729
m-duplicate_conductance-c92521ba5f,pospischil2008_rs,1,P04_step_2x,first_isi,exceeds,13.069999999988113,14.499999999986812,1.4299999999986994,0.5,r-0c0f3a761516cf334965,r-345de44055f94eb9c729
m-duplicate_conductance-c92521ba5f,pospischil2008_rs,1,P04_step_2x,last_isi,exceeds,28.16999999997438,24.6299999999776,3.5399999999967804,0.5633999999994876,r-0c0f3a761516cf334965,r-345de44055f94eb9c729
m-duplicate_conductance-c92521ba5f,pospischil2008_rs,1,P04_step_2x,mean_frequency,exceeds,44.11292909854356,47.94663331254335,3.8337042139997877,2.205646454927178,r-0c0f3a761516cf334965,r-345de44055f94eb9c729
m-duplicate_conductance-c92521ba5f,pospischil2008_rs,1,P04_step_2x,spike_count,exceeds,22.0,23.0,1.0,0.5,r-0c0f3a761516cf334965,r-345de44055f94eb9c729
m-duplicate_conductance-c92521ba5f,pospischil2008_rs,1,P05_long_step,ahp_depth,exceeds,2.4773294906594145,-5.603931152340664,8.081260643000078,1.1999814758247567,r-6299bd8dadd5e9592d63,r-e4979aaebd7b41ef87ff
m-duplicate_conductance-c92521ba5f,pospischil2008_rs,1,P05_long_step,ap_half_width,exceeds,0.6999999999993634,0.5699999999994816,0.12999999999988177,0.05,r-6299bd8dadd5e9592d63,r-e4979aaebd7b41ef87ff
m-duplicate_conductance-c92521ba5f,pospischil2008_rs,1,P05_long_step,first_isi,exceeds,21.2199999999807,22.699999999979354,1.479999999998654,0.5999999999994543,r-6299bd8dadd5e9592d63,r-e4979aaebd7b41ef87ff
m-duplicate_conductance-c92521ba5f,pospischil2008_rs,1,P05_long_step,last_isi,exceeds,78.13000000170541,58.80000000128348,19.330000000421933,1.5626000000341083,r-6299bd8dadd5e9592d63,r-e4979aaebd7b41ef87ff
m-duplicate_conductance-c92521ba5f,pospischil2008_rs,1,P05_long_step,mean_frequency,exceeds,14.694109182274286,18.997740809175323,4.303631626901037,0.7347054591137143,r-6299bd8dadd5e9592d63,r-e4979aaebd7b41ef87ff
m-duplicate_conductance-c92521ba5f,pospischil2008_rs,1,P05_long_step,spike_count,exceeds,29.0,37.0,8.0,0.5,r-6299bd8dadd5e9592d63,r-e4979aaebd7b41ef87ff
m-duplicate_conductance-c92521ba5f,pospischil2008_rs,1,P06_ramp,spike_count,exceeds,30.0,31.0,1.0,0.5,r-7054f91d1e6b5f4b29f8,r-c78812d1b5ca99ba04d1
m-duplicate_conductance-c92521ba5f,pospischil2008_rs,1,P09_short_pulse,ahp_depth,exceeds,-1.4308354873657265,-7.088153564452725,5.657318077086998,0.5,r-4a031cb8037cbebd46bc,r-fbc2637a9114ada9075e
m-duplicate_conductance-c92521ba5f,pospischil2008_rs,1,P09_short_pulse,ap_half_width,exceeds,0.8799999999991996,0.7099999999993543,0.16999999999984539,0.05,r-4a031cb8037cbebd46bc,r-fbc2637a9114ada9075e
m-duplicate_conductance-c92521ba5f,pospischil2008_rs,2,P00_canonical,adaptation_index,exceeds,0.2989579287624928,0.14308410877921884,0.15587381998327393,0.029882188289850245,r-35d4f8d415fe0d06a895,r-6decade35f605f8943d5
m-duplicate_conductance-c92521ba5f,pospischil2008_rs,2,P00_canonical,ahp_depth,exceeds,2.9394112752346615,-4.905437316894535,7.844848592129196,0.5,r-35d4f8d415fe0d06a895,r-6decade35f605f8943d5
m-duplicate_conductance-c92521ba5f,pospischil2008_rs,2,P00_canonical,ap_half_width,exceeds,0.6999999999993634,0.5699999999994816,0.12999999999988177,0.05,r-35d4f8d415fe0d06a895,r-6decade35f605f8943d5
m-duplicate_conductance-c92521ba5f,pospischil2008_rs,2,P00_canonical,first_isi,exceeds,28.029999999974507,28.93999999997368,0.9099999999991724,0.5613999999994894,r-35d4f8d415fe0d06a895,r-6decade35f605f8943d5
m-duplicate_conductance-c92521ba5f,pospischil2008_rs,2,P00_canonical,last_isi,exceeds,135.78999999987656,112.50999999989767,23.279999999978884,2.7195999999975276,r-35d4f8d415fe0d06a895,r-6decade35f605f8943d5
m-duplicate_conductance-c92521ba5f,pospischil2008_rs,2,P00_canonical,spike_count,exceeds,5.0,7.0,2.0,0.5,r-35d4f8d415fe0d06a895,r-6decade35f605f8943d5
m-duplicate_conductance-c92521ba5f,pospischil2008_rs,2,P04_step_2x,ahp_depth,exceeds,3.6095391972804407,-4.5332296244184676,8.142768821698908,1.2209928283251514,r-13ae588754662eb409bf,r-49161186252a47186b37
m-duplicate_conductance-c92521ba5f,pospischil2008_rs,2,P04_step_2x,ap_half_width,exceeds,0.6999999999993634,0.5699999999994816,0.12999999999988177,0.05,r-13ae588754662eb409bf,r-49161186252a47186b37
m-duplicate_conductance-c92521ba5f,pospischil2008_rs,2,P04_step_2x,first_isi,exceeds,12.92999999998824,14.35999999998694,1.4299999999986994,0.5,r-13ae588754662eb409bf,r-49161186252a47186b37
m-duplicate_conductance-c92521ba5f,pospischil2008_rs,2,P04_step_2x,last_isi,exceeds,28.06999999997447,24.5199999999777,3.5499999999967713,0.5633999999994876,r-13ae588754662eb409bf,r-49161186252a47186b37
m-duplicate_conductance-c92521ba5f,pospischil2008_rs,2,P04_step_2x,mean_frequency,exceeds,44.38974193423394,48.26761243211493,3.8778704978809913,2.205646454927178,r-13ae588754662eb409bf,r-49161186252a47186b37
m-duplicate_conductance-c92521ba5f,pospischil2008_rs,2,P04_step_2x,spike_count,exceeds,22.0,23.0,1.0,0.5,r-13ae588754662eb409bf,r-49161186252a47186b37
m-duplicate_conductance-c92521ba5f,pospischil2008_rs,2,P05_long_step,ahp_depth,exceeds,2.8773233159343334,-5.1052053324434326,7.982528648377766,1.1999814758247567,r-a71c890435a70aeaf61b,r-50fdf10cc3a46222dec3
m-duplicate_conductance-c92521ba5f,pospischil2008_rs,2,P05_long_step,ap_half_width,exceeds,0.6999999999993634,0.5599999999994907,0.13999999999987267,0.05,r-a71c890435a70aeaf61b,r-50fdf10cc3a46222dec3
m-duplicate_conductance-c92521ba5f,pospischil2008_rs,2,P05_long_step,first_isi,exceeds,21.019999999980882,22.499999999979536,1.479999999998654,0.5999999999994543,r-a71c890435a70aeaf61b,r-50fdf10cc3a46222dec3
m-duplicate_conductance-c92521ba5f,pospischil2008_rs,2,P05_long_step,last_isi,exceeds,77.97000000170192,58.69000000128108,19.28000000042084,1.5626000000341083,r-a71c890435a70aeaf61b,r-50fdf10cc3a46222dec3
m-duplicate_conductance-c92521ba5f,pospischil2008_rs,2,P05_long_step,mean_frequency,exceeds,14.734349834088421,19.051247856709896,4.316898022621475,0.7347054591137143,r-a71c890435a70aeaf61b,r-50fdf10cc3a46222dec3
m-duplicate_conductance-c92521ba5f,pospischil2008_rs,2,P05_long_step,spike_count,exceeds,29.0,37.0,8.0,0.5,r-a71c890435a70aeaf61b,r-50fdf10cc3a46222dec3
m-duplicate_conductance-c92521ba5f,pospischil2008_rs,2,P06_ramp,mean_frequency,exceeds,30.358227079570092,32.00160008003719,1.6433730004671006,1.5144478323219088,r-2c42dd73d53f21fe7690,r-eeaf51f5f9146fab05d8
m-duplicate_conductance-c92521ba5f,pospischil2008_rs,2,P06_ramp,spike_count,exceeds,30.0,32.0,2.0,0.5,r-2c42dd73d53f21fe7690,r-eeaf51f5f9146fab05d8
m-duplicate_conductance-c92521ba5f,pospischil2008_rs,2,P09_short_pulse,ahp_depth,exceeds,-1.3990133539835625,-6.540256296792407,5.141242942808844,0.5,r-fa41d650658e23c878d5,r-f006a6a76507b6b08959
m-duplicate_conductance-c92521ba5f,pospischil2008_rs,2,P09_short_pulse,ap_half_width,exceeds,0.8799999999991996,0.7099999999993543,0.16999999999984539,0.05,r-fa41d650658e23c878d5,r-f006a6a76507b6b08959
m-duplicate_conductance-4e2ab48a04,pospischil2008_rs,1,P00_canonical,adaptation_index,definedness,0.2988218828985024,,,0.029882188289850245,r-5171ec6a0414fa8c47f8,r-49b2ad28ca42aa3097ef
m-duplicate_conductance-4e2ab48a04,pospischil2008_rs,1,P00_canonical,baseline_voltage,exceeds,-70.57644285583496,-71.08610289764404,0.5096600418090844,0.5,r-5171ec6a0414fa8c47f8,r-49b2ad28ca42aa3097ef
m-duplicate_conductance-4e2ab48a04,pospischil2008_rs,1,P00_canonical,firing_regime,categorical,adapting,tonic,,,r-5171ec6a0414fa8c47f8,r-49b2ad28ca42aa3097ef
m-duplicate_conductance-4e2ab48a04,pospischil2008_rs,1,P00_canonical,first_isi,exceeds,28.06999999997447,77.88999999992916,49.81999999995469,0.5613999999994894,r-5171ec6a0414fa8c47f8,r-49b2ad28ca42aa3097ef
m-duplicate_conductance-4e2ab48a04,pospischil2008_rs,1,P00_canonical,first_spike_latency,exceeds,20.749999999853287,22.75999999985146,2.009999999998172,0.5,r-5171ec6a0414fa8c47f8,r-49b2ad28ca42aa3097ef
m-duplicate_conductance-4e2ab48a04,pospischil2008_rs,1,P00_canonical,last_isi,exceeds,135.97999999987638,77.88999999992916,58.089999999947224,2.7195999999975276,r-5171ec6a0414fa8c47f8,r-49b2ad28ca42aa3097ef
m-duplicate_conductance-4e2ab48a04,pospischil2008_rs,1,P00_canonical,mean_frequency,exceeds,17.03113291098414,19.870839543014004,2.8397066320298627,0.8515566455492071,r-5171ec6a0414fa8c47f8,r-49b2ad28ca42aa3097ef
m-duplicate_conductance-4e2ab48a04,pospischil2008_rs,1,P00_canonical,spike_count,exceeds,5.0,2.0,3.0,0.5,r-5171ec6a0414fa8c47f8,r-49b2ad28ca42aa3097ef
m-duplicate_conductance-4e2ab48a04,pospischil2008_rs,1,P01_baseline,baseline_voltage,exceeds,-70.57644295501709,-71.08610312652588,0.5096601715087985,0.5,r-0c0f3a761516cf334965,r-4cc6b84ec4a94fe06e02
m-duplicate_conductance-4e2ab48a04,pospischil2008_rs,1,P02_weak_step,baseline_voltage,exceeds,-70.57644295501709,-71.08610312652588,0.5096601715087985,0.5,r-0c0f3a761516cf334965,r-4cc6b84ec4a94fe06e02
m-duplicate_conductance-4e2ab48a04,pospischil2008_rs,1,P02_weak_step,steady_state_voltage,exceeds,-61.915689658355596,-63.125348459625116,1.2096588012695193,0.5,r-0c0f3a761516cf334965,r-4cc6b84ec4a94fe06e02
m-duplicate_conductance-4e2ab48a04,pospischil2008_rs,1,P02_weak_step,voltage_deflection,exceeds,8.66075329666149,7.960754666900769,0.6999986297607208,0.5,r-0c0f3a761516cf334965,r-4cc6b84ec4a94fe06e02
m-duplicate_conductance-4e2ab48a04,pospischil2008_rs,1,P03_rheobase,rheobase,exceeds,0.5606515948364182,0.6040912505976367,0.04343965576121844,0.011213031896728365,s-e75f45f43aa09d678807,s-8d2c264b5d8945ec4e81
m-duplicate_conductance-4e2ab48a04,pospischil2008_rs,1,P04_step_2x,adaptation_index,exceeds,0.018020491828063687,0.12800947404320187,0.10998898221513818,0.01,r-0c0f3a761516cf334965,r-4cc6b84ec4a94fe06e02
m-duplicate_conductance-4e2ab48a04,pospischil2008_rs,1,P04_step_2x,firing_regime,categorical,tonic,adapting,,,r-0c0f3a761516cf334965,r-4cc6b84ec4a94fe06e02
m-duplicate_conductance-4e2ab48a04,pospischil2008_rs,1,P04_step_2x,first_isi,exceeds,13.069999999988113,14.949999999986403,1.8799999999982901,0.5,r-0c0f3a761516cf334965,r-4cc6b84ec4a94fe06e02
m-duplicate_conductance-4e2ab48a04,pospischil2008_rs,1,P04_step_2x,last_isi,exceeds,28.16999999997438,89.87999999991825,61.709999999943875,0.5633999999994876,r-0c0f3a761516cf334965,r-4cc6b84ec4a94fe06e02
m-duplicate_conductance-4e2ab48a04,pospischil2008_rs,1,P04_step_2x,mean_frequency,exceeds,44.11292909854356,20.048115477169087,24.064813621374473,2.205646454927178,r-0c0f3a761516cf334965,r-4cc6b84ec4a94fe06e02
m-duplicate_conductance-4e2ab48a04,pospischil2008_rs,1,P04_step_2x,spike_count,exceeds,22.0,9.0,13.0,0.5,r-0c0f3a761516cf334965,r-4cc6b84ec4a94fe06e02
m-duplicate_conductance-4e2ab48a04,pospischil2008_rs,1,P05_long_step,adaptation_index,definedness,0.02130270892949869,,,0.01,r-6299bd8dadd5e9592d63,r-af0d1618ec98250bbca5
m-duplicate_conductance-4e2ab48a04,pospischil2008_rs,1,P05_long_step,burst_count,definedness,1.0,,,0.5,r-6299bd8dadd5e9592d63,r-af0d1618ec98250bbca5
m-duplicate_conductance-4e2ab48a04,pospischil2008_rs,1,P05_long_step,first_isi,exceeds,21.2199999999807,30.109999999972615,8.889999999991915,0.5999999999994543,r-6299bd8dadd5e9592d63,r-af0d1618ec98250bbca5
m-duplicate_conductance-4e2ab48a04,pospischil2008_rs,1,P05_long_step,first_spike_latency,exceeds,16.619999999857043,17.77999999985599,1.159999999998945,0.5,r-6299bd8dadd5e9592d63,r-af0d1618ec98250bbca5
m-duplicate_conductance-4e2ab48a04,pospischil2008_rs,1,P05_long_step,last_isi,exceeds,78.13000000170541,30.109999999972615,48.0200000017328,1.5626000000341083,r-6299bd8dadd5e9592d63,r-af0d1618ec98250bbca5
m-duplicate_conductance-4e2ab48a04,pospischil2008_rs,1,P05_long_step,mean_frequency,exceeds,14.694109182274286,41.7623721028849,27.068262920610618,0.7347054591137143,r-6299bd8dadd5e9592d63,r-af0d1618ec98250bbca5
m-duplicate_conductance-4e2ab48a04,pospischil2008_rs,1,P05_long_step,spike_count,exceeds,29.0,2.0,27.0,0.5,r-6299bd8dadd5e9592d63,r-af0d1618ec98250bbca5
m-duplicate_conductance-4e2ab48a04,pospischil2008_rs,1,P06_ramp,first_spike_latency,exceeds,381.69999999952506,434.4199999994771,52.71999999995205,7.633999999990501,r-7054f91d1e6b5f4b29f8,r-8353565c8131aa86a5a6
m-duplicate_conductance-4e2ab48a04,pospischil2008_rs,1,P06_ramp,mean_frequency,exceeds,30.288956646438177,16.019543843505677,14.2694128029325,1.5144478323219088,r-7054f91d1e6b5f4b29f8,r-8353565c8131aa86a5a6
m-duplicate_conductance-4e2ab48a04,pospischil2008_rs,1,P06_ramp,spike_count,exceeds,30.0,16.0,14.0,0.5,r-7054f91d1e6b5f4b29f8,r-8353565c8131aa86a5a6
m-duplicate_conductance-4e2ab48a04,pospischil2008_rs,1,P07_hyperpolarizing_step,baseline_voltage,exceeds,-70.57644295501709,-71.08610312652588,0.5096601715087985,0.5,r-0c0f3a761516cf334965,r-4cc6b84ec4a94fe06e02
m-duplicate_conductance-4e2ab48a04,pospischil2008_rs,1,P09_short_pulse,ahp_depth,exceeds,-1.4308354873657265,-2.587038352966303,1.1562028656005765,0.5,r-4a031cb8037cbebd46bc,r-3f6c504aff407fe58b27
m-duplicate_conductance-4e2ab48a04,pospischil2008_rs,2,P00_canonical,adaptation_index,definedness,0.2989579287624928,,,0.029882188289850245,r-35d4f8d415fe0d06a895,r-1e4ab09cd531ecff4a83
m-duplicate_conductance-4e2ab48a04,pospischil2008_rs,2,P00_canonical,baseline_voltage,exceeds,-70.57644283040365,-71.08610286712647,0.5096600367228206,0.5,r-35d4f8d415fe0d06a895,r-1e4ab09cd531ecff4a83
m-duplicate_conductance-4e2ab48a04,pospischil2008_rs,2,P00_canonical,firing_regime,categorical,adapting,tonic,,,r-35d4f8d415fe0d06a895,r-1e4ab09cd531ecff4a83
m-duplicate_conductance-4e2ab48a04,pospischil2008_rs,2,P00_canonical,first_isi,exceeds,28.029999999974507,77.4099999999296,49.37999999995509,0.5613999999994894,r-35d4f8d415fe0d06a895,r-1e4ab09cd531ecff4a83
m-duplicate_conductance-4e2ab48a04,pospischil2008_rs,2,P00_canonical,first_spike_latency,exceeds,20.739999999853296,22.749999999851468,2.009999999998172,0.5,r-35d4f8d415fe0d06a895,r-1e4ab09cd531ecff4a83
m-duplicate_conductance-4e2ab48a04,pospischil2008_rs,2,P00_canonical,last_isi,exceeds,135.78999999987656,77.4099999999296,58.37999999994696,2.7195999999975276,r-35d4f8d415fe0d06a895,r-1e4ab09cd531ecff4a83
m-duplicate_conductance-4e2ab48a04,pospischil2008_rs,2,P00_canonical,mean_frequency,exceeds,17.059606264310375,19.96805111825451,2.908444853944136,0.8515566455492071,r-35d4f8d415fe0d06a895,r-1e4ab09cd531ecff4a83
m-duplicate_conductance-4e2ab48a04,pospischil2008_rs,2,P00_canonical,spike_count,exceeds,5.0,2.0,3.0,0.5,r-35d4f8d415fe0d06a895,r-1e4ab09cd531ecff4a83
m-duplicate_conductance-4e2ab48a04,pospischil2008_rs,2,P01_baseline,baseline_voltage,exceeds,-70.5764428838094,-71.08610297648111,0.5096600926717088,0.5,r-13ae588754662eb409bf,r-30cee6eaed6d659d2047
m-duplicate_conductance-4e2ab48a04,pospischil2008_rs,2,P02_weak_step,baseline_voltage,exceeds,-70.5764428838094,-71.08610297648111,0.5096600926717088,0.5,r-13ae588754662eb409bf,r-30cee6eaed6d659d2047
m-duplicate_conductance-4e2ab48a04,pospischil2008_rs,2,P02_weak_step,steady_state_voltage,exceeds,-61.91568922958361,-63.12534712142929,1.20965789184568,0.5,r-13ae588754662eb409bf,r-30cee6eaed6d659d2047
m-duplicate_conductance-4e2ab48a04,pospischil2008_rs,2,P02_weak_step,voltage_deflection,exceeds,8.660753654225793,7.960755855051822,0.6999977991739712,0.5,r-13ae588754662eb409bf,r-30cee6eaed6d659d2047
m-duplicate_conductance-4e2ab48a04,pospischil2008_rs,2,P03_rheobase,rheobase,exceeds,0.5606515948364182,0.6040912505976367,0.04343965576121844,0.011213031896728365,s-3f9a22347a7b118b5e38,s-8ddaf91e831a3aeac86b
m-duplicate_conductance-4e2ab48a04,pospischil2008_rs,2,P04_step_2x,adaptation_index,exceeds,0.018206269147133136,0.1287328723591699,0.11052660321203675,0.01,r-13ae588754662eb409bf,r-30cee6eaed6d659d2047
m-duplicate_conductance-4e2ab48a04,pospischil2008_rs,2,P04_step_2x,firing_regime,categorical,tonic,adapting,,,r-13ae588754662eb409bf,r-30cee6eaed6d659d2047
m-duplicate_conductance-4e2ab48a04,pospischil2008_rs,2,P04_step_2x,first_isi,exceeds,12.92999999998824,14.789999999986549,1.8599999999983083,0.5,r-13ae588754662eb409bf,r-30cee6eaed6d659d2047
m-duplicate_conductance-4e2ab48a04,pospischil2008_rs,2,P04_step_2x,last_isi,exceeds,28.06999999997447,89.66999999991845,61.599999999943975,0.5633999999994876,r-13ae588754662eb409bf,r-30cee6eaed6d659d2047
m-duplicate_conductance-4e2ab48a04,pospischil2008_rs,2,P04_step_2x,mean_frequency,exceeds,44.38974193423394,20.173944230276078,24.21579770395786,2.205646454927178,r-13ae588754662eb409bf,r-30cee6eaed6d659d2047
m-duplicate_conductance-4e2ab48a04,pospischil2008_rs,2,P04_step_2x,spike_count,exceeds,22.0,9.0,13.0,0.5,r-13ae588754662eb409bf,r-30cee6eaed6d659d2047
m-duplicate_conductance-4e2ab48a04,pospischil2008_rs,2,P05_long_step,adaptation_index,definedness,0.021450084876352596,,,0.01,r-a71c890435a70aeaf61b,r-7cf6aeec272788ae6bde
m-duplicate_conductance-4e2ab48a04,pospischil2008_rs,2,P05_long_step,burst_count,definedness,1.0,,,0.5,r-a71c890435a70aeaf61b,r-7cf6aeec272788ae6bde
m-duplicate_conductance-4e2ab48a04,pospischil2008_rs,2,P05_long_step,first_isi,exceeds,21.019999999980882,29.809999999972888,8.789999999992006,0.5999999999994543,r-a71c890435a70aeaf61b,r-7cf6aeec272788ae6bde
m-duplicate_conductance-4e2ab48a04,pospischil2008_rs,2,P05_long_step,first_spike_latency,exceeds,16.58999999985707,17.739999999856025,1.149999999998954,0.5,r-a71c890435a70aeaf61b,r-7cf6aeec272788ae6bde
m-duplicate_conductance-4e2ab48a04,pospischil2008_rs,2,P05_long_step,last_isi,exceeds,77.97000000170192,29.809999999972888,48.16000000172903,1.5626000000341083,r-a71c890435a70aeaf61b,r-7cf6aeec272788ae6bde
m-duplicate_conductance-4e2ab48a04,pospischil2008_rs,2,P05_long_step,mean_frequency,exceeds,14.734349834088421,42.06098843337952,27.3266385992911,0.7347054591137143,r-a71c890435a70aeaf61b,r-7cf6aeec272788ae6bde
m-duplicate_conductance-4e2ab48a04,pospischil2008_rs,2,P05_long_step,spike_count,exceeds,29.0,2.0,27.0,0.5,r-a71c890435a70aeaf61b,r-7cf6aeec272788ae6bde
m-duplicate_conductance-4e2ab48a04,pospischil2008_rs,2,P06_ramp,first_spike_latency,exceeds,381.6399999995251,434.36999999947716,52.72999999995204,7.633999999990501,r-2c42dd73d53f21fe7690,r-881eb79a8f6ce80c72ad
m-duplicate_conductance-4e2ab48a04,pospischil2008_rs,2,P06_ramp,mean_frequency,exceeds,30.358227079570092,16.03929627589254,14.318930803677553,1.5144478323219088,r-2c42dd73d53f21fe7690,r-881eb79a8f6ce80c72ad
m-duplicate_conductance-4e2ab48a04,pospischil2008_rs,2,P06_ramp,spike_count,exceeds,30.0,16.0,14.0,0.5,r-2c42dd73d53f21fe7690,r-881eb79a8f6ce80c72ad
m-duplicate_conductance-4e2ab48a04,pospischil2008_rs,2,P07_hyperpolarizing_step,baseline_voltage,exceeds,-70.5764428838094,-71.08610297648111,0.5096600926717088,0.5,r-13ae588754662eb409bf,r-30cee6eaed6d659d2047
m-duplicate_conductance-4e2ab48a04,pospischil2008_rs,2,P09_short_pulse,ahp_depth,exceeds,-1.3990133539835625,-2.5561241963704475,1.157110842386885,0.5,r-fa41d650658e23c878d5,r-dbcab50abd13b5146278
m-scale_conductance-9b1ec69fe4,pospischil2008_lts,1,P00_canonical,last_isi,exceeds,202.1999999998161,167.7299999998475,34.46999999996859,4.043999999996322,r-7fe8302f56856b53d535,r-50fdfa3fd704e3ab44ac
m-scale_conductance-9b1ec69fe4,pospischil2008_lts,1,P00_canonical,mean_frequency,exceeds,12.319822594574143,14.392630972966272,2.0728083783921285,0.6159911297287072,r-7fe8302f56856b53d535,r-50fdfa3fd704e3ab44ac
m-scale_conductance-9b1ec69fe4,pospischil2008_lts,2,P00_canonical,last_isi,exceeds,202.7499999998156,168.0699999998472,34.6799999999684,4.043999999996322,r-055cc6b1739501cecd9d,r-eb4438836dade2e41895
m-scale_conductance-9b1ec69fe4,pospischil2008_lts,2,P00_canonical,mean_frequency,exceeds,12.393493415976295,14.470732942648155,2.0772395266718604,0.6159911297287072,r-055cc6b1739501cecd9d,r-eb4438836dade2e41895
m-scale_conductance-1000aafe3e,pospischil2008_lts,1,P00_canonical,adaptation_index,exceeds,0.45003406360930803,0.2671563219115466,0.18287774169776144,0.04500340636093081,r-7fe8302f56856b53d535,r-1bb8a8898e7993b6a2e8
m-scale_conductance-1000aafe3e,pospischil2008_lts,1,P00_canonical,ap_amplitude,exceeds,100.01163101444587,97.23264313024089,2.77898788420498,2.0002326202889176,r-7fe8302f56856b53d535,r-1bb8a8898e7993b6a2e8
m-scale_conductance-1000aafe3e,pospischil2008_lts,1,P00_canonical,first_isi,exceeds,14.159999999987122,16.79999999998472,2.639999999997599,0.5999999999994543,r-7fe8302f56856b53d535,r-1bb8a8898e7993b6a2e8
m-scale_conductance-1000aafe3e,pospischil2008_lts,1,P00_canonical,first_spike_latency,exceeds,31.629999999752442,33.18999999975102,1.5599999999985812,0.6325999999950489,r-7fe8302f56856b53d535,r-1bb8a8898e7993b6a2e8
m-scale_conductance-1000aafe3e,pospischil2008_lts,1,P00_canonical,mean_frequency,exceeds,12.319822594574143,10.892652905631557,1.4271696889425858,0.6159911297287072,r-7fe8302f56856b53d535,r-1bb8a8898e7993b6a2e8
m-scale_conductance-1000aafe3e,pospischil2008_lts,1,P02_weak_step,steady_state_voltage,exceeds,-74.93620969696036,-75.47193822784418,0.5357285308838158,0.5,r-c8dafa7919f8741d136a,r-c8ebe72a3f2cc23957cd
m-scale_conductance-1000aafe3e,pospischil2008_lts,1,P03_rheobase,rheobase,exceeds,0.038658561573663,0.0439519158527423,0.0052933542790793014,0.0007731712314732601,s-3999769ed965342ea63b,s-d45ec80e3c505a76da35
m-scale_conductance-1000aafe3e,pospischil2008_lts,1,P04_step_2x,first_spike_latency,exceeds,57.54999999981982,61.729999999816016,4.179999999996198,1.1509999999963965,r-c8dafa7919f8741d136a,r-c8ebe72a3f2cc23957cd
m-scale_conductance-1000aafe3e,pospischil2008_lts,1,P05_long_step,first_spike_latency,exceeds,77.49999999980167,85.29999999979458,7.799999999992906,1.5499999999960334,r-0e47469602e57d8257f5,r-75124fb529339a015d2a
m-scale_conductance-1000aafe3e,pospischil2008_lts,2,P00_canonical,adaptation_index,exceeds,0.4630010462892806,0.27341676147136873,0.1895842848179119,0.04500340636093081,r-055cc6b1739501cecd9d,r-83929c916fc90401bcfe
m-scale_conductance-1000aafe3e,pospischil2008_lts,2,P00_canonical,ap_amplitude,exceeds,99.9338417077712,97.25429153717681,2.679550170594382,2.0002326202889176,r-055cc6b1739501cecd9d,r-83929c916fc90401bcfe
m-scale_conductance-1000aafe3e,pospischil2008_lts,2,P00_canonical,first_isi,exceeds,13.959999999987303,16.56999999998493,2.609999999997626,0.5999999999994543,r-055cc6b1739501cecd9d,r-83929c916fc90401bcfe
m-scale_conductance-1000aafe3e,pospischil2008_lts,2,P00_canonical,first_spike_latency,exceeds,31.61999999975245,33.17999999975103,1.5599999999985812,0.6325999999950489,r-055cc6b1739501cecd9d,r-83929c916fc90401bcfe
m-scale_conductance-1000aafe3e,pospischil2008_lts,2,P00_canonical,mean_frequency,exceeds,12.393493415976295,10.923291187651294,1.4702022283250002,0.6159911297287072,r-055cc6b1739501cecd9d,r-83929c916fc90401bcfe
m-scale_conductance-1000aafe3e,pospischil2008_lts,2,P02_weak_step,steady_state_voltage,exceeds,-74.93623204345693,-75.47195529632562,0.5357232528686922,0.5,r-13bd10976ea90e0f7248,r-d018e264ffd1c080cd5f
m-scale_conductance-1000aafe3e,pospischil2008_lts,2,P03_rheobase,rheobase,exceeds,0.038658561573663,0.0439519158527423,0.0052933542790793014,0.0007731712314732601,s-372d4e42bc81ae6ab2b8,s-447f50f067102c05703e
m-scale_conductance-1000aafe3e,pospischil2008_lts,2,P04_step_2x,first_spike_latency,exceeds,57.49999999981986,61.67999999981606,4.179999999996198,1.1509999999963965,r-13bd10976ea90e0f7248,r-d018e264ffd1c080cd5f
m-scale_conductance-1000aafe3e,pospischil2008_lts,2,P05_long_step,first_spike_latency,exceeds,77.43999999980173,85.22999999979464,7.789999999992915,1.5499999999960334,r-d6d2d7202a5745e9444f,r-86449a9c2078e309b450
m-shift_reversal-27f94c8222,pospischil2008_lts,1,P00_canonical,adaptation_index,exceeds,0.45003406360930803,0.5659605091530608,0.11592644554375281,0.04500340636093081,r-7fe8302f56856b53d535,r-8c77e84bf8c03c36d7ad
m-shift_reversal-27f94c8222,pospischil2008_lts,1,P00_canonical,ahp_depth,exceeds,16.573501743312846,17.673607028964994,1.1001052856521483,0.8286750871656423,r-7fe8302f56856b53d535,r-8c77e84bf8c03c36d7ad
m-shift_reversal-27f94c8222,pospischil2008_lts,1,P00_canonical,ap_amplitude,exceeds,100.01163101444587,95.19048309617733,4.821147918268537,2.0002326202889176,r-7fe8302f56856b53d535,r-8c77e84bf8c03c36d7ad
m-shift_reversal-27f94c8222,pospischil2008_lts,1,P00_canonical,first_isi,exceeds,14.159999999987122,12.289999999988822,1.8699999999982992,0.5999999999994543,r-7fe8302f56856b53d535,r-8c77e84bf8c03c36d7ad
m-shift_reversal-27f94c8222,pospischil2008_lts,1,P00_canonical,last_isi,exceeds,202.1999999998161,174.07999999984173,28.119999999974368,4.043999999996322,r-7fe8302f56856b53d535,r-8c77e84bf8c03c36d7ad
m-shift_reversal-27f94c8222,pospischil2008_lts,1,P00_canonical,mean_frequency,exceeds,12.319822594574143,15.022345739313193,2.7025231447390503,0.6159911297287072,r-7fe8302f56856b53d535,r-8c77e84bf8c03c36d7ad
m-shift_reversal-27f94c8222,pospischil2008_lts,1,P04_step_2x,ap_amplitude,exceeds,92.73429489294529,87.73717117430411,4.997123718641177,1.8546858978589058,r-c8dafa7919f8741d136a,r-49ed9b4a1c4dd5d90560
m-shift_reversal-27f94c8222,pospischil2008_lts,1,P05_long_step,ap_amplitude,exceeds,91.18347931093976,86.18749618663429,4.995983124305468,1.8236695862187953,r-0e47469602e57d8257f5,r-c4ba9a491fca14262798
m-shift_reversal-27f94c8222,pospischil2008_lts,2,P00_canonical,adaptation_index,exceeds,0.4630010462892806,0.5763961112367173,0.11339506494743667,0.04500340636093081,r-055cc6b1739501cecd9d,r-0d455653bc8351adba77
m-shift_reversal-27f94c8222,pospischil2008_lts,2,P00_canonical,ahp_depth,exceeds,16.673553569797534,17.776290996551538,1.102737426754004,0.8286750871656423,r-055cc6b1739501cecd9d,r-0d455653bc8351adba77
m-shift_reversal-27f94c8222,pospischil2008_lts,2,P00_canonical,ap_amplitude,exceeds,99.9338417077712,95.11647033979364,4.817371367977557,2.0002326202889176,r-055cc6b1739501cecd9d,r-0d455653bc8351adba77
m-shift_reversal-27f94c8222,pospischil2008_lts,2,P00_canonical,first_isi,exceeds,13.959999999987303,12.129999999988968,1.8299999999983356,0.5999999999994543,r-055cc6b1739501cecd9d,r-0d455653bc8351adba77
m-shift_reversal-27f94c8222,pospischil2008_lts,2,P00_canonical,last_isi,exceeds,202.7499999998156,174.30999999984152,28.439999999974077,4.043999999996322,r-055cc6b1739501cecd9d,r-0d455653bc8351adba77
m-shift_reversal-27f94c8222,pospischil2008_lts,2,P00_canonical,mean_frequency,exceeds,12.393493415976295,15.098897780488226,2.7054043645119314,0.6159911297287072,r-055cc6b1739501cecd9d,r-0d455653bc8351adba77
m-shift_reversal-27f94c8222,pospischil2008_lts,2,P04_step_2x,ap_amplitude,exceeds,92.6621055623362,87.68401336830414,4.978092194032058,1.8546858978589058,r-13bd10976ea90e0f7248,r-9427fe340e7f4751d6aa
m-shift_reversal-27f94c8222,pospischil2008_lts,2,P05_long_step,ap_amplitude,exceeds,91.13381576739826,86.15034485009397,4.983470917304288,1.8236695862187953,r-d6d2d7202a5745e9444f,r-244fa27cfdf4cf9aa497
m-shift_reversal-5c87169260,pospischil2008_lts,1,P00_canonical,adaptation_index,exceeds,0.45003406360930803,0.7172279644532592,0.26719390084395117,0.04500340636093081,r-7fe8302f56856b53d535,r-e4e026235ff465541cad
m-shift_reversal-5c87169260,pospischil2008_lts,1,P00_canonical,ahp_depth,exceeds,16.573501743312846,19.1799317970314,2.6064300537185545,0.8286750871656423,r-7fe8302f56856b53d535,r-e4e026235ff465541cad
m-shift_reversal-5c87169260,pospischil2008_lts,1,P00_canonical,first_isi,exceeds,14.159999999987122,10.399999999990541,3.7599999999965803,0.5999999999994543,r-7fe8302f56856b53d535,r-e4e026235ff465541cad
m-shift_reversal-5c87169260,pospischil2008_lts,1,P00_canonical,last_isi,exceeds,202.1999999998161,225.1199999997953,22.91999999997921,4.043999999996322,r-7fe8302f56856b53d535,r-e4e026235ff465541cad
m-shift_reversal-5c87169260,pospischil2008_lts,1,P00_canonical,mean_frequency,exceeds,12.319822594574143,13.148379462252691,0.8285568676785484,0.6159911297287072,r-7fe8302f56856b53d535,r-e4e026235ff465541cad
m-shift_reversal-5c87169260,pospischil2008_lts,1,P04_step_2x,ahp_depth,exceeds,14.597407663981116,16.920031870525193,2.322624206544077,1.373702987670896,r-c8dafa7919f8741d136a,r-dde03969c4b9f75a0ff2
m-shift_reversal-5c87169260,pospischil2008_lts,1,P04_step_2x,firing_regime,categorical,single_spike,tonic,,,r-c8dafa7919f8741d136a,r-dde03969c4b9f75a0ff2
m-shift_reversal-5c87169260,pospischil2008_lts,1,P04_step_2x,first_isi,definedness,,57.09999999994807,,inf,r-c8dafa7919f8741d136a,r-dde03969c4b9f75a0ff2
m-shift_reversal-5c87169260,pospischil2008_lts,1,P04_step_2x,last_isi,definedness,,57.09999999994807,,inf,r-c8dafa7919f8741d136a,r-dde03969c4b9f75a0ff2
m-shift_reversal-5c87169260,pospischil2008_lts,1,P04_step_2x,mean_frequency,definedness,,17.44439598782424,,inf,r-c8dafa7919f8741d136a,r-dde03969c4b9f75a0ff2
m-shift_reversal-5c87169260,pospischil2008_lts,1,P04_step_2x,spike_count,exceeds,1.0,2.0,1.0,0.5,r-c8dafa7919f8741d136a,r-dde03969c4b9f75a0ff2
m-shift_reversal-5c87169260,pospischil2008_lts,1,P05_long_step,ahp_depth,exceeds,14.078013743082678,16.27267011515299,2.1946563720703125,1.3190688934344479,r-0e47469602e57d8257f5,r-0021a0beebd16a20cb27
m-shift_reversal-5c87169260,pospischil2008_lts,2,P00_canonical,adaptation_index,exceeds,0.4630010462892806,0.7255621844882975,0.26256113819901683,0.04500340636093081,r-055cc6b1739501cecd9d,r-64e03728e18c6cfafbc8
m-shift_reversal-5c87169260,pospischil2008_lts,2,P00_canonical,ahp_depth,exceeds,16.673553569797534,19.279411418918627,2.6058578491210938,0.8286750871656423,r-055cc6b1739501cecd9d,r-64e03728e18c6cfafbc8
m-shift_reversal-5c87169260,pospischil2008_lts,2,P00_canonical,first_isi,exceeds,13.959999999987303,10.26999999999066,3.689999999996644,0.5999999999994543,r-055cc6b1739501cecd9d,r-64e03728e18c6cfafbc8
m-shift_reversal-5c87169260,pospischil2008_lts,2,P00_canonical,last_isi,exceeds,202.7499999998156,225.59999999979487,22.849999999979275,4.043999999996322,r-055cc6b1739501cecd9d,r-64e03728e18c6cfafbc8
m-shift_reversal-5c87169260,pospischil2008_lts,2,P00_canonical,mean_frequency,exceeds,12.393493415976295,13.185219369108752,0.7917259531324579,0.6159911297287072,r-055cc6b1739501cecd9d,r-64e03728e18c6cfafbc8
m-shift_reversal-5c87169260,pospischil2008_lts,2,P04_step_2x,ahp_depth,exceeds,15.055308659871415,17.36131604512532,2.3060073852539062,1.373702987670896,r-13bd10976ea90e0f7248,r-020bb83ef6d7daf89db8
m-shift_reversal-5c87169260,pospischil2008_lts,2,P04_step_2x,firing_regime,categorical,single_spike,tonic,,,r-13bd10976ea90e0f7248,r-020bb83ef6d7daf89db8
m-shift_reversal-5c87169260,pospischil2008_lts,2,P04_step_2x,first_isi,definedness,,39.86999999996374,,inf,r-13bd10976ea90e0f7248,r-020bb83ef6d7daf89db8
m-shift_reversal-5c87169260,pospischil2008_lts,2,P04_step_2x,last_isi,definedness,,39.86999999996374,,inf,r-13bd10976ea90e0f7248,r-020bb83ef6d7daf89db8
m-shift_reversal-5c87169260,pospischil2008_lts,2,P04_step_2x,mean_frequency,definedness,,20.540207456140955,,inf,r-13bd10976ea90e0f7248,r-020bb83ef6d7daf89db8
m-shift_reversal-5c87169260,pospischil2008_lts,2,P04_step_2x,spike_count,exceeds,1.0,2.0,1.0,0.5,r-13bd10976ea90e0f7248,r-020bb83ef6d7daf89db8
m-shift_reversal-5c87169260,pospischil2008_lts,2,P05_long_step,ahp_depth,exceeds,14.517703374227494,16.68980725606282,2.1721038818353264,1.3190688934344479,r-d6d2d7202a5745e9444f,r-085bf44d59da5cb72a41
m-scale_capacitance-ee6df9013d,pospischil2008_lts,1,P00_canonical,adaptation_index,exceeds,0.45003406360930803,0.2919699248120299,0.15806413879727815,0.04500340636093081,r-7fe8302f56856b53d535,r-47cbec881f7bf2046c5b
m-scale_capacitance-ee6df9013d,pospischil2008_lts,1,P00_canonical,ahp_depth,exceeds,16.573501743312846,17.89243180084229,1.3189300575294425,0.8286750871656423,r-7fe8302f56856b53d535,r-47cbec881f7bf2046c5b
m-scale_capacitance-ee6df9013d,pospischil2008_lts,1,P00_canonical,ap_amplitude,exceeds,100.01163101444587,95.65667343415481,4.354957580291057,2.0002326202889176,r-7fe8302f56856b53d535,r-47cbec881f7bf2046c5b
m-scale_capacitance-ee6df9013d,pospischil2008_lts,1,P00_canonical,first_spike_latency,exceeds,31.629999999752442,35.32999999974908,3.699999999996635,0.6325999999950489,r-7fe8302f56856b53d535,r-47cbec881f7bf2046c5b
m-scale_capacitance-ee6df9013d,pospischil2008_lts,1,P00_canonical,last_isi,exceeds,202.1999999998161,214.78999999980465,12.58999999998855,4.043999999996322,r-7fe8302f56856b53d535,r-47cbec881f7bf2046c5b
m-scale_capacitance-ee6df9013d,pospischil2008_lts,1,P00_canonical,mean_frequency,exceeds,12.319822594574143,10.457789746152645,1.8620328484214976,0.6159911297287072,r-7fe8302f56856b53d535,r-47cbec881f7bf2046c5b
m-scale_capacitance-ee6df9013d,pospischil2008_lts,1,P03_rheobase,rheobase,exceeds,0.038658561573663,0.044464175944266104,0.005805614370603104,0.0007731712314732601,s-3999769ed965342ea63b,s-88cddb253166273d168a
m-scale_capacitance-ee6df9013d,pospischil2008_lts,1,P04_step_2x,first_spike_latency,exceeds,57.54999999981982,65.43999999981264,7.889999999992824,1.1509999999963965,r-c8dafa7919f8741d136a,r-0fbf45f3f1950dd442a5
m-scale_capacitance-ee6df9013d,pospischil2008_lts,1,P05_long_step,first_spike_latency,exceeds,77.49999999980167,90.28999999979004,12.789999999988368,1.5499999999960334,r-0e47469602e57d8257f5,r-9902933a814d1dc2806f
m-scale_capacitance-ee6df9013d,pospischil2008_lts,2,P00_canonical,adaptation_index,exceeds,0.4630010462892806,0.3018406020491429,0.1611604442401377,0.04500340636093081,r-055cc6b1739501cecd9d,r-6a518ae304ec0dced1c5
m-scale_capacitance-ee6df9013d,pospischil2008_lts,2,P00_canonical,ahp_depth,exceeds,16.673553569797534,17.991140846248612,1.3175872764510785,0.8286750871656423,r-055cc6b1739501cecd9d,r-6a518ae304ec0dced1c5
m-scale_capacitance-ee6df9013d,pospischil2008_lts,2,P00_canonical,ap_amplitude,exceeds,99.9338417077712,95.67374801909088,4.260093688680314,2.0002326202889176,r-055cc6b1739501cecd9d,r-6a518ae304ec0dced1c5
m-scale_capacitance-ee6df9013d,pospischil2008_lts,2,P00_canonical,first_spike_latency,exceeds,31.61999999975245,35.319999999749086,3.699999999996635,0.6325999999950489,r-055cc6b1739501cecd9d,r-6a518ae304ec0dced1c5
m-scale_capacitance-ee6df9013d,pospischil2008_lts,2,P00_canonical,last_isi,exceeds,202.7499999998156,215.36999999980412,12.619999999988522,4.043999999996322,r-055cc6b1739501cecd9d,r-6a518ae304ec0dced1c5
m-scale_capacitance-ee6df9013d,pospischil2008_lts,2,P00_canonical,mean_frequency,exceeds,12.393493415976295,10.50861706600971,1.884876349966584,0.6159911297287072,r-055cc6b1739501cecd9d,r-6a518ae304ec0dced1c5
m-scale_capacitance-ee6df9013d,pospischil2008_lts,2,P03_rheobase,rheobase,exceeds,0.038658561573663,0.044464175944266104,0.005805614370603104,0.0007731712314732601,s-372d4e42bc81ae6ab2b8,s-ca34d001b29cb6e43901
m-scale_capacitance-ee6df9013d,pospischil2008_lts,2,P04_step_2x,ap_amplitude,exceeds,92.6621055623362,90.80507278567697,1.8570327766592243,1.8546858978589058,r-13bd10976ea90e0f7248,r-9ccd20d327cdebecefdb
m-scale_capacitance-ee6df9013d,pospischil2008_lts,2,P04_step_2x,first_spike_latency,exceeds,57.49999999981986,65.3799999998127,7.879999999992833,1.1509999999963965,r-13bd10976ea90e0f7248,r-9ccd20d327cdebecefdb
m-scale_capacitance-ee6df9013d,pospischil2008_lts,2,P05_long_step,first_spike_latency,exceeds,77.43999999980173,90.2199999997901,12.779999999988377,1.5499999999960334,r-d6d2d7202a5745e9444f,r-2b82d6ed770be0213d1f
m-scale_capacitance-64ced10e8f,pospischil2008_lts,1,P00_canonical,adaptation_index,definedness,0.45003406360930803,,,0.04500340636093081,r-7fe8302f56856b53d535,r-b171fb51a8667c455640
m-scale_capacitance-64ced10e8f,pospischil2008_lts,1,P00_canonical,ahp_depth,exceeds,16.573501743312846,24.876966913222148,8.303465169909302,0.8286750871656423,r-7fe8302f56856b53d535,r-b171fb51a8667c455640
m-scale_capacitance-64ced10e8f,pospischil2008_lts,1,P00_canonical,ap_amplitude,exceeds,100.01163101444587,83.57326126410013,16.438369750345743,2.0002326202889176,r-7fe8302f56856b53d535,r-b171fb51a8667c455640
m-scale_capacitance-64ced10e8f,pospischil2008_lts,1,P00_canonical,firing_regime,categorical,adapting,tonic,,,r-7fe8302f56856b53d535,r-b171fb51a8667c455640
m-scale_capacitance-64ced10e8f,pospischil2008_lts,1,P00_canonical,first_isi,exceeds,14.159999999987122,97.06999999991177,82.90999999992465,0.5999999999994543,r-7fe8302f56856b53d535,r-b171fb51a8667c455640
m-scale_capacitance-64ced10e8f,pospischil2008_lts,1,P00_canonical,first_spike_latency,exceeds,31.629999999752442,79.92999999970851,48.29999999995607,0.6325999999950489,r-7fe8302f56856b53d535,r-b171fb51a8667c455640
m-scale_capacitance-64ced10e8f,pospischil2008_lts,1,P00_canonical,last_isi,exceeds,202.1999999998161,97.06999999991177,105.12999999990433,4.043999999996322,r-7fe8302f56856b53d535,r-b171fb51a8667c455640
m-scale_capacitance-64ced10e8f,pospischil2008_lts,1,P00_canonical,mean_frequency,exceeds,12.319822594574143,11.299435028272828,1.0203875663013147,0.6159911297287072,r-7fe8302f56856b53d535,r-b171fb51a8667c455640
m-scale_capacitance-64ced10e8f,pospischil2008_lts,1,P00_canonical,spike_count,exceeds,4.0,2.0,2.0,0.5,r-7fe8302f56856b53d535,r-b171fb51a8667c455640
m-scale_capacitance-64ced10e8f,pospischil2008_lts,1,P02_weak_step,steady_state_voltage,exceeds,-74.93620969696036,-75.8008119781497,0.8646022811893346,0.5,r-c8dafa7919f8741d136a,r-90b67c5f37aa91547909
m-scale_capacitance-64ced10e8f,pospischil2008_lts,1,P02_weak_step,voltage_deflection,exceeds,9.017360991923098,8.164717112731651,0.8526438791914472,0.5,r-c8dafa7919f8741d136a,r-90b67c5f37aa91547909
m-scale_capacitance-64ced10e8f,pospischil2008_lts,1,P03_rheobase,rheobase,exceeds,0.038658561573663,0.09948090977392254,0.06082234820025954,0.0007731712314732601,s-3999769ed965342ea63b,s-3fa6a5621e85f71780ae
m-scale_capacitance-64ced10e8f,pospischil2008_lts,1,P04_step_2x,ahp_depth,definedness,14.597407663981116,,,1.373702987670896,r-c8dafa7919f8741d136a,r-90b67c5f37aa91547909
m-scale_capacitance-64ced10e8f,pospischil2008_lts,1,P04_step_2x,ap_amplitude,definedness,92.73429489294529,,,1.8546858978589058,r-c8dafa7919f8741d136a,r-90b67c5f37aa91547909
m-scale_capacitance-64ced10e8f,pospischil2008_lts,1,P04_step_2x,ap_half_width,definedness,0.7299999999993361,,,0.05,r-c8dafa7919f8741d136a,r-90b67c5f37aa91547909
m-scale_capacitance-64ced10e8f,pospischil2008_lts,1,P04_step_2x,firing_regime,categorical,single_spike,silent,,,r-c8dafa7919f8741d136a,r-90b67c5f37aa91547909
m-scale_capacitance-64ced10e8f,pospischil2008_lts,1,P04_step_2x,first_spike_latency,definedness,57.54999999981982,,,1.1509999999963965,r-c8dafa7919f8741d136a,r-90b67c5f37aa91547909
m-scale_capacitance-64ced10e8f,pospischil2008_lts,1,P04_step_2x,spike_count,exceeds,1.0,0.0,1.0,0.5,r-c8dafa7919f8741d136a,r-90b67c5f37aa91547909
m-scale_capacitance-64ced10e8f,pospischil2008_lts,1,P05_long_step,ahp_depth,definedness,14.078013743082678,,,1.3190688934344479,r-0e47469602e57d8257f5,r-58458749b766f874b70e
m-scale_capacitance-64ced10e8f,pospischil2008_lts,1,P05_long_step,ap_amplitude,definedness,91.18347931093976,,,1.8236695862187953,r-0e47469602e57d8257f5,r-58458749b766f874b70e
m-scale_capacitance-64ced10e8f,pospischil2008_lts,1,P05_long_step,ap_half_width,definedness,0.7199999999993452,,,0.05,r-0e47469602e57d8257f5,r-58458749b766f874b70e
m-scale_capacitance-64ced10e8f,pospischil2008_lts,1,P05_long_step,firing_regime,categorical,single_spike,silent,,,r-0e47469602e57d8257f5,r-58458749b766f874b70e
m-scale_capacitance-64ced10e8f,pospischil2008_lts,1,P05_long_step,first_spike_latency,definedness,77.49999999980167,,,1.5499999999960334,r-0e47469602e57d8257f5,r-58458749b766f874b70e
m-scale_capacitance-64ced10e8f,pospischil2008_lts,1,P05_long_step,spike_count,exceeds,1.0,0.0,1.0,0.5,r-0e47469602e57d8257f5,r-58458749b766f874b70e
m-scale_capacitance-64ced10e8f,pospischil2008_lts,1,P07_hyperpolarizing_step,minimum_voltage,exceeds,-98.23638916015535,-97.12671661376686,1.109672546388495,0.5,r-c8dafa7919f8741d136a,r-90b67c5f37aa91547909
m-scale_capacitance-64ced10e8f,pospischil2008_lts,1,P07_hyperpolarizing_step,steady_state_voltage,exceeds,-98.20717309417724,-96.96281153716977,1.2443615570074655,0.5,r-c8dafa7919f8741d136a,r-90b67c5f37aa91547909
m-scale_capacitance-64ced10e8f,pospischil2008_lts,1,P07_hyperpolarizing_step,voltage_deflection,exceeds,-14.253602405293776,-12.997282446288423,1.2563199590053529,0.7126801202646889,r-c8dafa7919f8741d136a,r-90b67c5f37aa91547909
m-scale_capacitance-64ced10e8f,pospischil2008_lts,1,P08_rebound,maximum_voltage,exceeds,-85.8170776367331,-90.3810806274649,4.564002990731794,1.0,r-63884195eb48b9d52a9c,r-34bd4948915015a5782f
m-scale_capacitance-64ced10e8f,pospischil2008_lts,2,P00_canonical,adaptation_index,definedness,0.4630010462892806,,,0.04500340636093081,r-055cc6b1739501cecd9d,r-382b654b661b58f6f766
m-scale_capacitance-64ced10e8f,pospischil2008_lts,2,P00_canonical,ahp_depth,exceeds,16.673553569797534,24.947393814086922,8.273840244289389,0.8286750871656423,r-055cc6b1739501cecd9d,r-382b654b661b58f6f766
m-scale_capacitance-64ced10e8f,pospischil2008_lts,2,P00_canonical,ap_amplitude,exceeds,99.9338417077712,83.54001999245551,16.39382171531568,2.0002326202889176,r-055cc6b1739501cecd9d,r-382b654b661b58f6f766
m-scale_capacitance-64ced10e8f,pospischil2008_lts,2,P00_canonical,firing_regime,categorical,adapting,tonic,,,r-055cc6b1739501cecd9d,r-382b654b661b58f6f766
m-scale_capacitance-64ced10e8f,pospischil2008_lts,2,P00_canonical,first_isi,exceeds,13.959999999987303,95.72999999991299,81.76999999992569,0.5999999999994543,r-055cc6b1739501cecd9d,r-382b654b661b58f6f766
m-scale_capacitance-64ced10e8f,pospischil2008_lts,2,P00_canonical,first_spike_latency,exceeds,31.61999999975245,79.91999999970852,48.29999999995607,0.6325999999950489,r-055cc6b1739501cecd9d,r-382b654b661b58f6f766
m-scale_capacitance-64ced10e8f,pospischil2008_lts,2,P00_canonical,last_isi,exceeds,202.7499999998156,95.72999999991299,107.01999999990261,4.043999999996322,r-055cc6b1739501cecd9d,r-382b654b661b58f6f766
m-scale_capacitance-64ced10e8f,pospischil2008_lts,2,P00_canonical,mean_frequency,exceeds,12.393493415976295,11.386279533187073,1.0072138827892214,0.6159911297287072,r-055cc6b1739501cecd9d,r-382b654b661b58f6f766
m-scale_capacitance-64ced10e8f,pospischil2008_lts,2,P00_canonical,spike_count,exceeds,4.0,2.0,2.0,0.5,r-055cc6b1739501cecd9d,r-382b654b661b58f6f766
m-scale_capacitance-64ced10e8f,pospischil2008_lts,2,P02_weak_step,steady_state_voltage,exceeds,-74.93623204345693,-75.80080753326449,0.8645754898075637,0.5,r-13bd10976ea90e0f7248,r-0b9cf25f0cbdf5090b0f
m-scale_capacitance-64ced10e8f,pospischil2008_lts,2,P02_weak_step,voltage_deflection,exceeds,9.01733864034027,8.164721529642406,0.8526171106978637,0.5,r-13bd10976ea90e0f7248,r-0b9cf25f0cbdf5090b0f
m-scale_capacitance-64ced10e8f,pospischil2008_lts,2,P03_rheobase,rheobase,exceeds,0.038658561573663,0.09948090977392254,0.06082234820025954,0.0007731712314732601,s-372d4e42bc81ae6ab2b8,s-c6c558afafa6e9fd4d17
m-scale_capacitance-64ced10e8f,pospischil2008_lts,2,P04_step_2x,ahp_depth,definedness,15.055308659871415,,,1.373702987670896,r-13bd10976ea90e0f7248,r-0b9cf25f0cbdf5090b0f
m-scale_capacitance-64ced10e8f,pospischil2008_lts,2,P04_step_2x,ap_amplitude,definedness,92.6621055623362,,,1.8546858978589058,r-13bd10976ea90e0f7248,r-0b9cf25f0cbdf5090b0f
m-scale_capacitance-64ced10e8f,pospischil2008_lts,2,P04_step_2x,ap_half_width,definedness,0.7299999999993361,,,0.05,r-13bd10976ea90e0f7248,r-0b9cf25f0cbdf5090b0f
m-scale_capacitance-64ced10e8f,pospischil2008_lts,2,P04_step_2x,firing_regime,categorical,single_spike,silent,,,r-13bd10976ea90e0f7248,r-0b9cf25f0cbdf5090b0f
m-scale_capacitance-64ced10e8f,pospischil2008_lts,2,P04_step_2x,first_spike_latency,definedness,57.49999999981986,,,1.1509999999963965,r-13bd10976ea90e0f7248,r-0b9cf25f0cbdf5090b0f
m-scale_capacitance-64ced10e8f,pospischil2008_lts,2,P04_step_2x,spike_count,exceeds,1.0,0.0,1.0,0.5,r-13bd10976ea90e0f7248,r-0b9cf25f0cbdf5090b0f
m-scale_capacitance-64ced10e8f,pospischil2008_lts,2,P05_long_step,ahp_depth,definedness,14.517703374227494,,,1.3190688934344479,r-d6d2d7202a5745e9444f,r-0cc342e8da8dc7662908
m-scale_capacitance-64ced10e8f,pospischil2008_lts,2,P05_long_step,ap_amplitude,definedness,91.13381576739826,,,1.8236695862187953,r-d6d2d7202a5745e9444f,r-0cc342e8da8dc7662908
m-scale_capacitance-64ced10e8f,pospischil2008_lts,2,P05_long_step,ap_half_width,definedness,0.7299999999993361,,,0.05,r-d6d2d7202a5745e9444f,r-0cc342e8da8dc7662908
m-scale_capacitance-64ced10e8f,pospischil2008_lts,2,P05_long_step,firing_regime,categorical,single_spike,silent,,,r-d6d2d7202a5745e9444f,r-0cc342e8da8dc7662908
m-scale_capacitance-64ced10e8f,pospischil2008_lts,2,P05_long_step,first_spike_latency,definedness,77.43999999980173,,,1.5499999999960334,r-d6d2d7202a5745e9444f,r-0cc342e8da8dc7662908
m-scale_capacitance-64ced10e8f,pospischil2008_lts,2,P05_long_step,spike_count,exceeds,1.0,0.0,1.0,0.5,r-d6d2d7202a5745e9444f,r-0cc342e8da8dc7662908
m-scale_capacitance-64ced10e8f,pospischil2008_lts,2,P07_hyperpolarizing_step,minimum_voltage,exceeds,-98.23638153076172,-97.12670898437145,1.1096725463902715,0.5,r-13bd10976ea90e0f7248,r-0b9cf25f0cbdf5090b0f
m-scale_capacitance-64ced10e8f,pospischil2008_lts,2,P07_hyperpolarizing_step,steady_state_voltage,exceeds,-98.20716658782956,-96.96279629363963,1.2443702941899346,0.5,r-13bd10976ea90e0f7248,r-0b9cf25f0cbdf5090b0f
m-scale_capacitance-64ced10e8f,pospischil2008_lts,2,P07_hyperpolarizing_step,voltage_deflection,exceeds,-14.253595904032366,-12.997267230732731,1.2563286732996346,0.7126801202646889,r-13bd10976ea90e0f7248,r-0b9cf25f0cbdf5090b0f
m-scale_capacitance-64ced10e8f,pospischil2008_lts,2,P08_rebound,maximum_voltage,exceeds,-85.81714630128519,-90.3812026977748,4.564056396489605,1.0,r-24306981c7a9f2760a5f,r-71871b02c814e2e253bf
m-scale_gate_time_constant-834b272d00,pospischil2008_lts,1,P00_canonical,adaptation_index,exceeds,0.45003406360930803,0.34741584772601103,0.102618215883297,0.04500340636093081,r-7fe8302f56856b53d535,r-61fd46efb75fd0f9275c
m-scale_gate_time_constant-834b272d00,pospischil2008_lts,1,P00_canonical,ahp_depth,exceeds,16.573501743312846,15.382126010896684,1.1913757324161622,0.8286750871656423,r-7fe8302f56856b53d535,r-61fd46efb75fd0f9275c
m-scale_gate_time_constant-834b272d00,pospischil2008_lts,1,P00_canonical,first_isi,exceeds,14.159999999987122,16.14999999998531,1.98999999999819,0.5999999999994543,r-7fe8302f56856b53d535,r-61fd46efb75fd0f9275c
m-scale_gate_time_constant-834b272d00,pospischil2008_lts,1,P00_canonical,last_isi,exceeds,202.1999999998161,206.34999999981233,4.149999999996226,4.043999999996322,r-7fe8302f56856b53d535,r-61fd46efb75fd0f9275c
m-scale_gate_time_constant-834b272d00,pospischil2008_lts,1,P00_canonical,mean_frequency,exceeds,12.319822594574143,11.301350511403374,1.018472083170769,0.6159911297287072,r-7fe8302f56856b53d535,r-61fd46efb75fd0f9275c
m-scale_gate_time_constant-834b272d00,pospischil2008_lts,2,P00_canonical,adaptation_index,exceeds,0.4630010462892806,0.35755270664611927,0.10544833964316136,0.04500340636093081,r-055cc6b1739501cecd9d,r-4f5e5b4eae4a0f451328
m-scale_gate_time_constant-834b272d00,pospischil2008_lts,2,P00_canonical,ahp_depth,exceeds,16.673553569797534,15.482879741672534,1.190673828125,0.8286750871656423,r-055cc6b1739501cecd9d,r-4f5e5b4eae4a0f451328
m-scale_gate_time_constant-834b272d00,pospischil2008_lts,2,P00_canonical,first_isi,exceeds,13.959999999987303,15.91999999998552,1.9599999999982174,0.5999999999994543,r-055cc6b1739501cecd9d,r-4f5e5b4eae4a0f451328
m-scale_gate_time_constant-834b272d00,pospischil2008_lts,2,P00_canonical,last_isi,exceeds,202.7499999998156,207.01999999981172,4.2699999999961165,4.043999999996322,r-055cc6b1739501cecd9d,r-4f5e5b4eae4a0f451328
m-scale_gate_time_constant-834b272d00,pospischil2008_lts,2,P00_canonical,mean_frequency,exceeds,12.393493415976295,11.350737797974237,1.042755618002058,0.6159911297287072,r-055cc6b1739501cecd9d,r-4f5e5b4eae4a0f451328
m-scale_gate_time_constant-bac677a78d,pospischil2008_lts,1,P00_canonical,adaptation_index,exceeds,0.45003406360930803,0.2448155292982877,0.20521853431102033,0.04500340636093081,r-7fe8302f56856b53d535,r-20eb30c924c2c50fc1f1
m-scale_gate_time_constant-bac677a78d,pospischil2008_lts,1,P00_canonical,last_isi,exceeds,202.1999999998161,206.4899999998122,4.289999999996098,4.043999999996322,r-7fe8302f56856b53d535,r-20eb30c924c2c50fc1f1
m-scale_gate_time_constant-bac677a78d,pospischil2008_lts,1,P00_canonical,mean_frequency,exceeds,12.319822594574143,10.586491636687365,1.7333309578867784,0.6159911297287072,r-7fe8302f56856b53d535,r-20eb30c924c2c50fc1f1
m-scale_gate_time_constant-bac677a78d,pospischil2008_lts,2,P00_canonical,adaptation_index,exceeds,0.4630010462892806,0.25765754837144395,0.20534349791783668,0.04500340636093081,r-055cc6b1739501cecd9d,r-ee20c7a950056f089a81
m-scale_gate_time_constant-bac677a78d,pospischil2008_lts,2,P00_canonical,last_isi,exceeds,202.7499999998156,207.34999999981142,4.599999999995816,4.043999999996322,r-055cc6b1739501cecd9d,r-ee20c7a950056f089a81
m-scale_gate_time_constant-bac677a78d,pospischil2008_lts,2,P00_canonical,mean_frequency,exceeds,12.393493415976295,10.649343734208268,1.744149681768027,0.6159911297287072,r-055cc6b1739501cecd9d,r-ee20c7a950056f089a81
m-shift_initial_voltage-11bd93c6c3,pospischil2008_lts,1,P00_canonical,adaptation_index,exceeds,0.45003406360930803,0.5217439910564562,0.07170992744714816,0.04500340636093081,r-7fe8302f56856b53d535,r-79de4763dc91bb514603
m-shift_initial_voltage-11bd93c6c3,pospischil2008_lts,1,P00_canonical,first_isi,exceeds,14.159999999987122,13.379999999987831,0.7799999999992906,0.5999999999994543,r-7fe8302f56856b53d535,r-79de4763dc91bb514603
m-shift_initial_voltage-11bd93c6c3,pospischil2008_lts,1,P03_rheobase,rheobase,exceeds,0.038658561573663,0.036814425244177315,0.001844136329485685,0.0007731712314732601,s-3999769ed965342ea63b,s-3282c53c29195c2bd4b5
m-shift_initial_voltage-11bd93c6c3,pospischil2008_lts,1,P05_long_step,first_spike_latency,exceeds,77.49999999980167,75.50999999980348,1.98999999999819,1.5499999999960334,r-0e47469602e57d8257f5,r-383bd9f87697d1445690
m-shift_initial_voltage-11bd93c6c3,pospischil2008_lts,2,P00_canonical,adaptation_index,exceeds,0.4630010462892806,0.5347076461769117,0.07170659988763106,0.04500340636093081,r-055cc6b1739501cecd9d,r-da7a2ae281f178b3b0b2
m-shift_initial_voltage-11bd93c6c3,pospischil2008_lts,2,P00_canonical,first_isi,exceeds,13.959999999987303,13.189999999988004,0.7699999999992997,0.5999999999994543,r-055cc6b1739501cecd9d,r-da7a2ae281f178b3b0b2
m-shift_initial_voltage-11bd93c6c3,pospischil2008_lts,2,P03_rheobase,rheobase,exceeds,0.038658561573663,0.036814425244177315,0.001844136329485685,0.0007731712314732601,s-372d4e42bc81ae6ab2b8,s-0ff33d80e00c05ba81f7
m-shift_initial_voltage-11bd93c6c3,pospischil2008_lts,2,P05_long_step,first_spike_latency,exceeds,77.43999999980173,75.44999999980354,1.98999999999819,1.5499999999960334,r-d6d2d7202a5745e9444f,r-b9ea5041c5dcc894b4f4
m-increase_dt-12296e231e,pospischil2008_lts,1,P00_canonical,adaptation_index,exceeds,0.45003406360930803,0.379353406410434,0.07068065719887401,0.04500340636093081,r-7fe8302f56856b53d535,r-c1391b812261ee915934
m-increase_dt-12296e231e,pospischil2008_lts,1,P00_canonical,first_isi,exceeds,14.159999999987122,15.399999999985994,1.2399999999988722,0.5999999999994543,r-7fe8302f56856b53d535,r-c1391b812261ee915934
m-increase_dt-12296e231e,pospischil2008_lts,1,P04_step_2x,ahp_depth,exceeds,14.597407663981116,11.814285765330297,2.783121898650819,1.373702987670896,r-c8dafa7919f8741d136a,r-79e0e3270f61c1e6d7d8
m-increase_dt-12296e231e,pospischil2008_lts,1,P05_long_step,ahp_depth,exceeds,14.078013743082678,11.38144800059041,2.696565742492268,1.3190688934344479,r-0e47469602e57d8257f5,r-298607f946860b898c62
m-increase_dt-12296e231e,pospischil2008_lts,2,P04_step_2x,ahp_depth,exceeds,15.055308659871415,13.677202611287584,1.378106048583831,1.373702987670896,r-13bd10976ea90e0f7248,r-9a7ec723e15e2c92547c
m-increase_dt-12296e231e,pospischil2008_lts,2,P05_long_step,ahp_depth,exceeds,14.517703374227494,13.190706858317384,1.3269965159101105,1.3190688934344479,r-d6d2d7202a5745e9444f,r-5b9b4ad39a239dc8318d
m-increase_dt-26c6d170d7,pospischil2008_lts,1,P00_canonical,adaptation_index,exceeds,0.45003406360930803,0.28530394121576463,0.1647301223935434,0.04500340636093081,r-7fe8302f56856b53d535,r-0afb677bd4b2534f69c4
m-increase_dt-26c6d170d7,pospischil2008_lts,1,P00_canonical,ahp_depth,exceeds,16.573501743312846,14.782995923996182,1.7905058193166639,0.8286750871656423,r-7fe8302f56856b53d535,r-0afb677bd4b2534f69c4
m-increase_dt-26c6d170d7,pospischil2008_lts,1,P00_canonical,first_isi,exceeds,14.159999999987122,18.21999999998343,4.0599999999963075,0.5999999999994543,r-7fe8302f56856b53d535,r-0afb677bd4b2534f69c4
m-increase_dt-26c6d170d7,pospischil2008_lts,1,P00_canonical,last_isi,exceeds,202.1999999998161,192.409999999825,9.789999999991096,4.043999999996322,r-7fe8302f56856b53d535,r-0afb677bd4b2534f69c4
m-increase_dt-26c6d170d7,pospischil2008_lts,1,P00_canonical,mean_frequency,exceeds,12.319822594574143,11.448196909004414,0.8716256855697289,0.6159911297287072,r-7fe8302f56856b53d535,r-0afb677bd4b2534f69c4
m-increase_dt-26c6d170d7,pospischil2008_lts,1,P04_step_2x,ahp_depth,exceeds,14.597407663981116,6.00885324351097,8.588554420470146,1.373702987670896,r-c8dafa7919f8741d136a,r-fa17cbccc14ffe8f5019
m-increase_dt-26c6d170d7,pospischil2008_lts,1,P05_long_step,ahp_depth,exceeds,14.078013743082678,5.668818758647518,8.40919498443516,1.3190688934344479,r-0e47469602e57d8257f5,r-7e24939d256bece3d40f
m-increase_dt-26c6d170d7,pospischil2008_lts,2,P00_canonical,adaptation_index,exceeds,0.4630010462892806,0.3594142115576332,0.10358683473164743,0.04500340636093081,r-055cc6b1739501cecd9d,r-98d8748d39d466c9f144
m-increase_dt-26c6d170d7,pospischil2008_lts,2,P00_canonical,ahp_depth,exceeds,16.673553569797534,15.7756577835125,0.8978957862850336,0.8286750871656423,r-055cc6b1739501cecd9d,r-98d8748d39d466c9f144
m-increase_dt-26c6d170d7,pospischil2008_lts,2,P00_canonical,first_isi,exceeds,13.959999999987303,15.839999999985594,1.8799999999982901,0.5999999999994543,r-055cc6b1739501cecd9d,r-98d8748d39d466c9f144
m-increase_dt-26c6d170d7,pospischil2008_lts,2,P00_canonical,last_isi,exceeds,202.7499999998156,197.71999999982017,5.029999999995425,4.043999999996322,r-055cc6b1739501cecd9d,r-98d8748d39d466c9f144
m-increase_dt-26c6d170d7,pospischil2008_lts,2,P04_step_2x,ahp_depth,exceeds,15.055308659871415,10.869624452209848,4.185684207661566,1.373702987670896,r-13bd10976ea90e0f7248,r-5a24bccdcc4f1f4bd507
m-increase_dt-26c6d170d7,pospischil2008_lts,2,P05_long_step,ahp_depth,exceeds,14.517703374227494,10.458438233948286,4.059265140279209,1.3190688934344479,r-d6d2d7202a5745e9444f,r-5e4d4f2cbf2d1d6d8143
m-recording_resolution-46bcb819ee,pospischil2008_lts,1,P00_canonical,ap_amplitude,exceeds,100.01163101444587,97.15863402358048,2.8529969908653925,2.0002326202889176,r-7fe8302f56856b53d535,r-0553a9c85faf2a4d3b3a
m-recording_resolution-46bcb819ee,pospischil2008_lts,1,P00_canonical,ap_half_width,exceeds,0.7799999999992906,0.8499999999992269,0.06999999999993634,0.05,r-7fe8302f56856b53d535,r-0553a9c85faf2a4d3b3a
m-recording_resolution-46bcb819ee,pospischil2008_lts,2,P00_canonical,ap_amplitude,exceeds,99.9338417077712,96.62106215859443,3.312779549176767,2.0002326202889176,r-055cc6b1739501cecd9d,r-30419fb2699d680a303a
m-recording_resolution-46bcb819ee,pospischil2008_lts,2,P00_canonical,ap_half_width,exceeds,0.7799999999992906,0.8599999999992178,0.07999999999992724,0.05,r-055cc6b1739501cecd9d,r-30419fb2699d680a303a
m-wrong_channel-091a20b452,pospischil2008_lts,1,P00_canonical,adaptation_index,exceeds,0.45003406360930803,0.03809091058698056,0.4119431530223275,0.04500340636093081,r-7fe8302f56856b53d535,r-adde62f41c398f7d80a4
m-wrong_channel-091a20b452,pospischil2008_lts,1,P00_canonical,ahp_depth,exceeds,16.573501743312846,3.359445470829641,13.214056272483205,0.8286750871656423,r-7fe8302f56856b53d535,r-adde62f41c398f7d80a4
m-wrong_channel-091a20b452,pospischil2008_lts,1,P00_canonical,ap_amplitude,exceeds,100.01163101444587,90.023464205251,9.988166809194865,2.0002326202889176,r-7fe8302f56856b53d535,r-adde62f41c398f7d80a4
m-wrong_channel-091a20b452,pospischil2008_lts,1,P00_canonical,ap_half_width,exceeds,0.7799999999992906,0.7099999999993543,0.06999999999993634,0.05,r-7fe8302f56856b53d535,r-adde62f41c398f7d80a4
m-wrong_channel-091a20b452,pospischil2008_lts,1,P00_canonical,baseline_voltage,exceeds,-83.95132461929322,-72.40068234827105,11.55064227102217,0.5,r-7fe8302f56856b53d535,r-adde62f41c398f7d80a4
m-wrong_channel-091a20b452,pospischil2008_lts,1,P00_canonical,firing_regime,categorical,adapting,tonic,,,r-7fe8302f56856b53d535,r-adde62f41c398f7d80a4
m-wrong_channel-091a20b452,pospischil2008_lts,1,P00_canonical,first_isi,exceeds,14.159999999987122,40.68999999996299,26.52999999997587,0.5999999999994543,r-7fe8302f56856b53d535,r-adde62f41c398f7d80a4
m-wrong_channel-091a20b452,pospischil2008_lts,1,P00_canonical,first_spike_latency,exceeds,31.629999999752442,21.849999999761337,9.779999999991105,0.6325999999950489,r-7fe8302f56856b53d535,r-adde62f41c398f7d80a4
m-wrong_channel-091a20b452,pospischil2008_lts,1,P00_canonical,last_isi,exceeds,202.1999999998161,71.55999999993492,130.63999999988118,4.043999999996322,r-7fe8302f56856b53d535,r-adde62f41c398f7d80a4
m-wrong_channel-091a20b452,pospischil2008_lts,1,P00_canonical,mean_frequency,exceeds,12.319822594574143,18.355841090888635,6.036018496314492,0.6159911297287072,r-7fe8302f56856b53d535,r-adde62f41c398f7d80a4
m-wrong_channel-091a20b452,pospischil2008_lts,1,P00_canonical,spike_count,exceeds,4.0,7.0,3.0,0.5,r-7fe8302f56856b53d535,r-adde62f41c398f7d80a4
m-wrong_channel-091a20b452,pospischil2008_lts,1,P01_baseline,baseline_voltage,exceeds,-83.95357068888346,-78.14327456410878,5.8102961247746805,0.5,r-c8dafa7919f8741d136a,r-ceb8b9cd39b82fb46b15
m-wrong_channel-091a20b452,pospischil2008_lts,1,P01_baseline,steady_state_voltage,exceeds,-83.95030975341797,-63.65543526622182,20.294874487196147,0.5,r-c8dafa7919f8741d136a,r-ceb8b9cd39b82fb46b15
m-wrong_channel-091a20b452,pospischil2008_lts,1,P02_weak_step,baseline_voltage,exceeds,-83.95357068888346,-78.14327456410878,5.8102961247746805,0.5,r-c8dafa7919f8741d136a,r-ceb8b9cd39b82fb46b15
m-wrong_channel-091a20b452,pospischil2008_lts,1,P02_weak_step,spike_count,exceeds,0.0,1.0,1.0,0.5,r-c8dafa7919f8741d136a,r-ceb8b9cd39b82fb46b15
m-wrong_channel-091a20b452,pospischil2008_lts,1,P02_weak_step,steady_state_voltage,exceeds,-74.93620969696036,-56.916664794921864,18.019544902038497,0.5,r-c8dafa7919f8741d136a,r-ceb8b9cd39b82fb46b15
m-wrong_channel-091a20b452,pospischil2008_lts,1,P02_weak_step,voltage_deflection,exceeds,9.017360991923098,21.226609769186915,12.209248777263817,0.5,r-c8dafa7919f8741d136a,r-ceb8b9cd39b82fb46b15
m-wrong_channel-091a20b452,pospischil2008_lts,1,P03_rheobase,rheobase,exceeds,0.038658561573663,0.006693531862577692,0.03196502971108531,0.0007731712314732601,s-3999769ed965342ea63b,s-2b717f9f08330c8b10ba
m-wrong_channel-091a20b452,pospischil2008_lts,1,P04_step_2x,adaptation_index,definedness,,0.05423745783054194,,inf,r-c8dafa7919f8741d136a,r-ceb8b9cd39b82fb46b15
m-wrong_channel-091a20b452,pospischil2008_lts,1,P04_step_2x,ahp_depth,exceeds,14.597407663981116,8.515993375143935,6.0814142888371805,1.373702987670896,r-c8dafa7919f8741d136a,r-ceb8b9cd39b82fb46b15
m-wrong_channel-091a20b452,pospischil2008_lts,1,P04_step_2x,burst_count,definedness,,1.0,,inf,r-c8dafa7919f8741d136a,r-ceb8b9cd39b82fb46b15
m-wrong_channel-091a20b452,pospischil2008_lts,1,P04_step_2x,firing_regime,categorical,single_spike,tonic,,,r-c8dafa7919f8741d136a,r-ceb8b9cd39b82fb46b15
m-wrong_channel-091a20b452,pospischil2008_lts,1,P04_step_2x,first_isi,definedness,,56.169999999948914,,inf,r-c8dafa7919f8741d136a,r-ceb8b9cd39b82fb46b15
m-wrong_channel-091a20b452,pospischil2008_lts,1,P04_step_2x,first_spike_latency,exceeds,57.54999999981982,34.11999999984113,23.42999999997869,1.1509999999963965,r-c8dafa7919f8741d136a,r-ceb8b9cd39b82fb46b15
m-wrong_channel-091a20b452,pospischil2008_lts,1,P04_step_2x,last_isi,definedness,,146.0199999998672,,inf,r-c8dafa7919f8741d136a,r-ceb8b9cd39b82fb46b15
m-wrong_channel-091a20b452,pospischil2008_lts,1,P04_step_2x,mean_frequency,definedness,,10.169215750093246,,inf,r-c8dafa7919f8741d136a,r-ceb8b9cd39b82fb46b15
m-wrong_channel-091a20b452,pospischil2008_lts,1,P04_step_2x,spike_count,exceeds,1.0,5.0,4.0,0.5,r-c8dafa7919f8741d136a,r-ceb8b9cd39b82fb46b15
m-wrong_channel-091a20b452,pospischil2008_lts,1,P05_long_step,adaptation_index,definedness,,0.009823969630080979,,inf,r-0e47469602e57d8257f5,r-0374aae4d776d82d30fb
m-wrong_channel-091a20b452,pospischil2008_lts,1,P05_long_step,ahp_depth,exceeds,14.078013743082678,8.301683682761123,5.7763300603215555,1.3190688934344479,r-0e47469602e57d8257f5,r-0374aae4d776d82d30fb
m-wrong_channel-091a20b452,pospischil2008_lts,1,P05_long_step,burst_count,definedness,,1.0,,inf,r-0e47469602e57d8257f5,r-0374aae4d776d82d30fb
m-wrong_channel-091a20b452,pospischil2008_lts,1,P05_long_step,firing_regime,categorical,single_spike,tonic,,,r-0e47469602e57d8257f5,r-0374aae4d776d82d30fb
m-wrong_channel-091a20b452,pospischil2008_lts,1,P05_long_step,first_isi,definedness,,93.50999999991495,,inf,r-0e47469602e57d8257f5,r-0374aae4d776d82d30fb
m-wrong_channel-091a20b452,pospischil2008_lts,1,P05_long_step,first_spike_latency,exceeds,77.49999999980167,40.9699999998349,36.529999999966776,1.5499999999960334,r-0e47469602e57d8257f5,r-0374aae4d776d82d30fb
m-wrong_channel-091a20b452,pospischil2008_lts,1,P05_long_step,last_isi,definedness,,204.54000000413066,,inf,r-0e47469602e57d8257f5,r-0374aae4d776d82d30fb
m-wrong_channel-091a20b452,pospischil2008_lts,1,P05_long_step,mean_frequency,definedness,,5.676393941732449,,inf,r-0e47469602e57d8257f5,r-0374aae4d776d82d30fb
m-wrong_channel-091a20b452,pospischil2008_lts,1,P05_long_step,spike_count,exceeds,1.0,11.0,10.0,0.5,r-0e47469602e57d8257f5,r-0374aae4d776d82d30fb
m-wrong_channel-091a20b452,pospischil2008_lts,1,P06_ramp,firing_regime,categorical,silent,tonic,,,r-c024e83a8b15d13b8e57,r-0ad870cd34ca56427b51
m-wrong_channel-091a20b452,pospischil2008_lts,1,P06_ramp,first_spike_latency,definedness,,179.1899999997092,,inf,r-c024e83a8b15d13b8e57,r-0ad870cd34ca56427b51
m-wrong_channel-091a20b452,pospischil2008_lts,1,P06_ramp,mean_frequency,definedness,,6.487328085812523,,inf,r-c024e83a8b15d13b8e57,r-0ad870cd34ca56427b51
m-wrong_channel-091a20b452,pospischil2008_lts,1,P06_ramp,spike_count,exceeds,0.0,6.0,6.0,0.5,r-c024e83a8b15d13b8e57,r-0ad870cd34ca56427b51
m-wrong_channel-091a20b452,pospischil2008_lts,1,P07_hyperpolarizing_step,baseline_voltage,exceeds,-83.95357068888346,-78.14327456410878,5.8102961247746805,0.5,r-c8dafa7919f8741d136a,r-ceb8b9cd39b82fb46b15
m-wrong_channel-091a20b452,pospischil2008_lts,1,P07_hyperpolarizing_step,minimum_voltage,exceeds,-98.23638916015535,-143.25192260742188,45.01553344726652,0.5,r-c8dafa7919f8741d136a,r-ceb8b9cd39b82fb46b15
m-wrong_channel-091a20b452,pospischil2008_lts,1,P07_hyperpolarizing_step,sag_ratio,exceeds,0.002045539263618266,0.05123578516186008,0.049190245898241815,0.02,r-c8dafa7919f8741d136a,r-ceb8b9cd39b82fb46b15
m-wrong_channel-091a20b452,pospischil2008_lts,1,P07_hyperpolarizing_step,steady_state_voltage,exceeds,-98.20717309417724,-139.91602990409552,41.70885680991829,0.5,r-c8dafa7919f8741d136a,r-ceb8b9cd39b82fb46b15
m-wrong_channel-091a20b452,pospischil2008_lts,1,P07_hyperpolarizing_step,voltage_deflection,exceeds,-14.253602405293776,-61.772755339986745,47.51915293469297,0.7126801202646889,r-c8dafa7919f8741d136a,r-ceb8b9cd39b82fb46b15
m-wrong_channel-091a20b452,pospischil2008_lts,1,P08_rebound,maximum_voltage,exceeds,-85.8170776367331,-210.58029174804688,124.76321411131377,1.0,r-63884195eb48b9d52a9c,r-d2acf79d400a73dd8fb2
m-wrong_channel-091a20b452,pospischil2008_lts,1,P09_short_pulse,ap_amplitude,definedness,,90.08529281759718,,inf,r-f1b536f2cdb580580ef6,r-2f5feca7ecfbb9ac00df
m-wrong_channel-091a20b452,pospischil2008_lts,1,P09_short_pulse,ap_half_width,definedness,,0.7099999999993543,,inf,r-f1b536f2cdb580580ef6,r-2f5feca7ecfbb9ac00df
m-wrong_channel-091a20b452,pospischil2008_lts,1,P09_short_pulse,first_spike_latency,definedness,,48.93999999982765,,inf,r-f1b536f2cdb580580ef6,r-2f5feca7ecfbb9ac00df
m-wrong_channel-091a20b452,pospischil2008_lts,1,P09_short_pulse,spike_count,exceeds,0.0,1.0,1.0,0.5,r-f1b536f2cdb580580ef6,r-2f5feca7ecfbb9ac00df
m-wrong_channel-091a20b452,pospischil2008_lts,1,P10_paired_pulses,ap_amplitude,definedness,,90.88811111631213,,inf,r-f1b536f2cdb580580ef6,r-2f5feca7ecfbb9ac00df
m-wrong_channel-091a20b452,pospischil2008_lts,1,P10_paired_pulses,first_spike_latency,definedness,,34.06999999984117,,inf,r-f1b536f2cdb580580ef6,r-2f5feca7ecfbb9ac00df
m-wrong_channel-091a20b452,pospischil2008_lts,1,P10_paired_pulses,spike_count,exceeds,0.0,1.0,1.0,0.5,r-f1b536f2cdb580580ef6,r-2f5feca7ecfbb9ac00df
m-wrong_channel-091a20b452,pospischil2008_lts,2,P00_canonical,adaptation_index,exceeds,0.4630010462892806,0.0383227041962291,0.42467834209305155,0.04500340636093081,r-055cc6b1739501cecd9d,r-0ca91424d18b89561bbb
m-wrong_channel-091a20b452,pospischil2008_lts,2,P00_canonical,ahp_depth,exceeds,16.673553569797534,3.4434899444777045,13.23006362531983,0.8286750871656423,r-055cc6b1739501cecd9d,r-0ca91424d18b89561bbb
m-wrong_channel-091a20b452,pospischil2008_lts,2,P00_canonical,ap_amplitude,exceeds,99.9338417077712,89.94649505835484,9.987346649416352,2.0002326202889176,r-055cc6b1739501cecd9d,r-0ca91424d18b89561bbb
m-wrong_channel-091a20b452,pospischil2008_lts,2,P00_canonical,ap_half_width,exceeds,0.7799999999992906,0.7099999999993543,0.06999999999993634,0.05,r-055cc6b1739501cecd9d,r-0ca91424d18b89561bbb
m-wrong_channel-091a20b452,pospischil2008_lts,2,P00_canonical,baseline_voltage,exceeds,-83.95132456588748,-72.40036097719255,11.550963588694927,0.5,r-055cc6b1739501cecd9d,r-0ca91424d18b89561bbb
m-wrong_channel-091a20b452,pospischil2008_lts,2,P00_canonical,firing_regime,categorical,adapting,tonic,,,r-055cc6b1739501cecd9d,r-0ca91424d18b89561bbb
m-wrong_channel-091a20b452,pospischil2008_lts,2,P00_canonical,first_isi,exceeds,13.959999999987303,40.53999999996313,26.579999999975826,0.5999999999994543,r-055cc6b1739501cecd9d,r-0ca91424d18b89561bbb
m-wrong_channel-091a20b452,pospischil2008_lts,2,P00_canonical,first_spike_latency,exceeds,31.61999999975245,21.839999999761346,9.779999999991105,0.6325999999950489,r-055cc6b1739501cecd9d,r-0ca91424d18b89561bbb
m-wrong_channel-091a20b452,pospischil2008_lts,2,P00_canonical,last_isi,exceeds,202.7499999998156,71.52999999993494,131.21999999988066,4.043999999996322,r-055cc6b1739501cecd9d,r-0ca91424d18b89561bbb
m-wrong_channel-091a20b452,pospischil2008_lts,2,P00_canonical,mean_frequency,exceeds,12.393493415976295,18.381870224023494,5.9883768080471995,0.6159911297287072,r-055cc6b1739501cecd9d,r-0ca91424d18b89561bbb
m-wrong_channel-091a20b452,pospischil2008_lts,2,P00_canonical,spike_count,exceeds,4.0,7.0,3.0,0.5,r-055cc6b1739501cecd9d,r-0ca91424d18b89561bbb
m-wrong_channel-091a20b452,pospischil2008_lts,2,P01_baseline,baseline_voltage,exceeds,-83.9535706837972,-78.14287766011698,5.810693023680216,0.5,r-13bd10976ea90e0f7248,r-fa57f476719ea1c45037
m-wrong_channel-091a20b452,pospischil2008_lts,2,P01_baseline,steady_state_voltage,exceeds,-83.95030975341797,-63.65549406814528,20.294815685272688,0.5,r-13bd10976ea90e0f7248,r-fa57f476719ea1c45037
m-wrong_channel-091a20b452,pospischil2008_lts,2,P02_weak_step,baseline_voltage,exceeds,-83.9535706837972,-78.14287766011698,5.810693023680216,0.5,r-13bd10976ea90e0f7248,r-fa57f476719ea1c45037
m-wrong_channel-091a20b452,pospischil2008_lts,2,P02_weak_step,spike_count,exceeds,0.0,1.0,1.0,0.5,r-13bd10976ea90e0f7248,r-fa57f476719ea1c45037
m-wrong_channel-091a20b452,pospischil2008_lts,2,P02_weak_step,steady_state_voltage,exceeds,-74.93623204345693,-56.98907160186768,17.947160441589247,0.5,r-13bd10976ea90e0f7248,r-fa57f476719ea1c45037
m-wrong_channel-091a20b452,pospischil2008_lts,2,P02_weak_step,voltage_deflection,exceeds,9.01733864034027,21.1538060582493,12.136467417909031,0.5,r-13bd10976ea90e0f7248,r-fa57f476719ea1c45037
m-wrong_channel-091a20b452,pospischil2008_lts,2,P03_rheobase,rheobase,exceeds,0.038658561573663,0.006693531862577692,0.03196502971108531,0.0007731712314732601,s-372d4e42bc81ae6ab2b8,s-3b501b5efe8ce4e71dfc
m-wrong_channel-091a20b452,pospischil2008_lts,2,P04_step_2x,adaptation_index,definedness,,0.056279138137183146,,inf,r-13bd10976ea90e0f7248,r-fa57f476719ea1c45037
m-wrong_channel-091a20b452,pospischil2008_lts,2,P04_step_2x,ahp_depth,exceeds,15.055308659871415,8.957727513632605,6.097581146238809,1.373702987670896,r-13bd10976ea90e0f7248,r-fa57f476719ea1c45037
m-wrong_channel-091a20b452,pospischil2008_lts,2,P04_step_2x,burst_count,definedness,,1.0,,inf,r-13bd10976ea90e0f7248,r-fa57f476719ea1c45037
m-wrong_channel-091a20b452,pospischil2008_lts,2,P04_step_2x,firing_regime,categorical,single_spike,tonic,,,r-13bd10976ea90e0f7248,r-fa57f476719ea1c45037
m-wrong_channel-091a20b452,pospischil2008_lts,2,P04_step_2x,first_isi,definedness,,53.55999999995129,,inf,r-13bd10976ea90e0f7248,r-fa57f476719ea1c45037
m-wrong_channel-091a20b452,pospischil2008_lts,2,P04_step_2x,first_spike_latency,exceeds,57.49999999981986,34.06999999984117,23.42999999997869,1.1509999999963965,r-13bd10976ea90e0f7248,r-fa57f476719ea1c45037
m-wrong_channel-091a20b452,pospischil2008_lts,2,P04_step_2x,last_isi,definedness,,146.70999999986657,,inf,r-13bd10976ea90e0f7248,r-fa57f476719ea1c45037
m-wrong_channel-091a20b452,pospischil2008_lts,2,P04_step_2x,mean_frequency,definedness,,10.210749877482952,,inf,r-13bd10976ea90e0f7248,r-fa57f476719ea1c45037
m-wrong_channel-091a20b452,pospischil2008_lts,2,P04_step_2x,spike_count,exceeds,1.0,5.0,4.0,0.5,r-13bd10976ea90e0f7248,r-fa57f476719ea1c45037
m-wrong_channel-091a20b452,pospischil2008_lts,2,P05_long_step,adaptation_index,definedness,,0.010107975135221093,,inf,r-d6d2d7202a5745e9444f,r-6a15ec307086ad6c6da3
m-wrong_channel-091a20b452,pospischil2008_lts,2,P05_long_step,ahp_depth,exceeds,14.517703374227494,8.738237462364097,5.779465911863397,1.3190688934344479,r-d6d2d7202a5745e9444f,r-6a15ec307086ad6c6da3
m-wrong_channel-091a20b452,pospischil2008_lts,2,P05_long_step,burst_count,definedness,,1.0,,inf,r-d6d2d7202a5745e9444f,r-6a15ec307086ad6c6da3
m-wrong_channel-091a20b452,pospischil2008_lts,2,P05_long_step,firing_regime,categorical,single_spike,tonic,,,r-d6d2d7202a5745e9444f,r-6a15ec307086ad6c6da3
m-wrong_channel-091a20b452,pospischil2008_lts,2,P05_long_step,first_isi,definedness,,90.46999999991772,,inf,r-d6d2d7202a5745e9444f,r-6a15ec307086ad6c6da3
m-wrong_channel-091a20b452,pospischil2008_lts,2,P05_long_step,first_spike_latency,exceeds,77.43999999980173,40.91999999983494,36.519999999966785,1.5499999999960334,r-d6d2d7202a5745e9444f,r-6a15ec307086ad6c6da3
m-wrong_channel-091a20b452,pospischil2008_lts,2,P05_long_step,last_isi,definedness,,206.11000000435456,,inf,r-d6d2d7202a5745e9444f,r-6a15ec307086ad6c6da3
m-wrong_channel-091a20b452,pospischil2008_lts,2,P05_long_step,mean_frequency,definedness,,5.647513040613358,,inf,r-d6d2d7202a5745e9444f,r-6a15ec307086ad6c6da3
m-wrong_channel-091a20b452,pospischil2008_lts,2,P05_long_step,spike_count,exceeds,1.0,11.0,10.0,0.5,r-d6d2d7202a5745e9444f,r-6a15ec307086ad6c6da3
m-wrong_channel-091a20b452,pospischil2008_lts,2,P06_ramp,firing_regime,categorical,silent,tonic,,,r-9fb3d7dd0f85829f88b3,r-43160f4c0c0d0c75d33e
m-wrong_channel-091a20b452,pospischil2008_lts,2,P06_ramp,first_spike_latency,definedness,,179.10999999970926,,inf,r-9fb3d7dd0f85829f88b3,r-43160f4c0c0d0c75d33e
m-wrong_channel-091a20b452,pospischil2008_lts,2,P06_ramp,mean_frequency,definedness,,6.4796915666882136,,inf,r-9fb3d7dd0f85829f88b3,r-43160f4c0c0d0c75d33e
m-wrong_channel-091a20b452,pospischil2008_lts,2,P06_ramp,spike_count,exceeds,0.0,6.0,6.0,0.5,r-9fb3d7dd0f85829f88b3,r-43160f4c0c0d0c75d33e
m-wrong_channel-091a20b452,pospischil2008_lts,2,P07_hyperpolarizing_step,baseline_voltage,exceeds,-83.9535706837972,-78.14287766011698,5.810693023680216,0.5,r-13bd10976ea90e0f7248,r-fa57f476719ea1c45037
m-wrong_channel-091a20b452,pospischil2008_lts,2,P07_hyperpolarizing_step,minimum_voltage,exceeds,-98.23638153076172,-143.25201416015625,45.01563262939453,0.5,r-13bd10976ea90e0f7248,r-fa57f476719ea1c45037
m-wrong_channel-091a20b452,pospischil2008_lts,2,P07_hyperpolarizing_step,sag_ratio,exceeds,0.0020454617263496017,0.05124040627761139,0.049194944551261784,0.02,r-13bd10976ea90e0f7248,r-fa57f476719ea1c45037
m-wrong_channel-091a20b452,pospischil2008_lts,2,P07_hyperpolarizing_step,steady_state_voltage,exceeds,-98.20716658782956,-139.91579555350978,41.70862896568022,0.5,r-13bd10976ea90e0f7248,r-fa57f476719ea1c45037
m-wrong_channel-091a20b452,pospischil2008_lts,2,P07_hyperpolarizing_step,voltage_deflection,exceeds,-14.253595904032366,-61.7729178933928,47.519321989360435,0.7126801202646889,r-13bd10976ea90e0f7248,r-fa57f476719ea1c45037
m-wrong_channel-091a20b452,pospischil2008_lts,2,P08_rebound,maximum_voltage,exceeds,-85.81714630128519,-210.5807647705078,124.76361846922262,1.0,r-24306981c7a9f2760a5f,r-e87bd3df861b4a293587
m-wrong_channel-091a20b452,pospischil2008_lts,2,P09_short_pulse,ap_amplitude,definedness,,89.98345947466694,,inf,r-93824a6227b003d6e2e7,r-70125af582c75f190050
m-wrong_channel-091a20b452,pospischil2008_lts,2,P09_short_pulse,ap_half_width,definedness,,0.7199999999993452,,inf,r-93824a6227b003d6e2e7,r-70125af582c75f190050
m-wrong_channel-091a20b452,pospischil2008_lts,2,P09_short_pulse,first_spike_latency,definedness,,48.85999999982772,,inf,r-93824a6227b003d6e2e7,r-70125af582c75f190050
m-wrong_channel-091a20b452,pospischil2008_lts,2,P09_short_pulse,spike_count,exceeds,0.0,1.0,1.0,0.5,r-93824a6227b003d6e2e7,r-70125af582c75f190050
m-wrong_channel-091a20b452,pospischil2008_lts,2,P10_paired_pulses,ap_amplitude,definedness,,90.78250885164422,,inf,r-93824a6227b003d6e2e7,r-70125af582c75f190050
m-wrong_channel-091a20b452,pospischil2008_lts,2,P10_paired_pulses,first_spike_latency,definedness,,34.01999999984122,,inf,r-93824a6227b003d6e2e7,r-70125af582c75f190050
m-wrong_channel-091a20b452,pospischil2008_lts,2,P10_paired_pulses,spike_count,exceeds,0.0,1.0,1.0,0.5,r-93824a6227b003d6e2e7,r-70125af582c75f190050
m-duplicate_conductance-49ac9c1585,pospischil2008_lts,1,P00_canonical,adaptation_index,exceeds,0.45003406360930803,0.29127937336814597,0.15875469024116207,0.04500340636093081,r-7fe8302f56856b53d535,r-312ca1d45e7ea9e1b7b7
m-duplicate_conductance-49ac9c1585,pospischil2008_lts,1,P00_canonical,ahp_depth,exceeds,16.573501743312846,15.536720422746654,1.0367813205661918,0.8286750871656423,r-7fe8302f56856b53d535,r-312ca1d45e7ea9e1b7b7
m-duplicate_conductance-49ac9c1585,pospischil2008_lts,1,P00_canonical,ap_half_width,exceeds,0.7799999999992906,0.8699999999992087,0.08999999999991815,0.05,r-7fe8302f56856b53d535,r-312ca1d45e7ea9e1b7b7
m-duplicate_conductance-49ac9c1585,pospischil2008_lts,1,P00_canonical,first_isi,exceeds,14.159999999987122,16.189999999985275,2.0299999999981537,0.5999999999994543,r-7fe8302f56856b53d535,r-312ca1d45e7ea9e1b7b7
m-duplicate_conductance-49ac9c1585,pospischil2008_lts,1,P00_canonical,last_isi,exceeds,202.1999999998161,185.45999999983133,16.739999999984775,4.043999999996322,r-7fe8302f56856b53d535,r-312ca1d45e7ea9e1b7b7
m-duplicate_conductance-49ac9c1585,pospischil2008_lts,1,P04_step_2x,ap_amplitude,exceeds,92.73429489294529,95.57655716101759,2.8422622680723038,1.8546858978589058,r-c8dafa7919f8741d136a,r-95e19a10d6f31abf57b2
m-duplicate_conductance-49ac9c1585,pospischil2008_lts,1,P04_step_2x,ap_half_width,exceeds,0.7299999999993361,0.8299999999992451,0.09999999999990905,0.05,r-c8dafa7919f8741d136a,r-95e19a10d6f31abf57b2
m-duplicate_conductance-49ac9c1585,pospischil2008_lts,1,P05_long_step,ap_amplitude,exceeds,91.18347931093976,94.23575973720537,3.052280426265611,1.8236695862187953,r-0e47469602e57d8257f5,r-b26c3113a085db4ad303
m-duplicate_conductance-49ac9c1585,pospischil2008_lts,1,P05_long_step,ap_half_width,exceeds,0.7199999999993452,0.8199999999992542,0.09999999999990905,0.05,r-0e47469602e57d8257f5,r-b26c3113a085db4ad303
m-duplicate_conductance-49ac9c1585,pospischil2008_lts,2,P00_canonical,adaptation_index,exceeds,0.4630010462892806,0.29867773785018986,0.16432330843909077,0.04500340636093081,r-055cc6b1739501cecd9d,r-441a00cf4a3c6a9bd771
m-duplicate_conductance-49ac9c1585,pospischil2008_lts,2,P00_canonical,ahp_depth,exceeds,16.673553569797534,15.623977748870885,1.0495758209266484,0.8286750871656423,r-055cc6b1739501cecd9d,r-441a00cf4a3c6a9bd771
m-duplicate_conductance-49ac9c1585,pospischil2008_lts,2,P00_canonical,ap_half_width,exceeds,0.7799999999992906,0.8699999999992087,0.08999999999991815,0.05,r-055cc6b1739501cecd9d,r-441a00cf4a3c6a9bd771
m-duplicate_conductance-49ac9c1585,pospischil2008_lts,2,P00_canonical,first_isi,exceeds,13.959999999987303,15.989999999985457,2.0299999999981537,0.5999999999994543,r-055cc6b1739501cecd9d,r-441a00cf4a3c6a9bd771
m-duplicate_conductance-49ac9c1585,pospischil2008_lts,2,P00_canonical,last_isi,exceeds,202.7499999998156,186.11999999983072,16.629999999984875,4.043999999996322,r-055cc6b1739501cecd9d,r-441a00cf4a3c6a9bd771
m-duplicate_conductance-49ac9c1585,pospischil2008_lts,2,P04_step_2x,ap_amplitude,exceeds,92.6621055623362,95.59976577940549,2.9376602170692934,1.8546858978589058,r-13bd10976ea90e0f7248,r-685bac0d645417e1bb2d
m-duplicate_conductance-49ac9c1585,pospischil2008_lts,2,P04_step_2x,ap_half_width,exceeds,0.7299999999993361,0.8299999999992451,0.09999999999990905,0.05,r-13bd10976ea90e0f7248,r-685bac0d645417e1bb2d
m-duplicate_conductance-49ac9c1585,pospischil2008_lts,2,P05_long_step,ap_amplitude,exceeds,91.13381576739826,94.28588485926801,3.1520690918697483,1.8236695862187953,r-d6d2d7202a5745e9444f,r-980f0d77a7e44d43a4ee
m-duplicate_conductance-49ac9c1585,pospischil2008_lts,2,P05_long_step,ap_half_width,exceeds,0.7299999999993361,0.8199999999992542,0.08999999999991815,0.05,r-d6d2d7202a5745e9444f,r-980f0d77a7e44d43a4ee
m-duplicate_conductance-e09481d53c,pospischil2008_lts,1,P00_canonical,adaptation_index,exceeds,0.45003406360930803,0.10673969458726523,0.3432943690220428,0.04500340636093081,r-7fe8302f56856b53d535,r-a51c908837fe9f2a76ef
m-duplicate_conductance-e09481d53c,pospischil2008_lts,1,P00_canonical,ahp_depth,exceeds,16.573501743312846,7.096504367830278,9.476997375482568,0.8286750871656423,r-7fe8302f56856b53d535,r-a51c908837fe9f2a76ef
m-duplicate_conductance-e09481d53c,pospischil2008_lts,1,P00_canonical,ap_half_width,exceeds,0.7799999999992906,0.629999999999427,0.14999999999986358,0.05,r-7fe8302f56856b53d535,r-a51c908837fe9f2a76ef
m-duplicate_conductance-e09481d53c,pospischil2008_lts,1,P00_canonical,first_isi,exceeds,14.159999999987122,36.059999999967204,21.899999999980082,0.5999999999994543,r-7fe8302f56856b53d535,r-a51c908837fe9f2a76ef
m-duplicate_conductance-e09481d53c,pospischil2008_lts,1,P00_canonical,last_isi,exceeds,202.1999999998161,120.09999999989077,82.09999999992533,4.043999999996322,r-7fe8302f56856b53d535,r-a51c908837fe9f2a76ef
m-duplicate_conductance-e09481d53c,pospischil2008_lts,1,P00_canonical,mean_frequency,exceeds,12.319822594574143,13.337601365790292,1.0177787712161486,0.6159911297287072,r-7fe8302f56856b53d535,r-a51c908837fe9f2a76ef
m-duplicate_conductance-e09481d53c,pospischil2008_lts,1,P00_canonical,spike_count,exceeds,4.0,5.0,1.0,0.5,r-7fe8302f56856b53d535,r-a51c908837fe9f2a76ef
m-duplicate_conductance-e09481d53c,pospischil2008_lts,1,P04_step_2x,ahp_depth,exceeds,14.597407663981116,5.78886731974255,8.808540344238565,1.373702987670896,r-c8dafa7919f8741d136a,r-5cc710c096466537cd1f
m-duplicate_conductance-e09481d53c,pospischil2008_lts,1,P04_step_2x,ap_half_width,exceeds,0.7299999999993361,0.5899999999994634,0.13999999999987267,0.05,r-c8dafa7919f8741d136a,r-5cc710c096466537cd1f
m-duplicate_conductance-e09481d53c,pospischil2008_lts,1,P05_long_step,ahp_depth,exceeds,14.078013743082678,5.581637705485022,8.496376037597656,1.3190688934344479,r-0e47469602e57d8257f5,r-351b3f0b3a3884d6b072
m-duplicate_conductance-e09481d53c,pospischil2008_lts,1,P05_long_step,ap_half_width,exceeds,0.7199999999993452,0.5799999999994725,0.13999999999987267,0.05,r-0e47469602e57d8257f5,r-351b3f0b3a3884d6b072
m-duplicate_conductance-e09481d53c,pospischil2008_lts,2,P00_canonical,adaptation_index,exceeds,0.4630010462892806,0.10773920221562774,0.3552618440736529,0.04500340636093081,r-055cc6b1739501cecd9d,r-ca85caa3c394414f4151
m-duplicate_conductance-e09481d53c,pospischil2008_lts,2,P00_canonical,ahp_depth,exceeds,16.673553569797534,7.198928936004663,9.474624633792871,0.8286750871656423,r-055cc6b1739501cecd9d,r-ca85caa3c394414f4151
m-duplicate_conductance-e09481d53c,pospischil2008_lts,2,P00_canonical,ap_half_width,exceeds,0.7799999999992906,0.629999999999427,0.14999999999986358,0.05,r-055cc6b1739501cecd9d,r-ca85caa3c394414f4151
m-duplicate_conductance-e09481d53c,pospischil2008_lts,2,P00_canonical,first_isi,exceeds,13.959999999987303,35.80999999996743,21.849999999980128,0.5999999999994543,r-055cc6b1739501cecd9d,r-ca85caa3c394414f4151
m-duplicate_conductance-e09481d53c,pospischil2008_lts,2,P00_canonical,last_isi,exceeds,202.7499999998156,120.8399999998901,81.9099999999255,4.043999999996322,r-055cc6b1739501cecd9d,r-ca85caa3c394414f4151
m-duplicate_conductance-e09481d53c,pospischil2008_lts,2,P00_canonical,mean_frequency,exceeds,12.393493415976295,13.293276260887074,0.8997828449107796,0.6159911297287072,r-055cc6b1739501cecd9d,r-ca85caa3c394414f4151
m-duplicate_conductance-e09481d53c,pospischil2008_lts,2,P00_canonical,spike_count,exceeds,4.0,5.0,1.0,0.5,r-055cc6b1739501cecd9d,r-ca85caa3c394414f4151
m-duplicate_conductance-e09481d53c,pospischil2008_lts,2,P04_step_2x,ahp_depth,exceeds,15.055308659871415,6.296824773153219,8.758483886718196,1.373702987670896,r-13bd10976ea90e0f7248,r-7ce037de71724faae834
m-duplicate_conductance-e09481d53c,pospischil2008_lts,2,P04_step_2x,ap_half_width,exceeds,0.7299999999993361,0.5899999999994634,0.13999999999987267,0.05,r-13bd10976ea90e0f7248,r-7ce037de71724faae834
m-duplicate_conductance-e09481d53c,pospischil2008_lts,2,P05_long_step,ahp_depth,exceeds,14.517703374227494,6.085788091023758,8.431915283203736,1.3190688934344479,r-d6d2d7202a5745e9444f,r-2269ecc8f6e7fdc8763e
m-duplicate_conductance-e09481d53c,pospischil2008_lts,2,P05_long_step,ap_half_width,exceeds,0.7299999999993361,0.5899999999994634,0.13999999999987267,0.05,r-d6d2d7202a5745e9444f,r-2269ecc8f6e7fdc8763e
