study_id,project_name,study_phase,protocol_version,designation,variant_id,model_id,model_set,stratum,kind,family,operator,params,class,interpretation,detecting_protocols,reproducible_primary,analysis_family,severity,A_basic_pass,B_canonical_feature,C_canonical_trace,D_multi_protocol,E_full_battery,trace_reproducible,secondary_reproducible,survivor_confirmed_h4,full_trace_survivor_confirmed_h4,h4_check
neuron_model_behavioral_validation,Neuraxis,development_pilot,PILOT2_PROTOCOL,Exploratory development data; second development iteration informed by Pilot 1; not independent confirmation; never pooled with the confirmatory held-out estimate,m-scale_conductance-44150b501c,acnet2_pyr_soma,other_model,primary_semantic,mutant,biophysical,scale_conductance,"{""changes"": [{""attribute"": ""condDensity"", ""locator"": ""/neuroml[@id='pyr_4_sym_soma']/cell[@id='pyr_soma_m_in_b_in']/biophysicalProperties[@id='biophys']/membraneProperties[1]/channelDensity[@id='LeakConductance_pyr_all']"", ""new"": ""0.11360408 mS_per_cm2"", ""old"": ""0.1420051 mS_per_cm2""}], ""element"": ""channelDensity"", ""element_id"": ""LeakConductance_pyr_all"", ""factor"": 0.8, ""generator_seed"": 20260917}",6_silent_under_canonical,6_silent_under_canonical,P03_rheobase;P04_step_2x;P05_long_step;P06_ramp;P07_hyperpolarizing_step;P09_short_pulse,P03_rheobase:rheobase;P04_step_2x:first_spike_latency;P04_step_2x:last_isi;P05_long_step:first_spike_latency;P05_long_step:last_isi;P06_ramp:first_spike_latency;P07_hyperpolarizing_step:steady_state_voltage;P09_short_pulse:ahp_depth;P09_short_pulse:ap_amplitude;P09_short_pulse:first_spike_latency;P09_short_pulse:spike_count,maximal_conductance,mild,True,False,True,True,True,P00_canonical:spike_timing;P04_step_2x:spike_timing;P05_long_step:spike_timing;P06_ramp:spike_timing;P07_hyperpolarizing_step:trace_rmse;P08_rebound:trace_rmse;P09_short_pulse:spike_count;P09_short_pulse:trace_rmse,P04_step_2x:first_isi;P05_long_step:first_isi;P07_hyperpolarizing_step:minimum_voltage;P07_hyperpolarizing_step:voltage_deflection;P09_short_pulse:ap_half_width,False,False,"{""h4_status"": ""build_error"", ""battery_detections_persisting_at_h4"": [], ""canonical_feature_detects_at_h4"": false, ""canonical_trace_detects_at_h4"": false, ""feature_survivor_confirmed"": false, ""full_trace_survivor_confirmed"": false}"
neuron_model_behavioral_validation,Neuraxis,development_pilot,PILOT2_PROTOCOL,Exploratory development data; second development iteration informed by Pilot 1; not independent confirmation; never pooled with the confirmatory held-out estimate,m-scale_conductance-15a5694767,acnet2_pyr_soma,other_model,primary_semantic,mutant,biophysical,scale_conductance,"{""changes"": [{""attribute"": ""condDensity"", ""locator"": ""/neuroml[@id='pyr_4_sym_soma']/cell[@id='pyr_soma_m_in_b_in']/biophysicalProperties[@id='biophys']/membraneProperties[1]/channelDensity[@id='Na_pyr_soma_group']"", ""new"": ""96.0 mS_per_cm2"", ""old"": ""120.0 mS_per_cm2""}], ""element"": ""channelDensity"", ""element_id"": ""Na_pyr_soma_group"", ""factor"": 0.8, ""generator_seed"": 20260917}",5_non_equivalent,5_non_equivalent,P00_canonical;P03_rheobase;P04_step_2x;P05_long_step;P06_ramp,P00_canonical:ap_amplitude;P03_rheobase:rheobase;P04_step_2x:ap_amplitude;P04_step_2x:first_spike_latency;P04_step_2x:last_isi;P04_step_2x:spike_count;P05_long_step:adaptation_index;P05_long_step:ap_amplitude;P05_long_step:first_spike_latency;P05_long_step:last_isi;P05_long_step:spike_count;P06_ramp:first_spike_latency;P06_ramp:spike_count,maximal_conductance,mild,True,True,False,True,True,P04_step_2x:spike_count;P05_long_step:spike_count;P06_ramp:spike_count;P09_short_pulse:trace_rmse,P04_step_2x:firing_regime;P04_step_2x:first_isi;P04_step_2x:mean_frequency;P05_long_step:burst_count;P05_long_step:firing_regime;P05_long_step:first_isi;P05_long_step:mean_frequency;P06_ramp:firing_regime;P06_ramp:mean_frequency,,,{}
neuron_model_behavioral_validation,Neuraxis,development_pilot,PILOT2_PROTOCOL,Exploratory development data; second development iteration informed by Pilot 1; not independent confirmation; never pooled with the confirmatory held-out estimate,m-scale_conductance-2ed5496dc2,acnet2_pyr_soma,other_model,primary_semantic,mutant,biophysical,scale_conductance,"{""changes"": [{""attribute"": ""condDensity"", ""locator"": ""/neuroml[@id='pyr_4_sym_soma']/cell[@id='pyr_soma_m_in_b_in']/biophysicalProperties[@id='biophys']/membraneProperties[1]/channelDensity[@id='Ca_pyr_soma_group']"", ""new"": ""5.0 mS_per_cm2"", ""old"": ""10.0 mS_per_cm2""}], ""element"": ""channelDensity"", ""element_id"": ""Ca_pyr_soma_group"", ""factor"": 0.5, ""generator_seed"": 20260917}",5_non_equivalent,5_non_equivalent,P00_canonical;P02_weak_step;P03_rheobase;P04_step_2x;P05_long_step;P06_ramp;P09_short_pulse,P00_canonical:adaptation_index;P00_canonical:last_isi;P00_canonical:spike_count;P02_weak_step:steady_state_voltage;P03_rheobase:rheobase;P04_step_2x:ahp_depth;P04_step_2x:first_spike_latency;P04_step_2x:last_isi;P05_long_step:ahp_depth;P05_long_step:first_spike_latency;P05_long_step:last_isi;P05_long_step:spike_count;P06_ramp:first_spike_latency;P06_ramp:spike_count;P09_short_pulse:ahp_depth;P09_short_pulse:ap_amplitude;P09_short_pulse:first_spike_latency;P09_short_pulse:spike_count,maximal_conductance,strong,True,True,True,True,True,P00_canonical:spike_count;P02_weak_step:trace_rmse;P04_step_2x:spike_timing;P05_long_step:spike_count;P06_ramp:spike_count;P09_short_pulse:spike_count;P09_short_pulse:trace_rmse,P00_canonical:first_isi;P00_canonical:mean_frequency;P02_weak_step:baseline_voltage;P04_step_2x:first_isi;P04_step_2x:mean_frequency;P05_long_step:first_isi;P05_long_step:mean_frequency;P06_ramp:mean_frequency;P07_hyperpolarizing_step:baseline_voltage;P07_hyperpolarizing_step:sag_ratio;P09_short_pulse:ap_half_width,,,{}
neuron_model_behavioral_validation,Neuraxis,development_pilot,PILOT2_PROTOCOL,Exploratory development data; second development iteration informed by Pilot 1; not independent confirmation; never pooled with the confirmatory held-out estimate,m-scale_conductance-2dc7e425d7,acnet2_pyr_soma,other_model,primary_semantic,mutant,biophysical,scale_conductance,"{""changes"": [{""attribute"": ""condDensity"", ""locator"": ""/neuroml[@id='pyr_4_sym_soma']/cell[@id='pyr_soma_m_in_b_in']/biophysicalProperties[@id='biophys']/membraneProperties[1]/channelDensity[@id='Ca_pyr_soma_group']"", ""new"": ""20.0 mS_per_cm2"", ""old"": ""10.0 mS_per_cm2""}], ""element"": ""channelDensity"", ""element_id"": ""Ca_pyr_soma_group"", ""factor"": 2.0, ""generator_seed"": 20260917}",5_non_equivalent,5_non_equivalent,P00_canonical;P02_weak_step;P03_rheobase;P04_step_2x;P05_long_step;P06_ramp,P00_canonical:adaptation_index;P00_canonical:last_isi;P00_canonical:spike_count;P02_weak_step:steady_state_voltage;P03_rheobase:rheobase;P04_step_2x:ahp_depth;P04_step_2x:first_spike_latency;P04_step_2x:last_isi;P04_step_2x:spike_count;P05_long_step:adaptation_index;P05_long_step:ahp_depth;P05_long_step:first_spike_latency;P05_long_step:last_isi;P05_long_step:spike_count;P06_ramp:first_spike_latency;P06_ramp:spike_count,maximal_conductance,strong,True,True,True,True,True,P00_canonical:spike_count;P02_weak_step:trace_rmse;P04_step_2x:spike_count;P05_long_step:spike_count;P06_ramp:spike_count;P07_hyperpolarizing_step:trace_rmse;P09_short_pulse:trace_rmse,P00_canonical:ap_half_width;P00_canonical:first_isi;P00_canonical:mean_frequency;P02_weak_step:baseline_voltage;P04_step_2x:firing_regime;P04_step_2x:first_isi;P04_step_2x:mean_frequency;P05_long_step:burst_count;P05_long_step:firing_regime;P05_long_step:first_isi;P05_long_step:mean_frequency;P06_ramp:firing_regime;P06_ramp:mean_frequency;P07_hyperpolarizing_step:baseline_voltage;P07_hyperpolarizing_step:sag_ratio;P07_hyperpolarizing_step:voltage_deflection,,,{}
neuron_model_behavioral_validation,Neuraxis,development_pilot,PILOT2_PROTOCOL,Exploratory development data; second development iteration informed by Pilot 1; not independent confirmation; never pooled with the confirmatory held-out estimate,m-shift_reversal-3400b10721,acnet2_pyr_soma,other_model,primary_semantic,mutant,biophysical,shift_reversal,"{""changes"": [{""attribute"": ""erev"", ""locator"": ""/neuroml[@id='pyr_4_sym_soma']/cell[@id='pyr_soma_m_in_b_in']/biophysicalProperties[@id='biophys']/membraneProperties[1]/channelDensity[@id='Kahp_pyr_soma_group']"", ""new"": ""-70.0 mV"", ""old"": ""-75.0 mV""}], ""element"": ""channelDensity"", ""element_id"": ""Kahp_pyr_soma_group"", ""generator_seed"": 20260917, ""shift_mV"": 5.0}",5_non_equivalent,5_non_equivalent,P00_canonical;P02_weak_step;P03_rheobase;P04_step_2x;P05_long_step;P06_ramp;P07_hyperpolarizing_step;P09_short_pulse,P00_canonical:adaptation_index;P00_canonical:last_isi;P00_canonical:spike_count;P02_weak_step:steady_state_voltage;P03_rheobase:rheobase;P04_step_2x:ahp_depth;P04_step_2x:first_spike_latency;P04_step_2x:last_isi;P05_long_step:ahp_depth;P05_long_step:first_spike_latency;P05_long_step:last_isi;P05_long_step:spike_count;P06_ramp:first_spike_latency;P06_ramp:spike_count;P07_hyperpolarizing_step:steady_state_voltage;P09_short_pulse:ahp_depth;P09_short_pulse:ap_amplitude;P09_short_pulse:first_spike_latency;P09_short_pulse:spike_count,reversal_potential,mild,True,True,True,True,True,P00_canonical:spike_count;P02_weak_step:trace_rmse;P04_step_2x:spike_timing;P05_long_step:spike_count;P06_ramp:spike_count;P07_hyperpolarizing_step:trace_rmse;P08_rebound:trace_rmse;P09_short_pulse:spike_count;P09_short_pulse:trace_rmse,P00_canonical:first_isi;P00_canonical:mean_frequency;P02_weak_step:baseline_voltage;P04_step_2x:first_isi;P04_step_2x:mean_frequency;P05_long_step:first_isi;P05_long_step:mean_frequency;P06_ramp:mean_frequency;P07_hyperpolarizing_step:baseline_voltage;P07_hyperpolarizing_step:minimum_voltage;P07_hyperpolarizing_step:sag_ratio;P09_short_pulse:ap_half_width,,,{}
neuron_model_behavioral_validation,Neuraxis,development_pilot,PILOT2_PROTOCOL,Exploratory development data; second development iteration informed by Pilot 1; not independent confirmation; never pooled with the confirmatory held-out estimate,m-shift_reversal-2c628fb0f6,acnet2_pyr_soma,other_model,primary_semantic,mutant,biophysical,shift_reversal,"{""changes"": [{""attribute"": ""erev"", ""locator"": ""/neuroml[@id='pyr_4_sym_soma']/cell[@id='pyr_soma_m_in_b_in']/biophysicalProperties[@id='biophys']/membraneProperties[1]/channelDensity[@id='LeakConductance_pyr_all']"", ""new"": ""-61.0 mV"", ""old"": ""-66.0 mV""}], ""element"": ""channelDensity"", ""element_id"": ""LeakConductance_pyr_all"", ""generator_seed"": 20260917, ""shift_mV"": 5.0}",5_non_equivalent,5_non_equivalent,P00_canonical;P02_weak_step;P03_rheobase;P04_step_2x;P05_long_step;P06_ramp;P07_hyperpolarizing_step;P08_rebound,P00_canonical:adaptation_index;P00_canonical:ahp_depth;P00_canonical:ap_amplitude;P00_canonical:first_spike_latency;P00_canonical:last_isi;P02_weak_step:spike_count;P02_weak_step:steady_state_voltage;P03_rheobase:rheobase;P04_step_2x:ahp_depth;P04_step_2x:first_spike_latency;P04_step_2x:last_isi;P05_long_step:ahp_depth;P05_long_step:first_spike_latency;P05_long_step:last_isi;P05_long_step:spike_count;P06_ramp:first_spike_latency;P06_ramp:spike_count;P07_hyperpolarizing_step:steady_state_voltage;P08_rebound:first_spike_latency;P08_rebound:spike_count,reversal_potential,mild,True,True,True,True,True,P00_canonical:spike_count;P02_weak_step:spike_count;P02_weak_step:trace_rmse;P04_step_2x:spike_count;P05_long_step:spike_count;P06_ramp:spike_count;P07_hyperpolarizing_step:spike_count;P07_hyperpolarizing_step:trace_rmse;P08_rebound:spike_count;P08_rebound:trace_rmse;P09_short_pulse:spike_count;P09_short_pulse:trace_rmse,P00_canonical:baseline_voltage;P00_canonical:first_isi;P02_weak_step:baseline_voltage;P02_weak_step:voltage_deflection;P04_step_2x:first_isi;P05_long_step:first_isi;P05_long_step:mean_frequency;P06_ramp:mean_frequency;P07_hyperpolarizing_step:baseline_voltage;P07_hyperpolarizing_step:minimum_voltage;P07_hyperpolarizing_step:sag_ratio;P07_hyperpolarizing_step:voltage_deflection;P08_rebound:firing_regime;P08_rebound:maximum_voltage,,,{}
neuron_model_behavioral_validation,Neuraxis,development_pilot,PILOT2_PROTOCOL,Exploratory development data; second development iteration informed by Pilot 1; not independent confirmation; never pooled with the confirmatory held-out estimate,m-shift_reversal-9553007c36,acnet2_pyr_soma,other_model,primary_semantic,mutant,biophysical,shift_reversal,"{""changes"": [{""attribute"": ""erev"", ""locator"": ""/neuroml[@id='pyr_4_sym_soma']/cell[@id='pyr_soma_m_in_b_in']/biophysicalProperties[@id='biophys']/membraneProperties[1]/channelDensity[@id='Ca_pyr_soma_group']"", ""new"": ""90.0 mV"", ""old"": ""80.0 mV""}], ""element"": ""channelDensity"", ""element_id"": ""Ca_pyr_soma_group"", ""generator_seed"": 20260917, ""shift_mV"": 10.0}",5_non_equivalent,5_non_equivalent,P00_canonical;P03_rheobase;P04_step_2x;P05_long_step;P06_ramp,P00_canonical:adaptation_index;P00_canonical:last_isi;P00_canonical:spike_count;P03_rheobase:rheobase;P04_step_2x:last_isi;P05_long_step:adaptation_index;P05_long_step:first_spike_latency;P05_long_step:last_isi;P05_long_step:spike_count;P06_ramp:first_spike_latency,reversal_potential,strong,True,True,True,True,True,P00_canonical:spike_count;P04_step_2x:spike_timing;P05_long_step:spike_count;P06_ramp:spike_timing,P00_canonical:mean_frequency;P04_step_2x:first_isi;P05_long_step:burst_count;P05_long_step:firing_regime;P05_long_step:first_isi;P05_long_step:mean_frequency,,,{}
neuron_model_behavioral_validation,Neuraxis,development_pilot,PILOT2_PROTOCOL,Exploratory development data; second development iteration informed by Pilot 1; not independent confirmation; never pooled with the confirmatory held-out estimate,m-shift_reversal-513c92c08b,acnet2_pyr_soma,other_model,primary_semantic,mutant,biophysical,shift_reversal,"{""changes"": [{""attribute"": ""erev"", ""locator"": ""/neuroml[@id='pyr_4_sym_soma']/cell[@id='pyr_soma_m_in_b_in']/biophysicalProperties[@id='biophys']/membraneProperties[1]/channelDensity[@id='LeakConductance_pyr_all']"", ""new"": ""-56.0 mV"", ""old"": ""-66.0 mV""}], ""element"": ""channelDensity"", ""element_id"": ""LeakConductance_pyr_all"", ""generator_seed"": 20260917, ""shift_mV"": 10.0}",5_non_equivalent,5_non_equivalent,P00_canonical;P02_weak_step;P03_rheobase;P04_step_2x;P05_long_step;P06_ramp;P07_hyperpolarizing_step;P08_rebound,P00_canonical:adaptation_index;P00_canonical:ahp_depth;P00_canonical:ap_amplitude;P00_canonical:first_spike_latency;P00_canonical:last_isi;P02_weak_step:spike_count;P03_rheobase:rheobase;P04_step_2x:first_spike_latency;P04_step_2x:last_isi;P05_long_step:last_isi;P05_long_step:spike_count;P06_ramp:first_spike_latency;P06_ramp:spike_count;P07_hyperpolarizing_step:steady_state_voltage;P08_rebound:first_spike_latency;P08_rebound:spike_count,reversal_potential,strong,True,True,True,True,True,P00_canonical:spike_count;P02_weak_step:spike_count;P02_weak_step:trace_rmse;P04_step_2x:spike_count;P05_long_step:spike_count;P06_ramp:spike_count;P06_ramp:trace_rmse;P07_hyperpolarizing_step:spike_count;P07_hyperpolarizing_step:trace_rmse;P08_rebound:spike_count;P08_rebound:trace_rmse;P09_short_pulse:spike_count;P09_short_pulse:trace_rmse,P00_canonical:baseline_voltage;P00_canonical:first_isi;P00_canonical:mean_frequency;P04_step_2x:first_isi;P04_step_2x:mean_frequency;P05_long_step:first_isi;P05_long_step:mean_frequency;P06_ramp:mean_frequency;P07_hyperpolarizing_step:minimum_voltage;P07_hyperpolarizing_step:sag_ratio;P07_hyperpolarizing_step:voltage_deflection;P08_rebound:firing_regime;P08_rebound:maximum_voltage,,,{}
neuron_model_behavioral_validation,Neuraxis,development_pilot,PILOT2_PROTOCOL,Exploratory development data; second development iteration informed by Pilot 1; not independent confirmation; never pooled with the confirmatory held-out estimate,m-scale_capacitance-d750ebfac4,acnet2_pyr_soma,other_model,primary_semantic,mutant,biophysical,scale_capacitance,"{""changes"": [{""attribute"": ""value"", ""locator"": ""/neuroml[@id='pyr_4_sym_soma']/cell[@id='pyr_soma_m_in_b_in']/biophysicalProperties[@id='biophys']/membraneProperties[1]/specificCapacitance[1]"", ""new"": ""2.272 uF_per_cm2"", ""old"": ""2.84 uF_per_cm2""}], ""element"": ""specificCapacitance"", ""element_id"": null, ""factor"": 0.8, ""generator_seed"": 20260917}",5_non_equivalent,5_non_equivalent,P00_canonical;P03_rheobase;P04_step_2x;P05_long_step;P06_ramp;P09_short_pulse,P00_canonical:ap_amplitude;P00_canonical:last_isi;P03_rheobase:rheobase;P04_step_2x:first_spike_latency;P04_step_2x:last_isi;P05_long_step:first_spike_latency;P05_long_step:last_isi;P06_ramp:first_spike_latency;P09_short_pulse:ahp_depth;P09_short_pulse:ap_amplitude;P09_short_pulse:first_spike_latency;P09_short_pulse:spike_count,passive_membrane,mild,True,True,True,True,True,P00_canonical:spike_timing;P04_step_2x:spike_timing;P05_long_step:spike_timing;P06_ramp:spike_timing;P09_short_pulse:spike_count;P09_short_pulse:trace_rmse,P00_canonical:first_isi;P00_canonical:mean_frequency;P04_step_2x:first_isi;P05_long_step:first_isi;P09_short_pulse:ap_half_width,,,{}
neuron_model_behavioral_validation,Neuraxis,development_pilot,PILOT2_PROTOCOL,Exploratory development data; second development iteration informed by Pilot 1; not independent confirmation; never pooled with the confirmatory held-out estimate,m-scale_capacitance-e86da299c1,acnet2_pyr_soma,other_model,primary_semantic,mutant,biophysical,scale_capacitance,"{""changes"": [{""attribute"": ""value"", ""locator"": ""/neuroml[@id='pyr_4_sym_soma']/cell[@id='pyr_soma_m_in_b_in']/biophysicalProperties[@id='biophys']/membraneProperties[1]/specificCapacitance[1]"", ""new"": ""1.42 uF_per_cm2"", ""old"": ""2.84 uF_per_cm2""}], ""element"": ""specificCapacitance"", ""element_id"": null, ""factor"": 0.5, ""generator_seed"": 20260917}",5_non_equivalent,5_non_equivalent,P00_canonical;P03_rheobase;P04_step_2x;P05_long_step;P06_ramp;P09_short_pulse,P00_canonical:ap_amplitude;P00_canonical:first_spike_latency;P00_canonical:last_isi;P00_canonical:spike_count;P03_rheobase:rheobase;P04_step_2x:ap_amplitude;P04_step_2x:first_spike_latency;P04_step_2x:last_isi;P05_long_step:ap_amplitude;P05_long_step:first_spike_latency;P05_long_step:last_isi;P06_ramp:first_spike_latency;P09_short_pulse:ahp_depth;P09_short_pulse:ap_amplitude;P09_short_pulse:first_spike_latency;P09_short_pulse:spike_count,passive_membrane,strong,True,True,True,True,True,P00_canonical:spike_count;P04_step_2x:spike_timing;P05_long_step:spike_timing;P06_ramp:spike_timing;P09_short_pulse:spike_count;P09_short_pulse:trace_rmse,P00_canonical:first_isi;P00_canonical:mean_frequency;P04_step_2x:first_isi;P05_long_step:first_isi;P09_short_pulse:ap_half_width,,,{}
neuron_model_behavioral_validation,Neuraxis,development_pilot,PILOT2_PROTOCOL,Exploratory development data; second development iteration informed by Pilot 1; not independent confirmation; never pooled with the confirmatory held-out estimate,m-scale_gate_time_constant-25d2ef79c1,acnet2_pyr_soma,other_model,primary_semantic,mutant,biophysical,scale_gate_time_constant,"{""changes"": [{""attribute"": ""rate"", ""locator"": ""/neuroml[@id='Ca_pyr']/ionChannel[@id='Ca_pyr']/gate[@id='m']/forwardRate[1]"", ""new"": ""1.28e3per_s"", ""old"": ""1.6e3per_s""}, {""attribute"": ""rate"", ""locator"": ""/neuroml[@id='Ca_pyr']/ionChannel[@id='Ca_pyr']/gate[@id='m']/reverseRate[1]"", ""new"": ""8e1per_s"", ""old"": ""1e2per_s""}], ""channel"": ""Ca_pyr"", ""factor"": 0.8, ""gate"": ""m"", ""generator_seed"": 20260917, ""mechanism"": ""rate_parameters""}",5_non_equivalent,5_non_equivalent,P00_canonical;P04_step_2x;P05_long_step,P00_canonical:adaptation_index;P00_canonical:last_isi;P00_canonical:spike_count;P04_step_2x:last_isi;P05_long_step:last_isi,gating_time_constant,mild,True,True,True,True,True,P00_canonical:spike_count;P04_step_2x:spike_timing;P05_long_step:spike_timing;P06_ramp:spike_timing,P00_canonical:first_isi;P00_canonical:mean_frequency;P04_step_2x:first_isi;P05_long_step:first_isi,,,{}
neuron_model_behavioral_validation,Neuraxis,development_pilot,PILOT2_PROTOCOL,Exploratory development data; second development iteration informed by Pilot 1; not independent confirmation; never pooled with the confirmatory held-out estimate,m-scale_gate_time_constant-eb0c17da65,acnet2_pyr_soma,other_model,primary_semantic,mutant,biophysical,scale_gate_time_constant,"{""changes"": [{""attribute"": ""rate"", ""locator"": ""/neuroml[@id='Na_pyr']/ionChannel[@id='Na_pyr']/gate[@id='h']/forwardRate[1]"", ""new"": ""6.4e1per_s"", ""old"": ""1.28e2per_s""}, {""attribute"": ""rate"", ""locator"": ""/neuroml[@id='Na_pyr']/ionChannel[@id='Na_pyr']/gate[@id='h']/reverseRate[1]"", ""new"": ""2e3per_s"", ""old"": ""4e3per_s""}], ""channel"": ""Na_pyr"", ""factor"": 0.5, ""gate"": ""h"", ""generator_seed"": 20260917, ""mechanism"": ""rate_parameters""}",5_non_equivalent,5_non_equivalent,P00_canonical;P04_step_2x;P05_long_step,P00_canonical:adaptation_index;P00_canonical:ahp_depth;P00_canonical:ap_amplitude;P00_canonical:last_isi;P00_canonical:spike_count;P04_step_2x:ap_amplitude;P04_step_2x:last_isi;P04_step_2x:spike_count;P05_long_step:ap_amplitude;P05_long_step:last_isi,gating_time_constant,strong,True,True,True,True,True,P00_canonical:spike_count;P04_step_2x:spike_count;P05_long_step:spike_timing;P06_ramp:spike_timing,P00_canonical:ap_half_width;P00_canonical:first_isi;P00_canonical:mean_frequency;P04_step_2x:ap_half_width;P04_step_2x:firing_regime;P04_step_2x:first_isi;P04_step_2x:mean_frequency;P05_long_step:ap_half_width;P05_long_step:first_isi,,,{}
neuron_model_behavioral_validation,Neuraxis,development_pilot,PILOT2_PROTOCOL,Exploratory development data; second development iteration informed by Pilot 1; not independent confirmation; never pooled with the confirmatory held-out estimate,m-shift_gate_midpoint-e68b2bd3be,acnet2_pyr_soma,other_model,primary_semantic,mutant,kinetics,shift_gate_midpoint,"{""changes"": [{""attribute"": ""midpoint"", ""locator"": ""/neuroml[@id='Ca_pyr']/ionChannel[@id='Ca_pyr']/gate[@id='m']/forwardRate[1]"", ""new"": ""1e-2V"", ""old"": ""5e-03V""}, {""attribute"": ""midpoint"", ""locator"": ""/neuroml[@id='Ca_pyr']/ionChannel[@id='Ca_pyr']/gate[@id='m']/reverseRate[1]"", ""new"": ""-3.9e-3V"", ""old"": ""-8.9e-3V""}], ""channel"": ""Ca_pyr"", ""delta_mV"": 5.0, ""gate"": ""m"", ""generator_seed"": 20260917, ""mechanism"": ""rates""}",5_non_equivalent,5_non_equivalent,P00_canonical;P02_weak_step;P03_rheobase;P04_step_2x;P05_long_step;P06_ramp;P09_short_pulse,P00_canonical:adaptation_index;P00_canonical:last_isi;P00_canonical:spike_count;P02_weak_step:steady_state_voltage;P03_rheobase:rheobase;P04_step_2x:ahp_depth;P04_step_2x:first_spike_latency;P04_step_2x:last_isi;P05_long_step:ahp_depth;P05_long_step:first_spike_latency;P05_long_step:last_isi;P05_long_step:spike_count;P06_ramp:first_spike_latency;P09_short_pulse:ahp_depth;P09_short_pulse:ap_amplitude;P09_short_pulse:first_spike_latency;P09_short_pulse:spike_count,gating_voltage_dependence,mild,True,True,True,True,True,P00_canonical:spike_count;P02_weak_step:trace_rmse;P04_step_2x:spike_timing;P05_long_step:spike_count;P06_ramp:spike_timing;P09_short_pulse:spike_count;P09_short_pulse:trace_rmse,P00_canonical:first_isi;P00_canonical:mean_frequency;P02_weak_step:baseline_voltage;P04_step_2x:first_isi;P04_step_2x:mean_frequency;P05_long_step:first_isi;P05_long_step:mean_frequency;P06_ramp:mean_frequency;P07_hyperpolarizing_step:baseline_voltage;P07_hyperpolarizing_step:sag_ratio;P07_hyperpolarizing_step:voltage_deflection;P09_short_pulse:ap_half_width,,,{}
neuron_model_behavioral_validation,Neuraxis,development_pilot,PILOT2_PROTOCOL,Exploratory development data; second development iteration informed by Pilot 1; not independent confirmation; never pooled with the confirmatory held-out estimate,m-shift_gate_midpoint-3c7134e6ec,acnet2_pyr_soma,other_model,primary_semantic,mutant,kinetics,shift_gate_midpoint,"{""changes"": [{""attribute"": ""midpoint"", ""locator"": ""/neuroml[@id='Na_pyr']/ionChannel[@id='Na_pyr']/gate[@id='h']/forwardRate[1]"", ""new"": ""-3.3e-2V"", ""old"": ""-4.3e-2V""}, {""attribute"": ""midpoint"", ""locator"": ""/neuroml[@id='Na_pyr']/ionChannel[@id='Na_pyr']/gate[@id='h']/reverseRate[1]"", ""new"": ""-1e-2V"", ""old"": ""-2e-2V""}], ""channel"": ""Na_pyr"", ""delta_mV"": 10.0, ""gate"": ""h"", ""generator_seed"": 20260917, ""mechanism"": ""rates""}",5_non_equivalent,5_non_equivalent,P00_canonical;P04_step_2x;P05_long_step,P00_canonical:adaptation_index;P00_canonical:last_isi;P00_canonical:spike_count;P04_step_2x:last_isi;P05_long_step:last_isi,gating_voltage_dependence,strong,True,True,True,True,True,P00_canonical:spike_count;P04_step_2x:spike_timing;P05_long_step:spike_timing;P06_ramp:spike_timing,P00_canonical:first_isi;P00_canonical:mean_frequency;P04_step_2x:first_isi;P05_long_step:first_isi,,,{}
neuron_model_behavioral_validation,Neuraxis,development_pilot,PILOT2_PROTOCOL,Exploratory development data; second development iteration informed by Pilot 1; not independent confirmation; never pooled with the confirmatory held-out estimate,m-scale_gate_slope-d122bda225,acnet2_pyr_soma,other_model,primary_semantic,mutant,kinetics,scale_gate_slope,"{""changes"": [{""attribute"": ""scale"", ""locator"": ""/neuroml[@id='Ca_pyr']/ionChannel[@id='Ca_pyr']/gate[@id='m']/forwardRate[1]"", ""new"": ""0.0173625V"", ""old"": ""0.01389V""}, {""attribute"": ""scale"", ""locator"": ""/neuroml[@id='Ca_pyr']/ionChannel[@id='Ca_pyr']/gate[@id='m']/reverseRate[1]"", ""new"": ""-0.00625V"", ""old"": ""-0.005V""}], ""channel"": ""Ca_pyr"", ""factor"": 1.25, ""gate"": ""m"", ""generator_seed"": 20260917, ""mechanism"": ""rates""}",5_non_equivalent,5_non_equivalent,P00_canonical;P02_weak_step;P03_rheobase;P04_step_2x;P05_long_step;P06_ramp;P07_hyperpolarizing_step,P00_canonical:adaptation_index;P00_canonical:ahp_depth;P00_canonical:ap_amplitude;P00_canonical:first_spike_latency;P00_canonical:last_isi;P00_canonical:spike_count;P02_weak_step:steady_state_voltage;P03_rheobase:rheobase;P04_step_2x:ahp_depth;P04_step_2x:ap_amplitude;P04_step_2x:first_spike_latency;P04_step_2x:last_isi;P04_step_2x:spike_count;P05_long_step:adaptation_index;P05_long_step:ahp_depth;P05_long_step:ap_amplitude;P05_long_step:first_spike_latency;P05_long_step:last_isi;P05_long_step:spike_count;P06_ramp:first_spike_latency;P06_ramp:spike_count;P07_hyperpolarizing_step:steady_state_voltage,gating_voltage_dependence,mild,True,True,True,True,True,P00_canonical:spike_count;P02_weak_step:spike_count;P02_weak_step:trace_rmse;P04_step_2x:spike_count;P05_long_step:spike_count;P06_ramp:spike_count;P07_hyperpolarizing_step:spike_count;P07_hyperpolarizing_step:trace_rmse;P08_rebound:spike_count;P08_rebound:trace_rmse;P09_short_pulse:spike_count;P09_short_pulse:trace_rmse,P00_canonical:baseline_voltage;P00_canonical:first_isi;P00_canonical:mean_frequency;P02_weak_step:baseline_voltage;P04_step_2x:ap_half_width;P04_step_2x:firing_regime;P04_step_2x:first_isi;P04_step_2x:mean_frequency;P05_long_step:ap_half_width;P05_long_step:burst_count;P05_long_step:firing_regime;P05_long_step:first_isi;P05_long_step:mean_frequency;P06_ramp:firing_regime;P06_ramp:mean_frequency;P07_hyperpolarizing_step:baseline_voltage;P07_hyperpolarizing_step:minimum_voltage;P07_hyperpolarizing_step:sag_ratio;P07_hyperpolarizing_step:voltage_deflection;P08_rebound:maximum_voltage,,,{}
neuron_model_behavioral_validation,Neuraxis,development_pilot,PILOT2_PROTOCOL,Exploratory development data; second development iteration informed by Pilot 1; not independent confirmation; never pooled with the confirmatory held-out estimate,m-shift_forward_rate_midpoint-26075274d4,acnet2_pyr_soma,other_model,primary_semantic,mutant,kinetics,shift_forward_rate_midpoint,"{""changes"": [{""attribute"": ""midpoint"", ""locator"": ""/neuroml[@id='Kdr_pyr']/ionChannel[@id='Kdr_pyr']/gate[@id='n']/forwardRate[1]"", ""new"": ""-1.99e-2V"", ""old"": ""-2.49e-2V""}], ""channel"": ""Kdr_pyr"", ""delta_mV"": 5.0, ""gate"": ""n"", ""generator_seed"": 20260917, ""mechanism"": ""forward_rate""}",5_non_equivalent,5_non_equivalent,P00_canonical;P02_weak_step;P03_rheobase;P04_step_2x;P05_long_step;P06_ramp,P00_canonical:adaptation_index;P00_canonical:ahp_depth;P00_canonical:ap_amplitude;P00_canonical:first_spike_latency;P00_canonical:spike_count;P02_weak_step:steady_state_voltage;P03_rheobase:rheobase;P04_step_2x:ahp_depth;P04_step_2x:first_spike_latency;P04_step_2x:last_isi;P04_step_2x:spike_count;P05_long_step:ahp_depth;P05_long_step:first_spike_latency;P05_long_step:last_isi;P05_long_step:spike_count;P06_ramp:first_spike_latency,gating_voltage_dependence,mild,True,True,True,True,True,P00_canonical:spike_timing;P02_weak_step:spike_count;P02_weak_step:trace_rmse;P04_step_2x:spike_timing;P05_long_step:spike_count;P06_ramp:spike_count;P06_ramp:trace_rmse;P07_hyperpolarizing_step:spike_count;P07_hyperpolarizing_step:trace_rmse;P08_rebound:spike_count;P08_rebound:trace_rmse;P09_short_pulse:spike_count;P09_short_pulse:trace_rmse,P00_canonical:baseline_voltage;P00_canonical:first_isi;P00_canonical:mean_frequency;P02_weak_step:baseline_voltage;P02_weak_step:voltage_deflection;P04_step_2x:firing_regime;P04_step_2x:first_isi;P04_step_2x:mean_frequency;P05_long_step:first_isi;P06_ramp:mean_frequency;P07_hyperpolarizing_step:baseline_voltage;P07_hyperpolarizing_step:minimum_voltage;P07_hyperpolarizing_step:sag_ratio;P07_hyperpolarizing_step:voltage_deflection;P08_rebound:maximum_voltage,,,{}
neuron_model_behavioral_validation,Neuraxis,development_pilot,PILOT2_PROTOCOL,Exploratory development data; second development iteration informed by Pilot 1; not independent confirmation; never pooled with the confirmatory held-out estimate,m-wrong_channel-749374c5d2,acnet2_pyr_soma,other_model,primary_semantic,mutant,reference,wrong_channel,"{""changes"": [{""attribute"": ""ionChannel"", ""locator"": ""/neuroml[@id='pyr_4_sym_soma']/cell[@id='pyr_soma_m_in_b_in']/biophysicalProperties[@id='biophys']/membraneProperties[1]/channelDensity[@id='Na_pyr_soma_group']"", ""new"": ""LeakConductance_pyr"", ""old"": ""Na_pyr""}], ""element_id"": ""Na_pyr_soma_group"", ""generator_seed"": 20260917, ""new_species"": ""non_specific"", ""old_species"": ""na""}",5_non_equivalent,5_non_equivalent,P00_canonical;P02_weak_step;P03_rheobase;P04_step_2x;P05_long_step;P06_ramp;P07_hyperpolarizing_step,P00_canonical:adaptation_index;P00_canonical:ahp_depth;P00_canonical:ap_amplitude;P00_canonical:first_spike_latency;P00_canonical:last_isi;P00_canonical:spike_count;P02_weak_step:steady_state_voltage;P03_rheobase:rheobase;P04_step_2x:ahp_depth;P04_step_2x:ap_amplitude;P04_step_2x:first_spike_latency;P04_step_2x:last_isi;P04_step_2x:spike_count;P05_long_step:adaptation_index;P05_long_step:ahp_depth;P05_long_step:ap_amplitude;P05_long_step:first_spike_latency;P05_long_step:last_isi;P05_long_step:spike_count;P06_ramp:first_spike_latency;P06_ramp:spike_count;P07_hyperpolarizing_step:steady_state_voltage,mechanism_composition,not_applicable,True,True,True,True,True,P00_canonical:spike_count;P00_canonical:trace_rmse;P02_weak_step:spike_count;P02_weak_step:trace_rmse;P04_step_2x:spike_count;P04_step_2x:trace_rmse;P05_long_step:spike_count;P05_long_step:trace_rmse;P06_ramp:spike_count;P06_ramp:trace_rmse;P07_hyperpolarizing_step:spike_count;P07_hyperpolarizing_step:trace_rmse;P08_rebound:spike_count;P08_rebound:trace_rmse;P09_short_pulse:spike_count;P09_short_pulse:trace_rmse,P00_canonical:ap_half_width;P00_canonical:baseline_voltage;P00_canonical:firing_regime;P00_canonical:first_isi;P00_canonical:mean_frequency;P02_weak_step:baseline_voltage;P02_weak_step:voltage_deflection;P04_step_2x:ap_half_width;P04_step_2x:firing_regime;P04_step_2x:first_isi;P04_step_2x:mean_frequency;P05_long_step:ap_half_width;P05_long_step:burst_count;P05_long_step:firing_regime;P05_long_step:first_isi;P05_long_step:mean_frequency;P06_ramp:firing_regime;P06_ramp:mean_frequency;P07_hyperpolarizing_step:baseline_voltage;P07_hyperpolarizing_step:minimum_voltage;P07_hyperpolarizing_step:sag_ratio;P07_hyperpolarizing_step:voltage_deflection;P08_rebound:maximum_voltage,,,{}
neuron_model_behavioral_validation,Neuraxis,development_pilot,PILOT2_PROTOCOL,Exploratory development data; second development iteration informed by Pilot 1; not independent confirmation; never pooled with the confirmatory held-out estimate,m-duplicate_conductance-bdd4b1d9e1,acnet2_pyr_soma,other_model,primary_semantic,mutant,reference,duplicate_conductance,"{""generator_seed"": 20260917, ""new_id"": ""Kdr_pyr_soma_group_dup"", ""source_id"": ""Kdr_pyr_soma_group""}",5_non_equivalent,5_non_equivalent,P00_canonical;P02_weak_step;P03_rheobase;P04_step_2x;P05_long_step;P06_ramp,P00_canonical:adaptation_index;P00_canonical:ahp_depth;P00_canonical:ap_amplitude;P00_canonical:last_isi;P00_canonical:spike_count;P02_weak_step:steady_state_voltage;P03_rheobase:rheobase;P04_step_2x:ahp_depth;P04_step_2x:ap_amplitude;P04_step_2x:first_spike_latency;P04_step_2x:last_isi;P04_step_2x:spike_count;P05_long_step:adaptation_index;P05_long_step:ahp_depth;P05_long_step:ap_amplitude;P05_long_step:first_spike_latency;P05_long_step:last_isi;P05_long_step:spike_count;P06_ramp:first_spike_latency;P06_ramp:spike_count,mechanism_composition,not_applicable,True,True,True,True,True,P00_canonical:spike_count;P02_weak_step:trace_rmse;P04_step_2x:spike_count;P05_long_step:spike_count;P06_ramp:spike_count;P07_hyperpolarizing_step:trace_rmse;P08_rebound:trace_rmse;P09_short_pulse:trace_rmse,P00_canonical:ap_half_width;P00_canonical:baseline_voltage;P00_canonical:mean_frequency;P02_weak_step:baseline_voltage;P04_step_2x:ap_half_width;P04_step_2x:firing_regime;P04_step_2x:first_isi;P04_step_2x:mean_frequency;P05_long_step:ap_half_width;P05_long_step:burst_count;P05_long_step:firing_regime;P05_long_step:first_isi;P05_long_step:mean_frequency;P06_ramp:firing_regime;P06_ramp:mean_frequency;P07_hyperpolarizing_step:baseline_voltage,,,{}
neuron_model_behavioral_validation,Neuraxis,development_pilot,PILOT2_PROTOCOL,Exploratory development data; second development iteration informed by Pilot 1; not independent confirmation; never pooled with the confirmatory held-out estimate,m-wrong_compatible_component-a38cf2a7ad,acnet2_pyr_soma,other_model,primary_semantic,mutant,reference,wrong_compatible_component,"{""changes"": [{""attribute"": ""ionChannel"", ""locator"": ""/neuroml[@id='pyr_4_sym_soma']/cell[@id='pyr_soma_m_in_b_in']/biophysicalProperties[@id='biophys']/membraneProperties[1]/channelDensity[@id='Kdr_pyr_soma_group']"", ""new"": ""Kahp_pyr"", ""old"": ""Kdr_pyr""}], ""element_id"": ""Kdr_pyr_soma_group"", ""generator_seed"": 20260917, ""new_species"": ""k"", ""old_species"": ""k""}",5_non_equivalent,5_non_equivalent,P00_canonical;P02_weak_step;P03_rheobase;P04_step_2x;P05_long_step;P06_ramp;P07_hyperpolarizing_step,P00_canonical:adaptation_index;P00_canonical:ahp_depth;P00_canonical:ap_amplitude;P00_canonical:first_spike_latency;P00_canonical:last_isi;P00_canonical:spike_count;P02_weak_step:steady_state_voltage;P03_rheobase:rheobase;P04_step_2x:ahp_depth;P04_step_2x:ap_amplitude;P04_step_2x:first_spike_latency;P04_step_2x:last_isi;P04_step_2x:spike_count;P05_long_step:adaptation_index;P05_long_step:ahp_depth;P05_long_step:ap_amplitude;P05_long_step:first_spike_latency;P05_long_step:last_isi;P05_long_step:spike_count;P06_ramp:first_spike_latency;P06_ramp:spike_count;P07_hyperpolarizing_step:steady_state_voltage,mechanism_composition,not_applicable,True,True,True,True,True,P00_canonical:spike_count;P02_weak_step:trace_rmse;P04_step_2x:spike_count;P05_long_step:spike_count;P06_ramp:spike_count;P07_hyperpolarizing_step:trace_rmse;P08_rebound:trace_rmse;P09_short_pulse:trace_rmse,P00_canonical:ap_half_width;P00_canonical:baseline_voltage;P00_canonical:firing_regime;P00_canonical:first_isi;P00_canonical:mean_frequency;P02_weak_step:baseline_voltage;P02_weak_step:voltage_deflection;P04_step_2x:ap_half_width;P04_step_2x:firing_regime;P04_step_2x:first_isi;P04_step_2x:mean_frequency;P05_long_step:ap_half_width;P05_long_step:burst_count;P05_long_step:firing_regime;P05_long_step:first_isi;P05_long_step:mean_frequency;P06_ramp:firing_regime;P06_ramp:mean_frequency;P07_hyperpolarizing_step:baseline_voltage;P07_hyperpolarizing_step:minimum_voltage;P07_hyperpolarizing_step:sag_ratio;P07_hyperpolarizing_step:voltage_deflection;P08_rebound:maximum_voltage,,,{}
neuron_model_behavioral_validation,Neuraxis,development_pilot,PILOT2_PROTOCOL,Exploratory development data; second development iteration informed by Pilot 1; not independent confirmation; never pooled with the confirmatory held-out estimate,m-scale_conductance-0fd04dc708,migliore2014_mt_soma,other_model,primary_semantic,mutant,biophysical,scale_conductance,"{""changes"": [{""attribute"": ""condDensity"", ""locator"": ""/neuroml[@id='MT_soma']/cell[@id='MT_soma']/biophysicalProperties[@id='biophys']/membraneProperties[1]/channelDensity[@id='nax_ModelViewParmSubset_1']"", ""new"": ""44.0 mS_per_cm2"", ""old"": ""40.0 mS_per_cm2""}], ""element"": ""channelDensity"", ""element_id"": ""nax_ModelViewParmSubset_1"", ""factor"": 1.1, ""generator_seed"": 20260917}",6_silent_under_canonical,6_silent_under_canonical,P03_rheobase;P05_long_step;P06_ramp,P03_rheobase:rheobase;P05_long_step:first_spike_latency;P05_long_step:last_isi;P06_ramp:first_spike_latency,maximal_conductance,mild,True,False,True,True,True,P00_canonical:trace_rmse;P04_step_2x:spike_timing;P04_step_2x:trace_rmse;P05_long_step:spike_timing;P05_long_step:trace_rmse;P06_ramp:spike_timing;P06_ramp:trace_rmse;P09_short_pulse:trace_rmse,P05_long_step:first_isi,True,False,"{""h4_status"": ""ok"", ""battery_detections_persisting_at_h4"": [""P03_rheobase:rheobase"", ""P04_step_2x:spike_timing"", ""P04_step_2x:trace_rmse"", ""P05_long_step:first_spike_latency"", ""P05_long_step:last_isi"", ""P05_long_step:spike_timing"", ""P05_long_step:trace_rmse"", ""P06_ramp:first_spike_latency"", ""P06_ramp:spike_timing"", ""P06_ramp:trace_rmse"", ""P09_short_pulse:trace_rmse""], ""canonical_feature_detects_at_h4"": false, ""canonical_trace_detects_at_h4"": true, ""feature_survivor_confirmed"": true, ""full_trace_survivor_confirmed"": false}"
neuron_model_behavioral_validation,Neuraxis,development_pilot,PILOT2_PROTOCOL,Exploratory development data; second development iteration informed by Pilot 1; not independent confirmation; never pooled with the confirmatory held-out estimate,m-scale_conductance-a9d05675ab,migliore2014_mt_soma,other_model,primary_semantic,mutant,biophysical,scale_conductance,"{""changes"": [{""attribute"": ""condDensity"", ""locator"": ""/neuroml[@id='MT_soma']/cell[@id='MT_soma']/biophysicalProperties[@id='biophys']/membraneProperties[1]/channelDensity[@id='pas_ModelViewParmSubset_1']"", ""new"": ""0.07499997 mS_per_cm2"", ""old"": ""0.0833333 mS_per_cm2""}], ""element"": ""channelDensity"", ""element_id"": ""pas_ModelViewParmSubset_1"", ""factor"": 0.9, ""generator_seed"": 20260917}",6_silent_under_canonical,6_silent_under_canonical,P03_rheobase;P04_step_2x;P05_long_step;P06_ramp;P07_hyperpolarizing_step,P03_rheobase:rheobase;P04_step_2x:last_isi;P05_long_step:first_spike_latency;P05_long_step:last_isi;P05_long_step:spike_count;P06_ramp:first_spike_latency;P07_hyperpolarizing_step:steady_state_voltage,maximal_conductance,mild,True,False,True,True,True,P00_canonical:trace_rmse;P04_step_2x:spike_timing;P04_step_2x:trace_rmse;P05_long_step:spike_count;P05_long_step:trace_rmse;P06_ramp:spike_timing;P06_ramp:trace_rmse;P07_hyperpolarizing_step:trace_rmse;P08_rebound:trace_rmse,P04_step_2x:first_isi;P05_long_step:first_isi;P05_long_step:mean_frequency;P07_hyperpolarizing_step:minimum_voltage;P07_hyperpolarizing_step:voltage_deflection,True,False,"{""h4_status"": ""ok"", ""battery_detections_persisting_at_h4"": [""P03_rheobase:rheobase"", ""P04_step_2x:last_isi"", ""P04_step_2x:spike_timing"", ""P04_step_2x:trace_rmse"", ""P05_long_step:first_spike_latency"", ""P05_long_step:last_isi"", ""P05_long_step:spike_count"", ""P05_long_step:trace_rmse"", ""P06_ramp:first_spike_latency"", ""P06_ramp:spike_timing"", ""P06_ramp:trace_rmse"", ""P07_hyperpolarizing_step:steady_state_voltage"", ""P07_hyperpolarizing_step:trace_rmse"", ""P08_rebound:trace_rmse""], ""canonical_feature_detects_at_h4"": false, ""canonical_trace_detects_at_h4"": true, ""feature_survivor_confirmed"": true, ""full_trace_survivor_confirmed"": false}"
neuron_model_behavioral_validation,Neuraxis,development_pilot,PILOT2_PROTOCOL,Exploratory development data; second development iteration informed by Pilot 1; not independent confirmation; never pooled with the confirmatory held-out estimate,m-scale_conductance-fd3b7c7dcc,migliore2014_mt_soma,other_model,primary_semantic,mutant,biophysical,scale_conductance,"{""changes"": [{""attribute"": ""condDensity"", ""locator"": ""/neuroml[@id='MT_soma']/cell[@id='MT_soma']/biophysicalProperties[@id='biophys']/membraneProperties[1]/channelDensity[@id='kamt_ModelViewParmSubset_1']"", ""new"": ""2.0 mS_per_cm2"", ""old"": ""4.0 mS_per_cm2""}], ""element"": ""channelDensity"", ""element_id"": ""kamt_ModelViewParmSubset_1"", ""factor"": 0.5, ""generator_seed"": 20260917}",5_non_equivalent,5_non_equivalent,P00_canonical;P02_weak_step;P03_rheobase;P04_step_2x;P05_long_step;P06_ramp;P09_short_pulse,P00_canonical:ahp_depth;P00_canonical:first_spike_latency;P02_weak_step:steady_state_voltage;P03_rheobase:rheobase;P04_step_2x:ahp_depth;P04_step_2x:first_spike_latency;P05_long_step:ahp_depth;P05_long_step:first_spike_latency;P05_long_step:last_isi;P05_long_step:spike_count;P06_ramp:first_spike_latency;P06_ramp:spike_count;P09_short_pulse:ahp_depth;P09_short_pulse:first_spike_latency,maximal_conductance,strong,True,True,True,True,True,P00_canonical:spike_timing;P00_canonical:trace_rmse;P02_weak_step:trace_rmse;P04_step_2x:spike_timing;P04_step_2x:trace_rmse;P05_long_step:spike_count;P05_long_step:trace_rmse;P06_ramp:spike_count;P06_ramp:trace_rmse;P07_hyperpolarizing_step:trace_rmse;P08_rebound:trace_rmse;P09_short_pulse:spike_timing;P09_short_pulse:trace_rmse,P00_canonical:ap_half_width;P00_canonical:baseline_voltage;P02_weak_step:baseline_voltage;P02_weak_step:voltage_deflection;P04_step_2x:ap_half_width;P04_step_2x:first_isi;P05_long_step:ap_half_width;P05_long_step:first_isi;P05_long_step:mean_frequency;P06_ramp:mean_frequency;P07_hyperpolarizing_step:baseline_voltage;P07_hyperpolarizing_step:voltage_deflection;P08_rebound:maximum_voltage;P09_short_pulse:ap_half_width,,,{}
neuron_model_behavioral_validation,Neuraxis,development_pilot,PILOT2_PROTOCOL,Exploratory development data; second development iteration informed by Pilot 1; not independent confirmation; never pooled with the confirmatory held-out estimate,m-scale_conductance-de26f4d2e1,migliore2014_mt_soma,other_model,primary_semantic,mutant,biophysical,scale_conductance,"{""changes"": [{""attribute"": ""condDensity"", ""locator"": ""/neuroml[@id='MT_soma']/cell[@id='MT_soma']/biophysicalProperties[@id='biophys']/membraneProperties[1]/channelDensity[@id='pas_ModelViewParmSubset_1']"", ""new"": ""0.1666666 mS_per_cm2"", ""old"": ""0.0833333 mS_per_cm2""}], ""element"": ""channelDensity"", ""element_id"": ""pas_ModelViewParmSubset_1"", ""factor"": 2.0, ""generator_seed"": 20260917}",5_non_equivalent,5_non_equivalent,P00_canonical;P02_weak_step;P03_rheobase;P04_step_2x;P05_long_step;P06_ramp;P07_hyperpolarizing_step;P09_short_pulse,P00_canonical:first_spike_latency;P02_weak_step:steady_state_voltage;P03_rheobase:rheobase;P04_step_2x:adaptation_index;P04_step_2x:first_spike_latency;P04_step_2x:last_isi;P04_step_2x:spike_count;P05_long_step:adaptation_index;P05_long_step:ahp_depth;P05_long_step:ap_amplitude;P05_long_step:first_spike_latency;P05_long_step:last_isi;P05_long_step:spike_count;P06_ramp:first_spike_latency;P06_ramp:spike_count;P07_hyperpolarizing_step:steady_state_voltage;P09_short_pulse:ahp_depth,maximal_conductance,strong,True,True,True,True,True,P00_canonical:spike_timing;P00_canonical:trace_rmse;P02_weak_step:trace_rmse;P04_step_2x:spike_count;P04_step_2x:trace_rmse;P05_long_step:spike_count;P05_long_step:trace_rmse;P06_ramp:spike_count;P06_ramp:trace_rmse;P07_hyperpolarizing_step:trace_rmse;P08_rebound:trace_rmse;P09_short_pulse:trace_rmse,P00_canonical:baseline_voltage;P02_weak_step:baseline_voltage;P02_weak_step:voltage_deflection;P04_step_2x:first_isi;P04_step_2x:mean_frequency;P05_long_step:ap_half_width;P05_long_step:burst_count;P05_long_step:firing_regime;P05_long_step:first_isi;P05_long_step:mean_frequency;P06_ramp:mean_frequency;P07_hyperpolarizing_step:baseline_voltage;P07_hyperpolarizing_step:minimum_voltage;P07_hyperpolarizing_step:voltage_deflection;P08_rebound:maximum_voltage,,,{}
neuron_model_behavioral_validation,Neuraxis,development_pilot,PILOT2_PROTOCOL,Exploratory development data; second development iteration informed by Pilot 1; not independent confirmation; never pooled with the confirmatory held-out estimate,m-shift_reversal-7be708c601,migliore2014_mt_soma,other_model,primary_semantic,mutant,biophysical,shift_reversal,"{""changes"": [{""attribute"": ""erev"", ""locator"": ""/neuroml[@id='MT_soma']/cell[@id='MT_soma']/biophysicalProperties[@id='biophys']/membraneProperties[1]/channelDensity[@id='kdrmt_all']"", ""new"": ""-88.0 mV"", ""old"": ""-90.0 mV""}], ""element"": ""channelDensity"", ""element_id"": ""kdrmt_all"", ""generator_seed"": 20260917, ""shift_mV"": 2.0}",4_equivalent_within_tested_domain,4_equivalent_within_tested_domain,,,reversal_potential,mild,True,False,False,True,True,P04_step_2x:spike_timing;P04_step_2x:trace_rmse;P05_long_step:spike_timing;P05_long_step:trace_rmse;P06_ramp:spike_timing;P06_ramp:trace_rmse,,True,True,"{""h4_status"": ""ok"", ""battery_detections_persisting_at_h4"": [""P04_step_2x:spike_timing"", ""P04_step_2x:trace_rmse"", ""P05_long_step:spike_timing"", ""P05_long_step:trace_rmse"", ""P06_ramp:spike_timing"", ""P06_ramp:trace_rmse""], ""canonical_feature_detects_at_h4"": false, ""canonical_trace_detects_at_h4"": false, ""feature_survivor_confirmed"": true, ""full_trace_survivor_confirmed"": true}"
neuron_model_behavioral_validation,Neuraxis,development_pilot,PILOT2_PROTOCOL,Exploratory development data; second development iteration informed by Pilot 1; not independent confirmation; never pooled with the confirmatory held-out estimate,m-shift_reversal-d4460926dc,migliore2014_mt_soma,other_model,primary_semantic,mutant,biophysical,shift_reversal,"{""changes"": [{""attribute"": ""erev"", ""locator"": ""/neuroml[@id='MT_soma']/cell[@id='MT_soma']/biophysicalProperties[@id='biophys']/membraneProperties[1]/channelDensity[@id='pas_ModelViewParmSubset_1']"", ""new"": ""-66.7723 mV"", ""old"": ""-61.7723 mV""}], ""element"": ""channelDensity"", ""element_id"": ""pas_ModelViewParmSubset_1"", ""generator_seed"": 20260917, ""shift_mV"": -5.0}",5_non_equivalent,5_non_equivalent,P00_canonical;P02_weak_step;P03_rheobase;P04_step_2x;P05_long_step;P06_ramp;P07_hyperpolarizing_step;P09_short_pulse,P00_canonical:ahp_depth;P00_canonical:first_spike_latency;P02_weak_step:steady_state_voltage;P03_rheobase:rheobase;P04_step_2x:ahp_depth;P04_step_2x:first_spike_latency;P04_step_2x:last_isi;P04_step_2x:spike_count;P05_long_step:adaptation_index;P05_long_step:ahp_depth;P05_long_step:first_spike_latency;P05_long_step:last_isi;P05_long_step:spike_count;P06_ramp:first_spike_latency;P06_ramp:spike_count;P07_hyperpolarizing_step:steady_state_voltage;P09_short_pulse:ahp_depth;P09_short_pulse:first_spike_latency,reversal_potential,mild,True,True,True,True,True,P00_canonical:spike_timing;P00_canonical:trace_rmse;P02_weak_step:trace_rmse;P04_step_2x:spike_count;P04_step_2x:trace_rmse;P05_long_step:spike_count;P05_long_step:trace_rmse;P06_ramp:spike_count;P06_ramp:trace_rmse;P07_hyperpolarizing_step:trace_rmse;P08_rebound:trace_rmse;P09_short_pulse:spike_timing;P09_short_pulse:trace_rmse,P00_canonical:baseline_voltage;P02_weak_step:baseline_voltage;P04_step_2x:first_isi;P04_step_2x:mean_frequency;P05_long_step:first_isi;P05_long_step:mean_frequency;P06_ramp:mean_frequency;P07_hyperpolarizing_step:baseline_voltage;P07_hyperpolarizing_step:minimum_voltage;P07_hyperpolarizing_step:voltage_deflection;P08_rebound:maximum_voltage,,,{}
neuron_model_behavioral_validation,Neuraxis,development_pilot,PILOT2_PROTOCOL,Exploratory development data; second development iteration informed by Pilot 1; not independent confirmation; never pooled with the confirmatory held-out estimate,m-shift_reversal-3bffbb8e9b,migliore2014_mt_soma,other_model,primary_semantic,mutant,biophysical,shift_reversal,"{""changes"": [{""attribute"": ""erev"", ""locator"": ""/neuroml[@id='MT_soma']/cell[@id='MT_soma']/biophysicalProperties[@id='biophys']/membraneProperties[1]/channelDensity[@id='kamt_ModelViewParmSubset_1']"", ""new"": ""-80.0 mV"", ""old"": ""-90.0 mV""}], ""element"": ""channelDensity"", ""element_id"": ""kamt_ModelViewParmSubset_1"", ""generator_seed"": 20260917, ""shift_mV"": 10.0}",5_non_equivalent,5_non_equivalent,P00_canonical;P02_weak_step;P03_rheobase;P04_step_2x;P05_long_step;P06_ramp;P09_short_pulse,P00_canonical:ahp_depth;P00_canonical:first_spike_latency;P02_weak_step:steady_state_voltage;P03_rheobase:rheobase;P04_step_2x:ahp_depth;P04_step_2x:first_spike_latency;P04_step_2x:last_isi;P04_step_2x:spike_count;P05_long_step:ahp_depth;P05_long_step:first_spike_latency;P06_ramp:first_spike_latency;P06_ramp:spike_count;P09_short_pulse:ahp_depth,reversal_potential,strong,True,True,True,True,True,P00_canonical:spike_timing;P00_canonical:trace_rmse;P02_weak_step:trace_rmse;P04_step_2x:spike_count;P04_step_2x:trace_rmse;P05_long_step:spike_timing;P05_long_step:trace_rmse;P06_ramp:spike_count;P06_ramp:trace_rmse;P07_hyperpolarizing_step:trace_rmse;P08_rebound:trace_rmse;P09_short_pulse:trace_rmse,P00_canonical:baseline_voltage;P02_weak_step:baseline_voltage;P04_step_2x:first_isi;P04_step_2x:mean_frequency;P05_long_step:first_isi;P06_ramp:mean_frequency;P07_hyperpolarizing_step:baseline_voltage,,,{}
neuron_model_behavioral_validation,Neuraxis,development_pilot,PILOT2_PROTOCOL,Exploratory development data; second development iteration informed by Pilot 1; not independent confirmation; never pooled with the confirmatory held-out estimate,m-shift_reversal-9acb9774d9,migliore2014_mt_soma,other_model,primary_semantic,mutant,biophysical,shift_reversal,"{""changes"": [{""attribute"": ""erev"", ""locator"": ""/neuroml[@id='MT_soma']/cell[@id='MT_soma']/biophysicalProperties[@id='biophys']/membraneProperties[1]/channelDensity[@id='nax_ModelViewParmSubset_1']"", ""new"": ""60.0 mV"", ""old"": ""50.0 mV""}], ""element"": ""channelDensity"", ""element_id"": ""nax_ModelViewParmSubset_1"", ""generator_seed"": 20260917, ""shift_mV"": 10.0}",5_non_equivalent,5_non_equivalent,P00_canonical;P03_rheobase;P04_step_2x;P05_long_step;P06_ramp;P09_short_pulse,P00_canonical:ahp_depth;P00_canonical:ap_amplitude;P03_rheobase:rheobase;P04_step_2x:ahp_depth;P04_step_2x:ap_amplitude;P05_long_step:ahp_depth;P05_long_step:ap_amplitude;P05_long_step:first_spike_latency;P05_long_step:last_isi;P06_ramp:first_spike_latency;P09_short_pulse:ahp_depth;P09_short_pulse:ap_amplitude,reversal_potential,strong,True,True,True,True,True,P00_canonical:trace_rmse;P04_step_2x:spike_timing;P04_step_2x:trace_rmse;P05_long_step:spike_timing;P05_long_step:trace_rmse;P06_ramp:spike_timing;P06_ramp:trace_rmse;P09_short_pulse:trace_rmse,P00_canonical:ap_half_width;P04_step_2x:ap_half_width;P04_step_2x:first_isi;P05_long_step:ap_half_width;P05_long_step:first_isi;P09_short_pulse:ap_half_width,,,{}
neuron_model_behavioral_validation,Neuraxis,development_pilot,PILOT2_PROTOCOL,Exploratory development data; second development iteration informed by Pilot 1; not independent confirmation; never pooled with the confirmatory held-out estimate,m-scale_capacitance-669e5e35b9,migliore2014_mt_soma,other_model,primary_semantic,mutant,biophysical,scale_capacitance,"{""changes"": [{""attribute"": ""value"", ""locator"": ""/neuroml[@id='MT_soma']/cell[@id='MT_soma']/biophysicalProperties[@id='biophys']/membraneProperties[1]/specificCapacitance[1]"", ""new"": ""1.44 uF_per_cm2"", ""old"": ""1.8 uF_per_cm2""}], ""element"": ""specificCapacitance"", ""element_id"": null, ""factor"": 0.8, ""generator_seed"": 20260917}",5_non_equivalent,5_non_equivalent,P00_canonical;P03_rheobase;P04_step_2x;P05_long_step;P06_ramp;P09_short_pulse,P00_canonical:first_spike_latency;P03_rheobase:rheobase;P04_step_2x:first_spike_latency;P04_step_2x:last_isi;P05_long_step:first_spike_latency;P05_long_step:last_isi;P05_long_step:spike_count;P06_ramp:first_spike_latency;P09_short_pulse:ap_amplitude;P09_short_pulse:first_spike_latency,passive_membrane,mild,True,True,True,True,True,P00_canonical:spike_timing;P00_canonical:trace_rmse;P04_step_2x:spike_timing;P04_step_2x:trace_rmse;P05_long_step:spike_count;P05_long_step:trace_rmse;P06_ramp:spike_timing;P06_ramp:trace_rmse;P08_rebound:trace_rmse;P09_short_pulse:spike_timing;P09_short_pulse:trace_rmse,P04_step_2x:first_isi;P04_step_2x:mean_frequency;P05_long_step:first_isi,,,{}
neuron_model_behavioral_validation,Neuraxis,development_pilot,PILOT2_PROTOCOL,Exploratory development data; second development iteration informed by Pilot 1; not independent confirmation; never pooled with the confirmatory held-out estimate,m-scale_capacitance-f459583f48,migliore2014_mt_soma,other_model,primary_semantic,mutant,biophysical,scale_capacitance,"{""changes"": [{""attribute"": ""value"", ""locator"": ""/neuroml[@id='MT_soma']/cell[@id='MT_soma']/biophysicalProperties[@id='biophys']/membraneProperties[1]/specificCapacitance[1]"", ""new"": ""0.9 uF_per_cm2"", ""old"": ""1.8 uF_per_cm2""}], ""element"": ""specificCapacitance"", ""element_id"": null, ""factor"": 0.5, ""generator_seed"": 20260917}",5_non_equivalent,5_non_equivalent,P00_canonical;P03_rheobase;P04_step_2x;P05_long_step;P06_ramp;P09_short_pulse,P00_canonical:ahp_depth;P00_canonical:ap_amplitude;P00_canonical:first_spike_latency;P03_rheobase:rheobase;P04_step_2x:ahp_depth;P04_step_2x:ap_amplitude;P04_step_2x:first_spike_latency;P04_step_2x:last_isi;P04_step_2x:spike_count;P05_long_step:ahp_depth;P05_long_step:ap_amplitude;P05_long_step:first_spike_latency;P05_long_step:last_isi;P05_long_step:spike_count;P06_ramp:first_spike_latency;P06_ramp:spike_count;P09_short_pulse:ahp_depth;P09_short_pulse:ap_amplitude;P09_short_pulse:first_spike_latency,passive_membrane,strong,True,True,True,True,True,P00_canonical:spike_timing;P00_canonical:trace_rmse;P04_step_2x:spike_count;P04_step_2x:trace_rmse;P05_long_step:spike_count;P05_long_step:trace_rmse;P06_ramp:spike_count;P06_ramp:trace_rmse;P07_hyperpolarizing_step:trace_rmse;P08_rebound:trace_rmse;P09_short_pulse:spike_timing;P09_short_pulse:trace_rmse,P04_step_2x:first_isi;P04_step_2x:mean_frequency;P05_long_step:first_isi;P05_long_step:mean_frequency;P06_ramp:mean_frequency;P09_short_pulse:ap_half_width,,,{}
neuron_model_behavioral_validation,Neuraxis,development_pilot,PILOT2_PROTOCOL,Exploratory development data; second development iteration informed by Pilot 1; not independent confirmation; never pooled with the confirmatory held-out estimate,m-shift_gate_midpoint-f6ccf19d87,migliore2014_mt_soma,other_model,primary_semantic,mutant,kinetics,shift_gate_midpoint,"{""changes"": [{""attribute"": ""midpoint"", ""locator"": ""/neuroml[@id='kamt']/ionChannel[@id='kamt']/gate[@id='m']/forwardRate[1]"", ""new"": ""-50mV"", ""old"": ""-45mV""}, {""attribute"": ""midpoint"", ""locator"": ""/neuroml[@id='kamt']/ionChannel[@id='kamt']/gate[@id='m']/reverseRate[1]"", ""new"": ""-50mV"", ""old"": ""-45mV""}, {""attribute"": ""midpoint"", ""locator"": ""/neuroml[@id='kamt']/ionChannel[@id='kamt']/gate[@id='m']/steadyState[1]"", ""new"": ""12.5mV"", ""old"": ""17.5mV""}], ""channel"": ""kamt"", ""delta_mV"": -5.0, ""gate"": ""m"", ""generator_seed"": 20260917, ""mechanism"": ""rates_and_steady_state""}",5_non_equivalent,5_non_equivalent,P00_canonical;P02_weak_step;P03_rheobase;P04_step_2x;P05_long_step;P06_ramp;P09_short_pulse,P00_canonical:ahp_depth;P00_canonical:first_spike_latency;P02_weak_step:steady_state_voltage;P03_rheobase:rheobase;P04_step_2x:ahp_depth;P04_step_2x:first_spike_latency;P04_step_2x:last_isi;P04_step_2x:spike_count;P05_long_step:adaptation_index;P05_long_step:ahp_depth;P05_long_step:first_spike_latency;P05_long_step:last_isi;P05_long_step:spike_count;P06_ramp:first_spike_latency;P06_ramp:spike_count;P09_short_pulse:first_spike_latency,gating_voltage_dependence,mild,True,True,True,True,True,P00_canonical:spike_timing;P00_canonical:trace_rmse;P02_weak_step:trace_rmse;P04_step_2x:spike_count;P04_step_2x:trace_rmse;P05_long_step:spike_count;P05_long_step:trace_rmse;P06_ramp:spike_count;P06_ramp:trace_rmse;P07_hyperpolarizing_step:trace_rmse;P08_rebound:trace_rmse;P09_short_pulse:spike_timing;P09_short_pulse:trace_rmse,P00_canonical:baseline_voltage;P02_weak_step:baseline_voltage;P02_weak_step:voltage_deflection;P04_step_2x:first_isi;P04_step_2x:mean_frequency;P05_long_step:first_isi;P05_long_step:mean_frequency;P06_ramp:mean_frequency;P07_hyperpolarizing_step:baseline_voltage,,,{}
neuron_model_behavioral_validation,Neuraxis,development_pilot,PILOT2_PROTOCOL,Exploratory development data; second development iteration informed by Pilot 1; not independent confirmation; never pooled with the confirmatory held-out estimate,m-shift_gate_midpoint-c36e1e57f0,migliore2014_mt_soma,other_model,primary_semantic,mutant,kinetics,shift_gate_midpoint,"{""changes"": [{""attribute"": ""midpoint"", ""locator"": ""/neuroml[@id='kamt']/ionChannel[@id='kamt']/gate[@id='h']/forwardRate[1]"", ""new"": ""-60mV"", ""old"": ""-70mV""}, {""attribute"": ""midpoint"", ""locator"": ""/neuroml[@id='kamt']/ionChannel[@id='kamt']/gate[@id='h']/reverseRate[1]"", ""new"": ""-60mV"", ""old"": ""-70mV""}, {""attribute"": ""midpoint"", ""locator"": ""/neuroml[@id='kamt']/ionChannel[@id='kamt']/gate[@id='h']/steadyState[1]"", ""new"": ""-31.7mV"", ""old"": ""-41.7mV""}], ""channel"": ""kamt"", ""delta_mV"": 10.0, ""gate"": ""h"", ""generator_seed"": 20260917, ""mechanism"": ""rates_and_steady_state""}",6_silent_under_canonical,6_silent_under_canonical,P05_long_step;P06_ramp,P05_long_step:last_isi;P05_long_step:spike_count;P06_ramp:first_spike_latency;P06_ramp:spike_count,gating_voltage_dependence,strong,True,False,False,True,True,P04_step_2x:spike_timing;P04_step_2x:trace_rmse;P05_long_step:spike_count;P05_long_step:trace_rmse;P06_ramp:spike_count;P06_ramp:trace_rmse,P06_ramp:mean_frequency,True,True,"{""h4_status"": ""ok"", ""battery_detections_persisting_at_h4"": [""P04_step_2x:spike_timing"", ""P04_step_2x:trace_rmse"", ""P05_long_step:last_isi"", ""P05_long_step:spike_count"", ""P05_long_step:trace_rmse"", ""P06_ramp:first_spike_latency"", ""P06_ramp:spike_count"", ""P06_ramp:trace_rmse""], ""canonical_feature_detects_at_h4"": false, ""canonical_trace_detects_at_h4"": false, ""feature_survivor_confirmed"": true, ""full_trace_survivor_confirmed"": true}"
neuron_model_behavioral_validation,Neuraxis,development_pilot,PILOT2_PROTOCOL,Exploratory development data; second development iteration informed by Pilot 1; not independent confirmation; never pooled with the confirmatory held-out estimate,m-scale_gate_slope-15951a0f18,migliore2014_mt_soma,other_model,primary_semantic,mutant,kinetics,scale_gate_slope,"{""changes"": [{""attribute"": ""scale"", ""locator"": ""/neuroml[@id='kamt']/ionChannel[@id='kamt']/gate[@id='m']/forwardRate[1]"", ""new"": ""8mV"", ""old"": ""10mV""}, {""attribute"": ""scale"", ""locator"": ""/neuroml[@id='kamt']/ionChannel[@id='kamt']/gate[@id='m']/reverseRate[1]"", ""new"": ""10.666666664mV"", ""old"": ""13.33333333mV""}, {""attribute"": ""scale"", ""locator"": ""/neuroml[@id='kamt']/ionChannel[@id='kamt']/gate[@id='m']/steadyState[1]"", ""new"": ""11.2mV"", ""old"": ""14mV""}], ""channel"": ""kamt"", ""factor"": 0.8, ""gate"": ""m"", ""generator_seed"": 20260917, ""mechanism"": ""rates_and_steady_state""}",5_non_equivalent,5_non_equivalent,P00_canonical;P02_weak_step;P03_rheobase;P04_step_2x;P05_long_step;P06_ramp;P09_short_pulse,P00_canonical:ahp_depth;P00_canonical:first_spike_latency;P02_weak_step:steady_state_voltage;P03_rheobase:rheobase;P04_step_2x:ahp_depth;P04_step_2x:first_spike_latency;P04_step_2x:last_isi;P04_step_2x:spike_count;P05_long_step:ahp_depth;P05_long_step:first_spike_latency;P05_long_step:last_isi;P05_long_step:spike_count;P06_ramp:first_spike_latency;P06_ramp:spike_count;P09_short_pulse:ahp_depth;P09_short_pulse:first_spike_latency,gating_voltage_dependence,mild,True,True,True,True,True,P00_canonical:spike_count;P00_canonical:trace_rmse;P02_weak_step:trace_rmse;P04_step_2x:spike_count;P04_step_2x:trace_rmse;P05_long_step:spike_count;P05_long_step:trace_rmse;P06_ramp:spike_count;P06_ramp:trace_rmse;P07_hyperpolarizing_step:trace_rmse;P08_rebound:trace_rmse;P09_short_pulse:spike_timing;P09_short_pulse:trace_rmse,P00_canonical:ap_half_width;P00_canonical:baseline_voltage;P02_weak_step:baseline_voltage;P02_weak_step:voltage_deflection;P04_step_2x:ap_half_width;P04_step_2x:first_isi;P04_step_2x:mean_frequency;P05_long_step:ap_half_width;P05_long_step:first_isi;P05_long_step:mean_frequency;P06_ramp:mean_frequency;P07_hyperpolarizing_step:baseline_voltage;P07_hyperpolarizing_step:voltage_deflection;P08_rebound:maximum_voltage;P09_short_pulse:ap_half_width,,,{}
neuron_model_behavioral_validation,Neuraxis,development_pilot,PILOT2_PROTOCOL,Exploratory development data; second development iteration informed by Pilot 1; not independent confirmation; never pooled with the confirmatory held-out estimate,m-duplicate_conductance-36dae66739,migliore2014_mt_soma,other_model,primary_semantic,mutant,reference,duplicate_conductance,"{""generator_seed"": 20260917, ""new_id"": ""nax_ModelViewParmSubset_1_dup"", ""source_id"": ""nax_ModelViewParmSubset_1""}",5_non_equivalent,5_non_equivalent,P00_canonical;P03_rheobase;P04_step_2x;P05_long_step;P06_ramp;P09_short_pulse,P00_canonical:ahp_depth;P00_canonical:ap_amplitude;P00_canonical:first_spike_latency;P03_rheobase:rheobase;P04_step_2x:ahp_depth;P04_step_2x:ap_amplitude;P04_step_2x:first_spike_latency;P04_step_2x:last_isi;P05_long_step:ahp_depth;P05_long_step:ap_amplitude;P05_long_step:first_spike_latency;P05_long_step:last_isi;P05_long_step:spike_count;P06_ramp:first_spike_latency;P06_ramp:spike_count;P09_short_pulse:ap_amplitude;P09_short_pulse:first_spike_latency,mechanism_composition,not_applicable,True,True,True,True,True,P00_canonical:spike_timing;P00_canonical:trace_rmse;P04_step_2x:spike_timing;P04_step_2x:trace_rmse;P05_long_step:spike_count;P05_long_step:trace_rmse;P06_ramp:spike_count;P06_ramp:trace_rmse;P09_short_pulse:spike_timing;P09_short_pulse:trace_rmse,P00_canonical:ap_half_width;P04_step_2x:ap_half_width;P04_step_2x:first_isi;P04_step_2x:mean_frequency;P05_long_step:ap_half_width;P05_long_step:first_isi;P05_long_step:mean_frequency;P06_ramp:mean_frequency;P09_short_pulse:ap_half_width,,,{}
neuron_model_behavioral_validation,Neuraxis,development_pilot,PILOT2_PROTOCOL,Exploratory development data; second development iteration informed by Pilot 1; not independent confirmation; never pooled with the confirmatory held-out estimate,m-wrong_compatible_component-d99b9d3dab,migliore2014_mt_soma,other_model,primary_semantic,mutant,reference,wrong_compatible_component,"{""changes"": [{""attribute"": ""ionChannel"", ""locator"": ""/neuroml[@id='MT_soma']/cell[@id='MT_soma']/biophysicalProperties[@id='biophys']/membraneProperties[1]/channelDensity[@id='nax_ModelViewParmSubset_1']"", ""new"": ""nax"", ""old"": ""nax__sh10""}], ""element_id"": ""nax_ModelViewParmSubset_1"", ""generator_seed"": 20260917, ""new_species"": ""na"", ""old_species"": ""na""}",5_non_equivalent,5_non_equivalent,P00_canonical;P02_weak_step;P03_rheobase;P04_step_2x;P05_long_step;P06_ramp;P09_short_pulse,P00_canonical:ap_amplitude;P00_canonical:first_spike_latency;P02_weak_step:steady_state_voltage;P03_rheobase:rheobase;P04_step_2x:ap_amplitude;P04_step_2x:first_spike_latency;P04_step_2x:last_isi;P04_step_2x:spike_count;P05_long_step:ap_amplitude;P05_long_step:first_spike_latency;P05_long_step:last_isi;P05_long_step:spike_count;P06_ramp:first_spike_latency;P06_ramp:spike_count;P09_short_pulse:ap_amplitude;P09_short_pulse:first_spike_latency,mechanism_composition,not_applicable,True,True,True,True,True,P00_canonical:spike_timing;P00_canonical:trace_rmse;P02_weak_step:trace_rmse;P04_step_2x:spike_count;P04_step_2x:trace_rmse;P05_long_step:spike_count;P05_long_step:trace_rmse;P06_ramp:spike_count;P06_ramp:trace_rmse;P09_short_pulse:spike_timing;P09_short_pulse:trace_rmse,P02_weak_step:voltage_deflection;P04_step_2x:first_isi;P04_step_2x:mean_frequency;P05_long_step:first_isi;P05_long_step:mean_frequency;P06_ramp:mean_frequency,,,{}
neuron_model_behavioral_validation,Neuraxis,development_pilot,PILOT2_PROTOCOL,Exploratory development data; second development iteration informed by Pilot 1; not independent confirmation; never pooled with the confirmatory held-out estimate,m-scale_conductance-ae18f4c43e,nml2_hh_example,other_model,primary_semantic,mutant,biophysical,scale_conductance,"{""changes"": [{""attribute"": ""condDensity"", ""locator"": ""/neuroml[@id='NML2_SingleCompHHCell']/cell[@id='hhcell']/biophysicalProperties[@id='bioPhys1']/membraneProperties[1]/channelDensity[@id='naChans']"", ""new"": ""150.0 mS_per_cm2"", ""old"": ""120.0 mS_per_cm2""}], ""element"": ""channelDensity"", ""element_id"": ""naChans"", ""factor"": 1.25, ""generator_seed"": 20260917}",5_non_equivalent,5_non_equivalent,P00_canonical;P03_rheobase;P04_step_2x;P05_long_step;P08_rebound,P00_canonical:ap_amplitude;P00_canonical:last_isi;P03_rheobase:rheobase;P04_step_2x:adaptation_index;P04_step_2x:ap_amplitude;P04_step_2x:last_isi;P04_step_2x:spike_count;P05_long_step:adaptation_index;P05_long_step:ap_amplitude;P05_long_step:first_spike_latency;P05_long_step:last_isi;P05_long_step:spike_count;P08_rebound:first_spike_latency,maximal_conductance,mild,True,True,True,True,True,P00_canonical:spike_timing;P00_canonical:trace_rmse;P04_step_2x:spike_count;P04_step_2x:trace_rmse;P05_long_step:spike_count;P05_long_step:trace_rmse;P07_hyperpolarizing_step:spike_count;P07_hyperpolarizing_step:trace_rmse;P08_rebound:spike_timing;P08_rebound:trace_rmse;P09_short_pulse:trace_rmse,P00_canonical:ap_half_width;P00_canonical:first_isi;P00_canonical:mean_frequency;P04_step_2x:ap_half_width;P04_step_2x:burst_count;P04_step_2x:firing_regime;P04_step_2x:first_isi;P04_step_2x:mean_frequency;P05_long_step:ap_half_width;P05_long_step:burst_count;P05_long_step:firing_regime;P05_long_step:first_isi;P05_long_step:mean_frequency;P07_hyperpolarizing_step:sag_ratio;P08_rebound:maximum_voltage;P09_short_pulse:ap_half_width,,,{}
neuron_model_behavioral_validation,Neuraxis,development_pilot,PILOT2_PROTOCOL,Exploratory development data; second development iteration informed by Pilot 1; not independent confirmation; never pooled with the confirmatory held-out estimate,m-scale_conductance-f937b97f50,nml2_hh_example,other_model,primary_semantic,mutant,biophysical,scale_conductance,"{""changes"": [{""attribute"": ""condDensity"", ""locator"": ""/neuroml[@id='NML2_SingleCompHHCell']/cell[@id='hhcell']/biophysicalProperties[@id='bioPhys1']/membraneProperties[1]/channelDensity[@id='kChans']"", ""new"": ""324 S_per_m2"", ""old"": ""360 S_per_m2""}], ""element"": ""channelDensity"", ""element_id"": ""kChans"", ""factor"": 0.9, ""generator_seed"": 20260917}",5_non_equivalent,5_non_equivalent,P00_canonical;P03_rheobase;P04_step_2x,P00_canonical:last_isi;P03_rheobase:rheobase;P04_step_2x:adaptation_index;P04_step_2x:last_isi;P04_step_2x:spike_count,maximal_conductance,mild,True,True,True,True,True,P00_canonical:spike_timing;P00_canonical:trace_rmse;P04_step_2x:spike_count;P04_step_2x:trace_rmse;P05_long_step:trace_rmse;P08_rebound:trace_rmse,P00_canonical:first_isi;P00_canonical:mean_frequency;P04_step_2x:burst_count;P04_step_2x:firing_regime;P04_step_2x:first_isi;P04_step_2x:mean_frequency,,,{}
neuron_model_behavioral_validation,Neuraxis,development_pilot,PILOT2_PROTOCOL,Exploratory development data; second development iteration informed by Pilot 1; not independent confirmation; never pooled with the confirmatory held-out estimate,m-scale_conductance-1b265d3832,nml2_hh_example,other_model,primary_semantic,mutant,biophysical,scale_conductance,"{""changes"": [{""attribute"": ""condDensity"", ""locator"": ""/neuroml[@id='NML2_SingleCompHHCell']/cell[@id='hhcell']/biophysicalProperties[@id='bioPhys1']/membraneProperties[1]/channelDensity[@id='leak']"", ""new"": ""1.5 S_per_m2"", ""old"": ""3.0 S_per_m2""}], ""element"": ""channelDensity"", ""element_id"": ""leak"", ""factor"": 0.5, ""generator_seed"": 20260917}",5_non_equivalent,5_non_equivalent,P00_canonical;P02_weak_step;P03_rheobase;P04_step_2x;P05_long_step;P07_hyperpolarizing_step;P08_rebound;P09_short_pulse,P00_canonical:ahp_depth;P00_canonical:ap_amplitude;P00_canonical:last_isi;P02_weak_step:steady_state_voltage;P03_rheobase:rheobase;P04_step_2x:ahp_depth;P04_step_2x:ap_amplitude;P04_step_2x:last_isi;P04_step_2x:spike_count;P05_long_step:ahp_depth;P05_long_step:ap_amplitude;P07_hyperpolarizing_step:steady_state_voltage;P08_rebound:first_spike_latency;P09_short_pulse:ahp_depth;P09_short_pulse:ap_amplitude,maximal_conductance,strong,True,True,True,True,True,P00_canonical:spike_timing;P00_canonical:trace_rmse;P02_weak_step:trace_rmse;P04_step_2x:spike_count;P04_step_2x:trace_rmse;P05_long_step:trace_rmse;P06_ramp:trace_rmse;P07_hyperpolarizing_step:trace_rmse;P08_rebound:spike_timing;P08_rebound:trace_rmse;P09_short_pulse:trace_rmse,P00_canonical:baseline_voltage;P02_weak_step:baseline_voltage;P04_step_2x:firing_regime;P04_step_2x:first_isi;P04_step_2x:mean_frequency;P07_hyperpolarizing_step:baseline_voltage;P07_hyperpolarizing_step:minimum_voltage;P07_hyperpolarizing_step:sag_ratio;P07_hyperpolarizing_step:voltage_deflection;P08_rebound:maximum_voltage,,,{}
neuron_model_behavioral_validation,Neuraxis,development_pilot,PILOT2_PROTOCOL,Exploratory development data; second development iteration informed by Pilot 1; not independent confirmation; never pooled with the confirmatory held-out estimate,m-scale_conductance-ecad0d4d76,nml2_hh_example,other_model,primary_semantic,mutant,biophysical,scale_conductance,"{""changes"": [{""attribute"": ""condDensity"", ""locator"": ""/neuroml[@id='NML2_SingleCompHHCell']/cell[@id='hhcell']/biophysicalProperties[@id='bioPhys1']/membraneProperties[1]/channelDensity[@id='kChans']"", ""new"": ""720 S_per_m2"", ""old"": ""360 S_per_m2""}], ""element"": ""channelDensity"", ""element_id"": ""kChans"", ""factor"": 2.0, ""generator_seed"": 20260917}",5_non_equivalent,5_non_equivalent,P00_canonical;P02_weak_step;P03_rheobase;P04_step_2x;P05_long_step;P07_hyperpolarizing_step;P08_rebound;P09_short_pulse,P00_canonical:adaptation_index;P00_canonical:ahp_depth;P00_canonical:ap_amplitude;P00_canonical:first_spike_latency;P00_canonical:last_isi;P00_canonical:spike_count;P02_weak_step:steady_state_voltage;P03_rheobase:rheobase;P04_step_2x:ahp_depth;P04_step_2x:ap_amplitude;P04_step_2x:first_spike_latency;P04_step_2x:spike_count;P05_long_step:ahp_depth;P05_long_step:ap_amplitude;P05_long_step:first_spike_latency;P05_long_step:spike_count;P07_hyperpolarizing_step:steady_state_voltage;P08_rebound:first_spike_latency;P08_rebound:spike_count;P09_short_pulse:ahp_depth,maximal_conductance,strong,True,True,True,True,True,P00_canonical:spike_count;P02_weak_step:trace_rmse;P04_step_2x:spike_count;P04_step_2x:trace_rmse;P05_long_step:spike_count;P05_long_step:trace_rmse;P06_ramp:trace_rmse;P07_hyperpolarizing_step:trace_rmse;P08_rebound:spike_count;P08_rebound:trace_rmse;P09_short_pulse:trace_rmse,P00_canonical:ap_half_width;P00_canonical:baseline_voltage;P00_canonical:firing_regime;P00_canonical:first_isi;P00_canonical:mean_frequency;P02_weak_step:baseline_voltage;P04_step_2x:ap_half_width;P04_step_2x:firing_regime;P05_long_step:ap_half_width;P05_long_step:firing_regime;P07_hyperpolarizing_step:baseline_voltage;P07_hyperpolarizing_step:minimum_voltage;P07_hyperpolarizing_step:voltage_deflection;P08_rebound:firing_regime;P08_rebound:maximum_voltage;P09_short_pulse:ap_half_width,,,{}
neuron_model_behavioral_validation,Neuraxis,development_pilot,PILOT2_PROTOCOL,Exploratory development data; second development iteration informed by Pilot 1; not independent confirmation; never pooled with the confirmatory held-out estimate,m-shift_reversal-a84a36ad81,nml2_hh_example,other_model,primary_semantic,mutant,biophysical,shift_reversal,"{""changes"": [{""attribute"": ""erev"", ""locator"": ""/neuroml[@id='NML2_SingleCompHHCell']/cell[@id='hhcell']/biophysicalProperties[@id='bioPhys1']/membraneProperties[1]/channelDensity[@id='naChans']"", ""new"": ""45.0 mV"", ""old"": ""50.0 mV""}], ""element"": ""channelDensity"", ""element_id"": ""naChans"", ""generator_seed"": 20260917, ""shift_mV"": -5.0}",5_non_equivalent,5_non_equivalent,P00_canonical;P03_rheobase;P04_step_2x;P05_long_step;P09_short_pulse,P00_canonical:ap_amplitude;P00_canonical:last_isi;P00_canonical:spike_count;P03_rheobase:rheobase;P04_step_2x:ap_amplitude;P05_long_step:ap_amplitude;P09_short_pulse:ap_amplitude,reversal_potential,mild,True,True,True,True,True,P00_canonical:spike_count;P00_canonical:trace_rmse;P04_step_2x:trace_rmse;P05_long_step:trace_rmse;P08_rebound:trace_rmse,P00_canonical:first_isi;P08_rebound:maximum_voltage,,,{}
neuron_model_behavioral_validation,Neuraxis,development_pilot,PILOT2_PROTOCOL,Exploratory development data; second development iteration informed by Pilot 1; not independent confirmation; never pooled with the confirmatory held-out estimate,m-shift_reversal-b9112ba83d,nml2_hh_example,other_model,primary_semantic,mutant,biophysical,shift_reversal,"{""changes"": [{""attribute"": ""erev"", ""locator"": ""/neuroml[@id='NML2_SingleCompHHCell']/cell[@id='hhcell']/biophysicalProperties[@id='bioPhys1']/membraneProperties[1]/channelDensity[@id='kChans']"", ""new"": ""-79mV"", ""old"": ""-77mV""}], ""element"": ""channelDensity"", ""element_id"": ""kChans"", ""generator_seed"": 20260917, ""shift_mV"": -2.0}",5_non_equivalent,5_non_equivalent,P00_canonical;P02_weak_step;P03_rheobase;P04_step_2x;P05_long_step;P07_hyperpolarizing_step;P09_short_pulse,P00_canonical:ahp_depth;P00_canonical:last_isi;P00_canonical:spike_count;P02_weak_step:steady_state_voltage;P03_rheobase:rheobase;P04_step_2x:ahp_depth;P05_long_step:ahp_depth;P07_hyperpolarizing_step:steady_state_voltage;P09_short_pulse:ahp_depth,reversal_potential,mild,True,True,True,True,True,P00_canonical:spike_count;P02_weak_step:trace_rmse;P04_step_2x:trace_rmse;P05_long_step:trace_rmse;P06_ramp:trace_rmse;P07_hyperpolarizing_step:trace_rmse;P08_rebound:trace_rmse;P09_short_pulse:trace_rmse,P00_canonical:baseline_voltage;P02_weak_step:baseline_voltage;P07_hyperpolarizing_step:baseline_voltage;P07_hyperpolarizing_step:minimum_voltage,,,{}
neuron_model_behavioral_validation,Neuraxis,development_pilot,PILOT2_PROTOCOL,Exploratory development data; second development iteration informed by Pilot 1; not independent confirmation; never pooled with the confirmatory held-out estimate,m-shift_reversal-36bce9b069,nml2_hh_example,other_model,primary_semantic,mutant,biophysical,shift_reversal,"{""changes"": [{""attribute"": ""erev"", ""locator"": ""/neuroml[@id='NML2_SingleCompHHCell']/cell[@id='hhcell']/biophysicalProperties[@id='bioPhys1']/membraneProperties[1]/channelDensity[@id='leak']"", ""new"": ""-64.3mV"", ""old"": ""-54.3mV""}], ""element"": ""channelDensity"", ""element_id"": ""leak"", ""generator_seed"": 20260917, ""shift_mV"": -10.0}",5_non_equivalent,5_non_equivalent,P00_canonical;P02_weak_step;P03_rheobase;P04_step_2x;P05_long_step;P07_hyperpolarizing_step;P08_rebound;P09_short_pulse,P00_canonical:adaptation_index;P00_canonical:ahp_depth;P00_canonical:ap_amplitude;P00_canonical:last_isi;P00_canonical:spike_count;P02_weak_step:steady_state_voltage;P03_rheobase:rheobase;P04_step_2x:ahp_depth;P04_step_2x:ap_amplitude;P04_step_2x:first_spike_latency;P05_long_step:ahp_depth;P05_long_step:ap_amplitude;P05_long_step:first_spike_latency;P07_hyperpolarizing_step:steady_state_voltage;P08_rebound:first_spike_latency;P08_rebound:spike_count;P09_short_pulse:ahp_depth;P09_short_pulse:ap_amplitude,reversal_potential,strong,True,True,True,True,True,P00_canonical:spike_count;P02_weak_step:trace_rmse;P04_step_2x:spike_timing;P04_step_2x:trace_rmse;P05_long_step:spike_timing;P05_long_step:trace_rmse;P06_ramp:trace_rmse;P07_hyperpolarizing_step:trace_rmse;P08_rebound:spike_count;P08_rebound:trace_rmse;P09_short_pulse:trace_rmse,P00_canonical:ap_half_width;P00_canonical:baseline_voltage;P00_canonical:firing_regime;P00_canonical:first_isi;P00_canonical:mean_frequency;P02_weak_step:baseline_voltage;P02_weak_step:voltage_deflection;P04_step_2x:ap_half_width;P07_hyperpolarizing_step:baseline_voltage;P07_hyperpolarizing_step:minimum_voltage;P07_hyperpolarizing_step:sag_ratio;P07_hyperpolarizing_step:voltage_deflection;P08_rebound:firing_regime;P08_rebound:maximum_voltage;P09_short_pulse:ap_half_width,,,{}
neuron_model_behavioral_validation,Neuraxis,development_pilot,PILOT2_PROTOCOL,Exploratory development data; second development iteration informed by Pilot 1; not independent confirmation; never pooled with the confirmatory held-out estimate,m-shift_reversal-754db6a01c,nml2_hh_example,other_model,primary_semantic,mutant,biophysical,shift_reversal,"{""changes"": [{""attribute"": ""erev"", ""locator"": ""/neuroml[@id='NML2_SingleCompHHCell']/cell[@id='hhcell']/biophysicalProperties[@id='bioPhys1']/membraneProperties[1]/channelDensity[@id='kChans']"", ""new"": ""-87mV"", ""old"": ""-77mV""}], ""element"": ""channelDensity"", ""element_id"": ""kChans"", ""generator_seed"": 20260917, ""shift_mV"": -10.0}",5_non_equivalent,5_non_equivalent,P00_canonical;P02_weak_step;P03_rheobase;P04_step_2x;P05_long_step;P07_hyperpolarizing_step;P08_rebound;P09_short_pulse,P00_canonical:adaptation_index;P00_canonical:ahp_depth;P00_canonical:ap_amplitude;P00_canonical:last_isi;P00_canonical:spike_count;P02_weak_step:steady_state_voltage;P03_rheobase:rheobase;P04_step_2x:ahp_depth;P04_step_2x:first_spike_latency;P05_long_step:ahp_depth;P05_long_step:ap_amplitude;P05_long_step:first_spike_latency;P05_long_step:spike_count;P07_hyperpolarizing_step:steady_state_voltage;P08_rebound:first_spike_latency;P09_short_pulse:ahp_depth;P09_short_pulse:ap_amplitude,reversal_potential,strong,True,True,True,True,True,P00_canonical:spike_count;P02_weak_step:trace_rmse;P04_step_2x:spike_timing;P04_step_2x:trace_rmse;P05_long_step:spike_count;P05_long_step:trace_rmse;P06_ramp:trace_rmse;P07_hyperpolarizing_step:trace_rmse;P08_rebound:spike_timing;P08_rebound:trace_rmse;P09_short_pulse:trace_rmse,P00_canonical:baseline_voltage;P00_canonical:firing_regime;P00_canonical:first_isi;P00_canonical:mean_frequency;P02_weak_step:baseline_voltage;P05_long_step:ap_half_width;P05_long_step:firing_regime;P07_hyperpolarizing_step:baseline_voltage;P07_hyperpolarizing_step:minimum_voltage;P07_hyperpolarizing_step:sag_ratio;P08_rebound:maximum_voltage,,,{}
neuron_model_behavioral_validation,Neuraxis,development_pilot,PILOT2_PROTOCOL,Exploratory development data; second development iteration informed by Pilot 1; not independent confirmation; never pooled with the confirmatory held-out estimate,m-scale_capacitance-0eba58b1c3,nml2_hh_example,other_model,primary_semantic,mutant,biophysical,scale_capacitance,"{""changes"": [{""attribute"": ""value"", ""locator"": ""/neuroml[@id='NML2_SingleCompHHCell']/cell[@id='hhcell']/biophysicalProperties[@id='bioPhys1']/membraneProperties[1]/specificCapacitance[1]"", ""new"": ""0.8 uF_per_cm2"", ""old"": ""1.0 uF_per_cm2""}], ""element"": ""specificCapacitance"", ""element_id"": null, ""factor"": 0.8, ""generator_seed"": 20260917}",5_non_equivalent,5_non_equivalent,P00_canonical;P03_rheobase;P04_step_2x;P05_long_step;P08_rebound,P00_canonical:ap_amplitude;P03_rheobase:rheobase;P04_step_2x:first_spike_latency;P05_long_step:ap_amplitude;P05_long_step:first_spike_latency;P08_rebound:first_spike_latency,passive_membrane,mild,True,True,True,True,True,P00_canonical:spike_timing;P00_canonical:trace_rmse;P04_step_2x:spike_timing;P04_step_2x:trace_rmse;P05_long_step:spike_timing;P05_long_step:trace_rmse;P08_rebound:spike_timing;P08_rebound:trace_rmse;P09_short_pulse:trace_rmse,P07_hyperpolarizing_step:sag_ratio;P08_rebound:maximum_voltage,,,{}
neuron_model_behavioral_validation,Neuraxis,development_pilot,PILOT2_PROTOCOL,Exploratory development data; second development iteration informed by Pilot 1; not independent confirmation; never pooled with the confirmatory held-out estimate,m-scale_capacitance-e015416fbf,nml2_hh_example,other_model,primary_semantic,mutant,biophysical,scale_capacitance,"{""changes"": [{""attribute"": ""value"", ""locator"": ""/neuroml[@id='NML2_SingleCompHHCell']/cell[@id='hhcell']/biophysicalProperties[@id='bioPhys1']/membraneProperties[1]/specificCapacitance[1]"", ""new"": ""0.5 uF_per_cm2"", ""old"": ""1.0 uF_per_cm2""}], ""element"": ""specificCapacitance"", ""element_id"": null, ""factor"": 0.5, ""generator_seed"": 20260917}",5_non_equivalent,5_non_equivalent,P00_canonical;P03_rheobase;P04_step_2x;P05_long_step;P08_rebound,P00_canonical:ap_amplitude;P00_canonical:first_spike_latency;P00_canonical:last_isi;P03_rheobase:rheobase;P04_step_2x:ap_amplitude;P04_step_2x:first_spike_latency;P05_long_step:ap_amplitude;P05_long_step:first_spike_latency;P08_rebound:first_spike_latency,passive_membrane,strong,True,True,True,True,True,P00_canonical:spike_timing;P00_canonical:trace_rmse;P04_step_2x:spike_timing;P04_step_2x:trace_rmse;P05_long_step:spike_timing;P05_long_step:trace_rmse;P07_hyperpolarizing_step:spike_count;P07_hyperpolarizing_step:trace_rmse;P08_rebound:spike_timing;P08_rebound:trace_rmse;P09_short_pulse:trace_rmse,P00_canonical:ap_half_width;P00_canonical:first_isi;P00_canonical:mean_frequency;P07_hyperpolarizing_step:sag_ratio;P08_rebound:maximum_voltage,,,{}
neuron_model_behavioral_validation,Neuraxis,development_pilot,PILOT2_PROTOCOL,Exploratory development data; second development iteration informed by Pilot 1; not independent confirmation; never pooled with the confirmatory held-out estimate,m-scale_gate_time_constant-06060ba499,nml2_hh_example,other_model,primary_semantic,mutant,biophysical,scale_gate_time_constant,"{""changes"": [{""attribute"": ""rate"", ""locator"": ""/neuroml[@id='NML2_SingleCompHHCell']/ionChannelHH[@id='naChan']/gateHHrates[@id='m']/forwardRate[1]"", ""new"": ""0.8per_ms"", ""old"": ""1per_ms""}, {""attribute"": ""rate"", ""locator"": ""/neuroml[@id='NML2_SingleCompHHCell']/ionChannelHH[@id='naChan']/gateHHrates[@id='m']/reverseRate[1]"", ""new"": ""3.2per_ms"", ""old"": ""4per_ms""}], ""channel"": ""naChan"", ""factor"": 0.8, ""gate"": ""m"", ""generator_seed"": 20260917, ""mechanism"": ""rate_parameters""}",5_non_equivalent,5_non_equivalent,P00_canonical;P03_rheobase;P04_step_2x;P05_long_step;P09_short_pulse,P00_canonical:ap_amplitude;P00_canonical:last_isi;P00_canonical:spike_count;P03_rheobase:rheobase;P04_step_2x:ap_amplitude;P05_long_step:ap_amplitude;P09_short_pulse:ap_amplitude,gating_time_constant,mild,True,True,True,True,True,P00_canonical:spike_count;P00_canonical:trace_rmse;P04_step_2x:trace_rmse;P05_long_step:trace_rmse;P08_rebound:trace_rmse;P09_short_pulse:trace_rmse,P00_canonical:first_isi;P08_rebound:maximum_voltage,,,{}
neuron_model_behavioral_validation,Neuraxis,development_pilot,PILOT2_PROTOCOL,Exploratory development data; second development iteration informed by Pilot 1; not independent confirmation; never pooled with the confirmatory held-out estimate,m-scale_gate_time_constant-445843d9fa,nml2_hh_example,other_model,primary_semantic,mutant,biophysical,scale_gate_time_constant,"{""changes"": [{""attribute"": ""rate"", ""locator"": ""/neuroml[@id='NML2_SingleCompHHCell']/ionChannelHH[@id='kChan']/gateHHrates[@id='n']/forwardRate[1]"", ""new"": ""0.2per_ms"", ""old"": ""0.1per_ms""}, {""attribute"": ""rate"", ""locator"": ""/neuroml[@id='NML2_SingleCompHHCell']/ionChannelHH[@id='kChan']/gateHHrates[@id='n']/reverseRate[1]"", ""new"": ""0.25per_ms"", ""old"": ""0.125per_ms""}], ""channel"": ""kChan"", ""factor"": 2.0, ""gate"": ""n"", ""generator_seed"": 20260917, ""mechanism"": ""rate_parameters""}",5_non_equivalent,5_non_equivalent,P00_canonical;P03_rheobase;P04_step_2x;P05_long_step;P08_rebound;P09_short_pulse,P00_canonical:adaptation_index;P00_canonical:ap_amplitude;P00_canonical:last_isi;P00_canonical:spike_count;P03_rheobase:rheobase;P04_step_2x:ap_amplitude;P04_step_2x:first_spike_latency;P05_long_step:ahp_depth;P05_long_step:ap_amplitude;P05_long_step:first_spike_latency;P05_long_step:spike_count;P08_rebound:first_spike_latency;P08_rebound:spike_count;P09_short_pulse:ap_amplitude,gating_time_constant,strong,True,True,True,True,True,P00_canonical:spike_count;P04_step_2x:spike_timing;P04_step_2x:trace_rmse;P05_long_step:spike_count;P05_long_step:trace_rmse;P08_rebound:spike_count;P08_rebound:trace_rmse;P09_short_pulse:trace_rmse,P00_canonical:ap_half_width;P00_canonical:firing_regime;P00_canonical:first_isi;P00_canonical:mean_frequency;P04_step_2x:ap_half_width;P05_long_step:ap_half_width;P05_long_step:firing_regime;P07_hyperpolarizing_step:sag_ratio;P08_rebound:firing_regime;P08_rebound:maximum_voltage;P09_short_pulse:ap_half_width,,,{}
neuron_model_behavioral_validation,Neuraxis,development_pilot,PILOT2_PROTOCOL,Exploratory development data; second development iteration informed by Pilot 1; not independent confirmation; never pooled with the confirmatory held-out estimate,m-shift_gate_midpoint-cdbd253d57,nml2_hh_example,other_model,primary_semantic,mutant,kinetics,shift_gate_midpoint,"{""changes"": [{""attribute"": ""midpoint"", ""locator"": ""/neuroml[@id='NML2_SingleCompHHCell']/ionChannelHH[@id='naChan']/gateHHrates[@id='m']/forwardRate[1]"", ""new"": ""-35mV"", ""old"": ""-40mV""}, {""attribute"": ""midpoint"", ""locator"": ""/neuroml[@id='NML2_SingleCompHHCell']/ionChannelHH[@id='naChan']/gateHHrates[@id='m']/reverseRate[1]"", ""new"": ""-60mV"", ""old"": ""-65mV""}], ""channel"": ""naChan"", ""delta_mV"": 5.0, ""gate"": ""m"", ""generator_seed"": 20260917, ""mechanism"": ""rates""}",5_non_equivalent,5_non_equivalent,P00_canonical;P02_weak_step;P03_rheobase;P04_step_2x;P05_long_step;P07_hyperpolarizing_step;P08_rebound;P09_short_pulse,P00_canonical:adaptation_index;P00_canonical:ahp_depth;P00_canonical:ap_amplitude;P00_canonical:first_spike_latency;P00_canonical:last_isi;P00_canonical:spike_count;P02_weak_step:steady_state_voltage;P03_rheobase:rheobase;P04_step_2x:ahp_depth;P04_step_2x:ap_amplitude;P04_step_2x:first_spike_latency;P04_step_2x:spike_count;P05_long_step:ahp_depth;P05_long_step:ap_amplitude;P05_long_step:first_spike_latency;P05_long_step:spike_count;P07_hyperpolarizing_step:steady_state_voltage;P08_rebound:first_spike_latency;P08_rebound:spike_count;P09_short_pulse:ahp_depth,gating_voltage_dependence,mild,True,True,True,True,True,P00_canonical:spike_count;P02_weak_step:trace_rmse;P04_step_2x:spike_count;P04_step_2x:trace_rmse;P05_long_step:spike_count;P05_long_step:trace_rmse;P06_ramp:trace_rmse;P07_hyperpolarizing_step:trace_rmse;P08_rebound:spike_count;P08_rebound:trace_rmse;P09_short_pulse:trace_rmse,P00_canonical:ap_half_width;P00_canonical:baseline_voltage;P00_canonical:firing_regime;P00_canonical:first_isi;P00_canonical:mean_frequency;P02_weak_step:baseline_voltage;P04_step_2x:ap_half_width;P04_step_2x:firing_regime;P05_long_step:ap_half_width;P05_long_step:firing_regime;P07_hyperpolarizing_step:baseline_voltage;P07_hyperpolarizing_step:sag_ratio;P08_rebound:firing_regime;P08_rebound:maximum_voltage,,,{}
neuron_model_behavioral_validation,Neuraxis,development_pilot,PILOT2_PROTOCOL,Exploratory development data; second development iteration informed by Pilot 1; not independent confirmation; never pooled with the confirmatory held-out estimate,m-shift_gate_midpoint-6ea0967285,nml2_hh_example,other_model,primary_semantic,mutant,kinetics,shift_gate_midpoint,"{""changes"": [{""attribute"": ""midpoint"", ""locator"": ""/neuroml[@id='NML2_SingleCompHHCell']/ionChannelHH[@id='kChan']/gateHHrates[@id='n']/forwardRate[1]"", ""new"": ""-45mV"", ""old"": ""-55mV""}, {""attribute"": ""midpoint"", ""locator"": ""/neuroml[@id='NML2_SingleCompHHCell']/ionChannelHH[@id='kChan']/gateHHrates[@id='n']/reverseRate[1]"", ""new"": ""-55mV"", ""old"": ""-65mV""}], ""channel"": ""kChan"", ""delta_mV"": 10.0, ""gate"": ""n"", ""generator_seed"": 20260917, ""mechanism"": ""rates""}",5_non_equivalent,5_non_equivalent,P00_canonical;P02_weak_step;P03_rheobase;P04_step_2x;P05_long_step;P06_ramp;P07_hyperpolarizing_step;P08_rebound;P09_short_pulse,P00_canonical:ahp_depth;P00_canonical:ap_amplitude;P00_canonical:last_isi;P00_canonical:spike_count;P02_weak_step:spike_count;P02_weak_step:steady_state_voltage;P03_rheobase:rheobase;P04_step_2x:adaptation_index;P04_step_2x:ahp_depth;P04_step_2x:ap_amplitude;P04_step_2x:first_spike_latency;P04_step_2x:last_isi;P04_step_2x:spike_count;P05_long_step:adaptation_index;P05_long_step:ahp_depth;P05_long_step:ap_amplitude;P05_long_step:first_spike_latency;P05_long_step:last_isi;P05_long_step:spike_count;P06_ramp:first_spike_latency;P06_ramp:spike_count;P07_hyperpolarizing_step:spike_count;P07_hyperpolarizing_step:steady_state_voltage;P08_rebound:first_spike_latency;P08_rebound:spike_count;P09_short_pulse:ahp_depth;P09_short_pulse:ap_amplitude;P09_short_pulse:first_spike_latency;P09_short_pulse:spike_count,gating_voltage_dependence,strong,True,True,True,True,True,P00_canonical:spike_count;P00_canonical:trace_rmse;P02_weak_step:spike_count;P02_weak_step:trace_rmse;P04_step_2x:spike_count;P04_step_2x:trace_rmse;P05_long_step:spike_count;P05_long_step:trace_rmse;P06_ramp:spike_count;P06_ramp:trace_rmse;P07_hyperpolarizing_step:spike_count;P07_hyperpolarizing_step:trace_rmse;P08_rebound:spike_count;P08_rebound:trace_rmse;P09_short_pulse:spike_count;P09_short_pulse:trace_rmse,P00_canonical:baseline_voltage;P00_canonical:first_isi;P00_canonical:mean_frequency;P02_weak_step:baseline_voltage;P02_weak_step:voltage_deflection;P04_step_2x:burst_count;P04_step_2x:firing_regime;P04_step_2x:first_isi;P04_step_2x:mean_frequency;P05_long_step:burst_count;P05_long_step:firing_regime;P05_long_step:first_isi;P05_long_step:mean_frequency;P06_ramp:firing_regime;P06_ramp:mean_frequency;P07_hyperpolarizing_step:baseline_voltage;P07_hyperpolarizing_step:minimum_voltage;P07_hyperpolarizing_step:sag_ratio;P07_hyperpolarizing_step:voltage_deflection;P08_rebound:firing_regime;P08_rebound:maximum_voltage;P09_short_pulse:ap_half_width,,,{}
neuron_model_behavioral_validation,Neuraxis,development_pilot,PILOT2_PROTOCOL,Exploratory development data; second development iteration informed by Pilot 1; not independent confirmation; never pooled with the confirmatory held-out estimate,m-scale_gate_slope-6f355edc68,nml2_hh_example,other_model,primary_semantic,mutant,kinetics,scale_gate_slope,"{""changes"": [{""attribute"": ""scale"", ""locator"": ""/neuroml[@id='NML2_SingleCompHHCell']/ionChannelHH[@id='naChan']/gateHHrates[@id='m']/forwardRate[1]"", ""new"": ""12.5mV"", ""old"": ""10mV""}, {""attribute"": ""scale"", ""locator"": ""/neuroml[@id='NML2_SingleCompHHCell']/ionChannelHH[@id='naChan']/gateHHrates[@id='m']/reverseRate[1]"", ""new"": ""-22.5mV"", ""old"": ""-18mV""}], ""channel"": ""naChan"", ""factor"": 1.25, ""gate"": ""m"", ""generator_seed"": 20260917, ""mechanism"": ""rates""}",5_non_equivalent,5_non_equivalent,P00_canonical;P02_weak_step;P03_rheobase;P04_step_2x;P05_long_step;P06_ramp;P07_hyperpolarizing_step;P08_rebound;P09_short_pulse,P00_canonical:ahp_depth;P00_canonical:ap_amplitude;P00_canonical:first_spike_latency;P00_canonical:last_isi;P00_canonical:spike_count;P02_weak_step:spike_count;P02_weak_step:steady_state_voltage;P03_rheobase:rheobase;P04_step_2x:adaptation_index;P04_step_2x:ahp_depth;P04_step_2x:last_isi;P04_step_2x:spike_count;P05_long_step:adaptation_index;P05_long_step:ahp_depth;P05_long_step:last_isi;P05_long_step:spike_count;P06_ramp:first_spike_latency;P06_ramp:spike_count;P07_hyperpolarizing_step:steady_state_voltage;P08_rebound:first_spike_latency;P08_rebound:spike_count;P09_short_pulse:ahp_depth;P09_short_pulse:spike_count,gating_voltage_dependence,mild,True,True,True,True,True,P00_canonical:spike_count;P00_canonical:trace_rmse;P02_weak_step:spike_count;P02_weak_step:trace_rmse;P04_step_2x:spike_count;P04_step_2x:trace_rmse;P05_long_step:spike_count;P05_long_step:trace_rmse;P06_ramp:spike_count;P06_ramp:trace_rmse;P07_hyperpolarizing_step:spike_count;P07_hyperpolarizing_step:trace_rmse;P08_rebound:spike_count;P08_rebound:trace_rmse;P09_short_pulse:spike_count;P09_short_pulse:trace_rmse,P00_canonical:ap_half_width;P00_canonical:baseline_voltage;P00_canonical:first_isi;P00_canonical:mean_frequency;P02_weak_step:baseline_voltage;P02_weak_step:voltage_deflection;P04_step_2x:burst_count;P04_step_2x:firing_regime;P04_step_2x:first_isi;P04_step_2x:mean_frequency;P05_long_step:burst_count;P05_long_step:firing_regime;P05_long_step:first_isi;P05_long_step:mean_frequency;P06_ramp:firing_regime;P06_ramp:mean_frequency;P07_hyperpolarizing_step:baseline_voltage;P07_hyperpolarizing_step:minimum_voltage;P07_hyperpolarizing_step:sag_ratio;P07_hyperpolarizing_step:voltage_deflection;P08_rebound:firing_regime;P08_rebound:maximum_voltage,,,{}
neuron_model_behavioral_validation,Neuraxis,development_pilot,PILOT2_PROTOCOL,Exploratory development data; second development iteration informed by Pilot 1; not independent confirmation; never pooled with the confirmatory held-out estimate,m-shift_forward_rate_midpoint-c7610b4176,nml2_hh_example,other_model,primary_semantic,mutant,kinetics,shift_forward_rate_midpoint,"{""changes"": [{""attribute"": ""midpoint"", ""locator"": ""/neuroml[@id='NML2_SingleCompHHCell']/ionChannelHH[@id='naChan']/gateHHrates[@id='h']/forwardRate[1]"", ""new"": ""-70mV"", ""old"": ""-65mV""}], ""channel"": ""naChan"", ""delta_mV"": -5.0, ""gate"": ""h"", ""generator_seed"": 20260917, ""mechanism"": ""forward_rate""}",5_non_equivalent,5_non_equivalent,P00_canonical;P03_rheobase;P04_step_2x;P05_long_step,P00_canonical:adaptation_index;P00_canonical:ap_amplitude;P00_canonical:last_isi;P00_canonical:spike_count;P03_rheobase:rheobase;P04_step_2x:ap_amplitude;P05_long_step:ap_amplitude;P05_long_step:first_spike_latency,gating_voltage_dependence,mild,True,True,True,True,True,P00_canonical:spike_count;P04_step_2x:trace_rmse;P05_long_step:spike_timing;P05_long_step:trace_rmse;P08_rebound:trace_rmse,P00_canonical:firing_regime;P00_canonical:first_isi;P00_canonical:mean_frequency,,,{}
neuron_model_behavioral_validation,Neuraxis,development_pilot,PILOT2_PROTOCOL,Exploratory development data; second development iteration informed by Pilot 1; not independent confirmation; never pooled with the confirmatory held-out estimate,m-duplicate_conductance-ce59b87707,nml2_hh_example,other_model,primary_semantic,mutant,reference,duplicate_conductance,"{""generator_seed"": 20260917, ""new_id"": ""naChans_dup"", ""source_id"": ""naChans""}",5_non_equivalent,5_non_equivalent,P00_canonical;P02_weak_step;P03_rheobase;P04_step_2x;P05_long_step;P06_ramp;P07_hyperpolarizing_step;P08_rebound;P09_short_pulse,P00_canonical:ahp_depth;P00_canonical:ap_amplitude;P00_canonical:first_spike_latency;P00_canonical:last_isi;P00_canonical:spike_count;P02_weak_step:spike_count;P02_weak_step:steady_state_voltage;P03_rheobase:rheobase;P04_step_2x:adaptation_index;P04_step_2x:ahp_depth;P04_step_2x:ap_amplitude;P04_step_2x:first_spike_latency;P04_step_2x:last_isi;P04_step_2x:spike_count;P05_long_step:adaptation_index;P05_long_step:ahp_depth;P05_long_step:ap_amplitude;P05_long_step:first_spike_latency;P05_long_step:last_isi;P05_long_step:spike_count;P06_ramp:first_spike_latency;P06_ramp:spike_count;P07_hyperpolarizing_step:steady_state_voltage;P08_rebound:first_spike_latency;P08_rebound:spike_count;P09_short_pulse:ahp_depth;P09_short_pulse:ap_amplitude;P09_short_pulse:first_spike_latency;P09_short_pulse:spike_count,mechanism_composition,not_applicable,True,True,True,True,True,P00_canonical:spike_count;P00_canonical:trace_rmse;P02_weak_step:spike_count;P02_weak_step:trace_rmse;P04_step_2x:spike_count;P04_step_2x:trace_rmse;P05_long_step:spike_count;P05_long_step:trace_rmse;P06_ramp:spike_count;P06_ramp:trace_rmse;P07_hyperpolarizing_step:spike_count;P07_hyperpolarizing_step:trace_rmse;P08_rebound:spike_count;P08_rebound:trace_rmse;P09_short_pulse:spike_count;P09_short_pulse:trace_rmse,P00_canonical:ap_half_width;P00_canonical:baseline_voltage;P00_canonical:first_isi;P00_canonical:mean_frequency;P02_weak_step:baseline_voltage;P02_weak_step:voltage_deflection;P04_step_2x:ap_half_width;P04_step_2x:burst_count;P04_step_2x:firing_regime;P04_step_2x:first_isi;P04_step_2x:mean_frequency;P05_long_step:ap_half_width;P05_long_step:burst_count;P05_long_step:firing_regime;P05_long_step:first_isi;P05_long_step:mean_frequency;P06_ramp:firing_regime;P06_ramp:mean_frequency;P07_hyperpolarizing_step:baseline_voltage;P07_hyperpolarizing_step:minimum_voltage;P07_hyperpolarizing_step:sag_ratio;P07_hyperpolarizing_step:voltage_deflection;P08_rebound:firing_regime;P08_rebound:maximum_voltage;P09_short_pulse:ap_half_width,,,{}
neuron_model_behavioral_validation,Neuraxis,development_pilot,PILOT2_PROTOCOL,Exploratory development data; second development iteration informed by Pilot 1; not independent confirmation; never pooled with the confirmatory held-out estimate,m-scale_conductance-d67ea70a4a,osb_hh2_477127614,other_model,primary_semantic,mutant,biophysical,scale_conductance,"{""changes"": [{""attribute"": ""condDensity"", ""locator"": ""/neuroml[@id='HH2_477127614']/cell[@id='HH2_477127614']/biophysicalProperties[@id='biophys']/membraneProperties[1]/channelDensity[@id='IL_all']"", ""new"": ""0.3364827015392 mS_per_cm2"", ""old"": ""0.420603376924 mS_per_cm2""}], ""element"": ""channelDensity"", ""element_id"": ""IL_all"", ""factor"": 0.8, ""generator_seed"": 20260917}",6_silent_under_canonical,6_silent_under_canonical,P05_long_step,P05_long_step:spike_count,maximal_conductance,mild,True,False,False,True,True,P04_step_2x:spike_count;P06_ramp:spike_count,,True,True,"{""h4_status"": ""ok"", ""battery_detections_persisting_at_h4"": [""P04_step_2x:spike_count"", ""P05_long_step:spike_count"", ""P06_ramp:spike_count""], ""canonical_feature_detects_at_h4"": false, ""canonical_trace_detects_at_h4"": false, ""feature_survivor_confirmed"": true, ""full_trace_survivor_confirmed"": true}"
neuron_model_behavioral_validation,Neuraxis,development_pilot,PILOT2_PROTOCOL,Exploratory development data; second development iteration informed by Pilot 1; not independent confirmation; never pooled with the confirmatory held-out estimate,m-scale_conductance-61ece641cf,osb_hh2_477127614,other_model,primary_semantic,mutant,biophysical,scale_conductance,"{""changes"": [{""attribute"": ""condDensity"", ""locator"": ""/neuroml[@id='HH2_477127614']/cell[@id='HH2_477127614']/biophysicalProperties[@id='biophys']/membraneProperties[1]/channelDensityVShift[@id='Na_all']"", ""new"": ""47.7398593036 mS_per_cm2"", ""old"": ""59.6748241295 mS_per_cm2""}], ""element"": ""channelDensityVShift"", ""element_id"": ""Na_all"", ""factor"": 0.8, ""generator_seed"": 20260917}",5_non_equivalent,5_non_equivalent,P00_canonical;P03_rheobase;P04_step_2x;P05_long_step;P06_ramp,P00_canonical:ap_amplitude;P00_canonical:first_spike_latency;P03_rheobase:rheobase;P04_step_2x:ap_amplitude;P04_step_2x:first_spike_latency;P05_long_step:ap_amplitude;P05_long_step:first_spike_latency;P05_long_step:spike_count;P06_ramp:first_spike_latency,maximal_conductance,mild,True,True,False,True,True,,,,,{}
neuron_model_behavioral_validation,Neuraxis,development_pilot,PILOT2_PROTOCOL,Exploratory development data; second development iteration informed by Pilot 1; not independent confirmation; never pooled with the confirmatory held-out estimate,m-scale_conductance-979dd75955,osb_hh2_477127614,other_model,primary_semantic,mutant,biophysical,scale_conductance,"{""changes"": [{""attribute"": ""condDensity"", ""locator"": ""/neuroml[@id='HH2_477127614']/cell[@id='HH2_477127614']/biophysicalProperties[@id='biophys']/membraneProperties[1]/channelDensity[@id='LeakConductance_all']"", ""new"": ""0.0521193150515 mS_per_cm2"", ""old"": ""0.104238630103 mS_per_cm2""}], ""element"": ""channelDensity"", ""element_id"": ""LeakConductance_all"", ""factor"": 0.5, ""generator_seed"": 20260917}",5_non_equivalent,5_non_equivalent,P00_canonical;P02_weak_step;P03_rheobase;P04_step_2x;P05_long_step;P06_ramp;P07_hyperpolarizing_step,P00_canonical:first_spike_latency;P02_weak_step:steady_state_voltage;P03_rheobase:rheobase;P04_step_2x:first_spike_latency;P04_step_2x:last_isi;P04_step_2x:spike_count;P05_long_step:first_spike_latency;P05_long_step:last_isi;P05_long_step:spike_count;P06_ramp:first_spike_latency;P06_ramp:spike_count;P07_hyperpolarizing_step:steady_state_voltage,maximal_conductance,strong,True,True,False,True,True,P02_weak_step:trace_rmse;P04_step_2x:spike_count;P06_ramp:spike_count;P07_hyperpolarizing_step:trace_rmse;P08_rebound:trace_rmse;P09_short_pulse:trace_rmse,P02_weak_step:voltage_deflection;P04_step_2x:first_isi;P04_step_2x:mean_frequency;P05_long_step:first_isi;P05_long_step:mean_frequency;P06_ramp:mean_frequency;P07_hyperpolarizing_step:minimum_voltage;P07_hyperpolarizing_step:voltage_deflection;P08_rebound:maximum_voltage,,,{}
neuron_model_behavioral_validation,Neuraxis,development_pilot,PILOT2_PROTOCOL,Exploratory development data; second development iteration informed by Pilot 1; not independent confirmation; never pooled with the confirmatory held-out estimate,m-scale_conductance-1f40a5f389,osb_hh2_477127614,other_model,primary_semantic,mutant,biophysical,scale_conductance,"{""changes"": [{""attribute"": ""condDensity"", ""locator"": ""/neuroml[@id='HH2_477127614']/cell[@id='HH2_477127614']/biophysicalProperties[@id='biophys']/membraneProperties[1]/channelDensity[@id='LeakConductance_all']"", ""new"": ""0.208477260206 mS_per_cm2"", ""old"": ""0.104238630103 mS_per_cm2""}], ""element"": ""channelDensity"", ""element_id"": ""LeakConductance_all"", ""factor"": 2.0, ""generator_seed"": 20260917}",5_non_equivalent,5_non_equivalent,P00_canonical;P02_weak_step;P03_rheobase;P04_step_2x;P05_long_step;P06_ramp;P07_hyperpolarizing_step,P00_canonical:first_spike_latency;P00_canonical:last_isi;P00_canonical:spike_count;P02_weak_step:steady_state_voltage;P03_rheobase:rheobase;P04_step_2x:adaptation_index;P04_step_2x:ahp_depth;P04_step_2x:ap_amplitude;P04_step_2x:first_spike_latency;P04_step_2x:last_isi;P04_step_2x:spike_count;P05_long_step:adaptation_index;P05_long_step:ahp_depth;P05_long_step:ap_amplitude;P05_long_step:first_spike_latency;P05_long_step:last_isi;P05_long_step:spike_count;P06_ramp:first_spike_latency;P06_ramp:spike_count;P07_hyperpolarizing_step:steady_state_voltage,maximal_conductance,strong,True,True,False,True,True,P02_weak_step:trace_rmse;P04_step_2x:spike_count;P06_ramp:spike_count;P07_hyperpolarizing_step:trace_rmse;P08_rebound:trace_rmse;P09_short_pulse:trace_rmse,P00_canonical:first_isi;P00_canonical:mean_frequency;P02_weak_step:voltage_deflection;P04_step_2x:ap_half_width;P04_step_2x:burst_count;P04_step_2x:firing_regime;P04_step_2x:first_isi;P04_step_2x:mean_frequency;P05_long_step:ap_half_width;P05_long_step:burst_count;P05_long_step:firing_regime;P05_long_step:first_isi;P05_long_step:mean_frequency;P06_ramp:mean_frequency;P07_hyperpolarizing_step:minimum_voltage;P07_hyperpolarizing_step:voltage_deflection,,,{}
neuron_model_behavioral_validation,Neuraxis,development_pilot,PILOT2_PROTOCOL,Exploratory development data; second development iteration informed by Pilot 1; not independent confirmation; never pooled with the confirmatory held-out estimate,m-shift_reversal-c7e1f18cfe,osb_hh2_477127614,other_model,primary_semantic,mutant,biophysical,shift_reversal,"{""changes"": [{""attribute"": ""erev"", ""locator"": ""/neuroml[@id='HH2_477127614']/cell[@id='HH2_477127614']/biophysicalProperties[@id='biophys']/membraneProperties[1]/channelDensity[@id='Kd_all']"", ""new"": ""-87.3418670162 mV"", ""old"": ""-92.3418670162 mV""}], ""element"": ""channelDensity"", ""element_id"": ""Kd_all"", ""generator_seed"": 20260917, ""shift_mV"": 5.0}",6_silent_under_canonical,6_silent_under_canonical,P04_step_2x;P05_long_step,P04_step_2x:ahp_depth;P04_step_2x:last_isi;P05_long_step:ahp_depth;P05_long_step:last_isi;P05_long_step:spike_count,reversal_potential,mild,True,False,False,True,True,P04_step_2x:spike_count;P06_ramp:spike_count,P04_step_2x:first_isi;P04_step_2x:mean_frequency;P05_long_step:first_isi;P05_long_step:mean_frequency,True,True,"{""h4_status"": ""ok"", ""battery_detections_persisting_at_h4"": [""P04_step_2x:ahp_depth"", ""P04_step_2x:last_isi"", ""P04_step_2x:spike_count"", ""P05_long_step:ahp_depth"", ""P05_long_step:last_isi"", ""P05_long_step:spike_count"", ""P06_ramp:spike_count""], ""canonical_feature_detects_at_h4"": false, ""canonical_trace_detects_at_h4"": false, ""feature_survivor_confirmed"": true, ""full_trace_survivor_confirmed"": true}"
neuron_model_behavioral_validation,Neuraxis,development_pilot,PILOT2_PROTOCOL,Exploratory development data; second development iteration informed by Pilot 1; not independent confirmation; never pooled with the confirmatory held-out estimate,m-shift_reversal-d2ca2a5c38,osb_hh2_477127614,other_model,primary_semantic,mutant,biophysical,shift_reversal,"{""changes"": [{""attribute"": ""erev"", ""locator"": ""/neuroml[@id='HH2_477127614']/cell[@id='HH2_477127614']/biophysicalProperties[@id='biophys']/membraneProperties[1]/channelDensity[@id='LeakConductance_all']"", ""new"": ""-61.3013913493 mV"", ""old"": ""-71.3013913493 mV""}], ""element"": ""channelDensity"", ""element_id"": ""LeakConductance_all"", ""generator_seed"": 20260917, ""shift_mV"": 10.0}",5_non_equivalent,5_non_equivalent,P00_canonical;P02_weak_step;P03_rheobase;P04_step_2x;P05_long_step;P06_ramp;P07_hyperpolarizing_step,P00_canonical:ahp_depth;P00_canonical:first_spike_latency;P02_weak_step:steady_state_voltage;P03_rheobase:rheobase;P04_step_2x:ahp_depth;P04_step_2x:first_spike_latency;P04_step_2x:last_isi;P04_step_2x:spike_count;P05_long_step:ahp_depth;P05_long_step:first_spike_latency;P05_long_step:last_isi;P05_long_step:spike_count;P06_ramp:first_spike_latency;P06_ramp:spike_count;P07_hyperpolarizing_step:steady_state_voltage,reversal_potential,strong,True,True,False,True,True,P02_weak_step:trace_rmse;P04_step_2x:spike_count;P06_ramp:spike_count;P07_hyperpolarizing_step:trace_rmse;P08_rebound:trace_rmse;P09_short_pulse:trace_rmse,P00_canonical:baseline_voltage;P02_weak_step:baseline_voltage;P04_step_2x:first_isi;P04_step_2x:mean_frequency;P05_long_step:first_isi;P05_long_step:mean_frequency;P06_ramp:mean_frequency;P07_hyperpolarizing_step:baseline_voltage;P07_hyperpolarizing_step:minimum_voltage;P08_rebound:maximum_voltage,,,{}
neuron_model_behavioral_validation,Neuraxis,development_pilot,PILOT2_PROTOCOL,Exploratory development data; second development iteration informed by Pilot 1; not independent confirmation; never pooled with the confirmatory held-out estimate,m-scale_capacitance-8ea1c6d58b,osb_hh2_477127614,other_model,primary_semantic,mutant,biophysical,scale_capacitance,"{""changes"": [{""attribute"": ""value"", ""locator"": ""/neuroml[@id='HH2_477127614']/cell[@id='HH2_477127614']/biophysicalProperties[@id='biophys']/membraneProperties[1]/specificCapacitance[1]"", ""new"": ""3.414260892192 uF_per_cm2"", ""old"": ""4.26782611524 uF_per_cm2""}], ""element"": ""specificCapacitance"", ""element_id"": null, ""factor"": 0.8, ""generator_seed"": 20260917}",5_non_equivalent,5_non_equivalent,P00_canonical;P04_step_2x;P05_long_step;P06_ramp,P00_canonical:ap_amplitude;P00_canonical:first_spike_latency;P04_step_2x:ahp_depth;P04_step_2x:ap_amplitude;P04_step_2x:first_spike_latency;P04_step_2x:last_isi;P05_long_step:ahp_depth;P05_long_step:ap_amplitude;P05_long_step:first_spike_latency;P05_long_step:last_isi;P05_long_step:spike_count;P06_ramp:first_spike_latency,passive_membrane,mild,True,True,False,True,True,P04_step_2x:spike_count;P06_ramp:spike_count;P07_hyperpolarizing_step:trace_rmse;P08_rebound:trace_rmse;P09_short_pulse:trace_rmse,P04_step_2x:first_isi;P04_step_2x:mean_frequency;P05_long_step:first_isi;P05_long_step:mean_frequency,,,{}
neuron_model_behavioral_validation,Neuraxis,development_pilot,PILOT2_PROTOCOL,Exploratory development data; second development iteration informed by Pilot 1; not independent confirmation; never pooled with the confirmatory held-out estimate,m-scale_capacitance-d886e6ca3e,osb_hh2_477127614,other_model,primary_semantic,mutant,biophysical,scale_capacitance,"{""changes"": [{""attribute"": ""value"", ""locator"": ""/neuroml[@id='HH2_477127614']/cell[@id='HH2_477127614']/biophysicalProperties[@id='biophys']/membraneProperties[1]/specificCapacitance[1]"", ""new"": ""2.13391305762 uF_per_cm2"", ""old"": ""4.26782611524 uF_per_cm2""}], ""element"": ""specificCapacitance"", ""element_id"": null, ""factor"": 0.5, ""generator_seed"": 20260917}",5_non_equivalent,5_non_equivalent,P00_canonical;P04_step_2x;P05_long_step;P06_ramp;P09_short_pulse,P00_canonical:ahp_depth;P00_canonical:ap_amplitude;P00_canonical:first_spike_latency;P00_canonical:last_isi;P00_canonical:spike_count;P04_step_2x:ahp_depth;P04_step_2x:ap_amplitude;P04_step_2x:first_spike_latency;P04_step_2x:last_isi;P04_step_2x:spike_count;P05_long_step:ahp_depth;P05_long_step:ap_amplitude;P05_long_step:first_spike_latency;P05_long_step:last_isi;P05_long_step:spike_count;P06_ramp:first_spike_latency;P06_ramp:spike_count;P09_short_pulse:ahp_depth;P09_short_pulse:ap_amplitude;P09_short_pulse:first_spike_latency;P09_short_pulse:spike_count,passive_membrane,strong,True,True,False,True,True,P02_weak_step:trace_rmse;P04_step_2x:spike_count;P06_ramp:spike_count;P07_hyperpolarizing_step:trace_rmse;P08_rebound:trace_rmse;P09_short_pulse:spike_count;P09_short_pulse:trace_rmse,P00_canonical:ap_half_width;P00_canonical:mean_frequency;P04_step_2x:ap_half_width;P04_step_2x:first_isi;P04_step_2x:mean_frequency;P05_long_step:ap_half_width;P05_long_step:first_isi;P05_long_step:mean_frequency;P06_ramp:mean_frequency;P09_short_pulse:ap_half_width,,,{}
neuron_model_behavioral_validation,Neuraxis,development_pilot,PILOT2_PROTOCOL,Exploratory development data; second development iteration informed by Pilot 1; not independent confirmation; never pooled with the confirmatory held-out estimate,m-shift_channel_vshift-8dac96bdae,osb_hh2_477127614,other_model,primary_semantic,mutant,kinetics,shift_channel_vshift,"{""changes"": [{""attribute"": ""vShift"", ""locator"": ""/neuroml[@id='HH2_477127614']/cell[@id='HH2_477127614']/biophysicalProperties[@id='biophys']/membraneProperties[1]/channelDensityVShift[@id='Na_all']"", ""new"": ""-3.20080138951 mV"", ""old"": ""1.79919861049 mV""}], ""channel"": ""Na"", ""delta_mV"": -5.0, ""element_id"": ""Na_all"", ""generator_seed"": 20260917}",5_non_equivalent,5_non_equivalent,P00_canonical;P03_rheobase;P04_step_2x;P05_long_step;P06_ramp,P00_canonical:ap_amplitude;P00_canonical:first_spike_latency;P00_canonical:last_isi;P00_canonical:spike_count;P03_rheobase:rheobase;P04_step_2x:ap_amplitude;P04_step_2x:first_spike_latency;P04_step_2x:last_isi;P04_step_2x:spike_count;P05_long_step:ap_amplitude;P05_long_step:first_spike_latency;P05_long_step:last_isi;P05_long_step:spike_count;P06_ramp:first_spike_latency;P06_ramp:spike_count,gating_voltage_dependence,mild,True,True,False,True,True,P04_step_2x:spike_count;P06_ramp:spike_count,P00_canonical:mean_frequency;P04_step_2x:first_isi;P04_step_2x:mean_frequency;P05_long_step:ap_half_width;P05_long_step:first_isi;P05_long_step:mean_frequency;P06_ramp:mean_frequency,,,{}
neuron_model_behavioral_validation,Neuraxis,development_pilot,PILOT2_PROTOCOL,Exploratory development data; second development iteration informed by Pilot 1; not independent confirmation; never pooled with the confirmatory held-out estimate,m-wrong_channel-105026e445,osb_hh2_477127614,other_model,primary_semantic,mutant,reference,wrong_channel,"{""changes"": [{""attribute"": ""ionChannel"", ""locator"": ""/neuroml[@id='HH2_477127614']/cell[@id='HH2_477127614']/biophysicalProperties[@id='biophys']/membraneProperties[1]/channelDensityVShift[@id='Na_all']"", ""new"": ""IL"", ""old"": ""Na""}], ""element_id"": ""Na_all"", ""generator_seed"": 20260917, ""new_species"": ""ca"", ""old_species"": ""na""}",5_non_equivalent,5_non_equivalent,P00_canonical;P03_rheobase;P04_step_2x;P05_long_step;P06_ramp,P00_canonical:adaptation_index;P00_canonical:ahp_depth;P00_canonical:ap_amplitude;P00_canonical:first_spike_latency;P00_canonical:last_isi;P00_canonical:spike_count;P03_rheobase:rheobase;P04_step_2x:adaptation_index;P04_step_2x:ahp_depth;P04_step_2x:ap_amplitude;P04_step_2x:first_spike_latency;P04_step_2x:last_isi;P04_step_2x:spike_count;P05_long_step:adaptation_index;P05_long_step:ahp_depth;P05_long_step:ap_amplitude;P05_long_step:first_spike_latency;P05_long_step:last_isi;P05_long_step:spike_count;P06_ramp:first_spike_latency;P06_ramp:spike_count,mechanism_composition,not_applicable,True,True,False,True,True,P04_step_2x:spike_count;P04_step_2x:trace_rmse;P06_ramp:spike_count;P06_ramp:trace_rmse,P00_canonical:ap_half_width;P00_canonical:firing_regime;P00_canonical:first_isi;P00_canonical:mean_frequency;P04_step_2x:ap_half_width;P04_step_2x:burst_count;P04_step_2x:firing_regime;P04_step_2x:first_isi;P04_step_2x:mean_frequency;P05_long_step:ap_half_width;P05_long_step:burst_count;P05_long_step:firing_regime;P05_long_step:first_isi;P05_long_step:mean_frequency;P06_ramp:firing_regime;P06_ramp:mean_frequency,,,{}
neuron_model_behavioral_validation,Neuraxis,development_pilot,PILOT2_PROTOCOL,Exploratory development data; second development iteration informed by Pilot 1; not independent confirmation; never pooled with the confirmatory held-out estimate,m-duplicate_conductance-06ea96d790,osb_hh2_477127614,other_model,primary_semantic,mutant,reference,duplicate_conductance,"{""generator_seed"": 20260917, ""new_id"": ""IM_all_dup"", ""source_id"": ""IM_all""}",6_silent_under_canonical,6_silent_under_canonical,P03_rheobase;P04_step_2x;P05_long_step,P03_rheobase:rheobase;P04_step_2x:last_isi;P05_long_step:last_isi;P05_long_step:spike_count,mechanism_composition,not_applicable,True,False,False,True,True,P04_step_2x:spike_count;P06_ramp:spike_count,P05_long_step:mean_frequency,True,True,"{""h4_status"": ""ok"", ""battery_detections_persisting_at_h4"": [""P03_rheobase:rheobase"", ""P04_step_2x:last_isi"", ""P04_step_2x:spike_count"", ""P05_long_step:last_isi"", ""P05_long_step:spike_count"", ""P06_ramp:spike_count""], ""canonical_feature_detects_at_h4"": false, ""canonical_trace_detects_at_h4"": false, ""feature_survivor_confirmed"": true, ""full_trace_survivor_confirmed"": true}"
neuron_model_behavioral_validation,Neuraxis,development_pilot,PILOT2_PROTOCOL,Exploratory development data; second development iteration informed by Pilot 1; not independent confirmation; never pooled with the confirmatory held-out estimate,m-wrong_compatible_component-a12a6658b4,osb_hh2_477127614,other_model,primary_semantic,mutant,reference,wrong_compatible_component,"{""changes"": [{""attribute"": ""ionChannel"", ""locator"": ""/neuroml[@id='HH2_477127614']/cell[@id='HH2_477127614']/biophysicalProperties[@id='biophys']/membraneProperties[1]/channelDensity[@id='IM_all']"", ""new"": ""Kd"", ""old"": ""IM""}], ""element_id"": ""IM_all"", ""generator_seed"": 20260917, ""new_species"": ""k"", ""old_species"": ""k""}",6_silent_under_canonical,6_silent_under_canonical,P03_rheobase;P04_step_2x;P05_long_step,P03_rheobase:rheobase;P04_step_2x:last_isi;P05_long_step:last_isi;P05_long_step:spike_count,mechanism_composition,not_applicable,True,False,False,True,True,P06_ramp:spike_count,P05_long_step:mean_frequency,True,True,"{""h4_status"": ""ok"", ""battery_detections_persisting_at_h4"": [""P03_rheobase:rheobase"", ""P04_step_2x:last_isi"", ""P05_long_step:last_isi"", ""P05_long_step:spike_count"", ""P06_ramp:spike_count""], ""canonical_feature_detects_at_h4"": false, ""canonical_trace_detects_at_h4"": false, ""feature_survivor_confirmed"": true, ""full_trace_survivor_confirmed"": true}"
neuron_model_behavioral_validation,Neuraxis,development_pilot,PILOT2_PROTOCOL,Exploratory development data; second development iteration informed by Pilot 1; not independent confirmation; never pooled with the confirmatory held-out estimate,m-scale_conductance-8d921084f4,pospischil2008_fs,other_model,primary_semantic,mutant,biophysical,scale_conductance,"{""changes"": [{""attribute"": ""condDensity"", ""locator"": ""/neuroml[@id='FS']/cell[@id='FS']/biophysicalProperties[@id='biophys']/membraneProperties[1]/channelDensity[@id='Na_all']"", ""new"": ""62.5 mS_per_cm2"", ""old"": ""50.0 mS_per_cm2""}], ""element"": ""channelDensity"", ""element_id"": ""Na_all"", ""factor"": 1.25, ""generator_seed"": 20260917}",5_non_equivalent,5_non_equivalent,P00_canonical;P03_rheobase;P04_step_2x;P05_long_step;P06_ramp,P00_canonical:ahp_depth;P00_canonical:ap_amplitude;P00_canonical:first_spike_latency;P00_canonical:last_isi;P00_canonical:spike_count;P03_rheobase:rheobase;P04_step_2x:ap_amplitude;P05_long_step:ap_amplitude;P05_long_step:first_spike_latency;P06_ramp:first_spike_latency;P06_ramp:spike_count,maximal_conductance,mild,True,True,True,True,True,P00_canonical:spike_count;P06_ramp:spike_count,P00_canonical:first_isi,,,{}
neuron_model_behavioral_validation,Neuraxis,development_pilot,PILOT2_PROTOCOL,Exploratory development data; second development iteration informed by Pilot 1; not independent confirmation; never pooled with the confirmatory held-out estimate,m-scale_conductance-10ff293ca8,pospischil2008_fs,other_model,primary_semantic,mutant,biophysical,scale_conductance,"{""changes"": [{""attribute"": ""condDensity"", ""locator"": ""/neuroml[@id='FS']/cell[@id='FS']/biophysicalProperties[@id='biophys']/membraneProperties[1]/channelDensity[@id='LeakConductance_all']"", ""new"": ""0.075 mS_per_cm2"", ""old"": ""0.15 mS_per_cm2""}], ""element"": ""channelDensity"", ""element_id"": ""LeakConductance_all"", ""factor"": 0.5, ""generator_seed"": 20260917}",5_non_equivalent,5_non_equivalent,P00_canonical;P02_weak_step;P03_rheobase;P04_step_2x;P05_long_step;P06_ramp;P07_hyperpolarizing_step,P00_canonical:first_spike_latency;P00_canonical:last_isi;P00_canonical:spike_count;P02_weak_step:spike_count;P02_weak_step:steady_state_voltage;P03_rheobase:rheobase;P04_step_2x:first_spike_latency;P04_step_2x:last_isi;P04_step_2x:spike_count;P05_long_step:first_spike_latency;P05_long_step:last_isi;P05_long_step:spike_count;P06_ramp:first_spike_latency;P06_ramp:spike_count;P07_hyperpolarizing_step:steady_state_voltage,maximal_conductance,strong,True,True,True,True,True,P00_canonical:spike_count;P02_weak_step:spike_count;P02_weak_step:trace_rmse;P06_ramp:spike_count;P07_hyperpolarizing_step:trace_rmse;P08_rebound:trace_rmse,P00_canonical:first_isi;P00_canonical:mean_frequency;P02_weak_step:voltage_deflection;P04_step_2x:first_isi;P04_step_2x:mean_frequency;P05_long_step:first_isi;P05_long_step:mean_frequency;P06_ramp:mean_frequency;P07_hyperpolarizing_step:minimum_voltage;P07_hyperpolarizing_step:voltage_deflection,,,{}
neuron_model_behavioral_validation,Neuraxis,development_pilot,PILOT2_PROTOCOL,Exploratory development data; second development iteration informed by Pilot 1; not independent confirmation; never pooled with the confirmatory held-out estimate,m-scale_conductance-2c1b980b1d,pospischil2008_fs,other_model,primary_semantic,mutant,biophysical,scale_conductance,"{""changes"": [{""attribute"": ""condDensity"", ""locator"": ""/neuroml[@id='FS']/cell[@id='FS']/biophysicalProperties[@id='biophys']/membraneProperties[1]/channelDensity[@id='Kd_all']"", ""new"": ""20.0 mS_per_cm2"", ""old"": ""10.0 mS_per_cm2""}], ""element"": ""channelDensity"", ""element_id"": ""Kd_all"", ""factor"": 2.0, ""generator_seed"": 20260917}",5_non_equivalent,5_non_equivalent,P00_canonical;P04_step_2x;P05_long_step;P06_ramp;P09_short_pulse,P00_canonical:ahp_depth;P00_canonical:last_isi;P00_canonical:spike_count;P04_step_2x:ahp_depth;P04_step_2x:last_isi;P05_long_step:ahp_depth;P05_long_step:last_isi;P05_long_step:spike_count;P06_ramp:spike_count;P09_short_pulse:ahp_depth,maximal_conductance,strong,True,True,True,True,True,P00_canonical:spike_count;P06_ramp:spike_count;P09_short_pulse:trace_rmse,P00_canonical:ap_half_width;P00_canonical:first_isi;P00_canonical:mean_frequency;P04_step_2x:ap_half_width;P04_step_2x:first_isi;P04_step_2x:mean_frequency;P05_long_step:ap_half_width;P05_long_step:first_isi;P05_long_step:mean_frequency;P06_ramp:mean_frequency;P09_short_pulse:ap_half_width,,,{}
neuron_model_behavioral_validation,Neuraxis,development_pilot,PILOT2_PROTOCOL,Exploratory development data; second development iteration informed by Pilot 1; not independent confirmation; never pooled with the confirmatory held-out estimate,m-shift_reversal-3d387f89f7,pospischil2008_fs,other_model,primary_semantic,mutant,biophysical,shift_reversal,"{""changes"": [{""attribute"": ""erev"", ""locator"": ""/neuroml[@id='FS']/cell[@id='FS']/biophysicalProperties[@id='biophys']/membraneProperties[1]/channelDensity[@id='Na_all']"", ""new"": ""45.0 mV"", ""old"": ""50.0 mV""}], ""element"": ""channelDensity"", ""element_id"": ""Na_all"", ""generator_seed"": 20260917, ""shift_mV"": -5.0}",5_non_equivalent,5_non_equivalent,P00_canonical;P04_step_2x;P05_long_step;P09_short_pulse,P00_canonical:ahp_depth;P00_canonical:ap_amplitude;P04_step_2x:ap_amplitude;P05_long_step:ap_amplitude;P09_short_pulse:ap_amplitude,reversal_potential,mild,True,True,False,True,True,,,,,{}
neuron_model_behavioral_validation,Neuraxis,development_pilot,PILOT2_PROTOCOL,Exploratory development data; second development iteration informed by Pilot 1; not independent confirmation; never pooled with the confirmatory held-out estimate,m-shift_reversal-2ebe75d071,pospischil2008_fs,other_model,primary_semantic,mutant,biophysical,shift_reversal,"{""changes"": [{""attribute"": ""erev"", ""locator"": ""/neuroml[@id='FS']/cell[@id='FS']/biophysicalProperties[@id='biophys']/membraneProperties[1]/channelDensity[@id='Kd_all']"", ""new"": ""-102.0 mV"", ""old"": ""-100.0 mV""}], ""element"": ""channelDensity"", ""element_id"": ""Kd_all"", ""generator_seed"": 20260917, ""shift_mV"": -2.0}",5_non_equivalent,5_non_equivalent,P00_canonical;P06_ramp,P00_canonical:ahp_depth;P06_ramp:spike_count,reversal_potential,mild,True,True,True,True,True,P00_canonical:spike_timing,,,,{}
neuron_model_behavioral_validation,Neuraxis,development_pilot,PILOT2_PROTOCOL,Exploratory development data; second development iteration informed by Pilot 1; not independent confirmation; never pooled with the confirmatory held-out estimate,m-shift_reversal-296104fa71,pospischil2008_fs,other_model,primary_semantic,mutant,biophysical,shift_reversal,"{""changes"": [{""attribute"": ""erev"", ""locator"": ""/neuroml[@id='FS']/cell[@id='FS']/biophysicalProperties[@id='biophys']/membraneProperties[1]/channelDensity[@id='LeakConductance_all']"", ""new"": ""-80.0 mV"", ""old"": ""-70.0 mV""}], ""element"": ""channelDensity"", ""element_id"": ""LeakConductance_all"", ""generator_seed"": 20260917, ""shift_mV"": -10.0}",5_non_equivalent,5_non_equivalent,P00_canonical;P02_weak_step;P03_rheobase;P04_step_2x;P05_long_step;P06_ramp;P07_hyperpolarizing_step;P09_short_pulse,P00_canonical:adaptation_index;P00_canonical:ahp_depth;P00_canonical:ap_amplitude;P00_canonical:first_spike_latency;P00_canonical:last_isi;P00_canonical:spike_count;P02_weak_step:steady_state_voltage;P03_rheobase:rheobase;P04_step_2x:ahp_depth;P04_step_2x:first_spike_latency;P04_step_2x:last_isi;P04_step_2x:spike_count;P05_long_step:adaptation_index;P05_long_step:ahp_depth;P05_long_step:ap_amplitude;P05_long_step:first_spike_latency;P05_long_step:last_isi;P05_long_step:spike_count;P06_ramp:first_spike_latency;P06_ramp:spike_count;P07_hyperpolarizing_step:steady_state_voltage;P09_short_pulse:ahp_depth;P09_short_pulse:ap_amplitude,reversal_potential,strong,True,True,True,True,True,P00_canonical:spike_count;P02_weak_step:trace_rmse;P06_ramp:spike_count;P07_hyperpolarizing_step:trace_rmse;P08_rebound:trace_rmse;P09_short_pulse:trace_rmse,P00_canonical:ap_half_width;P00_canonical:baseline_voltage;P00_canonical:firing_regime;P00_canonical:first_isi;P00_canonical:mean_frequency;P02_weak_step:baseline_voltage;P04_step_2x:first_isi;P04_step_2x:mean_frequency;P05_long_step:ap_half_width;P05_long_step:burst_count;P05_long_step:firing_regime;P05_long_step:first_isi;P05_long_step:mean_frequency;P06_ramp:mean_frequency;P07_hyperpolarizing_step:baseline_voltage;P07_hyperpolarizing_step:minimum_voltage;P08_rebound:maximum_voltage,,,{}
neuron_model_behavioral_validation,Neuraxis,development_pilot,PILOT2_PROTOCOL,Exploratory development data; second development iteration informed by Pilot 1; not independent confirmation; never pooled with the confirmatory held-out estimate,m-shift_reversal-99c62df08a,pospischil2008_fs,other_model,primary_semantic,mutant,biophysical,shift_reversal,"{""changes"": [{""attribute"": ""erev"", ""locator"": ""/neuroml[@id='FS']/cell[@id='FS']/biophysicalProperties[@id='biophys']/membraneProperties[1]/channelDensity[@id='Kd_all']"", ""new"": ""-110.0 mV"", ""old"": ""-100.0 mV""}], ""element"": ""channelDensity"", ""element_id"": ""Kd_all"", ""generator_seed"": 20260917, ""shift_mV"": -10.0}",5_non_equivalent,5_non_equivalent,P00_canonical;P04_step_2x;P05_long_step;P06_ramp;P09_short_pulse,P00_canonical:ahp_depth;P00_canonical:last_isi;P00_canonical:spike_count;P04_step_2x:ahp_depth;P04_step_2x:last_isi;P05_long_step:ahp_depth;P05_long_step:last_isi;P05_long_step:spike_count;P06_ramp:spike_count;P09_short_pulse:ahp_depth,reversal_potential,strong,True,True,True,True,True,P00_canonical:spike_count;P06_ramp:spike_count,P00_canonical:first_isi;P04_step_2x:first_isi;P05_long_step:first_isi,,,{}
neuron_model_behavioral_validation,Neuraxis,development_pilot,PILOT2_PROTOCOL,Exploratory development data; second development iteration informed by Pilot 1; not independent confirmation; never pooled with the confirmatory held-out estimate,m-scale_capacitance-8945c94953,pospischil2008_fs,other_model,primary_semantic,mutant,biophysical,scale_capacitance,"{""changes"": [{""attribute"": ""value"", ""locator"": ""/neuroml[@id='FS']/cell[@id='FS']/biophysicalProperties[@id='biophys']/membraneProperties[1]/specificCapacitance[1]"", ""new"": ""0.8 uF_per_cm2"", ""old"": ""1.0 uF_per_cm2""}], ""element"": ""specificCapacitance"", ""element_id"": null, ""factor"": 0.8, ""generator_seed"": 20260917}",5_non_equivalent,5_non_equivalent,P00_canonical;P04_step_2x;P05_long_step;P06_ramp;P09_short_pulse,P00_canonical:ahp_depth;P00_canonical:first_spike_latency;P00_canonical:last_isi;P00_canonical:spike_count;P04_step_2x:ahp_depth;P04_step_2x:first_spike_latency;P04_step_2x:last_isi;P04_step_2x:spike_count;P05_long_step:ahp_depth;P05_long_step:first_spike_latency;P05_long_step:last_isi;P05_long_step:spike_count;P06_ramp:spike_count;P09_short_pulse:ahp_depth,passive_membrane,mild,True,True,True,True,True,P00_canonical:spike_count;P06_ramp:spike_count;P09_short_pulse:trace_rmse,P00_canonical:first_isi;P00_canonical:mean_frequency;P04_step_2x:first_isi;P04_step_2x:mean_frequency;P05_long_step:first_isi;P05_long_step:mean_frequency;P06_ramp:mean_frequency,,,{}
neuron_model_behavioral_validation,Neuraxis,development_pilot,PILOT2_PROTOCOL,Exploratory development data; second development iteration informed by Pilot 1; not independent confirmation; never pooled with the confirmatory held-out estimate,m-scale_capacitance-5a8359e4e8,pospischil2008_fs,other_model,primary_semantic,mutant,biophysical,scale_capacitance,"{""changes"": [{""attribute"": ""value"", ""locator"": ""/neuroml[@id='FS']/cell[@id='FS']/biophysicalProperties[@id='biophys']/membraneProperties[1]/specificCapacitance[1]"", ""new"": ""0.5 uF_per_cm2"", ""old"": ""1.0 uF_per_cm2""}], ""element"": ""specificCapacitance"", ""element_id"": null, ""factor"": 0.5, ""generator_seed"": 20260917}",5_non_equivalent,5_non_equivalent,P00_canonical;P04_step_2x;P05_long_step;P06_ramp;P09_short_pulse,P00_canonical:ahp_depth;P00_canonical:ap_amplitude;P00_canonical:first_spike_latency;P00_canonical:last_isi;P00_canonical:spike_count;P04_step_2x:ahp_depth;P04_step_2x:ap_amplitude;P04_step_2x:first_spike_latency;P04_step_2x:last_isi;P04_step_2x:spike_count;P05_long_step:ahp_depth;P05_long_step:ap_amplitude;P05_long_step:first_spike_latency;P05_long_step:last_isi;P05_long_step:spike_count;P06_ramp:first_spike_latency;P06_ramp:spike_count;P09_short_pulse:ahp_depth;P09_short_pulse:first_spike_latency;P09_short_pulse:spike_count,passive_membrane,strong,True,True,True,True,True,P00_canonical:spike_count;P06_ramp:spike_count;P07_hyperpolarizing_step:trace_rmse;P08_rebound:trace_rmse;P09_short_pulse:spike_count;P09_short_pulse:trace_rmse,P00_canonical:first_isi;P00_canonical:mean_frequency;P04_step_2x:first_isi;P04_step_2x:mean_frequency;P05_long_step:first_isi;P05_long_step:mean_frequency;P06_ramp:mean_frequency,,,{}
neuron_model_behavioral_validation,Neuraxis,development_pilot,PILOT2_PROTOCOL,Exploratory development data; second development iteration informed by Pilot 1; not independent confirmation; never pooled with the confirmatory held-out estimate,m-scale_gate_time_constant-dda33c4c51,pospischil2008_fs,other_model,primary_semantic,mutant,biophysical,scale_gate_time_constant,"{""channel"": ""Kd"", ""factor"": 0.8, ""gate"": ""n"", ""generator_seed"": 20260917, ""mechanism"": ""q10_insert""}",5_non_equivalent,5_non_equivalent,P00_canonical;P05_long_step;P06_ramp;P09_short_pulse,P00_canonical:ahp_depth;P00_canonical:last_isi;P00_canonical:spike_count;P05_long_step:spike_count;P06_ramp:spike_count;P09_short_pulse:ahp_depth,gating_time_constant,mild,True,True,True,True,True,P00_canonical:spike_timing;P06_ramp:spike_count;P09_short_pulse:trace_rmse,P00_canonical:ap_half_width;P04_step_2x:ap_half_width;P05_long_step:ap_half_width;P09_short_pulse:ap_half_width,,,{}
neuron_model_behavioral_validation,Neuraxis,development_pilot,PILOT2_PROTOCOL,Exploratory development data; second development iteration informed by Pilot 1; not independent confirmation; never pooled with the confirmatory held-out estimate,m-scale_gate_time_constant-2e28d01edd,pospischil2008_fs,other_model,primary_semantic,mutant,biophysical,scale_gate_time_constant,"{""channel"": ""Na"", ""factor"": 2.0, ""gate"": ""h"", ""generator_seed"": 20260917, ""mechanism"": ""q10_insert""}",5_non_equivalent,5_non_equivalent,P00_canonical;P04_step_2x;P05_long_step;P06_ramp;P09_short_pulse,P00_canonical:ahp_depth;P00_canonical:ap_amplitude;P00_canonical:last_isi;P00_canonical:spike_count;P04_step_2x:ahp_depth;P04_step_2x:ap_amplitude;P04_step_2x:last_isi;P04_step_2x:spike_count;P05_long_step:ahp_depth;P05_long_step:ap_amplitude;P05_long_step:last_isi;P05_long_step:spike_count;P06_ramp:spike_count;P09_short_pulse:ahp_depth;P09_short_pulse:ap_amplitude,gating_time_constant,strong,True,True,True,True,True,P00_canonical:spike_count;P06_ramp:spike_count;P09_short_pulse:trace_rmse,P00_canonical:ap_half_width;P00_canonical:first_isi;P00_canonical:mean_frequency;P04_step_2x:ap_half_width;P04_step_2x:first_isi;P04_step_2x:mean_frequency;P05_long_step:ap_half_width;P05_long_step:first_isi;P05_long_step:mean_frequency;P06_ramp:mean_frequency;P09_short_pulse:ap_half_width,,,{}
neuron_model_behavioral_validation,Neuraxis,development_pilot,PILOT2_PROTOCOL,Exploratory development data; second development iteration informed by Pilot 1; not independent confirmation; never pooled with the confirmatory held-out estimate,m-duplicate_conductance-328cf062a2,pospischil2008_fs,other_model,primary_semantic,mutant,reference,duplicate_conductance,"{""generator_seed"": 20260917, ""new_id"": ""Na_all_dup"", ""source_id"": ""Na_all""}",5_non_equivalent,5_non_equivalent,P00_canonical;P03_rheobase;P04_step_2x;P05_long_step;P06_ramp;P09_short_pulse,P00_canonical:ahp_depth;P00_canonical:ap_amplitude;P00_canonical:first_spike_latency;P00_canonical:last_isi;P00_canonical:spike_count;P03_rheobase:rheobase;P04_step_2x:ahp_depth;P04_step_2x:ap_amplitude;P04_step_2x:first_spike_latency;P05_long_step:ahp_depth;P05_long_step:ap_amplitude;P05_long_step:first_spike_latency;P05_long_step:last_isi;P05_long_step:spike_count;P06_ramp:first_spike_latency;P06_ramp:spike_count;P09_short_pulse:ahp_depth,mechanism_composition,not_applicable,True,True,True,True,True,P00_canonical:spike_count;P06_ramp:spike_count;P09_short_pulse:trace_rmse,P00_canonical:ap_half_width;P00_canonical:first_isi;P00_canonical:mean_frequency;P04_step_2x:ap_half_width;P05_long_step:ap_half_width;P05_long_step:first_isi;P05_long_step:mean_frequency;P09_short_pulse:ap_half_width,,,{}
