citation,year,model_type,mutations,multiple_stimuli,electrophysiology_features,protocol_optimization,heldout_evaluation,ai_transformations,software_availability,distinction_from_neurosem,closeness_1to5,kind,doi,url,verification_method,found_via,evidence_file
"Yuan Zhan, John A. Clark (2005). Search-based mutation testing for Simulink models. Proceedings of the 7th Annual Conference on Genetic and Evolutionary Computation (GECCO), pp. 1061-1068.",2005,Matlab/Simulink dataflow models (engineering dynamical models),yes - uses mutants of Simulink models and seeks mutation-adequate test sets.,yes - search generates sets of input test data to kill mutants; exact signal forms not verified (full text closed).,no - no neural features; output comparison details unverified.,partial - search-based generation of mutant-killing test inputs; not selection of a compact battery from candidate protocols.,unclear - not described in abstract; full text inaccessible.,no - no AI-edited models.,none,"Search-based input generation to kill Simulink mutants is a close SE analogue. NeuroSem uses interpretable electrophysiology protocols/features, calibrated tolerances, admissibility classes, held-out models and mutation families.",3,paper,10.1145/1068009.1068188,https://doi.org/10.1145/1068009.1068188,"Crossref /works API (title, authors, GECCO 2005, pp. 1061-1068); OpenAlex W2104276300 (abstract); Semantic Scholar Graph API (DBLP conf/gecco/ZhanC05, closed access). Full text not accessed.",WebSearch site:dl.acm.org mutation analysis Simulink models signal features fault detection test selection greedy; verified via Crossref,deepread_r1_b5.json
"Hook D, Kelly D (2009). Mutation Sensitivity Testing. Computing in Science & Engineering 11(6):40-47.",2009,numerical scientific software without exact oracles (non-neuroscience),yes - seeds code mutants into scientific code to measure how sensitive a test set is to faults.,partial - uses sets of test inputs (hand-picked and random) but not stimulation protocols.,no - compares numerical outputs under error tolerances; no electrophysiology.,partial - argues a few well-designed tests detect many faults and tolerance reduction beats more tests; no formal greedy selection found.,no - no held-out models or held-out mutation family reported in abstract.,no - none.,none,"Closest scientific-computing precedent for mutant-based test sensitivity with tolerances. NeuroSem applies the idea to NeuroML/LEMS neurons with current-clamp protocols, eFEL fingerprints, refinement-calibrated tolerances, greedy battery selection and held-out evaluation.",3,paper,10.1109/mcse.2009.200,https://doi.org/10.1109/mcse.2009.200,"Crossref /works/10.1109/mcse.2009.200 (title, 2 authors, CiSE vol 11 pp 40-47, Nov 2009); OpenAlex abstract (W2031588966).",completeness-critic gap round 2 (re-run 2026-09-13),deepread_r2x_b1.json
"Brillout A, He N, Mazzucchi M, et al. (2010). Mutation-Based Test Case Generation for Simulink Models. In: Formal Methods for Components and Objects, Lecture Notes in Computer Science, pp. 208-227. Springer Berlin Heidelberg.",2010,"Simulink control-software models translated to ANSI-C (discrete-step, floating-point), analysed by bounded model checking","yes - single syntactic mutations and injected faults (e.g. signal stuck-at-0), each toggled by a flag in one combined model.","partial - generates input vectors (test cases) that expose each mutant; generic signal inputs, not physiological stimulation protocols.",no - compares raw output signals of the original and mutant models.,yes - aims for small test suites by maximising the number of mutations each test case covers.,no - paper states experimental evaluation of its techniques is planned future work.,no - no AI-generated or AI-edited models.,"Cover, a test-generation tool built on the CBMC model checker (named in the paper; no public URL verified)","This is formal, SAT-based mutant-killing test generation for discrete Simulink programs, with equivalence checking. NeuroSem would be empirical and simulation-based: continuous neuron dynamics, eFEL features with calibrated tolerances, and a greedy battery tested on held-out models and a held-out mutation family.",3,paper,10.1007/978-3-642-17071-3_11,https://doi.org/10.1007/978-3-642-17071-3_11,"Crossref works API (metadata: 7 authors incl. Weissenbacher G, which the input list omitted; LNCS pp. 208-227, issued 2010); Semantic Scholar Graph API (DBLP key conf/fmco/BrilloutHMKPRW09, OA link); OpenAlex works API; author-hosted PDF (philipp.ruemmer.org) read for methods.",WebSearch 'model-based mutation testing Simulink test generation to kill mutants'; WebSearch site:semanticscholar.org fallback; Crossref title query,deepread_r1_b8.json
"Gray, R., Kelly, D. (2010). Investigating test selection techniques for scientific software using Hook's mutation sensitivity testing. Procedia Computer Science, 1(1), 1487-1494.",2010,general scientific software (mutated numerical functions); not neuron models,yes - reanalyses Hook's mutation sensitivity experiments in which eight functions were mutated and run against 1155 test cases.,"partial - many test inputs per function (hand-picked versus randomly selected), not physiological stimulation protocols.",no - generic numerical function outputs; no voltage traces or electrophysiological features.,partial - compares test-selection strategies by mutant detection (random inputs beat hand-picked for four of eight functions); no explicit set-cover selection in abstract.,unclear - abstract mentions extending random-test analysis to additional functions; no frozen discovery/held-out split described (full text blocked).,no - mutants are seeded code faults; no AI-assisted edits.,none,"Generic precedent for mutation-driven test selection and a random-input baseline in scientific code. NeuroSem moves this to NeuroML neuron models: current-clamp protocols, eFEL features with refinement-calibrated tolerances, admissible-mutant classification, cost-matched random batteries, held-out models and mutation family.",3,paper,10.1016/j.procs.2010.04.165,https://doi.org/10.1016/j.procs.2010.04.165,"Crossref /works/10.1016/j.procs.2010.04.165 (title, authors, vol 1 issue 1 pp 1487-1494, May 2010); abstract from OpenAlex and Semantic Scholar APIs (DBLP id journals/procedia/GrayK10). ScienceDirect PDF blocked (HTTP 403), full text not read.",Crossref: 'mutation testing scientific simulation software'; metadata confirmed via Crossref /works/<doi> [fallback source used because arXiv/OpenAlex were rate-limited],deepread_r1_b7.json
"Cooper J, Mirams GR, Niederer SA (2011). High-throughput functional curation of cellular electrophysiology models. Progress in Biophysics and Molecular Biology, 107(1):11-20.",2011,cardiac cell electrophysiology ODE models (31 CellML models),"no; compares existing published models, no seeded faults.",yes; model-independent protocol language applied S1-S2 restitution and L-type calcium current-voltage protocols across models.,"partial; derived outputs such as restitution curves and I-V curves; cardiac quantities, not neuronal eFEL features.",no; protocols are standard and user-defined.,"no; models are characterised or compared, with no discovery/held-out split.",no; no AI-assisted or automated model transformations are studied.,Functional curation in Chaste (paper URL http://www.comlab.ox.ac.uk/chaste; current repo https://github.com/Chaste/Chaste),"Pioneers reusable protocols across models and suggests them for development regression. NeuroSem adds neuron-specific mutants, calibrated tolerances, compact battery selection, and held-out generalisation tests.",3,paper,10.1016/j.pbiomolbio.2011.06.003,https://doi.org/10.1016/j.pbiomolbio.2011.06.003,Crossref api.crossref.org/works/10.1016/j.pbiomolbio.2011.06.003; Europe PMC abstract (PMID 21704062); author preprint PDF at cs.ox.ac.uk (Unpaywall link from Europe PMC) read with pypdf; GitHub REST API for Chaste/Chaste.,Google Scholar 'model testing against electrophysiological features'; metadata verified via Crossref api.crossref.org/works,deepread_r1_b2.json
"Druckmann S, Berger TK, Schürmann F, et al. (2011). Effective Stimuli for Constructing Reliable Neuron Models. PLoS Computational Biology 7(8): e1002133.",2011,"Multicompartment conductance-based cortical neuron models (NEURON), with conductance densities fitted to experimental recordings",no - compares stimuli by how well they constrain fitted conductance densities; no injected faults or edited model variants.,"yes - depolarizing steps, ramps and two noisy current types at several intensities, injected repeatedly into real cells and models.","yes - feature-based errors (e.g. firing rate, AP height) scored against experimental mean and SD; spike-timing coincidence factor for noisy inputs.",partial - systematically compares training stimulus sets by generalisation error; no budgeted search algorithm; an optimal minimal set is named as a future goal.,partial - fitted models are tested on stimuli withheld from fitting; no held-out models or held-out fault families.,no - no AI-generated or AI-edited models or code.,none (custom NSGA-II optimisation implemented in NEURON; no released package identified),"Druckmann ranks stimuli for constraining fits to data. NeuroSem would select a compact battery for detecting seeded single-fault edits, with refinement-calibrated tolerances, testing it on held-out models and a held-out mutation family.",3,paper,10.1371/journal.pcbi.1002133,https://doi.org/10.1371/journal.pcbi.1002133,"Crossref works API (metadata, 6 authors incl. Segev I); Europe PMC REST search (abstract, PMID 21876663, PMC3158041); Europe PMC fullTextXML (methods: stimuli, NSGA-II, training vs generalisation sets, Table 1).",WebSearch 'active selection of stimuli to distinguish neuron models'; Europe PMC refined query; DOI via NCBI idconv; abstract via Europe PMC,deepread_r1_b8.json
"Kelly D, Gray R, Shao Y (2011). Examining random and designed tests to detect code mistakes in scientific software. Journal of Computational Science 2(1):47-56.",2011,general scientific/computational software (non-neuroscience); empirical testing study,"partial - studies detection of seeded code mistakes, building on Hook's mutation sensitivity testing; full mutation protocol not read (abstract paywalled).","partial - compares randomly generated against designed test inputs; inputs are program arguments, not current-clamp stimuli.",no - outputs are numerical program results compared under tolerances; no electrophysiology features.,partial - compares test-selection strategies (random vs designed) and tolerance levels; no greedy compact battery selection reported.,unclear - abstract/summaries do not report a held-out program set or held-out fault family.,no - no AI-generated or AI-assisted code changes.,none,"Finds tighter output tolerances matter more than more tests. NeuroSem would calibrate tolerances by numerical refinement, use eFEL feature fingerprints on NeuroML models, select a greedy battery, and test on held-out models and mutation family.",3,paper,10.1016/j.jocs.2010.12.002,https://doi.org/10.1016/j.jocs.2010.12.002,"Crossref /works/10.1016/j.jocs.2010.12.002 (title, 3 authors, J Comput Sci vol 2 pp 47-56, 2011); Semantic Scholar API (TLDR; abstract elided); web search summary of abstract.",completeness-critic gap round 2 (re-run 2026-09-13),deepread_r2x_b1.json
"Marin B, Gleeson P (OpenSourceBrain) (2014). osb-model-validation (OMV): Tools for automated model validation in OpenSourceBrain projects. GitHub repository; PyPI package OSBModelValidation 0.4.0.",2014,"NeuroML v2 / LEMS, PyNN and other models run on multiple simulation engines (jNeuroML, jNeuroML_NEURON, etc.)",no - README and analyzer source show expectation-vs-output checks only; no mutant generation or fault seeding.,"partial - mep/omt files allow multiple named experiments per model; the protocol set is hand-written per project, not a systematic battery.","partial - analyzers cover spike times, spike rate, resting potential, input resistance, activation variables, time series, morphology, temperature.",no - no mechanism to select or minimise experiments/protocols.,no - pass/fail regression per model and engine; no held-out evaluation concept.,no - not addressed.,"OMV https://github.com/OpenSourceBrain/osb-model-validation (LGPL-3.0 per GitHub API; PyPI OSBModelValidation 0.4.0, LGPL-3.0-only)","Closest existing practice and a likely reusable component: tolerance-based regression of recorded observables across simulators on every commit. Tolerances are set by hand per observable. NeuroSem would calibrate tolerances by step refinement, seed controlled mutants, and choose a compact protocol battery validated on held-out models.",3,software,,https://github.com/OpenSourceBrain/osb-model-validation,"GitHub REST API api.github.com/repos/OpenSourceBrain/osb-model-validation (created 2014-04-16, pushed 2026-08-17, LGPL-3.0); PyPI JSON pypi.org/pypi/OSBModelValidation/json (0.4.0, LGPL-3.0-only, authors Boris Marin, Padraig Gleeson); README.md and omv/analyzers/__init__.py read via raw.githubusercontent.com.",WebSearch 'Open Source Brain ... OMV'; metadata via GitHub REST API api.github.com/repos/OpenSourceBrain/osb-model-validation (license LGPL-3.0) | GitHub search osb-model-validation; PyPI JSON OSBModelValidation 0.4.0 | PyPI JSON API https://pypi.org/pypi/OSBModelValidation/json (LGPL-3.0-only) and GitHub REST API repos/OpenSourceBrain/osb-model-validation (LGPL-3.0); no standalone OMV paper located in OpenAlex or Europe PMC searches | GitHub search 'osb-model-validation' + /repos metadata; purpose cross-checked on fetched docs.neuroml.org testing page (WebSearch result),deepread_r1_b0.json
"Cooper, J., Scharm, M., Mirams, G. R. (2016). The Cardiac Electrophysiology Web Lab. Biophysical Journal, 110(2), 292-300.",2016,cardiac cellular electrophysiology ODE models encoded in CellML,no - no systematic mutants; one reported case where protocols exposed an erroneous versus corrected CellML model version.,"yes - 23 virtual-experiment protocols (I-V curves, pacing rates, restitution, channel block, hypo/hyperkalaemia) run across 36 models.","partial - protocol post-processing yields AP properties, restitution and I-V curves; cardiac-specific outputs, not eFEL neuronal features.",no - protocols are hand-authored in a protocol language; no selection or minimisation of a protocol set.,no - resource paper for characterising and comparing models; no discovery/held-out split or detection-rate evaluation.,no - no AI-generated or automated model edits.,Cardiac Electrophysiology Web Lab https://chaste.cs.ox.ac.uk/WebLab (URL as stated in the paper; built on Chaste; current availability not checked),"Already shows model/protocol separation and multi-protocol comparison can reveal model-version errors; NeuroSem adds NeuroML neuron models, mutation-calibrated tolerances, protocol-battery selection and held-out detection evaluation.",3,paper,10.1016/j.bpj.2015.12.012,https://doi.org/10.1016/j.bpj.2015.12.012,"Crossref api.crossref.org/works/10.1016/j.bpj.2015.12.012 (title, authors, volume, issue, pages); Europe PMC REST search (PMID 26789753, PMC4724653, abstract); Europe PMC fullTextXML for PMC4724653 (methods and results sections scanned).",Crossref title query 'Uncovering the Web Lab ...' (after WebSearch on functional curation); metadata verified via Crossref api.crossref.org/works,deepread_r1_b12.json
"Matinnejad, R., Nejati, S., Briand, L. C., et al. (2016). Automated test suite generation for time-continuous Simulink models. Proceedings of the 38th International Conference on Software Engineering, pp. 595-606.",2016,"Time-continuous Simulink controller models (industrial automotive models from Delphi plus public-domain models); cyber-physical systems, not neuroscience","yes - automated fault seeding from Simulink fault patterns produced 104 executable faulty model versions, one fault per model, used to measure fault revealing ability.","yes - generates small test suites (size 3, 5, 10) of piecewise input signals per model.","partial - feature-based output diversity uses signal-shape features (e.g. increasing, instability, discontinuity); analogous to trace features but not electrophysiology.",yes - meta-heuristic whole-suite search maximizes output-signal diversity at fixed suite size; compared with random testing and Simulink Design Verifier.,no - search is fault-agnostic and run on each faulty model; no discovery/held-out model or fault-family split reported.,no - no AI-generated or AI-assisted model transformations.,"SimCoTest - https://sites.google.com/site/simcotesttool/ (URL as cited in the TSE 2019 follow-up; not checked live); ICSE resources https://sites.google.com/site/myicseresources/ (cited in paper, not checked)","Strong SE analogue: small fault-revealing input suites for continuous models with seeded faults. NeuroSem uses a fixed interpretable neuroscience protocol library, eFEL features with calibrated tolerances against a reference model, mutant-coverage greedy selection, and held-out models/family.",3,paper,10.1145/2884781.2884797,https://doi.org/10.1145/2884781.2884797,"Crossref API (title, 4 authors, ICSE 38 proceedings, pp. 595-606, 2016-05-14); Semantic Scholar Graph API and OpenAlex (abstract, DBLP key conf/icse/MatinnejadNBB16); open-access technical report PDF from ORBilu (orbilu.uni.lu/bitstream/10993/21975/1/TR.pdf) read for experiment design and fault seeding.",WebSearch 'Simulink model test generation output diversity fault revealing mutants Matinnejad'; metadata verified via Crossref api.crossref.org/works | WebSearch site:dl.acm.org test selection simulation models cyber-physical Simulink mutation; OpenAlex search 'mutation analysis Simulink test selection'; verified via Crossref,deepread_r1_b3.json
"Daly AC, Clerx M, Beattie KA, et al. (2018). Reproducible model development in the cardiac electrophysiology Web Lab. Progress in Biophysics and Molecular Biology, 139:3-14.",2018,"cardiac cell and ion-channel ODE models (CellML), including hERG model fitting",no; no seeded faults; focus on fitting and comparison of competing models.,yes; Web Lab applies the same protocol collection to many models for side-by-side comparison.,"partial; protocol post-processing outputs (e.g. APD, currents) and fitting to data; not neuronal features.","partial; protocol design support is described as a planned WL2 capability, not a fault-detection battery optimiser.","no; models are characterised or compared, with no discovery/held-out split.",no; no AI-assisted or automated model transformations are studied.,Cardiac Electrophysiology Web Lab https://github.com/ModellingWebLab (BSD 3-clause per paper),"Infrastructure for sharing protocols and comparing model versions. NeuroSem adds mutant-based measurement of what batteries detect, calibrated tolerances, greedy selection, and held-out evaluation for neurons.",3,paper,10.1016/j.pbiomolbio.2018.05.011,https://doi.org/10.1016/j.pbiomolbio.2018.05.011,Crossref api.crossref.org/works/10.1016/j.pbiomolbio.2018.05.011; Europe PMC abstract (PMID 29842853); PMC6288479 full-text XML via Europe PMC; GitHub REST API for ModellingWebLab/WebLab.,WebSearch 'Web Lab functional curation cardiac electrophysiology ...' + Crossref title query; metadata verified via Crossref api.crossref.org/works,deepread_r1_b2.json
"Aitor Arrieta, Shuai Wang, Urtzi Markiegi, et al. (2019). Pareto efficient multi-objective black-box test case selection for simulation-based testing. Information and Software Technology, 114, 137-154.",2019,"Simulink simulation models of cyber-physical systems (six case studies, one industrial)","partial - Simulink mutants from previously published operators used only to measure fault revelation; undetected, duplicate and always-killed mutants filtered out.",yes - existing suites of 120-150 input-signal test cases per model form the pool that selection draws from.,"partial - black-box output measures (anti-patterns such as instability, discontinuity, growth; input/output similarity); not electrophysiological features.","yes - NSGA-II (plus NSGA-III, MOEA/D) selects test subsets trading six effectiveness measures against simulation-time cost; compared with random search and white-box coverage.","partial - selection objectives do not use mutants, so mutation score is an independent check; no held-out models or fault families.",no - no AI-generated or AI-assisted model changes.,"IST2019Paper replication material, https://github.com/aitorarrietamarcos/IST2019Paper (no license detected by GitHub API)","Anticipates the runtime-cost framing of test selection for expensive simulations, validated with mutants. NeuroSem differs by selecting directly on a discovery mutant-by-protocol detection matrix, using neuroscience stimulation protocols and eFEL features with calibrated tolerances, and testing generalisation to held-out models and a held-out mutation family.",3,paper,10.1016/j.infsof.2019.06.009,https://doi.org/10.1016/j.infsof.2019.06.009,"Crossref works API (authors, vol 114, pp 137-154); Semantic Scholar Graph API abstract; green open-access author manuscript PDF (ebiltegia.mondragon.edu) read with pypdf (sections 2, 4.2-4.3, Table 2); GitHub REST API for the repository.",OpenAlex search 'mutation analysis Simulink test selection'; verified via Crossref,deepread_r1_b6.json
"Gerkin RC, Birgiolas J, Jarvis RJ, et al. (2019). NeuronUnit: A package for data-driven validation of neuron models using SciUnit. bioRxiv (preprint).",2019,"single-neuron and ion-channel models, including NeuroML models run via jNeuroML or NEURON backends",no - no deliberate model perturbation to measure test sensitivity found in preprint or test source.,partial - square current injections incl. binary-search rheobase and standard vs strong-stimulus variants of Druckmann-style tests; not a designed battery.,"yes - about 50 test classes: rheobase, input resistance, resting potential, spike width, latencies, ISIs, accommodation, AHP depth.",no - optimisation (DEAP/BluePyOpt) fits model parameters to test suites; stimulation protocols are not selected or minimised.,no - no held-out or cross-validation methodology described.,no - not addressed.,"NeuronUnit https://github.com/scidash/neuronunit (PyPI neuronunit 0.1.8.2, license MIT per PyPI; GitHub API reports no detected license; last push 2021-07-18)","Closest feature-level tooling: many electrophysiology tests with rheobase-based stimuli on NeuroML models, scored against experimental data. NeuroSem would instead compare a model against its own reference, calibrate tolerances numerically, seed single-fault mutants, and select a compact battery evaluated on held-out models and mutation families.",3,preprint,10.1101/665331,https://doi.org/10.1101/665331,"Crossref api.crossref.org/works/10.1101/665331 (5 authors, posted 2019-06-09, bioRxiv/openRxiv, abstract); bioRxiv full-text page 10.1101/665331v1.full via WebFetch; GitHub REST API scidash/neuronunit and tests directory listing; neuronunit/tests/fi.py and druckmann2013.py source; PyPI JSON neuronunit.","WebSearch (Scholar fallback) 'NeuronUnit SciUnit data-driven validation neuron models paper'; metadata verified via Crossref api.crossref.org/works | WebSearch site:biorxiv.org (neuron model validation NeuroML testing); Europe PMC 'NeuronUnit', 'SciUnit', 'NeuroML AND SRC:PPR' | OpenAlex search 'SciUnit NeuronUnit'; WebSearch site:dl.acm.org and site:dblp.org SciUnit NeuronUnit; verified via Crossref | Europe PMC: 'NeuroML'; Europe PMC: 'SciUnit OR NeuronUnit'; Crossref: 'SciUnit test-driven framework validation' (+2 more); metadata confirmed via Crossref /works/<doi> [fallback source used because arXiv/OpenAlex were rate-limited] | GitHub search neuronunit / sciunit neuron; DOI via Crossref bibliographic query, verified via Crossref works API | Anchor located via OpenAlex search; citations via Semantic Scholar (8), OpenCitations (11), Europe PMC (2) | WebSearch NeuronUnit query; Europe PMC; Crossref; software https://github.com/scidash/neuronunit (PyPI neuronunit 0.1.8.2, MIT) | Crossref SciUnit/NeuronUnit queries; Europe PMC; verified via Crossref /works",deepread_r1_b0.json
"Matinnejad, R., Nejati, S., Briand, L. C., et al. (2019). Test Generation and Test Prioritization for Simulink Models with Dynamic Behavior. IEEE Transactions on Software Engineering, 45(9), 919-944.",2019,"Industrial Simulink models with dynamic (time-varying) behaviour from Delphi Automotive; cyber-physical systems, not neuroscience","yes - automated fault-seeding program applies mutation operators derived from Simulink fault patterns to model elements; 74 faulty models evaluated, plus three real faults reported.","yes - search generates test suites of input signals (sizes 3, 5, 10) per model output.","partial - feature-based output diversity over signal-shape features; generic signal features, not electrophysiology.",yes - diversity-driven search generation plus greedy budget-oriented test prioritization; compared with random and coverage-based generation and prioritization.,no - evaluated on seeded faulty versions of the subject models; no discovery/held-out model or fault-family split found in retrieved text.,no - no AI-assisted transformations studied.,SimCoTest - https://sites.google.com/site/simcotesttool/ ; paper resources https://github.com/shnejati/TSE-Master (both as cited in paper; not checked live),"Closest SE work combining stimulus generation, budgeted greedy ranking and seeded faults. Its ranking uses surrogate diversity/coverage rewards with manual oracles; NeuroSem selects by known mutant detection with tolerance-calibrated automatic oracles, for NeuroML neurons, validated on held-out models.",3,paper,10.1109/tse.2018.2811489,https://doi.org/10.1109/tse.2018.2811489,"Crossref API (title, 4 authors, TSE 45(9):919-944, issued 2019-09-01; OpenAlex lists publication year 2018, online-first); Semantic Scholar Graph API and OpenAlex abstract; open-access author version from ORBilu (orbilu.uni.lu/bitstream/10993/35029/1/paper.pdf) read for fault seeding, RQs, prioritization algorithm and tool references.",Crossref title query (after WebSearch on Matinnejad Simulink test generation); metadata verified via Crossref api.crossref.org/works | WebSearch site:dl.acm.org test selection simulation models cyber-physical Simulink mutation; verified via Crossref,deepread_r1_b3.json
"Sáray, S., Rössert, C. A., Appukuttan, S., et al. (2021). HippoUnit: A software tool for the automated testing and systematic comparison of detailed models of hippocampal neurons based on electrophysiological data. PLOS Computational Biology 17:e1008114.",2021,detailed multicompartmental rat hippocampal CA1 pyramidal cell (and interneuron) models in NEURON; validation against experimental data,no - compares independently published and BluePyOpt-optimized models against experimental data; no seeded single-fault edits of a reference model.,"yes - five tests: somatic current steps of several amplitudes, 1 s escalating steps for depolarization block, bAP, PSP attenuation, oblique synaptic integration.","yes - Somatic Features Test extracts eFEL spike-shape, timing, subthreshold and sag features; scores are deviations from experimental means.",no - protocols are fixed to mirror the source experiments (configurable via JSON); no selection of a compact or cost-bounded battery.,partial - optimized models are validated on eFEL features beyond those used for fitting; no held-out model or fault-family split for a detection method.,no - no AI-assisted or automated code transformations are studied.,HippoUnit https://github.com/KaliLab/hippounit (GitHub API license BSD-3-Clause; PyPI hippounit 1.4.1 declares MIT - conflict unresolved); demos https://github.com/KaliLab/HippoUnit_demo,"HippoUnit scores models against experimental data (biological validity). NeuroSem would compare a model with its own edited versions, using refinement-calibrated tolerances, seeded single-fault mutants, greedy protocol selection and held-out models/mutation family. HippoUnit's SciUnit capability/test pattern and eFEL use are reusable precedent, not a novelty claim for NeuroSem.",3,paper,10.1371/journal.pcbi.1008114,https://doi.org/10.1371/journal.pcbi.1008114,"Crossref /works/10.1371/journal.pcbi.1008114 (title, 13 authors, venue, 2021-01-29, vol 17, e1008114, abstract); Europe PMC search (PMID 33513130, PMC7875359) and fullTextXML methods sections; GitHub REST API repos/KaliLab/hippounit and /license; PyPI JSON hippounit; raw setup.py; Crossref for preprint 10.1101/2020.07.02.184333","WebSearch (Scholar fallback) 'HippoUnit validation framework ... eFEL'; metadata verified via Crossref api.crossref.org/works | PubMed E-utilities 'HippoUnit'; Europe PMC 'NeuronUnit'/'HippoUnit'; bioRxiv preprint 10.1101/2020.07.02.184333 via WebSearch site:biorxiv.org | OpenAlex search 'SciUnit NeuronUnit'; verified via Crossref | Europe PMC: 'SciUnit OR NeuronUnit'; Europe PMC: 'eFEL AND electrophysiology'; Europe PMC: 'BluePyOpt' (+3 more); metadata confirmed via Crossref /works/<doi> [fallback source used because arXiv/OpenAlex were rate-limited] | GitHub search hippounit (KaliLab/hippounit README DOI); verified via Crossref works API; PyPI hippounit 1.4.1 | Anchor located via OpenAlex search; forward citations via Europe PMC (20), Semantic Scholar (21) and OpenCitations (28) | WebSearch HippoUnit query; Europe PMC refined SciUnit query; Crossref | Europe PMC '(NeuronUnit OR SciUnit) AND validation'; verified via Crossref /works + Europe PMC abstract",deepread_r1_b1.json
"Appukuttan S, Davison AP (2022). Reproducing and quantitatively validating a biologically-constrained point-neuron model of CA1 pyramidal cells. Frontiers in Integrative Neuroscience, 16:1041423.",2022,Izhikevich-type point-neuron CA1 pyramidal models (original Brian; reimplemented in Brian2 and NEURON); not NeuroML,"no; compares independent reimplementations, not deliberately seeded single faults; initial-voltage changes explored only as side checks.","yes; ranges of depolarizing current steps for f-I profiles, hyperpolarizing steps, and an I-V curve test.","yes; features extracted with eFEL through the eFELunit SciUnit test suite, compared by RMSE.",no; tests reproduce original-study figures plus added characterisation tests; no protocol selection or minimisation.,"no; single model family, no discovery/held-out split.",no; manual reimplementation from the published article.,"eFELunit https://github.com/appukuttan-shailesh/eFELunit (PyPI eFELunit 2.0.3, MIT); code https://github.com/appukuttan-shailesh/Ferguson2014_Repro","Documents cross-simulator discrepancies with eFEL-based SciUnit tests. NeuroSem would add seeded single-fault mutants, refinement-calibrated tolerances, greedy battery selection, and held-out model and mutation-family evaluation.",3,paper,10.3389/fnint.2022.1041423,https://doi.org/10.3389/fnint.2022.1041423,Crossref api.crossref.org/works/10.3389/fnint.2022.1041423; Europe PMC abstract (PMID 36424953); PMC9679150 full-text XML via Europe PMC; PyPI JSON for efelunit; GitHub REST API for Ferguson2014_Repro.,"WebSearch 'reproducibility of published neuron models re-implementation different simulators discrepancies'; metadata verified via Crossref api.crossref.org/works | PubMed E-utilities 'NeuronUnit OR SciUnit' and 'test suite[tiab] AND neuron model'; Europe PMC 'SciUnit' | Europe PMC: '(NEURON OR NEST OR Brian2 OR Arbor) AND simulator AND comparison AND neuron'; Europe PMC: 'reproducibility AND ""neuron models"" AND (simulator OR NeuroML)'; Europe PMC: 'SciUnit OR NeuronUnit' (+1 more) [fallback source used because arXiv/OpenAlex were rate-limited] | Europe PMC citations of ModelDB 2004; Semantic Scholar citations of 'A Software Framework for Validating Neuroscience Models'; Europe PMC lens search | PubMed query 'NeuroML OR NeuronUnit OR SciUnit OR Open Source Brain [tiab]' | Europe PMC SciUnit/NeuronUnit and NEURON-NEST-Brian comparison queries; verified via Crossref + Europe PMC abstract",deepread_r1_b2.json
"Lei, C.L., Clerx, M., Gavaghan, D.J., et al. (2022). Model-driven optimal experimental design for calibrating cardiac electrophysiology models. bioRxiv (published 2023 in Computer Methods and Programs in Biomedicine, 240, 107690).",2022,cardiac ventricular action-potential ODE models (O'Hara 2011 plus other published AP models); voltage- and current-clamp,partial - samples and infers maximum-conductance scalings for sensitivity and identifiability; no recorded single-fault model edits or regression mutants.,yes - derives 12 optimised voltage-clamp and 6 current-clamp protocols and compares them with literature benchmark protocols.,"partial - mainly fits whole traces; also tests biomarker-based inference (e.g. APD, AP amplitude, resting potential) and shows noise-induced biomarker biases.","yes - optimises protocol design variables using local and global sensitivity based A-, D- and E*-optimal criteria with global optimisation.",partial - protocols designed on O'Hara or an averaged model are assessed on other AP models; no held-out fault family or frozen split.,no - no AI-assisted model or code transformations.,"action-potential-experimental-design, https://github.com/CardiacModelling/action-potential-experimental-design (BSD-3-Clause)","Optimises continuous protocol designs for parameter identifiability in cardiac models. NeuroSem instead selects a discrete protocol subset to detect behaviour-changing edits in NeuroML neuron models, scored by mutant detection coverage under calibrated tolerances against canonical and cost-matched random baselines.",3,preprint,10.1101/2022.11.01.514669,https://doi.org/10.1101/2022.11.01.514669,"Crossref /works for bioRxiv DOI (posted 2022-11-02, relation is-preprint-of 10.1016/j.cmpb.2023.107690) and for the journal DOI (vol 240, article 107690, Oct 2023); Europe PMC (PPR566325; PMID 37478675); methods read from bioRxiv full-text PDF; code repo confirmed via github.com redirect and gh api (created 2021-07-15, BSD-3-Clause).","Europe PMC: '""optimal experimental design"" AND (""ion channel"" OR ""neuron model"") AND protocol' [fallback source used because arXiv/OpenAlex were rate-limited] | WebSearch 'optimised current clamp protocol cardiac ... identifiability'; Europe PMC refined OED query; Crossref (journal and bioRxiv 10.1101/2022.11.01.514669)",deepread_r1_b7.json
"Srinivasan, M., Kanewala, U. (2022). Metamorphic relation prioritization for effective regression testing. Software Testing, Verification and Reliability, 32(3), e1807.",2022,"general software under test: BBMap read aligner, Weka IBk k-NN classifier, LingPipe bio-entity recognition (not neuron models)","yes: first-order mutants from muJava, PIT and Major mutation tools; mutants raising exceptions or not finishing were removed.","partial: several metamorphic relations, each with source and follow-up inputs, act as a multi-test battery; no physical stimulation protocols.","no: outputs are alignments, classifications and entity labels; no electrophysiology features.","yes: greedy fault-based and coverage-based ordering of metamorphic relations, compared with random ordering and an optimal ordering baseline.","partial: ordering derived on one mutation tool's mutants, evaluated on an independent mutant set from a different tool; no held-out subject programs.",no: faults are tool-generated code mutants; no AI-assisted edits or translations.,"none (uses third-party mutation tools muJava, PIT and Major; arXiv preprint https://arxiv.org/abs/2109.09798)","Generic analogue of NeuroSem's selection step (greedy fault-based test ordering, random baseline, independent mutant set). NeuroSem would add neuron-model mutation operators, current-clamp protocols, calibrated eFEL tolerances, cost-matched baselines and held-out models.",3,paper,10.1002/stvr.1807,https://doi.org/10.1002/stvr.1807,"Crossref works API (type journal-article, issued 2022-02-17, vol 32 issue 3, e1807); Semantic Scholar API (arXiv 2109.09798, DBLP journals/stvr/SrinivasanK22); arXiv PDF full text read (methods, subjects, mutant sets). Preprint dated 2021; journal year 2022 used.",Crossref: 'metamorphic testing scientific software' [fallback source used because arXiv/OpenAlex were rate-limited],deepread_r1_b29.json
"Andrew G. Clark, Michael Foster, Benedikt Prifling, et al. (2023). Testing Causality in Scientific Modelling Software. ACM Transactions on Software Engineering and Methodology, 33(1), 1-42.",2023,"scientific simulation models: Poisson line tessellation, Luo-Rudy 1991 cardiac action potential ODE model, Covasim agent-based epidemic model",no - no mutation analysis or seeded-fault evaluation found in accepted manuscript text; faults found were real (e.g. a reported Covasim issue).,"partial - tests effects of input interventions (e.g. six LR91 conductances) via metamorphic relations, not a current-clamp protocol battery.",partial - LR91 case study uses cardiac APD90 as output; no neural/eFEL features or multi-feature fingerprints.,no - reduces model executions by inferring outcomes from existing data via causal inference; no test or protocol subset selection.,no - three evaluative case studies replicating prior studies; no held-out models or fault families.,no - not addressed.,Causal Testing Framework (MIT licence) https://github.com/CITCOM-project/CausalTestingFramework,"Infers metamorphic outcomes from causal DAGs and reused data, including a cardiac AP model. NeuroSem instead uses mutants, stimulus batteries, calibrated tolerances and greedy selection with held-out evaluation.",3,paper,10.1145/3607184,https://doi.org/10.1145/3607184,"Crossref /works API (7 authors, TOSEM 33(1):1-42); OpenAlex W4384030289 (abstract); Semantic Scholar (arXiv 2209.00357, open PDF); accepted manuscript text read (White Rose eprints 200672); GitHub REST API for repo and licence.",WebSearch site:dl.acm.org test oracle numerical tolerance scientific simulation software floating-point regression; verified via Crossref,deepread_r1_b5.json
"Birgiolas, J., Haynes, V., Gleeson, P., et al. (2023). NeuroML-DB: Sharing and characterizing data-driven neuroscience models described in NeuroML. PLOS Computational Biology 19:e1010941.",2023,"database of 1,500+ NeuroML channel, cell and network models; cell models converted by jNeuroML to NEURON for simulation","no - characterizes existing published models; correctness of NeuroML-to-NEURON conversion is attributed to the OSB Model Validation framework, not mutation testing.","yes - Allen Cell Types protocols (square, long square, pink noise, ramp, short square, short square triple) plus rheobase-multiple steps and ramps.","yes - 38 Druckmann-style properties implemented as NeuronUnit tests, plus resting spike count, ramp first-spike time and frequency filtering.",partial - discusses that fixed 1.5x/3x rheobase stimuli poorly characterize some model clusters and suggests better protocols; no algorithmic selection.,no - database-scale PCA and nested clustering of model properties; no held-out detection evaluation.,no - no AI-assisted transformations.,NeuroML-DB https://neuroml-db.org (HTTP 200 on 2026-09-13); code https://github.com/scrook/neuroml-db (GitHub API license MIT); property tests built on NeuronUnit https://github.com/scidash/neuronunit,"Closest NeuroML-specific precedent for multi-protocol, rheobase-normalized feature fingerprints of models. It fingerprints different models for search and clustering (and imputes missing properties with min/max/mean). NeuroSem would compare a reference with edited versions, keep undefined features undefined, calibrate tolerances by refinement, seed mutants, select a compact battery and evaluate on held-out models and a mutation family.",3,paper,10.1371/journal.pcbi.1010941,https://doi.org/10.1371/journal.pcbi.1010941,"Crossref /works/10.1371/journal.pcbi.1010941 (title, 6 authors, venue, 2023-03-03, vol 19, e1010941, abstract); Europe PMC (PMID 36867658, PMC10016719) fullTextXML methods/results/discussion; GitHub REST API repos/scrook/neuroml-db; HTTP check of neuroml-db.org; Crossref for preprint 10.1101/2021.09.11.459920 (is-preprint-of this DOI)","Google Scholar '""NeuronUnit""' (bioRxiv version) + Crossref title query; metadata verified via Crossref api.crossref.org/works | PubMed 'NeuroML'; Europe PMC '""NeuroML-DB""'; bioRxiv preprint 10.1101/2021.09.11.459920 via WebSearch site:biorxiv.org | OpenAlex search 'NeuroML 2 language'; WebSearch site:dblp.org NeuroML (bioRxiv link); verified via Crossref | Europe PMC: 'NeuroML'; Europe PMC: '""Open Source Brain""'; Europe PMC: 'pyNeuroML' (+8 more) [fallback source used because arXiv/OpenAlex were rate-limited] | GitHub search NeuroML-DB (scrook/neuroml-db); DOI via Crossref bibliographic query, verified via Crossref works API | Anchor via OpenAlex search; citations via Europe PMC (10), Semantic Scholar (12), OpenCitations (20) | PubMed query 'NeuroML OR NeuronUnit OR SciUnit OR Open Source Brain [tiab]'; WebSearch 'NeuroML-DB electrophysiological characterization ...'; Crossref | Crossref 'NeuroML mutation testing' (bioRxiv version); Europe PMC; verified via Crossref + abstract",deepread_r1_b1.json
"Ling, X., Menzies, T. (2023). What Not to Test (For Cyber-Physical Systems). IEEE Transactions on Software Engineering 49(7), 3811-3826.",2023,Simulink cyber-physical simulation models (six case studies with mutants reused from Arrieta et al.),"yes - reuses generated Simulink mutants (arithmetic, logical, relational, connection operators) to judge whether selected tests distinguish mutants from the original.",yes - test cases are distinct input signals simulated on each model; selection chooses among many candidate test inputs.,"partial - no electrophysiology; uses signal-derived goals (output discontinuity, instability, growth to infinity, variance) as a domain feature analogue.",yes - DoLesS picks a minimal effective test subset via least-squares approximation over multiple goals; compares to NSGA-II-based prior selection.,no - evaluation repeats runs on the same case studies; no held-out models or held-out mutation families found in the arXiv text.,no - no AI or coding-agent edits; mutants are rule-based.,"DoLesS reproduction package, https://github.com/ai-se/DoLesS (GitHub API reports no license)","Closest structural analogue in CPS: mutation-guided minimal test selection over simulated signals. NeuroSem adds conductance neuron models, eFEL features, refinement-calibrated tolerances, admissibility classification, held-out models and mutation family, random cost-matched baselines.",3,paper,10.1109/tse.2023.3272309,https://dl.acm.org/doi/10.1109/TSE.2023.3272309,"Crossref works API (metadata); OpenAlex and Semantic Scholar API (abstract, arXiv 2112.01598 link); arXiv abs page and full-text PDF read; GitHub REST API for repository.",WebSearch site:dl.acm.org test selection simulation models cyber-physical Simulink mutation; verified via Crossref,deepread_r1_b26.json
"Liu, J., Xia, C. S., Wang, Y., et al. (2023). Is Your Code Generated by ChatGPT Really Correct? Rigorous Evaluation of Large Language Models for Code Generation. Advances in Neural Information Processing Systems 36, pp. 21558-21572.",2023,"LLM-synthesised general-purpose Python functions (HumanEval / MBPP benchmark tasks); general software, not scientific models",partial - mutants of ground-truth programs serve as a test-suite reduction requirement; inputs grown by type-aware mutation; no domain-specific single-fault families,yes - LLM-seeded plus type-aware-mutation input generation greatly expands test inputs per task (abstract reports 80x for HumanEval+),no - outputs compared by differential testing against ground-truth implementation; no physiological features or calibrated tolerances,"yes - greedy set cover selects a minimal test subset preserving branch coverage, killed mutants and empirical LLM-sample kills (HumanEval+-mini)",partial - reduction tool README mentions per-LLM cross-validation output; no held-out program or fault-family split verified in paper text read,"yes - measures how thin tests let wrong LLM-generated code pass; generation from specifications, not edits of existing code",EvalPlus - https://github.com/evalplus/evalplus (Apache-2.0 per GitHub API); reduction code in tools/tsr,"Closest structural analogue in this batch: test augmentation plus greedy mutant-kill set cover. NeuroSem transfers the idea to neuron models: current-clamp protocols as tests, eFEL features with refinement-calibrated tolerances as oracle, domain single-fault mutants of existing NeuroML models, count/runtime-matched random baselines, held-out models and mutation family. Greedy mutant-coverage selection itself is not novel.",3,paper,10.52202/075280-0943,https://doi.org/10.52202/075280-0943,"Crossref works API (title, 4 authors, NeurIPS 36, pages); DataCite for arXiv 10.48550/arxiv.2305.01210 abstract; arXiv abs page and arXiv HTML full text (sections 2.1-2.2, test-suite reduction); GitHub REST API via gh (repo licence) and README + tools/tsr/README.md",Crossref silent semantic errors LLM code query; verified via Crossref,deepread_r1_b42.json
"Reva, M., Rössert, C., Arnaudon, A., et al. (2023). A universal workflow for creation, validation, and generalization of detailed neuronal models. Patterns 4:100855.",2023,detailed multicompartmental rat somatosensory cortex e-models (NEURON; workflow can export NeuroML) optimized with BluePyOpt,"partial - sensitivity analysis lowers each parameter by 10, 50 and 90% one at a time and measures e-feature changes; not a detection study.","yes - several somatic step protocols for optimization; Ramp, sAHP and IDHyperpol plus dendritic bAP and EPSP tests for validation.","yes - BluePyEfe e-features (spike count, AP amplitude, ISIs, sag ratio, AHP depth) at rheobase-normalized stimulus targets.","no - model parameters are optimized; protocols are chosen by design, not selected algorithmically.","partial - validates on stimuli unused in fitting and generalizes e-models to many unseen morphologies; aim is fidelity, not change detection.",no - no AI-assisted transformations.,"SSCxEModelExamples https://github.com/BlueBrain/SSCxEModelExamples (cited in paper; GitHub license NOASSERTION); related pipeline BluePyEModel https://github.com/openbraininstitute/BluePyEModel (PyPI bluepyemodel 1.0.47, Apache-2.0 text; GitHub NOASSERTION; link to this paper not verified by me)","Builds and validates models against experimental data, including unseen-stimulus validation and one-at-a-time parameter perturbation. NeuroSem instead asks whether edits to an existing model silently change behavior, adding refinement-calibrated tolerances, admissible-mutant classification, greedy battery selection and a held-out mutation family. Its rheobase-relative stimuli are reusable practice.",3,paper,10.1016/j.patter.2023.100855,https://doi.org/10.1016/j.patter.2023.100855,"Crossref /works/10.1016/j.patter.2023.100855 (title, 9 authors, Patterns, 2023-11, vol 4, 100855; no abstract); Europe PMC (PMID 38035193, PMC10682753) abstract and fullTextXML experimental procedures (features, validation, sensitivity analysis, generalization, code availability); GitHub REST API; PyPI JSON bluepyemodel; Crossref for preprint 10.1101/2022.12.13.520234","WebSearch 'BluePyMM model management neuron models ...' + Crossref title query; metadata verified via Crossref api.crossref.org/works | Europe PMC 'BluePyOpt' and 'parameter sensitivity AND electrophysiological features AND neuron model'; bioRxiv preprint 10.1101/2022.12.13.520234 via WebSearch site:biorxiv.org | WebSearch site:ieeexplore.ieee.org feature-based optimization neuron model electrophysiology features multiple stimuli validation (PMC link); verified via Crossref | OpenAlex: 'NeuroML mutation testing'; Europe PMC: 'reproducibility AND ""neuron models"" AND (simulator OR NeuroML)'; Europe PMC: 'BluePyOpt' | DOI in README of GitHub openbraininstitute/BluePyEModel; verified via Crossref works API (no abstract in Crossref) | Europe PMC citations of BluePyOpt (MED 27375471); also Semantic Scholar citations of BluePyOpt; Crossref-verified | Europe PMC refined features/validation/generalization query; abstract via Europe PMC | Europe PMC 'electrophysiological features AND neuron model AND validation AND protocols'; verified via Crossref + Europe PMC abstract",deepread_r1_b1.json
"Frankie Patten-Elliott, Chon Lok Lei, Simon P. Preston, et al. (2024). Optimising experimental designs for model selection of ion channel drug binding mechanisms. bioRxiv (preprint).",2024,cardiac hERG ion-channel ODE models combined with 15 candidate drug-binding mechanism models (voltage clamp),partial - 15 alternative drug-binding mechanism models act as competing variants; not single recorded faults applied to one reference model.,partial - voltage-clamp protocols parameterised by six step voltages and two durations; optimised designs compared with a simple previously used protocol.,"no - compares simulated current outputs and log-likelihood fits; no eFEL-style features, and voltage rather than current clamp.",yes - CMA-ES maximises the median pairwise squared output difference between fitted candidate models to improve model selection.,partial - robustness examined with a different data-generating hERG model (model discrepancy case); no held-out model or variant families.,no - no AI involvement.,"binding_model_OED, https://github.com/CardiacModelling/binding_model_OED (BSD-3-Clause per GitHub API)","Optimising protocols to separate ion-channel model variants parallels choosing stimuli that expose model differences. NeuroSem differs in setting (neuron current clamp), goal (regression detection after edits rather than mechanism selection), discrete greedy battery selection on mutants, feature tolerances, cost-matched random baselines, and held-out models and mutation family.",3,preprint,10.1101/2024.08.20.608856,https://doi.org/10.1101/2024.08.20.608856,"Crossref works API (posted-content, five authors); bioRxiv API (v1 posted 2024-08-21, cc_by, no published version found); OpenAlex; full text at biorxiv.org (methods on protocol parameterisation, objective, evaluation); GitHub REST API for repository and license.","Europe PMC: '""optimal experimental design"" AND (""ion channel"" OR ""neuron model"") AND protocol' [fallback source used because arXiv/OpenAlex were rate-limited]",deepread_r1_b6.json
"Ezio Bartocci, Leonardo Mariani, Dejan Nickovic, et al. (2025). Signal Feature Coverage and Testing for CPS Dataflow Models. ACM Transactions on Software Engineering and Methodology, 34(7), Article 199, 1-37.",2025,Simulink dataflow models of cyber-physical systems (five models tested against ten Signal Temporal Logic properties),"yes - FIM fault-injection tool with seven Simulink operators (noise, bias, negate, ROR, S2P, P2S, ASR); first-order mutants used to score test suites.","yes - many input-signal test cases generated per model by particle-swarm search; generated test inputs, not a fixed library of named protocols.","partial - ten generic signal features (mean, SD, RMS, shape factor, skewness, kurtosis, peak, impulse/crest factor, instantaneous frequency); not electrophysiological.",partial - search-based test generation maximising signal-feature coverage within a time budget; not selection of a compact battery from a mutant-detection matrix.,no - mutants only evaluate generated suites (coverage is not tuned on mutants); no discovery/held-out split of models or fault families described.,no - faults are tool-injected mutants; no AI-assisted model edits studied.,"fct_master data package, https://gitlab.com/DrishtiYadav/fct_master (license reported as MIT by GitLab API)","Structurally closest in this batch (signal features plus mutation scoring) but for CPS Simulink test generation. NeuroSem would use eFEL electrophysiology features, rheobase-normalised current-clamp protocols, refinement-calibrated tolerances, greedy selection on discovery mutants, held-out models and a held-out mutation family, and valid-transformation false-positive controls.",3,paper,10.1145/3714467,https://doi.org/10.1145/3714467,"Crossref works API (10.1145/3714467: title, authors, vol 34 issue 7, pp 1-37); OpenAlex abstract; open-access version-of-record PDF from BOA Milano-Bicocca (boa.unimib.it/handle/10281/591661) read with pypdf (sections 3-4, Table 5); GitLab API for the repository.",WebSearch site:dl.acm.org test selection simulation models cyber-physical Simulink mutation; verified via Crossref,deepread_r1_b6.json
"Patten-Elliott, F., Lei, C. L., Preston, S. P., et al. (2025). Optimizing experimental designs for model selection of ion channel drug-binding mechanisms. Philosophical Transactions of the Royal Society A: Mathematical, Physical and Engineering Sciences, 383(2292).",2025,"Cardiac hERG ion-channel Markov ODE models (Lei and Lu hERG models) combined with 15 candidate drug-binding mechanism models, simulated in Myokit under voltage clamp","partial - compares 15 structurally distinct candidate drug-binding models plus a discrepant hERG model; competing hypotheses, not recorded single-fault mutants of a reference model.","partial - contrasts a modified Milnes voltage-clamp protocol with one optimized two-pulse protocol; voltage clamp only, no current-clamp battery.","no - discrimination uses pairwise sum-of-squares differences between simulated traces and maximized log-likelihoods of fits, not extracted electrophysiological features.",yes - CMA-ES maximizes the median pairwise trace difference between candidate models over eight voltage and timing protocol parameters.,partial - robustness examined with a discrepant data-generating hERG model and several drugs; no discovery/held-out model or mutation-family split.,no - no AI-assisted model editing or transformation is studied.,binding_model_OED - https://github.com/CardiacModelling/binding_model_OED (BSD-3-Clause per GitHub API); paper also cites a Zenodo archive 10.5281/zenodo.14751331 (not resolved here),"Closest electrophysiology precedent for designing stimuli that separate model variants. NeuroSem instead detects post-edit drift in NeuroML neurons: fixed current-clamp protocol library, eFEL features, refinement-calibrated tolerances, greedy subset selection over mutants, held-out evaluation.",3,paper,10.1098/rsta.2024.0227,https://doi.org/10.1098/rsta.2024.0227,"Crossref API (api.crossref.org/works/10.1098/rsta.2024.0227: title, 5 authors, volume 383 issue 2292, 2025-03-13, CC BY 4.0); Europe PMC search (PMID 40078143, PMC11904620) and full-text XML read (methods, max-med criterion, discrepancy section, data accessibility); GitHub REST API for repo and license; bioRxiv preprint 10.1101/2024.08.20.608856 confirmed on Crossref as posted-content with same authors.",WebSearch 'optimal experimental design voltage protocol ...' + Crossref title query; metadata verified via Crossref api.crossref.org/works | PubMed E-utilities '(model discrimination[tiab] OR model selection[tiab]) AND voltage protocol'; Europe PMC OED queries; bioRxiv preprint 10.1101/2024.08.20.608856 | Europe PMC lens search (optimal experimental design / protocol design for ion channel models) | WebSearch 'model discrimination optimal voltage protocol hERG ...'; Europe PMC refined 'model discrimination' query; PubMed esummary; bioRxiv 10.1101/2024.08.20.608856 checked on Crossref,deepread_r1_b3.json
"Lee, S., Jang, H. J., Han, J.-H. (2026). Poster: NeuroCERT: Executable Testing for Oracle-Limited Biophysical Network Simulation. 2026 IEEE International Conference on Software Testing, Verification and Validation (ICST), pp. 324-327.",2026,Stochastic biophysical spiking network simulation (feedforward multisensory network case study),unclear - abstract reports detecting structural mismatches before analysis but describes no mutation operators; full text not retrieved.,unclear - abstract does not describe stimulation protocols.,partial - applies batch-level stochastic regression criteria to simulation outputs; specific features not stated in abstract.,no - no protocol or test selection described in abstract.,no - single network case study per abstract.,no - not mentioned in abstract.,none found (abstract names the NeuroCERT testing layer; no repository URL retrieved),"Shares motivation of regression testing neuroscience simulations with weak oracles. NeuroCERT stresses provenance, pre-run structural checks and stochastic network outputs; NeuroSem targets deterministic NeuroML neurons with single-fault mutants, multi-protocol eFEL fingerprints, calibrated tolerances, battery selection and held-out evaluation.",3,paper,10.1109/ICST69053.2026.00050,https://doi.org/10.1109/ICST69053.2026.00050,"Crossref API (title, 3 authors, ICST 2026 proceedings, pp. 324-327, 2026-05-18); Semantic Scholar Graph API (abstract, DBLP key conf/icst/LeeJH26; open access status CLOSED). DBLP search returned a bot-check page; full text not accessed, so several columns rely on the abstract only.",Semantic Scholar Graph API search 'reproducibility regression testing computational neuroscience' (paper 0df3dfa91a49c5aa53ef266836f49fe824257f9f); metadata verified via Crossref api.crossref.org/works/10.1109/ICST69053.2026.00050; also Google Scholar 'NeuroCERT neurosimulation regression traceability' (IEEE Xplore page https://ieeexplore.ieee.org/abstract/document/11600512/) | Semantic Scholar API forward citations of SciUnit ICSE 2014 (DOI:10.1145/2591062.2591129); metadata verified via Crossref API; abstract from Semantic Scholar paper API (IEEE Xplore page returned no content),deepread_r1_b3.json
"Li M, Yang X, Liu J, et al. (2026). A semantic mutation metric for metamorphic relation adequacy in scientific computing programs. arXiv:2605.17437.",2026,"12 single-output scientific computing programs (numeric, probabilistic, surrogate, machine-learning classes); not neuron models.","yes - Five domain-semantic mutation operators (for example conservation erosion, hyperparameter changes), partly LLM-generated.",partial - Metamorphic relations evaluated on transformed inputs; no current-clamp style protocols.,no - None.,no - Proposes an adequacy score for metamorphic relations; greedy selection not indicated in abstract.,unclear - Abstract reports pre-registered effect-size tests; no held-out mutation family evident.,partial - LLM-generated semantic mutants compared with syntactic cosmic-ray mutants.,Replication package on Zenodo (per arXiv comment; record URL not verified),"Closest software-testing analogue: domain-semantic mutants to assess test adequacy in scientific code. NeuroSem targets NeuroML neuron models, electrophysiology fingerprints, tolerance calibration and compact protocol batteries.",3,preprint,10.48550/arXiv.2605.17437,https://arxiv.org/abs/2605.17437,"arXiv abstract page (title, four authors, v1 2026-05-17, v2 2026-07-07, comments, DOI). Full text not read.",completeness-critic gap round 2 (re-run 2026-09-13),deepread_r2x_b0.json
"Ludwig O, Anklesaria N, Jin Z, et al. (2026). Kaizen: Metamorphic Fuzzing and Differential Testing for LLM-Translated HPC Applications. arXiv:2607.04058 [cs.SE] (preprint; comments state under review at ACM TOSEM).",2026,general HPC scientific applications (CUDA-to-OpenMP translation of 16 HeCBench apps; motivating example is a leaky integrate-and-fire neuron kernel),"partial - 15 grammar-based source mutation operators, but they create semantics-preserving program variants to diversify translation inputs, not single-fault mutants.","partial - grammar-based runtime input fuzzing (boundary, random, mutation-based, coverage-guided) over dimensions, parameters and data arrays; not electrophysiological stimuli.","no - outputs compared with configurable error norms or each app's built-in check; LIF example compares spike values, no electrophysiology feature extraction.",partial - coverage-guided prioritization of fuzzed inputs; no budgeted selection of a compact test battery.,partial - full-program translation prompt engineered on 5 held-out HeCBench apps; no held-out models or fault families for a selected test set.,yes - core subject: three fine-tuned LLMs translating CUDA to OpenMP at kernel and full-program granularity.,"Kaizen replication package, https://github.com/ANSWER-OSU/Kaizen-Replication-Package (GitHub API reports no license)","Anticipates NeuroSem's motivation (code passes developer tests yet gives wrong scientific output) for LLM-translated HPC code. NeuroSem would instead target NeuroML/LEMS neuron models with electrophysiology protocols and features, refinement-calibrated tolerances, deliberate single-fault mutants, greedy budgeted protocol selection and held-out model/mutation-family evaluation.",3,preprint,none retrieved,https://arxiv.org/abs/2607.04058,"arXiv abstract page citation meta tags and submission history (https://arxiv.org/abs/2607.04058, v1 4 Jul 2026); arXiv HTML full text sections 3-5 and threats (https://arxiv.org/html/2607.04058); GitHub REST API for replication repo (https://api.github.com/repos/ANSWER-OSU/Kaizen-Replication-Package). arXiv export API returned 503.",completeness critic r2,deepread_r2_b0.json
"Song, Z., Liu, Y., Wan, C., et al. (2026). Your Simulation Runs but Solves the Wrong Physics: PDE-Grounded Intent Verification for LLM-Generated Multiphysics Simulation Code. arXiv preprint arXiv:2605.09360.",2026,"PDE-based multiphysics simulation input files (MOOSE Kernels/BCs), plus static checks on UFL/FEniCS, FreeFEM, FiPy, Devito; not neuroscience","partial: 30 MOOSE-executed perturbation pairs (structural, boundary-value, coefficient edits) used to validate the metric; not a systematic single-fault operator family",no: verification reconstructs the encoded PDE and compares it structurally to an intended contract; no stimulus or input battery,no: structural Intent Fidelity Score and coefficient-matching score plus final-field relative L2 error; no electrophysiology,"no: optimises generated code via an error-guided refinement loop, not selection of test inputs or protocols",partial: cross-DSL static generalisation and cross-model contract transfer reported; no discovery/held-out split for selecting tests,"yes: code generated by several LLMs (e.g. Claude Sonnet 4.6, GPT-5.4, DeepSeek V4 Flash) and repaired by LLM refinement loops",moose-ifs https://github.com/HaningZS/moose-ifs (MIT per GitHub API; includes IFS metric and 220-case MooseBench),"Shares the motivating claim that executable, converging simulation code can be scientifically wrong. It verifies symbolic PDE structure against intent; NeuroSem instead detects behavioural divergence via multi-protocol electrophysiology fingerprints with calibrated tolerances, single-fault mutants, battery selection and held-out models. Also notes coefficient errors can evade structural checks, which behavioural testing targets.",3,preprint,10.48550/arxiv.2605.09360,https://doi.org/10.48550/arxiv.2605.09360,"DataCite API api.datacite.org/dois/10.48550/arxiv.2605.09360 (title, 7 creators, 2026, abstract); arXiv abs page arxiv.org/abs/2605.09360 citation meta tags (submitted 10 May 2026, v1); arXiv HTML full text arxiv.org/html/2605.09360 (methods, perturbation experiment, LLMs, code link); GitHub REST API repos/HaningZS/moose-ifs (license MIT)",DataCite API (arXiv DOIs) title query LLM + simulation code; abstract via DataCite,deepread_r1_b9.json
"Marin B, Gleeson P (2026). OSB Model Validation (OMV), version 0.4.0 [software]. GitHub repository OpenSourceBrain/osb-model-validation; PyPI package OSBModelValidation.",2026 (PyPI release 0.4.0 uploaded 2026-06-05; GitHub repository created 2014-04-16),"NeuroML2/LEMS and other Open Source Brain models run on multiple simulator engines (e.g. jNeuroML, jNeuroML_NEURON)",no - checks models against user-written expected values; no mutant generation or fault injection.,partial - a MEP file can list several user-authored experiments; no standard or generated protocol battery.,"partial - analyzers cover spike times, resting potential, input resistance, rates and time series, compared elementwise rather than as an eFEL feature set.",no - no selection or optimisation of experiments or stimuli.,no - continuous-integration regression checks; no held-out evaluation design.,no - no AI-generated or AI-edited models.,"OSB Model Validation, https://github.com/OpenSourceBrain/osb-model-validation (PyPI OSBModelValidation 0.4.0, LGPL-3.0-only per PyPI; GitHub API reports LGPL-3.0)","OMV is the saved-output regression baseline NeuroSem would reuse. Tolerances are hand-set per observable (numpy allclose relative tolerance, default 0.1). NeuroSem would add refinement-calibrated feature tolerances, seeded mutants and selected multi-protocol batteries.",3,software,,https://github.com/OpenSourceBrain/osb-model-validation,"GitHub REST API (repo metadata, license, file tree); raw GitHub README.md and source (omv/analyzers/analyzer.py, spikes.py, utils/timeseries.py, schemata/types/protocol.yaml); PyPI JSON API (version, license, authors, release dates).",WebSearch 'OSB Model Validation OMV osb-model-validation GitHub repository'; PyPI JSON,deepread_r1_b8.json
"Bhalla US, Bilitch DH, Bower JM (1992). Rallpacks: a set of benchmarks for neuronal simulators. Trends in Neurosciences 15(11):453-458.",1992,compartmental neuronal models used as simulator benchmarks (cable and axon models),no - benchmarks compare different simulators on fixed reference models; no deliberate faults are introduced into models.,unclear - abstract describes a benchmark set but not the stimulation conditions; full text not accessed.,partial - abstract frames comparisons in terms of speed and accuracy of simulated neuronal output; no feature-library fingerprints described.,no - fixed benchmark set; no selection of a compact protocol battery.,"no - reference benchmarks for simulator comparison, no held-out models or fault families.",no - predates AI-assisted model editing; not discussed.,none,"Early precedent for checking neuronal simulator accuracy against shared references, relevant to NeuroSem's numerical baseline. NeuroSem would instead test edited models, using single-fault mutants, multi-protocol eFEL fingerprints and selected protocol batteries.",2,paper,10.1016/0166-2236(92)90009-w,https://doi.org/10.1016/0166-2236(92)90009-w,"Crossref /works/<doi> (title, authors, venue, volume, pages); PubMed E-utilities efetch PMID 1281353 (abstract); OpenAlex record. Full text not accessed.",completeness-critic gap round 2 (re-run 2026-09-13),deepread_r2x_b2.json
"Harrold, M. J., Gupta, R., Soffa, M. L. (1993). A methodology for controlling the size of a test suite. ACM Transactions on Software Engineering and Methodology, 2(3), 270-285.",1993,general software (data-flow coverage test suites),"no - reduction is driven by coverage of testing requirements (illustrated with data-flow testing), not mutants.",no - generic program test cases.,no - not a neuroscience or signal-feature work.,yes - selects a representative subset that keeps requirement coverage while removing redundant and obsolete tests.,no - reports achievable reduction experimentally; no generalisation to unseen programs or fault families described in abstract.,no - no AI-generated transformations.,none,Coverage-preserving suite reduction; NeuroSem's greedy battery would target mutant detection across stimulation protocols and test transfer to held-out models and a held-out mutation family.,2,paper,10.1145/152388.152391,https://doi.org/10.1145/152388.152391,"Crossref api.crossref.org/works/10.1145/152388.152391 (title, authors, venue, vol 2 issue 3, pp 270-285, abstract); OpenAlex works/doi (authors, 1993, abstract). Semantic Scholar DOI lookup returned not found.",Crossref title query 'A methodology for controlling the size of a test suite'; metadata verified via Crossref api.crossref.org/works,deepread_r1_b12.json
Roache PJ (1994). Perspective: A Method for Uniform Reporting of Grid Refinement Studies. Journal of Fluids Engineering 116:405-413.,1994,Computational fluid dynamics discretisations.,no - None.,no - None.,no - None.,no - None.,no - None.,no - None.,none,"Proposes the Grid Convergence Index from Richardson extrapolation, a precedent for refinement-based uncertainty. NeuroSem would adapt time-step refinement to set feature tolerances for neuron models.",2,paper,10.1115/1.2910291,https://doi.org/10.1115/1.2910291,"Crossref /works (metadata, abstract).",completeness-critic gap round 2 (re-run 2026-09-13),deepread_r2x_b0.json
"Hansel D, Mato G, Meunier C, et al. (1998). On Numerical Simulations of Integrate-and-Fire Neural Networks. Neural Computation 10:467-483.",1998,Large networks of integrate-and-fire neurons.,no - None.,no - Not indicated in abstract.,partial - Assesses network synchronization properties under different step sizes.,no - None.,no - None.,no - None.,none,"Shows time-step choice alters simulated neural dynamics, supporting NeuroSem's need for refinement-calibrated tolerances. No edit detection or protocol selection.",2,paper,10.1162/089976698300017845,https://doi.org/10.1162/089976698300017845,"Crossref /works (metadata, abstract).",completeness-critic gap round 2 (re-run 2026-09-13),deepread_r2x_b0.json
"Chen TY, Feng J, Tse TH (2002). Metamorphic testing of programs on partial differential equations: a case study. Proceedings 26th Annual International Computer Software and Applications (CMPSAC-02, Oxford, UK), IEEE Computer Society, pp. 327-333.",2002,"numerical PDE solver program (elliptic PDE with Dirichlet boundary conditions, iterative finite-difference scheme); general scientific software",partial - one hand-injected fault (a swapped variable in the convergence check) used for illustration; no systematic mutant generation.,partial - same problem solved on successively refined mesh grids and checked at several grid points; not distinct stimulation protocols.,"no - checks computed temperatures at grid points, not neuronal or electrophysiological features.",no - a single metamorphic relation; no test selection or optimisation.,no - single program and single seeded fault case study.,no - none.,none,"Early precedent for using behaviour under grid or step-size refinement as an oracle for numerical programs. NeuroSem would use refinement for a different job, calibrating feature tolerances, and would add neuron-specific stimulation protocols, systematic single-fault mutants, battery selection and held-out evaluation.",2,paper,10.1109/cmpsac.2002.1045022,https://doi.org/10.1109/cmpsac.2002.1045022,"Crossref https://api.crossref.org/works/10.1109/cmpsac.2002.1045022 (title, authors, pp. 327-333, event CMPSAC-02 Oxford UK; no issued date); Semantic Scholar graph API batch (publicationDate 2002-08-26, DBLP conf/compsac/ChenFT02); figshare API https://api.figshare.com/v2/articles/26285137 (repository citation year 2002). OpenAlex https://api.openalex.org/works/doi:10.1109/cmpsac.2002.1045022 gives 2003, likely an indexing date; year 2002 adopted from the event and two concordant sources. Full text read from https://ndownloader.figshare.com/files/47650609.",WebSearch site:dl.acm.org metamorphic testing bioinformatics simulation programs; DOI via Crossref (Crossref record lacks an issued date; year taken from the DOI string 'cmpsac.2002' - treat as provisional),deepread_r1_b24.json
"Prinz, A. A., Bucher, D., Marder, E. (2004). Similar network activity from disparate circuit parameters. Nature Neuroscience, 7(12), 1345-1352.",2004,three-cell conductance-based model of the crustacean stomatogastric pyloric network (large parameter-space simulation),"partial - systematically varies synaptic strengths and intrinsic properties across over 20 million combinations; parameter sweep, not single-fault mutants.",unclear - abstract describes network output activity only; no stimulation battery evident (full text not accessed).,partial - network activity patterns compared for similarity; specific feature definitions not verified from full text.,no - no selection of stimuli or tests.,no - exhaustive simulation database; no held-out evaluation design.,no - no AI involvement.,none identified,"Foundational motivation: near-identical output can arise from very different parameters, so one observation can mask parameter changes. NeuroSem turns this into a testing problem, using stimulus batteries to expose parameter mutants that a canonical test misses.",2,journal article,10.1038/nn1352,https://doi.org/10.1038/nn1352,"Crossref API (api.crossref.org/works/10.1038/nn1352: 3 authors, Nat Neurosci 7(12):1345-1352, online 2004-11-21); Europe PMC REST abstract (PMID 15558066). Full text paywalled, not read.",completeness critic r2,deepread_r2_b6.json
"Andrews, J. H., Briand, L. C., Labiche, Y. (2005). Is mutation an appropriate tool for testing experiments?. Proceedings of the 27th International Conference on Software Engineering (ICSE '05), 402.",2005,general software (programs with test pools and known real faults),yes - compares operator-generated mutants with real faults and hand-seeded faults as stand-ins in testing experiments.,"partial - uses comprehensive test-case pools, but these are program inputs, not stimulation protocols.",no - general programs; no signal or electrophysiology features.,"no - assesses fault realism, not test selection (per abstract).",no - abstract describes no discovery/held-out split.,no - not addressed.,none,Methodological support for mutants as proxies for real faults in software; NeuroSem would need domain evidence that NeuroML/LEMS mutants resemble real modelling faults.,2,paper,10.1145/1062455.1062530,https://doi.org/10.1145/1062455.1062530,"Crossref api.crossref.org/works/10.1145/1062455.1062530 (authors, ICSE '05 proceedings, page 402, ACM Press); abstract from OpenAlex API; full text not openly available per OpenAlex/Semantic Scholar.",WebSearch site:dl.acm.org mutation testing scientific software simulation; verified via Crossref,deepread_r1_b25.json
"Lewi, J., Butera, R., & Paninski, L. (2006). Efficient model-based design of neurophysiological experiments. 2006 International Conference of the IEEE Engineering in Medicine and Biology Society, 599-602.",2006,statistical/parametric models of a neuron's stimulus response (parameter estimation); not conductance-based NeuroML models,no - estimates unknown parameters; no single-fault mutants of a reference model.,yes - chooses a new stimulus each trial from a high-dimensional stimulus space.,"no - abstract describes likelihood-based parameter estimation, not extracted electrophysiology features.","yes - adaptive selection of the most informative stimulus, compared against random sampling.",no - simulation comparisons of estimation efficiency; no held-out model or fault-family split in abstract.,no - no model editing or AI-generated transformations.,none,"Optimises stimuli sequentially to estimate parameters of one model. NeuroSem would select a fixed compact battery offline to detect behaviour-changing edits, with random-set baselines and held-out models.",2,paper (conference),10.1109/iembs.2006.260690,https://ieeexplore.ieee.org/document/4461821/,"Crossref api.crossref.org/works/10.1109/iembs.2006.260690 and /10.1109/iembs.2006.4397471 (same title, authors, conference; second lacks pages); doi.org HEAD: 260690 redirects to ieeexplore document 4461821, 4397471 redirects to doi.org/10.1109/IEMBS.2006.260690 (alias). OpenAlex W1541483305 (abstract); Semantic Scholar (DBLP conf/embc/LewiBP06); PubMed esummary 17945990 lists DOI 260690, pp 599-602.",WebSearch site:ieeexplore.ieee.org optimal stimulus design discriminate neuron models experimental design; Crossref returns two DOIs for this title (10.1109/iembs.2006.260690 and 10.1109/iembs.2006.4397471) - confirm which matches the IEEE page,deepread_r1_b27.json
"Brette, R., Rudolph, M., Carnevale, T., et al. (2007). Simulation of networks of spiking neurons: A review of tools and strategies. Journal of Computational Neuroscience, 23(3), 349-398.",2007,"spiking network models (Hodgkin-Huxley type and integrate-and-fire, current- or conductance-based synapses) across several simulators",no: no deliberate model faults; compares integration strategies and simulators.,"unclear: benchmarks are network simulations; stimulation protocols not described in the abstract, and the full text was not retrieved.",partial: reviews spike-timing precision of simulation strategies; no standardized electrophysiology feature extraction evident from the abstract.,no: no protocol or test selection.,"no: descriptive review and benchmark resource, no held-out evaluation.",no: human-written simulator implementations only.,none verified (abstract says benchmark codes were made available; location not retrieved),"Implements the same benchmark networks in multiple simulators, a cross-implementation comparison lens. NeuroSem would target single-fault edits to NeuroML cell models, with calibrated feature tolerances, protocol selection and held-out evaluation.",2,paper,10.1007/s10827-007-0038-6,https://doi.org/10.1007/s10827-007-0038-6,"Crossref works API (journal-article, Springer, 23(3):349-398, 22 authors); Europe PMC core record (PMID 17629781, PMC2638500) abstract; NCBI efetch PMC returned abstract only.","Europe PMC: '""current clamp"" AND protocols AND ""neuron models"" AND (comparison OR characterization) AND NeuroML' [fallback source used because arXiv/OpenAlex were rate-limited]",deepread_r1_b29.json
"Druckmann S, Banitt Y, Gidon A, et al. (2007). A novel multiple objective optimization framework for constraining conductance-based neuron models by experimental data. Frontiers in Neuroscience.",2007,Conductance-based compartmental cortical interneuron models (accommodating and fast-spiking); 10 channel conductances among 12 fitted parameters,no - fits parameters to experimental recordings with a genetic algorithm; no seeded faults.,partial - responses to suprathreshold depolarizing 2 s step currents; discussion names ramps and oscillatory input as future extensions.,"yes - six features (spike rate, accommodation index, first-spike latency, AP overshoot, AHP depth, AP width), errors scaled by experimental SD.",no - not performed; discussion raises finding an optimal stimulus or minimal stimulus set as an open question.,no - full-text keyword scan found no held-out stimulus or model test; generalizing to unused stimuli is future work.,no - none.,none,"Source of feature-wise, variability-scaled comparison for fitting to experimental data. NeuroSem would compare original and transformed models with tolerances set by numerical refinement rather than experimental SD. It would also carry out the minimal-stimulus-set selection this paper only raises, and evaluate it on held-out models and mutation families.",2,paper,10.3389/neuro.01.1.1.001.2007,https://doi.org/10.3389/neuro.01.1.1.001.2007,"Crossref api.crossref.org/works/10.3389/neuro.01.1.1.001.2007 (title, Frontiers in Neuroscience 1(1):7-18, 2007-11-01; lists only Druckmann S). The full 6-author list comes from PubMed E-utilities esummary PMID 18982116 and Europe PMC (PMC2570085, same DOI, title and pages), so the incomplete Crossref deposit does not conflict. Europe PMC abstract and fullTextXML keyword scan read.",Crossref title query; verified via Crossref + Europe PMC abstract,deepread_r1_b41.json
"Gleeson P, Steuber V, Silver RA (2007). neuroConstruct: A Tool for Modeling Networks of Neurons in 3D Space. Neuron 54(2):219-235.",2007,"conductance-based multicompartment neurons and 3D networks described in NeuroML/ChannelML, code-generated for NEURON and GENESIS",partial - one sensitivity reference only: Na+ conductance altered by 1% to judge whether simulator differences matter; no mutant set.,"no - simulator comparison of the granule cell model uses one depolarizing current step; network runs use synaptic input, not a protocol battery.",partial - final action-potential timing and RMS voltage-trace difference; ISI histograms for network activity; no standardized feature library.,no - stimuli chosen by hand; no selection of informative protocols.,"no - demonstration on a few published models (granule cell, Mainen neuron, granule cell layer network); no discovery/held-out split.","no - transformations are automatic NeuroML-to-simulator code generation, not AI-assisted edits.","neuroConstruct - https://github.com/NeuralEnsemble/neuroConstruct (GitHub API: GPL-2.0, pushed 2026-09-01); paper cites http://www.neuroConstruct.org","Checks behaviour preservation of NeuroML translation for one step stimulus with time-step convergence and a 1% conductance yardstick. NeuroSem generalizes this into refinement-calibrated tolerances, many single-fault mutants, a selected multi-protocol battery and held-out tests.",2,paper (software tool),10.1016/j.neuron.2007.03.025,https://doi.org/10.1016/j.neuron.2007.03.025,Crossref https://api.crossref.org/works/10.1016/j.neuron.2007.03.025; Europe PMC core record PMID 17442244 / PMC1885959 (abstract) and fullTextXML https://www.ebi.ac.uk/europepmc/webservices/rest/PMC1885959/fullTextXML (Results section on two-simulator comparison); GitHub REST https://api.github.com/repos/NeuralEnsemble/neuroConstruct,completeness critic r2,deepread_r2_b9.json
"Apgar JF, Toettcher JE, Endy D, et al. (2008). Stimulus Design for Model Selection and Validation in Cell Signaling. PLoS Computational Biology 4(2): e30.",2008,"Mass-action kinetic ODE models of cell signalling (antibody-ligand binding, MAPK, EGFR pathway)","partial - builds closely related alternative models (added or changed mechanisms, refit to the same step response); not systematic single-fault mutation families.","partial - a model-based controller designs a time-varying input for each candidate model; contrasted with step responses, not a battery of standard protocols.",no - outputs are species concentration trajectories in signalling networks; no neurons or electrophysiology features.,"yes - stimuli come from controller optimisation (MATLAB fmincon) that drives outputs to a target trajectory, discriminating the candidate models.",no - evaluated in simulation on constructed candidate-model sets; no held-out model or fault-family split reported.,no - no AI-generated or AI-edited models.,none (MATLAB implementation described in methods; no released package identified),"Apgar designs a bespoke input for each candidate signalling model to tell models apart. NeuroSem would pick one compact, rheobase-normalised electrophysiology battery from mutant detection data and test whether it transfers to unseen neuron models and fault families.",2,paper,10.1371/journal.pcbi.0040030,https://doi.org/10.1371/journal.pcbi.0040030,"Crossref works API (metadata, 5 authors, vol 4 issue 2 e30); Europe PMC REST search (abstract, PMID 18282085, PMC2323406); Europe PMC fullTextXML (methods: candidate/perturbed models, fmincon).",WebSearch 'automatic stimulation protocol selection model validation'; Europe PMC refined 'stimulus design' query; Crossref,deepread_r1_b8.json
"Druckmann S, Berger TK, Hill S, et al. (2008). Evaluating automated parameter constraining procedures of neuron models by experimental and surrogate data. Biological Cybernetics.",2008,Conductance-based compartmental neuron models; parameter-fitting methodology,"partial - surrogate traces come from a model with known parameters and fitting must recover them; this is known ground truth, not fault seeding for detection.","unclear - abstract mentions step current pulses; full text paywalled, so the number and type of protocols is unverified.","yes - compares feature-based distance functions (first-spike time, spike width, spike frequency) with whole-trace targets.",no - none reported in abstract.,"no - contrasts surrogate with experimental targets; abstract reports no held-out model, stimulus or fault-family evaluation.",no - none.,none,"Shows that model-to-model comparisons with known ground truth can make fitting procedures look better than they are, and supports feature-based distances. NeuroSem asks whether a transformation changed behaviour, not whether fitting recovers parameters. It would add single-fault mutants, refinement tolerances, battery selection and held-out generalization. The paper is a useful caution about overinterpreting surrogate results.",2,paper,10.1007/s00422-008-0269-2,https://doi.org/10.1007/s00422-008-0269-2,"Crossref api.crossref.org/works/10.1007/s00422-008-0269-2 (6 authors, Biological Cybernetics 99(4-5):371-379, 2008-11); PubMed esummary PMID 19011925 and Europe PMC (matching authors, abstract read); Springer landing page citation meta tags via doi.org (title, vol 99, pages 371-379). Full text not accessible (no PMC).",Crossref related hit; verified via Crossref + Europe PMC abstract,deepread_r1_b41.json
"Frank T. Bergmann, Herbert M. Sauro (2008). Comparing simulation results of SBML capable simulators. Bioinformatics, 24(17), 1963-1965.",2008,biochemical reaction-network ODE models in SBML (150 curated BioModels Database models) run on several deterministic simulators,"no - unmodified curated models; divergences come from simulator differences, not injected faults.","no - one fixed time-course run per model (0-10 s, 1000 output points); no input protocols varied.",no - compares state-variable trajectories using pairwise relative errors and an agreement metric; no feature extraction.,no - no selection or optimisation of test conditions.,no - descriptive cross-simulator comparison without any selection or data split.,no - no AI involvement.,"SBW-based comparison command-line tools and viewer, http://sys-bio.org/sbwWiki/compare (as stated in paper; current availability unverified)","Systems-biology precedent for detecting simulator-induced divergence on standard-format models by comparing trajectories. NeuroSem would add controlled single-fault mutants and valid transformations, multiple current-clamp protocols, electrophysiology features with refinement-calibrated tolerances, compact battery selection, and held-out evaluation.",2,paper,10.1093/bioinformatics/btn319,https://doi.org/10.1093/bioinformatics/btn319,"Crossref works API (vol 24 issue 17, pp 1963-1965); OpenAlex abstract; Europe PMC search (PMID 18579569, PMC2732216; fullTextXML returned empty); publisher PDF via academic.oup.com read with pypdf (Methods and Results).",WebSearch site:dl.acm.org testing ODE simulators systems biology SBML (cited in snippet); verified via Crossref,deepread_r1_b6.json
"Jolivet R, Schürmann F, Berger TK, et al. (2008). The quantitative single-neuron modeling competition. Biological Cybernetics 99(4-5):417-426.",2008,single-neuron models (integrate-and-fire variants and others) vs. recorded data,no - benchmarks competing models against data; no deliberate faults.,partial - data from current or conductance injection; details of protocol variety not in abstract.,partial - standardized tests quantify model performance on spiking data; not eFEL fingerprints.,no - not applicable.,partial - challenge format likely scores prediction on withheld data; not verified beyond abstract.,no - not discussed.,none,"Benchmark of model fidelity to experimental data, which the spec treats as established. NeuroSem compares an original model with its transformed versions rather than models with biology.",2,paper,10.1007/s00422-008-0261-x,https://doi.org/10.1007/s00422-008-0261-x,"Crossref /works/<doi> (six authors, volume, pages); PubMed efetch PMID 19011928 (abstract). Full text not accessed.",completeness-critic gap round 2 (re-run 2026-09-13),deepread_r2x_b2.json
"Van Geit W, De Schutter E, Achard P (2008). Automated neuron model optimization techniques: a review. Biological Cybernetics 99:241-251.",2008,Review of parameter fitting for computational neuron models.,"no - Reviews parameter search, not fault seeding.","partial - Reviewed fitness functions may combine responses, but stimulus batteries are not the focus of the abstract.",yes - Reviews feature-based error functions alongside trace comparison and multi-objective approaches.,"no - Optimises model parameters, not stimulation protocols.",no - Review article.,no - None.,Neurofitter (described in paper; URL not verified),"Covers feature-based comparison for fitting models to data. NeuroSem reuses feature distances to detect edits and optimises the protocol battery, not parameters.",2,paper,10.1007/s00422-008-0257-6,https://doi.org/10.1007/s00422-008-0257-6,Crossref /works (metadata); PubMed E-utilities efetch PMID 19011918 (abstract).,completeness-critic gap round 2 (re-run 2026-09-13),deepread_r2x_b0.json
"Chen TY, Ho JWK, Liu H, et al. (2009). An innovative approach for testing bioinformatics programs using metamorphic testing. BMC Bioinformatics.",2009,General bioinformatics software: gene network simulator (GNLab) and short-read mapper (SeqMap),"yes - random single-statement mutants (AOR, CR, ROR, SVR); equivalent mutants excluded, leaving nine GNLab and three SeqMap non-equivalent mutants.","partial - several metamorphic relations and test-case batches (random, yeast, E. coli inputs); not physiological stimuli.",no - not neural models.,no - tabulates which relations detect which mutants but does not select a compact subset.,no - all mutants and relations analysed together.,no - none.,"none (no testing tool released; subject programs GNLab and SeqMap 1.0.8, URLs not verified)","Shares mutant-based evaluation and a relation-by-mutant detection table. NeuroSem adds neuron stimuli, eFEL features, refinement-calibrated tolerances, greedy battery selection, random baselines and held-out models and fault families.",2,paper,10.1186/1471-2105-10-24,https://doi.org/10.1186/1471-2105-10-24,"Crossref API (vol 10, article 24); Europe PMC REST (PMID 19152705) abstract and PMC2657898 full-text XML (mutation analysis section)",PubMed E-utilities 'metamorphic testing[tiab]' | OpenAlex search 'metamorphic testing bioinformatics'; cited in WebSearch site:dl.acm.org metamorphic testing bioinformatics snippet | WebSearch metamorphic testing SBML query; Crossref title query,deepread_r1_b20.json
"Hook D, Kelly D (2009). Testing for trustworthiness in scientific software. 2009 ICSE Workshop on Software Engineering for Computational Science and Engineering (SECSE), pp. 59-64.",2009,Scientific computing software generally.,partial - Concerns detecting code faults in scientific software; mutation use not explicit in abstract.,no - None described.,no - None.,partial - Suggests a small number of well-chosen tests can reveal many code faults.,no - None reported in abstract.,no - None.,none,Echoes NeuroSem's idea that a small well-chosen test set can catch many faults when oracles are lacking. NeuroSem makes this concrete for neuron models.,2,paper,10.1109/secse.2009.5069163,https://doi.org/10.1109/secse.2009.5069163,Crossref /works (metadata); OpenAlex (abstract).,completeness-critic gap round 2 (re-run 2026-09-13),deepread_r2x_b0.json
"Lewi J, Butera R, Paninski L (2009). Sequential Optimal Design of Neurophysiology Experiments. Neural Computation 21(3):619-687.",2009,"generalized linear model (GLM) of neural spiking responses; statistical encoding model, not conductance-based",no - estimates parameters of a single GLM; no seeded model faults.,yes - adaptively chooses a sequence of high-dimensional stimuli during an experiment.,no - uses GLM likelihood of spike responses rather than electrophysiology feature extraction.,yes - real-time selection of the stimulus maximising mutual information about GLM parameters.,partial - simulations compare parameter convergence against random non-adaptive stimuli; no held-out models or fault families (abstract read only).,no - no AI-assisted transformations.,none identified (abstract only; unverified),Online information-theoretic design for parameter estimation. NeuroSem would select a fixed compact battery offline by empirical fault-detection coverage over mutants of conductance-based NeuroML models. Both compare against random stimuli.,2,paper,10.1162/neco.2008.08-07-594,https://pubmed.ncbi.nlm.nih.gov/18928364/,Crossref works API (metadata and abstract); Europe PMC core record (PMID 18928364),WebSearch title/author query; PubMed esummary; Crossref,deepread_r1_b38.json
"Clark, A., Hillston, J., Gilmore, S., et al. (2010). Verification and Testing of Biological Models. Proceedings of the 2010 Winter Simulation Conference, 620-630.",2010,"signal-transduction pathway model (TNF-alpha-mediated NF-kB) in Bio-PEPA, stochastic and continuous simulation; not neuron models","unclear - abstract describes verification and testing steps; full text unavailable, so any fault seeding is unconfirmed.",unclear - abstract does not mention input or perturbation protocols; full text not read.,no - intracellular signalling pathway model; no electrophysiology.,no - abstract does not describe selecting a compact test set.,no - case study of one pathway model per abstract.,"no - discusses automated verification techniques, not AI-generated model edits.",none (uses Bio-PEPA modelling environment per abstract; no URL retrieved),"A single-model verification and testing case study for a biochemical pathway. NeuroSem would add neuron-specific current-clamp batteries, eFEL features, calibrated tolerances, single-fault mutants and held-out evaluation.",2,paper (conference),10.1109/wsc.2010.5679126,https://doi.org/10.1109/wsc.2010.5679126,"Crossref api.crossref.org/works/10.1109/wsc.2010.5679126 (4 authors, pp 620-630, issued 2010-12); OpenAlex W3139368929 (abstract); Semantic Scholar batch API (DBLP conf/wsc/ClarkHGK10, green OA link). Green OA PDF at homepages.inf.ed.ac.uk returned HTTP 404; Wayback availability API returned 429; DBLP blocked by bot challenge. Only abstract read.",WebSearch site:ieeexplore.ieee.org testing ODE simulators systems biology SBML verification; verified via Crossref,deepread_r1_b27.json
"Gleeson, P., Crook, S., Cannon, R. C., et al. (2010). NeuroML: A Language for Describing Data Driven Models of Neurons and Networks with a High Degree of Biological Detail. PLoS Computational Biology, 6(6), e1000815.",2010,"conductance-based single-compartment, morphologically detailed and network neuron models in NeuroML v1.x (XML), run on NEURON, GENESIS, MOOSE, PSICS and others",no: models converted to NeuroML and compared across simulators; no deliberate faults injected,"partial: somatic current injections/pulses and synaptic inputs used to compare simulators, but no systematic per-model stimulus battery",partial: membrane-potential traces compared across simulators; no standardised feature-extraction set or numeric tolerances evident in full text,no: no selection or optimisation of stimulation protocols,"no: demonstration of cross-simulator convergence, not a held-out evaluation design",no: manual conversion and simulator export; no AI-generated transformations,"NeuroML language and tooling (current documentation https://docs.neuroml.org, listed as homepage in NeuroML GitHub repository metadata)","Its cross-simulator behavioural comparison is an early translation-equivalence check, and it reports convergence only at fine spatial/temporal discretisation, motivating refinement-based tolerance calibration. NeuroSem would add controlled single-fault mutants, a multi-protocol eFEL feature fingerprint with frozen tolerances, battery selection and held-out evaluation.",2,paper,10.1371/journal.pcbi.1000815,https://doi.org/10.1371/journal.pcbi.1000815,"Crossref api.crossref.org/works/10.1371/journal.pcbi.1000815 (title, 13 authors, 2010-06-17, vol 6 issue 6, e1000815); Europe PMC REST search (PMID 20585541, PMC2887454, abstract) and PMC2887454 fullTextXML (stimulus and comparison passages)",WebSearch (Scholar fallback) 'NeuroML mutation testing neuron model'; metadata verified via Crossref api.crossref.org/works | PubMed E-utilities 'NeuroML' | OpenAlex search 'NeuroML 2 language'; also surfaced by WebSearch site:ieeexplore.ieee.org neuron model conversion NEURON NeuroML (PMC link); verified via Crossref | OpenAlex search (anchor); Europe PMC (191) and Semantic Scholar (335) forward citations | WebSearch NEURON-to-NeuroML equivalence query; Europe PMC refined NeuroML query; Crossref | Crossref title query; verified via Crossref /works,deepread_r1_b9.json
"Tang E., Barr E., Li X., et al. (2010). Perturbing numerical calculations for statistical analysis of floating-point program (in)stability. Proceedings of the 19th International Symposium on Software Testing and Analysis (ISSTA '10), pp. 131-142.",2010,General floating-point scientific software (programs from the literature and the GNU Scientific Library),"partial - systematic value perturbation (random low-order bits) and expression perturbation (real-equivalent rewrites); aims to expose instability, not seeded faults.",no - perturbs internal computations rather than applying a battery of input protocols.,no - generic numerical outputs.,"no - value perturbation screens candidates for expression perturbation, but there is no test-set selection.",no - evaluated on example programs and GSL; no held-out split.,"no - automated perturbations, not AI edits.",none,"Background for separating numerical noise from real change: its expression perturbation resembles NeuroSem's valid-transformation false-positive control. NeuroSem works at model and electrophysiology-feature level, sets tolerances from time-step refinement (h, h/2, h/4) rather than bit-level perturbation, and targets behavioural faults across stimulation protocols rather than floating-point stability.",2,paper,10.1145/1831708.1831724,https://doi.org/10.1145/1831708.1831724,"Crossref API (title, 4 authors, ISSTA '10, pp. 131-142); ACM Digital Library landing page (full abstract); Unpaywall API (closed access); Semantic Scholar batch API (DBLP key conf/issta/TangBLS10). Full text not accessed; DBLP API blocked by a bot check.",Crossref lookup following WebSearch site:dl.acm.org test oracle numerical tolerance (related result),deepread_r1_b23.json
"Daunizeau J, Preuschoff K, Friston K, et al. (2011). Optimizing Experimental Design for Comparing Models of Brain Function. PLoS Computational Biology.",2011,Dynamic causal models (DCM) of fMRI network dynamics; macroscale Bayesian model comparison,"no - compares predefined candidate network models, not seeded faults or edited models.","yes - evaluates alternative experimental designs (e.g., epoch duration, stimulation site) for each model-comparison question.",no - fMRI time series; no single-cell electrophysiology features.,yes - chooses designs that minimise model-selection error using a derived Laplace-Chernoff risk.,partial - Monte-Carlo simulations plus empirical fMRI from a bimanual motor task check predictions; no held-out model or fault families.,no - none.,"SPM (paper states the routines will be implemented there), http://www.fil.ion.ucl.ac.uk/spm/","Principled design optimisation for discriminating hypotheses. NeuroSem instead selects current-clamp protocols empirically by mutant coverage for regression detection in NeuroML neurons, tested on held-out models.",2,paper,10.1371/journal.pcbi.1002280,https://doi.org/10.1371/journal.pcbi.1002280,"Crossref API (10.1371/journal.pcbi.1002280); Europe PMC REST (PMID 22125485) abstract and PMC3219623 full-text XML (methods, software note)",PubMed E-utilities 'optimal experimental design[tiab] AND neuron',deepread_r1_b20.json
"Hay E, Hill S, Schürmann F, et al. (2011). Models of Neocortical Layer 5b Pyramidal Cells Capturing a Wide Range of Dendritic and Perisomatic Active Properties. PLoS Computational Biology 7:e1002107.",2011,detailed multicompartment conductance-based L5b pyramidal cell models,"no - fits ion-channel densities; parameter analysis, not deliberate faults to test detection.",yes - somatic current steps plus stimuli eliciting back-propagating APs and dendritic Ca2+ spikes.,yes - somatic and dendritic firing features with experimental statistics constrain the models.,"no - multi-objective optimization of model parameters, not protocol selection.",partial - models tested for mechanisms sensitive to morphology changes; no held-out mutation-family design.,no - not discussed.,none verified in this pass,"Established multi-protocol, feature-based neuron characterization used for fitting. NeuroSem reuses that style of fingerprint to detect edits and to select compact batteries.",2,paper,10.1371/journal.pcbi.1002107,https://doi.org/10.1371/journal.pcbi.1002107,"Crossref /works/<doi> (authors, volume, article number); OpenAlex abstract. Full text not accessed.",completeness-critic gap round 2 (re-run 2026-09-13),deepread_r2x_b2.json
"Henker S, Partzsch J, Schüffny R (2011). Accuracy evaluation of numerical methods used in state-of-the-art simulators for spiking neural networks. Journal of Computational Neuroscience 32(2):309-326.",2011,spiking neuron and network models (analytically solvable reference model),no - compares numerical methods against an analytical reference; no model faults.,unclear - abstract does not describe multiple current-clamp protocols.,partial - separates integration error from spike-timing error; spike timing only.,no - not applicable.,no - not applicable.,no - not discussed.,none,"Precedent for deterministic numerical-accuracy assessment in neural simulators, informing tolerance calibration. NeuroSem uses such tolerances only to decide whether a model edit changed behavior.",2,paper,10.1007/s10827-011-0353-9,https://doi.org/10.1007/s10827-011-0353-9,"Crossref /works/<doi> (authors, volume 32, pages; issued online 2011, print 2012); PubMed efetch PMID 21837455 (abstract). Full text not accessed.",completeness-critic gap round 2 (re-run 2026-09-13),deepread_r2x_b2.json
"Jia, Y., Harman, M. (2011). An Analysis and Survey of the Development of Mutation Testing. IEEE Transactions on Software Engineering, 37(5), 649-678.",2011,general software (survey of mutation testing),"yes - comprehensive survey of fault-based mutation testing approaches, tools and empirical results plus development-trend analyses.",no - generic program test suites; no stimulation protocols.,no - not a neuroscience or signal-feature work.,unclear - abstract does not mention test or mutant reduction; full text not read.,no - survey paper; no held-out evaluation of its own.,no - no AI-generated transformations.,none,"Foundational mutation-testing prior art NeuroSem must cite; NeuroSem can only claim domain-specific NeuroML operators, simulation-based admissibility and calibrated feature tolerances, not mutation testing itself.",2,paper,10.1109/tse.2010.62,https://doi.org/10.1109/tse.2010.62,"Crossref api.crossref.org/works/10.1109/tse.2010.62 (issued 2011-09, vol 37 issue 5, pp 649-678); OpenAlex works/doi (title, authors, abstract; lists publication_year 2010, consistent with early online access, so Crossref issue year used). Semantic Scholar DOI lookup returned not found; DBLP API response was not parseable.",Crossref title query 'An analysis and survey of the development of mutation testing'; metadata verified via Crossref api.crossref.org/works | WebSearch site:dblp.org mutation testing neuron simulation model; verified via Crossref | Crossref title query; verified via Crossref,deepread_r1_b12.json
"Niederer SA, Kerfoot E, Benson AP, et al. (2011). Verification of cardiac tissue electrophysiology simulators using an N-version benchmark. Philosophical Transactions of the Royal Society A: Mathematical, Physical and Engineering Sciences 369(1954):4331-4351.",2011,"Cardiac tissue electrophysiology (ten Tusscher-Panfilov myocyte model in a 3-D cuboid slab), compared across 11 simulation codes","no - no seeded faults; per the article, genuine implementation errors (e.g. unit mistakes) surfaced and were corrected during benchmarking.","no - one corner stimulus; per the article, stimulation from multiple sites is left for future benchmarks.",partial - compares activation times (0 mV crossing) at points and lines using an L2 norm; no action-potential shape feature set.,no - single fixed benchmark protocol.,no - highly refined simulations serve as converged reference; no held-out models or fault families.,no - no AI involvement.,none (benchmark results deposited in the Anatomical Model Database per the article; not separately retrieved),"Closest precedent for refinement-based comparison against a converged reference across implementations (3 spatial x 3 temporal resolutions). NeuroSem differs by targeting single-neuron NeuroML model edits within one simulator, seeding single-fault mutants, using multi-protocol eFEL fingerprints with refinement-derived tolerances, and selecting a compact battery evaluated on held-out models and a held-out mutation family.",2,paper,10.1098/rsta.2011.0139,https://doi.org/10.1098/rsta.2011.0139,"Crossref https://api.crossref.org/works/10.1098/rsta.2011.0139 (title, 21 authors, vol 369 issue 1954 pp 4331-4351, issued 2011-11-13, abstract); Europe PMC REST search DOI (PMID 21969679, PMC3263775); NCBI efetch db=pmc id=3263775 (publisher blocks XML full text); PMC HTML article https://pmc.ncbi.nlm.nih.gov/articles/PMC3263775/ read via WebFetch (benchmark definition, resolutions, activation-time comparison).",Europe PMC TITLE query; Crossref,deepread_r2_b12.json
Gerkin R (scidash) (2012). NeuronUnit: A package for data-driven validation of neuron and ion channel models using SciUnit. GitHub repository scidash/neuronunit; PyPI neuronunit 0.1.8.2.,2012,"single-neuron and ion-channel models, including NeuroML channel files and Open Source Brain models via wrappers",no: tests models against experimental data (e.g. NeuroElectro summaries); no seeded single-fault mutants found.,"yes: test modules include rheobase search, injected square-current tests, passive, waveform and dynamics tests.","yes: resting potential, spike width, rheobase and related features scored (e.g. Z-scores) against observations.",no: has an optimization subpackage (e.g. neuronunit_to_bpo) apparently for model fitting; not read in detail; no protocol-set selection found.,no: no held-out models or held-out fault families for evaluating a test battery.,no: no AI-assisted transformations.,NeuronUnit https://github.com/scidash/neuronunit (GitHub API: no license detected; setup.py and PyPI declare MIT; last push 2021-07-18; PyPI neuronunit 0.1.8.2 from 2016),"Closest reusable neuron test library, but it measures agreement with data. NeuroSem targets behavioural drift versus a reference model, calibrates tolerances numerically, uses controlled mutants and selects a compact battery evaluated on held-out models.",2,software,,https://github.com/scidash/neuronunit,"GitHub REST API repos/scidash/neuronunit (created 2012-11-01, license null); raw README.md; GitHub contents API for neuronunit/, tests/, optimization/; raw tests/fi.py (RheobaseTest) and setup.py (license MIT); PyPI JSON API neuronunit.",WebSearch NeuronUnit; GitHub REST API api.github.com/repos/scidash/neuronunit (no SPDX license reported by API),deepread_r1_b10.json
"Hanh, L. T. M., Binh, N. T. (2012). Mutation Operators for Simulink Models. 2012 Fourth International Conference on Knowledge and Systems Engineering (KSE), 54-59.",2012,Simulink block-diagram models (industrial dynamic systems),"yes - proposes Simulink mutation operators derived from common modelling faults, plus a mutation-testing process.",partial - mutation testing evaluates test data sets; no stimulation-protocol battery described in abstract.,no - Simulink models; no electrophysiology features.,"no - abstract uses mutation to assess test data, not to select it.",no - abstract reports only preliminary experiments.,no - not addressed.,none,"Analogue for defining domain mutation operators; NeuroSem targets NeuroML/LEMS neuron models with admissibility classification, calibrated feature tolerances and protocol selection.",2,paper,10.1109/kse.2012.22,https://doi.org/10.1109/kse.2012.22,"Crossref api.crossref.org/works/10.1109/kse.2012.22 (authors, KSE 2012, pp 54-59, IEEE, 2012-08); abstract from OpenAlex API; full text not openly available (Semantic Scholar CLOSED).",WebSearch site:ieeexplore.ieee.org mutation testing scientific software simulation models; verified via Crossref,deepread_r1_b25.json
"Laura L. Pullum, Ozgur Ozmen (2012). Early Results from Metamorphic Testing of Epidemiological Models. 2012 ASE/IEEE International Conference on BioMedical Computing (BioMedCom), pp. 62-67.",2012,"agent-based epidemiological (disease-spread) simulation models; abstract says agent-based, not ODE/compartmental as the input note suggested","unclear - abstract describes only initial metamorphic testing; full text inaccessible (IEEE closed, OSTI has no full text, CiteSeerX returned 429).",partial - metamorphic testing implies related input variations per relation; the specific relations are not verifiable from the abstract.,"no - epidemiological outputs, not neural voltage features.",unclear - nothing in the abstract about selecting or minimizing test inputs.,no - abstract reports early exploratory results only; no split-based evaluation described.,no - no AI-generated model edits mentioned.,none,"Early metamorphic-testing application to agent-based epidemic models. NeuroSem targets NeuroML neuron models with mutation-calibrated multi-protocol eFEL fingerprints, greedy protocol selection and held-out evaluation.",2,paper,10.1109/biomedcom.2012.17,https://doi.org/10.1109/biomedcom.2012.17,"Crossref /works API (title, authors, venue, pages 62-67, Dec 2012); OpenAlex work W2541368122 (abstract); Semantic Scholar Graph API (closed access); OSTI record 1068086 (ORNL, VVEM-2012 workshop, no full text).",WebSearch site:dblp.org metamorphic testing simulation models epidemiological neuroscience; OpenAlex search 'metamorphic testing epidemiological models'; verified via Crossref,deepread_r1_b5.json
"NeuroML organisation (2012). NeuroML2: NeuroML 2 Schema, LEMS ComponentType definitions and core documentation [software]. GitHub.",2012,"NeuroML 2 XML schema, LEMS ComponentType definitions and example cell/network models",no: no fault injection; schema and examples only,no: each OMV test reuses the example's single fixed LEMS simulation; no stimulus battery per model,partial: OMV tests compare threshold-detected spike times against stored expected values with per-observable tolerances,no,no,no,NeuroML2 https://github.com/NeuroML/NeuroML2 (LGPL-3.0 per GitHub API); OMV test files reference OpenSourceBrain/osb-model-validation,"Hosts the schema used for structural validity and the canonical saved-spike-time regression tests (82 .omt files) across engines such as jNeuroML, NEURON, NetPyNE, EDEN. This is essentially NeuroSem's canonical baseline; NeuroSem adds multi-protocol fingerprints, mutants surviving these checks, battery selection and held-out evaluation.",2,software,,https://github.com/NeuroML/NeuroML2,"GitHub REST API repos/NeuroML/NeuroML2 (created 2012-11-07, last push 2026-09-02, LGPL-3.0); README via GitHub API; .github/workflows/omv-ci.yml via GitHub contents API (engine matrix); git tree API (82 .omt, 22 .mep files); raw.githubusercontent.com LEMSexamples/test/.test.ex0.mep and .test.ex0.jnml.omt (spike-time observables with tolerances)",GitHub REST API api.github.com/repos/NeuroML/NeuroML2 (license LGPL-3.0),deepread_r1_b9.json
"R. J. Flassig, K. Sundmacher (2012). Optimal design of stimulus experiments for robust discrimination of biochemical reaction networks. Bioinformatics, 28(23), 3089-3096.",2012,nonlinear ODE biochemical reaction-network models (MAPK cascade with alternative feedbacks; Schloegl model),"partial - discriminates hypothesised alternative model structures (e.g. two negative-feedback variants), not systematically generated single-fault mutants.","partial - optimises a time-varying input stimulus via control-vector parameterisation; the output is a designed stimulus, not a battery of protocols.",no - compares model response probability distributions via model overlap (expected likelihood); no interpretable feature extraction.,yes - optimal-control design of stimuli maximising robust model discrimination under parameter uncertainty using sigma-point propagation.,partial - designs checked against Monte Carlo sampling of parameter distributions; no held-out models or model families.,no - no AI involvement.,"MATLAB/AMPL implementation, http://www.uni-magdeburg.de/ivt/svt/person/rf/roed.html (as stated in paper; current availability unverified)","Model-based optimal experimental design for telling apart a few candidate structures via a continuous stimulus. NeuroSem would instead select discrete, interpretable current-clamp protocols by empirical detection coverage over many single-fault mutants, with feature tolerances, random cost-matched baselines and held-out generalisation.",2,paper,10.1093/bioinformatics/bts585,https://doi.org/10.1093/bioinformatics/bts585,"Crossref works API (vol 28 issue 23, pp 3089-3096); OpenAlex abstract; Europe PMC full-text XML (PMC3516143, PMID 23047554); publisher article page academic.oup.com.",WebSearch site:ieeexplore.ieee.org optimal stimulus design discriminate neuron models experimental design (PMC link); verified via Crossref,deepread_r1_b6.json
"Ramanathan A., Steed C.A., Pullum L.L. (2012). Verification of Compartmental Epidemiological Models Using Metamorphic Testing, Model Checking and Visual Analytics. 2012 ASE/IEEE International Conference on BioMedical Computing (BioMedCom), pp. 68-73.",2012,"Compartmental epidemiological ODE models (SIR/SEIR-type; birth/death rates, multi-host/pathogen scenarios)","unclear - abstract claims the workflow detects implementation errors, but no systematic seeded-fault study is described; full text not read.",partial - several modelling scenarios and visual parameter scans alongside metamorphic relations; not stimulation protocols.,"no - epidemic dynamics outputs, not neuronal features.",no - no selection of a compact test or scenario set described.,no - initial results on example models; no held-out split.,no - none mentioned.,none,"Closest in spirit of the metamorphic-testing items here: behavioural verification of ODE biology models combining metamorphic testing with process-algebra model checking and visualization. It does not report mutation-calibrated scoring, multi-protocol feature fingerprints, refinement tolerances, protocol selection or held-out evaluation; NeuroSem would add these for neuron models, but offers no formal model checking.",2,paper,10.1109/biomedcom.2012.18,https://ieeexplore.ieee.org/document/6516431,"Crossref API (title, 3 authors, BioMedCom 2012, pp. 68-73); doi.org redirect to IEEE Xplore document 6516431 and IEEE Xplore REST abstract endpoint (abstract, index terms); OSTI API record 1055106 (ORNL version with near-identical abstract). Full text not accessed.",OpenAlex search 'metamorphic testing epidemiological models'; verified via Crossref,deepread_r1_b23.json
"Tomaiuolo M, Bertram R, Leng G, et al. (2012). Models of Electrical Activity: Calibration and Prediction Testing on the Same Cell. Biophysical Journal 103:2021-2032.",2012,"Minimal conductance-based model of pituitary cell-line (GH4C1) electrical activity, fitted in real time with GPU plus dynamic clamp.","partial - Predicts parameter changes that switch spiking and bursting, then tests them; not a systematic single-fault mutation set.",unclear - Abstract describes recording and dynamic-clamp testing; number of distinct current-clamp protocols not stated in abstract.,partial - Distinguishes tonic spiking versus bursting patterns; standard feature library not indicated in abstract.,no - No protocol battery selection described.,"partial - Calibrates on recordings, then tests model predictions on the same cell; a prediction test, not held-out models.",no - None.,none,"Fits models to living cells and checks predictions experimentally. NeuroSem compares a reference model with transformed versions in silico, using mutation-calibrated multi-protocol fingerprints and battery selection.",2,paper,10.1016/j.bpj.2012.09.034,https://doi.org/10.1016/j.bpj.2012.09.034,"Crossref /works (metadata); PubMed E-utilities efetch PMID 23199930 (authors, abstract); OpenAlex.",completeness-critic gap round 2 (re-run 2026-09-13),deepread_r2x_b0.json
"Yoo, S., Harman, M. (2012). Regression testing minimization, selection and prioritization: a survey. Software Testing, Verification and Reliability, 22(2), 67-120.",2012,general software (survey of regression testing),unclear - abstract does not mention mutants; full text not read.,"no - generic regression test cases, not stimulation protocols.",no - not a neuroscience or signal-feature work.,"yes - surveys test-suite minimisation, change-relevant test selection and prioritisation for early fault detection.",no - survey paper; no held-out evaluation of its own.,no - no AI-generated transformations.,none,"Generic analogue of battery selection; NeuroSem would apply selection to simulated protocol-feature detections of NeuroML mutants, tested on held-out models against cost-matched random sets.",2,paper,10.1002/stvr.430,https://doi.org/10.1002/stvr.430,"Crossref api.crossref.org/works/10.1002/stvr.430 (title, authors, venue, vol 22 issue 2, pp 67-120, abstract).","Crossref title query 'Regression testing minimization, selection and prioritization: a survey'; metadata verified via Crossref api.crossref.org/works | Crossref title lookup (follow-up to IEEE/ACM test-suite-minimisation searches) | Crossref title query; verified via Crossref",deepread_r1_b12.json
"Clark, J. A., Dan, H., Hierons, R. M. (2013). Semantic mutation testing. Science of Computer Programming, 78(4), 345-363.",2013,"general software and description languages (state charts, C) - per 2010 workshop abstract","yes - mutates the semantics of the description language to model misunderstandings, rather than the program syntax (2010 abstract).",unclear - journal full text not retrieved; 2010 abstract does not describe input sets.,no - no signal or electrophysiology features.,"unclear - 2010 abstract mentions test adequacy, not selection; journal text not retrieved.",unclear - journal full text not retrieved.,no - not addressed in the 2010 abstract.,partial - 2010 abstract proposes a semantic mutation tool for C; no URL retrieved.,Conceptual analogue for NeuroSem's reference and numerical/solver mutation families; NeuroSem applies such faults to LEMS/simulator semantics with electrophysiology oracles.,2,paper,10.1016/j.scico.2011.03.011,https://doi.org/10.1016/j.scico.2011.03.011,"Crossref api.crossref.org/works/10.1016/j.scico.2011.03.011 (authors, SCP 78(4) 345-363, issued 2013-04; no abstract). Content judged from ICSTW 2010 version 'Semantic Mutation Testing' (Crossref 10.1109/icstw.2010.8, pp 100-109, same authors; abstract via OpenAlex). Journal abstract/full text not retrieved: ScienceDirect 403, UCL Discovery 403, Semantic Scholar not found/429.",OpenAlex search 'mutation analysis Simulink test selection' (OpenAlex year 2011; Crossref issued 2013; earlier ICSTW 2010 version 10.1109/icstw.2010.8),deepread_r1_b25.json
"DiMattina, C., & Zhang, K. (2013). Adaptive stimulus optimization for sensory systems neuroscience. Frontiers in Neural Circuits, 7, 101.",2013,"sensory neuron response models (firing-rate, generalized linear, multilayer network and some biophysical models) probed in neurophysiology experiments",no - compares competing candidate models of a sensory neuron; no deliberate single-fault mutants of a reference model,"yes - reviews adaptive generation of stimulus sequences and ensembles (optimal, iso-response, system-identification paradigms)","partial - responses summarised mainly as firing rates or spike counts; no current-clamp feature battery such as sag, latency or AP shape",yes - stimuli chosen online to maximise information for parameter estimation or to discriminate competing models (information-theoretic or likelihood criteria),no - narrative review; no held-out model or held-out fault-family evaluation design,no - no AI-assisted code or model transformations,none,"Conceptual precedent for choosing stimuli that separate models. NeuroSem instead selects a fixed offline current-clamp battery by greedy coverage over discovery mutants to detect regressions between a reference and a transformed simulation model, with frozen tolerances and held-out evaluation, rather than adaptive in-experiment model estimation or comparison.",2,paper (review),10.3389/fncir.2013.00101,https://doi.org/10.3389/fncir.2013.00101,"Crossref works API (title, authors, volume 7, Frontiers Media); Europe PMC REST search (abstract, PMID 23761737, PMCID PMC3674314, article 101); Europe PMC fullTextXML (section headings; biophysical-model and model-comparison sections read)",Europe PMC stimulus design + model discrimination query; verified via Crossref + abstract,deepread_r1_b42.json
"Druckmann S, Hill S, Schürmann F, et al. (2013). A Hierarchical Structure of Cortical Interneuron Electrical Diversity Revealed by Automated Statistical Analysis. Cerebral Cortex, 23(12), 2994-3006.",2013,Experimental recordings of ~500 cortical interneurons annotated by Petilla e-types; statistical classification,no: recorded neurons; no controlled model faults,partial: responses to suprathreshold current stimuli; abstract does not describe a diverse protocol battery (full text not accessed),yes: 38 features extracted from suprathreshold current responses; features ranked by ability to separate e-types,"partial: ranks features by discriminative power, but does not select stimulation protocols",unclear: reports over 90% e-type assignment accuracy; validation split details not read,no: none,none,"Precedent for ranking features by discriminative power across firing classes. NeuroSem ranks protocols by detection of controlled model edits, with calibrated tolerances.",2,paper,10.1093/cercor/bhs290,https://pubmed.ncbi.nlm.nih.gov/22989582/,"Crossref API work record (online 2012-09-17, print 2013-12, vol 23 issue 12 pages 2994-3006); Europe PMC REST record (PMID 22989582, abstract)",WebSearch Druckmann features query; PubMed esummary; abstract via Europe PMC,deepread_r1_b39.json
"Raikov I, Close TG, Kumar S S, et al. (2013). Challenges of declarative modeling of conductance-based neurons in diverse simulation environments. BMC Neuroscience, 14(Suppl 1), P94.",2013,"conductance-based neuron models (Purkinje, Golgi, cerebellar granule, CA1/CA3 pyramidal) ported to a prototype declarative language; single-compartment soma variants","no - ports models across NEURON, NEST and GNU Octave; no deliberately injected faults.",partial - simulates current injection and voltage clamp in each environment; no systematic or varied protocol battery described.,no - abstract quantifies differences between voltage and current traces directly; no feature-extraction method mentioned.,no - not addressed.,no - one-page conference abstract without an evaluation design.,no - not considered; transformations are human code generation and porting.,none (abstract mentions a prototype layer-oriented declarative language and a Python wrapper; no URL given),"This abstract compares behaviour of the same conductance-based models after translation between simulators, which is close to NeuroSem's translation use-case. It reports only trace differences for a few models, with no method detail. NeuroSem would add feature-level comparison with numerically calibrated tolerances, controlled mutants, protocol selection and held-out evaluation within NeuroML/LEMS.",2,paper,10.1186/1471-2202-14-s1-p94,https://doi.org/10.1186/1471-2202-14-s1-p94,"Crossref api.crossref.org/works/10.1186/1471-2202-14-s1-p94 (authors, BMC Neuroscience 14, P94, 2013-07); Europe PMC full-text XML PMC3704755 (CNS*2013 abstract text); PMC website pmc.ncbi.nlm.nih.gov returned a reCAPTCHA page.",WebSearch 'metamorphic testing conductance-based neuron model simulation' (PMC3704755) + Crossref title query; metadata verified via Crossref api.crossref.org/works,deepread_r1_b11.json
"Abbas H, Hoxha B, Fainekos G, et al. (2014). Conformance Testing as Falsification for Cyber-Physical Systems. arXiv:1401.5200.",2014,Cyber-physical and hybrid dynamical system models (for example Simulink models and implementations); not neuroscience.,no - Compares models of differing fidelity or model versus implementation; no deliberate fault seeding reported in abstract.,"partial - Searches over input signals to expose non-conformance, rather than a fixed set of named protocols.","no - Uses trajectory distance measures, not electrophysiology features.",partial - Falsification optimises inputs that maximise divergence; no compact battery chosen for coverage across faults.,no - Case-study validation on several models; no held-out model or fault-family split.,no - None.,none,"General CPS analogue: searches for inputs exposing model divergence. NeuroSem is neuroscience-specific, uses interpretable electrophysiology features, mutation-calibrated batteries and held-out evaluation.",2,preprint,10.48550/arXiv.1401.5200,https://arxiv.org/abs/1401.5200,"DataCite API for DOI 10.48550/arXiv.1401.5200; arXiv abstract page; Crossref for related WiP abstract 10.1109/iccps.2014.6843724 (ICCPS 2014, same six authors).",completeness-critic gap round 2 (re-run 2026-09-13),deepread_r2x_b0.json
"Abbas H, Mittelmann H, Fainekos G (2014). Formal property verification in a conformance testing framework. 2014 Twelfth ACM/IEEE Conference on Formal Methods and Models for Codesign (MEMOCODE), pp. 155-164.",2014,cyber-physical system models (e.g. Simulink models and derived implementations),"partial - compares an original model with a derived (simplified or implemented) model, not seeded single faults.",partial - closeness is a distance between output trajectories over inputs; approximated computationally.,"no - trajectory distances and temporal-logic properties, not electrophysiology features.",no - computes closeness; no test battery selection.,no - none reported.,no - none.,none,"Offers a conformance-distance notion between related dynamical models. NeuroSem uses feature-based distances with refinement-calibrated tolerances for neuron models, plus battery selection and held-out mutation evaluation.",2,paper,10.1109/memcod.2014.6961854,https://doi.org/10.1109/memcod.2014.6961854,"Crossref /works/10.1109/memcod.2014.6961854 (title, 3 authors, MEMOCODE 2014 pp 155-164); OpenAlex abstract (W2054704105).",completeness-critic gap round 2 (re-run 2026-09-13),deepread_r2x_b1.json
"Ammann P, Delamaro ME, Offutt J (2014). Establishing Theoretical Minimal Sets of Mutants. 2014 IEEE Seventh International Conference on Software Testing, Verification and Validation (ICST), pp. 21-30.",2014,"general software (mutation analysis theory, evaluated on a widely-used benchmark)",yes - studies mutant sets and their redundancy; shows how to minimise a mutant set with respect to a given test set.,no - conventional software test cases; no stimulation protocols.,no - no electrophysiology features.,partial - minimises the mutant set relative to tests (dual of choosing tests to cover mutants); no protocol-battery selection.,no - abstract reports evaluation on one benchmark; no held-out models or fault families.,no - no AI-generated transformations.,none,"Warns that redundant mutants inflate mutation scores. NeuroSem's detection matrix could report subsumption-aware rates alongside raw ones; its own contribution is protocol selection for neuron models, not mutant-set minimisation.",2,paper,10.1109/icst.2014.13,https://doi.org/10.1109/icst.2014.13,"Crossref /works/10.1109/icst.2014.13 (title, 3 authors, ICST 2014 pp. 21-30); OpenAlex W2008479535 abstract.",completeness critic r2,deepread_r2_b1.json
"Inozemtseva L, Holmes R (2014). Coverage is not strongly correlated with test suite effectiveness. Proceedings of the 36th International Conference on Software Engineering (ICSE 2014), pp. 435-445.",2014,general software (five large Java systems; generated unit test suites),"yes - mutation testing measures fault-detection effectiveness of 31,000 generated suites.",no - software unit test suites; no stimulation protocols.,"no - measures statement, decision and modified-condition coverage and mutation-based effectiveness.","no - studies correlations between size, coverage and effectiveness; no optimised suite selection reported in the abstract.",no - correlational study across five systems; no discovery/held-out split.,no - no AI-generated transformations.,none (no tool URL retrieved),"Shows suite size confounds effectiveness comparisons, supporting NeuroSem's count- and runtime-matched random baselines. NeuroSem instead tests whether a greedily selected protocol battery beats such baselines on held-out neuron models.",2,paper,10.1145/2568225.2568271,https://doi.org/10.1145/2568225.2568271,"Crossref /works/10.1145/2568225.2568271 (title, 2 authors, ICSE '14 pp. 435-445); full abstract from ACM DL landing page; OpenAlex W2106072155.",completeness critic r2,deepread_r2_b1.json
"Kanewala, U., & Bieman, J. M. (2014). Testing scientific software: A systematic literature review. Information and Software Technology, 56(10), 1219-1232.",2014,general scientific software (62 primary studies across scientific domains),no - PMC full text contains no mutation-analysis term; software faults are discussed only in general.,"partial - surveys metamorphic testing, where related input changes should produce predictable output changes; not stimulation batteries.","no - no electrophysiology features; discusses reference data, statistical oracles and tolerance-based output comparison generally.",no - notes test case selection research has not considered the oracle used; proposes no selection method.,no - literature review; no empirical held-out evaluation.,no - does not address AI-generated code or model edits.,none,"Frames the problem NeuroSem targets: missing oracles, hard tolerance choice, regression against prior outputs. NeuroSem would supply a concrete calibrated, mutation-evaluated method for neuron models.",2,paper (systematic literature review),10.1016/j.infsof.2014.05.006,https://doi.org/10.1016/j.infsof.2014.05.006,"Crossref api.crossref.org/works/10.1016/j.infsof.2014.05.006 (authors, vol 56(10) pp 1219-1232, 2014); Europe PMC REST core record (PMID 25125798, PMC4128280, abstract); NCBI E-utilities efetch PMC full text (keyword checks: regression testing, tolerance, oracle, mutation); Semantic Scholar (arXiv 1804.01954 cross-link). arXiv API returned 'Rate exceeded'.","WebSearch 'metamorphic testing scientific simulation software systematic review'; arXiv abs 1804.01954; metadata verified via Crossref api.crossref.org/works | Europe PMC '""metamorphic testing"" AND (""scientific software"" OR simulation OR bioinformatics)' | WebSearch site:dl.acm.org test oracle numerical tolerance scientific simulation software floating-point regression; verified via Crossref | Europe PMC: '""metamorphic testing"" AND (simulation OR bioinformatics OR ""scientific software"")' [fallback source used because arXiv/OpenAlex were rate-limited] | WebSearch Kanewala Bieman query; PubMed esummary | Europe PMC 'regression testing AND computational model'; verified via Crossref",deepread_r1_b13.json
"Le V, Afshari M, Su Z (2014). Compiler validation via equivalence modulo inputs. Proceedings of the 35th ACM SIGPLAN Conference on Programming Language Design and Implementation (PLDI), pp. 216-226.",2014,C programs and optimizing compilers.,"partial - Creates program variants equivalent on given inputs by altering unexecuted code; semantics-preserving, not fault seeding.",partial - Relies on executing test inputs to define equivalence classes of program variants.,no - None.,no - None.,"no - Evaluated by bugs found in real compilers, not held-out splits.",no - None.,none,"Differential testing of transformations that should preserve behaviour on given inputs. NeuroSem targets neuron-model edits, measuring feature drift under several current-clamp protocols.",2,paper,10.1145/2594291.2594334,https://doi.org/10.1145/2594291.2594334,Crossref /works (metadata); OpenAlex (abstract).,completeness-critic gap round 2 (re-run 2026-09-13),deepread_r2x_b0.json
"Lehtimäki M, Linne M-L (2014). Usability and functionality of NeuroML description language evaluated using three distinct spiking neuron models. Frontiers in Neuroinformatics, Conference Abstract: Neuroinformatics 2014.",2014,"Phenomenological spiking models (Hindmarsh-Rose, Izhikevich, FitzHugh-Nagumo) in NeuroML v2, converted to NEURON",no - no seeded faults.,unclear - the abstract does not describe the stimulation protocols.,unclear - outputs are compared with MATLAB references; no feature-based comparison is described.,no - none.,no - a small usability evaluation on three models.,no - manual model encoding and tool-based conversion only.,"none (uses NeuroML v2 tooling, NEURON, MATLAB)","Early evidence that NeuroML-to-simulator translation can fail silently for some models. NeuroSem would systematise such checks with a protocol battery, tolerances, mutants and held-out evaluation.",2,paper,10.3389/conf.fninf.2014.18.00005,https://doi.org/10.3389/conf.fninf.2014.18.00005,"Crossref works API (lists given/family names swapped: given 'Lehtimäki', family 'Mikko'); Frontiers event abstract page (WebFetch) gives Mikko Lehtimäki and Marja-Leena Linne, Tampere University of Technology, Neuroinformatics 2014 in Leiden; OpenAlex and Semantic Scholar records match the title and year.",Crossref bibliographic query (reproducibility neuron model conversion NEURON NeuroML); verified via Crossref works API,deepread_r1_b33.json
"Madeyski L, Orzeszyna W, Torkar R, et al. (2014). Overcoming the Equivalent Mutant Problem: A Systematic Literature Review and a Comparative Experiment of Second Order Mutation. IEEE Transactions on Software Engineering 40(1):23-42.",2014,general software (Java programs under mutation testing); systematic literature review plus controlled experiment,"yes - compares first-order mutation with four second-order mutation strategies, measuring how many generated mutants are equivalent.",no - software test suites kill mutants; no stimulation protocols or dynamical-system inputs.,"no - no electrophysiology; outcomes are mutant counts, kill status, runtime and manual classification effort.",no - compares mutation-generation strategies; no selection or minimisation of a test or protocol battery reported in the abstract.,no - abstract reports no discovery/held-out split of programs or fault families.,no - no AI-generated or AI-assisted code transformations.,none (abstract names a JudyDiffOp strategy; no tool URL retrieved),"Provides the detect/suggest/avoid taxonomy for equivalent mutants. NeuroSem instead labels behavioural equivalence empirically for NeuroML neuron models via an exhaustive stimulation battery with refinement-calibrated tolerances, without claiming proof of equivalence.",2,paper,10.1109/tse.2013.44,https://doi.org/10.1109/tse.2013.44,"Crossref /works/10.1109/tse.2013.44 (title, 4 authors, TSE 40(1) 23-42, 2014-01); OpenAlex W2097599402 abstract.",completeness critic r2,deepread_r2_b1.json
"Meliza CD, Kostuk M, Huang H, et al. (2014). Estimating parameters and predicting membrane voltages with conductance-based neuron models. Biological Cybernetics, 108(4), 495-516.",2014,single-compartment Hodgkin-Huxley conductance model of zebra finch HVC neurons fitted to slice recordings,no; variational data assimilation estimates parameters; no seeded model faults.,"partial; fits on one 1,500 ms complex current waveform, then compares predictions under novel injected currents.",unclear; the abstract reports voltage prediction only; full text is closed access and was not read.,unclear; the abstract mentions a complex waveform; the input's claimed stimulus-design criteria were not verifiable from accessible text.,"partial; models are tested on novel injected currents (held-out stimuli), not held-out models or fault families.",no; no AI-assisted edits are involved.,none identified (full text closed access),"Builds and validates models against recordings using held-out currents. NeuroSem compares a reference model with its edited version, using calibrated tolerances and a selected protocol battery to find behavioural drift.",2,paper,10.1007/s00422-014-0615-5,https://pubmed.ncbi.nlm.nih.gov/24962080/,"Crossref works API (authors, venue, volume/issue/pages, 2014); Europe PMC core record with PMID 24962080 and abstract; OpenAlex (closed access, no repository full text); Springer landing page (abstract only).",WebSearch data assimilation Abarbanel query; PubMed esummary,deepread_r1_b40.json
"NeuroML organisation (2014). pyNeuroML [software; GitHub repository; latest release v1.3.22 on PyPI and Zenodo, 2026]. GitHub.",2014,"NeuroML2/LEMS cell and network models (tooling for reading, writing, simulating, analysing)",no: no mutation operators or fault injection in README or analysis module,partial: generate_current_vs_frequency_curve simulates a cell over a range of injected current amplitudes (F-I and subthreshold traces),"partial: approximate firing rates, threshold current and spike times (via pyelectro); not a broad standardised feature library like eFEL","no: tuning extra (Neurotune) optimises model parameters, not stimulation protocols","no: tooling, no evaluation of a detection method",no: no AI-driven model transformations,"pyNeuroML https://github.com/NeuroML/pyNeuroML (LGPL-3.0 per GitHub API; PyPI pyNeuroML 1.3.22, LGPL-3.0-only)","Execution and analysis substrate NeuroSem would reuse: current-step sweeps, and analyse_spiketime_vs_dt compares spike times across timesteps, a primitive for refinement-based tolerance calibration. NeuroSem adds reference-versus-transformed fingerprint comparison, mutant generation, frozen tolerances, battery selection and held-out evaluation.",2,software,10.5281/zenodo.5744044,https://github.com/NeuroML/pyNeuroML,"GitHub REST API repos/NeuroML/pyNeuroML (created 2014-12-10, last push 2026-07-31, LGPL-3.0); README via GitHub API; pyneuroml/analysis/__init__.py via GitHub contents API (function names and docstrings); PyPI JSON pypi.org/pypi/pyNeuroML/json (v1.3.22, first release 0.0.9 on 2015-07-27); DataCite api.datacite.org/dois/10.5281/zenodo.5744044 (Zenodo 'NeuroML/pyNeuroML: v1.3.22', 2026, LGPL-3.0); Zenodo API returned 504","Google Scholar query '""pyNeuroML""' returned no articles; repository metadata via GitHub REST API (license LGPL-3.0)",deepread_r1_b9.json
"Omar C, Aldrich J, Gerkin RC (2014). Collaborative infrastructure for test-driven scientific model validation. Companion Proceedings of the 36th International Conference on Software Engineering (ICSE Companion 2014), pp. 524-527.",2014,general scientific models (worked example uses planetary-motion models); framework-level paper,"no - 4-page paper describes validation tests, capabilities and scores; no fault seeding or mutants.",no - tests compare model predictions with observations; no stimulation protocols.,no - no neuroscience features in the paper; domain libraries are envisioned separately.,no - not addressed.,no - no held-out evaluation; compares many models against a shared test suite.,no - not addressed.,SciUnit https://github.com/scidash/sciunit (MIT per GitHub API; PyPI sciunit 0.2.8),"Brings unit-testing ideas to validating models against empirical data, scoring goodness of fit. NeuroSem instead tests behaviour preservation between a reference model and its transformed version, adding mutation-calibrated sensitivity and protocol selection. SciUnit could serve as a test harness but does not anticipate the method.",2,paper,10.1145/2591062.2591129,https://doi.org/10.1145/2591062.2591129,"Crossref api.crossref.org/works/10.1145/2591062.2591129 (3 authors, ICSE Companion, ACM, pp. 524-527, 2014-05-31); OpenAlex works/doi abstract; full-text PDF read from link in scidash/sciunit README (github.com/cyrus-/papers/.../sciunit-icse14.pdf); GitHub REST API scidash/sciunit; PyPI JSON sciunit.","Crossref title query 'Collaborative infrastructure for test-driven scientific model validation' (after Scholar '""SciUnit"" test-driven scientific model validation'); metadata verified via Crossref api.crossref.org/works | WebSearch site:dl.acm.org SciUnit OR NeuronUnit; WebSearch site:dblp.org exact title; verified via Crossref | SciUnit README links the ICSE 2014 conference paper; DOI via Crossref bibliographic query, verified via Crossref works API | OpenAlex search; Semantic Scholar citations (45) and OpenCitations citations (29) used as snowball seed | WebSearch SciUnit query; Crossref title query; software https://github.com/scidash/sciunit (PyPI sciunit 0.2.8, MIT) | Crossref 'SciUnit framework test-driven scientific model validation'; verified via Crossref; repo scidash/sciunit MIT per GitHub API",deepread_r1_b0.json
OpenSourceBrain [GitHub organization; individual authors unverified] (2014). AllenInstituteNeuroML: example files to test interaction between models developed at the Allen Brain Institute and NeuroML. GitHub.,2014,"Allen Cell Types Database models: biophysical NEURON cells and GLIF point neurons, converted to NeuroML2/LEMS",no; no seeded faults; tests compare converted or re-run models against expected spike times.,"partial; current-clamp sweeps from Allen data and voltage-ramp channel analyses exist, but each OMV test uses one sweep.",partial; threshold spike times in OMV tests; a script plots NeuroML vs MOD channel time constants for manual comparison.,no.,no.,no.,"AllenInstituteNeuroML https://github.com/OpenSourceBrain/AllenInstituteNeuroML (LICENSE file: MIT for OSB code, Allen-derived content excluded; GitHub reports NOASSERTION); OMV engines NEURON, jNeuroML, jNeuroML_NEURON, jNeuroML_NetPyNE","Conversion regression across simulators on spike times plus manual channel-kinetics plots; also a possible fixture source (Allen content licensing needs checking). NeuroSem adds systematic feature fingerprints, calibrated tolerances, mutants, protocol selection and holdouts.",2,software,,https://github.com/OpenSourceBrain/AllenInstituteNeuroML,"GitHub REST API (metadata, license endpoint, recursive tree via gh api); raw README.md, LICENSE, CITATION.md, compare_nml2_mods.py, .omt/.mep files, omv-ci.yml and non-omv.yml workflows. Zenodo DOI badge unverified (HTTP 504).",GitHub search org:OpenSourceBrain test,deepread_r1_b32.json
borismarin (2014). HH model with OSB model validation [GitHub repository hh-testing]. GitHub.,2014,"Classical Hodgkin-Huxley single-compartment model implemented in LEMS/NeuroML2, NEURON and GENESIS",no: fixed implementations checked against expected values; no fault injection,"partial: hh.mep defines two experiments, one 500 ms current-clamp step and one endogenous resting condition","partial: expected spike times (threshold detection, tolerance 0.5 in the NEURON test file), resting potential, area and temperature",no: experiments are hand-specified,no: single model; no split,no: not addressed,"hh-testing, https://github.com/borismarin/hh-testing (uses OSB model validation, https://github.com/borismarin/osb-model-validation); no license per GitHub API","Small cross-simulator consistency check against one canonical step with a hand-set tolerance, essentially NeuroSem's canonical baseline. NeuroSem adds a multi-protocol battery, refinement-calibrated tolerances, mutants, selection and held-out evaluation.",2,software,,https://github.com/borismarin/hh-testing,"GitHub REST API repos/borismarin/hh-testing (description, created 2014-04-14, last push 2017-04-05, license null); README.md, .travis.yml (OMV_ENGINE jNeuroML, NEURON, genesis), hh.mep and NEURON/hh.nrn.omt read via raw.githubusercontent.com. Individual authors unverified; LEMS/GENESIS test files not read.",GitHub search LEMS test,deepread_r1_b30.json
"Daly AC, Gavaghan DJ, Holmes C, et al. (2015). Hodgkin-Huxley revisited: reparametrization and identifiability analysis of the classic action potential model with approximate Bayesian methods. Royal Society Open Science.",2015,"Hodgkin-Huxley conductance-based single-compartment action potential model (CellML, run via Chaste functional curation), framed for cardiac cell modelling","no - parameter sets are sampled from ABC posteriors; no deliberate single-fault edits, although posterior variants act like parameter perturbations.","partial - fitted to voltage-clamp data, then posterior models run under four more complex Hodgkin-Huxley voltage protocols and a current-clamp test.",partial - RMSE distance between simulated and reference traces; no eFEL-style spike features.,no - protocols come from the original 1952 experiments; the paper only suggests richer protocols could constrain parameters.,partial - posterior models examined on protocols not used for fitting; no held-out models or fault families.,no - no AI-assisted model edits studied.,"Chaste HodgkinHuxleyABC paper tutorial, https://chaste.github.io/docs/paper-tutorials/ (the paper's chaste.cs.ox.ac.uk trac URL now redirects there)","Parameter inference and identifiability, not change detection. NeuroSem would add single-fault mutants, current-clamp feature batteries, refinement-calibrated tolerances, protocol selection and held-out evaluation.",2,paper,10.1098/rsos.150499,https://doi.org/10.1098/rsos.150499,"Crossref API (10.1098/rsos.150499); Europe PMC REST (PMID 27019736) and PMC4807457 full-text XML (methods, code availability); Chaste paper-tutorials page fetched",PubMed E-utilities 'ICGenealogy OR ion channel genealogy' | WebSearch Groenendaal query; WebSearch Semantic Scholar-style query; Crossref,deepread_r1_b20.json
"Fountas, Z., & Shanahan, M. (2015). GPU-based fast parameter optimization for phenomenological spiking neural models. 2015 International Joint Conference on Neural Networks (IJCNN), 1-8.",2015,phenomenological spiking neuron model (Izhikevich equations) fitted to thalamic relay cell data; GPU simulation via NeMo,no - parameter fitting to data; no controlled single-fault mutants.,yes - fitting combines several frequency-current and voltage-current relations of the neuron.,partial - uses f-I and V-I relations and physiological properties; not a standardised feature library like eFEL.,"no - optimises model parameters, not the selection of stimulation protocols.","partial - model predicted firing patterns of known traces not used in training; single cell, not held-out models.",no - no AI-generated model edits.,unverified - abstract mentions a Python toolbox built on the NeMo simulator; no public repository located (GitHub search returned none),"Multi-relation fitting of one phenomenological model with held-out trace checks. NeuroSem would compare a reference against transformed models, calibrate tolerances, use mutants, and optimise the protocol battery itself.",2,paper (conference),10.1109/ijcnn.2015.7280668,https://doi.org/10.1109/ijcnn.2015.7280668,"Crossref api.crossref.org/works/10.1109/ijcnn.2015.7280668 (2 authors, pp 1-8, issued 2015-07); OpenAlex W1632366792 (abstract); Semantic Scholar batch API (DBLP conf/ijcnn/FountasS15, closed). GitHub REST search (gh api) for 'fountas izhikevich' returned 0 repositories. Full text not accessed.",WebSearch site:ieeexplore.ieee.org feature-based optimization neuron model electrophysiology features multiple stimuli validation; verified via Crossref,deepread_r1_b27.json
"Glatard T, Lewis LB, Ferreira da Silva R, et al. (2015). Reproducibility of neuroimaging analyses across operating systems. Frontiers in Neuroinformatics 9.",2015,"Neuroimaging pipelines (FSL, Freesurfer, CIVET) across GNU/Linux versions; not neuron models.","no - Varies operating system environment, not seeded model faults.","partial - Several analysis types and subjects, not stimulation protocols.","no - Imaging outputs (Dice, cortical thickness, ICA).",no - None.,no - None.,no - None.,none,"Shows platform changes cause hidden output drift in neuroscience software. NeuroSem targets drift from edits to neuron models, detected with electrophysiology protocols.",2,paper,10.3389/fninf.2015.00012,https://doi.org/10.3389/fninf.2015.00012,"Crossref /works (metadata, 12 authors); OpenAlex (abstract).",completeness-critic gap round 2 (re-run 2026-09-13),deepread_r2x_b0.json
"Groenendaal W, Ortega FA, Kherlopian AR, et al. (2015). Cell-Specific Cardiac Electrophysiology Models. PLOS Computational Biology 11(4):e1004242.",2015,conductance-based guinea-pig ventricular myocyte action-potential ODE model (cardiac),"no - genetic-algorithm parameter fitting with computational feasibility check; GA mutation is an optimiser operator, not model faults.",yes - stochastic current-clamp pacing combined with multi-step voltage clamp; adding voltage clamp improved some conductance estimates.,partial - fitting error on action-potential and current traces; no standardized feature-extraction library evident in text reviewed.,partial - hand-designed protocol combination argued to improve identifiability; no algorithmic protocol selection.,partial - assesses prediction of dynamics not used in fitting (e.g. voltage-clamp-only fits predicting stochastic pacing); no held-out model set.,no - no AI-assisted transformations.,none released identified; RTXI (rtxi.org) used for acquisition per paper,"Uses dynamically rich multi-protocol data to fit cell-specific models. NeuroSem would use multi-protocol batteries to detect behavioural drift between model versions, with seeded faults, frozen tolerances, greedy selection and held-out evaluation.",2,paper,10.1371/journal.pcbi.1004242,https://doi.org/10.1371/journal.pcbi.1004242,Crossref works API (10.1371/journal.pcbi.1004242) and Crossref bibliographic query; Europe PMC core record and full-text XML (PMC4415772); input Semantic Scholar ID not confirmed (API 429),WebSearch Groenendaal identifiability query (Semantic Scholar page URL); Crossref title query did not match,deepread_r1_b38.json
"Open Brain Institute; Blue Brain Project/EPFL (2015). eFEL: Electrophys Feature Extraction Library. GitHub repository openbraininstitute/eFEL (predecessor BlueBrain/eFEL, archived); PyPI efel 5.7.34.",2015,voltage traces from in vitro recordings and in silico neuron models (feature-extraction library),no: feature-extraction code; no model mutation facilities in README.,partial: processes traces with stimulus start/end windows; does not generate or manage stimulation protocols.,"yes: extracts user-selected features such as AP amplitude, voltage_base; configurable spike threshold setting.",no: no protocol selection functionality.,no: not applicable to a library; no held-out evaluation.,no: none.,"eFEL https://github.com/openbraininstitute/eFEL (LICENSE.txt: LGPL, examples/tests BSD; GitHub API NOASSERTION; PyPI efel 5.7.34 LGPLv3 uploaded 2026-08-25; BlueBrain/eFEL archived)","Same component as the eFEL paper row; relevant for version pinning and provenance (active repo moved, old one archived). NeuroSem only consumes its features.",2,software,,https://github.com/openbraininstitute/eFEL,"GitHub REST API repos/openbraininstitute/eFEL (created 2025-01-13, last push 2026-08-25) and repos/BlueBrain/eFEL (created 2015-05-06, archived); raw README.md and LICENSE.txt; PyPI JSON API efel.",GitHub REST API: api.github.com/repos/BlueBrain/eFEL (archived=true) and api.github.com/repos/openbraininstitute/eFEL (license reported NOASSERTION),deepread_r1_b10.json
"Papadakis M, Jia Y, Harman M, et al. (2015). Trivial Compiler Equivalence: A Large Scale Empirical Study of a Simple, Fast and Effective Equivalent Mutant Detection Technique. 2015 IEEE/ACM 37th IEEE International Conference on Software Engineering (ICSE), pp. 936-946.",2015,general software (C programs: 6 large open-source programs and 18 benchmark programs),"yes - applies mutation operators and uses compiler technology to discard equivalent and duplicated mutants, checked against hand-analysed equivalents.",no - no stimulation protocols; equivalence screening is compiler-based rather than execution-based per the abstract.,no - no electrophysiology or dynamical-output features.,no - screens mutants; does not select a compact test or protocol battery.,no - empirical study over program sets; no discovery/held-out split reported in the abstract.,no - no AI-generated transformations.,none (technique relies on existing compilers; no tool URL retrieved),"TCE is a cheap static screen that catches only part of equivalent mutants. NeuroSem could add an analogous structural pre-screen, but its equivalence labels come from executing a finite neuron-model stimulation battery.",2,paper,10.1109/icse.2015.103,https://doi.org/10.1109/icse.2015.103,"Crossref /works/10.1109/icse.2015.103 (title, 4 authors incl. Le Traon, ICSE 2015 pp. 936-946); OpenAlex W4238681179 abstract.",completeness critic r2,deepread_r2_b1.json
"Qi Z, Long F, Achour S, et al. (2015). An analysis of patch plausibility and correctness for generate-and-validate patch generation systems. Proceedings of the 2015 International Symposium on Software Testing and Analysis (ISSTA 2015), pp. 24-36.",2015,general software (C programs; automated program repair),"partial - analyses automatically generated patches (program modifications), not controlled seeded faults.","no - validation test suites, not stimuli.",no - none.,no - none.,"partial - checks reported patches for correctness beyond the validation suite, exposing weak test oracles.","partial - automated (search-based, not ML/LLM) program transformations.",Kali (described in paper; URL not retrieved),"Shows weak test suites accept incorrect automated changes. NeuroSem aims to build a stronger protocol battery for judging model transformations, including optional AI-assisted ones, in neuron models.",2,paper,10.1145/2771783.2771791,https://doi.org/10.1145/2771783.2771791,"Crossref /works/10.1145/2771783.2771791 (title, 4 authors, ISSTA 2015 pp 24-36); OpenAlex abstract (W2153881107).",completeness-critic gap round 2 (re-run 2026-09-13),deepread_r2x_b1.json
"Smith EK, Barr ET, Le Goues C, et al. (2015). Is the cure worse than the disease? Overfitting in automated program repair. Proceedings of the 2015 10th Joint Meeting on Foundations of Software Engineering (ESEC/FSE), pp. 532-543.",2015,C programs from a bug benchmark with human-written patches.,"no - Evaluates automated repairs of real bugs, not seeded mutations.",partial - Uses separate independent test suites beyond the repair tests.,no - None.,no - None.,yes - Core design evaluates patches on tests independent of those used during repair.,"partial - Automated repair tools (GenProg, TrpAutoRepair) transform programs; not LLM-based.",none,"Shows edits passing one test set can break untested behaviour, which parallels NeuroSem's premise. NeuroSem applies this to neuron models with electrophysiology protocols and battery selection.",2,paper,10.1145/2786805.2786825,https://doi.org/10.1145/2786805.2786825,"Crossref /works (metadata, fourth author Yuriy Brun); OpenAlex (abstract).",completeness-critic gap round 2 (re-run 2026-09-13),deepread_r2x_b0.json
"Belli F, Budnik CJ, Hollmann A, et al. (2016). Model-based mutation testing - Approach and case studies. Science of Computer Programming, 120, 25-48.",2016,"General software engineering: graph-based system models (directed graphs, event sequence graphs, FSMs, statecharts) of industrial systems",yes: elementary insertion and omission mutation operators applied to models to create mutants,partial: test cases (event sequences) generated from mutated models; no electrical stimulation,no: not neuroscience; pass/fail on system behaviour,partial: tests generated from mutants and compared by fault-revealing ability between operator types; no budgeted greedy selection described in abstract,partial: fault detection assessed on real released systems in three case studies; no held-out model or mutation-family split,no: none,none,Generic model-level mutation testing background. NeuroSem mutates biophysical NeuroML models and measures continuous electrophysiology features against calibrated tolerances.,2,paper,10.1016/j.scico.2016.01.003,https://www.sciencedirect.com/science/article/pii/S0167642316000137,"Crossref API work record (authors, volume 120, pages 25-48); OpenAlex API (abstract, author diacritics); Semantic Scholar Graph API (abstract, open-access CC BY status)",WebSearch Simulink mutation query; Crossref title query,deepread_r1_b39.json
"Ding, J., & Hu, X.-H. (2016). Application of metamorphic testing monitored by test adequacy in a Monte Carlo simulation program. Software Quality Journal, 25(3), 841-869.",2016,"Monte Carlo photon-propagation simulation in turbid tissue phantoms (biomedical optics), plus a confocal image-processing program","yes - metamorphic testing adequacy is measured with program coverage, mutation testing, and mutation tests of metamorphic relations.","partial - multiple metamorphic relations and related test inputs; optical simulation inputs, not electrical stimulation protocols.","no - outputs are reflectance images and 3D cell structure, not electrophysiology features.",partial - adequacy results iteratively guide relation development and test generation; no compact cost-bounded selection described in abstract.,no - abstract reports case-study effectiveness only; no held-out programs or held-out mutation family described.,no - abstract does not address AI-generated transformations.,none,"Nearest in batch: mutation-guided test adequacy for biomedical simulation. NeuroSem would add neuron eFEL fingerprints, refinement-calibrated tolerances, greedy protocol selection, and held-out model/fault-family evaluation against baselines.",2,"paper (journal, method + case study)",10.1007/s11219-016-9337-3,https://doi.org/10.1007/s11219-016-9337-3,"Crossref api.crossref.org/works/10.1007/s11219-016-9337-3 (2 authors, vol 25(3) pp 841-869, issued/online 2016-09-14, print 2017-09); Springer landing page link.springer.com/article/10.1007/s11219-016-9337-3 (abstract); Semantic Scholar Graph API (abstract elided by publisher; TLDR, DBLP id DingH17); Unpaywall (closed). Full text not accessed.",WebSearch 'metamorphic testing scientific simulation software systematic review'; metadata verified via Crossref api.crossref.org/works,deepread_r1_b13.json
"Jatana, N., Suri, B., Kumar, P., et al. (2016). Test Suite Reduction by Mutation Testing Mapped to Set Cover Problem. Proceedings of the Second International Conference on Information and Communication Technology for Competitive Strategies, 1-6.",2016,"general software programs (Triangle, Quadratic, TCAS subject programs); not a scientific or neuron model",yes - program mutants define which test cases are needed; reduction preserves mutant-kill coverage (per abstract).,"partial - test cases are program inputs, loosely analogous to protocols; no electrical stimulation.",no - software output checking only.,"yes - test-suite reduction cast as set cover and solved greedily, a direct precedent for greedy protocol selection.","unclear - abstract reports only a preliminary evaluation on three programs; full text not accessed, no held-out split described.",no - no AI-generated edits.,none,"Greedy mutant-coverage set cover is established precedent and cannot be claimed. NeuroSem would apply it to stimulation protocols on NeuroML neuron models, with refinement-calibrated feature tolerances, admissible-mutant classification, and held-out models, a held-out mutation family, and cost-matched random baselines.",2,paper,10.1145/2905055.2905094,https://doi.org/10.1145/2905055.2905094,"Crossref works API (title, authors, container, 2016-03-04, pages 1-6); OpenAlex work W2514273129 abstract. DBLP API returned a bot-check page (blocked); ACM full text not accessed.",Crossref bibliographic query (test suite minimization greedy set cover mutation); verified via Crossref works API,deepread_r1_b34.json
"JustasB, GitHub user; the CNS2016 slide filename names Birgiolas (2016). MitralSuite: Objective validation of olfactory bulb mitral cell models with NeuroElectro data using NeuronUnit. GitHub repository JustasB/MitralSuite.",2016,"8 published multicompartment conductance-based mitral cell models in NEURON (e.g. Bhalla & Bower 1993, Migliore 2014)",no - compares published models against experimental data; no seeded faults.,"partial - square current injections at a few test-specific amplitudes (rest, passive, AP, threshold); no ramps or rebound.","yes - six NeuronUnit tests: resting potential, input resistance, time constant, AP width, threshold, amplitude.",no - stimuli are fixed per test.,no - scores all models against pooled NeuroElectro observations (z-scores); no discovery/held-out split.,no - none.,"MitralSuite https://github.com/JustasB/MitralSuite (depends on SciUnit/NeuronUnit, NEURON); MIT per GitHub API","Validates models against experimental data. NeuroSem instead compares a reference model with its edited version, using calibrated tolerances, seeded mutants and a selected protocol battery.",2,software,,https://github.com/JustasB/MitralSuite,"GitHub REST API repo record (created 2016-05-20, MIT); README; repository tree and helpers.py (setupTests test list) plus GetResultsSummary.ipynb via gh api; GitHub web page (WebFetch) for the model list.",GitHub search neuronunit,deepread_r1_b33.json
"Krogh-Madsen T, Sobie EA, Christini DJ (2016). Improving cardiomyocyte model fidelity and utility via dynamic electrophysiology protocols and optimization algorithms. The Journal of Physiology 594(9):2525-2536.",2016,cardiac myocyte ionic (conductance-based) cell models; review,no - reviews parameter estimation for cardiac models; no deliberate fault injection to evaluate detection.,yes - central theme is using more complex electrophysiology protocols beyond standard voltage-clamp steps.,"partial - discusses matching model output to recorded electrophysiology data; cardiac, and not eFEL-style feature fingerprints.","partial - reviews protocols designed to be informative for parameter identification, not greedy selection of a detection battery.",no - review article; no held-out model or mutation-family evaluation described in abstract.,no - not discussed.,none,"Shares the idea that richer stimulation protocols reveal more about an excitable-cell model, but aims at parameter identifiability in cardiac fitting. NeuroSem targets detecting behavior-changing edits in neuron models via mutation-calibrated protocol selection.",2,paper,10.1113/jp270618,https://doi.org/10.1113/jp270618,"Crossref /works/<doi> (authors, 2016 issue, volume, pages); OpenAlex abstract (OpenAlex lists 2015, reconciled to Crossref 2016 online/print dates). Full text not accessed.",completeness-critic gap round 2 (re-run 2026-09-13),deepread_r2x_b2.json
"Nogaret A, Meliza CD, Margoliash D, et al. (2016). Automatic Construction of Predictive Neuron Models through Large Scale Assimilation of Electrophysiological Data. Scientific Reports, 6, 32749.",2016,nine-ion-channel single-compartment conductance model of zebra finch HVC neurons fitted to recordings,no; parameters are estimated by IPOPT constrained optimisation; no seeded faults.,"yes; 20-50 current protocols per neuron, mixing Lorenz-chaotic waveforms with steps, plus step-only protocols.",no; objective is least-squares voltage misfit and validation predicts voltage traces; no feature extraction found in the scanned text.,"partial; waveforms are designed with the bandwidth to constrain time constants, but no subset of protocols is algorithmically selected.",partial; completed models predict responses to protocols outside the assimilation window; no held-out models or fault families.,no; no AI-assisted edits are involved.,none released identified; uses IPOPT with Sympy-derived derivatives,Designs broadband currents to fit parameters from data and checks prediction on other protocols. NeuroSem selects a small protocol battery that exposes differences between a reference model and single-fault edits.,2,paper,10.1038/srep32749,https://www.nature.com/articles/srep32749,"Crossref works API (authors, venue, volume, article number, abstract); nature.com open-access full text (protocol design, IPOPT methods).",WebSearch data assimilation Abarbanel query; Crossref,deepread_r1_b40.json
OpenSourceBrain [GitHub organization; individual authors unverified] (2016). PyNNShowcase: a repository for testing interactions/conversions between NeuroML & PyNN. GitHub.,2016,Izhikevich and simple point-neuron/small network examples in NeuroML2/LEMS and PyNN,no; no fault injection; OMV tests only check that each engine reproduces expected spike times.,"partial; a few example scenarios (current input, spike sources, connections), each test fixed to one scenario.",partial; only threshold-detected spike times compared with expected lists in OMV .mep files under a numeric tolerance.,no; scenarios are hand-written examples.,"no; continuous-integration regression tests, no evaluation split.",no.,PyNNShowcase https://github.com/OpenSourceBrain/PyNNShowcase (no license file detected); tests run with OMV https://github.com/OpenSourceBrain/osb-model-validation,"Cross-engine conversion regression (jNeuroML, NEURON, NEST, Brian2 via PyNN) on stored spike times; a form of translation-equivalence checking. NeuroSem adds multi-protocol feature fingerprints, refinement-calibrated tolerances, mutant sensitivity, protocol selection and holdouts.",2,software,,https://github.com/OpenSourceBrain/PyNNShowcase,"GitHub REST API (repo metadata, recursive tree, contributors via gh api); raw README.md, NeuroML2 and PyNN .omt/.mep files, .github/workflows/omv-ci.yml.",GitHub search org:OpenSourceBrain test,deepread_r1_b32.json
"Pill, I., Rubil, I., Wotawa, F., et al. (2016). SIMULTATE: A Toolset for Fault Injection and Mutation Testing of Simulink Models. 2016 IEEE Ninth International Conference on Software Testing, Verification and Validation Workshops (ICSTW), pp. 168-173.",2016,Simulink block-diagram models (automotive / safety-critical embedded control; executable dynamical system models),"yes - toolset injects faults and derives mutants via built-in and user-defined operators, scoped to chosen model parts, with per-fault activation control.",unclear - abstract describes running mutation tests but not input stimulus design; full text closed access.,no - general Simulink signals; no neuroscience or electrophysiological features.,"no - abstract describes mutant generation and test-execution tooling, not selection or optimization of test inputs.",no - tool paper; abstract reports no held-out model or held-out operator evaluation.,no - no AI or LLM-generated transformations mentioned.,SIMULTATE (abstract describes it as open source; public repository not located via GitHub search API - URL unverified),"Precedent for mutating executable dynamical models outside neuroscience. NeuroSem would add NeuroML/LEMS operators, eFEL features across current-clamp protocols, refinement-calibrated tolerances, protocol selection and held-out evaluation.",2,paper,10.1109/ICSTW.2016.21,https://doi.org/10.1109/ICSTW.2016.21,"Crossref works API (title, authors, container, pages 168-173, 2016); OpenAlex works API (abstract via inverted index); Semantic Scholar Graph API (DBLP id conf/icst/PillRWN16; abstract elided, closed access). IEEE Xplore WebFetch returned empty. GitHub REST search for 'simultate' found no matching repository.",Semantic Scholar Graph API search 'NeuroML mutation testing' (via WebFetch); metadata verified via Crossref api.crossref.org/works/10.1109/ICSTW.2016.21,deepread_r1_b15.json
"Roehm H, Oehlerking J, Woehrle M, et al. (2016). Reachset Conformance Testing of Hybrid Automata. Proceedings of HSCC 2016, pp. 277-286.",2016,hybrid automata / cyber-physical system models (autonomous driving example),no - tests conformance of an abstraction to an implementation; no mutants described in abstract.,"partial - multiple test cases over inputs for a dynamical system, not electrophysiology protocols.","no - reachable-set conformance, not feature extraction.",yes - coverage-based test selection algorithm reduces the number of conformance test cases.,no - single autonomous-driving example.,no - not discussed.,none identified,"Combines conformance of dynamical models with tunable accuracy and coverage-based test reduction, close in spirit. NeuroSem differs in neuron models, mutation-calibrated detection, eFEL fingerprints and held-out generalization evaluation.",2,paper,10.1145/2883817.2883828,https://doi.org/10.1145/2883817.2883828,"Crossref /works/<doi> (authors, proceedings, pages); OpenAlex abstract. Full text not accessed.",completeness-critic gap round 2 (re-run 2026-09-13),deepread_r2x_b2.json
"Sarma, G. P., Jacobs, T. W., Watts, M. D., et al. (2016). Unit testing, model validation, and biological simulation. F1000Research, 5, 1946.",2016,"Biological simulation software (OpenWorm C. elegans project, including ion-channel models in ChannelWorm and PyOpenWorm data)","no - discusses unit tests, test-driven development and continuous integration; no mutation or fault injection.",partial - example NeuronUnit test checks one ion channel's I/V curve against data; no multi-protocol battery.,partial - SciUnit model validation tests compute summary statistics (e.g. I/V peak agreement) mapped to pass/fail scores.,no - no stimulus or test selection.,no - case-study/perspective article without quantitative evaluation.,no - not addressed.,SciUnit http://sciunit.scidash.org ; NeuronUnit http://neuronunit.scidash.org ; ChannelWorm https://github.com/openworm/ChannelWorm (URLs as cited in paper),"Conceptual precedent for model validation tests inside CI. NeuroSem instead tests regression against a reference model rather than agreement with data, adding controlled mutants, multi-protocol fingerprints, calibrated tolerances, compact battery selection and held-out evaluation.",2,paper,10.12688/f1000research.9315.1,https://doi.org/10.12688/f1000research.9315.1,"Crossref API (title, 6 authors, F1000Research 5:1946, 2016-08-10, CC BY 4.0); Europe PMC search (PMID 27635225, PMC5007758) and full-text XML read (test categories, SciUnit/NeuronUnit example, CI section).","Europe PMC 'NeuronUnit', 'SciUnit', 'test-driven AND neuroscience'; arXiv version surfaced in WebSearch site:biorxiv.org | OpenAlex search 'SciUnit NeuronUnit' | Europe PMC: 'SciUnit OR NeuronUnit'; Europe PMC: 'SciUnit AND (framework OR validation) AND model' [fallback source used because arXiv/OpenAlex were rate-limited] | OpenAlex search; forward citations via Semantic Scholar (28), OpenCitations (28), Europe PMC (11) | WebSearch SciUnit query; Europe PMC; Crossref title query | Europe PMC '(NeuronUnit OR SciUnit) AND validation'; verified via Crossref + abstract",deepread_r1_b3.json
"Scharm M, Wolkenhauer O, Waltemath D (2016). An algorithm to detect and communicate the differences in computational models describing biological systems. Bioinformatics 32(4):563-570.",2016,SBML and CellML model versions (XML-encoded systems biology / physiology models); NeuroML named only as possible extension,no - diffs real coexisting model versions; no seeded faults.,no - purely structural comparison; models are not simulated.,"no - compares encoding, network structure and mathematical expressions, not simulated behaviour.",no - not applicable.,no - no held-out design; evaluated against standard XML diff approaches.,no - not addressed.,"BiVeS - https://github.com/SemsProject/BiVeS (GitHub API: Apache-2.0, last push 2021-05-10); paper cites sems.uni-rostock.de and BudHat web interface","Reports what changed structurally between versions, ignoring whitespace and attribute order. NeuroSem asks whether behaviour changed, via simulation under several stimuli; structural diffs could complement it but cannot detect silent drift.",2,paper (algorithm + software),10.1093/bioinformatics/btv484,https://doi.org/10.1093/bioinformatics/btv484,Crossref https://api.crossref.org/works/10.1093/bioinformatics/btv484; Europe PMC core record PMID 26490504 / PMC4743622 (abstract) and fullTextXML https://www.ebi.ac.uk/europepmc/webservices/rest/PMC4743622/fullTextXML; GitHub REST https://api.github.com/repos/SemsProject/BiVeS,completeness critic r2,deepread_r2_b9.json
"Segura S, Fraser G, Sanchez AB, et al. (2016). A Survey on Metamorphic Testing. IEEE Transactions on Software Engineering 42(9):805-824.",2016,"general software-testing survey (domains include simulation, bioinformatics, epidemiological models, machine learning)",partial - surveys studies that evaluate metamorphic relations with seeded faults and mutants; the survey runs no mutation experiment itself.,partial - covers sets of metamorphic relations and source/follow-up test cases; no neuronal stimulation protocols.,no - no neuronal or electrophysiological feature extraction discussed; no neuroscience terms found in full text.,"partial - names prioritisation and minimisation of metamorphic relations an open challenge, citing coverage- and similarity-based approaches.",no - literature survey; analyses empirical practice but performs no held-out evaluation.,no - machine-learning programs appear only as test subjects; no AI-generated code transformations.,none,"Canonical background showing that metamorphic testing, mutant-based evaluation of relations and relation prioritisation are established and cannot be claimed by NeuroSem. NeuroSem's candidate contribution would be the neuron-model-specific integration with calibrated feature tolerances, protocol-battery selection and held-out evaluation.",2,paper,10.1109/tse.2016.2532875,https://doi.org/10.1109/tse.2016.2532875,"Crossref https://api.crossref.org/works/10.1109/tse.2016.2532875 (title, 4 authors, vol 42 issue 9 pp. 805-824, issued 2016-09-01); OpenAlex https://api.openalex.org/works/doi:10.1109/tse.2016.2532875 (abstract); Semantic Scholar graph API batch (DBLP journals/tse/SeguraFSC16; dblp.org itself returned an Anubis bot check); full text read from idUS repository https://idus.us.es/bitstreams/d8fffc33-4eb5-4bb4-a3d6-c4ddab3f7cb6/download (handle https://idus.us.es/handle/11441/38271).",WebSearch site:dblp.org metamorphic testing simulation models epidemiological neuroscience; verified via Crossref,deepread_r1_b24.json
"Shotwell MS, Gray RA (2016). Estimability Analysis and Optimal Design in Dynamic Multi-scale Models of Cardiac Electrophysiology. Journal of Agricultural, Biological, and Environmental Statistics 21(2):261-276.",2016,"Hodgkin-Huxley-type cardiac excitable-cell ODE model with multi-scale (single cell, propagation, voltage clamp) simulated experiments","no - discusses two deliberate model modifications to improve estimability, not seeded faults or mutant detection.","yes - three simulated procedures: single-cell stimulation, action-potential propagation, and voltage clamp.",unclear - sensitivity and information-matrix analysis of simulated outputs; no spike-feature library evident in text reviewed.,"yes - D-, E- and A-optimality criteria to weigh combinations of experimental procedures; criterion choice changes each experiment's contribution.",no - simulation-based estimability analysis without held-out models or validation split evident.,no - no AI-assisted transformations.,R Code Supplement distributed with the article (publisher supplementary material; not fetched),"Fisher-information design for parameter estimability. NeuroSem would choose protocols by empirical detection coverage of seeded single faults under calibrated tolerances, evaluated on held-out neuron models and a held-out mutation family.",2,paper,10.1007/s13253-016-0244-7,https://pubmed.ncbi.nlm.nih.gov/27330268/,"Crossref works API; Europe PMC core record (abstract, PMC4906545); NCBI E-utilities efetch PMC full text",Europe PMC refined OED clamp query; abstract via Europe PMC,deepread_r1_b38.json
"Van Geit W, Gevaert M, Chindemi G, et al. (2016). BluePyOpt: Leveraging Open Source Software and Cloud Infrastructure to Optimise Model Parameters in Neuroscience. Frontiers in Neuroinformatics 10.",2016,conductance-based neuron models (single-compartment example and detailed cell model) plus other dynamical-system use cases; parameter optimisation framework,no: 'mutation' refers only to evolutionary-algorithm settings; no seeded model faults.,"yes: Protocol objects with stimuli and recordings, e.g. step current clamp; protocols can nest sub-protocols.",yes: eFEL-based features combined into multi-objective fitness scores.,no: optimises model parameters for fixed protocols; does not select or minimise protocol sets.,no: paper states it does not address generalization or overfitting; only notes extra protocols could assess generalization.,no: none.,"BluePyOpt https://github.com/openbraininstitute/BluePyOpt (PyPI bluepyopt 1.14.25, LGPL v3+ per PyPI license text; GitHub API NOASSERTION; BlueBrain/BluePyOpt archived)","Shares protocol and eFEL feature infrastructure but aims at fitting parameters to data. NeuroSem instead detects behavioural change after edits, using mutants, calibrated tolerances, protocol selection and held-out tests.",2,paper,10.3389/fninf.2016.00017,https://doi.org/10.3389/fninf.2016.00017,"Crossref api.crossref.org/works/10.3389/fninf.2016.00017 (authors, title, journal, vol 10, 2016-06-07); Europe PMC core record (PMID 27375471, PMC4896051) abstract and full-text XML keyword scan; GitHub API openbraininstitute/BluePyOpt and BlueBrain/BluePyOpt; PyPI JSON API bluepyopt.","Google Scholar '""eFEL"" electrophysiology feature extraction'; metadata verified via Crossref api.crossref.org/works | PubMed E-utilities 'BluePyOpt'; Europe PMC 'BluePyOpt' | OpenAlex search 'NeuroML mutation testing'; WebSearch site:dblp.org electrophysiological feature extraction (arXiv link, snippet mentions eFEL); verified via Crossref | OpenAlex: 'NeuroML mutation testing'; Europe PMC: 'NeuroML AND mutation'; Europe PMC: 'eFEL AND electrophysiology' (+2 more); metadata confirmed via Crossref /works/<doi> | DOI in README of GitHub openbraininstitute/BluePyOpt; verified via Crossref works API; PyPI bluepyopt 1.14.25 | OpenAlex search (anchor); Europe PMC (137) and Semantic Scholar (188) forward citations | WebSearch BluePyOpt query; Europe PMC result; PubMed esummary | GitHub search 'bluepyopt' then Crossref title query; verified via Crossref + abstract",deepread_r1_b10.json
"Deshmukh JV, Majumdar R, Prabhu VS (2017). Quantifying conformance using the Skorokhod metric. Formal Methods in System Design 50:168-206.",2017,Continuous and hybrid dynamical system models (for example Simulink) and their implementations.,no - Compares idealised models against implementations; no seeded faults per abstract.,partial - Semi-formal approach simulates both systems over a large test set.,"no - Uses Skorokhod trajectory distance tolerant to timing distortion, not physiology features.",no - No compact test selection described in abstract.,no - None reported in abstract.,no - None.,none,"Offers a principled trajectory distance tolerant to timing shifts, an alternative to feature tolerances. NeuroSem adds neuron-specific features, mutation calibration and battery selection.",2,paper,10.1007/s10703-016-0261-8,https://doi.org/10.1007/s10703-016-0261-8,Crossref /works (metadata); OpenAlex (abstract).,completeness-critic gap round 2 (re-run 2026-09-13),deepread_r2x_b0.json
"Gutzen R, von Papen M, Denker M, et al. (2017). NetworkUnit: a SciUnit library for validation testing of spiking neural network models. GitHub software (INM-6/networkunit; PyPI networkunit 0.2.2).",2017,"spiking neural network models (population activity / spike-train data, e.g. NEST simulations and SpiNNaker reproductions); not single-cell conductance models",no - README and docs describe statistical validation tests and scores; no mutant generation or seeded faults.,no - tests compare spike-train statistics of network activity; no battery of current-clamp stimulation protocols.,"partial - network-level spiking statistics (firing rates, ISI CV, correlations, power spectra), not single-cell eFEL-style features.",no - fixed library of test and score classes chosen by the user; no selection of a compact test set.,no - no discovery/held-out split of models or fault families described in README or docs.,no - no AI-generated or AI-edited models.,"NetworkUnit - https://github.com/INM-6/networkunit (BSD-3-Clause per GitHub API; PyPI 0.2.2, last upload 2024-01-04)","Precedent for model-to-model equivalence testing between implementations, e.g. a simulator reproduction, at network level. NeuroSem targets single-cell NeuroML edits and adds mutants, stimulation-protocol batteries, refinement-calibrated tolerances, compact battery selection and held-out evaluation.",2,software,,https://github.com/INM-6/networkunit,"GitHub REST API repo JSON (created 2017-11-14, BSD-3-Clause, description); raw README.rst, AUTHORS.txt and doc/citing.rst; PyPI JSON (0.2.2, first release 0.1.0 on 2018-11-06). The paper cited in doc/citing.rst was checked on Crossref (api.crossref.org/works/10.3389/fninf.2018.00090: Gutzen, von Papen, Trensch, Quaglio, Grun, Denker; Front Neuroinform 12:90; 2018) and its abstract read on Europe PMC (PMID 30618696): it validates a network model against its SpiNNaker reproduction.",GitHub search sciunit; PyPI JSON networkunit 0.2.2,deepread_r1_b31.json
"Manninen T, Havela R, Linne M-L (2017). Reproducibility and Comparability of Computational Models for Astrocyte Calcium Excitability. Frontiers in Neuroinformatics, 11.",2017,"astrocyte calcium excitability ODE models (non-neuronal, not spiking conductance-based), reimplemented in MATLAB and Python",no; manual reimplementation found equation errors in two publications; no systematic mutant generation.,"partial; compared four models under shared stimuli/parameters and other stimulation conditions (glutamate/IP3 inputs), chosen manually.",partial; compared calcium signal dynamics and percentage changes in outputs; no membrane electrophysiology features.,no; stimuli taken from original publications or chosen manually.,no; four-model case study without a discovery/held-out split.,no; human reimplementation only.,"reimplemented Python models in ModelDB, accessions 223144, 223269, 223273, 223274 (https://senselab.med.yale.edu/modeldb)","Manual evidence that reimplementation silently changes behaviour and that further stimuli help expose it; NeuroSem would automate this for neuron models with mutants, calibrated tolerances and selected protocols.",2,paper,10.3389/fninf.2017.00011,https://doi.org/10.3389/fninf.2017.00011,"Crossref works API (metadata); Europe PMC core record PMID 28270761 (abstract); Europe PMC full text PMC5318440 (methods: simulations, software, ModelDB accessions).","PubMed E-utilities 'reproducibility[ti] AND (computational model OR simulation) AND neuron' | Europe PMC citations of NeuroML 2010, LEMS 2014, ModelDB 2004",deepread_r1_b17.json
"Podlaski, W. F., Seeholzer, A., Groschner, L. N., et al. (2017). Mapping the function of neuronal ion channels in model and experiment. eLife 6:e22152.",2017,"2,378 NEURON ion-channel models (Kv, Nav, Cav, KCa, Ih) simulated in a standard single-compartment voltage-clamp harness",no - clusters existing published channel models and traces their genealogy; no seeded edits or fault injection.,"yes - battery of voltage-clamp protocols including activation, inactivation, deactivation, ramp and action-potential waveform.","partial - current responses compressed by PCA into per-protocol score vectors; voltage-clamp currents, not current-clamp spiking features.",partial - qualitatively assesses which protocols separate channel subtypes; no optimization or budgeted protocol selection.,partial - a new uncatalogued model and experimental recordings are placed into existing clusters; not a held-out detection evaluation.,no - no AI-assisted transformations.,ICGenealogy web resource https://icg.neurotheory.ox.ac.uk (HTTP 200 on 2026-09-13); channel repositories e.g. https://github.com/icgenealogy/icg-channels-K (GitHub API license GPL-3.0); related https://github.com/OpenSourceBrain/IonChannelGenealogyShowcase (no license reported),"Behavioral fingerprinting at the ion-channel level for classification, showing same-label models can behave differently. NeuroSem works at the cell level under current clamp and targets edit-induced drift relative to a reference, with calibrated tolerances, seeded mutants and selected batteries.",2,paper,10.7554/elife.22152,https://doi.org/10.7554/elife.22152,"Crossref /works/10.7554/elife.22152 (title, 6 authors, eLife, 2017-03-06, vol 6, e22152, abstract); Europe PMC (PMID 28267430, PMC5340531) fullTextXML methods (voltage-clamp protocol, similarity measure, assessment of protocols, code availability); GitHub REST API; HTTP check of icg.neurotheory.ox.ac.uk; Crossref for preprint 10.1101/058685","Google Scholar 'NeuroML conversion NEURON model equivalence voltage traces comparison' (bioRxiv version) + Crossref title query; metadata verified via Crossref api.crossref.org/works | PubMed E-utilities 'ICGenealogy OR ion channel genealogy'; bioRxiv preprint 10.1101/058685 via WebSearch site:biorxiv.org | GitHub search ion channel genealogy (OpenSourceBrain/IonChannelGenealogyShowcase); DOI via Crossref bibliographic query, verified via Crossref works API | WebSearch ICGenealogy query; PubMed esummary; abstract via Europe PMC",deepread_r1_b1.json
"Rahul Gopinath, Iftekhar Ahmed, Mohammad Amin Alipour, et al. (2017). Mutation Reduction Strategies Considered Harmful. IEEE Transactions on Reliability, 66(3), 854-874.",2017,general open-source software (program-level mutation analysis),yes - program mutants used to measure test-suite quality; studies strategies for reducing mutant sets.,"no - concerns selecting mutants, not input or stimulus protocols.",no - no scientific-model features.,"partial - evaluates selective mutant-reduction strategies against random sampling; selection is over mutants, not test protocols.",no - empirical comparison on real programs; no held-out split described in abstract.,no - not addressed.,none,"Methodological caution: selective strategies gave small gains over random sampling. Supports NeuroSem's random count/cost-matched baselines; NeuroSem selects stimulation protocols, not mutant subsets.",2,paper,10.1109/tr.2017.2705662,https://doi.org/10.1109/tr.2017.2705662,"Crossref /works API (5 authors, IEEE Trans. Reliability 66(3):854-874); OpenAlex W2623706929 (abstract); Semantic Scholar Graph API (DBLP journals/tr/GopinathAAJG17). Full text not accessed.",WebSearch site:ieeexplore.ieee.org test suite reduction mutation score random baseline cost-matched comparison; verified via Crossref,deepread_r1_b5.json
"Tikidji-Hamburyan RA, Narayana V, Bozkus Z, et al. (2017). Software for Brain Network Simulations: A Comparative Study. Frontiers in Neuroinformatics 11:46.",2017,"spiking network models (a LIF PING network and a Hodgkin-Huxley PIR-ING network) implemented in NEURON, GENESIS, BRIAN and NEST","no; the same models are implemented by hand in each simulator, with no seeded faults.","no; two network case studies with fixed drive (for example Poisson input), not stimulation protocol batteries.",partial; compares network activity through raster plots and oscillation behaviour; no single-cell electrophysiological feature extraction.,no; not addressed.,"no; a comparative benchmark of model range, performance, parallelism and usability.",no; not addressed.,unclear; implementation code location not checked,"A cross-simulator comparison that found similar but non-identical network activity for identically parameterised models, and left the cause open. NeuroSem would instead quantify behavioural divergence of single-cell NeuroML transformations against calibrated tolerances, using controlled mutants and optimised protocols. Relevant background for the optional cross-simulator extension.",2,paper,10.3389/fninf.2017.00046,https://doi.org/10.3389/fninf.2017.00046,"Crossref (title, authors, Front Neuroinform vol 11, article 46, 2017-07-20); Europe PMC abstract and full text PMC5517781 (case-study and results passages).",WebSearch site:dl.acm.org software testing practices computational neuroscience simulators (PMC link); verified via Crossref | Europe PMC citations of NeuroML 2010 and ModelDB 2004,deepread_r1_b22.json
"Zheng, W., Wu, X., Yang, X., et al. (2017). Test Suite Minimization with Mutation Testing-Based Many-Objective Evolutionary Optimization. 2017 International Conference on Software Analysis, Testing and Evolution (SATE), pp. 30-36.",2017,general software (three SIR repository programs plus the larger 'space' program),yes - mutation score of candidate test suites is a primary optimization objective.,partial - selects among many existing test cases (inputs); not designed stimulation protocols.,no - code coverage and mutation score on benchmark programs; no signal features.,"yes - six many-objective evolutionary algorithms (e.g. NSGA-II, MOEA/D-PBI) minimize suites trading cost, coverage and mutation score.",unclear - abstract reports per-program results; no held-out program or held-out mutant family described; full text closed access.,no - no AI-generated transformations mentioned.,none,"Generic mutation-guided suite minimization, for which NeuroSem must not claim novelty. NeuroSem instead selects electrophysiology protocols for neuron models, with calibrated feature tolerances, cost-matched random baselines and held-out evaluation.",2,paper,10.1109/SATE.2017.12,https://doi.org/10.1109/SATE.2017.12,"Crossref works API (title, six authors, pages 30-36, Nov 2017); OpenAlex works API (abstract via inverted index); Semantic Scholar Graph API (DBLP id conf/sate/ZhengWYCLL17; abstract elided, closed access).",Semantic Scholar Graph API search 'NeuroML mutation testing' (via WebFetch); metadata verified via Crossref api.crossref.org/works/10.1109/SATE.2017.12 | WebSearch site:ieeexplore.ieee.org test suite reduction mutation score random baseline cost-matched comparison; verified via Crossref,deepread_r1_b15.json
"Beattie KA, Hill AP, Bardenet R, et al. (2018). Sinusoidal voltage protocols for rapid characterisation of ion channel kinetics. The Journal of Physiology 596(10):1813-1828.",2018,"hERG1a potassium-channel kinetic model (Hodgkin-Huxley-style two-gate / Markov), voltage clamp in CHO cells; cardiac-oriented","no - fits one channel model to recordings; the word mutations in the text means genetic mutations, not seeded model faults.",yes - 8 s sum-of-sinusoids training protocol plus square-step and action-potential-clamp validation protocols in the same cell.,"partial - compares full current traces and derived I-V / time-constant summaries; voltage clamp, no spike-feature extraction.",partial - hand-designed compact information-rich protocol; algorithmic protocol-design optimisation is mentioned only as parallel work.,"yes - model predicts over five minutes of independent protocols not used for fitting (held-out protocols, not held-out models).",no - no AI-assisted model edits.,mirams/sine-wave https://github.com/mirams/sine-wave (BSD-3-Clause per GitHub API); Figshare archive 10.6084/m9.figshare.4704550.v5 cited in paper (not fetched),"Channel-level voltage-clamp parameter fitting. NeuroSem would instead detect behavioural change between versions of NeuroML neuron models under current clamp, using seeded faults, calibrated tolerances, greedy battery selection and held-out models. Shared idea: a short protocol can carry the information of long suites.",2,paper,10.1113/JP275733,https://www.ncbi.nlm.nih.gov/pmc/articles/PMC5978315/,Crossref works API (10.1113/JP275733); Europe PMC core record and full-text XML (PMC5978315); gh api repos/mirams/sine-wave,WebSearch OED voltage clamp query; Europe PMC hERG query; NCBI idconv; Crossref,deepread_r1_b38.json
"Blundell, I., Plotnikov, D., Eppler, J. M., et al. (2018). Automatically Selecting a Suitable Integration Scheme for Systems of Differential Equations in Neuron Models. Frontiers in Neuroinformatics, 12, 50.",2018,integrate-and-fire neuron ODE systems described in NESTML for the NEST simulator (solver selection toolbox),no - analyses model equations to choose a solver; no deliberate faults or mutants are introduced.,"no - symbolic and numeric ODE analysis (propagator eligibility, stiffness test); no current-clamp protocol battery reported.","no - criteria are analytic solvability and stiffness, not spike or voltage features.","no - automates choice among analytic propagator, explicit and implicit schemes, not stimulation protocols.",no - stiffness tester applied to all NESTML neuron models as validation (reported non-stiff by default); no held-out split.,"no - automation is symbolic (SymPy) and numeric (GSL), not AI-driven edits.",ode-toolbox https://github.com/nest/ode-toolbox (GPL-2.0 per GitHub API; PyPI odetoolbox 3.0.0 on 2026-09-13),Chooses solvers per model; it does not test behaviour preservation after edits. NeuroSem treats solver/step changes as a numerical mutation family and checks divergence against refinement-calibrated tolerances; this toolbox could help anticipate stability-breaking solver mutants.,2,journal article,10.3389/fninf.2018.00050,https://doi.org/10.3389/fninf.2018.00050,"Crossref API (api.crossref.org/works/10.3389/fninf.2018.00050: 4 authors incl. Morrison, article 50, 2018-10-08); Europe PMC abstract (PMID 30349471) and full text XML (PMC6186990) for implementation section; GitHub REST api.github.com/repos/nest/ode-toolbox (license, description); PyPI JSON pypi.org/pypi/odetoolbox/json.",completeness critic r2,deepread_r2_b6.json
"Cañizares, P. C., Núñez, A., Merayo, M. G. (2018). Mutomvo: Mutation testing framework for simulated cloud and HPC environments. Journal of Systems and Software, 143, 187-207.",2018,"Distributed applications (client/server, intensive computation, scientific pipeline) executed on simulated cloud/HPC platforms",yes - mutated application models are generated and test suites run against them to measure effectiveness (per abstract).,unclear - abstract mentions test suites of manually designed cases; full text is closed access and was not read.,no - distributed-systems domain; no electrophysiology.,"unclear - abstract describes assessing test-suite effectiveness, not selecting an optimal compact suite; methods not read.",no - abstract reports a case study over three applications; no held-out design mentioned.,no - no AI-generated transformations mentioned.,MuTomVo (tool named in abstract; no URL retrieved),"Mutation analysis of test suites for simulated distributed systems; NeuroSem targets neuron models with biophysical and numerical mutation families, electrophysiology features, refinement-based tolerances and held-out protocol selection.",2,paper,10.1016/j.jss.2018.05.010,https://doi.org/10.1016/j.jss.2018.05.010,"Crossref api.crossref.org/works (title, authors, JSS vol 143, pp. 187-207, Sept 2018); Semantic Scholar Graph API abstract (closed access, abstract only; OpenAlex had no abstract).",WebSearch 'mutation analysis testing scientific simulation software effectiveness of test suites'; metadata verified via Crossref api.crossref.org/works,deepread_r1_b14.json
"Chen, T. Y., Kuo, F.-C., Liu, H., et al. (2018). Metamorphic Testing: A Review of Challenges and Opportunities. ACM Computing Surveys, 51(1), 1-27.",2018,general software (metamorphic testing across application domains); not neuron-model specific,"unclear - abstract mentions evaluation of software systems; open-access full text was blocked, so mutation-based evaluation content was not confirmed.","partial - metamorphic relations link outputs of multiple related inputs; generic inputs, not electrical stimulation protocols.",no - generic survey; no electrophysiology or feature extraction in the retrieved abstract.,partial - surveys metamorphic relation identification and test case generation; no compact stimulation-battery selection described in abstract.,no - review article; no held-out model or held-out fault-family evaluation reported in abstract.,no - abstract does not address AI- or LLM-generated edits.,none,"Generic MT background only. NeuroSem would add neuron-specific perturbation fingerprints (eFEL features), refinement-calibrated tolerances, single-fault mutants and held-out evaluation of a selected battery.",2,paper (literature review),10.1145/3143561,https://doi.org/10.1145/3143561,"Crossref api.crossref.org/works/10.1145/3143561 (title + subtitle field, 7 authors, vol 51(1) pp 1-27, issued 2018-01-04 online, print 2019; abstract); Semantic Scholar Graph API (abstract, DBLP id); Unpaywall (green OA copy at nottingham-repository.worktribe.com/output/925152; fetch blocked by Cloudflare challenge).",WebSearch 'metamorphic testing scientific simulation software systematic review'; metadata verified via Crossref api.crossref.org/works | Crossref query 'Metamorphic testing: a review of challenges and opportunities'; verified via Crossref,deepread_r1_b13.json
"Gerkin RC, Jarvis RJ, Crook SM (2018). Towards systematic, data-driven validation of a collaborative, multi-scale model of Caenorhabditis elegans. Philosophical Transactions of the Royal Society B: Biological Sciences, 373(1758), 20170381.",2018,"OpenWorm multi-scale C. elegans models: NeuroML ion-channel (ChannelWorm), neuron and muscle-cell (c302), and whole-body locomotion (Sibernetic) models",no - models change through ordinary development; no seeded single-fault mutants are described.,"partial - tests span different experimental paradigms (IV curves, membrane-potential recordings, behaviour), but no designed stimulus battery per model is reported.","yes - tests score IV curves, interspike-interval distributions and action-potential waveforms against published data (e.g. Z-scores, sum-squared error).",no - no selection or minimisation of test protocols is described.,no - no held-out models or train/test split; the authors state the testing shown is not exhaustive.,no - no AI-generated or AI-assisted model edits are evaluated.,"SciUnit/NeuronUnit test suite: https://github.com/openworm/tests (GitHub API: exists, last push 2018-06-03); SciDash dashboard reported at http://dash.scidash.org (not checked)","Checks evolving models against experimental data, run continuously in CI. NeuroSem would compare each edited model against its own reference version, using refinement-calibrated tolerances, seeded mutants, and battery selection tested on held-out models. It reuses SciUnit-style testing rather than competing with it.",2,paper,10.1098/rstb.2017.0381,https://doi.org/10.1098/rstb.2017.0381,"Crossref works API (title, authors, venue, volume/issue/article number, issued 2018-09-10); Europe PMC REST (PMID 30201844, PMC6158230, abstract); PMC full-text page via WebFetch (methods, repo URLs); GitHub REST API for openworm/tests.","PubMed E-utilities 'NeuronUnit OR SciUnit'; Europe PMC 'NeuronUnit' | OpenAlex search 'SciUnit NeuronUnit'; verified via Crossref | Europe PMC: 'reproducibility AND ""neuron models"" AND (simulator OR NeuroML)'; Europe PMC: 'SciUnit OR NeuronUnit'; Europe PMC: 'SciUnit AND (framework OR validation) AND model' (+1 more) [fallback source used because arXiv/OpenAlex were rate-limited] | Europe PMC citations of NeuroML 2010; OpenAlex search result | Europe PMC SciUnit queries; abstract via Europe PMC | Europe PMC '(NeuronUnit OR SciUnit) AND validation'; verified via Crossref + abstract",deepread_r1_b4.json
"Gouwens NW, Berg J, Feng D, et al. (2018). Systematic generation of biophysically detailed models for diverse cortical neuron types. Nature Communications 9:710.",2018,Biophysically detailed conductance-based models with reconstructed morphologies and active somatic conductances for 170 mouse V1 neurons (Allen Cell Types Database),no - conductance densities are fitted by genetic algorithm; no deliberate fault seeding or mutant-detection analysis.,"yes - trained on features of a single-amplitude step; evaluated on noisy current injection, slow ramps and series of depolarising steps.",yes - feature errors as absolute z-scores against experimental variability; spike-time explained variance for noise stimuli.,"no - stimuli are fixed by the experimental pipeline; optimisation is over model parameters, not protocol choice.","partial - generalisation tested on stimuli not used in fitting, classifiers cross-validated; no held-out models for detecting changes.",no - no AI-assisted editing or transformation of models.,AllenSDK https://github.com/AllenInstitute/AllenSDK ; biophys_optimize https://github.com/AllenInstitute/biophys_optimize,"Uses fit-on-one-stimulus, test-on-others logic for model-to-data agreement and releases models. NeuroSem would compare model versions against their own reference, with seeded mutants, refinement-based tolerances and battery selection; these models are candidate fixtures only after format and licence checks.",2,paper,10.1038/s41467-017-02718-3,https://doi.org/10.1038/s41467-017-02718-3,"Crossref api.crossref.org/works/10.1038/s41467-017-02718-3 (title, 8 authors, vol 9, article 710, issued 2018-02-19, abstract); Europe PMC (PMID 29459718, PMC5818534, OA) fullTextXML read of model-generalisation, classification and code/data availability; gh api repos for AllenInstitute/biophys_optimize and AllenInstitute/AllenSDK.","Europe PMC '""neuron models"" AND ""electrophysiological features"" AND ""current injection"" AND characterization AND database' | Europe PMC: '""electrophysiological features"" AND ""stimulus protocols"" AND model validation' [fallback source used because arXiv/OpenAlex were rate-limited] | WebSearch Allen Cell Types stimulus set query; PubMed esummary; abstract via Europe PMC",deepread_r1_b16.json
"Gutzen R, von Papen M, Trensch G, et al. (2018). Reproducible Neural Network Simulations: Statistical Methods for Model Validation on the Level of Network Activity Data. Frontiers in Neuroinformatics, 12:90.",2018,spiking neural network (Izhikevich polychronization model) in C versus SpiNNaker neuromorphic implementation,"partial; tracks real implementation iterations (step size, fixed-point arithmetic, threshold-detection fix), not deliberately seeded faults.",no; a single recorded random external input drives the network; no stimulation-protocol battery.,"partial; network spike statistics (firing rates, variability, correlations) with effect sizes and hypothesis tests; not single-cell eFEL features.",no; validation measures are chosen by hand.,"no; one model and its reproduction, no held-out split.",no; no AI-assisted or automated model transformations are studied.,NetworkUnit https://github.com/INM-6/NetworkUnit (BSD-3-Clause per GitHub API),"Model-to-model equivalence testing at network-activity level. NeuroSem targets single-cell current-clamp behaviour, seeded mutants, numerically calibrated tolerances, and optimised protocol batteries with held-out evaluation.",2,paper,10.3389/fninf.2018.00090,https://doi.org/10.3389/fninf.2018.00090,Crossref api.crossref.org/works/10.3389/fninf.2018.00090; Europe PMC abstract (PMID 30618696); PMC6305903 full-text XML via Europe PMC; GitHub REST API for INM-6/NetworkUnit.,"WebSearch 'reproducibility of published neuron models ...'; metadata verified via Crossref api.crossref.org/works | Europe PMC 'SciUnit', 'equivalence AND neuron model AND (translation OR conversion) AND simulator' | OpenAlex search 'equivalence of neuron models across simulators numerical convergence'; verified via Crossref | Europe PMC: 'SciUnit OR NeuronUnit'; Europe PMC: 'SciUnit AND (framework OR validation) AND model'; Europe PMC: 'reimplementation AND neuron model AND reproducib* AND (ReScience OR replication)' [fallback source used because arXiv/OpenAlex were rate-limited] | Europe PMC citations of NeuroML 2010, BluePyOpt and 'Unit testing, model validation, and biological simulation' | Europe PMC '(NeuronUnit OR SciUnit) AND validation'; verified via Crossref + Europe PMC abstract",deepread_r1_b2.json
"Ma L, Zhang F, Sun J, et al. (2018). DeepMutation: Mutation Testing of Deep Learning Systems. 2018 IEEE 29th International Symposium on Software Reliability Engineering (ISSRE), pp. 100-111.",2018,artificial deep neural networks (image classifiers on MNIST and CIFAR-10); not biophysical neuron models,"yes - source-level (training data/program) and model-level operators, e.g. Gaussian weight fuzzing, neuron effect block, neuron switch, layer deactivation.",partial - test datasets of many input images serve as stimuli; no electrical stimulation protocols.,no - classification outputs and mutation scores; 'neuron' refers to artificial network units.,no - measures test-data quality via mutant detection; no budgeted selection of test inputs described in the abstract.,no - demonstrated on two datasets with three models; no held-out model or mutation-family generalisation design found.,no - the systems under test are ML models; no AI-assisted code or model transformations.,none - no project code link found in the arXiv version (GitHub URLs there are cited references only),"Terminology collision: mutates artificial neural networks to grade test data. NeuroSem mutates biophysical NeuroML neuron models, compares electrophysiology features under calibrated tolerances, and selects stimulation protocols evaluated on held-out models.",2,paper,10.1109/issre.2018.00021,https://doi.org/10.1109/issre.2018.00021,"Crossref https://api.crossref.org/works/10.1109/issre.2018.00021 (metadata, pages); Semantic Scholar Graph API DOI:10.1109/ISSRE.2018.00021 (abstract); arXiv https://arxiv.org/abs/1805.05206 (authors/date/comment) and PDF full text (operator table, link check).",WebSearch site:ieeexplore.ieee.org NeuroML mutation testing; site:ieeexplore.ieee.org mutation testing computational neuroscience; verified via Crossref,deepread_r1_b28.json
"Manninen T, Aćimović J, Havela R, et al. (2018). Challenges in Reproducibility, Replicability, and Comparability of Computational Models and Tools for Neuronal and Glial Networks, Cells, and Subcellular Structures. Frontiers in Neuroinformatics, 12, 20.",2018,"neuronal and astrocyte signal-transduction (biochemical) models, spiking neuronal networks, and neurodevelopment simulation tools",no - reimplements and re-simulates published models from their descriptions; no deliberate fault injection.,partial - compares models under their own published stimuli (e.g. glutamate stimulus vs spontaneous oscillation); no systematic current-clamp battery.,unclear - full text compares simulated dynamics across implementations; retrieved sections show no standardised single-cell electrophysiology feature extraction.,no - no protocol selection.,no - review and case-study evaluation of tools and models; no held-out design.,no - not considered.,none,"This review documents that reimplementations in other tools often fail to reproduce published behaviour, and it calls for built-in model validation. That motivates NeuroSem's translation/refactoring use-case, but the review offers no automated detection method. NeuroSem would operationalise such comparisons for NeuroML single-cell models with a mutation-calibrated, optimised, held-out-evaluated stimulation battery.",2,paper,10.3389/fninf.2018.00020,https://doi.org/10.3389/fninf.2018.00020,"Crossref api.crossref.org/works/10.3389/fninf.2018.00020 (authors, vol 12, article 20, 2018-05-01); Europe PMC REST search (abstract, PMID 29765315, PMC5938413); Europe PMC full-text XML PMC5938413 (section list and reimplementation passages).","WebSearch 'reproducibility of published neuron models ...'; metadata verified via Crossref api.crossref.org/works | PubMed E-utilities 'reproducibility[ti] AND (computational model OR simulation) AND neuron' | OpenAlex search 'neuron model continuous integration testing NeuroML conversion validation' | Europe PMC: 'LEMS AND NeuroML'; Europe PMC: 'reimplementation AND neuron model AND reproducib* AND (ReScience OR replication)' [fallback source used because arXiv/OpenAlex were rate-limited] | Europe PMC citations of NeuroML 2010, LEMS 2014, ModelDB 2004, ReScience | WebSearch reproducibility Manninen query; Crossref",deepread_r1_b11.json
"Metzner, C., Mäki-Marttunen, T., Zurowski, B., et al. (2018). Modules for Automated Validation and Comparison of Models of Neurophysiological and Neurocognitive Biomarkers of Psychiatric Disorders: ASSRUnit—A Case Study. Computational Psychiatry, 2, 74.",2018,"neural network models of auditory steady-state response deficits: Beeman auditory-cortex model in GENESIS and NeuroML2, plus a Python theta-neuron network","partial - each model runs in a control and a disorder-like parameter configuration; deliberate changes, but not single-fault mutation operators.","yes - five tests cover observations at several drive frequencies (20, 30, 40 Hz), plus a 10 Hz prediction test.",partial - spectral power at drive and harmonic frequencies of a simulated EEG/MEG-like signal; not single-cell eFEL-type features.,no - tests are fixed by the literature observations.,no - models are scored against experimental observations; no held-out models or splits.,no,"ASSRUnit https://github.com/ChristophMetzner/ASSRUnit (SciUnit-based; README lists GENESIS, pyNeuroML and NEURON as optional dependencies)","SciUnit-style validation of models against experimental data across several stimulus conditions. NeuroSem instead compares a model against its own edited versions under current-clamp protocols, with calibrated tolerances, controlled mutants, coverage-based protocol selection, and held-out evaluation.",2,paper,10.1162/cpsy_a_00015,https://doi.org/10.1162/cpsy_a_00015,"Crossref works API (4 authors, Computational Psychiatry vol 2, page 74, issued 2018-07-01); OpenAlex and Semantic Scholar abstract; arXiv 1712.06353 PDF full-text scan (models, tests, GitHub link); raw GitHub README. arXiv export API returned an empty response.","Semantic Scholar API forward citations of SciUnit ICSE 2014, LEMS 2014 and F1000 unit-testing paper; Crossref-verified (abstract not retrieved)",deepread_r1_b34.json
"Mulugeta, L., Drach, A., Erdemir, A., et al. (2018). Credibility, Replicability, and Reproducibility in Simulation for Biomedicine and Clinical Applications in Neuroscience. Frontiers in Neuroinformatics, 12, 18.",2018,mechanistic multiscale neuroscience simulation for clinical use (conceptual verification-and-validation guidance),no: no deliberate fault injection or mutation analysis.,no: no stimulation battery; advises checking cell-type firing before building networks.,"partial: recommends verifying proper firing characteristics of cell types, without a defined feature set or tolerances.",no: no test or protocol selection method.,"partial: advocates validating against data not used in model development; conceptual guidance, no empirical study.",no: no AI-assisted model editing or translation discussed.,none,"Frames credibility, V&V and reproducibility, recommending automated test suites at each version update. NeuroSem would operationalise one such regression methodology, reporting finite test evidence as credibility evidence rather than equivalence proof.",2,paper,10.3389/fninf.2018.00018,https://doi.org/10.3389/fninf.2018.00018,"Crossref works API (journal-article, Frontiers Media SA, vol 12, article 18, 9 authors); Europe PMC core record (PMID 29713272, PMC5911506); Europe PMC full-text XML scanned (testing and V&V sections).","Europe PMC: '""OSB Model Validation"" OR (""Open Source Brain"" AND ""model validation"")' [fallback source used because arXiv/OpenAlex were rate-limited] | Europe PMC citations of NeuroML 2010, LEMS 2014, ModelDB 20 years",deepread_r1_b29.json
"Palomo-Lozano, F., Estero-Botaro, A., Medina-Bulo, I., et al. (2018). Test suite minimization for mutation testing of WS-BPEL compositions. Proceedings of the Genetic and Evolutionary Computation Conference (GECCO '18), 1427-1434.",2018,"WS-BPEL web-service compositions (general software, not simulation models)",yes - minimization constraint is preserving mutation coverage of the compositions; mutant generation details not read (full text closed).,partial - existing test cases act as candidate inputs; no stimulus design.,no - kill decisions are software output differences.,"yes - exact Integer Linear Programming minimization of the test suite subject to unchanged mutation coverage, motivated by costly executions.",unclear - abstract reports no held-out compositions or mutant families; full text not accessible.,no - no AI-generated edits.,none identified (full text closed access),Provides an exact alternative to greedy coverage selection on a mutant-by-test matrix. NeuroSem applies selection to neuron stimulation protocols under a budget and tests generalization to held-out models and mutation families.,2,paper,10.1145/3205455.3205533,https://dl.acm.org/doi/10.1145/3205455.3205533,"Crossref works API (metadata, pages); OpenAlex and Semantic Scholar API (abstract; S2 lists open access as closed).",WebSearch site:dl.acm.org test suite minimization greedy set cover mutation; verified via Crossref,deepread_r1_b26.json
"Pauli, R., Weidel, P., Kunkel, S., et al. (2018). Reproducing Polychronization: A Guide to Maximizing the Reproducibility of Spiking Network Models. Frontiers in Neuroinformatics, 12, 46.",2018,Spiking network of Izhikevich point neurons (original C++/MATLAB code reimplemented in NEST),"partial - varies implementation choices one at a time (noise realization, integration resolution, analysis threshold, connectivity, plasticity); not a mutation-operator framework.",partial - a generalization section alters network stimulus; no current-clamp protocol battery.,"no - network-level measures (polychronous group counts, rates, spectra), not single-cell electrophysiology features.",no - no selection of stimuli or tests.,no - single worked reproduction case; guideline derived from it.,no - human reimplementation only.,reproducing-polychronization https://github.com/INM-6/reproducing-polychronization (MIT per GitHub API),"Documents that hidden implementation choices, including time step, change model conclusions in one network case; NeuroSem would systematize this for single-cell NeuroML models with recorded single-fault mutants, multi-protocol features, refinement-based tolerances, protocol selection and held-out evaluation.",2,paper,10.3389/fninf.2018.00046,https://doi.org/10.3389/fninf.2018.00046,"Crossref works API; Europe PMC search (PMID 30123121, PMC6085985) abstract and full-text XML (methods/results/recommendations sections); OpenAlex abstract; GitHub API",Europe PMC citations of OSB 2019 and ReScience; OpenCitations citations of OSB preprint,deepread_r1_b36.json
"Shimoura RO, Kamiji NL, de Oliveira Pena RF, et al. (2018). Reimplementation of the Potjans-Diesmann cortical microcircuit model: from NEST to Brian. bioRxiv (preprint).",2018,spiking point-neuron (LIF) cortical microcircuit network; NEST to Brian 2 manual reimplementation,"no; no deliberate fault seeding, though using an approximate equation instead of the exact one was reported to shift some population rates","partial; compares several network input regimes (Poisson background, DC input, layer-independent input, parameter variations), not single-cell current-clamp protocols","partial; population firing-rate and ISI coefficient-of-variation distributions compared with Kolmogorov-Smirnov tests, no single-cell eFEL features","no; input conditions were chosen to mirror the original article, with no selection or minimisation","no; one model, one translation, no discovery/held-out split",no; human manual reimplementation,Brian 2 reimplementation code: unverified (the Zenodo record 10.5281/zenodo.1244116 named by Crossref returned HTTP 504),"One manual cross-simulator translation checked by network statistics. NeuroSem would test many single-cell NeuroML edits with calibrated per-feature tolerances, seeded single-fault mutants, and optimised current-clamp batteries evaluated on held-out models.",2,preprint,10.1101/248401,https://www.biorxiv.org/content/10.1101/248401v1.full,"Crossref works API (metadata, 7 authors, posted 2018-01-16, preprint-of relation); Europe PMC PPR19818 abstract; bioRxiv full-text page for the comparison method and the approximate-equation discrepancy",WebSearch site:biorxiv.org (same neuron model different simulators discrepancies NEURON Brian NEST translation equivalence single cell),deepread_r1_b18.json
"Teeter C, Iyer R, Menon V, et al. (2018). Generalized leaky integrate-and-fire models classify multiple neuron types. Nature Communications 9.",2018,GLIF point-neuron models fit to 645 Allen Cell Types recordings,"no - model complexity levels are compared, but no seeded faults.","yes - fits and evaluates models on multiple stimulus types, with prediction on hold-out stimuli.",partial - compares GLIF parameters against electrophysiological features for cell-type classification; spike-train prediction metrics.,no - no stimulus selection.,"partial - evaluates on held-out stimuli, not held-out models or mutation families.",no - none.,Allen SDK (https://github.com/AllenInstitute/AllenSDK); link not checked in this paper,Model fitting and classification from multi-stimulus data. NeuroSem instead detects controlled changes in existing models and optimises the stimulus battery for that.,2,paper,10.1038/s41467-017-02717-4,https://doi.org/10.1038/s41467-017-02717-4,"Crossref /works/10.1038/s41467-017-02717-4 (title, 12 authors, Nat Commun vol 9, Feb 2018, abstract); Semantic Scholar record.",completeness-critic gap round 2 (re-run 2026-09-13),deepread_r2x_b1.json
"Tennøe, S., Halnes, G., Einevoll, G. T. (2018). Uncertainpy: A Python Toolbox for Uncertainty Quantification and Sensitivity Analysis in Computational Neuroscience. Frontiers in Neuroinformatics 12:49.",2018,"general neuroscience models: Hodgkin-Huxley point neuron, NEURON multicompartment thalamic interneuron, NEST recurrent network (plus a non-neural example)","partial - parameters are sampled from distributions (e.g., uniform +/-10%) for uncertainty and sensitivity analysis; no discrete recorded faults.","no - case studies each use one fixed input (e.g., a single current injection); the toolbox does not organize stimulus batteries.",yes - built-in spiking features and the full eFEL feature set; network features via Elephant.,no - no protocol selection.,no - reports uncertainty and sensitivity estimates via polynomial chaos or quasi-Monte Carlo; no held-out evaluation.,no - no AI-assisted transformations.,"Uncertainpy https://github.com/simetenn/uncertainpy (GitHub API license GPL-3.0; PyPI uncertainpy 1.2.3, GNU GPLv3); docs http://uncertainpy.readthedocs.io/ (URL from paper)","Quantifies how continuous parameter uncertainty propagates to features under one input. NeuroSem asks whether discrete edits produce divergence beyond numerical tolerance across several stimuli, and selects batteries that expose it. Uncertainpy could support tolerance-sensitivity analysis but does not address mutants or battery selection.",2,paper,10.3389/fninf.2018.00049,https://doi.org/10.3389/fninf.2018.00049,"Crossref /works/10.3389/fninf.2018.00049 (title, 3 authors, Frontiers in Neuroinformatics, 2018-08-14, vol 12, 49; no abstract); Europe PMC (PMID 30154710, PMC6102374) abstract and fullTextXML (feature-based analysis, eFEL features, Hodgkin-Huxley case study); GitHub REST API repos/simetenn/uncertainpy; PyPI JSON uncertainpy",WebSearch 'Uncertainpy uncertainty quantification sensitivity analysis neuroscience features'; metadata verified via Crossref api.crossref.org/works | Semantic Scholar API forward citations of BluePyOpt; Crossref-verified | Europe PMC neuron model + stimulus protocols + features query; verified via Crossref,deepread_r1_b1.json
"Trensch G, Gutzen R, Blundell I, et al. (2018). Rigorous Neural Network Simulations: A Model Substantiation Methodology for Increasing the Correctness of Simulation Results in the Absence of Experimental Validation Data. Frontiers in Neuroinformatics 12:81.",2018,Spiking neural network model (Izhikevich 2006 polychronization network) compared between its C implementation and a SpiNNaker neuromorphic reproduction,"no - compares two independent implementations; time step and numeric data type are analysed as error sources, not generated as seeded single-fault mutants.","no - network driven by one saved random input series; five selected network states are compared, not a battery of stimulation protocols.",partial - statistical spike-train and population-dynamics measures via NetworkUnit/Elephant; no single-cell current-clamp features such as rheobase or sag.,no - comparison measures and network states are chosen by the modellers; no selection or minimisation of tests.,"no - one worked example (one network, one reproduction); no held-out models or fault families.",no - human-made port to neuromorphic hardware; no AI-assisted transformation assessed.,NetworkUnit (companion validation-testing library) https://github.com/INM-6/networkunit,"Supplies verification/substantiation terminology and a statistical-equivalence workflow for one network re-implementation. NeuroSem would target edited single-cell NeuroML models with seeded mutants, current-clamp protocol fingerprints, refinement-calibrated tolerances and greedy battery selection tested on held-out models.",2,paper,10.3389/fninf.2018.00081,https://doi.org/10.3389/fninf.2018.00081,"Crossref api.crossref.org/works/10.3389/fninf.2018.00081 (title, 5 authors, vol 12, article 81, issued 2018-11-26); Europe PMC search (PMID 30534066, PMC6275234, OA) abstract and fullTextXML keyword-context read; GitHub REST API repos/INM-6/networkunit.",Europe PMC 'test-driven AND (neuroscience OR neuron model)'; 'equivalence AND neuron model AND ... simulator',deepread_r1_b16.json
"Viswan N.A., HarshaRani G.V., Stefan M.I., et al. (2018). FindSim: A Framework for Integrating Neuronal Data and Signaling Models. Frontiers in Neuroinformatics, 12.",2018,"Multiscale neuronal signalling models (biochemical reaction networks, SBML) simulated in MOOSE; framework states it extends to electrophysiology experiments","partial - model variants include 'mutant'/disease versions (e.g. loss of a molecular species) scored against experiments; biological variants, not single-fault software mutants.","yes - structured database of many experiments (time-series, dose-response, multi-stimulus) with defined stimuli, each run against the model.","partial - states current- and voltage-clamp experiments fit the format, but demonstrated readouts are biochemical signalling outputs, not spike features.",no - experiment scores can feed model parameter optimization; experiments are not selected or minimized for detection power.,"no - no held-out models, experiments or fault families found in the full text.",no - no AI-generated model edits.,FindSim - https://github.com/BhallaLab/FindSim (GitHub API reports no detected license); MOOSE simulator,"FindSim anchors successive model versions to experimental data through a battery of scored experiments, which overlaps with running a test battery across model versions. NeuroSem instead compares a transformed model against its own reference under synthetic current-clamp protocols with eFEL features and refinement-calibrated tolerances, uses controlled single-fault mutants to select a compact protocol set, and evaluates that set on held-out models and a held-out mutation family.",2,paper,10.3389/fninf.2018.00038,https://doi.org/10.3389/fninf.2018.00038,"Crossref API (title, 4 authors, Front. Neuroinform. vol 12, 2018); Europe PMC REST search (PMID 29997492, PMC6028806, abstract) and full-text XML keyword scan (experiment categories, scoring, optimization, GitHub link); Semantic Scholar batch API; GitHub REST API for BhallaLab/FindSim.",OpenAlex search 'NeuroML mutation testing' | OpenAlex: 'NeuroML mutation testing',deepread_r1_b23.json
"arbor-sim (2018). NSuite. GitHub repository, https://github.com/arbor-sim/nsuite.",2018,"Multi-compartment neuron and network simulators (Arbor, NEURON, CoreNEURON); simulator benchmarking and numerical validation on HPC",no - validation compares simulator output with reference solutions; docs describe no fault seeding or mutant generation.,"partial - several validation models (e.g. rallpack1, cable-steadystate, rc-expsyn, rc-exp2syn-spike) each with one or more parameter sets; no per-model stimulus battery.",partial - comparex computes absolute/relative errors of NetCDF variables and thresholdx applies pass/fail predicates; no spike-feature extraction documented.,no - tests are hand-defined; no protocol selection.,no - fixed validation and benchmark suite; no held-out split.,no - no AI involvement.,"NSuite https://github.com/arbor-sim/nsuite (docs http://nsuite.readthedocs.io; GitHub license field NOASSERTION, LICENSE file is BSD 3-clause-style text, copyright 2019 ETH Zurich and FZ Julich; last push 2024-04-26)","Detects correctness and performance regressions of simulators (including across system changes, for CI) against reference solutions with error thresholds. NeuroSem instead holds the simulator fixed and targets model-file transformations, with single-fault mutants, multi-protocol feature fingerprints, refinement-calibrated tolerances and held-out battery selection.",2,software,,https://github.com/arbor-sim/nsuite,"GitHub REST https://api.github.com/repos/arbor-sim/nsuite (description, created 2018-06-11, pushed 2024-04-26, license NOASSERTION); /readme and root/docs/validation directory listings; raw docs/validation.rst and docs/index.rst; raw LICENSE file.",GitHub REST /repos/arbor-sim/nsuite and README,deepread_r2_b12.json
"Alonso LM, Marder E (2019). Visualization of currents in neural models with similar behavior and different conductance densities. eLife 8:e42722.",2019,"Conductance-based single-compartment bursting neuron models (kinetics following Liu et al. 1998, with calcium dynamics); six degenerate models","partial - graded decrements and full deletions of each maximal conductance, studied as biological perturbations, not as seeded faults to evaluate tests.","partial - constant current injection swept over amplitudes plus conductance perturbations; no battery of distinct protocol types such as ramps, rebound or pulses.","partial - burst frequency, duty cycle, ISI and voltage distributions, currentscapes; used for visualisation, not thresholded detection.",no - a genetic algorithm searches conductances matching target activity; stimuli are not selected or optimised.,no - six hand-analysed models; no discovery/held-out split or detection evaluation.,no - no AI-assisted model edits.,"none (article reports a Dryad data package, doi:10.5061/dryad.d0779mb, not separately retrieved)","Biological precedent that similar baseline activity can hide divergent responses to current injection and conductance changes, motivating multi-stimulus fingerprints. It is a visualisation/degeneracy study; NeuroSem would add model-transformation testing, single-fault mutants with admissibility classification, refinement-calibrated tolerances, greedy protocol selection and held-out evaluation.",2,paper,10.7554/eLife.42722,https://doi.org/10.7554/eLife.42722,"Crossref https://api.crossref.org/works/10.7554/elife.42722 (title, 2 authors, eLife vol 8, e42722, issued 2019-01-31); Europe PMC REST search DOI (PMID 30702427, PMC6395073, abstract); Europe PMC full text https://www.ebi.ac.uk/europepmc/webservices/rest/PMC6395073/fullTextXML (results sections on current injection, conductance decrements/deletions; methods on GA optimisation; data availability).",Europe PMC TITLE query (critic query 'similar behavior different conductance densities'),deepread_r2_b12.json
"Clerx M, Beattie KA, Gavaghan DJ, et al. (2019). Four Ways to Fit an Ion Channel Model. Biophysical Journal 117(12):2420-2437.",2019,hERG1a two-gate Hodgkin-Huxley ion-current model fitted to whole-cell voltage-clamp data (nine CHO cells),no - compares fitting methods on one model structure; no seeded model faults.,"yes - conventional step protocols, a short rapidly fluctuating protocol, and an independent validation protocol applied to every cell.","partial - summary curves (steady states, time constants, I-V) versus raw current traces; no spike features.",partial - empirically compares multi-protocol versus single short-protocol fitting; no algorithmic protocol selection.,"yes - independent validation protocol plus cross-validation predicting other methods' fitting data; held-out protocols, not held-out models.",no - no AI-assisted transformations.,CardiacModelling/FourWaysOfFitting https://github.com/CardiacModelling/FourWaysOfFitting (GitHub license field NOASSERTION); Zenodo 10.5281/zenodo.3378030 cited in paper (not fetched); uses Myokit and PINTS per paper,"Asks which calibration method predicts best, not whether an edited model changed behaviour. NeuroSem's single- versus multi-protocol comparison targets regression detection of seeded faults with frozen tolerances and count/runtime-matched random baselines.",2,paper,10.1016/j.bpj.2019.08.001,https://pubmed.ncbi.nlm.nih.gov/31493859/,Crossref works API; Europe PMC core record and full-text XML (PMC6990153); gh api repos/CardiacModelling/FourWaysOfFitting,WebSearch title query; PubMed esummary; Europe PMC abstract,deepread_r1_b38.json
"Gleeson P, Cantarelli M, Marin B, et al. (2019). Open Source Brain: A Collaborative Resource for Visualizing, Analyzing, Simulating, and Developing Standardized Models of Neurons and Circuits. Neuron 103(3):395-411.e5.",2019,NeuroML v2 / PyNN neuron and circuit models shared on the OSB platform (single cells to networks),no - OMV tests check expected behaviour on each commit; no deliberate fault injection or mutant generation described in full text.,"partial - mep files may list several experiments per model, but no systematic stimulation battery across protocols is proposed.","partial - expected behaviours such as spike times and resting potential, plus parameter consistency checks, compared within tolerance.",no - no selection or optimisation of stimulation protocols described.,no - tests are per-model expectations; no held-out model or fault-family evaluation.,no - no AI-assisted model transformations considered.,Open Source Brain https://www.opensourcebrain.org ; OMV https://github.com/OpenSourceBrain/osb-model-validation,"Establishes the continuous-integration baseline NeuroSem compares against: fixed per-model expectations with per-simulator tolerances. NeuroSem would quantify what such single-expectation tests miss using calibrated single-fault mutants, multi-protocol fingerprints, and a selected battery tested on held-out models.",2,paper,10.1016/j.neuron.2019.05.019,https://doi.org/10.1016/j.neuron.2019.05.019,"Crossref api.crossref.org/works/10.1016/j.neuron.2019.05.019 (27 authors, Neuron 103(3) 395-411.e5, Aug 2019, preprint relation 10.1101/229484); Europe PMC core record (PMID 31201122, PMC6693896) abstract; Europe PMC fullTextXML read for OMV/mep/omt/tolerance/CI passages.","WebSearch 'Open Source Brain ... OMV Gleeson Neuron 2019' + Crossref title query; metadata verified via Crossref api.crossref.org/works | PubMed E-utilities 'Open Source Brain[tiab]'; Europe PMC '""Open Source Brain""'; preprint 10.1101/229484 via WebSearch site:biorxiv.org and Europe PMC SRC:PPR | OpenAlex search 'pyNeuroML' (bioRxiv 10.1101/229484); journal version via Crossref | Europe PMC: 'reproducibility AND ""neuron models"" AND (simulator OR NeuroML)'; Europe PMC: 'NeuroML'; Europe PMC: '""Open Source Brain""' (+4 more); metadata confirmed via Crossref /works/<doi> [fallback source used because arXiv/OpenAlex were rate-limited] | osb-model-validation README links the OSB paper; DOI resolved by Crossref bibliographic query and verified via Crossref works API | OpenAlex search (anchor, plus bioRxiv preprint 10.1101/229484); Europe PMC (59), Semantic Scholar (79) citations | WebSearch OSB query; PubMed esummary; abstract via Europe PMC | Crossref title query; verified via Crossref",deepread_r1_b0.json
"Gouwens NW, Sorensen SA, Berg J, et al. (2019). Classification of electrophysiological and morphological neuron types in the mouse visual cortex. Nature Neuroscience, 22(7), 1182-1195.",2019,"Experimental patch-clamp recordings and reconstructions of mouse visual cortex neurons (1,938 cells); unsupervised classification",no: recorded cells; no controlled model faults,"yes: standardised current-clamp protocol with square pulses, ramps and noisy current injections","yes: many e-features from membrane potential and action potential waveforms, reduced by sparse PCA","no: stimulus set fixed; analysis selects components for clustering, not stimuli",no: unsupervised taxonomy; no held-out fault-detection evaluation,no: none,IPFX https://github.com/alleninstitute/ipfx ; drcme https://github.com/alleninstitute/drcme ; AllenSDK (links cited in paper),Shows multi-stimulus features discriminate neuron types. NeuroSem applies such features to detect behavioural change between a reference model and edited variants.,2,paper,10.1038/s41593-019-0417-0,https://www.nature.com/articles/s41593-019-0417-0,"Crossref API work record (title, 95 authors, volume/issue/pages); Europe PMC REST abstract; NCBI E-utilities PMC8078853 full text (stimulus types, methods, software links)",WebSearch Druckmann interneuron features query; Crossref,deepread_r1_b39.json
"Jæger KH, Wall S, Tveito A (2019). Detecting undetectables: Can conductances of action potential models be changed without appreciable change in the transmembrane potential? Chaos: An Interdisciplinary Journal of Nonlinear Science 29(7): 073102.",2019,Cardiac action potential ionic-current ODE models,"partial - studies changes to maximal conductances via SVD of an ionic-current matrix; parameter perturbations, not recorded edit or mutation operators.",partial - abstract says stimulation protocol choice can improve identifiability; protocol details not checked (full text not retrieved).,unclear - abstract refers to action potential and ionic currents; whether scalar electrophysiology features are used was not verified.,partial - abstract reports using the stimulation protocol to improve identifiability; extent of any systematic optimisation unverified.,unclear - abstract describes no held-out models or perturbation families; full text not retrieved.,no - no AI-generated or AI-edited models.,none identified,"Asks whether conductance changes can be nearly invisible in cardiac voltage, framed as parameter identifiability. NeuroSem would test edited neuron model files, using multiple protocols, calibrated feature tolerances and a battery evaluated on held-out models.",2,paper,10.1063/1.5087629,https://doi.org/10.1063/1.5087629,"Crossref works API (metadata and abstract); Europe PMC REST search (abstract, PMID 31370420); OpenAlex works API (OA locations). Full text not retrieved (DUO repository page returned no PDF link).",Europe PMC refined query 'identifiability AND protocol/stimulus AND ion channel/action potential'; abstract via Europe PMC,deepread_r1_b8.json
"Olsen M, Raunak M (2019). Increasing Validity of Simulation Models Through Metamorphic Testing. IEEE Transactions on Reliability, 68(1), 91-108.",2019,"General simulation models: agent-based (gossip propagation, cancer) and discrete-event (airport check-in and security)",unclear - the abstract does not mention mutation analysis; the paywalled full text was not read.,partial - metamorphic relations vary model inputs/parameters and check the expected direction of behaviour change; these are not neuronal stimuli.,no - the case studies are non-neuroscience simulations.,"unclear - the abstract gives a framework and guidelines for applying metamorphic testing, with no reported optimization of which relations to test.",no - three case studies are presented; no held-out evaluation is described in the abstract.,no - no AI-driven edits are evaluated.,none reported in abstract (unclear; full text not accessed),"Uses metamorphic relations as pseudo-oracles to validate simulations against expected domain behaviour. NeuroSem would compare edited models against a reference neuron model using neuroscience stimuli, electrophysiology features, calibrated tolerances, seeded mutants, and held-out battery selection.",2,paper,10.1109/tr.2018.2850315,https://doi.org/10.1109/TR.2018.2850315,"Crossref works API (IEEE Trans Reliab 68(1) 91-108, issued 2019-03; DOI registered with 2018 prefix); Semantic Scholar Graph API (abstract, DBLP key journals/tr/OlsenR19); Unpaywall API (no OA copy, lists year 2018). Full text not accessed.",WebSearch site:ieeexplore.ieee.org increasing validity of simulation models through metamorphic testing; WebSearch site:dblp.org metamorphic testing simulation models; Crossref (issued 2019; OpenAlex lists 2018),deepread_r1_b4.json
"Papadakis M, Kintis M, Zhang J, et al. (2019). Mutation Testing Advances: An Analysis and Survey. Advances in Computers (Elsevier), pp. 275-378.",2019,general software testing (survey of mutation testing research),yes - surveys a decade of advances on fundamental mutation-testing problems and best practice for mutation in empirical studies.,no - software testing context; abstract mentions no stimulation protocols.,no - no electrophysiology.,unclear - abstract mentions mutation guiding test generation; coverage of test-suite selection not verified from the full chapter.,no - literature survey without its own held-out empirical evaluation.,no - abstract does not mention AI-generated or AI-assisted transformations.,none,"A methodological handbook for using mutation in empirical studies. NeuroSem applies such practice to NeuroML neuron models with stimulation batteries, calibrated feature tolerances and held-out models and mutation families.",2,survey (book chapter),10.1016/bs.adcom.2018.03.015,https://doi.org/10.1016/bs.adcom.2018.03.015,"Crossref /works/10.1016/bs.adcom.2018.03.015 (title, Advances in Computers, pp. 275-378, 2019, book-chapter, no authors); authors from ORBilu hdl 10993/31612 citation metadata, cross-checked with OpenAlex W2725449579 and Semantic Scholar; abstract from Semantic Scholar Graph API.",completeness critic r2,deepread_r2_b1.json
"Gomes de Oliveira Neto, F., Dobslaw, F., Feldt, R. (2020). Using mutation testing to measure behavioural test diversity. 2020 IEEE International Conference on Software Testing, Verification and Validation Workshops (ICSTW), pp. 254-263.",2020,general software (six small/medium open-source Maven Java projects with JUnit tests),yes - PIT with all available mutation operators generates mutants; a test-by-mutant kill outcome matrix is built per project.,"partial - many test cases act as diverse inputs, but these are existing unit tests, not designed stimulus protocols.",no - pass/fail test outcomes on Java code; no continuous traces or feature extraction.,partial - prioritises/selects test subsets under budgets by mutant-kill-pattern diversity; random and greedy-best comparators; not protocol design.,partial - killed mutants split 80/20 for diversity estimation versus APFD evaluation; no held-out projects or held-out operator family.,no - no AI or LLM-generated code changes studied.,Uses the PIT mutation testing tool (URL not recorded); Docker-based replication package mentioned in paper (URL unverified),"Closest conceptual analogue: mutant-kill matrix drives subset selection versus random. NeuroSem differs by continuous calibrated feature tolerances, neuron-model mutants, stimulus-protocol selection, and held-out models plus held-out mutation family.",2,paper,10.1109/ICSTW50294.2020.00051,https://doi.org/10.1109/ICSTW50294.2020.00051,"Crossref works API (title, authors, pages 254-263, Oct 2020); Semantic Scholar Graph API (abstract, arXiv id 2010.09144); arXiv abs page via WebFetch; full-text PDF arxiv.org/pdf/2010.09144 text-extracted with pypdf (PIT, six projects, 80/20 split, random and greedy-best comparators).",Semantic Scholar Graph API search 'NeuroML mutation testing' (via WebFetch); arXiv id 2010.09144 listed in externalIds; metadata verified via Crossref title query and arXiv abs page https://arxiv.org/abs/2010.09144,deepread_r1_b15.json
"Lieven C, Beber ME, Olivier BG, et al. (2020). MEMOTE for standardized genome-scale metabolic model testing. Nature Biotechnology 38(3):272-276.",2020,"genome-scale metabolic models (constraint-based, SBML3FBC)",no - no seeded faults; tests flag real defects such as stoichiometric inconsistency or blocked reactions.,partial - biomass production tested under different conditions; users may add growth and gene-perturbation experiment tests.,"no - annotation, stoichiometry and biomass/flux tests, not electrophysiology.",no - fixed consensus test library; no selection of a compact informative subset.,no - no held-out evaluation of detection power.,no - not addressed.,memote - https://github.com/opencobra/memote (GitHub API and PyPI: Apache-2.0; PyPI latest 0.17.0),"A standardized test suite with version-control history and diff reports tracking each model edit, close to OMV in spirit. It tests quality rather than behaviour preservation, and does no mutation calibration, protocol selection or held-out evaluation, which NeuroSem would add for neuron models.",2,paper (community test suite + software),10.1038/s41587-020-0446-y,https://doi.org/10.1038/s41587-020-0446-y,Crossref https://api.crossref.org/works/10.1038/s41587-020-0446-y; Europe PMC core record PMID 32123384 / PMC7082222 (no abstract text returned); NCBI efetch https://eutils.ncbi.nlm.nih.gov/entrez/eutils/efetch.fcgi?db=pmc&id=7082222 (author-manuscript full text); GitHub REST README https://api.github.com/repos/opencobra/memote/readme; PyPI https://pypi.org/pypi/memote/json,completeness critic r2,deepread_r2_b9.json
"Lin, X., Simon, M., & Niu, N. (2020). Exploratory Metamorphic Testing for Scientific Software. Computing in Science & Engineering, 22(2), 78-87.",2020,"environmental hydrology simulation (US EPA Storm Water Management Model, SWMM) with automated parameter calibration via PEST","no - detects naturally occurring bugs, mismatches and constraints; no seeded mutants found in PMC full text.","partial - runs multiple related simulation iterations and keeps competing relations open; hydrological inputs, not stimulation protocols.","no - hydrology outputs and calibrated parameters, not electrophysiology features.",no - relations are explored after tests rather than optimized; no compact test-set selection.,no - single-system experience report; no held-out models or fault families.,no - no AI-generated edits studied.,none released confirmed; paper describes a Python connector named SWMM2PEST (URL unverified),"Applies exploratory MT to one environmental model. NeuroSem would target neuron models with seeded single-fault mutants, calibrated eFEL tolerances, greedy battery selection and held-out evaluation.",2,paper (experience report),10.1109/mcse.2018.2880577,https://doi.org/10.1109/mcse.2018.2880577,"Crossref api.crossref.org/works/10.1109/mcse.2018.2880577 (3 authors, vol 22(2) pp 78-87, issued 2020-03); Europe PMC core record (PMID 32461738, PMC7252536, 3 authors, online 2018); NCBI efetch PMC front matter (EPA author manuscript, 3 authors); pmc.ncbi.nlm.nih.gov article HTML (keyword checks). Conflict noted: Semantic Scholar lists 5 authors (adds Carver, Rouson); resolved in favour of Crossref + PMC manuscript.",WebSearch 'metamorphic testing scientific simulation software' + Crossref title query; metadata verified via Crossref api.crossref.org/works | PubMed E-utilities 'metamorphic testing[tiab]'; Europe PMC MT query | WebSearch site:ieeexplore.ieee.org increasing validity of simulation models through metamorphic testing; verified via Crossref | WebSearch metamorphic testing scientific simulation query; PubMed esummary; Crossref | Europe PMC metamorphic/mutation testing + scientific software query; verified via Crossref,deepread_r1_b13.json
"Midingoyi, C. A., Pradal, C., Athanasiadis, I. N., et al. (2020). Reuse of process-based models: automatic transformation into many programming languages and simulation platforms. in silico Plants, 2, diaa007.",2020,"process-based crop model components (CyML unit models) transformed into Fortran, C#, C++, Java, Python, R and crop modelling platforms",no - no fault injection; translation correctness is checked by running the model's own unit tests in each target.,partial - specifications allow several unit tests with different parameter sets; baseline parameter sweeps explicitly unsupported.,no - crop process models; outputs compared to expected values within a stated precision.,no - unit tests are author-written; no selection of a compact discriminating test set.,no - demonstrated with a simple unit model; no held-out models or mutation families.,"no - deterministic rule-based source-to-source transformation, not AI-assisted.",PyCrop2ML (CyMLT) - https://github.com/AgriculturalModelExchangeInitiative/PyCrop2ML (GitHub API license NOASSERTION); Crop2ML - https://github.com/AgriculturalModelExchangeInitiative/Crop2ML,Checks translations against fixed per-model unit tests; NeuroSem asks whether such limited tests miss behaviour changes and selects neuron stimulation batteries using mutants and held-out models.,2,paper,10.1093/insilicoplants/diaa007,https://doi.org/10.1093/insilicoplants/diaa007,Crossref API (metadata and abstract); OpenAlex OA locations; full-text PDF from WUR repository (https://edepot.wur.nl/540614) keyword-scanned (OUP pages blocked); GitHub REST via gh.,Semantic Scholar API forward citations of NeuroML 2010; Crossref-verified,deepread_r1_b37.json
"Oesterle J, Behrens C, Schröder C, et al. (2020). Bayesian inference for biophysical neuron models enables stimulus optimization for retinal neuroprosthetics. eLife, 9, e54997.",2020,multicompartment biophysical models (NeuronC) of mouse cone photoreceptor and ON/OFF cone bipolar cells,partial; CaT/CaL channels are removed post hoc to explain response differences; no systematic mutant generation.,partial; many sampled extracellular stimulus waveforms and biphasic pulses are simulated; light stimuli are used for inference.,"partial; inference and stimulus objective use response summaries such as vesicle-release ratios, not intracellular spike features.",yes; SNPE searches a four-parameter charge-neutral waveform to minimise non-target versus target bipolar-cell release.,partial; models are validated against separate electrical-stimulation data; no held-out model or fault-family evaluation.,no; no AI-assisted edits are involved.,CBC_inference https://github.com/berenslab/CBC_inference (GPL-3.0 per GitHub API); uses delfi/SNPE,"Optimises one stimulus that best separates two cell-type models for neuroprosthetics. NeuroSem selects a set of standard current-clamp protocols that separates reference models from single-fault mutants, tested on held-out models.",2,paper,10.7554/eLife.54997,https://doi.org/10.7554/eLife.54997,"Crossref works API (9 authors, eLife 9 e54997, 2020); Europe PMC core record (PMID 33107821, PMC7673784) and full-text XML (stimulus optimisation methods, code availability); GitHub REST API via gh.",WebSearch Bayesian active learning neuron query; Crossref; abstract via Europe PMC,deepread_r1_b40.json
"Onasch S, Gjorgjieva J (2020). Circuit Stability to Perturbations Reveals Hidden Variability in the Balance of Intrinsic and Synaptic Conductances. The Journal of Neuroscience, 40(16), 3186-3202.",2020,Degenerate population of conductance-based two-neuron half-center oscillator circuits (stomatogastric-type channel kinetics),"partial: systematic single and double maximal-conductance perturbations (down to deletion, up to 200%), but as biological perturbations, not recorded model-edit faults",no: perturbations are parameter changes to spontaneously rhythmic circuits; no battery of current-clamp stimulation protocols,partial: rhythmic circuit output (e.g. bursting pattern) summarised into a global stability measure; not an eFEL-style single-cell feature set,no: clusters conductances by perturbation response; does not select a compact test set,no: no discovery/held-out split of models or perturbation families for a detection method,no: no AI-assisted or software transformations,"circuit-stability (GitHub, stated in paper): https://github.com/comp-neural-circuits/circuit-stability","Conceptual support that similar-looking models diverge under perturbation. NeuroSem instead tests edited NeuroML files with stimulus batteries, calibrated tolerances, mutants and held-out selection.",2,paper,10.1523/JNEUROSCI.0985-19.2020,https://www.ncbi.nlm.nih.gov/pmc/articles/PMC7159886/,"Crossref API work record (title, authors, volume/issue/pages, dates); Europe PMC REST abstract; NCBI E-utilities PMC full text (methods, code availability statement)",WebSearch degenerate conductance-based models perturbation query; Crossref; abstract via Europe PMC,deepread_r1_b39.json
"Ahlgren J, Berezin M, Bojarczuk K, et al. (2021). Testing Web Enabled Simulation at Scale Using Metamorphic Testing. 2021 IEEE/ACM 43rd International Conference on Software Engineering: Software Engineering in Practice (ICSE-SEIP), IEEE, pp. 140-149.",2021,"industrial multi-agent web-enabled simulation (Facebook WW with ML-trained bots); general software, non-biological","no - no mutation analysis or fault seeding reported; evidence is deployment experience, flakiness measurements and bugs found.",yes - over 40 metamorphic tests across bot personas and mechanisms; regression framed as a relation between previous and latest versions.,"no - compares bot trajectories and platform behaviour, not neuronal features.","partial - a time-bounded test subset runs in CI and order-dependent tests are scheduled, but no fault-detection-driven selection.",no - industrial experience report; no held-out systems or fault families.,"no - simulated bots are ML-trained, but code changes under test are human-submitted diffs; AI-generated edits not studied.",MIA (internal Facebook system; no public release identified),"Shares version-to-version behavioural regression on a simulation, with repeated runs to judge flakiness. NeuroSem targets deterministic neuron models and would add seeded single-fault mutants, refinement-calibrated feature tolerances, an optimised stimulation battery compared with canonical and random baselines, and held-out evaluation.",2,paper,10.1109/icse-seip52600.2021.00023,https://doi.org/10.1109/icse-seip52600.2021.00023,"Crossref https://api.crossref.org/works/10.1109/icse-seip52600.2021.00023 (title, 12 authors, pp. 140-149, issued 2021-05); OpenAlex https://api.openalex.org/works/doi:10.1109/icse-seip52600.2021.00023 (abstract); Semantic Scholar graph API batch (DBLP conf/icse/AhlgrenBBDDGGHL21); full text read from https://discovery.ucl.ac.uk/10139790/1/SEIP21.pdf.",WebSearch site:ieeexplore.ieee.org increasing validity of simulation models through metamorphic testing; verified via Crossref,deepread_r1_b24.json
"Iwanaga, T., Sun, X., Wang, Q., et al. (2021). Property-based Sensitivity Analysis: An approach to identify model implementation and integration errors. Environmental Modelling & Software, 139, 105013.",2021,environmental / integrated simulation models (specific models not named in abstract),"unclear: abstract does not say whether errors were seeded; full text inaccessible (publisher 403, repository copy embargoed)","partial: sensitivity analysis examines many parameter configurations, not stimulation protocols",no: checks expected directions/behaviour of parameter sensitivities in environmental models,no: abstract notes reuse of existing global sensitivity samples; no test selection described,unclear: not described in abstract,no: none described in abstract,none identified (abstract only),"PbSA is an oracle-free check that expected factor-effect relationships hold, without known correct outputs. NeuroSem compares transformed models to a reference under stimulation protocols with calibrated tolerances, evaluated on controlled mutants. Complementary rather than overlapping.",2,paper,10.1016/j.envsoft.2021.105013,https://doi.org/10.1016/j.envsoft.2021.105013,"Crossref works API (metadata, no abstract); OpenAlex DOI record (closed access); Semantic Scholar DOI record (no abstract); abstract from ANU Open Research DSpace REST API item f8294068-c9f5-4212-ad81-a823712f2021 (embargoed file); ScienceDirect page returned 403.",Semantic Scholar API forward citations of F1000 unit-testing paper; Crossref-verified (abstract not retrieved),deepread_r1_b35.json
"Kiar G, Chatelain Y, de Oliveira Castro P, et al. (2021). Numerical uncertainty in analytical pipelines lead to impactful variability in brain networks. PLOS ONE 16(11):e0250755.",2021,structural connectome estimation pipeline (brain imaging),"partial - injects random numerical noise via Monte Carlo Arithmetic; numerical perturbation, not single faults.",no - none.,"no - connectome features, not electrophysiology.",no - none.,no - none.,no - none.,none (Monte Carlo Arithmetic tooling not verified here),Quantifies numerical instability in a neuroimaging pipeline. NeuroSem uses numerical variation to set tolerances for detecting deliberate edits in neuron models.,2,paper,10.1371/journal.pone.0250755,https://doi.org/10.1371/journal.pone.0250755,"Crossref /works/10.1371/journal.pone.0250755 (title, 9 authors, PLOS ONE vol 16 e0250755, 2021); OpenAlex abstract.",completeness-critic gap round 2 (re-run 2026-09-13),deepread_r2x_b1.json
"Lin, X., Simon, M., Niu, N. (2021). Scientific Software Testing Goes Serverless: Creating and Invoking Metamorphic Functions. IEEE Software, 38(1), 61-67.",2021,"general scientific software: EPA Storm Water Management Model (SWMM 5.1.014, C/C++)",no: evaluated on real SWMM defects; no fault seeding or mutation analysis reported,partial: many metamorphic test functions derived from user forum posts vary model inputs; not stimulation protocols,no: hydrology outputs,"partial: compared invocation strategies (random, warm caches, speedy first) on runtime cost and defect detection",no: single system; no held-out models or fault families reported,"no: NLP (NLTK, WordNet) derives relations from posts; no AI-edited code or models","none dedicated verified; built on OpenFaaS, https://www.openfaas.com/","Metamorphic relations and invocation scheduling for one hydrology code with real bugs. NeuroSem uses differential reference-versus-variant comparison with electrophysiology features, controlled single-fault mutants, coverage-based battery selection, cost-matched random baselines and held-out models/families.",2,paper,10.1109/ms.2020.3029468,https://doi.org/10.1109/ms.2020.3029468,Crossref works API (metadata; issue dated 2021-01); OpenAlex DOI record (short abstract; lists 2020 online year); Europe PMC ID lookup (PMC8129919); PMC author manuscript read via WebFetch summary.,"Europe PMC search '""metamorphic testing"" AND (simulation OR model)'",deepread_r1_b35.json
"Peng Z, Lin X, Simon M, et al. (2021). Unit and regression tests of scientific software: A study on SWMM. Journal of Computational Science.",2021,"General scientific simulation software (EPA Storm Water Management Model, SWMM)",yes - 150 single-fault mutants (arithmetic and relational operator replacement) on statements changed between SWMM 5.1.013 and 5.1.014.,"partial - 58 regression input (.inp) files grouped by folder; hydrological inputs, not neural stimuli.",no - not neural models.,partial - prioritises regression-test groups by coverage Jaccard distance and tracks cumulative mutation score; no budgeted subset selection or random baselines.,no - prioritisation assessed on the same version change; no held-out systems or fault families.,no - none.,"none (no study tool located; paper says SWMM's own tests are on GitHub, URL not verified)","Closest in spirit: mutation-scored regression-test prioritisation in scientific software. NeuroSem targets NeuroML neurons with stimulus protocols, feature tolerances, cost-matched random baselines and held-out models.",2,paper,10.1016/j.jocs.2021.101347,https://doi.org/10.1016/j.jocs.2021.101347,"Crossref API (vol 53, article 101347); Europe PMC REST (PMID 34017363) abstract; PMC8128694 author-manuscript HTML full text (regression-test and mutation sections); doi.org resolves to Elsevier",PubMed E-utilities 'regression testing[tiab] AND software',deepread_r1_b20.json
"Peng, Z., Kanewala, U., & Niu, N. (2021). Contextual Understanding and Improvement of Metamorphic Testing in Scientific Software Development. Proceedings of the 15th ACM / IEEE International Symposium on Empirical Software Engineering and Measurement (ESEM), 1-6.",2021,environmental hydrology simulation software (Open Water Analytics Stormwater Management Model project),unclear - abstract only (closed access); no mutation analysis mentioned in abstract.,"unclear - abstract concerns QA workflow, testing practices and tools, not input or stimulus design.",no - no electrophysiology or feature extraction.,"no - identifies needs (explicit relations, domain examples, CI integration); no test optimization method in abstract.","no - single-project artifact analysis, interviews and gap analysis; no held-out evaluation.",no - abstract does not address AI-generated edits.,none,"Names needs such as correlating MT with regression testing and CI. NeuroSem would provide a quantitative, mutation-calibrated regression method for neuron models, not a practice study.",2,"paper (conference, empirical study)",10.1145/3475716.3484188,https://doi.org/10.1145/3475716.3484188,"Crossref api.crossref.org/works/10.1145/3475716.3484188 (3 authors, ESEM 2021 proceedings, pp 1-6, 2021-10-11); Semantic Scholar Graph API (abstract, DBLP id); Unpaywall (closed). Full text not accessed.",WebSearch 'metamorphic testing scientific simulation software systematic review'; metadata verified via Crossref api.crossref.org/works,deepread_r1_b13.json
"Schölzel, C., Blesius, V., Ernst, G., et al. (2021). Countering reproducibility issues in mathematical models with software engineering techniques: A case study using a one-dimensional mathematical model of the atrioventricular node. PLOS ONE, 16(7), e0254749.",2021,one-dimensional cardiac atrioventricular-node electrophysiology model (Inada model) reimplemented in Modelica,"no: reports real equation, parameter and unit errors found while reproducing the model, not seeded mutants",yes: separate voltage-clamp and current-pulse experiment models reproduce several original figures and serve as tests,partial: tests compare simulation outputs with stored CSV reference data and plots; no standardized feature library noted,no: tests chosen to reproduce published figures; no selection or optimization,no: single model case study,no: manual reimplementation,"InaMo, https://github.com/CSchoel/inamo (MIT per GitHub API)","Applies unit tests, regression tests against reference outputs, unit checks and CI to one cardiac model. NeuroSem would measure which protocols expose silent changes, using controlled mutants, calibrated feature tolerances, battery selection and held-out evaluation.",2,paper,10.1371/journal.pone.0254749,https://doi.org/10.1371/journal.pone.0254749,"Crossref works API (metadata, abstract); OpenAlex DOI record; Europe PMC full text PMC8289093 (regression tests, reference data, voltage/current-clamp experiments); GitHub REST API via gh for repository and license.",Europe PMC citations of F1000 unit-testing paper,deepread_r1_b35.json
"Tomko, M., Benuskova, L., Jedlicka, P. (2021). A new reduced-morphology model for CA1 pyramidal cells and its validation and comparison with other models using HippoUnit. Scientific Reports 11:7615.",2021,reduced-morphology and full-morphology CA1 pyramidal cell models in NEURON,"partial - replaces the whole ion-channel set of three reduced models with the new model's channels (vTo21 variants) and retests; multi-change edits, not single recorded faults.","yes - full HippoUnit battery: somatic steps from -1.0 to 1.0 nA, depolarization block, bAP, PSP attenuation and oblique integration tests.","yes - 73 eFEL somatic features plus depolarization-block and dendritic attenuation measures, summarized as error scores.","no - uses the fixed HippoUnit battery; manual conductance tuning targets test scores, not protocol choice.",no - the model was hand-tuned toward the same HippoUnit tests used to compare it; no held-out split.,no - no AI-assisted transformations.,HippoUnit fork https://github.com/tomko-neuron/HippoUnit (URL cited in the paper's full text; repository not separately checked via API),"An application study showing that a multi-test battery separates model variants by agreement with data. NeuroSem would instead measure divergence of edited models from their own reference with calibrated tolerances, single-fault mutants, protocol selection and held-out evaluation.",2,paper,10.1038/s41598-021-87002-7,https://doi.org/10.1038/s41598-021-87002-7,"Crossref /works/10.1038/s41598-021-87002-7 (title, 3 authors, Scientific Reports, 2021-04-07, vol 11, 7615, abstract); Europe PMC (PMID 33828151, PMC8027802) fullTextXML methods and results sections",WebSearch (Scholar fallback) 'HippoUnit validation framework ...'; metadata verified via Crossref api.crossref.org/works | Europe PMC: 'SciUnit OR NeuronUnit'; Europe PMC: 'HippoUnit'; Europe PMC: 'SciUnit AND (framework OR validation) AND model' [fallback source used because arXiv/OpenAlex were rate-limited] | Europe PMC citations of HippoUnit and ModelDB 20 years; OpenCitations citations of NeuronUnit,deepread_r1_b1.json
Yale University & Blue Brain Project/EPFL (2021). nrn-modeldb-ci: NEURON ModelDB CI tools. GitHub repository neuronsimulator/nrn-modeldb-ci; PyPI package nrn-modeldb-ci.,2021,"published NEURON (HOC/NMODL) models retrieved from ModelDB (NEURON-tagged entries), run across two NEURON versions",no - reruns unmodified published models under two NEURON versions; no seeded faults.,no - each model runs its own mosinit or configured run instructions; no systematic stimulus battery.,"no - diffs raw graph output (gout), stdout and model errors, with regex curation of noisy lines; no extracted features.",no - no selection of tests; PR runs use a default or user-specified model subset.,"no - operational continuous-integration tool, not an experimental evaluation.",no - none described.,"nrn-modeldb-ci, https://github.com/neuronsimulator/nrn-modeldb-ci (BSD-3-Clause per GitHub API and LICENSE.txt; PyPI version 0.3.0)","Already does large-scale regression testing of hundreds of published neuron models across simulator versions using each model's single built-in run, so NeuroSem must not claim novelty for simulator-version regression. NeuroSem would add model-file edits and mutants, multi-protocol stimuli, feature-level refinement-calibrated tolerances and protocol selection.",2,software,none,https://github.com/neuronsimulator/nrn-modeldb-ci,"GitHub REST API (https://api.github.com/repos/neuronsimulator/nrn-modeldb-ci: created 2021-11-05, pushed 2026-09-05, BSD-3-Clause); raw README.md and LICENSE.txt; modeldb/modeldb-run.yaml excerpt; PyPI JSON API (https://pypi.org/pypi/nrn-modeldb-ci/json).",completeness critic r2,deepread_r2_b0.json
"lakesare, GitHub user (2021). NetpyneUnit: SciUnit tests for NetPyNE models. GitHub repository lakesare/netpyneunit.",2021,"NetPyNE/NEURON network models (e.g. Potjans-Diesmann cortical microcircuit, small synchronisation network)","partial - example compares neuromodulator variants (NMDA antagonist, GABA agonist) against expected synchrony; these are scientific manipulations, not fault mutants.",no - network-level simulations; no single-cell current-clamp protocol battery.,"partial - network statistics (synchrony, rescaled-network stats), not single-cell eFEL features.",no - none; the README focuses on caching simulation results across tests.,no - none described.,no - none.,NetpyneUnit https://github.com/lakesare/netpyneunit (SciUnit + NetPyNE); MIT per GitHub API,"Closest aspect is the PDCM example checking that network statistics survive rescaling, i.e. a behaviour-preserving transformation. NeuroSem targets single-cell NeuroML models with calibrated tolerances, mutants and protocol selection.",2,software,,https://github.com/lakesare/netpyneunit,"GitHub REST API repo record (created 2021-06-04, last push 2022-05-12, MIT); root README; examples/synchronization and examples/pdcm READMEs via raw.githubusercontent.com.",GitHub search sciunit,deepread_r1_b33.json
"neuronsimulator (2021). nrn-modeldb-ci: NEURON ModelDB CI tools. GitHub repository and PyPI package, https://github.com/neuronsimulator/nrn-modeldb-ci.",2021,"Published NEURON (HOC/NMODL) models fetched from ModelDB, run unchanged across NEURON versions/builds","no - varies the NEURON build (e.g. release vs nightly), not the models; no seeded faults.",no - each model runs its own mosinit/driver script or custom run instructions; no systematic stimulus battery.,"no - diffs graph output (gout), stdout and run status between NEURON versions, with regex curation of noisy output; no feature extraction.",no - no stimulus or test selection.,no - runs all or specified ModelDB NEURON models (nightly and on PRs); no split.,no - no AI involvement.,"nrn-modeldb-ci https://github.com/neuronsimulator/nrn-modeldb-ci ; PyPI https://pypi.org/project/nrn-modeldb-ci/ (latest 0.3.0, BSD-3-Clause)","Closest neuroscience execution-stack regression CI: many published models, raw-output diffs between simulator versions (README example report lists 659 models run). NeuroSem targets edits to the model files, probes behaviour beyond each model's default run with a stimulus battery, uses feature-level refinement-calibrated tolerances instead of output diffs, and evaluates mutant detection on held-out models.",2,software,,https://github.com/neuronsimulator/nrn-modeldb-ci,"GitHub REST https://api.github.com/repos/neuronsimulator/nrn-modeldb-ci (created 2021-11-05, pushed 2026-09-05, BSD-3-Clause); raw README.md (commands getmodels/runmodels/diffreports2html, gout diffs, curate_patterns); PyPI JSON https://pypi.org/pypi/nrn-modeldb-ci/json (version 0.3.0, BSD-3-Clause).",GitHub REST /repos/neuronsimulator/nrn-modeldb-ci and README,deepread_r2_b12.json
"Appukuttan, S., Sharma, L., Garcia-Rodriguez, P., et al. (2022). A Software Framework for Validating Neuroscience Models. HAL preprint hal-03586825.",2022,"neuroscience models broadly; indexed full text mentions hippocampus, basal ganglia, network models and NeuroML (term probes only)","unclear: PDF could not be read; HAL full-text index returns no match for mutation, mutant, fault or regression","unclear: indexed full text contains stimulus, stimulation and somatic terms, but how protocols are used could not be read","unclear: text mentions features, HippoUnit and BluePyOpt (eFEL term absent); actual feature use not read",unclear: the word optimization occurs but context unread; no evidence found of test or protocol selection,unclear: no held-out term in indexed text; content not read,unclear: not assessable because the PDF was not readable,unverified: text mentions a Model Catalog and Validation Framework; https://github.com/HumanBrainProject/hbp-validation-framework (Apache-2.0 per GitHub API) not confirmed as this paper's software,Appears to describe SciUnit-based infrastructure for validating models against data. NeuroSem instead targets reference-versus-transformed behavioural drift using mutation-calibrated protocol batteries; it could reuse such frameworks. Content assessment is provisional.,2,preprint,,https://hal.science/hal-03586825v1,"HAL API record and HAL landing-page citation meta (authors, date 2022-02-24, hal-03586825, docType UNDEFINED, draft PDF); Crossref reference list of 10.3389/fnint.2022.1041423 cites it as a HAL preprint; PDF behind Anubis bot check (not bypassed); content inferred only from HAL fulltext_t term-presence probes with nonsense-term controls returning 0; Semantic Scholar API returned 429 and its web page rendered empty.","Semantic Scholar API forward citations of SciUnit ICSE 2014, BluePyOpt and F1000 unit-testing paper; detail record has no venue or abstract",deepread_r1_b35.json
"Bartocci, E., Mariani, L., Ničković, D., et al. (2022). FIM: fault injection and mutation for Simulink. Proceedings of the 30th ACM Joint European Software Engineering Conference and Symposium on the Foundations of Software Engineering (ESEC/FSE), 1716-1720.",2022,Simulink models (avionics and automotive cyber-physical controllers),"yes - 10 signal faults (e.g., stuck-at, bias, noise, delay) and 5 block mutations; multi-model mode injects one fault per copy.",unclear - faults have configurable onset/duration; input stimulus sets not documented in README or abstract.,no - Simulink signals; no electrophysiology features.,"no - README and abstract describe injection and activation, not test selection.",no - one avionics case study per abstract.,no - not addressed.,"FIM (fimtool), MIT License, https://gitlab.com/DrishtiYadav/fimtool (requires MATLAB/Simulink)","Tool analogue of a mutation engine with single-fault copies; NeuroSem adds neuron-model operators, eFEL feature oracles with refinement-calibrated tolerances, greedy protocol selection and held-out evaluation.",2,software,10.1145/3540250.3558932,https://doi.org/10.1145/3540250.3558932,"Crossref api.crossref.org/works/10.1145/3540250.3558932 (authors, pp 1716-1720, ACM, 2022-11-07); abstract from OpenAlex and Semantic Scholar; GitLab API project DrishtiYadav/fimtool (MIT) plus Readme.md, FaultInjector_Master/Readme.txt, Configuration/Readme.txt; ACM PDF 403, BOA no full text.",WebSearch site:dl.acm.org mutation analysis Simulink models signal features fault detection test selection greedy; verified via Crossref,deepread_r1_b25.json
"Beck J, Deistler M, Bernaerts Y, et al. (2022). Efficient identification of informative features in simulation-based inference. arXiv preprint arXiv:2210.11915.",2022,Single-compartment Hodgkin-Huxley model (Pospischil-type with M and L currents) plus a linear Gaussian toy model; simulation-based Bayesian inference,no - parameters sampled from a prior to train a likelihood estimator; no seeded faults or edited model variants.,unclear - the HH simulations appear to use a single stimulus; no multi-protocol battery described in the text read.,"yes - 10 electrophysiology summary features (e.g. spike count, latency, AP amplitude/width, AHP, adaptation, resting potential) extracted with the Allen SDK.","partial - greedy selection of informative features, compared with random feature orderings; selects features, not stimulation protocols, for inference rather than fault detection.",no - posterior accuracy checked against brute-force re-estimation and analytic ground truth; no held-out models or fault families.,no - no AI-generated or AI-edited models or code (neural density estimators are used as a method).,"fslm_repo https://github.com/berenslab/fslm_repo (URL stated in the arXiv PDF; built on the sbi library; repository not inspected, GitHub API rate-limited)","Beck ranks features by posterior-uncertainty reduction for parameter inference, with greedy versus random comparison. NeuroSem would greedily select stimulation protocols by mutant coverage, with calibrated tolerances and held-out models.",2,preprint,unverified (no DOI in arXiv abs page metadata; arXiv DOI 10.48550/arXiv.2210.11915 resolved via OpenAlex),https://arxiv.org/abs/2210.11915,"arXiv abs page HTML (citation meta tags: title, 5 authors, 2022-10-21; abstract); arXiv PDF v2 text via pypdf (methods, HH model, features, greedy selection, code URL); OpenAlex (arXiv record only, no published version found). Semantic Scholar API returned 429; arXiv export API returned empty.",completeness critic r2,deepread_r2_b8.json
"Birchler, C., Ganz, N., Khatiri, S., et al. (2022). Cost-effective Simulation-based Test Selection in Self-driving Cars Software. arXiv preprint arXiv:2211.11409.",2022,self-driving car software tested with generated road scenarios in the BeamNG.tech simulator (cyber-physical system),no - faults are lane departures of the driving agent under generated scenarios and risk-factor settings; no seeded single-fault mutants,"yes - thousands of generated simulation tests (abstract reports 22,652 across two datasets)",no - road-geometry input features extracted before execution; no physiological features,yes - ML classifiers predict unsafe tests so only likely-failing ones run; cost-effectiveness is unsafe tests per simulation time versus random selection,partial - 10-fold cross-validation or a separate testing dataset for classifiers; no held-out system or fault family,no - machine learning used for test selection; no AI-generated code edits,SDC-Scissor - https://github.com/christianbirchler-org/sdc-scissor (GPL-3.0 per GitHub API),"Analogue for budget-aware simulation test selection with a random baseline normalised by runtime. NeuroSem selects one fixed protocol battery by greedy coverage over a mutant-by-protocol detection matrix, compares count- and runtime-matched random sets, and tests generalisation to unseen neuron models and a held-out mutation family, rather than per-test ML outcome prediction for one system.",2,preprint,10.48550/arxiv.2211.11409,https://doi.org/10.48550/arxiv.2211.11409,"DataCite DOI API (title, 5 creators, 2022, abstract); arXiv abs page (authors, v1 2022-11-21, cs.SE, CC BY-NC-ND 4.0); arXiv HTML full text (sections 2-4; its header names Science of Computer Programming, published version not verified); GitHub REST API via gh and README",DataCite (arXiv DOIs) test selection + simulation title query,deepread_r1_b42.json
"De Schepper, R., Abi Akar, N., Hater, T., et al. (2022). Cross-comparison of state of the art neuromorphological simulators on modern CPUs and GPUs using the Brain Scaffold Builder. bioRxiv (preprint).",2022,Morphologically detailed multicompartment cerebellar neuron and network models built with BSB and run in NEURON and Arbor,no - compares simulators and hardware configurations; no deliberate single-fault model alterations.,unclear - network benchmarks (small and large cerebellar networks) described; single-cell current-injection protocols not identifiable from the accessible text.,partial - cross-simulator output check reportedly uses population firing rates and raster plots; main metrics are time-to-solution and energy.,no - no stimulus or test selection; benchmarking design only.,"no - performance benchmark, no discovery/held-out split.",no - no AI-assisted edits or translations.,arb-nrn-comp https://github.com/Helveg/arb-nrn-comp (GPL-3.0 per LICENSE file); Brain Scaffold Builder https://github.com/dbbs-lab/bsb (GPL-3.0 per GitHub API),Treats simulator translation as a performance question with coarse output agreement; NeuroSem would test behaviour preservation of single-cell NeuroML models under recorded mutants and valid transformations with calibrated feature tolerances and a selected protocol battery.,2,preprint,10.1101/2022.03.02.482285,https://doi.org/10.1101/2022.03.02.482285,"Crossref works API; bioRxiv details API (v1 2022-03-04, CC BY-NC-ND, no published version listed); Semantic Scholar API; Europe PMC abstract (PPR464890); bioRxiv full text via WebFetch summary (curl blocked, error 1015); GitHub API + raw README/LICENSE",Semantic Scholar API forward citations of LEMS 2014; Crossref-verified,deepread_r1_b36.json
"Dey S, Dimitrov A (2022). Mapping and Validating a Point Neuron Model on Intel's Neuromorphic Hardware Loihi. Frontiers in Neuroinformatics, 16, 883360.",2022,"Leaky integrate-and-fire point neurons (GLIF parameters from the Allen Cell Types Database), BMTK reference simulation vs Loihi neuromorphic implementation",no - validates one port to new hardware across 20 parameter sets; no seeded faults.,partial - models are driven by a constant bias current and by frozen Poisson external spike inputs; there is no designed protocol battery.,"partial - agreement is measured on membrane-potential traces (RMSE, Pearson correlation); no electrophysiology feature set such as eFEL is reported.",no - no stimulus or test selection is described.,no - all parameter sets are used for validation; there is no held-out design.,no - the mapping to Loihi is done by hand-derived numerical transformations.,"bmtk_loihi_utils: https://github.com/srijanie03/bmtk_loihi_utils (GitHub API: exists, last push 2022-04-21)","Checks that one translation (classical simulator to neuromorphic chip) preserves LIF traces. NeuroSem would generalise to many edit types on conductance-based NeuroML models, using multi-protocol electrophysiology fingerprints with mutation-calibrated tolerances, optimized batteries and held-out evaluation.",2,paper,10.3389/fninf.2022.883360,https://doi.org/10.3389/fninf.2022.883360,"Crossref works API (2 authors, Front Neuroinform 16, article 883360, issued 2022-05-30); Europe PMC REST (PMID 36726406, PMC9886005, abstract) and fullTextXML (stimuli, cost functions, repo); GitHub REST API for the data repo. The erratum DOI noted in found_via was not checked in this pass.",WebSearch site:dblp.org electrophysiological feature extraction neuron model validation (DBLP CoRR record https://dblp.org/rec/journals/corr/abs-2109-10835.html); journal version via Crossref (an erratum 10.3389/fninf.2022.1107838 also exists),deepread_r1_b4.json
"Lopes, P. H., Oliveira, B. C., Souza, A. A. de S., et al. (2022). Mitigating Computer Limitations in Replicating Numerical Simulations of a Neural Network Model With Hodgkin-Huxley-Type Neurons. Frontiers in Neuroinformatics, 16, 874234.",2022,"recurrent network of 100 Hodgkin-Huxley-type neurons, implemented in C/C++, XPP/XPPAUT, Python and Matlab (RK4)","partial: deliberately varied language, OS, floating-point precision and current-summation order across 72 runs; configuration variants, not single-fault mutants",no: one network scenario with fixed random applied currents; varied excitatory/inhibitory proportions rather than stimulation protocols,no: compared network mean activity and synaptic efficacy time series by absolute error exceeding 1e-4,no: no test or protocol selection,no: single model; no held-out models or fault families,no: manual refactoring and reimplementation only,"neural-numerical-replicability2, https://github.com/wblancof/neural-numerical-replicability2 (no license detected by GitHub API)","Shows translation and numerical configuration silently change outputs of an HH network. NeuroSem would treat such changes as valid transformations or numerical mutants, with refinement-calibrated feature tolerances, multi-protocol single-cell batteries, selection and held-out evaluation.",2,paper,10.3389/fninf.2022.874234,https://doi.org/10.3389/fninf.2022.874234,"Crossref works API (metadata, abstract); OpenAlex DOI record; Europe PMC full text PMC9135410 (methods: 72 scenarios, absolute-error comparison, GitHub link); GitHub REST API via gh for repository and license.",Europe PMC citations of ReScience,deepread_r1_b35.json
"Luu QH, Liu H, Chen TY, et al. (2022). Testing ocean software with metamorphic testing. Proceedings of the 7th International Workshop on Metamorphic Testing (MET '22), ACM, pp. 23-30.",2022,"tidal analysis and prediction scientific software (UTide, Python); geophysical time-series harmonic fitting, non-neuronal",yes - 38 non-equivalent mutants from five operator sets seeded into UTide's solver; equivalents filtered by random tests plus manual inspection.,yes - seven metamorphic relations applied over 100 randomly generated synthetic tide time series.,"no - compares fitted tidal amplitudes and phases within a fixed 0.01 round-off, not neuronal features.","partial - compares per-relation mutation scores and says choosing the most effective relations matters, but performs no selection or minimisation.","no - one subject program; relations and mutants evaluated together, no held-out programs or mutation families.",no - no AI-assisted edits or transformations studied.,none released identified; subject program UTide https://github.com/wesleybowman/UTide (URL as printed in the paper),"Methodologically the closest in this batch: seeded mutants plus several relations on scientific software, with relation effectiveness compared. NeuroSem would add neuron models, refinement-calibrated eFEL feature tolerances instead of a fixed round-off, greedy battery selection against cost-matched random sets, and held-out models and a held-out mutation family.",2,paper,10.1145/3524846.3527341,https://doi.org/10.1145/3524846.3527341,"Crossref https://api.crossref.org/works/10.1145/3524846.3527341 (title, 4 authors, MET proceedings, pp. 23-30, issued 2022-05-09); OpenAlex https://api.openalex.org/works/doi:10.1145/3524846.3527341 (abstract); Semantic Scholar graph API batch (arXiv 2206.05457, DBLP conf/icse-met/LuuLCV22); full text read from https://arxiv.org/pdf/2206.05457 (v1).",WebSearch site:dl.acm.org metamorphic testing bioinformatics simulation programs; verified via Crossref,deepread_r1_b24.json
"Nandi A, Chartrand T, Van Geit W, et al. (2022). Single-neuron models linking electrophysiology, morphology, and transcriptomics across cortical cell types. Cell Reports 40(6): 111176.",2022,"Morphologically detailed all-active conductance-based mouse visual cortex neuron models (BluePyOpt/NEURON-style optimisation), fitted to 230 Allen patch-clamp experiments","no - models are fitted to data; conductance perturbations (about 10%) are used for Sobol sensitivity analysis, not as seeded faults to detect.","yes - experimental step, ramp and coloured-noise protocols; models fitted on DC steps and checked on further DC steps and noise.",yes - fitted on electrophysiological E-features using BluePyOpt and eFEL; spike-time explained variance used for noise responses.,"no - fixed experimental stimulus battery; training objectives chosen by staged workflow design, not searched for detection power.","partial - models evaluated on stimuli withheld from optimisation (extra DC steps, coloured noise); a 70/30 split is used only for a classifier; no held-out fault families.",no - no AI-generated or AI-edited models or code.,All-active-Workflow https://github.com/AllenInstitute/All-active-Workflow (built on BluePyOpt; eFEL listed in resources),Nandi builds and validates data-fitted models against experiments. NeuroSem would compare an edited model with its own reference across a selected battery to detect single-fault changes; it could draw on such models if NeuroML versions and licences allow.,2,paper,10.1016/j.celrep.2022.111176,https://doi.org/10.1016/j.celrep.2022.111176,"Crossref works API (title, 15 authors, Cell Reports 40(6) 111176, Aug 2022); Europe PMC REST search (abstract, PMID 35947954, PMC9793758); Europe PMC fullTextXML (STAR Methods: protocols, validation stage, noise generalisation, key resources, GitHub URL); GitHub REST API for repo existence.",completeness critic r2,deepread_r2_b8.json
"Oesterle J, Kraemer N, Hennig P, et al. (2022). Probabilistic solvers enable a straight-forward exploration of numerical uncertainty in neuroscience models. Journal of Computational Neuroscience 50:485-503.",2022,"Single-compartment Hodgkin-Huxley, Izhikevich and STG neuron models, plus a three-neuron STG network (Python/Cython ODE implementations, not NeuroML).","no - Models are not edited or faulted; variation comes from solver sampling, not model transformations.","partial - Uses step, noisy step and pulse currents of varied amplitude and duration, but not as a designed protocol battery.","partial - Measures spike times, spike counts, SPIKE-distance and trace errors; no eFEL-style feature fingerprint.",no - No selection or minimisation of stimulation protocols.,no - Demonstrations on several models; no held-out model or mutation-family evaluation.,no - No AI-assisted edits.,"neuroprobnum, https://github.com/berenslab/neuroprobnum","Quantifies numerical uncertainty in spike outputs, relevant to NeuroSem's tolerance calibration. NeuroSem would instead use step refinement to set tolerances for detecting model edits, adding mutation, protocol selection and held-out testing.",2,paper,10.1007/s10827-022-00827-7,https://doi.org/10.1007/s10827-022-00827-7,"Crossref /works (metadata, abstract); Semantic Scholar API (PMC/PubMed IDs); PMC full text (methods); GitHub repository page.",completeness-critic gap round 2 (re-run 2026-09-13),deepread_r2x_b0.json
"Panagiotou S, Sidiropoulos H, Soudris D, et al. (2022). EDEN: A High-Performance, General-Purpose, NeuroML-Based Neural Simulator. Frontiers in Neuroinformatics, 16, 724336.",2022,"NeuroML v2 simulator; correctness checked on NeuroML-DB single-cell models (conductance-based, incl. multicompartment) and three published networks",no; compares a new simulator against NEURON without seeded faults,no; single-cell checks use one fixed somatic DC current-clamp step for every model,"partial; ISI percent difference and a NeuroML-DB waveform similarity metric for cells; network rate, ISI and correlation statistics with effect sizes",no,"no; no discovery/held-out split, though the cell check spans a large NeuroML-DB model set",no,EDEN https://gitlab.com/neurocomputing-lab/Inferior_OliveEMC/eden (GitLab page shows GPL-3.0-or-later); PyPI eden-simulator 0.2.3 https://pypi.org/project/eden-simulator/,"A large-scale, canonical single-protocol cross-simulator check for NeuroML cells, close to NeuroSem's baseline. NeuroSem would add mutation-calibrated tolerances, multi-protocol fingerprints, greedy battery selection and held-out evaluation.",2,paper,10.3389/fninf.2022.724336,https://doi.org/10.3389/fninf.2022.724336,"Crossref works API (5 authors, vol 16, article 724336, 2022-05-20); Europe PMC MED 35669596 abstract; PMC9167055 full text for verification protocol and metrics; PyPI JSON API; GitLab project page for license","PubMed E-utilities 'NeuroML'; Europe PMC '""cross-simulator"" AND neuron' | WebSearch site:dblp.org NeuroML; OpenAlex search 'NeuroML 2 language' | Europe PMC: '(NEURON OR NEST OR Brian2 OR Arbor) AND simulator AND comparison AND neuron'; Europe PMC: 'reproducibility AND ""neuron models"" AND (simulator OR NeuroML)'; Europe PMC: 'NeuroML' (+3 more) [fallback source used because arXiv/OpenAlex were rate-limited] | Crossref bibliographic query (cross-simulator comparison neuron models NeuroML); verified via Crossref works API; eden-simulator seen in site:pypi.org WebSearch | OpenAlex search; Europe PMC citations of LEMS, OSB, NeuroML-DB",deepread_r1_b18.json
"Sáray S (2022). Systematic validation of detailed models of hippocampal neurons based on electrophysiological data. PhD thesis, Pázmány Péter Katolikus Egyetem.",2022,anatomically and biophysically detailed multicompartment NEURON (HOC) models of rat CA1 pyramidal cells and interneurons,no: compares published models and successive development versions; no deliberately seeded single faults.,"yes: HippoUnit tests mimic several protocols, including somatic current injection, back-propagating AP, PSP attenuation and dendritic integration.",yes: feature scores (mostly Z-scores vs experimental mean/SD) averaged into per-test final scores.,no: fixed expert-chosen test suite; no selection of a compact protocol set.,"no: checks models on paradigms they were not fitted to, but no discovery/held-out split for evaluating a test method.",no: none.,"HippoUnit https://github.com/KaliLab/hippounit (BSD-3-Clause per GitHub API); demo models https://github.com/KaliLab/HippoUnit_demo (named in booklet, not API-checked)","Explicitly motivated by avoiding regressions across model versions, but scores agreement with experimental data. NeuroSem compares transformed to reference model, uses controlled mutants, calibrated tolerances, selected batteries and held-out evaluation.",2,thesis,10.15774/PPKE.ITK.2022.001,http://real-phd.mtak.hu/1773/1/SS_thesis_booklet.pdf,"Downloaded booklet PDF and extracted text (pypdf); REAL-PhD record page http://real-phd.mtak.hu/1773/ eprints metadata; DataCite API dois/10.15774/PPKE.ITK.2022.001 (creator, year 2022, publisher); doi.org redirect to record; GitHub API repos/KaliLab/hippounit.","Google Scholar 'NeuroML simulation ""time step"" numerical reproducibility spike features'",deepread_r1_b10.json
"Troya, J., Segura, S., Burgueño, L., et al. (2022). Model Transformation Testing and Debugging: A Survey. ACM Computing Surveys 55(4), 1-39.",2022,survey of model-driven engineering model transformations (140 papers),unclear - abstract does not state mutation coverage; survey body not read (paywalled).,"no - concerns transformation input models, not stimuli to dynamical simulations.",no - not applicable.,unclear - test generation surveyed per abstract; test selection or minimization coverage not verified.,no - survey; no evaluation of its own.,no - not mentioned in abstract.,none (survey),Taxonomy background for testing transformations (relevant to NeuroML/LEMS translation). NeuroSem judges behavioural preservation through simulated electrophysiology across protocols rather than structural or oracle checks on transformed models.,2,paper,10.1145/3523056,https://dl.acm.org/doi/abs/10.1145/3523056,Crossref works API (metadata and abstract).,WebSearch site:dl.acm.org regression testing model transformations; verified via Crossref,deepread_r1_b26.json
NeuroML documentation contributors (2022). Testing/validating NeuroML Models. NeuroML Documentation (docs.neuroml.org).,2022 (last content commit 2022-12-15 per GitHub API; rendered page footer shows copyright 2026),NeuroML v2 models in general (documentation page),no - page covers cross-simulator OMV testing and SciUnit/NeuronUnit biological validation only; no mutation testing.,no - no stimulation protocols discussed on the page.,partial - mentions spike times as compared activity; points to NeuronUnit for data-driven feature validation without details.,no - not discussed.,no - not discussed.,no - not discussed.,Links OMV https://github.com/OpenSourceBrain/osb-model-validation and SciUnit/NeuronUnit https://scidash.org ; page source https://github.com/NeuroML/Documentation,"Official statement of the two recognised testing layers (cross-simulator consistency and biological validation); the SciUnit section is marked TODO. It does not address behaviour preservation after edits, which is NeuroSem's target question.",2,other,,https://docs.neuroml.org/Userdocs/TestingNeuroMLModels.html,"Page fetched directly (HTTP 200, title confirmed) and via WebFetch; markdown source raw.githubusercontent.com/NeuroML/Documentation/main/source/Userdocs/TestingNeuroMLModels.md read; commit dates via GitHub REST API commits?path=... (latest 2022-12-15, Padraig Gleeson).",WebSearch (Scholar fallback) 'NeuroML mutation testing neuron model',deepread_r1_b0.json
"Clark, A. G. (2023). Establishing the Causal Foundations of Metamorphic Testing: A Novel Application of Causal Inference for Testing Computational Modelling Software. PhD thesis, University of Sheffield (White Rose eTheses Online).",2023,General computational modelling software: epidemiological equation- and agent-based models (Covasim) plus the Luo-Rudy 1991 cardiac action-potential ODE model,partial - adds AddCause/DeleteCause mutation operators (CosmicRay fork) to synthetic programs; the LR91 cardiac model itself is not mutated.,"partial - LR91 inputs sampled by Latin hypercube over six conductances; these are parameter changes, not a battery of current-clamp protocols.","partial - LR91 case study uses one action-potential feature, APD90, as the tested output; no eFEL-style multi-feature vector.",no - metamorphic relations come from causal graphs; no selection of a compact test or stimulus set.,no - case studies and synthetic controlled experiments; no discovery/held-out split of models or fault families.,no - no AI-generated edits or translations evaluated.,"Causal Testing Framework, https://github.com/CITCOM-project/CausalTestingFramework (MIT per GitHub API); LR91 example code cited at https://github.com/AndrewC19/LR91","Tests expected cause-effect relations via causal inference; NeuroSem instead compares original vs edited neuron models across stimulus protocols, with refinement-calibrated tolerances, protocol selection and held-out evaluation.",2,thesis,,https://etheses.whiterose.ac.uk/id/eprint/34458/,"White Rose eTheses landing page (eprints/DC meta tags: title, creator, date 2023-09, institution, CC BY-NC-ND 4.0); full thesis PDF read (abstract, contents, Ch.5-6 LR91 case study); GitHub REST API for CausalTestingFramework repo.","Google Scholar '""metamorphic testing"" neuron simulation'; thesis landing page",deepread_r1_b14.json
"Clark, A. G., Foster, M., Walkinshaw, N., et al. (2023). Metamorphic Testing with Causal Graphs. 2023 IEEE Conference on Software Testing, Verification and Validation (ICST), pp. 153-164.",2023,"General software: randomly generated synthetic Python programs from causal graphs, plus two Defects4J Java bugs",yes - AddCause and DeleteCause operators inject causal-structure faults; mutation score measures detection.,partial - randomly generated test suites of varying size exercise metamorphic relations; not physiological stimulus protocols.,no - program outputs only; no neuroscience or electrophysiology content.,no - compares random test-suite sizes but does not optimise or greedily select tests.,no - controlled experiments over seeded random graphs and two case studies; no held-out split.,no - no AI-assisted transformations studied.,Experiment code cited in paper: https://github.com/AndrewC19/causal_metamorphic_relation_generation and https://github.com/AndrewC19/DAG-MT-case-studies (not checked via GitHub API),"Generic metamorphic-relation generation from causal graphs; NeuroSem is neuron-model-specific differential testing with electrophysiology features, calibrated tolerances, compact protocol selection and held-out generalisation.",2,paper,10.1109/icst57152.2023.00023,https://doi.org/10.1109/icst57152.2023.00023,"Crossref api.crossref.org/works (title, authors, venue, April 2023, pp. 153-164); OpenAlex and Semantic Scholar abstract; green OA author PDF (eprints.whiterose.ac.uk/195317) read for experimental setup.",Crossref title query from Clark thesis search; metadata verified via Crossref api.crossref.org/works,deepread_r1_b14.json
"Koch, N.A., Sonnenberg, L., Hedrich, U.B.S., et al. (2023). Loss or gain of function? Effects of ion channel mutations on neuronal firing depend on the neuron type. Frontiers in Neurology, 14, 1194811.",2023,"single-compartment conductance-based neuron models of diverse types (e.g. FS, RS pyramidal, RS inhibitory, Cb stellate, STN); Python, forward Euler",yes - one-factor-at-a-time changes to properties of shared currents (e.g. gating half-activation shifts of -10 to +10 mV) plus KCNA1 mutation parameter sets.,"partial - 200 two-second current steps forming fI curves plus an ascending/descending ramp; one protocol family, not a diverse battery.",partial - rheobase and area under the initial fI curve from steady-state firing; adaptation deliberately excluded; not eFEL.,no - fixed step and ramp protocols.,no - compares perturbation effects across models; no discovery/held-out split.,no - none.,"LOFGOF2023, https://github.com/nkoch1/LOFGOF2023 (MIT)","Studies how controlled biophysical perturbations change firing across neuron types to interpret channelopathies. NeuroSem instead treats such perturbations as mutants to measure whether regression batteries detect them, with calibrated tolerances, protocol selection and held-out models. Its neuron-type dependence supports multi-model evaluation.",2,paper,10.3389/fneur.2023.1194811,https://doi.org/10.3389/fneur.2023.1194811,"Crossref /works for journal DOI (vol 14, article 1194811, 2023-05-24, CC BY 4.0) and bioRxiv preprint 10.1101/2023.01.16.524256; Europe PMC core record (PMID 37292138, PMC10244640) and fullTextXML methods sections 2.2-2.3; GitHub REST API repo metadata (MIT) and README.","GitHub search neuron model mutation / channel mutation neuron firing (nkoch1/LOFGOF2023, MIT); verified via Crossref works API | WebSearch 'ion channel mutation effects on firing depend on neuron model type ...'; PubMed esummary; Crossref (also preprint 10.1101/2023.01.16.524256)",deepread_r1_b7.json
"Seema Jehan, Franz Wotawa (2023). An Empirical Study of Greedy Test Suite Minimization Techniques Using Mutation Coverage. IEEE Access, 11, 65427-65442.",2023,general software (JavaScript NPM packages with their accompanying test suites),yes - Mutode tool (48 operators) generates mutants of NPM packages; a mutation matrix records which tests kill which mutants.,"no - selection units are unit tests of JavaScript packages, not stimulation protocols applied to a dynamical model.",no - uses mutant kill outcomes and mutation score; no signal or feature extraction.,"yes - compares Greedy, DelayedGreedy, Harrold et al., LinMIN and DeltaMIN minimisation on mutation coverage; parameter alpha allows a small mutation-score loss.",no - reduction and fault-detection loss are judged on the same mutation score used for minimisation; no held-out programs or mutant families found.,no - no AI-assisted code changes studied.,"none verified (paper states artifacts are on GitHub, its reference [54]; URL not retrieved - unverified)","Confirms that greedy set-cover minimisation over mutant kills is established, so NeuroSem's selection step alone is not novel. NeuroSem would differ by applying it to stimulation protocols with feature-level tolerances, adding count- and runtime-matched random baselines, and evaluating on held-out models and a held-out mutation family.",2,paper,10.1109/access.2023.3289073,https://doi.org/10.1109/access.2023.3289073,"Crossref works API (vol 11, pp 65427-65442); OpenAlex and Semantic Scholar abstracts; full-text HTML retrieved from the IEEE Xplore REST endpoint (ieeexplore.ieee.org/rest/document/10160008) - the PDF link returned HTTP 418/HTML shell and the DOAJ page returned 403.",WebSearch site:ieeexplore.ieee.org test suite minimization greedy set cover; verified via Crossref | Crossref bibliographic query (test suite minimization greedy set cover mutation); verified via Crossref works API | WebSearch greedy test suite minimization query; Crossref title query,deepread_r1_b6.json
"Shuttleworth JG, Lei CL, Whittaker DG, et al. (2023). Empirical Quantification of Predictive Uncertainty Due to Model Discrepancy by Training with an Ensemble of Experimental Designs: An Application to Ion Channel Kinetics. Bulletin of Mathematical Biology, 86(1), 2.",2023,"Cardiac hERG/IKr Markov ion-channel ODE models (Beattie, Wang) under voltage clamp","partial - builds two synthetic model-discrepancy cases (data simulated with one model, fitted with another); structural discrepancy, not single-fault mutants.",yes - uses an ensemble of voltage-clamp protocols (step and ramp designs) for training and validation.,"no - compares current traces by RMSE, not spike or action-potential features.","no - protocols chosen for training coverage; ensemble spread estimates uncertainty, and no compact battery is selected.",partial - checks predictions on validation protocols not used for training; no held-out models or fault families.,no - no AI-driven transformations.,https://github.com/CardiacModelling/empirical_quantification_of_model_discrepancy (BSD-3-Clause per GitHub API); archive https://doi.org/10.5281/zenodo.8409925,"Shares the idea that agreement under one protocol does not carry to others, but uses it for fitting and uncertainty, not regression testing. NeuroSem targets current-clamp neuron models, single-fault mutants, feature tolerances and greedy battery selection.",2,paper,10.1007/s11538-023-01224-6,https://doi.org/10.1007/s11538-023-01224-6,"Crossref API (7 authors, Bull Math Biol 86(1) article 2; online 2023-11-24, print issue 2024-01; CC BY 4.0); Europe PMC abstract and full-text XML (PMID 37999811, PMC10673765); GitHub REST API for repo license.","Europe PMC '(""model discrimination"" OR ""model selection"") AND (""voltage protocol"" OR ""stimulus protocol"") AND design' | Europe PMC lens search (optimal experimental design / protocol design)",deepread_r1_b19.json
"Stratigopoulos, H.-G., Spyrou, T., Raptis, S. (2023). Testing and Reliability of Spiking Neural Networks: A Review of the State-of-the-Art. 2023 IEEE International Symposium on Defect and Fault Tolerance in VLSI and Nanotechnology Systems (DFT), pp. 1-8.",2023,neuromorphic spiking-neural-network hardware (mostly integrate-and-fire neurons in digital/analog accelerators),"partial: reviews behavioural fault injection (threshold, leak, refractory changes; dead or saturated neurons; weight faults, bit-flips) for hardware, not model-file edits.","partial: reviewed tests use input image sets, plus one analog-neuron self-test with ramps eliciting several firing patterns.","partial: one reviewed neuron test checks firing-pattern classes (regular, fast spiking, bursting, chattering); most work measures inference accuracy.","partial: reviews compact test-input generation for fault coverage (greedy fault dropping, adversarial examples, confidence-based image ordering).",no: review article; no held-out model or held-out fault-family evaluation of its own.,no: faults model hardware defects and parameter bit-flips; no AI-assisted code transformations.,none,"Addresses manufacturing and runtime faults in SNN accelerators, scored mainly by task accuracy. NeuroSem targets software edits to biophysical NeuroML/LEMS cell models, eFEL feature tolerances and held-out model evaluation; overlap is compact fault-covering test selection.",2,paper,10.1109/dft59622.2023.10313541,https://doi.org/10.1109/DFT59622.2023.10313541,"Crossref works API (proceedings-article, IEEE, pp. 1-8, issued 2023-10-03); OpenAlex and Semantic Scholar APIs (abstract, DBLP conf/dft/StratigopoulosSR23); author full text on HAL (hal-04176109v1) read.",WebSearch site:ieeexplore.ieee.org differential testing spiking neural network simulators NEST Brian NEURON consistency; verified via Crossref,deepread_r1_b29.json
"Wilsdorf, P., Wolpers, A., Hilton, J., et al. (2023). Automatic Reuse, Adaption, and Execution of Simulation Experiments via Provenance Patterns. ACM Transactions on Modeling and Computer Simulation, 33, 1-27.",2023,general simulation models: agent-based migration-route model and SBML ODE Wnt/beta-catenin signaling models,"no - model versions come from real study development (successive model extensions), not systematic single-fault mutants.","partial - automatically re-runs prior experiments (sensitivity analysis, cross-validation under a transient stimulus); not a designed perturbation battery.",no - outputs are sensitivity indices and protein trajectories; electrophysiology mentioned only as related work.,no - provenance rules choose which existing experiments to reuse and adapt; no optimisation for discriminating power or cost.,no - demonstrated through two case studies; no held-out models or mutation families.,no - rule-based provenance-graph transformations; no AI-edited models.,"RASE (Java, Neo4j) - https://git.informatik.uni-rostock.de/mosi/exp-generation (URL cited in arXiv version; responded HTTP 200, contents not inspected)",Automates re-running earlier experiments after model change (framed as regression testing); NeuroSem additionally calibrates tolerances and uses mutants to choose which stimuli detect changes in neuron models.,2,paper,10.1145/3564928,https://doi.org/10.1145/3564928,Crossref API (metadata and abstract); Semantic Scholar API (arXiv id 2109.06776); arXiv PDF full text keyword-scanned; OpenAlex reports publisher version closed access.,Semantic Scholar API forward citations of SciUnit ICSE 2014; Crossref-verified,deepread_r1_b37.json
"Abid MS, Pawagi M, Adhikari S, et al. (2024). GlueTest: Testing Code Translation via Language Interoperability. 2024 IEEE International Conference on Software Maintenance and Evolution (ICSME), pp. 612-617.",2024,general software libraries (Java to Python translation of Apache Commons CLI and CSV),no - the abstract describes no seeded faults or mutation analysis; full text (closed access) not read.,"partial - reuses the original test suites plus tests from client projects (30 for CLI, 6 for CSV) to exercise translated code.",no - generic software unit tests; no scientific output features.,no - no test selection or minimisation described in the abstract.,"unclear - client-project tests act as extra validation, but no formal held-out design is described in the abstract.",unclear - motivated by LLM-era code translation; the abstract does not say whether the evaluated translations were produced by an LLM.,GlueTest artifact - https://github.com/seal-research/gluetest (no license detected by GitHub API); uses GraalVM for interoperability,"Validates behaviour preservation of translated code by running untranslated original tests. NeuroSem targets neuron model files, uses electrophysiological behaviour with calibrated tolerances, and measures and optimises the battery's sensitivity with mutants.",2,paper,10.1109/icsme58944.2024.00061,https://doi.org/10.1109/icsme58944.2024.00061,"Crossref https://api.crossref.org/works/10.1109/icsme58944.2024.00061 (metadata, full author list, pages); Semantic Scholar Graph API DOI:10.1109/ICSME58944.2024.00061 (abstract); GitHub REST repos/seal-research/gluetest (artifact, license field null).",WebSearch site:ieeexplore.ieee.org large language model translation scientific code simulation behavior preservation testing; verified via Crossref,deepread_r1_b28.json
"Damart TPL, Jaquier A, Mandge D, et al. (2024). BluePyEModel (version 1.0.17). Zenodo.",2024,Detailed conductance-based neuron e-models built from patch-clamp data; NEURON simulator only (per README); not NeuroML-native,"no - pipeline covers feature extraction, parameter optimisation, validation, plotting and export; no seeded faults or mutant generation described.","yes - e-features come from several protocols (e.g. IV steps, sAHP in the L5PC example), with separate optimisation and validation protocol lists.",yes - builds on eFEL/BluePyEfe; models scored by per-feature z-scores against experimental targets.,no - model parameters are optimised; which protocols to use for optimisation or validation is specified by hand in a recipe config.,"partial - validation step runs protocols unseen during optimisation with a z-score threshold; held-out stimuli only, not held-out models or fault families.",no - no AI-assisted editing or transformation of models.,"BluePyEModel https://github.com/openbraininstitute/BluePyEModel (active; BlueBrain/BluePyEModel archived per GitHub API); PyPI bluepyemodel 1.0.47, Apache-2.0 (examples CC-BY-NC-SA per LICENSE.txt)","BluePyEModel validates fitted models against experimental feature targets on hand-chosen held-out protocols. NeuroSem would compare a model with its own edited version, not with data: refinement-calibrated tolerances, seeded single-fault mutants, data-driven protocol selection, and held-out models and mutation families. Its validation-protocol split is a useful precedent, and its e-feature scoring could serve as a reference design.",2,software,10.5281/zenodo.13685136,https://github.com/BlueBrain/BluePyEModel,"DataCite API api.datacite.org/dois/10.5281/zenodo.13685136 (title BluePyEModel, v1.0.17, issued 2024-09-04, 11 creators, Apache-2.0, supplement to BlueBrain/BluePyEModel tree 1.0.17; Zenodo records API returned 504); gh api repos (BlueBrain/BluePyEModel archived, openbraininstitute/BluePyEModel active); PyPI JSON bluepyemodel; README.rst, LICENSE.txt, CITATION.cff (current DOI 10.5281/zenodo.19593077 verified via DataCite as v1.0.47) and examples/L5PC/README.rst read.",WebSearch BluePyEModel query (DOI from a doi.org result URL; not resolved separately),deepread_r1_b41.json
"Jafari F, Nadeem A (2024). Measuring Effectiveness of Metamorphic Relations for Image Processing Using Mutation Testing. Journal of Imaging 10(4):87.",2024,"general image-processing software (Python Sobel edge detection, dilation and erosion programs); not a scientific simulation model",yes - source-level mutants generated with MutPy mutation operators; per-operator mutant counts and kill rates reported.,"partial - several source test cases plus follow-up inputs per metamorphic relation; inputs are images, not physical stimuli.",no - compares image outputs under metamorphic relations; no electrophysiological or scientific feature extraction.,partial - metamorphic relations ranked by mutant fault-detection rate; no cost-constrained or greedy selection of a compact test set.,no - the same mutants score relations and report results; no held-out programs or held-out mutation operator family.,no - no AI-generated or AI-edited code studied.,"no released artifact found; uses MutPy (https://github.com/mutpy/mutpy, URL as cited in the paper)","Generic precedent for scoring tests by mutant kill rate. NeuroSem would apply this to neuron models with stimulation protocols, eFEL features, refinement-calibrated tolerances, compact battery selection and held-out models and mutation families.",2,paper,10.3390/jimaging10040087,https://doi.org/10.3390/jimaging10040087,"Crossref api.crossref.org/works/10.3390/jimaging10040087 (title, 2 authors, J Imaging 10(4):87, issued 2024-04-06); Europe PMC search (PMID 38667985, PMC11051087) abstract and fullTextXML read (experiment design, mutation operators, FDR tables).","PubMed E-utilities 'metamorphic testing[tiab]' | Europe PMC search '""metamorphic testing"" AND (simulation OR model)'",deepread_r1_b21.json
"Jennings, M. W., Nithiarasu, P., Pant, S. (2024). Quantifying the efficacy of voltage protocols in characterising ion channel kinetics: A novel information-theoretic approach. International Journal for Numerical Methods in Biomedical Engineering, 40(5), e3815.",2024,ion-channel kinetics models under voltage clamp (parameter identifiability),no - parameters are sampled from priors for information analysis; no discrete fault or mutation operators.,yes - evaluates seven voltage-clamp protocols taken from the literature.,"no - uses POD-reduced current traces with mutual-information metrics, not interpretable electrophysiology features (abstract-level reading).",partial - ranks protocols by a combined information criterion; framed as groundwork for future optimal design rather than optimisation itself.,unclear - metrics checked against known inverse-problem results; abstract describes no discovery/held-out model split.,no - no AI-driven model transformations.,none identified (abstract only; full text not retrieved),"Scores voltage-clamp protocols for parameter identifiability of channel models; NeuroSem selects current-clamp batteries to detect behaviour-changing edits in neuron models, evaluated on held-out models and mutants.",2,paper,10.1002/cnm.3815,https://doi.org/10.1002/cnm.3815,"Crossref api.crossref.org/works/10.1002/cnm.3815 (metadata and abstract); Europe PMC REST search (PMID 38544355, abstract, keywords); Unpaywall (hybrid OA, CC-BY). Wiley pdfdirect full text blocked (HTTP 403 Cloudflare challenge), so methods were not read.","WebSearch 'optimal experimental design voltage protocol ...'; metadata verified via Crossref api.crossref.org/works | Europe PMC '""optimal"" AND ""ion channel"" AND ""protocol"" AND ""experimental design""' | WebSearch OED voltage clamp query; PubMed query; Crossref",deepread_r1_b12.json
"Kris Roker, Upulee Kanewala (2024). Improving the Efficacy of Testing Scientific Software: Insights from Mutation Testing. 2024 IEEE International Conference on Software Testing, Verification and Validation Workshops (ICSTW), pp. 273-282.",2024,"general scientific software projects (code-level; domains such as chemistry, physics, biology per abstract)","yes - applies source-code mutation testing to several scientific software projects to judge test quality; mutants are code-level, not model-parameter faults.",no - evaluates existing project test suites; no stimulus or protocol battery concept.,no - no electrophysiology or trace features.,no - identifies common test deficiencies and recommends established techniques; no test selection algorithm described in abstract.,no - descriptive study across projects; no held-out split described in abstract.,no - not mentioned in abstract.,none,"Shows mutation testing exposes weak scientific test suites. NeuroSem applies single-fault mutants to neuron-model files/parameters, measures behavioural divergence via features, and optimizes a stimulus battery.",2,paper,10.1109/icstw60967.2024.00056,https://doi.org/10.1109/icstw60967.2024.00056,"Crossref /works API (title, authors, venue, pp. 273-282); OpenAlex work W4402571153 (abstract); Semantic Scholar Graph API (DBLP conf/icst/RokerK24, closed access). Full text not accessed.",WebSearch site:ieeexplore.ieee.org mutation testing scientific software simulation models; verified via Crossref | Crossref: 'mutation testing scientific simulation software'; metadata confirmed via Crossref /works/<doi> [fallback source used because arXiv/OpenAlex were rate-limited] | Crossref bibliographic query (mutation testing scientific simulation software); verified via Crossref works API (no abstract) | Crossref 'mutation testing scientific software'; verified via Crossref (no abstract),deepread_r1_b5.json
"Lei, C. L., Whittaker, D., Windley, M., et al. (2024). A range of voltage-clamp protocol designs for rapid capture of hERG kinetics. Wellcome Open Research, 9, 673. [version 2, 2025]",2024,hERG (Kv11.1) ion-channel gating ODE models (Beattie and Wang Markov structures); voltage clamp,no - no fault-injected models; designs use two candidate model structures and fitted parameter ranges.,"yes - suite of short step/ramp voltage-clamp protocols (staircase, square-wave, sensitivity-based, action-potential-like) for one channel.","partial - works with simulated ionic currents and parameter sensitivities; voltage clamp, no current-clamp spike features.",yes - automated designs optimise protocol parameters to maximise parameter sensitivity or differences between two candidate models.,"no - design paper; experimental data and assessment are in a partner publication, not evaluated here.",no - no AI-edited or AI-generated models.,protocol-design-hERG - https://github.com/CardiacModelling/protocol-design-hERG (BSD-3-Clause per GitHub API and paper); archive https://doi.org/10.5281/zenodo.13343099 (DataCite lists CC-BY-4.0),"Optimises stimuli to discriminate candidate channel models or identify parameters; NeuroSem selects current-clamp batteries to detect behaviour-changing edits in neuron models, calibrated by mutants, held-out tested.",2,paper,10.12688/wellcomeopenres.23319.2,https://pubmed.ncbi.nlm.nih.gov/40786643/,"Crossref API for v2 (published 2025-07-09) and v1 (2024-11-12) DOIs; PubMed E-utilities esummary PMID 40786643; Europe PMC full-text XML PMC12334913 keyword-scanned; GitHub REST via gh; DataCite for Zenodo DOI (Zenodo API 403). Crossref author given/family split is malformed, so middle initials omitted.",PubMed OED/voltage-clamp query; Europe PMC hERG query; abstract via Europe PMC,deepread_r1_b37.json
"Mirams GR, Clerx M, Whittaker DG, et al. (2024). Optimal experimental designs for characterising ion channel gating by filling the phase-voltage space of model dynamics. Mathematics in Medical and Life Sciences, 1:2375494.",2024,"ion-channel gating ODE models (hERG/Kv11.1), voltage-clamp",no; no seeded faults.,"partial; optimises one short voltage-clamp waveform built from steps, not a battery of current-clamp protocols.","no; objective uses coverage of discretised phase-voltage space, not extracted electrophysiology features.",yes; CMA-ES optimises protocol parameters to maximise phase-voltage coverage while keeping protocols short.,"partial; designed using one hERG model, identifiability then checked with synthetic data from a different Markov model.",no; no AI-assisted or automated model transformations are studied.,space-filling-designs https://github.com/CardiacModelling/space-filling-designs (BSD-3-Clause per GitHub API),Optimises protocols for parameter information in ion-channel models. NeuroSem instead selects protocol subsets to maximise detection of seeded behavioural faults in neuron models.,2,paper,10.1080/29937574.2024.2375494,https://doi.org/10.1080/29937574.2024.2375494,Crossref api.crossref.org/works/10.1080/29937574.2024.2375494; OpenAlex abstract and OA status; bioRxiv API and full text for 10.1101/2024.05.02.592179; Taylor & Francis page returned HTTP 403; GitHub REST API.,"WebSearch 'optimal experimental design voltage protocol ion channel model discrimination'; metadata verified via Crossref api.crossref.org/works | Europe PMC '""optimal"" AND ""ion channel"" AND ""protocol"" AND ""experimental design""' | Europe PMC: '""optimal experimental design"" AND (""ion channel"" OR ""neuron model"") AND protocol' [fallback source used because arXiv/OpenAlex were rate-limited] | WebSearch OED voltage clamp query; Europe PMC refined OED query; Crossref (journal and bioRxiv 10.1101/2024.05.02.592179)",deepread_r1_b2.json
"Nuyens, S., Ceylan, H. I., Kilincceker, O., et al. (2024). MUT4SLX: Extensions for Mutation Testing of Stateflow Models. 2024 IEEE International Conference on Software Analysis, Evolution and Reengineering - Companion (SANER-C), 215-218.",2024,Simulink block diagrams and Stateflow models,"yes - 8 Stateflow operators modelled on industrial bug data, injected by replacing parameter values.",partial - executes mutants against existing test suites; README notes the test attribute is not yet usable.,no - Simulink/Stateflow outputs; no electrophysiology features.,no - abstract and README report no test or input selection.,no - four sample projects; no discovery/held-out split described.,no - not addressed.,"MUT4SLX, GPL-3.0, https://github.com/haliliceylan/MUT4SLX (MATLAB R2021b plus Python); README says Stateflow extension not yet released","Overlaps only on parameter-replacement mutant generation; NeuroSem adds neuron-specific operators, admissibility classification, calibrated feature tolerances, protocol selection and held-out tests.",2,software,10.1109/saner-c62648.2024.00035,https://doi.org/10.1109/saner-c62648.2024.00035,"Crossref api.crossref.org/works/10.1109/saner-c62648.2024.00035 (authors, pp 215-218, IEEE, 2024-03-12); abstract from OpenAlex and Semantic Scholar; GitHub REST repos/haliliceylan/MUT4SLX (GPL-3.0) and README; Replication-Package.md returned 404; IEEE full text not retrieved.",WebSearch site:ieeexplore.ieee.org mutation testing scientific software simulation models; verified via Crossref,deepread_r1_b25.json
"Pan R, Ibrahimzada AR, Krishna R, et al. (2024). Lost in Translation: A Study of Bugs Introduced by Large Language Models while Translating Code. Proceedings of the IEEE/ACM 46th International Conference on Software Engineering (ICSE 2024), pp. 1-13.",2024,"general source code (C, C++, Go, Java, Python)","no - studies naturally occurring LLM translation bugs, manually categorized into 15 classes.",partial - translations checked against existing test suites; not stimulation protocols.,no - not applicable.,no - no test selection; proposes symptom-based prompt crafting.,no - empirical study over benchmarks and projects; no held-out fault family design.,yes - core subject is LLM-based code translation and its bug taxonomy.,"dataset of 1,700 samples and translations released (per abstract); URL not verified","Evidence that AI transformations introduce silent semantic bugs, supporting NeuroSem's optional AI case study. NeuroSem would target neuron-model files and detect behavioral drift with electrophysiology protocols.",2,paper,10.1145/3597503.3639226,https://doi.org/10.1145/3597503.3639226,"Crossref /works/<doi> (ten authors, proceedings, pages); OpenAlex abstract. Full text not accessed.",completeness-critic gap round 2 (re-run 2026-09-13),deepread_r2x_b2.json
"Pedersen JE, Abreu S, Jobst M, et al. (2024). Neuromorphic intermediate representation: A unified instruction set for interoperable brain-inspired computing. Nature Communications, 15, 8122.",2024,"spiking neural network intermediate representation (LIF neuron, spiking CNN, spiking RNN) across neuromorphic simulators and hardware","no; no fault seeding, only natural cross-platform differences","partial; a single LIF neuron input plus dataset inputs for two networks, not designed stimulation protocols","partial; membrane-trace and spike alignment, spike counts, hidden-layer rate cosine similarity and task accuracy, not eFEL-style features",no,no,no,NIR https://github.com/neuromorphs/NIR (GitHub API license: BSD-3-Clause); PyPI nir 1.0.8,"Adjacent problem of preserving behaviour under translation, for SNNs on neuromorphic platforms. It attributes divergences to discretisation, quantisation and non-determinism, but without a testing method. NeuroSem would focus on conductance-based NeuroML with mutation-calibrated protocol batteries.",2,paper,10.1038/s41467-024-52259-9,https://doi.org/10.1038/s41467-024-52259-9,"Crossref works API (15 authors, vol 15, article 8122, 2024-09-16); Europe PMC MED 39285176; PMC11405706 full text (nature.com redirected to a login page); GitHub REST API; PyPI JSON API","Europe PMC '""model conversion"" AND NeuroML' | Europe PMC: 'reproducibility AND ""neuron models"" AND (simulator OR NeuroML)'; Europe PMC: 'NeuroML' [fallback source used because arXiv/OpenAlex were rate-limited]",deepread_r1_b18.json
"Ranjan R, Van Geit W, Moor R, et al. (2024). eFEL. Zenodo.",2024,General electrophysiology voltage traces (in vitro and in silico); model-agnostic feature extraction library,no: extracts features from supplied traces; no model editing,no: user supplies traces and stimulus windows; the library does not define stimulation protocols,yes: standardized extraction of features such as action-potential amplitude and width from voltage traces; C++ core with Python wrapper,no: not addressed,no: not applicable; software library,no: not addressed,"eFEL, https://github.com/openbraininstitute/eFEL (PyPI efel 5.7.34, PyPI license LGPLv3; GitHub license field NOASSERTION; earlier repo BlueBrain/eFEL archived)","Planned dependency for features, not competing prior art. NeuroSem would add protocols, refinement-based tolerances, mutants, detection matrices and protocol selection around eFEL outputs.",2,software,10.5281/zenodo.593869,https://github.com/openbraininstitute/eFEL,"DataCite API: 10.5281/zenodo.593869 (publicationYear 2024, version 5.7.13, lgpl-3.0, concept record with HasVersion links) and 10.5281/zenodo.19604220 (2026, version 5.7.34, also a concept record with HasVersion links, lgpl-3.0; README now points to it for all versions); PyPI JSON efel 5.7.34; GitHub REST API for openbraininstitute/eFEL and archived BlueBrain/eFEL; README via raw.githubusercontent.com. README asks users to cite Mandge D, Tuncel A, Jaquier A, et al. (2026). eFEL: electrophysiology feature extraction library. Bioinformatics 42(6), doi 10.1093/bioinformatics/btag328 (confirmed via Crossref); consider a separate row.",GitHub search efel electrophysiology; CITATION.cff in BlueBrain/eFEL; DataCite API; PyPI JSON efel 5.7.34,deepread_r1_b30.json
"Shuttleworth JG, Lei CL, Windley MJ, et al. (2024). Evaluating the predictive accuracy of ion channel models using data from multiple experimental designs. bioRxiv (preprint). Journal version: Philosophical Transactions of the Royal Society A, 383(2292), 20240211 (2025), doi:10.1098/rsta.2024.0211.",2024,"Cardiac IKr Markov ion-channel ODE models (Beattie, Kemp, Wang, C-O-I) fitted to high-throughput voltage-clamp data",no - compares four literature model structures on real data; no seeded single faults.,yes - an ensemble of voltage-clamp protocols; models are fitted to each protocol and predict the others.,"no - uses normalized RMSE on current traces, not interpretable spike or action-potential features.",no - selects no compact protocol set; all training/validation protocol pairs are cross-validated.,"partial - cross-protocol validation heatmaps across cells (wells); protocols are held out, but not models or fault families.",no - no AI-driven transformations.,"https://github.com/CardiacModelling/multiprotocol_data_fitting (URL from journal-version full text; license unverified, GitHub API rate-limited)","Cross-protocol prediction testing for model selection in cardiac channels. NeuroSem would instead detect behaviour changes after edits to neuron models, using mutants, feature tolerances and held-out models.",2,preprint,10.1101/2024.08.16.608289,https://doi.org/10.1101/2024.08.16.608289,"Crossref API (6 authors, posted 2024-08-19; is-preprint-of 10.1098/rsta.2024.0211); bioRxiv API (v1, biophysics, cc_by, published DOI); Crossref for the RSTA version (383(2292):20240211, 2025-03-13); Europe PMC abstracts (PPR897809; PMID 40078148, PMC11904619) and RSTA full-text XML.",WebSearch site:biorxiv.org (ion channel model genealogy comparison ... protocols) | PubMed OED/voltage-clamp query; Europe PMC OED query; abstract via Europe PMC,deepread_r1_b19.json
"Tian Z, Shu H, Wang D, et al. (2024). Large Language Models for Equivalent Mutant Detection: How Far Are We? Proceedings of the 33rd ACM SIGSOFT International Symposium on Software Testing and Analysis (ISSTA 2024), pp. 1733-1745.",2024,"general software (3,302 method-level Java mutant pairs)","yes - classifies existing Java mutant pairs as equivalent or not, comparing LLM strategies with prior equivalent-mutant detection techniques.",no - no stimulation protocols; equivalence judged from code.,no - no electrophysiology; metrics are classification scores and time overhead.,no - no selection of a test or protocol battery.,unclear - abstract cites generalisation to unseen mutants as a motivation; train/test split details not verified from full text.,"partial - LLMs act as equivalence classifiers of mutants, not as authors of code or model transformations.","EMD replication package, https://github.com/tianzhaotju/EMD (GitHub API: no license detected)","Uses LLMs as static equivalence oracles on Java. NeuroSem labels equivalence by executing neuron models under a stimulation battery, and studies AI agents as transformation authors; LLM pre-screening would still need empirical confirmation.",2,paper,10.1145/3650212.3680395,https://doi.org/10.1145/3650212.3680395,"arXiv abs page 2408.01760 (authors, date, abstract, ISSTA comment); Crossref /works/10.1145/3650212.3680395 (published version, pp. 1733-1745); OpenAlex W4402442864; GitHub REST API repos/tianzhaotju/EMD.",completeness critic r2,deepread_r2_b1.json
"Tian Z, Shu H, Wang D, et al. (2024). Large Language Models for Equivalent Mutant Detection: How Far Are We? arXiv:2408.01760 (accepted at ISSTA 2024).",2024,"Java methods (3,302 method-level mutant pairs).",yes - Studies mutant pairs from mutation testing and classifies equivalence.,no - LLMs judge code pairs; no execution protocols.,no - None.,no - None.,partial - Empirical evaluation of fine-tuned and prompted LLMs on a benchmark; not held-out mutation families.,"partial - Uses LLMs to judge mutant equivalence, not to generate model transformations.",none,"Uses AI to detect equivalent software mutants. NeuroSem would check neuron-model edits, possibly AI-generated, by simulation under several protocols rather than code reasoning.",2,preprint,10.48550/arXiv.2408.01760,https://arxiv.org/abs/2408.01760,"arXiv abstract page (title, six authors, comment 'Accepted by ISSTA 2024', DOI).",completeness-critic gap round 2 (re-run 2026-09-13),deepread_r2x_b0.json
"Van Geit W, Vanherpe L, Rössert C, et al. (2024). BluePyMM (v0.9.11). Zenodo / GitHub software release.",2024,biophysically detailed multi-compartment NEURON e-models (BluePyOpt) combined with many morphologies; not NeuroML,no - varies morphology across e-model/morphology combinations from a circuit recipe; no recorded single-fault mutation operators.,"partial - runs each e-model's full set of BluePyOpt fitness protocols per combination, but protocols are fixed inputs rather than a studied battery.",yes - scores every combination with the e-model's feature-based fitness calculator; eFEL is a listed dependency.,no - no selection or minimisation of protocols; configuration can only skip features and set per-feature thresholds.,no - acceptance thresholds are set in configuration; no discovery/held-out model split or detection-rate evaluation.,no - no AI or code transformations considered.,BluePyMM https://github.com/BlueBrain/BluePyMM (PyPI bluepymm 0.9.11; DataCite rights LGPL-3.0-only; GitHub API license NOASSERTION),"BluePyMM gates whether an existing e-model generalises to new morphologies: a feature score passes if within a threshold scaled by the exemplar morphology's score. That reference-relative acceptance idea is close in spirit, but its targets are experimental feature scores, not a reference model's behaviour. NeuroSem would compare transformed vs reference models in NeuroML/LEMS with tolerances calibrated by numerical refinement, controlled single-fault mutants, greedy protocol selection and held-out evaluation.",2,software,10.5281/zenodo.8146238,https://github.com/BlueBrain/BluePyMM,"GitHub REST API api.github.com/repos/BlueBrain/BluePyMM (created 2017-05-04, pushed 2024-11-01); raw README.rst; source bluepymm/run_combos/calculate_scores.py and bluepymm/select_combos/table_processing.py (megate rule: score <= max(threshold, threshold x exemplar score)); PyPI JSON pypi.org/pypi/bluepymm/json; DataCite API api.datacite.org/dois/10.5281/zenodo.8146238 (authors, year 2024, v0.9.11, LGPL-3.0-only); README bibtex gives year 2023 for the same DOI (conflict noted, DataCite used); Zenodo API returned 504 twice; bluepymm.readthedocs.io overview page.",WebSearch 'BluePyMM model management ...'; GitHub REST API (license NOASSERTION),deepread_r1_b11.json
"Alexis Marsh, Myra B. Cohen, Robert W. Cottingham (2025). A Tale from the Trenches: Applying Metamorphic and Differential Testing to Bioinformatics Software. 2025 IEEE Conference on Software Testing, Verification and Validation (ICST), pp. 553-564.",2025,"computational biology tools predicting organism growth (four tools, per abstract)","no - abstract reports real faults found, not seeded mutants.",partial - metamorphic relations vary inputs and differential testing compares four tools; not a stimulus battery.,"no - organism growth predictions, no electrophysiology.",no - experience report on challenges; no test selection described.,no - experience report; no held-out evaluation described in abstract.,no - not mentioned in abstract.,none,"Experience report on the manual effort of metamorphic/differential testing for growth-prediction tools. NeuroSem automates single-fault mutants and protocol-feature detection for NeuroML neurons, with selection and held-out evaluation.",2,paper,10.1109/icst62969.2025.10988959,https://doi.org/10.1109/icst62969.2025.10988959,"Crossref /works API (title, authors, ICST 2025, pp. 553-564); OpenAlex W4410536478 (abstract); OSTI records API (same DOI and abstract); Semantic Scholar (DBLP conf/icst/MarshCC25). Full text not accessed.",WebSearch site:ieeexplore.ieee.org metamorphic testing simulator computational biology bioinformatics; verified via Crossref,deepread_r1_b5.json
"Cafaro G, Bernard C, Hashemi M, et al. (2025). Degeneracy in neuronal bifurcation landscapes: equivalent bifurcation sequences across distinct parameter sets. bioRxiv (preprint, v2).",2025,"Minimal conductance-based single-neuron model with three variable conductances (gNa, gCl, gK) under varied extracellular potassium",partial - systematic sweeps of conductance parameter space group sets by bifurcation sequence; not single-fault mutants of a reference model.,partial - the varied condition is extracellular potassium; a figure compares parameter sets under a 100 pA current pulse and under elevated potassium.,partial - burst onset/offset features from simulated membrane-potential traces drive automated bifurcation-type classification; not standard current-clamp feature sets.,no - no selection of stimuli or conditions for discriminating parameter sets.,no - classifier built from manually labelled features; no held-out models or fault families.,no - no AI-assisted transformations.,Pattern_Detection https://github.com/GianmarCafaro/Pattern_Detection,"Parameter sets alike under one condition can differ in transition thresholds under another, supporting the silent-drift premise and caution about equivalent mutants. NeuroSem would operationalise this for edited NeuroML models with stimulus batteries, tolerances and held-out evaluation.",2,preprint,10.1101/2025.08.04.668451,https://www.biorxiv.org/content/10.1101/2025.08.04.668451v2.full,"Crossref api.crossref.org/works/10.1101/2025.08.04.668451 (posted-content, v2 title, 4 authors); bioRxiv API details (v1 2025-08-05 with different title, v2 2025-11-01, CC-BY) and pubs endpoint (no published version); v2 JATS XML full-text keyword read; GitHub REST API repos/GianmarCafaro/Pattern_Detection.",WebSearch site:biorxiv.org (conductance-based model degeneracy parameter sensitivity electrophysiological features),deepread_r1_b16.json
"Chintaluri C, Podlaski W, Bozelos PA, et al. (2025). An ion channel omnimodel for standardized biophysical neuron modelling. bioRxiv (preprint).",2025,"Voltage-gated ion-channel kinetic models (NEURON channel models from the IonChannelGenealogy database), refit into one standard HH-style formulation; two pyramidal neuron models for spiking checks",no - reformulation refits whole channel models; there are no recorded single-fault mutants or fault families.,"yes - original and omnimodel channels are compared under several voltage-clamp protocols (activation, inactivation, deactivation, ramp, action-potential waveform).","partial - agreement is measured as trace-level error (RMSE, area-based error, Frobenius norm) plus spiking comparisons in two neurons; no feature-extraction battery is reported.",no - uses a fixed protocol set; no compact-battery selection is reported.,no - no train/test split of models or protocols is reported.,"no - reformulation is done by automated least-squares fitting, not AI coding agents.",ICG Explorer visualiser: https://icg-explorer.org/visualizer (HTTP 200 on 2026-09-13); an ICG GitHub repository is mentioned but its exact URL was not retrieved,"Tests one large, specific transformation (channel reformulation), mainly under voltage clamp and without an acceptance threshold. NeuroSem would target neuron-level current-clamp behaviour after arbitrary edits, adding calibrated tolerances, single-fault mutants, and greedy battery selection tested on held-out models and fault families.",2,preprint,10.1101/2025.10.03.680368,https://doi.org/10.1101/2025.10.03.680368,"Crossref works API (posted-content, 7 authors, posted 2025-10-06); bioRxiv details API (v1, 2025-10-06, neuroscience, cc_by_nc, unpublished); Europe PMC REST (PPR1096349, abstract); bioRxiv v1.full-text page via WebFetch (methods summary, not verbatim); curl check of the ICG Explorer URL.",Europe PMC 'NeuroML AND SRC:PPR' and 'NeuroML AND (test OR testing OR validation)'; WebSearch site:biorxiv.org (ion channel model genealogy) | Europe PMC: '(NEURON OR NEST OR Brian2 OR Arbor) AND simulator AND comparison AND neuron'; Europe PMC: 'NeuroML'; Europe PMC: 'pyNeuroML' [fallback source used because arXiv/OpenAlex were rate-limited] | Crossref bibliographic query (Channelpedia ion channel genealogy); verified via Crossref works API,deepread_r1_b4.json
"Gleeson P, Sinha A, Jarvis R, et al. (2025). NeuroML/jNeuroML: v0.14.0. Zenodo.",2025,"General NeuroML 2 / LEMS models (validation, simulation via jLEMS, export to NEURON, Brian, MATLAB etc.)","no: validates, simulates and translates models; no mutation generation",no: runs whatever simulation the LEMS file specifies; no built-in stimulation battery,"no: README describes validate, simulate, export and import; no electrophysiology feature extraction listed",no: not addressed,no: not applicable; software tool,no: not addressed; its export/translation outputs are transformations whose behaviour preservation NeuroSem could test,"jNeuroML, https://github.com/NeuroML/jNeuroML (LGPL-3.0 per GitHub API; latest GitHub release v0.14.0, published 2025-02-12)","Planned pilot dependency, not competing prior art. Schema validation and successful execution are the checks NeuroSem assumes can pass while behaviour silently drifts; NeuroSem adds behavioural fingerprinting on top.",2,software,10.5281/zenodo.593108,https://github.com/NeuroML/jNeuroML,"GitHub REST API repos/NeuroML/jNeuroML (description, created 2012-12-18, license LGPL-3.0) and releases/latest (v0.14.0, 2025-02-12); README via raw.githubusercontent.com; DataCite API for 10.5281/zenodo.593108 (title NeuroML/jNeuroML: v0.14.0, 2025, 11 creators, lgpl-3.0). README badge cites a different DOI 10.5281/zenodo.4627568, not resolved (unverified).",GitHub org:NeuroML validation search; DataCite Zenodo query jNeuroML,deepread_r1_b30.json
"Guarino D, Carannante I, Destexhe A (2025). A unified model library maps how neuromodulation reshapes the excitability landscape of neurons across the brain. PLOS Computational Biology, 21(12), e1013765.",2025,"Adaptive exponential integrate-and-fire (AdEx) single-compartment models fitted per neuron type and neuromodulator condition (Python forward Euler, NEST, Brian 2)","partial: compares control vs neuromodulated parameter sets and classifies shifts as regime switching or scaling; changes are data-fitted, not single-fault mutants","partial: uses current-injection protocols (amplitude, delay, end) from digitized published traces per condition; no designed battery of protocol types","yes: custom Python extraction of spike times, first/last ISI, firing frequency and membrane-voltage values from digitized traces","no: protocols are taken from source publications; parameter space sampled with Sobol sequences, not protocol selection",partial: estimates a neuromodulator effect in one species from another species' data; not a held-out evaluation of a testing method,no: no AI-assisted model transformations are studied,"Neuromodulation, https://github.com/Computational-NeuroPSI/Neuromodulation",Maps how biologically motivated parameter changes alter excitability regimes; does not test whether model edits preserve behaviour. NeuroSem could borrow its switching-versus-scaling view when interpreting detected drift.,2,paper,10.1371/journal.pcbi.1013765,https://doi.org/10.1371/journal.pcbi.1013765,"Crossref API (https://api.crossref.org/works/10.1371/journal.pcbi.1013765) metadata and abstract; Europe PMC (PMID 41325433, PMC12680334) full-text methods; GitHub README via raw.githubusercontent.com confirming linkage to the paper.","Europe PMC: '""electrophysiological features"" AND ""stimulus protocols"" AND model validation' [fallback source used because arXiv/OpenAlex were rate-limited]",deepread_r1_b30.json
"Makarov R., Chavlis S., Poirazi P. (2025). DendroTweaks, an interactive approach for unraveling dendritic dynamics. eLife 13:RP103324.",2025,multicompartmental conductance-based single-cell models with active dendrites (NEURON MOD + SWC; Jaxley backend demonstrated),"no; manual parameter edits (e.g., HCN block as 80% conductance reduction, removing sodium channels) illustrate mechanisms, not systematic single-fault injection.","yes; built-in semi-automated protocols: hyperpolarizing steps, depolarizing steps, f-I current series, synaptic input series, somatic and dendritic injection.","yes; time constant, input resistance, sag ratio, AP amplitude/half-width, firing rate, f-I curve, dendritic nonlinearity; own implementation, eFEL not used.",no; users choose protocols and stimulus parameters; no search for compact or discriminating protocol sets.,"no; demonstrations on three replicated published models (Park 2019, Poirazi 2003, Hay 2011); no discovery/held-out split.",no; no AI-generated or agent-performed model edits are evaluated.,DendroTweaks https://github.com/Poirazi-Lab/DendroTweaks (PyPI dendrotweaks 0.5.2; library code MPL-2.0 from v0.5.0),"Offers visual before/after trace comparison for channel standardization, morphology reduction and NEURON-vs-Jaxley runs, but no calibrated automatic divergence detection, mutants, protocol selection or held-out evaluation; not NeuroML/LEMS based.",2,paper,10.7554/eLife.103324,https://doi.org/10.7554/eLife.103324,"Crossref works API (title, authors, eLife vol 13, RP103324, 2025-12-23); Europe PMC full text PMC12726829 (validation protocols, standardization, Jaxley sections); OpenAlex record; GitHub REST API, README and repo tree; PyPI JSON API.","GitHub search neuron model validation (Poirazi-Lab/DendroTweaks, MPL-2.0); DOI in README verified via Crossref works API; PyPI dendrotweaks 0.5.2",deepread_r1_b32.json
"Masilela TAM, D-Kondo N, Shin WG, et al. (2025). TOPAS-nBio-Reg: a regression testing system for track structure simulations in TOPAS-nBio. Physics in Medicine & Biology 70(10):10NT01.",2025,Monte Carlo radiation track-structure and radiolysis chemistry simulation code (TOPAS-nBio / Geant4-DNA),"no - compares real code releases (v2.0, v3.0, v4.0); no seeded faults or mutant generation.","partial - seven tests in paper (13 in repo) spanning physics and chemistry scenarios, e.g. several proton energies; fixed, not neuronal stimulation.","no - domain quantities (LET, G-values, strand breaks) compared point-to-point as percent differences; not electrophysiology.",no - developers chose tests to cover capabilities; no optimisation or selection of tests.,no - version-to-version and reference-data comparison only; no held-out models or fault families.,no - no AI-assisted code changes assessed.,TOPAS-nBio-regression https://github.com/topas-nbio/TOPAS-nBio-regression (GitHub API reports no license); CI tests https://github.com/topas-nbio/qi-topas-nbio,"Scientific-simulation regression across versions using 10 seeded replicate runs and a visual 5% flag. NeuroSem would add controlled mutants, refinement-calibrated per-feature tolerances, optimised multi-protocol batteries and held-out evaluation for neuron models.",2,software,10.1088/1361-6560/add4b9,https://doi.org/10.1088/1361-6560/add4b9,"Crossref api.crossref.org/works/10.1088/1361-6560/add4b9 (title, 9 authors, PMB 70(10):10NT01, issued 2025-05-16); Europe PMC search (PMID 40328284, PMC12232471) abstract; NCBI efetch PMC author-manuscript full text (seeds, 5% threshold, pass/fail CI tests); GitHub REST API repo metadata and README for topas-nbio/TOPAS-nBio-regression.",PubMed E-utilities 'regression testing[tiab] AND software'; Europe PMC regression-testing query,deepread_r1_b21.json
"NeuroML organisation, GitHub; README contributors include Ankur Sinha, Padraig Gleeson, et al. (2025). Neuro-Klea: Knowledge vaLidated Expert AI assistant for neuroscience. GitHub repository NeuroML/neuroklea.",2025,AI coding/RAG assistant for NeuroML/LEMS models (not a model-testing framework),no - README and MCP tool source show no mutant generation or fault seeding.,no - MCP tool only runs a user-supplied LEMS file via pynml/jLEMS; no stimulation battery.,no - no eFEL or feature extraction found in the package file tree.,no - no protocol selection of any kind.,no - no evaluation design described; the agent's evaluator node only checks whether plan steps are finished.,"partial - LLM agent generates and edits NeuroML code and runs simulations, but does not test whether edits preserve behaviour.","Neuro-Klea (agent_pkg, rag_pkg, mcp_pkg) https://github.com/NeuroML/neuroklea ; docs https://neuroklea.org ; GPL-3.0 per GitHub API","Klea creates and edits NeuroML with AI; NeuroSem would add an independent, multi-protocol behavioural drift test for such edits. The two could complement each other.",2,software,,https://github.com/NeuroML/neuroklea,"GitHub REST API repo record (created 2025-08-07, pushed 2026-09-11, GPL-3.0); root, agent_pkg and mcp_pkg Readme.md files; mcp_pkg/neuroml_mcp/tools/neuroml_tools.py and agent_pkg/.../evaluator.py source via gh api; neuroklea.org landing page (WebFetch).",GitHub search org:NeuroML validation,deepread_r1_b33.json
"NeuroML organisation; contributors Sinha, A., Gleeson, P., Khandelwal, K., et al. (2025). neuroklea (formerly NeuroML/neuroml-ai): Knowledge vaLidated Expert AI assistant for neuroscience. GitHub repository.",2025,"LLM agent and RAG assistant with a NeuroML MCP tool server (tooling for NeuroML/LEMS models, not a model-checking method)",no - no mutation operators or recorded single-fault variants; the agent creates or edits code and models on user request.,no - exposes a single run-LEMS-simulation tool (pynml/jLEMS); no stimulation battery or protocol set found in inspected files.,no - no eFEL or feature-extraction code found in the repository file tree or NeuroML MCP tool module.,no - nothing on choosing or minimising stimulation protocols.,no - agent evaluator node only checks plan-step completion (marked WIP); no model-behaviour benchmark found.,"yes - LangGraph coding agent with MCP tools (NeuroML template creation, LEMS runs, NeuroML-DB/OSB lookup, sandboxed Python) can generate or modify models.","neuroklea https://github.com/NeuroML/neuroklea (GPL-3.0 per GitHub API; CHANGELOG says agent and MCP packages are unreleased WIP, tagged releases cover klea_utils/klea_rag only)",A producer of AI-assisted NeuroML edits rather than a checker; NeuroSem would test whether such edits silently change behaviour using calibrated multi-protocol feature fingerprints.,2,software,,https://github.com/NeuroML/neuroklea,"GitHub REST API repos/NeuroML/neuroklea (description, created 2025-08-07, pushed 2026-09-11, GPL-3.0; repos/NeuroML/neuroml-ai resolves to NeuroML/neuroklea); git trees API file listing; README, CHANGELOG.md, mcp_pkg and agent_pkg READMEs via raw.githubusercontent.com; source of mcp_pkg/neuroml_mcp/tools/neuroml_tools.py and agent_pkg/klea_agent/nodes/evaluator.py.",Repository linked from Sinha blog; GitHub REST API redirect from NeuroML/neuroml-ai (license GPL-3.0),deepread_r1_b12.json
"Ogino M, Sekizawa D, Kitazono J, et al. (2025). Designing optimal perturbation inputs for system identification in neuroscience. bioRxiv (preprint).",2025,Linear dynamical (first-order VAR-type) network models of macroscale neural activity; connectivity-matrix estimation,no - no faults or model edits; the target is estimating a connectivity matrix.,"yes - relates designed perturbations to impulse, step and sinusoidal inputs (TMS, tDCS, tACS analogues) and compares against passive observation.","no - uses state time series and estimation error, not voltage or spike features.",yes - derives inputs that minimise asymptotic connectivity-estimation error through the state covariance.,partial - simulated state classification uses 10-fold cross-validation; no held-out models or fault families.,no - none.,none located (no code or repository link found in the v5 full-text XML),"Conceptual support that perturbations reveal hidden dynamics. NeuroSem targets edit detection in nonlinear single-neuron NeuroML models using current-clamp batteries, mutants and calibrated tolerances, not system identification.",2,preprint,10.1101/2025.03.02.641008,https://doi.org/10.1101/2025.03.02.641008,"Crossref API (posted-content); bioRxiv details API (5 versions, 2025-03-07 to 2026-06-12, CC BY-NC); Europe PMC PPR986244 abstract; v5 JATS XML scanned. Input v2 URL returned HTTP 429, so DOI URL used.",WebSearch site:biorxiv.org (optimal current clamp stimulus protocol design ...; perturbation fingerprint ...),deepread_r1_b20.json
"Plesser HE, Davison AP, Diesmann M, et al. (2025). Building on models-a perspective for computational neuroscience. Cerebral Cortex, 35, bhaf295.",2025,spiking cortical microcircuit network (Potjans-Diesmann) used as a cross-simulator benchmark; perspective/workshop report,no; a perspective report with no fault seeding,"no; discusses reproducing the model's standard activity statistics, not stimulus batteries","partial; describes statistical-level comparison using firing-rate distributions, ISI CV and correlations, since exact numerical matching across simulators is infeasible",no,no,no,"none (discusses NEST, GPU and neuromorphic simulators, the NeuroML 2 version, and OSB Model Validation (OMV) for per-change regression runs; no tool released)","Context only: it motivates statistical correctness benchmarks and OMV-style regression, but for one network benchmark. NeuroSem targets single-cell NeuroML edits with mutation-calibrated, optimised current-clamp batteries and held-out evaluation.",2,paper,10.1093/cercor/bhaf295,https://doi.org/10.1093/cercor/bhaf295,"Crossref works API (16 authors, vol 35, article bhaf295, online 2025-11-09); Europe PMC MED 41206945 abstract; PMC12597029 full text for the benchmark-statistics and OMV discussion","Europe PMC 'NeuroML AND (test OR testing OR validation)', 'pyNeuroML OR jNeuroML', '""OSB Model Validation"" OR ""OMV"" AND NeuroML' | Europe PMC: '(NEURON OR NEST OR Brian2 OR Arbor) AND simulator AND comparison AND neuron'; Europe PMC: 'NeuroML'; Europe PMC: '""Open Source Brain""' (+4 more) [fallback source used because arXiv/OpenAlex were rate-limited] | OpenCitations citations of SciUnit ICSE 2014; Europe PMC citations; Europe PMC lens search",deepread_r1_b18.json
"Sinha A, Gleeson P, Marin B, et al. (2025). The NeuroML ecosystem for standardized multi-scale modeling in neuroscience. eLife 13:RP95135.",2025,"NeuroML v2 / LEMS models at multiple scales (channels, cells, networks); ecosystem/standards overview","no - full text describes schema/LEMS validation, OMV and SciUnit checks; no deliberate fault seeding or mutant generation found.","unclear - ecosystem supports arbitrary LEMS simulations, but the paper proposes no multi-protocol test battery for regression.",partial - OMV checks outputs such as spike times against tolerance; SciUnit/NeuronUnit cited for feature-level biological validation.,"no - optimisation mentioned only for model parameter fitting tools (e.g. BluePyOpt, NeuroTune), not stimulus protocol selection.",no - descriptive ecosystem paper; no held-out models or fault families evaluated.,no - no AI-assisted editing or transformation of models assessed.,NeuroML ecosystem (pyNeuroML/jNeuroML etc.); https://github.com/NeuroML/NeuroML2 ; OMV https://github.com/OpenSourceBrain/osb-model-validation,"Describes the layered validation cascade NeuroSem would build on (schema, LEMS, OMV tolerance checks, SciUnit). NeuroSem would add seeded single-fault mutants, refinement-calibrated tolerances, multi-protocol fingerprints and greedy battery selection evaluated on held-out models and mutation families.",2,paper,10.7554/eLife.95135,https://doi.org/10.7554/eLife.95135,"Crossref api.crossref.org/works/10.7554/eLife.95135 (title, 11 authors, eLife vol 13, RP95135, issued 2025-01-10, preprint relation 10.1101/2023.12.07.570537); Europe PMC search (PMID 39792574, PMC11723582) and fullTextXML read for OMV/tolerance/SciUnit/NeuronUnit passages.","WebSearch (Scholar fallback) 'NeuroML mutation testing neuron model'; metadata verified via Crossref api.crossref.org/works | PubMed 'NeuroML'; Europe PMC 'pyNeuroML OR jNeuroML' and '""OSB Model Validation"" OR ""OMV"" AND NeuroML'; bioRxiv preprint 10.1101/2023.12.07.570537 | OpenAlex search 'NeuroML 2 language' / 'pyNeuroML' / 'SciUnit NeuronUnit' (multiple eLife version records .1, .2 and base DOI) | Europe PMC: 'reproducibility AND ""neuron models"" AND (simulator OR NeuroML)'; Europe PMC: 'NeuroML'; Europe PMC: '""Open Source Brain""' (+8 more); metadata confirmed via Crossref /works/<doi> [fallback source used because arXiv/OpenAlex were rate-limited] | Crossref bibliographic query (NeuroML ecosystem); verified via Crossref works API | OpenAlex search (anchor; several eLife version records); Europe PMC citations; Semantic Scholar DOI lookup returned 404 | WebSearch 'NeuroML mutation testing'; PubMed NeuroML query; Europe PMC; Crossref | WebSearch 'NeuroML mutation testing'; Crossref; Europe PMC; verified via Crossref /works",deepread_r1_b0.json
"Smith LP, Malik-Sheriff RS, Nguyen TVN, et al. (2025). Verification and reproducible curation of the BioModels repository. PLOS Computational Biology, 21(12), e1013239.",2025,SBML ODE systems-biology models (curated BioModels entries) with SED-ML simulation-experiment descriptions,"no - the errors found in SED-ML files, models, wrappers and engines were pre-existing; no faults were deliberately seeded.","partial - each model gets a template SED-ML and, where curated, a full SED-ML experiment; there is no designed perturbation battery.","no - compares raw numeric outputs across engines using numpy allclose (relative tolerance 1e-4, range-scaled absolute tolerance).",no - no selection of experiments or tests is described.,no - verification covers the whole repository; there is no discovery/held-out split.,no - curation used Python scripts and GitHub Actions; no AI agents are evaluated.,"https://github.com/sys-bio/temp-biomodels (GitHub API: exists, last push 2025-07-01); https://github.com/biosimulations/biosimulations-runutils (named in the paper, not API-checked)","Checks agreement across five engines for about a thousand systems-biology models under one fixed tolerance. NeuroSem would detect edit-induced behaviour change in neuron models using feature fingerprints, refinement-calibrated tolerances, seeded mutants, and held-out-evaluated battery selection.",2,paper,10.1371/journal.pcbi.1013239,https://doi.org/10.1371/journal.pcbi.1013239,"Crossref works API (17 authors, PLOS Comput Biol 21(12) e1013239, issued 2025-12-04); Europe PMC REST (PMID 41343683, PMC12677764, abstract) and Europe PMC fullTextXML (methods: engines, tolerance rule, repos); GitHub REST API for sys-bio/temp-biomodels.",PubMed E-utilities 'BioModels[tiab] AND curation[tiab] AND reproducibility'; Europe PMC NeuroML testing query; bioRxiv preprint 10.1101/2025.01.16.633337 | WebSearch site:ieeexplore.ieee.org testing ODE simulators systems biology SBML verification (PMC link); verified via Crossref (bioRxiv 10.1101/2025.01.16.633337),deepread_r1_b4.json
"Straubinger P, Kreis M, Lukasczyk S, et al. (2025). Mutation Testing via Iterative Large Language Model-Driven Scientific Debugging. 2025 IEEE International Conference on Software Testing, Verification and Validation Workshops (ICSTW), pp. 358-367.",2025,general software (modules from ten open-source Python projects),"yes - Cosmic Ray generates mutants; up to 1,000 sampled per project; LLMs try to kill mutants or argue equivalence.",partial - generated tests supply varied program inputs per mutant; no physical stimulation protocols.,no - assertions on generic program outputs; mutation score and code coverage as metrics.,partial - iteratively refines individual tests until a mutant is killed; no budgeted selection of a compact test battery.,no - compares four approaches on the same ten projects; no held-out model or mutation-family split found.,"partial - LLMs generate and refine tests, not model or code transformations whose behaviour preservation is checked.",Replication package - https://doi.org/10.6084/m9.figshare.28550855 (CC-BY-4.0 per DataCite); baselines use Pynguin https://github.com/se2p/pynguin and Cosmic Ray,"Uses mutants to assess and drive LLM test generation for generic Python code. NeuroSem applies mutant-based adequacy to neuron models, with electrophysiology features, numerical tolerances, greedy protocol selection and held-out generalisation.",2,paper,10.1109/icstw64639.2025.10962485,https://doi.org/10.1109/icstw64639.2025.10962485,"Crossref https://api.crossref.org/works/10.1109/icstw64639.2025.10962485 (metadata, pages); Semantic Scholar Graph API DOI:10.1109/ICSTW64639.2025.10962485 (abstract); arXiv https://arxiv.org/abs/2503.08182 (authors/date) and PDF full text (subjects, Cosmic Ray, equivalent-mutant handling); DataCite https://api.datacite.org/dois/10.6084/m9.figshare.28550855.",WebSearch site:ieeexplore.ieee.org mutation testing scientific software simulation models; verified via Crossref | Crossref 'mutation testing scientific software'; DataCite (arXiv); verified via Crossref + DataCite abstract,deepread_r1_b28.json
"Yan, S., & Zhu, H. (2025). Metamorphic Testing on Scientific Programs for Solving Second-Order Elliptic Differential Equations. Software Testing, Verification and Reliability, 35(1), e1912.",2025,scientific computing programs solving second-order elliptic PDEs (general scientific software without exact oracles),"unclear - abstract reports detection of faults common in scientific programs; full text blocked, so fault-seeding method (e.g. mutants) unverified",partial - metamorphic relations derived from the numerical model generate related follow-up test inputs; no stimulation protocols,no - PDE solver outputs checked against metamorphic relations; no electrophysiology,no - abstract describes deriving metamorphic relations and a testing process; no test-set selection under a budget reported,unclear - full text inaccessible (Wiley 403); abstract only reports comparison against the trend method,no - no AI-generated or AI-edited programs mentioned in abstract,none,"Oracle here is formally derived metamorphic relations for PDE solvers. NeuroSem uses differential comparison of a transformed neuron model against its reference over current-clamp protocols, with tolerances calibrated by time-step refinement, plus greedy protocol selection and held-out models/mutation family. Metamorphic testing of scientific software is not NeuroSem's novelty.",2,paper,10.1002/stvr.1912,https://doi.org/10.1002/stvr.1912,"Crossref works API (title, 2 authors, vol 35 issue 1, article e1912, published online 2024-12-22, print issue 2025-01, abstract, reference list); OpenAlex works API (metadata consistent, hybrid OA); Wiley landing and full-text pages returned HTTP 403 to curl and WebFetch",Crossref 'metamorphic testing scientific simulation software'; verified via Crossref abstract,deepread_r1_b42.json
"Zhang, J., Ghobari, D., Sabetzadeh, M., et al. (2025). Simulink Mutation Testing using CodeBERT. 2025 IEEE/ACM International Conference on Automation of Software Test (AST), 24-28.",2025,Simulink / Stateflow models (Lockheed Martin benchmark plus FIM tool examples),yes - generates compilable Simulink mutants by masking model-text tokens and substituting CodeBERT predictions; compares against rule-based FIM mutants.,partial - mutants are exercised by test cases from a reference test suite per model; stimuli are not designed or varied systematically.,"no - kill criteria are output differences (classical) or requirement violations (requirements-aware), not biophysical features.","partial - selects a minimal test subset killing each tool's mutants, but only as an instrument for comparing mutant generators.","partial - tests selected using one generator's mutants are scored on the other generator's mutants (cross-family), but no held-out models.",partial - a fine-tuned language model generates the faults; no evaluation of AI coding agents editing models.,none (no code or data link found in arXiv 2501.07553 full text),"Focuses on learned mutant generation for block diagrams. NeuroSem uses curated single-fault NeuroML/LEMS operators, stimulus-protocol selection, feature tolerances and held-out models; cross-generator test transfer is a useful design precedent.",2,paper,10.1109/ast66626.2025.00009,https://doi.org/10.1109/ast66626.2025.00009,"Crossref works API (metadata, pages); OpenAlex and Semantic Scholar API (abstract, arXiv id); arXiv abs page and full-text PDF read.",WebSearch site:dl.acm.org mutation analysis Simulink models signal features (arXiv 2501.07553 link); verified via Crossref,deepread_r1_b26.json
rhkrohan [GitHub user; individual authors unverified] (2025). NeuroForgeAI: end-to-end computational neuroscience toolkit for building optimized biophysical neuron models from experimental recordings. GitHub.,2025,morphologically detailed NEURON e-model (SWC morphology + HH-type MOD channels) fitted to recordings with BluePyOpt/BluePyEFE,"partial; sensitivity script varies each parameter +/-20% and records feature changes; exploratory sensitivity, not recorded single-fault mutants with detection classification.","yes; scripts implement step families, ramp, three-pulse burst and sine stimulation; README also describes noise injection.","yes; README lists eFEL/BluePyEFE features (spike count, AP amplitude, ISI, adaptation, sag); some test scripts use simple threshold spike counts.","no; CMA-ES optimizes model parameters, not the choice of test protocols.","unclear; README claims validation on held-out data and independent protocols, but inspected model_evaluation.py shows no train/test split logic.","no; despite the name, inspected README and scripts evaluate no AI-performed model edits or translations.","NeuroForgeAI https://github.com/rhkrohan/NeuroForgeAI (README states MIT, but no LICENSE file; GitHub API license null)","A small fitting pipeline whose multi-stimulus and sensitivity checks assess fit quality of one model. NeuroSem tests behaviour preservation after edits/translations with refinement-calibrated tolerances, mutant classification, protocol selection and held-out splits.",2,software,,https://github.com/rhkrohan/NeuroForgeAI,"GitHub REST API repo metadata, tree and contributors; raw README.md, model_evaluation/README.md, model_evaluation.py, scripts/sensitivity_analysis.py, advanced_stimulation_tests.py, ci.yml; LICENSE URL returned 404.",GitHub search neuron model validation,deepread_r1_b32.json
"Cohen, I., Yu, H., McDougal, R. A. (2026). All Models are Wrong, Some are Annotated: Automating Metadata in Biomedical Repositories. bioRxiv (openRxiv) preprint.",2026,ModelDB NEURON ion-channel/receptor mechanism source files (MOD files); LLM metadata classification,"no - existing ModelDB files are only classified; no edits, mutants or translations are generated.","no - baseline features come from one standardized three-step voltage-clamp protocol, not a battery of stimuli.","partial - XGBoost baseline uses summary statistics of simulated voltage-clamp traces (extrema, initial/final values, time-to-90% activation/recovery); not eFEL current-clamp features.",no - single fixed protocol; no protocol selection or search.,"yes - 253 of 1,100 annotated files held out for testing (stratified by subtype); held-out annotation labels, not held-out models for behavioural testing.","no - LLMs (GPT-5.2, GPT-mini) annotate mechanism labels from source code; they do not edit or transform models.",mod-annotation https://github.com/innacohen/mod-annotation,"Uses simulation only as features for metadata classification of unmodified mechanisms. NeuroSem instead detects behavioural drift after transformations via mutants, calibrated tolerances and optimized current-clamp protocol batteries.",2,preprint,10.64898/2026.04.23.720371,https://doi.org/10.64898/2026.04.23.720371,"Crossref API (api.crossref.org/works/10.64898/2026.04.23.720371: title, authors, openRxiv posted-content, 2026-04-27); Europe PMC REST (PPR1213161, abstract); bioRxiv full text page (biorxiv.org/content/10.64898/2026.04.23.720371v1.full) for methods and code link; GitHub API via gh (repo exists, created 2025-02-23, no license field).",Europe PMC LLM AND (NeuroML OR Open Source Brain OR ModelDB); verified via Crossref + abstract,deepread_r1_b44.json
"Dictus H, Subert E, Romani A, et al. (2026). pyRMV: Reusable, Cross-model Validation for Computational Science. arXiv preprint arXiv:2608.09956.",2026,general computational models; validation suite applied to a mouse primary visual cortex circuit model,no; no fault seeding or mutation analysis described.,partial; validations mainly cover spontaneous activity; stimulus passed as data arguments rather than as a protocol battery.,"partial; population-level properties such as firing rates and connectivity statistics, not single-cell eFEL features.",no; no protocol selection or test minimisation described.,no; no discovery/held-out model split described.,no; no AI-assisted or automated model transformations are studied.,pyRMV https://github.com/HDictus/pyRMV (code link from arXiv HTML; no licence detected by GitHub API; README titled Analysis-neuro),"Model-agnostic validation against experimental data. NeuroSem instead does model-to-mutant regression under current-clamp protocols, with mutant-calibrated battery selection and held-out evaluation.",2,preprint,10.48550/arXiv.2608.09956,https://arxiv.org/abs/2608.09956,"arXiv abstract page and HTML full text (v1 submitted 2026-07-21); DataCite API for DOI 10.48550/arxiv.2608.09956; GitHub REST API (repo, contents, README).","Google Scholar '""NeuronUnit""' and '""SciUnit"" test-driven scientific model validation'; arXiv abstract page | Semantic Scholar API forward citations of SciUnit ICSE 2014, NeuronUnit and HippoUnit; arXiv abs page fetched (arXiv API rate-limited)",deepread_r1_b2.json
"Downing M, Peng M, Granley J, et al. (2026). Fuzzing the brain: automated stress testing for the safety of ML-driven neurostimulation. Journal of Neural Engineering, 23(2), 026004.",2026,Deep-learning stimulus encoders for retinal and cortical visual prostheses (ML models mapping images to electrode stimulation); not biophysical neuron models,partial: coverage-guided fuzzing randomly perturbs input images (called mutations); no single-fault operators applied to model code or parameters,"partial: many perturbed input images explored; stimulation patterns are the outputs being checked, not protocols probing a neuron model","no: outputs checked against biophysical safety limits (charge density, instantaneous current, electrode co-activation), not voltage-trace features","partial: coverage metrics steer which test inputs are kept; test-generation guidance, not budgeted selection of a compact battery",partial: seeds from training distribution plus ImageNet probe generalization; compared with neuron-coverage and random baselines; no held-out model split,no: systems under test are trained ML encoders; no AI-assisted editing or translation of models is evaluated,"safety_violation_fuzzing_visual_prostheses, https://github.com/mara-downing/safety_violation_fuzzing_visual_prostheses","Shares a software-testing lens in neuroengineering but targets safety-limit violations of ML encoder outputs. NeuroSem instead tests behaviour preservation of edited conductance-based models via current-clamp fingerprints, mutants and held-out protocol selection.",2,paper,10.1088/1741-2552/ae4927,https://doi.org/10.1088/1741-2552/ae4927,"Crossref API (https://api.crossref.org/works/10.1088/1741-2552/ae4927) for metadata and abstract; Europe PMC full text PMC12961644 (methods: fuzzing algorithm, seed sets, baselines, code link); repository URL returned HTTP 200.",Europe PMC: 'stimulation protocol selection neuron model validation' [fallback source used because arXiv/OpenAlex were rate-limited] | Europe PMC 'active learning stimulus selection distinguish neuron models'; Crossref; abstract via Europe PMC,deepread_r1_b30.json
"Gnanaraj V (2026). A Semi-Analytical Verification Framework for Pospischil-Type Cortical Neuron Models: Parameter Estimation, Independent Cross-Validation, and a Mouse-Human Comparison. Research Square (preprint, not peer reviewed).",2026,"Pospischil-type regular-spiking conductance-based single-compartment model with M-current, fitted to Allen Cell Types recordings (custom Python)",no; a real unit bug (factor 1000) was found incidentally via cross-solver comparison; no systematic fault injection.,unclear; abstract mentions matched input current per specimen; protocol set not described in abstract or landing page.,"partial; uses spike count, first-spike latency and adaptation strength plus trace RMSE and correlation; eFEL not mentioned.","no; optimisation targets model parameters, not stimulus protocols.","no; extends pipeline to a human specimen, but no held-out evaluation of a detection method.",no; no AI-generated edits studied (JIT compilation is a performance step).,none (no code repository linked on Research Square landing page),"Detects numerical faults by independent-solver cross-checking of one model; NeuroSem would target edit-induced drift with a calibrated multi-protocol feature battery, injected mutants and held-out models.",2,preprint,10.21203/rs.3.rs-10978243/v1,https://doi.org/10.21203/rs.3.rs-10978243/v1,"Crossref works API (posted-content, Research Square, abstract); Europe PMC preprint record PPR1316489; OpenAlex work record; Research Square landing page (CC BY 4.0, preprint status, no code link). Full PDF not read.","Europe PMC '""neuron model"" AND validation AND SRC:PPR' | Crossref bibliographic query (cross-simulator comparison neuron models NeuroML); verified via Crossref works API",deepread_r1_b17.json
"Hough, M. (2026). hnn-jax: differentiable JAX reimplementation of the HNN forward model [software]. GitHub.",2026,"neocortical column network model (HNN / hnn_core on NEURON) producing current-dipole output, reimplemented in JAX/Diffrax",no - no fault seeding; regressions guarded by a ratcheted forward-correlation threshold against the reference.,"partial - Sobol-sampled drive parameters plus zero-drive and graded-drive metamorphic tests; exogenous synaptic drives, not current-clamp protocols.","no - compares dipole waveform correlation and amplitude, not single-cell electrophysiological features.",no - none.,no - oracle comparison over parameter samples; no held-out models or fault families.,unclear - README does not say whether the translation was AI-assisted; linked nsg-agent-kit not examined.,"hnn-jax, https://github.com/m9h/hnn-jax (MIT)","Differential and metamorphic testing of one simulator translation at network-dipole level. NeuroSem targets single-neuron NeuroML edits, calibrates per-feature tolerances by refinement, quantifies detection with controlled mutants and selects protocols. Its report that hnn_core versions give different references supports strict simulator-version pinning.",2,software,,https://github.com/m9h/hnn-jax,"GitHub REST API repo metadata (created 2026-07-27, MIT), README and tests/test_oracle_contract.py via GitHub API, LICENSE (copyright Morgan Hough), GitHub users API for m9h display name. No DOI or paper found.",GitHub search neuron model validation | GitHub search 'neuron model validation tests'; README read via GitHub API,deepread_r1_b7.json
"Kassem, M., Ribeiro, F., Nadi, S. (2026). An Automated Methodology for Generating Labeled Datasets of Semantic Errors in Code. Proceedings of the 3rd International Workshop on Large Language Models For Code (LLM4Code '26), ACM, pp. 14-20.",2026,general software: Python functions from HumanEval and BigCodeBench (LLM-generated-code error study),"yes - GPT-4.1 injects single, isolated semantic bugs into correct code following an established error taxonomy, yielding labelled faulty variants.",unclear - abstract does not say how behavioural change of each seeded bug is confirmed; full text blocked (ACM DL returned a bot page).,no - general Python code; no neural simulation or feature extraction.,no - no selection of test inputs or test suites described in the abstract.,unclear - output is a dataset intended for classifier research; no held-out evaluation described in abstract.,"yes - an LLM (GPT-4.1) is the fault-injection mechanism, motivated by subtle semantic errors in LLM-generated code.",none verified (a labelled Python dataset artifact is described; its location could not be verified because the full text was inaccessible),"Shares only the single-fault seeding principle. NeuroSem would use recorded rule-based operators on NeuroML models, classify equivalence by simulation, and select stimulation protocols for detection.",2,paper,10.1145/3786181.3788730,https://doi.org/10.1145/3786181.3788730,"Crossref works API (title, authors, venue, pages, date; no abstract); OpenAlex and Semantic Scholar APIs (abstract, CC-BY open-access status, DBLP key conf/llm4code/KassemRN26). ACM DL PDF and DBLP search returned bot-challenge pages.",Crossref silent semantic errors LLM code query; verified via Crossref (no abstract),deepread_r1_b43.json
"Kavak, M., Kilincceker, O., Demeyer, S., et al. (2026). Mutation Testing of Simulink Cyber-Physical System Models: Challenges and Solutions in Practice. arXiv preprint arXiv:2608.24250.",2026,"Industrial Simulink/Stateflow control models for building ventilation systems (three pilot models); cyber-physical systems, not neuroscience","yes - MUT4SLX operators (28 Simulink, 18 Stateflow) generated 459 mutants across three models; equivalent mutants identified manually and partly filtered.",partial - existing unit test cases (Signal Builder input scenarios) scored individually and as whole suites; no new stimulus design.,no - mutants counted killed when test assertions trigger; no signal feature extraction.,no - reports single-test-case versus full-suite mutation scores but proposes no test selection or minimization algorithm.,no - experience report on a pilot project; no held-out split.,no - LLM-based Simulink mutant generation by others appears only in related work.,MUT4SLX (tool named in paper; no public repository URL found in retrieved text),"Shares the equivalent-mutant problem that NeuroSem handles via admissibility classification. NeuroSem addresses equivalence empirically (exhaustive battery, refinement tolerances) for neuron models and adds feature fingerprints, protocol selection and held-out evaluation.",2,preprint,10.48550/arXiv.2608.24250,https://arxiv.org/abs/2608.24250,"arXiv abstract page (arxiv.org/abs/2608.24250: citation meta tags, 5 authors, submitted 2026-08-25, comments state acceptance at ASE 2026); DataCite API for 10.48550/arXiv.2608.24250; arXiv PDF read (RQs, mutant counts, equivalent-mutant section). arXiv export API returned 'Rate exceeded'. ACM DOI 10.1145/3832783.3834529 listed on arXiv page is not found on Crossref and doi.org handle API returned not found on 2026-09-13, so arXiv DOI is used.",WebSearch 'mutation analysis SBML systems biology model test suite fault injection'; arXiv abstract page | WebSearch Simulink mutation query; arXiv abstract page metadata,deepread_r1_b3.json
"Korngreen A (2026). Neuronal excitability and parameter variability in the Hodgkin-Huxley model. PLOS Computational Biology, 22(6), e1014458.",2026,"Hodgkin-Huxley squid axon cable model (multi-compartment ODE in custom Python/JAX), not NeuroML","no; Monte Carlo sampling of whole parameter vectors from bootstrap/range distributions, not single recorded fault operators.","partial; one ramped square current pulse shape (70 ms) at several amplitudes; no ramp, rebound or other protocol families.","partial; classifies firing phenotype (non-firing, phasic, regular, spontaneous), firing rate, conduction velocity; custom spike detection, not eFEL.","no; stimulus fixed a priori; Sobol sensitivity ranks parameters, not protocols.",no; single-model ensemble analysis without a discovery/held-out split.,no; no AI-generated edits or translations studied.,"HodgkinHuxleyVariability (custom Python, JAX, Diffrax, SALib) https://github.com/alon67/HodgkinHuxleyVariability (no license declared per GitHub API)",Shows parameter influence is regime- and time-dependent via global sensitivity analysis; NeuroSem instead tests discrete single-fault edits against calibrated tolerances across a selected protocol battery with held-out models.,2,paper,10.1371/journal.pcbi.1014458,https://doi.org/10.1371/journal.pcbi.1014458,"Crossref works API (metadata, abstract); PLOS article page (methods: stimulus, Python/JAX/Diffrax/SALib, data availability); Europe PMC record PMID 42371975 / PMC13336477; GitHub REST API for repository.","Europe PMC '""conductance-based"" AND degeneracy AND (parameter OR sensitivity)'; preprint 10.64898/2025.12.30.696982 listed in same results | OpenAlex: 'NeuroML mutation testing' | Europe PMC citations of NeuroML-DB (2023)",deepread_r1_b17.json
"Korngreen A (2026). Toward Reference-Grade neuron models. Communications Biology, 9.",2026,data-driven biophysical neuron models in general (conceptual),"no; proposes provenance, uncertainty budgets and ensembles; no mutant generation.",partial; argues equivalence shown on restricted protocols is weak and modules should declare stimulus ranges; no battery implemented.,partial; mentions fitting to firing features and validation targets conceptually; no extraction method.,"no; recommends sensitivity analysis as a parameter gate, not protocol selection.",no; position piece with no evaluation.,no; not discussed.,none (cites SciUnit and Uncertainpy as possible tools),"Motivates why restricted-protocol equivalence is weak and why reference models need provenance; NeuroSem would provide an empirical, mutation-calibrated multi-protocol test method, which this Comment does not.",2,paper (Comment / position piece),10.1038/s42003-026-10561-w,https://doi.org/10.1038/s42003-026-10561-w,Crossref works API (metadata); Europe PMC core record PMID 42342835 (type brief-report/Comment) and full text PMC13294341 (body read).,"Europe PMC '""model validation"" AND ""computational neuroscience"" AND (software OR framework)' and '""reference-grade"" AND neuron'; PubMed efetch PMID 42342835",deepread_r1_b17.json
"Li M, Yang X, Liu J, et al. (2026). Domain-Validity-Gated Metamorphic Testing of Scientific ML Surrogates. arXiv preprint arXiv:2606.17529.",2026,"scientific ML surrogates (MeshGraphNets cylinder-flow and airfoil CFD, FNO Burgers/heat PDE surrogates); not neuroscience",partial; an author-implemented 10-mutant seeded-fault catalogue is a secondary stress test of the metamorphic-relation detectors.,"partial; several metamorphic relations (node permutation, mirror symmetry, divergence) act as distinct probes; not electrical stimuli.","no; metrics are flow-field and conservation residuals, not electrophysiology.","unclear; a minimum MR subset audit artifact is mentioned, but no greedy or cost-matched selection was found in the scanned text.","partial; verdicts replicated on held-out trajectories, a checkpoint roster and further architectures; no held-out fault family for a selected test set.",partial; LLM and LLM-simulated-expert candidate relations serve as secondary baselines; no AI edits of models are evaluated.,"replication package https://doi.org/10.5281/zenodo.20702952 (DOI resolves at doi.org; Zenodo record API timed out, so contents and licence are unverified)","Closest on tolerance gating: a relation is admitted only when its tolerance exceeds the operator's O(h) numerical floor. NeuroSem would apply refinement-derived floors to neuron electrophysiology features, adding mutant-calibrated protocol selection and held-out models and families.",2,preprint,,https://arxiv.org/abs/2606.17529,"arXiv abstract page citation meta tags and submission history (v1 2026-06-16); arXiv HTML full text (seeded-fault catalogue, operator-floor sweep, baselines, data availability); doi.org resolution of the Zenodo DOI (302 to Zenodo; record page 504).",WebSearch metamorphic testing scientific simulation query; arXiv abstract page metadata,deepread_r1_b40.json
"Liu, Y., Maini, P. K., & Baker, R. E. (2026). Optimal experiment design for practical parameter identifiability and model discrimination. Mathematical Biosciences, 399, 109710.",2026,"ODE models of population growth (logistic, Richards) plus a linear signalling-pathway model in an appendix; not neuronal","no - discriminates competing model structures or parameter sets, not single-fault edits.",partial - designs a time-varying external control input and compares continuous against bang-bang controls; no fixed protocol battery.,no - population and signalling outputs only.,"yes - optimal control via Pontryagin's Maximum Principle to maximise model discrimination, and profile-likelihood identifiability for design.",no - demonstrated on chosen synthetic model examples; no held-out models or splits seen in arXiv HTML.,no,"MATLAB analysis code, stated location https://github.com/liuyue002/experiment_design (page returned HTTP 200; contents not inspected)","Adjacent optimal-experiment-design precedent for choosing stimuli that separate models. NeuroSem instead selects a discrete, interpretable battery of standard current-clamp protocols by coverage of edit-induced mutants in NeuroML neuron models, with calibrated tolerances and held-out evaluation, rather than continuous optimal control between known candidate models.",2,paper,10.1016/j.mbs.2026.109710,https://doi.org/10.1016/j.mbs.2026.109710,"Crossref works API (authors, Mathematical Biosciences vol 399, article 109710, issued 2026-09); Semantic Scholar API abstract (arXiv 2506.11311, PubMed 42176891); arXiv HTML v1 full text (sections, discussion, code statement).",Crossref bibliographic query (optimal stimulus protocol design neuron model parameter identifiability); verified via Crossref works API | WebSearch hERG model discrimination query; arXiv abstract page metadata,deepread_r1_b34.json
"Mandge D, Tuncel A, Jaquier A, et al. (2026). eFEL: electrophysiology feature extraction library. Bioinformatics 42(6), btag328.",2026,"voltage traces from experimental recordings and simulated neuron models (feature-extraction tool, model-agnostic)",no: library paper; no seeded model faults or mutation analysis in abstract or full text.,partial: accepts traces from any stimulus with user-set stimulus windows; paper does not design or compare stimulation protocols.,yes: standardised definitions for over 90 features with C++ core and Python interface.,"no: no protocol selection; applications cited include model optimisation, not test-battery design.","no: reports benchmarking and usage, no held-out evaluation of a detection method.",no: no AI-assisted model transformation studied.,"eFEL https://github.com/openbraininstitute/eFEL (PyPI efel 5.7.34, LGPLv3; study data Zenodo record 17241835 per abstract)","Component NeuroSem reuses for features; no novelty claimed there. NeuroSem adds protocol batteries, refinement-based tolerances, mutant generation, protocol selection and held-out detection evaluation on top.",2,paper,10.1093/bioinformatics/btag328,https://doi.org/10.1093/bioinformatics/btag328,"Crossref api.crossref.org/works/10.1093/bioinformatics/btag328 (authors, title, vol 42 issue 6, published 2026-05-22, abstract); Europe PMC core record (PMID 42172582, PMC13257855) and full-text XML keyword scan; eFEL README citation block.","Google Scholar '""eFEL"" electrophysiology feature extraction' and WebSearch 'eFEL ... citation Zenodo'; metadata verified via Crossref api.crossref.org/works | PubMed E-utilities 'electrophys feature extraction library eFEL'; Europe PMC 'eFEL AND electrophysiology' | Europe PMC: 'eFEL AND electrophysiology'; Europe PMC: 'BluePyOpt'; Europe PMC: 'software testing computational neuroscience models'; metadata confirmed via Crossref /works/<doi> [fallback source used because arXiv/OpenAlex were rate-limited] | DOI in README of GitHub openbraininstitute/eFEL; verified via Crossref works API | Europe PMC citations of BluePyOpt and NeuroFeatureExtract; Crossref-verified | WebSearch eFEL citation query; Europe PMC (MED:42172582); Crossref | Crossref 'eFEL Electrophys Feature Extraction Library'; Europe PMC; verified via Crossref + abstract; GitHub API: BlueBrain/eFEL archived, openbraininstitute/eFEL active, license NOASSERTION",deepread_r1_b10.json
"Mandge, D., Jaquier, A., Damart, T.P.L., et al. (2026). BluePyEModel (version 1.0.47). Zenodo.",2026,"detailed (morphological) NEURON e-models fitted to patch-clamp data; NEURON-only, not NeuroML","no - parameters vary during optimisation, but no seeded single-fault mutants or valid transformations are described.",yes - runs sets of optimisation protocols and separate validation protocols derived from patch-clamp recordings on each e-model.,yes - extracts e-features via eFEL and BluePyEfe and scores models on them.,"no - optimises model parameters against feature targets; protocols come from data or configuration, not selected for fault detection.",partial - validation step can run protocols not used in optimisation; no held-out models or mutation families for a detection method.,no - none described in README or Zenodo metadata.,"BluePyEModel, https://github.com/openbraininstitute/BluePyEModel (Apache-2.0 per README and DataCite; PyPI bluepyemodel 1.0.47)","Builds and validates e-models against experimental features. NeuroSem compares a transformed NeuroML model with its own reference, calibrates tolerances by numerical refinement, measures detection power with controlled mutants, and selects a compact battery. BluePyEModel/BluePyEfe protocol and feature configurations are reusable inputs.",2,software,10.5281/zenodo.19593077,https://github.com/openbraininstitute/BluePyEModel,"DataCite API for 10.5281/zenodo.19593077 (creators, version 1.0.47, issued 2026-09-09, Apache-2.0); CITATION.cff (date-released 2023-08-25) and README via GitHub REST API; GitHub repo metadata (license API reports NOASSERTION); PyPI JSON (1.0.47 uploaded 2026-09-09, requires Python >=3.11; examples CC-BY-NC-SA per license text).",GitHub search bluepyemodel; CITATION.cff; DataCite API; PyPI JSON bluepyemodel 1.0.47; site:pypi.org WebSearch,deepread_r1_b7.json
"Omote M (2026). Silent numerical failures in large language model-generated pharmacokinetic simulation code: a benchmark against target-controlled infusion validation criteria using the Marsh propofol model. medRxiv (preprint, not peer reviewed).",2026,"Three-compartment pharmacokinetic ODE (Marsh propofol model), with Python simulation code written by LLMs",no - errors arise naturally in LLM-written code; no seeded fault operators.,no - single standardized 120-minute bolus-plus-infusion dosing regimen.,"no - plasma concentration accuracy metrics (MDPE, MDAPE, Wobble); not neurons.",no - no selection of dosing regimens or tests.,no - benchmarks 200 runs from five LLMs over two prompt phases against one reference; no held-out split.,"yes - LLM-generated simulation code; reports runs that execute but diverge silently (unit/time-scale, duplicated-bolus bugs).",none identified,"Relevant only to RQ7, the AI lens. NeuroSem's optional agent case study would test isolated edits to neuron models with a hidden multi-protocol battery, not code written from scratch and checked under one regimen.",2,preprint,10.64898/2026.04.27.26351582,https://doi.org/10.64898/2026.04.27.26351582,"Crossref works API (posted-content, institution medRxiv, CC BY 4.0, abstract); bioRxiv/medRxiv details API (title, author, affiliation, 2026-04-28, v1, health informatics); Europe PMC REST search (record present).",Crossref 'silent semantic errors code generated by large language models'; Europe PMC; verified via Crossref + Europe PMC abstract,deepread_r1_b8.json
"Open Brain Institute (2026). eFEL: electrophysiology feature extraction library (efel 5.7.34). PyPI / GitHub. Associated paper: Mandge, D., Tuncel, A., Jaquier, A., et al. (2026). eFEL: electrophysiology feature extraction library. Bioinformatics, 42(6). doi:10.1093/bioinformatics/btag328.",2026,feature-extraction library for neuronal voltage time series (in vitro and in silico); not a model,no,partial - accepts many traces with stimulus start/end windows but does not define or run stimulation protocols.,"yes - extracts standard features (e.g. AP amplitude, AP width, baseline voltage) with a C++ core and Python wrapper.",no,no - not applicable to a feature library.,no,"eFEL https://github.com/openbraininstitute/eFEL ; PyPI efel 5.7.34 (uploaded 2026-08-25), LGPLv3 per PyPI classifier; LICENSE.txt says examples and tests are BSD-licensed","Component NeuroSem plans to reuse, pinned to a recorded version; no novelty is possible for feature extraction. NeuroSem would add protocol execution, refinement-calibrated tolerances, mutant generation and classification, protocol selection, and held-out evaluation on top of it.",2,software,,https://github.com/openbraininstitute/eFEL,"PyPI JSON API (version, license, homepage, author, requires_python >=3.10); raw GitHub README.md and LICENSE.txt (GitHub REST API rate-limited, 403); Crossref works API for 10.1093/bioinformatics/btag328 (8 authors, Bioinformatics 42(6), 2026). README lists Zenodo concept DOI 10.5281/zenodo.19604220, but the Zenodo API returned 504 twice, so that DOI is unverified.",PyPI JSON API https://pypi.org/pypi/efel/json (license LGPLv3; homepage github.com/openbraininstitute/eFEL); earlier Zenodo versions surfaced in OpenAlex search (e.g. 10.5281/zenodo.30074 'eFEL 2.6'),deepread_r1_b34.json
"Pierpoint, G.B., Liu, Y. (2026). Numerical Validation for Cell-Matched Neuronal Model Replay (version 0.2.1). Zenodo.",2026,Allen Cell Types cell-matched neuron models (perisomatic biophysical and GLIF) replayed with recorded stimuli; synthetic current-delivery benchmark,"partial - compares playback methods, solver steps and equilibration durations as analysis conditions; no single-fault mutant generation or classification.",yes - five synthetic waveforms plus Allen recording selections (e.g. Long Square) across 72 condition-specific cases.,"partial - spike count, first-spike latency and steady-state voltage errors; no broader eFEL feature battery.",no - no protocol selection or battery optimisation.,partial - one method-development cell kept apart from five evaluation cells; README explicitly disclaims held-out prediction claims.,no - no AI-assisted transformations described in README or methodology document.,"neuronal-model-replay-validation, https://github.com/blakepi/neuronal-model-replay-validation (MIT)","Checks numerical fidelity of stimulus delivery and initial-state equilibration in model replay, not detection of behaviour changes after model edits. Its solver-step refinement, material-change thresholds and never-zero non-evaluable outcomes closely parallel NeuroSem tolerance and undefined-feature rules; cite it there. No mutants or protocol selection.",2,software,10.5281/zenodo.21483417,https://github.com/blakepi/neuronal-model-replay-validation,"DataCite API for 10.5281/zenodo.21483417 (creators, v0.2.1, issued 2026-07-21, MIT); CITATION.cff, README and docs/METHODOLOGY_AND_SCOPE.md via GitHub REST API (solver steps 0.025-0.0025 ms, 0.025 ms / 0.5 mV material-change criteria, reason-coded non-evaluable outcomes); repo created 2026-07-22. Manuscript anonymous; no paper DOI found.",GitHub search neuron model validation; DOI badge in README; DataCite API; also DataCite Zenodo query neuronal model replay validation,deepread_r1_b7.json
"Ranjan R, Van Geit W, Moor R, et al. (2026). eFEL (version 5.7.23). Zenodo.",2026,electrophysiology feature extraction from voltage traces (in vitro and in silico),no; an analysis library with no model mutation.,no; it extracts features from traces the user supplies and does not design or run stimulation protocols.,"yes; extracts user-selected features such as action-potential amplitude and width (C++ core, Python wrapper).",no; not addressed.,no; this is a software record.,no; not addressed.,"eFEL (LGPL per LICENSE.txt, with examples and tests BSD; LGPL-3.0-only in DataCite) https://github.com/openbraininstitute/eFEL; PyPI and GitHub latest release 5.7.34","A dependency NeuroSem would reuse for fingerprint features. NeuroSem adds protocol execution, tolerance calibration, mutants, protocol selection and held-out evaluation. Note: this DOI is the v5.7.23 record, while the current release is 5.7.34. The README asks users to cite Mandge et al. (2026), Bioinformatics 42(6), doi:10.1093/bioinformatics/btag328 (Crossref-verified).",2,software,10.5281/zenodo.19631743,https://doi.org/10.5281/zenodo.19631743,"DataCite API for 10.5281/zenodo.19631743 (title 'eFEL', v5.7.23, creators, issued 2026-04-17, LGPL-3.0-only, IsVersionOf 10.5281/zenodo.19604220, whose DataCite record lists HasVersion links); PyPI JSON (5.7.34); GitHub API via gh (latest release 5.7.34); raw README and LICENSE.txt; Crossref for the eFEL Bioinformatics paper.","OpenAlex search 'Electrophys Feature Extraction Library eFEL' (many Zenodo version DOIs returned, including an older 'eFEL 2.6' record 10.5281/zenodo.30074 dated 2015)",deepread_r1_b22.json
"Rössert C, Van Geit W, Iavarone E, et al. (2026). BluePyEfe (version 2.3.63). Zenodo. https://doi.org/10.5281/zenodo.19591682",2026,experimental intracellular voltage recordings (patch-clamp traces) used as feature targets for detailed neuron model building with BluePyOpt,no - extracts features from recordings; no model edits or seeded faults.,yes - handles several named protocols per cell; amplitudes are expressed as a percentage of each cell's rheobase.,yes - extracts eFEL e-features and averages them across equivalent traces and cells.,no - protocols and features are user-configured; no selection of an informative subset.,no - no model or fault held-out evaluation; it is a data-processing tool.,no - no AI-generated or AI-edited models.,BluePyEfe - https://github.com/openbraininstitute/BluePyEfe (LGPL-3.0 per DataCite and PyPI classifier; PyPI 2.3.63),"Reusable component: multi-protocol, rheobase-normalised eFEL feature targets from data. NeuroSem compares a model against its edited version and adds mutants, tolerance calibration, protocol selection and held-out evaluation.",2,software,10.5281/zenodo.19591682,https://github.com/openbraininstitute/BluePyEfe,"DataCite API api.datacite.org/dois/10.5281/zenodo.19591682 (title, 11 creators, publicationYear 2026, version 2.3.63, LGPL-3.0); raw CITATION.cff (same author list, date-released 2020-03-01) and README.rst (rheobase-normalised protocol equivalence, pseudo-code); GitHub REST API repo JSON; PyPI JSON (2.3.63 uploaded 2026-08-24; first release 0.1.3 in 2020).",GitHub search bluepyefe; CITATION.cff; DataCite API; PyPI bluepyefe 2.3.63,deepread_r1_b31.json
"Sinha A (2026). Building an AI Assistant for Computational Modelling with NeuroML. ankursinha.in (blog post, 30 January 2026).",2026,NeuroML model components generated or queried with LLM agents (general NeuroML),no - no mutation or perturbation of models described.,no - post describes no simulation-based behavioural checks of generated models.,no - none described.,no - not addressed.,no - post reports no quantitative evaluation; model generation is described as work in progress.,"partial - agentic LLM workflow iteratively generates NeuroML components checked by schema validation; generation of new models, not edits of existing ones.",neuroml-ai (GitHub URL now redirects to NeuroML/neuroklea) https://github.com/NeuroML/neuroklea (GPL-3.0 per GitHub API; last push 2026-09-11),"Shows LLM-generated NeuroML exists and is checked structurally. NeuroSem would supply behavioural checks (multi-protocol feature comparison against a reference with calibrated tolerances) that could reveal drift invisible to schema validation. The current neuroklea MCP server lists model validation and sandboxed code execution, so whether it now simulates generated models is unverified.",2,other,,https://ankursinha.in/2026/01/30/building-an-ai-assistant-for-computational-modelling-with-neuroml.html,"Blog page fetched directly (title, author, date 30 January 2026, content); GitHub REST API api.github.com/repos/NeuroML/neuroml-ai (301 redirect to NeuroML/neuroklea, created 2025-08-07, GPL-3.0); neuroklea root README and mcp_pkg/agent_pkg Readme.md via GitHub contents API (the blog's code_ai_pkg path is not in the current repo listing).",WebSearch 'LLM assistant NeuroML neuron model creation evaluation 2025 2026',deepread_r1_b11.json
"Sinha A, Gleeson P, Pandey A, et al. (2026). NeuroML/pyNeuroML: v1.3.22. Zenodo.",2026,"general tooling for NeuroML2/LEMS neuron and network models (reading, writing, validating, simulating, exporting)","no; provides validation, simulation and export functions, but no mutation generation or fault seeding.",partial; the analysis helper generate_current_vs_frequency_curve simulates a cell over a range of step current amplitudes.,"partial; produces firing-rate (IF) and IV curves, and analyse_spiketime_vs_dt compares spike times across time steps; no eFEL-style feature battery.","no; a 'tune' extra exists for parameter tuning or fitting, but nothing selects stimulation protocols for fault detection.","no; this is a software release, not an evaluation study.",no; no AI-assisted model editing.,"pyNeuroML v1.3.22 (LGPL-3.0-only per PyPI and DataCite; GitHub latest release v1.3.22, 2026-06-02) https://github.com/NeuroML/pyNeuroML; Zenodo concept DOI 10.5281/zenodo.5744044","A core dependency, not a competitor. NeuroSem would call validators.validate_neuroml2, run_lems_with_jneuroml and the jNeuroML exports, and add single-fault mutants, multi-protocol eFEL fingerprints, dt-refinement tolerance calibration, greedy protocol selection and held-out evaluation. analyse_spiketime_vs_dt is a partial precedent for the refinement step.",2,software,10.5281/zenodo.20513275,https://doi.org/10.5281/zenodo.20513275,"DataCite API for 10.5281/zenodo.20513275 (title, creators, version, license, IsVersionOf concept DOI 10.5281/zenodo.5744044); PyPI JSON (1.3.22, LGPL-3.0-only); GitHub API via gh (license, latest release); raw README, pyneuroml/validators.py, runners.py and analysis/__init__.py from GitHub master.","OpenAlex search 'pyNeuroML' | GitHub org:NeuroML search + DOI badge in pyNeuroML README; DataCite API; PyPI JSON (pyneuroml 1.3.22) | OpenAlex search 'pyNeuroML' (work W7163174990); PyPI JSON API https://pypi.org/pypi/pyNeuroML/json (1.3.22, LGPL-3.0-only); Zenodo API timed out",deepread_r1_b22.json
"Tewari, J., Dahl, B. W., Bates, B. A., et al. (2026). Benchmarking biochemical networks generated by large language models. eLife, 15, RP109709.",2026,Logic-based ODE signalling network models (Netflux) and core E. coli metabolic network models,no - compares LLM-generated networks to curated references; no seeded single faults.,"partial - scores predicted responses to many network perturbations and substrates; biochemical inputs, not electrical stimuli.","no - reaction recall, confusion matrices and perturbation-response accuracy.",no - perturbation sets taken from prior validated models; no selection.,partial - references validated against independent experimental data; no discovery/held-out split for a method.,"yes - three general-purpose LLM families generate models from gene lists, 10 replicates each, benchmarked structurally and behaviourally.",LLM-network-generation https://github.com/saucermanlab/LLM-network-generation (MIT per GitHub API),"Benchmarks AI generation of systems-biology networks against ground truth; NeuroSem would target edits of existing neuron models, detecting silent electrophysiological drift with mutation-calibrated protocol batteries; its AI study is secondary and isolated.",2,paper,10.7554/elife.109709,https://doi.org/10.7554/elife.109709,"Crossref works API; Europe PMC (PMID 42535653, PMC13427342) abstract and full-text XML (methods: prompting, replicates, Netflux conversion, data availability); GitHub API",Europe PMC search (LLM AND NEURON simulator/NeuroML/biophysical neuron model/Hodgkin-Huxley) | Europe PMC LLM/AI agent + systems biology model generation; verified via Crossref + abstract,deepread_r1_b36.json
"Tomko M, Lupascu CA, Filipova A, et al. (2026). Functionally convergent but parametrically distinct solutions: Robust degeneracy in a population of computational models of early-birth rat CA1 pyramidal neurons. bioRxiv (preprint).",2026,"Populations of biophysically detailed multicompartment CA1 pyramidal neuron models (NEURON/BluePyOpt), 10 morphologies",no: generates many parameter sets by optimisation; no deliberate single-fault mutants of a reference model,"yes: short depolarising pulses, prolonged depolarising steps and hyperpolarising steps at several amplitudes",yes: 182 somatic e-features extracted with BluePyEfe constrain the optimisation,"no: optimises model parameters (CMA-ES), not the choice of stimulation protocols","partial: features at current amplitudes excluded from optimisation used for post-hoc generalisation, plus cross-morphology tests; not held-out fault detection",no: no AI-assisted transformations,"none released yet (preprint states code will be archived on Zenodo/GitHub upon acceptance); uses BluePyOpt, BluePyEModel, BluePyEfe","Shows feature-matched models can hide parametric differences, and uses held-out amplitudes for generalisation. NeuroSem targets detection of edits/mutants with optimised protocol batteries.",2,preprint,10.64898/2026.03.30.715207,https://doi.org/10.64898/2026.03.30.715207,"Crossref API work record; bioRxiv details API (authors, date, licence); bioRxiv JATS source XML (methods, stimuli, generalisation, data availability); Europe PMC REST search confirms PPR1217004",Europe PMC refined features/generalization query; abstract via Europe PMC,deepread_r1_b39.json
"Valle, P., Ali, S., Arrieta, A. (2026). Exploring the Potential of Large Language Models in Simulink-Stateflow Mutant Generation. arXiv:2602.04066; also in Proceedings of the 2026 IEEE/ACM Third International Conference on AI Foundation Models and Software Engineering (FORGE), pp. 99-109.",2026,"Simulink-Stateflow cyber-physical controller models (Door, Fridge, Elevator, Pacemaker)","yes - LLMs and a rule-based baseline generate state/transition mutants; generability, compilability, duplicate and equivalent rates measured.",partial - engineer-written suites of 10-16 coverage-driven test cases per model; a mutant is detected if any test output differs.,no - compares controller output signals; no feature extraction or electrophysiology.,"no - test suites are fixed; the study optimises prompting/temperature for mutant generation, not test selection.",no - four case-study models evaluated; no discovery/held-out split.,"partial - LLMs produce the mutants; potentially equivalent mutants are sampled and manually checked, but AI edits are not audited as repairs/refactors.","StateflowMutantGeneration, https://github.com/pablovalle/StateflowMutantGeneration (MIT per GitHub API)","Focuses on LLM mutant generation quality for Stateflow; NeuroSem uses recorded single-fault operators on neuron models, calibrated feature tolerances, and selects stimulus protocols evaluated on held-out models and families.",2,preprint,10.48550/arXiv.2602.04066,https://arxiv.org/abs/2602.04066,"arXiv abstract page meta tags (authors, 2026-02-03, abstract); DataCite api.datacite.org for arXiv DOI; arXiv PDF read (case studies, test suites, equivalence method); Crossref api.crossref.org/works/10.1145/3793655.3793737 for the FORGE version (DOI printed in PDF); GitHub REST API for repo/license.",WebSearch 'mutation analysis SBML systems biology model test suite fault injection'; arXiv abstract page,deepread_r1_b14.json
"Xu, Y., Yang, J., Chen, T.-H. (P.) (2026). SWE-Refactor: A Repository-Level Benchmark for Real-World LLM-Based Code Refactoring. arXiv preprint arXiv:2602.03712.",2026,"general software: 18 Java projects, method-level developer refactorings (atomic and compound)","no - mines 1,099 developer-written behaviour-preserving refactorings; no fault seeding.","partial - behaviour preservation checked with compilation, project test suites and coverage data; not a designed stimulus battery.","no - Java source code; checks are test pass rates, AST refactoring detection and CodeBLEU.",no - relies on existing project tests; no test or input selection.,no - fixed benchmark used to evaluate nine LLMs and an agent; no discovery/held-out split for a tuned method.,"yes - LLMs and a Codex agent perform refactorings, verified by compilation, tests and RefactoringMiner.",SWE-Refactor benchmark - v1 appendix states it is 'to be released'; no public URL verified,"Parallels NeuroSem valid transformations, but trusts existing unit tests plus AST detection in Java. NeuroSem checks simulated neuronal behaviour across a calibrated stimulus battery, adds seeded faults and protocol selection.",2,preprint,10.48550/arxiv.2602.03712,https://doi.org/10.48550/arxiv.2602.03712,"DataCite DOI API (title, abstract, dates); arXiv abs page (creator meta tags split the third name, but the displayed author list reads 'Tse-Hsun (Peter) Chen', resolving it); arXiv HTML full text v1 (methods, hosting appendix).",DataCite (arXiv DOIs) LLM + refactoring title query; abstract via DataCite,deepread_r1_b43.json
"Yang, C. (2026). A Judge Agent Closes the Reliability Gap in AI-Generated Scientific Simulation. arXiv preprint arXiv:2603.25780 [cs.SE].",2026,"general AI-generated scientific simulation code across 12 domains (PDEs, stiff ODEs, inverse problems, CT); no neuron models found in full-text scan","no - uses 50 hand-built adversarial problem inputs (ambiguous or subtly ill-posed specs), not recorded single-fault operators applied to models.",no - each task is one specified computational problem; no battery of input stimuli applied to the same model.,"no - checks well-posedness, convergence, error bounds and physical invariants; no spike or voltage-trace features.",no - Judge applies fixed pre- and post-execution gates; no selection of a compact discriminating test set.,"yes - checks designed on 12 development problems, then evaluated on 72 blinded tasks submitted by external scientists.",yes - LLM agents plan and generate simulation code; the Judge targets silent failures in that AI-generated code.,Physics_World_Model - https://github.com/integritynoble/Physics_World_Model (paper states MIT; GitHub API license field NOASSERTION),"Certifies numerical validity of newly generated code; NeuroSem compares an edited neuron model against its reference using mutant-calibrated, selected current-clamp batteries and eFEL features.",2,preprint,10.48550/arXiv.2603.25780,https://arxiv.org/abs/2603.25780,DataCite API for 10.48550/arXiv.2603.25780 (Crossref: not found; arXiv export API returned 503); arXiv HTML full text v1 (https://arxiv.org/html/2603.25780) keyword-scanned; GitHub REST via gh for repo.,Semantic Scholar API search 'AI coding agent neuron simulation'; arXiv abs page fetched via WebFetch,deepread_r1_b37.json
"Yang, P.-C., Jeng, M.-T., Lieu, D. K., et al. (2026). Large-scale synthetic data enable digital twins of human excitable cells. eLife, 15, RP110013.",2026,"Cardiac ion-channel ODE (Kernik-Clancy iPSC-cardiomyocyte model, 52 parameters) with a deep neural network inverse model",partial - broad parameter perturbations create synthetic cell populations for training; not single-fault mutants used to test detection.,"partial - composite voltage-clamp protocol built from many test potentials; one final protocol, voltage clamp rather than current clamp.","partial - network input is raw total-current trace; AP features (e.g. APD90, EAD incidence) analysed downstream, not a feature battery.","yes - iteratively adds the test potential giving lowest parameter-inference MSE, discarding less informative steps (forward selection).",partial - 70:10:20 train/validation/test split of synthetic cells plus experimental recordings; no held-out model types or fault families.,"no - deep learning used for parameter inference, not for editing or translating models.",Digital-Twin-for-the-Win https://github.com/ClancyLabUCD/Digital-Twin-for-the-Win-Personalized-Cardiac-Electrophysiology (GitHub license field NOASSERTION; archived on Software Heritage),"Optimizes a stimulus for parameter identifiability in one cardiac model; NeuroSem would select current-clamp protocols by coverage of detected behaviour-changing mutants across neuron models, with calibrated tolerances and held-out models and mutation family.",2,paper,10.7554/elife.110013,https://doi.org/10.7554/elife.110013,"Crossref works API (incl. preprint and Software Heritage relations); Europe PMC (PMID 42489674, PMC13395456) abstract and full-text XML (results, methods: optimized protocol, data split); GitHub API",Europe PMC lens search (perturbation / electrophysiological features),deepread_r1_b36.json
Allen Institute for Brain Science (unverified). Allen Cell Types Database: Electrophysiology. Online database.,unverified,Experimental whole-cell patch-clamp recordings (mouse and human neurons); database also hosts fitted GLIF and biophysical models,no: recorded cells; no controlled faults introduced,"yes: standardised current-clamp set (short square, long square, ramp, noise and variants, per site text and API sweep records)","yes: per-cell features computed from ramp, short-square and long-square sweeps (AllenSDK/IPFX feature extraction)","no: fixed standard protocol set for characterisation, not selected for fault or change detection","no: characterisation resource, no held-out detection evaluation",no: none,AllenSDK https://alleninstitute.github.io/AllenSDK/cell_types.html ; Allen Brain Map API https://api.brain-map.org/,Existing multi-protocol battery NeuroSem's candidate protocols should be compared with; NeuroSem selects protocols for detecting model edits via mutants and held-out evaluation.,2,dataset,,https://celltypes.brain-map.org/,Retrieved celltypes.brain-map.org overview page (stimulus description); Allen Brain Map RMA API EphysSweep query for specimen 324257146 (stimulus names); AllenSDK cell_types docs page. Legacy white paper PDF link now redirects to a community forum (not retrieved); release year not verified,WebSearch Allen Cell Types stimulus set query; WebSearch Allen technical white paper query,deepread_r1_b39.json
"DeMillo RA, Lipton RJ, Sayward FG (1978). Hints on Test Data Selection: Help for the Practicing Programmer. Computer 11(4):34-41.",1978,general software (programs),partial - abstract argues tests exposing simple errors often expose complex ones (coupling effect); full text not accessed to confirm method details.,unclear - concerns test data selection generally; full text not accessed.,no - general software testing.,"unclear - about choosing test data, but selection method not verified (closed full text).",unclear - full text not accessed.,no - predates AI coding tools.,none,"Foundational background for using simple seeded faults as proxies (coupling effect). NeuroSem inherits this rationale for single-fault mutants but applies it to neuron models; cite as background, not a competing method.",1,journal article,10.1109/C-M.1978.218136,https://doi.org/10.1109/C-M.1978.218136,"Crossref API (https://api.crossref.org/works/10.1109/c-m.1978.218136: title, authors, Computer vol 11 issue 4 pp 34-41, April 1978); OpenAlex abstract (https://api.openalex.org/works/doi:10.1109/c-m.1978.218136); Semantic Scholar API cross-check.",completeness critic r2,deepread_r2_b0.json
"Nemhauser GL, Wolsey LA, Fisher ML (1978). An analysis of approximations for maximizing submodular set functions-I. Mathematical Programming 14:265-294.",1978,combinatorial optimisation theory (submodular set functions),no - theoretical optimisation paper.,no - none.,no - none.,yes - proves greedy selection achieves a (1-1/e)-type approximation for monotone submodular maximisation.,no - none.,no - none.,none,"Foundational guarantee for greedy coverage-style selection. NeuroSem only uses greedy selection as one component and would cite this for the approximation bound, not as an overlapping method.",1,paper,10.1007/bf01588971,https://doi.org/10.1007/bf01588971,"Crossref /works/10.1007/bf01588971 (title, 3 authors, Math Program vol 14 pp 265-294, Dec 1978); Semantic Scholar TLDR (abstract elided).",completeness-critic gap round 2 (re-run 2026-09-13),deepread_r2x_b1.json
Feige U (1998). A threshold of ln n for approximating set cover. Journal of the ACM 45(4):634-652.,1998,theoretical computer science (set cover approximation),no - not applicable.,no - not applicable.,no - not applicable.,partial - proves greedy set cover near-optimal and max k-cover threshold (1-1/e); theory behind greedy battery selection.,no - theoretical paper.,no - not applicable.,none,"Theoretical justification for NeuroSem's greedy protocol selection, not prior art for the integrated method. NeuroSem applies greedy coverage to mutation detection across electrophysiology protocols.",1,paper,10.1145/285055.285059,https://doi.org/10.1145/285055.285059,"Crossref /works/<doi> (author, volume, pages, abstract); OpenAlex record.",completeness-critic gap round 2 (re-run 2026-09-13),deepread_r2x_b2.json
"Pnueli A, Siegel M, Singerman E (1998). Translation validation. Tools and Algorithms for the Construction and Analysis of Systems (TACAS), Lecture Notes in Computer Science, pp. 151-166.",1998,compilers (Signal synchronous language to C code),no - validates each translation run formally; no fault injection described.,no - formal equivalence checking rather than input protocols.,no - not applicable.,no - not applicable.,no - not applicable.,"no - addresses conventional compilers, not AI.",none,"Origin of checking each individual transformation rather than the translator, conceptually parallel to NeuroSem checking each model edit. NeuroSem does this empirically via simulation and electrophysiology features, not formal proof.",1,paper,10.1007/bfb0054170,https://doi.org/10.1007/bfb0054170,"Crossref /works/<doi> (authors, LNCS/TACAS container, pages); Semantic Scholar summary; OpenAlex record. No abstract or full text accessed.",completeness-critic gap round 2 (re-run 2026-09-13),deepread_r2x_b2.json
"Rotter, S., Diesmann, M. (1999). Exact digital simulation of time-invariant linear systems with applications to neuronal modeling. Biological Cybernetics, 81(5-6), 381-402.",1999,time-invariant linear ODE systems; integrate-and-fire neurons with linear subthreshold dynamics (numerical integration method),no - proposes an exact matrix-exponential integration scheme; no edited models or fault mutants are generated.,partial - scheme accepts a general input class including delta-pulse trains; no designed battery of current-clamp protocols.,partial - compares solvers by error in subthreshold dynamics and spike timing; no eFEL-style feature set.,no - no stimulus or test-set selection; the comparison concerns integration schemes.,no - performance analysis against multi-purpose solvers; no held-out models or fault families.,no - no AI or automated model edits.,none named in abstract (full text not accessed),"Supplies exact reference solutions for linear subthreshold dynamics, useful background for trustworthy reference traces and step-size effects. NeuroSem's conductance-based NeuroML fixtures are nonlinear, so it calibrates tolerances by h, h/2, h/4 refinement instead; no behavioural-drift testing here.",1,journal article,10.1007/s004220050570,https://doi.org/10.1007/s004220050570,"Crossref API (api.crossref.org/works/10.1007/s004220050570: title, 2 authors, Biol Cybern 81(5-6):381-402, 1999); Europe PMC REST search by DOI (PMID 10592015) for abstract. Full text paywalled, not read.",completeness critic r2,deepread_r2_b6.json
"Oberkampf WL, Trucano TG (2002). Verification and validation in computational fluid dynamics. Progress in Aerospace Sciences 38(3):209-272.",2002,computational fluid dynamics simulations (review),no - review of V&V methods; no seeded faults found in abstract.,no - none specific.,no - none.,no - none.,no - none.,no - none.,none,"General V&V framework, including numerical error estimation. NeuroSem borrows the refinement idea for tolerances but targets detection of model changes in neuron models, not CFD validation.",1,paper,10.1016/s0376-0421(02)00005-2,https://doi.org/10.1016/s0376-0421(02)00005-2,"Crossref /works/10.1016/s0376-0421(02)00005-2 (title, 2 authors, Prog Aerosp Sci vol 38 pp 209-272, 2002); Semantic Scholar abstract/TLDR.",completeness-critic gap round 2 (re-run 2026-09-13),deepread_r2x_b1.json
"Hines, M. L., Morse, T., Migliore, M., et al. (2004). ModelDB: A Database to Support Computational Neuroscience. Journal of Computational Neuroscience, 17(1), 7-11.",2004,web database of published computational neuroscience models across simulators,no,"no - abstract describes entering, retrieving and running published models, not stimulation batteries.",no,no,no,no,ModelDB web database (URL not retrieved in this session),"Infrastructure: a possible provenance source for fixture models, not a testing method. NeuroSem does behavioural drift detection, which ModelDB does not address according to its abstract.",1,paper,10.1023/b:jcns.0000023869.22017.2e,https://doi.org/10.1023/b:jcns.0000023869.22017.2e,"Crossref works API (5 authors, JCNS 17(1):7-11, 2004-07); Europe PMC REST abstract (PMID 15218350, PMC3732827). PMC full-text XML via Europe PMC and NCBI efetch returned no body text, so only the abstract was read.",OpenAlex search (anchor); Europe PMC citations (248),deepread_r1_b34.json
Izhikevich EM (2004). Which Model to Use for Cortical Spiking Neurons? IEEE Transactions on Neural Networks 15(5):1063-1070.,2004,spiking and bursting point-neuron models (review/comparison),"no - compares model families, no fault seeding.",partial - model comparison relies on reproducing firing behaviours under various inputs; not a formal protocol battery.,"partial - qualitative firing-pattern repertoire, not eFEL feature vectors.",no - none.,no - none.,no - none.,none,"Qualitative comparison of neuron model plausibility and cost. NeuroSem instead tests whether specific model edits change behaviour, quantitatively and with calibrated tolerances.",1,paper,10.1109/tnn.2004.832719,https://doi.org/10.1109/tnn.2004.832719,"Crossref /works/10.1109/tnn.2004.832719 (title, 1 author, IEEE TNN vol 15 pp 1063-1070, Sep 2004); OpenAlex abstract.",completeness-critic gap round 2 (re-run 2026-09-13),deepread_r2x_b1.json
"Marder, E., Goaillard, J.-M. (2006). Variability, compensation and homeostasis in neuron and network function. Nature Reviews Neuroscience, 7(7), 563-574.",2006,review of theoretical and experimental neuron and network studies (invertebrate and vertebrate),no - narrative review of parameter variability and compensation; no mutants or edits generated.,unclear - abstract does not discuss stimulation protocols (full text not accessed).,"unclear - abstract concerns tuning of synaptic and intrinsic currents, not a feature-extraction method.",no - no test or stimulus selection.,no - review article.,no - no AI involvement.,none,"Conceptual background on multiple parameter solutions producing similar behaviour, supporting why a single canonical test is weak. It proposes no testing method; NeuroSem contributes the operational mutation-calibrated, multi-protocol detection pipeline.",1,review article,10.1038/nrn1949,https://doi.org/10.1038/nrn1949,"Crossref API (api.crossref.org/works/10.1038/nrn1949: 2 authors, Nat Rev Neurosci 7(7):563-574, 2006); Europe PMC REST abstract (PMID 16791145). Full text paywalled, not read.",completeness critic r2,deepread_r2_b6.json
"Söderlind G., Wang L. (2006). Evaluating numerical ODE/DAE methods, algorithms and software. Journal of Computational and Applied Mathematics, 185, 244-260.",2006,"Numerical ODE/DAE solver software (DASPK, RADAU5) evaluated on test problems","partial - controlled modifications to DASPK and RADAU5 (error criteria, norms) compared under ceteris paribus conditions; not fault injection.",partial - a test protocol applied across a variety of test problems; not stimulation protocols.,no - solver accuracy and performance measures.,no - outlines principles of a formal test protocol; no optimization of test sets.,no - no held-out split described in the abstract.,no - none.,none,"Methodological background on controlled, protocol-based testing of ODE solver implementations, relevant to NeuroSem's numerical mutation family and refinement-based tolerances. NeuroSem does not study solver design; it treats solver settings as one fault family and tests model behaviour through electrophysiology features.",1,paper,10.1016/j.cam.2005.03.009,https://doi.org/10.1016/j.cam.2005.03.009,"Crossref API (title, 2 authors, JCAM vol 185, pp. 244-260, issued 2006-01); ACM Digital Library guide page 10.5555/1124467.1716870 (full abstract; title and journal match, Elsevier DOI string not shown on that page); Semantic Scholar batch API. ScienceDirect returned HTTP 403; full text not accessed.",WebSearch site:dl.acm.org differential testing ODE solvers numerical simulators; DOI via Crossref,deepread_r1_b23.json
"Gutenkunst, R. N., Waterfall, J. J., Casey, F. P., et al. (2007). Universally Sloppy Parameter Sensitivities in Systems Biology Models. PLoS Computational Biology, 3(10), e189.",2007,"17 systems biology ODE models (mostly SBML from BioModels); biochemical, not neuronal",partial - Hessian-based sensitivity to continuous parameter variation; no discrete single-fault mutants.,"partial - each model analysed under several experimental conditions chosen by original authors; biochemical conditions, not electrical stimuli.","no - species time courses and chi-squared cost, not electrophysiological features.","no - optimal experimental design mentioned as related separate work, not performed here.",no - survey across a model collection; no held-out models or fault families.,no - no AI involvement.,SloppyCell https://github.com/GutenkunstLab/SloppyCell (BSD-3-Clause per GitHub API; paper cites sloppycell.sourceforge.net),"Explains why many parameter changes barely affect outputs, which bears on equivalent-mutant rates and on not treating every change as a defect. NeuroSem instead empirically tests neuron-model edits with stimulation batteries and calibrated tolerances.",1,journal article,10.1371/journal.pcbi.0030189,https://doi.org/10.1371/journal.pcbi.0030189,"Crossref API (api.crossref.org/works/10.1371/journal.pcbi.0030189: 6 authors, PLoS Comput Biol 3(10) e189, 2007-10-05); Europe PMC abstract (PMID 17922568) and full text XML (PMC2000971) for model collection and SloppyCell mention; GitHub REST search for SloppyCell repo; HTTP check of sloppycell.sourceforge.net (200).",completeness critic r2,deepread_r2_b6.json
"Ciocchetta, F., Priami, C., & Quaglia, P. (2008). An Automatic Translation of SBML into Beta-Binders. IEEE/ACM Transactions on Computational Biology and Bioinformatics, 5(1), 80-90.",2008,systems-biology reaction models (SBML species/reactions) translated to a stochastic process algebra (Beta-binders); not neuron models,no - abstract describes a compositional translation and a tool; no fault injection or mutants reported.,no - abstract reports translating one simple example model; no stimulation protocols.,no - biochemical reaction models; no electrophysiology or feature extraction.,no - no test or protocol selection described in the abstract.,no - only a single illustrative model translation reported in the abstract.,no - translation is a hand-designed rule-based mapping; no AI or LLM edits.,unverified - abstract mentions an implemented SBML-to-Beta-binders translator tool; no public URL retrieved,"Defines a formal format translation, not a behavioural check of it. NeuroSem would empirically test whether edits or translations of neuron models change current-clamp behaviour using multi-protocol eFEL features and mutants.",1,paper (journal article),10.1109/tcbb.2007.70219,https://doi.org/10.1109/tcbb.2007.70219,"Crossref api.crossref.org/works/10.1109/tcbb.2007.70219 (authors, vol 5(1) pp 80-90, issued 2008-01); OpenAlex W2103496191 (abstract); Semantic Scholar batch API (DBLP journals/tcbb/CiocchettaPQ08, PMID 18245877, closed access); PubMed esummary 18245877 (matching metadata). Full text not accessed (closed).",WebSearch site:ieeexplore.ieee.org semantic equivalence model translation SBML simulation; WebSearch site:dl.acm.org testing ODE simulators systems biology SBML; verified via Crossref,deepread_r1_b27.json
"Person S, Dwyer MB, Elbaum S, et al. (2008). Differential symbolic execution. Proceedings of the 16th ACM SIGSOFT International Symposium on Foundations of Software Engineering (FSE 2008), pp. 226-237.",2008,general programs (version differencing),no - characterises real code changes between versions.,no - symbolic execution rather than concrete stimuli.,no - none.,no - none.,no - none reported in abstract.,no - none.,none,Characterises semantic effects of code changes symbolically. NeuroSem characterises effects of model changes by simulation under stimuli with feature fingerprints; different technique and domain.,1,paper,10.1145/1453101.1453131,https://doi.org/10.1145/1453101.1453131,"Crossref /works/10.1145/1453101.1453131 (title, 4 authors, FSE 2008 pp 226-237); OpenAlex abstract fragment (W2074888021).",completeness-critic gap round 2 (re-run 2026-09-13),deepread_r2x_b1.json
"Davison AP, Brüderle D, Eppler J, et al. (2009). PyNN: a common interface for neuronal network simulators. Frontiers in Neuroinformatics 2: 11.",2009,"Simulator-independent Python API for spiking network models (standard point-neuron cell types, some multicompartment support) across NEURON, NEST, PCSIM, Brian and neuromorphic hardware",no - no seeded faults; compares simulators and initial conditions for one network example.,"no - examples use network activity and offset currents, not a stimulation battery for single-neuron behaviour.",partial - compares membrane traces and network activity across NEURON and NEST; no standardised single-neuron feature set.,no - no protocol or test selection.,no - illustrative cross-simulator comparison only.,no - no AI-generated or AI-edited models or code.,"PyNN https://github.com/NeuralEnsemble/PyNN (paper states CeCILL licence in 2009; current GitHub API licence field NOASSERTION, so current licence unverified)",PyNN enables running one model on several simulators and argues cross-checking catches simulator bugs. NeuroSem would quantify behavioural preservation after edits or translation with calibrated multi-protocol tests; PyNN is relevant to the optional cross-simulator arm.,1,paper,10.3389/neuro.11.011.2008,https://doi.org/10.3389/neuro.11.011.2008,"Crossref works API (title, container, DOI; lists only Davison AP and issued year 2008); Europe PMC REST search (8 authors, pubYear 2009, PMID 19194529, PMC2634533, abstract); Europe PMC fullTextXML (NEURON vs NEST comparison, CeCILL licence); OpenAlex (Davison only); GitHub REST API (repo exists).",completeness critic r2,deepread_r2_b8.json
"Gerstner W, Naud R (2009). How Good Are Neuron Models? Science 326:379-380.",2009,"Neuron models, from integrate-and-fire to conductance-based, evaluated in a spike-prediction competition (perspective article).",no - None.,unclear - Short perspective on a prediction competition; protocols not detailed in abstract.,partial - Judges models by spike-timing prediction quality.,no - None.,partial - Competition assessed prediction of recorded activity not used for fitting.,no - None.,none,"Discusses model quality against biological data. NeuroSem compares transformed models with their reference, which the spec lists as distinct from biological validation.",1,paper,10.1126/science.1181936,https://doi.org/10.1126/science.1181936,"Crossref /works (metadata, one-line abstract). Full text not read.",completeness-critic gap round 2 (re-run 2026-09-13),deepread_r2x_b0.json
"Godlin B, Strichman O (2009). Regression verification. Proceedings of the 46th Annual Design Automation Conference (DAC 2009), pp. 466-471.",2009,general programs (successive versions),"no - compares closely related program versions, not seeded faults.","no - formal equivalence proof, no test inputs.",no - none.,no - none.,no - none.,no - none.,none,"Proves equivalence of program versions formally. NeuroSem makes only empirical, tolerance-based behavioural-equivalence judgements for neuron models and does not claim proofs.",1,paper,10.1145/1629911.1630034,https://doi.org/10.1145/1629911.1630034,"Crossref /works/10.1145/1629911.1630034 (title, 2 authors, DAC 2009 pp 466-471); OpenAlex abstract (W2293092623).",completeness-critic gap round 2 (re-run 2026-09-13),deepread_r2x_b1.json
"Namin AS, Andrews JH (2009). The influence of size and coverage on test suite effectiveness. Proceedings of the 18th International Symposium on Software Testing and Analysis (ISSTA 2009), pp. 57-68.",2009,general software; not neuroscience,yes - fault-finding effectiveness of test suites is measured against seeded faults (mutants).,"no - software test cases, not stimulation protocols.",no - not applicable.,"partial - studies how suite size and coverage relate to effectiveness; motivates size-controlled comparisons, not selection.",no - no held-out model or fault-family split described.,no - not discussed.,none,"Supports NeuroSem's plan to compare a selected battery against cost-matched random batteries, since size confounds effectiveness. It does not address neuron models or stimulation protocols.",1,paper,10.1145/1572272.1572280,https://doi.org/10.1145/1572272.1572280,"Crossref /works/<doi> (authors, proceedings, pages); OpenAlex abstract. Full text not accessed.",completeness-critic gap round 2 (re-run 2026-09-13),deepread_r2x_b2.json
"Amano, A., Soejima, N., Shimayoshi, T., et al. (2011). A general CellML simulation code generator using ODE solving scheme description. 2011 Annual International Conference of the IEEE Engineering in Medicine and Biology Society, 940-944.",2011,"CellML biological function (cell) ODE models with markup-described ODE solving schemes; general physiology, not neuron-specific",no - abstract describes code generation with varied solvers; no fault injection.,"no - abstract varies solving schemes and computation resources, not stimulation protocols.",no - abstract reports no feature extraction or electrophysiology comparison.,no - no test or protocol selection described.,no - demonstrates several models under different schemes; no held-out evaluation design.,no - template-based code generation; no AI edits.,unverified - abstract describes a simulation code generation system; no name or URL retrieved,Makes solver choice configurable for CellML models. NeuroSem would treat such numerical-configuration changes as transformations and test for behavioural drift with calibrated multi-protocol feature tolerances.,1,paper (conference),10.1109/iembs.2011.6090212,https://doi.org/10.1109/iembs.2011.6090212,"Crossref api.crossref.org/works/10.1109/iembs.2011.6090212 (5 authors, pp 940-944, issued 2011-08); OpenAlex W2016648098 (abstract); Semantic Scholar batch API (DBLP conf/embc/AmanoSSKK11, closed); PubMed esummary 22254466 (matching metadata). Full text not accessed.",WebSearch site:ieeexplore.ieee.org testing ODE simulators systems biology SBML verification; verified via Crossref,deepread_r1_b27.json
"Gerkin R, Omar C (scidash) (2011). SciUnit: A Python framework for test-driven validation of scientific models. GitHub repository scidash/sciunit; PyPI sciunit 0.2.8.",2011,general scientific models (discipline-agnostic test/model/capability/score framework),no: validates models against observational data; no seeded model faults or mutant generation found in README or package layout.,no: domain-agnostic; stimulation protocols are left to domain libraries such as NeuronUnit.,no: provides generic scores and comparators; no electrophysiology feature definitions in the core package.,"no: supports test suites and score matrices, but no selection or minimisation of test sets.",no: no discovery/held-out split concept for tests or models.,no: no AI-assisted model editing or evaluation.,"SciUnit https://github.com/scidash/sciunit (MIT per GitHub API, README and PyPI; PyPI sciunit 0.2.8 uploaded 2024-01-03; last push 2023-12-26)","Reusable test/score scaffolding only. NeuroSem would add neuron-specific reference-vs-transformed comparison, refinement-calibrated tolerances, seeded single-fault mutants, greedy protocol selection and held-out evaluation.",1,software,,https://github.com/scidash/sciunit,"GitHub REST API repos/scidash/sciunit (created 2011-12-05, MIT); raw README.md (contributors, concept); PyPI JSON API sciunit (author Rick Gerkin, version, license, upload date); GitHub contents API for package layout.",GitHub REST API api.github.com/repos/scidash/sciunit (license MIT) | GitHub REST API repos/scidash/sciunit (MIT) and PyPI JSON API https://pypi.org/pypi/sciunit/json (MIT),deepread_r1_b10.json
"Maoz S, Ringert JO, Rumpe B (2011). ADDiff: semantic differencing for activity diagrams. Proceedings of ESEC/FSE 2011, pp. 179-189.",2011,UML activity diagrams (software models),no - compares evolving versions of diagrams; no deliberate fault injection.,no - computes execution traces possible in one version but not the other.,no - not applicable.,no - not applicable.,no - feasibility examples only.,no - not discussed.,ADDiff Eclipse plugin (per abstract); no URL verified,"Semantic (behavior-based) rather than syntactic model differencing, a conceptual precedent for NeuroSem. NeuroSem applies the idea to continuous neuron dynamics via simulation, features and tolerances rather than discrete trace witnesses.",1,paper,10.1145/2025113.2025140,https://doi.org/10.1145/2025113.2025140,"Crossref /works/<doi> (authors, proceedings, pages); Semantic Scholar abstract. Full text not accessed.",completeness-critic gap round 2 (re-run 2026-09-13),deepread_r2x_b2.json
"Waltemath D, Adams R, Bergmann FT, et al. (2011). Reproducible computational biology experiments with SED-ML - The Simulation Experiment Description Markup Language. BMC Systems Biology 5:198.",2011,general computational biology simulation models (format-agnostic; SBML/CellML examples); simulation-experiment description standard,"no - SED-ML can encode model modifications applied before simulation, but for experiment reuse, not fault seeding or mutant testing.","partial - can describe several simulations and model changes; Level 1 Version 1 covers time-course simulations only, with no stimulus battery concept.",no - defines output and post-processing descriptions generically; no electrophysiological feature extraction.,no - an exchange format for encoding experiments; no protocol selection.,no - format specification paper with interoperability demonstration; no evaluation split.,no - not addressed.,SED-ML specification and resources - https://sed-ml.org/ (site lists Level 1 Version 5 as current),"Infrastructure for describing simulation experiments reproducibly. NeuroSem could encode its protocols in SED-ML or LEMS, but adds mutation-calibrated drift detection, tolerance calibration and protocol selection.",1,paper,10.1186/1752-0509-5-198,https://doi.org/10.1186/1752-0509-5-198,Crossref https://api.crossref.org/works/10.1186/1752-0509-5-198 (metadata + structured abstract); project site https://sed-ml.org/ (current version statement).,OpenAlex search 'NeuroML 2 language',deepread_r1_b28.json
LEMS organisation (2012). jLEMS: Java Interpreter for the Low Entropy Model Specification language [software]. GitHub.,2012,"LEMS models, including NeuroML 2 models via jNeuroML (reference Java simulator/interpreter)",no: interpreter only,no: executes whatever simulation a LEMS file specifies; no stimulus battery,no: produces traces; no feature extraction,no,no,no,jLEMS https://github.com/LEMS/jLEMS (MIT per GitHub API and README),"Simulation backend only. NeuroSem would run reference and transformed models through it (or other engines), treating engine/timestep variation as part of tolerance calibration, and adds the entire behavioural testing layer.",1,software,10.5281/zenodo.3550993,https://github.com/LEMS/jLEMS,"GitHub REST API repos/LEMS/jLEMS (created 2012-06-10, last push 2026-08-31, MIT, homepage docs.neuroml.org/Userdocs/Software/jLEMS.html); README via GitHub API (MIT statement, Zenodo DOI badge); DataCite api.datacite.org/dois/10.5281/zenodo.3550993 (version-specific Zenodo record 'LEMS/jLEMS: Version for NeuroML v2 beta 5 release', 2019); Zenodo API returned 504",GitHub REST API api.github.com/repos/LEMS/jLEMS (license MIT),deepread_r1_b9.json
"Lahiri SK, Hawblitzel C, Kawaguchi M, et al. (2012). SYMDIFF: A Language-Agnostic Semantic Diff Tool for Imperative Programs. Computer Aided Verification (CAV 2012), Lecture Notes in Computer Science, pp. 712-717.",2012,Imperative programs translated into the Boogie intermediate verification language.,no - Compares program versions; no seeded faults per available summary.,"no - Static equivalence checking, not execution under inputs.",no - None.,no - None.,no - Tool paper.,no - None.,SymDiff (named in paper; no repository URL verified),"Formal semantic diff between program versions. NeuroSem gives an empirical, simulation-based behavioural diff for neuron models where formal equivalence is impractical.",1,paper,10.1007/978-3-642-31424-7_54,https://doi.org/10.1007/978-3-642-31424-7_54,"Crossref /works (metadata, four authors); Semantic Scholar API (venue CAV, TLDR; abstract elided by publisher). Full text not read.",completeness-critic gap round 2 (re-run 2026-09-13),deepread_r2x_b0.json
"Vella M, Gleeson P (2012). Neurotune: a Python library for optimising neuronal models. GitHub software (NeuralEnsemble/neurotune; PyPI neurotune 0.2.6).",2012,conductance-based neuron and small network models (examples use NEURON .mod channels; GitHub description names NeuroML models),no - varies free parameters as optimisation candidates to fit targets; no single-fault mutants for test evaluation.,no - IClampEvaluator scores one analysis window per candidate; no multi-protocol battery found in docs or code.,"yes - fitness uses pyelectro IClampAnalysis feature targets, set manually or taken automatically from a reference trace, with a normalised cost.","no - optimises model parameters with an evolutionary optimiser, not stimulation protocols.",no - no held-out models or fault families.,no - no AI-generated or AI-edited models.,Neurotune - https://github.com/NeuralEnsemble/neurotune (BSD-3-Clause per GitHub API; PyPI 0.2.6),"Uses feature-target distance between a model and a reference trace for fitting. NeuroSem would reuse similar comparisons to detect behavioural drift after edits, adding mutants, calibrated tolerances, protocol selection and held-out evaluation.",1,software,,https://github.com/NeuralEnsemble/neurotune,"GitHub REST API repo JSON (created 2012-07-16, BSD-3-Clause, description); raw README.md, AUTHORS, doc/architecture.rst and neurotune/evaluators.py (IClampEvaluator read); neurotune.readthedocs.io landing page; PyPI JSON (0.2.6 uploaded 2023-05-12, authors Michael Vella and Padraig Gleeson).",GitHub search neurotune; PyPI JSON neurotune 0.2.6,deepread_r1_b31.json
"Kreuz T, Chicharro D, Houghton C, et al. (2013). Monitoring spike train synchrony. Journal of Neurophysiology 109(5): 1457-1472.",2013,"Spike-train dissimilarity measures (improved and real-time SPIKE-distance); applied to recorded seizure spike trains and model EEG, not neuron models",no - no model variants; measures compare observed spike trains.,no - no stimulation protocols; analyses spike trains and continuous signals.,partial - uses spike timing via parameter-free time-resolved distances rather than electrophysiology features such as rheobase or AP shape.,no - no protocol or test selection.,no - demonstrations on example field and model data; no held-out evaluation design.,no - no AI-generated or AI-edited models or code.,unverified (publisher full text blocked; abstract read only),SPIKE-distance offers an alternative way to compare reference and edited spike outputs. NeuroSem would use interpretable per-protocol features with refinement-calibrated tolerances; spike distances could be a justified secondary metric or ablation.,1,paper,10.1152/jn.00873.2012,https://doi.org/10.1152/jn.00873.2012,"Crossref works API (title, 5 authors, J Neurophysiol 109(5) 1457-1472, 2013-03-01); Europe PMC REST search (abstract, PMID 23221419, no PMC full text). Publisher page journals.physiology.org returned HTTP 403 (bot challenge).",completeness critic r2,deepread_r2_b8.json
"Nahring, S., Ewald, R., Uhrmacher, A. M., et al. (2013). From standardized modeling formats to modeling languages and back - An exploration based on SBML and ML-Rules. 2013 Winter Simulations Conference (WSC), 1359-1370.",2013,cell-biological rule-based models (ML-Rules) and SBML exchange-format models; not neuron models,no - abstract discusses heuristics for transformation between formats; no fault injection reported.,no - abstract does not describe stimulation or input protocols.,no - biochemical/cell-biology models; no electrophysiology features.,no - no test or protocol selection in the abstract.,no - exploratory transformation study; no held-out model evaluation described in the abstract.,"no - heuristic, rule-based transformation; no AI-generated edits.",none,Explores expressiveness gaps when converting between an exchange format and a modelling language. NeuroSem would instead test behavioural preservation of neuron-model conversions empirically with mutant-calibrated multi-protocol fingerprints.,1,paper (conference),10.1109/wsc.2013.6721522,https://doi.org/10.1109/wsc.2013.6721522,"Crossref api.crossref.org/works/10.1109/wsc.2013.6721522 (4 authors, pp 1359-1370, issued 2013-12; title em-dash rendered as hyphen); OpenAlex W4250377352 (abstract); Semantic Scholar batch API (DBLP conf/wsc/NahringEUM13, closed access). DBLP record fetch blocked by bot-challenge page. Full text not accessed.",WebSearch site:ieeexplore.ieee.org semantic equivalence model translation SBML simulation; verified via Crossref,deepread_r1_b27.json
"Pathmanathan P, Gray RA (2013). Ensuring reliability of safety-critical clinical applications of computational cardiac models. Frontiers in Physiology 4:358.",2013,cardiac electrophysiology cell and tissue models (general VVUQ discussion),no - conceptual article; mentions known-solution problems for solver verification but no mutant generation.,no - no stimulation experiments performed.,no - discusses validation and uncertainty conceptually; no feature extraction method.,no - not addressed.,no - no empirical evaluation.,no - not addressed.,none,"Frames verification (numerical and programming error), validation and uncertainty quantification for cardiac models. NeuroSem is a concrete empirical regression-testing method for model edits; this is background framing, not an anticipating method.",1,paper (perspective / review on VVUQ),10.3389/fphys.2013.00358,https://doi.org/10.3389/fphys.2013.00358,"Crossref https://api.crossref.org/works/10.3389/fphys.2013.00358; Europe PMC core record PMID 24376423 / PMC3858646 (abstract, volume/page) and fullTextXML https://www.ebi.ac.uk/europepmc/webservices/rest/PMC3858646/fullTextXML",completeness critic r2,deepread_r2_b9.json
"Shelburg, J., Kessentini, M., Tauritz, D.R. (2013). Regression Testing for Model Transformations: A Multi-objective Approach. Search Based Software Engineering (SSBSE 2013), Lecture Notes in Computer Science, 209-223.",2013,MDE metamodels and model transformation rules,no - reacts to real metamodel changes; no mutants described in abstract.,partial - multiple test case models serve as transformation inputs; no dynamical stimuli.,"no - metamodel coverage and validity, not behavioural features.",partial - multi-objective search refactors existing test models to maximize new-metamodel coverage while minimizing refactorings and invalid elements.,no - validated on one widely used transformation; no held-out split.,no - none.,none identified,"Shares the re-test-after-evolution motivation only. NeuroSem targets semantic drift in simulated neuron behaviour, using fault injection, stimulus batteries and calibrated feature tolerances rather than structural coverage.",1,paper,10.1007/978-3-642-39742-4_16,https://doi.org/10.1007/978-3-642-39742-4_16,Crossref works API (metadata); Springer chapter landing page (citation meta tags and abstract); OpenAlex and Semantic Scholar API (abstract elided).,WebSearch site:dl.acm.org regression testing model transformations (snippet); OpenAlex; verified via Crossref,deepread_r1_b26.json
"Vella M, Gleeson P (2013). pyelectro: a Python library for analysis of electrophysiological data. GitHub software (NeuralEnsemble/pyelectro; PyPI pyelectro 0.2.7).",2013,voltage traces from recordings or simulations (current-clamp and network analyses); used with OpenWorm and Open Source Brain projects,no - analysis functions only; no model mutation.,no - analyses a given trace window; no stimulation-protocol battery defined.,"yes - spike detection, frequencies, widths, adaptation, bursting and phase-plane measures via IClampAnalysis and helper functions.",no - no protocol selection.,no - no held-out evaluation.,no - no AI-generated or AI-edited models.,pyelectro - https://github.com/NeuralEnsemble/pyelectro (BSD-3-Clause per GitHub API; PyPI license field says BSD-2-clause; PyPI 0.2.7),"NeuroML-community trace-feature library; a possible complement to eFEL. It provides no regression, mutation, tolerance calibration or protocol selection, all of which NeuroSem would add.",1,software,,https://github.com/NeuralEnsemble/pyelectro,"GitHub REST API repo JSON (created 2013-08-26, BSD-3-Clause); raw README.md and LICENSE; gh api git tree plus function listing of pyelectro/analysis.py; pyelectro.readthedocs.io landing page; PyPI JSON (0.2.7 uploaded 2023-06-22, authors Michael Vella and Padraig Gleeson).",GitHub search pyelectro; PyPI JSON pyelectro 0.2.7,deepread_r1_b31.json
"Waltemath, D., Henkel, R., Hälke, R., et al. (2013). Improving the reuse of computational models through version control. Bioinformatics, 29, 742-748.",2013,"XML-encoded computational biology models (SBML, CellML)",no - identifies and explains differences between existing model versions; no fault injection.,no - structural XML comparison; no simulation under stimuli described in the abstract.,no - no simulation outputs or electrophysiology features.,no - not applicable to a version-diff approach.,no - conceptual requirements plus software implementation; no evaluation split described.,no - no AI-assisted edits.,"BiVeS (Biochemical Model Version Control System), http://sems.uni-rostock.de/bives/ (URL as given in abstract; not fetched)","Detects and explains structural differences between model versions; NeuroSem asks whether edits change simulated behaviour, which structural diffs alone cannot establish, via multi-protocol feature testing.",1,paper,10.1093/bioinformatics/btt018,https://doi.org/10.1093/bioinformatics/btt018,"Crossref api.crossref.org/works (title, five authors, Bioinformatics vol 29, pp. 742-748, 2013, abstract); Europe PMC REST search (PMID 23335018, not open access; full text not read).","Google Scholar '""functional curation"" electrophysiology models protocols'; metadata verified via Crossref api.crossref.org/works | Europe PMC citations of ModelDB 2004",deepread_r1_b14.json
"Arcuri A, Briand L (2014). A Hitchhiker's guide to statistical tests for assessing randomized algorithms in software engineering. Software Testing, Verification and Reliability 24:219-250.",2014,Randomized software engineering algorithms (methodological guidelines).,no - Statistical guidelines paper; no mutation method.,no - None.,no - None.,"no - Discusses evaluating randomized search algorithms, not proposing one.","no - Statistical-test guidance, not held-out splits.",no - None.,none,Methodological guidance NeuroSem could follow when comparing greedy against random batteries; not a competing method.,1,paper,10.1002/stvr.1486,https://doi.org/10.1002/stvr.1486,"Crossref /works (issued online 2012-11-06; print volume 24, 2014); OpenAlex (abstract).",completeness-critic gap round 2 (re-run 2026-09-13),deepread_r2x_b0.json
"Cannon, R. C., Gleeson, P., Crook, S., et al. (2014). LEMS: a language for expressing complex biological models in concise and hierarchical form and its use in underpinning NeuroML 2. Frontiers in Neuroinformatics, 8.",2014,"LEMS/NeuroML 2 hierarchical XML models: ion channels, synapses, point and conductance-based neurons, networks; also systems-biology models",no: language and tooling description; no fault injection,partial: illustrative simulations with current-clamp input and brief current pulses; not a testing battery,no: example voltage and gating traces shown; no feature extraction or tolerance-based comparison,no: no protocol selection,no: no evaluation design of a testing method,"no: code generation for simulators is deterministic tooling, not AI",jLEMS https://github.com/LEMS/jLEMS; PyLEMS https://github.com/LEMS/pylems (linked from pyNeuroML README),"Provides dimensional/unit checking and executable Simulation elements that the paper says help specify tests across simulators; this is reused infrastructure. NeuroSem adds behavioural regression testing on top: mutants that pass such structural/unit checks, multi-protocol feature fingerprints, battery selection and held-out evaluation.",1,paper,10.3389/fninf.2014.00079,https://doi.org/10.3389/fninf.2014.00079,"Crossref api.crossref.org/works/10.3389/fninf.2014.00079 (title, 7 authors, 2014-09-25, volume 8); Europe PMC REST search (PMID 25309419, PMC4174883, abstract) and PMC4174883 fullTextXML (stimulus and validation passages)","WebSearch (Scholar fallback) 'LEMS language ... Cannon 2014'; metadata verified via Crossref api.crossref.org/works | PubMed E-utilities 'NeuroML' and 'LEMS[tiab] AND (NeuroML OR simulation)' | OpenAlex search 'LEMS Low Entropy Model Specification' and 'NeuroML 2 language'; verified via Crossref | Europe PMC: 'reproducibility AND ""neuron models"" AND (simulator OR NeuroML)'; Europe PMC: 'NeuroML'; Europe PMC: 'LEMS AND NeuroML' (+1 more); metadata confirmed via Crossref /works/<doi> [fallback source used because arXiv/OpenAlex were rate-limited] | DOI in README of GitHub LEMS/LEMS and NeuroML/NeuroML2; verified via Crossref works API | OpenAlex search (anchor); Europe PMC (76) and Semantic Scholar (115) forward citations | WebSearch LEMS query; PubMed esummary; Crossref | Crossref 'LEMS language specifying complex systems Cannon'; verified via Crossref",deepread_r1_b9.json
"Gewaltig M-O, Cannon R (2014). Current Practice in Software Development for Computational Neuroscience and How to Improve It. PLoS Computational Biology 10(1):e1003376.",2014,general computational neuroscience software (simulators and tools); review and position paper,no; a review of development practice with no testing experiments.,no; not addressed.,no; not addressed.,no; not addressed.,no; qualitative categorisation of software projects.,no; not addressed.,none,"Background and motivation only. It categorises software development practice, proposes quality checklists, and notes that computational neuroscience has few standard tests (Rallpack cited as an exception, contrasted with the SBML test suite). NeuroSem targets one concrete gap: behavioural regression testing of neuron-model transformations.",1,paper,10.1371/journal.pcbi.1003376,https://doi.org/10.1371/journal.pcbi.1003376,"Crossref (title, authors, PLoS Comput Biol 10(1) e1003376, 2014-01-23); Europe PMC abstract and full text PMC3900372 (keyword reading on testing and validation passages).",WebSearch site:dl.acm.org software testing practices computational neuroscience simulators (arXiv link); verified via Crossref | Europe PMC citations of NeuroML 2010,deepread_r1_b22.json
"Gürcan Ö, Dikenelli O, Bernon C (2014). A generic testing framework for agent-based simulation models. In: Agent-Based Modeling and Simulation, Palgrave Macmillan UK, pp. 231-270.",2014,agent-based simulation models (generic ABMS verification and validation); non-neuronal,unclear - abstract describes a V&V testing framework and case study; no fault seeding mentioned; full text inaccessible.,unclear - abstract does not say whether multiple scenarios or input conditions are systematically run.,"no - agent-based simulation outputs, not electrophysiology.",no - no test selection or optimisation mentioned in abstract.,no - abstract reports applicability on a single realistic case study.,no - none mentioned.,unverified (framework name and repository not retrieved),"Offers a general framework for testing and validating agent-based models. NeuroSem is narrower and more quantitative: neuron models, electrophysiology features, seeded single-fault mutants, calibrated tolerances, protocol-battery selection and held-out evaluation. This chapter appears to be the Journal of Simulation 2013 article (doi 10.1057/jos.2012.26) republished with the same title, authors and abstract.",1,paper,10.1057/9781137453648_12,https://doi.org/10.1057/9781137453648_12,"Crossref https://api.crossref.org/works/10.1057/9781137453648_12 (book chapter, 2014, pp. 231-270, Palgrave Macmillan UK, ISBN 9781137453648); Crossref search also returned a second chapter record 10.1057/9781137453648.0014 with the same title. Crossref https://api.crossref.org/works/10.1057/jos.2012.26 (Journal of Simulation 7(3):183-201, 2013). OpenAlex for both DOIs gives the full author names Önder Gürcan, Oğuz Dikenelli, Carole Bernon and an identical abstract. HAL API https://api.archives-ouvertes.fr/search/?q=halId_s:hal-01128680 confirms the journal version. Full text blocked (HAL Anubis bot check, CORE 0 bytes / 404, Springer login redirect), so the reading is abstract-only. The IEEE conference version (document 6078175) remains unverified.","WebSearch site:ieeexplore.ieee.org mutation testing agent-based simulation models validation (IEEE conference version at https://ieeexplore.ieee.org/document/6078175, year/DOI of that version unverified); chapter version via Crossref",deepread_r1_b24.json
"Just R, Jalali D, Inozemtseva L, et al. (2014). Are mutants a valid substitute for real faults in software testing? Proceedings of the 22nd ACM SIGSOFT International Symposium on Foundations of Software Engineering (FSE 2014), pp. 654-665.",2014,"general software (5 open-source applications, about 321k lines of code)",yes - systematically seeded mutants compared with 357 real developer-fixed faults.,partial - uses developer-written and automatically generated test suites; no stimulation protocols.,no - general software testing.,"no - correlational study of mutant versus real-fault detection, not test-suite selection.","no - validates mutants against real faults, controlling for coverage; no held-out split.",no - none.,none verified,"Gives general-software evidence that mutant detection correlates with real-fault detection, independent of coverage. That evidence may not transfer to neuron models, so NeuroSem needs its own external-validity argument, e.g. valid-transformation controls and realistic edit cases.",1,conference paper,10.1145/2635868.2635929,https://doi.org/10.1145/2635868.2635929,"Crossref API (https://api.crossref.org/works/10.1145/2635868.2635929: six authors, FSE'14 proceedings, pp 654-665); OpenAlex abstract (https://api.openalex.org/works/doi:10.1145/2635868.2635929); Semantic Scholar API cross-check.",completeness critic r2,deepread_r2_b0.json
"Marin B, Gleeson P, Cantarelli M, et al. (2014). Automated code generation from LEMS, the general purpose model specification language underpinning NeuroML2. BMC Neuroscience 15(Suppl 1):P45.",2014,"LEMS/NeuroML2 hybrid dynamical systems; single-cell models translated to C (Sundials), XPPAUT, MATLAB and Modelica","no; a conference abstract describing code generators, with no fault seeding.",unclear; the abstract reports runnable single-cell simulations on several platforms but describes no stimulation protocols.,no; no feature extraction or quantitative output comparison is described.,no; not addressed.,no; reports initial feasibility only.,"no; translation uses deterministic, template-based generators working from a flattened, dimensionless intermediate format (dLEMS).",unclear; the abstract says the tools are open source but gives no repository URL in the retrieved text,"Describes the kind of LEMS-to-simulator translation NeuroSem aims to test, and reports only that the generated simulations run. NeuroSem would check whether such translations preserve behaviour, using multi-protocol feature comparison with refinement-calibrated tolerances and seeded faults.",1,paper,10.1186/1471-2202-15-s1-p45,https://doi.org/10.1186/1471-2202-15-s1-p45,"Crossref (title, authors, BMC Neuroscience vol 15 suppl S1, P45, 2014-07); Europe PMC full text PMC4126487 (CNS*2014 abstract body read).",WebSearch site:ieeexplore.ieee.org large language model generate computational neuroscience model code NEURON Brian (PMC link); verified via Crossref | Europe PMC citations of NeuroML 2010 (PMC4126487); Crossref-verified,deepread_r1_b22.json
"Tripathy SJ, Savitskaya J, Burton SD, et al. (2014). NeuroElectro: a window to the world's neuron electrophysiology data. Frontiers in Neuroinformatics 8: 40.",2014,"Literature-mined database of neuron electrophysiological properties (not models); Python library, REST API and web application",no - no models or perturbations; text-mining and curation of published measurements.,no - aggregates reported property values; no stimulation of models.,"yes - catalogues properties such as input resistance, resting potential and spike amplitude under a purpose-built electrophysiology ontology.",no - no protocol selection.,partial - text-mining concept matching validated on a manually curated sample of 279 articles; unrelated to model testing.,"no - uses text-mining and fuzzy string matching, not AI-edited models or code.","NeuroElectro https://github.com/neuroelectro/neuroelectro (URL stated in paper; GitHub API reports the repo moved, target not resolved due to rate limit)","NeuroElectro supplies experimental reference values for testing models against data; it mentions early SciUnit-based model testing. NeuroSem compares an edited model with its own reference model, so it needs no experimental database.",1,paper,10.3389/fninf.2014.00040,https://doi.org/10.3389/fninf.2014.00040,"Crossref works API (title, 5 authors, Front Neuroinform 8, 2014-04-29); Europe PMC REST search (abstract, PMID 24808858, PMC4010726); Europe PMC fullTextXML (validation sample, SciUnit mention, code URL, CC BY 3.0).",completeness critic r2,deepread_r2_b8.json
"Vella, M., Cannon, R. C., Crook, S., et al. (2014). libNeuroML and PyLEMS: using Python to combine procedural and declarative modeling approaches in computational neuroscience. Frontiers in Neuroinformatics, 8.",2014,"NeuroML v2 / LEMS neuron, ion channel, synapse and network models (Python APIs; tool paper)","no - APIs read, create and modify NeuroML/LEMS programmatically, but no mutation operators or mutant studies.",no - example simulations only (e.g. Hindmarsh-Rose in PyLEMS); no stimulus battery.,no - no feature extraction described.,no - none.,"no - software description; notes schema validation checks structure, not scientific behaviour.",no - not discussed.,libNeuroML https://github.com/NeuralEnsemble/libNeuroML (GitHub API license BSD-3-Clause; PyPI 0.6.7 license field BSD-2-Clause - discrepancy); PyLEMS https://github.com/LEMS/pylems (LGPL-3.0; PyPI 0.6.9),Infrastructure NeuroSem would reuse to apply mutations and valid transformations to NeuroML/LEMS. Not a competing method; NeuroSem adds behavioural drift detection beyond structural schema validation.,1,paper,10.3389/fninf.2014.00038,https://doi.org/10.3389/fninf.2014.00038,"Crossref works API (title, eight authors, vol 8, 2014-04-23); Europe PMC search (PMID 24795618, PMC4005938, abstract) and fullTextXML keyword read; libNeuroML GitHub README (cites this DOI); GitHub REST API repo metadata (licenses); PyPI JSON API (versions, license fields).","PubMed E-utilities 'NeuroML' | OpenAlex search 'neuron model continuous integration testing NeuroML conversion validation' | Europe PMC: 'reproducibility AND ""neuron models"" AND (simulator OR NeuroML)'; Europe PMC: 'LEMS AND NeuroML'; Europe PMC: '""OSB Model Validation"" OR (""Open Source Brain"" AND ""model validation"")' (+1 more) [fallback source used because arXiv/OpenAlex were rate-limited] | DOI in README of GitHub NeuralEnsemble/libNeuroML; verified via Crossref works API | OpenAlex search; Europe PMC citations (18) | WebSearch LLM/NeuroML query; NCBI idconv; Crossref",deepread_r1_b15.json
"Barr, E. T., Harman, M., McMinn, P., et al. (2015). The Oracle Problem in Software Testing: A Survey. IEEE Transactions on Software Engineering, 41(5), 507-525.",2015,general software (survey of test-oracle techniques),no - survey of oracle approaches; mutation is not its method.,unclear - survey level; no stimulation protocols; full text not retrieved.,no - no neuroscience or signal-feature content in the abstract.,no - abstract does not describe test or input selection.,"no - survey, not an empirical evaluation.",no - AI-generated edits not mentioned in the abstract.,none,Background only. NeuroSem would instantiate a derived oracle (reference-model comparison) with tolerances calibrated by numerical refinement for neuron models.,1,paper,10.1109/tse.2014.2372785,https://doi.org/10.1109/tse.2014.2372785,"Crossref api.crossref.org/works/10.1109/tse.2014.2372785 (authors, vol 41 issue 5 pp 507-525, issued 2015-05); abstract from OpenAlex and Semantic Scholar APIs; full text blocked (IEEE 418, UCL Discovery 403). OpenAlex lists year 2014 (online first); Crossref issued year used.",OpenAlex search 'increasing validity of simulation models through metamorphic testing'; verified via Crossref,deepread_r1_b25.json
"Kamali AH, Giannoulatou E, Chen TY, et al. (2015). How to test bioinformatics software? Biophysical Reviews 7(3):343-352.",2015,General bioinformatics/scientific software (review; examples from systems biology simulators and genomic medicine),"partial - reviews mutation analysis (fault-injected mutants, mutation score) for judging test effectiveness; reports no new mutation study.",no - review of testing methods; no stimulation protocols.,no - no electrophysiology or neuron models discussed.,"partial - discusses test case selection (adaptive random testing, diverse metamorphic relations); no stimulus-protocol selection.",no - review; no held-out evaluation.,no - no AI-assisted transformations.,none,"Background review of testing concepts NeuroSem draws on (N-version, metamorphic, random/adaptive random testing, mutation analysis; SBML simulator comparisons). NeuroSem would contribute a concrete neuron-model instantiation with electrophysiology fingerprints, refinement-calibrated tolerances, protocol selection and held-out evaluation.",1,paper,10.1007/s12551-015-0177-3,https://doi.org/10.1007/s12551-015-0177-3,"Crossref https://api.crossref.org/works/10.1007/s12551-015-0177-3 (title, 6 authors, Biophys Rev vol 7 issue 3 pp 343-352, issued 2015-08-13); Europe PMC REST search DOI (PMID 28510230, PMC5425734, abstract); NCBI efetch (publisher blocks XML full text); PMC HTML article https://pmc.ncbi.nlm.nih.gov/articles/PMC5425734/ read via WebFetch (section headings and content).","OpenCitations Index v2 /citations of anchor DOI, then Crossref /works/<doi> for metadata (cites Hook & Kelly 2010)",deepread_r2_b12.json
"Kanewala U, Bieman JM, Ben-Hur A (2015). Predicting metamorphic relations for testing scientific software: a machine learning approach using graph kernels. Software Testing, Verification and Reliability 26(3):245-269.",2015,General scientific software functions (program control-flow/data-dependency graphs),unclear - the abstract does not mention mutation-based assessment; full text not accessed.,"no - predicts metamorphic relations from program structure, not stimulus sets.",no - not a neuroscience domain.,partial - machine learning predicts which metamorphic relations apply; no cost-constrained test selection.,unclear - reports prediction accuracy of graph-kernel classifiers; split details not read.,"no - ML is used to build test oracles, not to transform models.",none named; the abstract links a dataset of functions at cs.colostate.edu,Automates finding test oracles for generic code. NeuroSem needs no predicted relations: it compares reference and transformed neuron models on electrophysiology features and learns a compact protocol battery.,1,paper,10.1002/stvr.1594,https://doi.org/10.1002/stvr.1594,"Crossref works API (authors, STVR vol 26 issue 3 pp. 245-269, issued 2015-11-16, full abstract); OpenAlex W2280554095 matches. Semantic Scholar lists year 2016, likely the issue year; Crossref's 2015 online date is used.",Crossref bibliographic query (metamorphic testing scientific simulation software); verified via Crossref works API | Crossref 'metamorphic testing scientific simulation software'; verified via Crossref,deepread_r1_b33.json
"Topalidou, M., Leblois, A., Boraud, T., et al. (2015). A long journey into reproducible computational neuroscience. Frontiers in Computational Neuroscience, 9.",2015,basal ganglia action-selection network model re-implemented from Delphi into Python (DANA); commentary,no - no mutants; describes a manual full re-implementation.,no - no systematic stimulation battery; goal was reproducing the original published results.,no - no single-cell electrophysiological feature extraction.,no - none.,no - single anecdotal reproduction case.,no - human rewrite; no AI involvement.,Re-implementation code cited in article text at https://github.com/rougier/Neurosciences/tree/master/basal-ganglia/guthrie-et-al-2013 (link not separately fetched),Motivating case: translating/re-implementing a model is error-prone and slow to confirm. NeuroSem would supply systematic multi-stimulus behavioural comparison after translation rather than a narrative account.,1,paper,10.3389/fncom.2015.00030,https://doi.org/10.3389/fncom.2015.00030,"Crossref works API (title, authors, vol 9, 2015-03-05); Semantic Scholar Graph API (abstract, PMID 25798104, PMC4350388); full text read via Europe PMC fullTextXML.",Semantic Scholar Graph API search 'reproducibility regression testing computational neuroscience'; metadata verified via Crossref,deepread_r1_b15.json
"Almog M, Korngreen A (2016). Is realistic neuronal modeling realistic? Journal of Neurophysiology 116:2180-2209.",2016,"Multicompartment conductance-based layer 5 pyramidal neuron models (three published models; per PMC page read: Mainen & Sejnowski 1996, Schaefer et al. 2003, Hay et al. 2011)",no - published models are challenged as released; no seeded faults or systematic single-change mutants in the abstract or accessible text.,partial - three computational challenges beyond original use; Challenge I is proximal apical dendritic current injection with axonal sodium block; others not read.,partial - qualitative comparison of somatic and dendritic spiking (e.g. isolated dendritic calcium spikes) with recordings; no standardised feature extraction.,no - challenges are hand-chosen by the authors to probe model limits.,"partial - challenges probe behaviour outside each model's original design targets, conceptually out-of-sample, but there is no formal held-out design.",no - review and critique of human-built models; no AI transformations.,none,"Motivating critique: models that meet their original targets can fail new challenges. NeuroSem asks a different question, whether an edited model still matches its own reference, using automated protocols, features, mutants and protocol selection.",1,paper,10.1152/jn.00360.2016,https://doi.org/10.1152/jn.00360.2016,"Crossref api.crossref.org/works/10.1152/jn.00360.2016 (title, 2 authors, vol 116, pp 2180-2209, abstract); Europe PMC search (PMID 27535372, PMC5102320, not OA; fullTextXML and NCBI efetch returned no body); WebFetch pmc.ncbi.nlm.nih.gov/articles/PMC5102320 (partial, Challenge I only).","Europe PMC '""simulator"" AND ""NeuroML"" AND convergence AND comparison'",deepread_r1_b16.json
"Ding J, Zhang D, Hu X-H (2016). An application of metamorphic testing for testing scientific software. Proceedings of the 1st International Workshop on Metamorphic Testing (held with ICSE '16), pp. 37-43. ACM.",2016,General scientific software (ADDA discrete dipole approximation light-scattering code),"unclear - the abstract does not mention mutation analysis; full text not accessed (ACM, closed access).","partial - metamorphic relations run related input groups, but these are not neural stimuli.",no - not a neuroscience domain.,partial - metamorphic relations are refined iteratively during testing; no formal selection or optimization is described.,no - an experience report on a single program.,no - none.,none reported in abstract (subject program: ADDA),"Generic prior art on metamorphic testing of scientific code. NeuroSem would use differential reference-vs-transformed comparison with neuroscience protocols, eFEL features, calibrated tolerances and greedy battery selection.",1,paper,10.1145/2896971.2896981,https://doi.org/10.1145/2896971.2896981,"Crossref works API (title, authors, ACM proceedings, pp. 37-43, 2016-05-14, ICSE '16 event); abstract from OpenAlex W2396273285; Semantic Scholar record matches (abstract elided, closed access).",Crossref bibliographic query (metamorphic testing scientific simulation software); verified via Crossref works API,deepread_r1_b33.json
"McDougal RA, Bulanova AS, Lytton WW (2016). Reproducibility in Computational Neuroscience Models and Simulations. IEEE Transactions on Biomedical Engineering, 63(10), 2021-2035.",2016,computational neuroscience models and simulators in general (review),"no; reviews version control, documentation, modularity and model-sharing practices.",no; stimulation protocols are not a topic of the review.,no; no feature-based comparison method described.,no; no test or protocol selection.,no; narrative review.,no; not discussed.,"none (surveys simulators, NeuroML/jNeuroML, ModelDB and related tools)","Background on reproducibility infrastructure; notes NeuroML conversion to several simulators encourages reproducibility testing, but proposes no behavioural regression method. NeuroSem would supply one.",1,paper (review),10.1109/tbme.2016.2539602,https://doi.org/10.1109/tbme.2016.2539602,"Crossref works API (metadata, volume/issue/pages); Europe PMC core record PMID 27046845 (structured abstract); NCBI PMC efetch PMC5016202 full text keyword-scanned.","Europe PMC '""model conversion"" AND NeuroML', 'NeuronUnit', 'cross-simulator AND neuron' | Europe PMC: 'reproducibility AND ""neuron models"" AND (simulator OR NeuroML)'; Europe PMC: 'NeuroML'; Europe PMC: 'LEMS AND NeuroML' (+2 more) [fallback source used because arXiv/OpenAlex were rate-limited] | Europe PMC citations of NeuroML 2010, LEMS, libNeuroML, ModelDB 2004 | Europe PMC 'model conversion AND neuron AND simulator AND reproducibility'; verified via Crossref",deepread_r1_b17.json
"Pillow JW, Park M (2016). Adaptive Bayesian Methods for Closed-Loop Neurophysiology. In: Closed Loop Neuroscience (Elsevier), pp. 3-18.",2016,"statistical neural response models (nonlinear response surfaces, linear receptive fields) per Semantic Scholar auto summary",no - available summary describes active learning for response-model estimation; no fault injection indicated (abstract not accessible).,"yes - closed-loop adaptive choice among many stimuli, per Semantic Scholar auto-generated summary.",unclear - abstract and full text not accessible; summary mentions response surfaces and receptive fields only.,"yes - Bayesian active learning to choose stimuli in closed loop, per Semantic Scholar summary; details unverified.",unclear - chapter content not accessible in this session.,no - nothing in available metadata indicates AI-assisted model edits.,unclear - none identified,Background on adaptive Bayesian stimulus selection for model estimation. NeuroSem targets offline selection of a regression battery for detecting edits to conductance-based NeuroML models; no mutation or held-out component is indicated here.,1,paper (book chapter),10.1016/b978-0-12-802452-2.00001-9,https://doi.org/10.1016/b978-0-12-802452-2.00001-9,"Crossref works API (book-chapter, pp. 3-18, ISBN 9780128024522); OpenAlex work record (author names); Semantic Scholar API (abstract elided by publisher, TLDR only); doi.org resolves to Elsevier linkinghub; ScienceDirect fetch blocked (403)",WebSearch Bayesian active learning stimulus query; Crossref title query,deepread_r1_b38.json
"Scott-Brown J, Papachristodoulou A (2016). sbml-diff: A Tool for Visually Comparing SBML Models in Synthetic Biology. ACS Synthetic Biology 6(7):1225-1229.",2016,SBML biochemical reaction network models (synthetic/systems biology),no - compares existing model versions; no fault seeding.,no - produces static diagrams; no simulation or stimulation.,"no - structural diagram views of species, reactions, rules and events only.",no - not applicable.,no - tool description; no evaluation split.,no - no AI involvement.,sbml-diff https://github.com/jamesscottbrown/sbml-diff (BSD-3-Clause per GitHub API and abstract),"Represents structural/visual model-version diffing without simulation. NeuroSem addresses behavioural changes that structural comparison cannot reveal, by simulating model versions under multiple stimuli and comparing calibrated electrophysiology features.",1,paper,10.1021/acssynbio.6b00273,https://doi.org/10.1021/acssynbio.6b00273,"Crossref https://api.crossref.org/works/10.1021/acssynbio.6b00273 (title, 2 authors, ACS Synth Biol vol 6 issue 7 pp 1225-1229, issued 2016-12-30, abstract); GitHub REST https://api.github.com/repos/jamesscottbrown/sbml-diff (BSD-3-Clause). Year follows Crossref issued date (2016); volume/issue are 2017.","OpenCitations Index v2 /citations of anchor DOI, then Crossref /works/<doi> for metadata (cites Scharm et al. 2016 model-difference detection)",deepread_r2_b12.json
Allen Institute for Brain Science (2017). IPFX: Intrinsic Physiology Feature Extractor. GitHub software (AllenInstitute/ipfx; PyPI ipfx 2.1.2).,2017,experimental whole-cell intracellular electrophysiology recordings (NWB datasets); not a model-testing tool,no - README and docs cover data QC and feature computation; no mutants.,yes - a stimulus ontology tags sweeps by type (e.g. short and long square) and computes stimulus-specific cell features.,"yes - action-potential and spike-train features such as threshold and adaptation index, plus stimulus-specific features.",no - no selection or optimisation of stimulus sets; the ontology only maps and filters recorded sweeps.,no - no held-out model or fault evaluation.,no - no AI-generated or AI-edited models.,IPFX - https://github.com/AllenInstitute/ipfx (Allen Institute Software License: BSD-2 plus non-commercial redistribution clause; GitHub NOASSERTION; PyPI 2.1.2),Possible alternative feature extractor; its licence restricts commercial redistribution. NeuroSem's contribution is not feature extraction but mutation-calibrated regression testing with selected protocols and held-out evaluation.,1,software,,https://github.com/AllenInstitute/ipfx,"GitHub REST API repo JSON (created 2017-12-10, license NOASSERTION); raw README.md, LICENSE, AUTHORS.rst and docs/stimuli.rst; ipfx.readthedocs.io landing page; PyPI JSON (2.1.2 uploaded 2025-12-10, classifier Other/Proprietary, author Allen Institute for Brain Science).",GitHub search ipfx electrophysiology; PyPI JSON ipfx 2.1.2,deepread_r1_b31.json
"McDougal RA, Morse TM, Carnevale T, et al. (2017). Twenty years of ModelDB and beyond: building essential modeling tools for the future of neuroscience. Journal of Computational Neuroscience, 42(1), 1-10.",2017,Repository of published computational neuroscience models (mostly NEURON; some NeuroML); not a testing method,"no - describes model sharing, curation and reuse; no seeded faults or mutants.","no - notes users can rerun models with new inputs, but defines no stimulation battery.","no - no feature extraction; ModelView shows model structure and parameters, not response features.",no - no protocol selection of any kind.,no - a descriptive resource paper with no evaluation design.,no - no AI or automated model editing discussed.,ModelDB https://modeldb.science,"Context and a possible provenance source only. ModelDB supports sharing, auto-launch and viewing; NeuroSem would add behavioural regression testing of edited models, which ModelDB does not provide.",1,paper,10.1007/s10827-016-0623-7,https://doi.org/10.1007/s10827-016-0623-7,"Crossref API (title, 9 authors, JCNS 42(1):1-10; online 2016-09-15, print issue 2017-02); Europe PMC abstract (PMID 27629590, PMC5279891); NCBI efetch PMC full text scanned for validation/testing/NeuroML passages.",PubMed E-utilities 'ModelDB[tiab]' and 'reproducibility[tiab] AND ModelDB' | OpenAlex search (anchor); Europe PMC citations (170),deepread_r1_b19.json
NeuroML [GitHub organization; individual authors unverified] (2017). mod2neuroml: pipelines for generating NeuroML2/LEMS from mod files (NEURON simulator). GitHub.,2017,NMODL ion-channel mechanisms to NeuroML2/LEMS (conversion route notes),no; repository contains only a README.,no; no test or simulation content in the repository.,no.,no.,no.,no.,mod2neuroml https://github.com/NeuroML/mod2neuroml (README only; no license file); points to pynmodl https://github.com/borismarin/pynmodl and pyNeuroML channel-analysis tools,A pointer document to NMODL-to-NeuroML conversion routes with no behavioural checking. Relevant only as a source of translation transformations whose behaviour preservation NeuroSem could test.,1,software,,https://github.com/NeuroML/mod2neuroml,"GitHub REST API (metadata, recursive tree showing a single README.md, contributors via gh api); raw README.md.",GitHub search org:NeuroML NeuroML2,deepread_r1_b32.json
"Rougier, N. P., Hinsen, K., Alexandre, F., et al. (2017). Sustainable computational science: the ReScience initiative. PeerJ Computer Science, 3, e142.",2017,general computational science replications (article reports most published replications are computational neuroscience),no: independent reimplementations of published studies; no deliberate fault injection.,"no: replications judged against the original figures and behaviour, not a stimulation battery.",no: no feature extraction; whether results are similar enough is left to expert reviewers.,no: no test selection method.,"no: describes a publishing initiative and review process, not an evaluated detection method.",no: human reimplementations; no AI-generated code.,"ReScience journal platform, https://rescience.github.io (GitHub-hosted submissions)","Provides a venue and open human review for independent reimplementations. NeuroSem would supply automated, calibrated multi-protocol behavioural comparison that could inform such judgments, without claiming equivalence.",1,paper,10.7717/peerj-cs.142,https://doi.org/10.7717/peerj-cs.142,"Crossref works API (journal-article, PeerJ, vol 3, e142; 45 authors in Crossref vs 46 noted in input, citation uses et al.); Europe PMC core record (PMID 34722870, PMC8530091); Europe PMC full text scanned; rescience.github.io returned HTTP 200.","Europe PMC: 'SciUnit OR NeuronUnit'; Europe PMC: 'SciUnit AND (framework OR validation) AND model'; Europe PMC: '""OSB Model Validation"" OR (""Open Source Brain"" AND ""model validation"")' [fallback source used because arXiv/OpenAlex were rate-limited] | OpenAlex search (anchor); Europe PMC citations (42)",deepread_r1_b29.json
"Akolekar N., Singh A. (2018). mod2nml: NMODL to NeuroML language translator. GitHub.",2018,NMODL ion-channel files to NeuroML (lexer plus template translator; course project),no; translator only.,no; inspected source runs no simulations.,no.,no.,no; no evaluation of translated versus original behaviour found.,"no; rule/regex-based translation, not AI.",mod2nml https://github.com/ninadakolekar/mod2nml (archived; no license file detected),An unvalidated NMODL-to-NeuroML translator; NeuroSem does not translate but would test whether such translations preserve electrophysiological behaviour under multiple protocols.,1,software,,https://github.com/ninadakolekar/mod2nml,"GitHub REST API (metadata incl. archived flag, recursive tree, contributors via gh api); raw README.md (names collaborators Ninad Akolekar and Ankur Singh), src/translator.py, src/app.py.",GitHub search topic:neuroml,deepread_r1_b32.json
"Blundell I, Brette R, Cleland TA, et al. (2018). Code Generation in Computational Neuroscience: A Review of Tools and Techniques. Frontiers in Neuroinformatics, 12, 68.",2018,"review of code-generation pipelines for neuron/network model description languages (NeuroML/LEMS, NESTML, NineML, NMODL, Brian, GeNN, SpineML, etc.)",no; a review with no fault seeding,no,no,no,no,"no; covers rule-based code generators, not AI-driven edits","none (reviews Brian, GeNN, Myriad, NESTML, NeuroML/LEMS/jLEMS, NineML/Pype9, NEURON/NMODL, SpineML, The Virtual Brain)",Background on the translation step whose correctness NeuroSem would test; the review barely addresses verifying generated code. NeuroSem would add behavioural regression testing of such translations and edits.,1,paper,10.3389/fninf.2018.00068,https://doi.org/10.3389/fninf.2018.00068,"Crossref works API (29 authors, vol 12, article 68, 2018-11-05); Europe PMC MED 30455637 abstract; PMC6230720 full text checked for testing/verification content","Europe PMC 'pyNeuroML OR jNeuroML' | Europe PMC: 'reproducibility AND ""neuron models"" AND (simulator OR NeuroML)'; Europe PMC: 'LEMS AND NeuroML'; Europe PMC: 'jNeuroML OR ""jLEMS""' [fallback source used because arXiv/OpenAlex were rate-limited]",deepread_r1_b18.json
"Miłkowski, M., Hensel, W. M., & Hohol, M. (2018). Replicability or reproducibility? On the replication crisis in computational neuroscience and sharing only relevant detail. Journal of Computational Neuroscience, 45(3), 163-172.",2018,conceptual / methodological analysis of computational neuroscience models in general,no,no,no,no,no,no,none,"Offers definitions: replication reruns original code, reproduction rebuilds a model without it. NeuroSem is an empirical testing method that gives finite evidence (not proof) of preserved tested behaviour after edits or translation; this paper supplies framing only.",1,paper,10.1007/s10827-018-0702-z,https://doi.org/10.1007/s10827-018-0702-z,"Crossref works API (authors, JCNS 45(3):163-172, 2018-10-31); OpenAlex abstract; Springer open-access PDF keyword scan (LEMS/NeuroML named only as examples of description languages).",OpenAlex search; Europe PMC citations of NeuroML 2010 and LEMS 2014,deepread_r1_b34.json
"Tebaykin, D., Tripathy, S. J., Binnion, N., et al. (2018). Modeling sources of interlaboratory variability in electrophysiological properties of mammalian neurons. Journal of Neurophysiology, 119, 1329-1339.",2018,Statistical (random forest) meta-analysis of experimental metadata versus published rodent neuron electrophysiology (NeuroElectro); no mechanistic neuron models,no - observational curation of 509 articles; no controlled alterations.,"no - uses reported summary values, not simulated or applied stimulation protocols.","yes - curated features such as resting potential, input resistance, AP half-width, rheobase, AHP amplitude, max firing rate, adaptation ratio.","no - selects explanatory metadata covariates, not stimulation protocols.",partial - repeated 10-fold cross-validation and out-of-sample R2 for statistical models; no held-out models or fault families.,no - none.,NeuroElectro https://github.com/neuroelectro/neuroelectro_org; analysis code https://github.com/dtebaykin/InterLabEphysVar (licenses unverified),"Concerns experimental-condition variability in measured data, useful background on feature sensitivity; NeuroSem addresses behavioural drift in computational models after transformations and would not reuse this method directly.",1,paper,10.1152/jn.00604.2017,https://doi.org/10.1152/jn.00604.2017,"Crossref works API (vol 119, pp 1329-1339); Europe PMC metadata (PMID 29357465, PMC5966732); PMC full-text page pmc.ncbi.nlm.nih.gov/articles/PMC5966732 (methods, code availability)",Europe PMC citations of NeuroML 2010 and ModelDB 2004,deepread_r1_b36.json
"Kanewala, U., & Chen, T. Y. (2019). Metamorphic Testing: A Simple Yet Effective Approach for Testing Scientific Software. Computing in Science & Engineering, 21(1), 66-72.",2019,general scientific software without test oracles,unclear - abstract only (closed access); no mutation analysis mentioned in abstract.,"partial - metamorphic testing checks relations across related inputs; generic, not neuronal stimulation protocols.",no - abstract describes no domain-specific feature extraction.,no - presents MT as a practice for scientists; no test selection or optimization described in abstract.,no - tutorial article; no held-out evaluation described in abstract.,no - abstract does not address AI-generated transformations.,none,"Advocates MT for oracle-less scientific code generally. NeuroSem would instantiate perturbation-based checks for neuron models with calibrated feature tolerances, mutants, and optimized, held-out-evaluated batteries.",1,paper (tutorial / perspective article),10.1109/mcse.2018.2875368,https://doi.org/10.1109/mcse.2018.2875368,"Crossref api.crossref.org/works/10.1109/mcse.2018.2875368 (vol 21(1) pp 66-72, 2019; Crossref splits second author as given 'Tsong', family 'Yueh Chen'; cross-checked as Tsong-Yueh Chen via Semantic Scholar); Semantic Scholar Graph API (abstract); Unpaywall (closed). DBLP record fetch blocked by bot check.",WebSearch 'metamorphic testing scientific simulation software' + Crossref title query; metadata verified via Crossref api.crossref.org/works | WebSearch site:ieeexplore.ieee.org metamorphic testing simulator computational biology bioinformatics; verified via Crossref | Crossref: 'metamorphic testing scientific software'; metadata confirmed via Crossref /works/<doi> [fallback source used because arXiv/OpenAlex were rate-limited],deepread_r1_b13.json
"Komendantov AO, Venkadesh S, Rees CL, et al. (2019). Quantitative firing pattern phenotyping of hippocampal neuron types. Scientific Reports 9: 17915.",2019,No computational neuron models; classification of published experimental firing responses of rodent hippocampal neuron types (Hippocampome.org),no - analyses digitised experimental recordings; no models are edited or perturbed.,"partial - uses suprathreshold step-current pulses of varied amplitude and duration from literature; only depolarizing steps, not a designed battery.","yes - first-spike delay, normalised ISIs, post-firing silence and slow-wave amplitude feed objective rules classifying transient and steady-state firing patterns.",no - no stimulus or protocol selection; classification criteria are fixed.,no - clustering of pattern phenotypes and statistical associations; no train/test split reported.,no - no AI-generated or AI-edited models or code.,"none as a package; firing-pattern parameters, spike times and analysis scripts released via Hippocampome.org (per abstract; not separately inspected)","Offers a rule-based firing-pattern taxonomy NeuroSem could adapt for its qualitative firing-regime feature. It does not test models, edits or protocols; NeuroSem would add fault detection and battery selection.",1,paper,10.1038/s41598-019-52611-w,https://doi.org/10.1038/s41598-019-52611-w,"Crossref works API (title, 6 authors, Sci Rep 9, article 17915, 2019-11-29, CC BY 4.0); Europe PMC REST search (abstract, PMID 31784578, PMC6884469); Europe PMC fullTextXML (methods: data sources, extracted parameters, SPSS clustering, MATLAB).",completeness critic r2,deepread_r2_b8.json
"Stockton, D. B., Prinz, A. A., & Santamaria, F. (2019). Provenance and Reproducibility in the Automation of a Standard Computational Neuroscience Pipeline. Proceedings of the 2nd International Workshop on Practical Reproducible Evaluation of Computer Systems (P-RECS), 7-12.",2019,computational neuroscience simulation workflows managed by NeuroManager; specific neuron models not verified (abstract only),no - abstract describes workflow automation and provenance capture; no fault injection or mutants reported.,"unclear - automates simulation scheduling across servers, clusters and clouds; stimulus design not described in abstract, full text blocked.","unclear - pipeline spans experiment, data, modeling and analysis; feature extraction not detailed in the abstract.",no - abstract mentions no selection or optimisation of test or stimulation protocols.,no - reviews the authors' tooling work; no held-out evaluation described in abstract.,no - no AI-generated or AI-edited models mentioned.,NeuroManager - https://github.com/SantamariaLab/NeuroManager (GitHub API license field NOASSERTION),"Concerns provenance and job automation for running simulations; NeuroSem could borrow run-provenance practice but adds behavioural-change detection via mutants, protocol selection and held-out tests.",1,paper,10.1145/3322790.3330592,https://doi.org/10.1145/3322790.3330592,"Crossref API (metadata); Semantic Scholar API (abstract); GitHub REST via gh (repo search and metadata); ACM DL PDF returned a Cloudflare challenge, so full text not read.",Semantic Scholar API forward citations of NeuroML 2010; Crossref-verified,deepread_r1_b37.json
"Venkadesh S, Komendantov AO, Wheeler DW, et al. (2019). Simple models of quantitative firing phenotypes in hippocampal neurons: Comprehensive coverage of intrinsic diversity. PLOS Computational Biology, 15(10), e1007462.",2019,"Izhikevich simple phenomenological models (point neurons and compact multi-compartment, up to four compartments) for ~120 hippocampal neuron types/subtypes; single-compartment versions offered in NeuroML via Hippocampome.org",no: models are fitted to experimental phenotypes with evolutionary algorithms; no deliberate faults or edits are introduced,"yes: several somatic current-injection amplitudes per neuron type used as constraints, since some types change spiking/bursting class with input","yes: feature-based error function using first-spike latency, post-spike silence, adaptation, ISI counts, burst features, plus rheobase constraints",no: stimulation amplitudes come from recorded experiments; no selection of informative protocols,no: methods report no held-out models or inputs for assessing fits or any testing procedure,no: no AI-assisted model transformation; evolutionary fitting only,"Hippocampome-Org/Time, https://github.com/Hippocampome-Org/Time (optimization and simulation scripts); models via http://hippocampome.org","Characterizes firing phenotypes across stimuli for model fitting, not regression testing. Mainly relevant as a possible source of diverse NeuroML fixtures (license and current NeuroML validity unverified). NeuroSem adds mutants, tolerances, selection and held-out testing.",1,paper,10.1371/journal.pcbi.1007462,https://doi.org/10.1371/journal.pcbi.1007462,"Crossref API (https://api.crossref.org/works/10.1371/journal.pcbi.1007462); Europe PMC core record (PMID 31658260, PMC6837624) abstract; Europe PMC full-text XML methods; GitHub repo URL returned HTTP 200.",OpenAlex: 'NeuroML mutation testing',deepread_r1_b30.json
"Kumbhar P., Awile O., Keegan L., et al. (2020). An Optimizing Multi-platform Source-to-source Compiler Framework for the NEURON MODeling Language. Computational Science - ICCS 2020, Lecture Notes in Computer Science, pp. 45-58.",2020,"NMODL mechanism files (ion channels, synapses) for NEURON/CoreNEURON; source-to-source compiler and code generator, benchmarked on large brain-tissue network simulations","no - no fault injection or mutants; transformations are compiler optimization passes (inlining, symbolic simplification, optional Pade approximation of exponentials).","no - evaluation is kernel and whole-simulation performance benchmarking on two production circuit models, not a stimulation battery.","no - retrieved text reports speedups; numerical validation against the original transpiler is only mentioned as enabled, with no feature comparison.","no - optimization targets generated-code performance, not the selection of test protocols.","no - parser compatibility shown on 6,370 ModelDB channels; no discovery/held-out split of models or faults.","no - rule-based AST and SymPy transformations, not AI-generated edits.","NMODL Framework - https://github.com/BlueBrain/nmodl (GitHub API: Apache-2.0, repository archived)","Produces translations intended to preserve behaviour (NMODL to C++/ISPC, AST optimizations, optionally approximated exponentials); it is not a behavioural test method. NeuroSem would supply the complementary check this paper does not report: multi-protocol current-clamp feature fingerprints with refinement-calibrated tolerances, mutant-calibrated protocol selection and held-out evaluation, at the NeuroML/LEMS level rather than NMODL.",1,paper,10.1007/978-3-030-50371-0_4,https://doi.org/10.1007/978-3-030-50371-0_4,"Crossref API (DOI metadata: title, 7 authors, LNCS / ICCS 2020, pp. 45-58); Semantic Scholar batch API (LNCS abstract; externalIds link PMC7302241 and arXiv 1905.02241); Europe PMC search record PMC7302241; arXiv abs page and arXiv v1 PDF text extracted locally with pypdf (validation, ModelDB and GitHub reference [50] passages); GitHub REST API for BlueBrain/nmodl. Note: arXiv v1 abstract reports ~10x production speedup, LNCS abstract ~7x (version difference, not a metadata conflict).","WebSearch site:ieeexplore.ieee.org large language model generate computational neuroscience model code NEURON Brian (arXiv 1905.02241 link); verified via Crossref | Europe PMC: '(""code translation"" OR ""model translation"") AND (NEURON OR NeuroML OR Brian) AND neuron' (record PMCID PMC7302241; no DOI in retrieved record) [fallback source used because arXiv/OpenAlex were rate-limited]",deepread_r1_b23.json
"Valadez-Godínez S, Sossa H, Santiago-Montero R (2020). On the accuracy and computational cost of spiking neuron implementation. Neural Networks.",2020,"Spiking point-neuron models: Hodgkin-Huxley (direct and tabulated rate functions), Izhikevich, leaky integrate-and-fire","partial - systematically varies simulation parameters and table discretisation, but these are benchmark settings, not single-fault mutants.","partial - constant and random input currents under balanced, lower and upper boundary conditions in regular-spiking mode.",partial - normalised accuracy metrics; argues firing frequency alone is insufficient to judge simulation accuracy.,"no - multiobjective optimisation targets simulation parameters (accuracy versus cost), not stimulus protocols.","unclear - abstract only; no held-out split described there, full text not accessed.",no - none.,unclear - not stated in the abstract; full text (Elsevier) not accessed,"Relevant background for numerical mutants and refinement tolerances. NeuroSem treats numerical changes as one fault family inside a detection and protocol-selection framework, not as accuracy-cost benchmarking.",1,paper,10.1016/j.neunet.2019.09.026,https://doi.org/10.1016/j.neunet.2019.09.026,"Crossref API (vol 122, pp 196-217); Europe PMC REST (PMID 31689679) abstract; doi.org resolves to Elsevier linkinghub (full text not read)",PubMed E-utilities 'time step[tiab] AND neuron model AND numerical accuracy',deepread_r1_b20.json
"Arvanitou, E.-M., Ampatzoglou, A., Chatzigeorgiou, A., et al. (2021). Software engineering practices for scientific software development: A systematic mapping study. Journal of Systems and Software, 172, 110848.",2021,general scientific software (systematic mapping study of 359 papers),no - mapping study; keyword scan of preprint found no mention of mutation testing.,no - not applicable; catalogues software-engineering practices rather than testing models.,no - no domain-specific behavioural features.,no - no test selection or minimisation method proposed.,no - literature mapping; no method is evaluated.,no - AI-assisted code changes not found in scanned text.,none,"Background survey noting testing and V&V as valued but under-adopted in scientific software; NeuroSem is a concrete neuroscience-specific testing method, not a survey.",1,paper,10.1016/j.jss.2020.110848,https://doi.org/10.1016/j.jss.2020.110848,"Crossref API (metadata; issued Feb 2021, online 2020 per OpenAlex); OpenAlex and Semantic Scholar abstracts; arXiv 2010.09914 preprint PDF keyword-scanned (not a full close read).",Semantic Scholar API forward citations of SciUnit ICSE 2014; Crossref-verified,deepread_r1_b37.json
"Bologna LL, Smiriglia R, Curreri D, et al. (2021). The EBRAINS NeuroFeatureExtract: An Online Resource for the Extraction of Neural Activity Features From Electrophysiological Data. Frontiers in Neuroinformatics, 15, 713899.",2021,"Web service extracting features from experimental electrophysiology traces, formatted for neuron-model optimization",no - no model mutants or seeded faults.,"partial - groups features by stimulus amplitude and exports protocol descriptions, but only for recorded data, not model testing.",yes - runs eFEL and BluePyEfe on selected traces and reports feature statistics.,"no - selects no stimulation protocols; output feeds parameter optimization (BluePyOpt), not test design.","no - descriptive tool paper; users can run eFEL unit tests, but there is no evaluation design.",no - no AI-driven transformations.,NeuroFeatureExtract https://hbp-bsp-hhnb.cineca.it/efelg/ ; code https://github.com/cnr-ibf-pa/hbp-bsp-hh-neuron-builder (paper states LGPLv3; GitHub API reports NOASSERTION),"Wraps the same eFEL feature layer NeuroSem plans to reuse, but for experimental data and model fitting. NeuroSem would instead compare feature fingerprints of reference and edited models.",1,software,10.3389/fninf.2021.713899,https://doi.org/10.3389/fninf.2021.713899,"Crossref API (4 authors, Front Neuroinform 15:713899, online 2021-08-26); Europe PMC abstract and full-text XML (PMID 34512300, PMC8427185); GitHub REST API for repo metadata.","Europe PMC 'eFEL AND electrophysiology' and 'BluePyOpt' | OpenAlex search 'Electrophys Feature Extraction Library eFEL'; WebSearch site:dblp.org electrophysiological feature extraction neuron model validation | OpenAlex search; Europe PMC citations of NeuroML 2010, LEMS, OSB, BluePyOpt",deepread_r1_b19.json
"Diep M, Mekala RR, Ayyangar U, et al. (2021). Metamorphic Testing for Image-based Calcium Imaging Analysis Pipelines. 2021 IEEE/ACM 6th International Workshop on Metamorphic Testing (MET), pp. 53-60.",2021,neuroscience data-analysis software (CaImAn cell registration in a calcium-imaging pipeline); not neuron models,"no - applies metamorphic input transformations (rotation, translation, blurring, padding) to images; no program or model mutations.","partial - several input transformations are applied, loosely analogous to varied stimuli, but on imaging data.",no - outputs compared are identified neuron cells from images.,no - no selection of transformations or tests.,no - feasibility study on one module.,no - not considered.,none released per abstract (tests CaImAn within the authors' BRAIN platform),"Shows metamorphic testing applied to neuroscience analysis software, not to simulation models. NeuroSem targets behavioural drift in neuron models themselves, using stimulation protocols, electrophysiology features, mutation-calibrated tolerances, protocol selection and held-out evaluation, none of which appear here.",1,paper,10.1109/met52542.2021.00016,https://doi.org/10.1109/met52542.2021.00016,"Crossref api.crossref.org/works/10.1109/met52542.2021.00016 (authors, venue, pages 53-60, 2021-06); Semantic Scholar Graph API (abstract, DBLP key conf/icse-met/DiepMAMPLL21); OpenAlex works API (abstract). Full text not accessed (IEEE Xplore, not attempted).","Google Scholar '""metamorphic testing"" neuron simulation'; metadata verified via Crossref api.crossref.org/works",deepread_r1_b11.json
"Farhan M., Krejci C., Olsen M., et al. (2021). Metamorphic Testing for Hybrid Simulation Validation. 2021 Annual Modeling and Simulation Conference (ANNSIM), pp. 1-12.",2021,Hybrid (agent-based plus discrete-event) simulation model; restaurant server helping-behaviour case study,unclear - abstract does not mention mutation analysis or seeded faults; full text paywalled and not read.,"partial - metamorphic relations vary model inputs (index terms mention inter-arrival time, group size, walking speed); not electrical stimuli.",no - operational simulation outputs; no neuroscience.,no - abstract gives no indication of selecting or minimizing a set of metamorphic relations.,no - single case-study demonstration.,no - none mentioned.,none,"Applies metamorphic testing to validate one non-neuroscience hybrid simulation when data are scarce. NeuroSem is differential (transformed versus reference model) rather than relation-based, works on NeuroML neuron models with electrophysiology features, calibrates tolerances by refinement, and adds mutant-calibrated protocol selection with held-out model and fault-family evaluation. Metamorphic testing of simulations per se is not a NeuroSem novelty claim.",1,paper,10.23919/annsim52504.2021.9552058,https://ieeexplore.ieee.org/document/9552058,"Crossref API (title, 4 authors, ANNSIM 2021, pp. 1-12); IEEE Xplore REST abstract endpoint for document 9552058 (abstract, index terms); Semantic Scholar batch API (abstract, DBLP key conf/annsim/FarhanKOR21). Full text not accessed (paywall).",WebSearch site:ieeexplore.ieee.org increasing validity of simulation models through metamorphic testing; verified via Crossref,deepread_r1_b23.json
"Goaillard J-M, Marder E (2021). Ion Channel Degeneracy, Variability, and Covariation in Neuron and Circuit Resilience. Annual Review of Neuroscience, 44, 335-357.",2021,biological neurons and circuits; conductance-based modelling discussed conceptually (review),"no; reviews biological conductance variability and experimental deletions/pharmacology, not recorded single-fault model mutants.",unclear; abstract notes perturbations and pharmacological manipulations reveal differences; full text not accessed (no open copy found).,unclear; discusses intrinsic properties and similar behaviour conceptually; no feature-extraction pipeline evident from abstract.,no; no stimulus or test selection method described in abstract.,no; narrative review without a model-testing evaluation design.,no; no AI or code transformations involved.,none,Biological rationale only: degenerate conductance sets look alike yet respond differently to perturbation. NeuroSem would operationalise this as automated multi-protocol regression testing of edited models.,1,paper (review),10.1146/annurev-neuro-092920-121538,https://doi.org/10.1146/annurev-neuro-092920-121538,"Crossref works API (title, authors, vol 44, pp 335-357, 2021, abstract); Europe PMC core record PMID 33770451 (abstract). Full text not accessed.",PubMed E-utilities 'degeneracy[ti] AND conductance-based',deepread_r1_b17.json
"Goyal, A., Shyamasundar, R.K., Sivakumar, G., et al. (2021). Empirical Analysis of Greedy, GE and GRE Heuristics. Proceedings of the 14th Innovations in Software Engineering Conference (ISEC 2021), 1-11.",2021,general software regression test suites (synthetic requirement-coverage matrices),"no - coverage is of requirements, modelled as normally distributed per test; no mutants.",no - abstract test cases only; no stimulus concept.,no - not applicable.,"yes - compares Greedy, Greedy Essential and GRE minimization heuristics by output size and runtime across overlap ratios.",no - empirical study on generated instances; no held-out generalization question.,no - none.,none identified,"Background only for the greedy set-cover step, which NeuroSem does not claim as novel. NeuroSem's contribution lies in the neuroscience mutant/protocol/feature construction and held-out evaluation, not the heuristic.",1,paper,10.1145/3452383.3452389,https://dl.acm.org/doi/10.1145/3452383.3452389,Crossref works API (metadata); OpenAlex and Semantic Scholar API (abstract).,WebSearch site:dl.acm.org test suite minimization greedy set cover mutation; verified via Crossref,deepread_r1_b26.json
"Raunak MS, Olsen MM (2021). Metamorphic Testing on the Continuum of Verification and Validation of Simulation Models. 2021 IEEE/ACM 6th International Workshop on Metamorphic Testing (MET), 47-52.",2021,General modeling and simulation (M&S) models; conceptual workshop paper extending the authors' earlier metamorphic-testing-for-validation work,unclear - the abstract does not mention mutants; the full text was not accessed.,partial - metamorphic testing inherently compares related input executions; no stimulus battery is described.,no - not neuroscience-specific.,unclear - the abstract describes reusing validation guidelines to elicit relations; no optimized selection is mentioned.,no - no empirical held-out evaluation is described in the abstract.,no - no AI-driven edits are evaluated.,none reported in abstract (unclear; full text not accessed),"Frames metamorphic testing as serving both verification and validation of simulations. NeuroSem sits on the verification side (behaviour preservation after edits, not biological validity) and adds an empirical, mutation-calibrated, held-out-evaluated protocol battery for neuron models.",1,paper,10.1109/met52542.2021.00015,https://doi.org/10.1109/MET52542.2021.00015,"Crossref works API (proceedings-article, MET 2021, pp. 47-52, issued 2021-06); Semantic Scholar Graph API (abstract, DBLP key conf/icse-met/RaunakO21); Unpaywall API (no OA copy). Full text not accessed.",WebSearch site:ieeexplore.ieee.org metamorphic testing simulator computational biology bioinformatics; verified via Crossref,deepread_r1_b4.json
"Tiwari K, Kananathan S, Roberts MG, et al. (2021). Reproducibility in systems biology modelling. Molecular Systems Biology 17(2):MSB20209982.",2021,published ODE kinetic systems biology models encoded in SBML (BioModels curation),"no - errors found in published models were natural reporting errors, some corrected manually; nothing seeded.",no - each model checked against the simulation figures in its original paper.,no - kinetic model outputs compared with published figures; not electrophysiology.,no - not addressed.,no - retrospective analysis of 455 curation-prioritized models; no split.,no - manual encoding and curation.,none (models deposited in BioModels https://www.ebi.ac.uk/biomodels/),Shows about half of 455 published ODE models did not directly reproduce and proposes an 8-point scorecard. Motivates behaviour checks but offers no automated edit-regression method; NeuroSem supplies one for neuron models.,1,paper (empirical reproducibility study + scorecard),10.15252/msb.20209982,https://doi.org/10.15252/msb.20209982,Crossref https://api.crossref.org/works/10.15252/msb.20209982; Europe PMC core record PMID 33620773 / PMC7901289 (abstract) and fullTextXML https://www.ebi.ac.uk/europepmc/webservices/rest/PMC7901289/fullTextXML,completeness critic r2,deepread_r2_b9.json
"Awile O, Kumbhar P, Cornu N, et al. (2022). Modernizing the NEURON Simulator for Sustainability, Portability, and Performance. Frontiers in Neuroinformatics, 16, 884046.",2022,"general-purpose biophysical neuron simulator engineering (NEURON/CoreNEURON, NMODL source-to-source compiler)",no; no mutation testing described,no; no multi-protocol model testing described,no; the retrieved full text gives no electrophysiology-feature-based regression,no,no,no,NEURON https://github.com/neuronsimulator/nrn (GitHub API license field: NOASSERTION),"Simulator-level CI (unit/integration tests, coverage, notebook runs) plus a new NMODL translation path. NeuroSem would test user NeuroML model edits behaviourally, with mutants and optimised protocol batteries.",1,paper,10.3389/fninf.2022.884046,https://doi.org/10.3389/fninf.2022.884046,"Crossref works API (15 authors, vol 16, article 884046, 2022-06-27, has-preprint 10.1101/2022.03.03.482816); Europe PMC MED 35832575; PMC9272742 full text for testing/CI content; GitHub REST API for repo","Europe PMC '(bug OR bugs OR ""software errors"") AND (""neural simulator"" ...)'; bioRxiv version via WebSearch site:biorxiv.org",deepread_r1_b18.json
"Fitzpatrick, R., Stefan, M. I. (2022). Validation Through Collaboration: Encouraging Team Efforts to Ensure Internal and External Validity of Computational Models of Biochemical Pathways. Neuroinformatics, 20, 277-284.",2022,biochemical reaction pathway models in neuroscience (commentary / think piece),no - no mutants; sensitivity analysis mentioned only as background.,no - no simulation experiments; proposes an incentivised experiment wishlist database.,no - biochemical pathway focus; no electrophysiological feature extraction.,no - no test or protocol selection method.,no - think piece; states no data were produced or analysed.,no - not discussed.,none,"Conceptual motivation only: proposes human pre-publication reproducibility audits (auditor re-runs model, reproduces figures). NeuroSem would provide automated multi-protocol behavioural regression checks for neuron models after edits.",1,paper,10.1007/s12021-022-09584-5,https://doi.org/10.1007/s12021-022-09584-5,"Crossref works API (title, authors, vol 20, pp. 277-284, abstract); Europe PMC search (PMID 35543917, PMC9537119); full text read via Europe PMC fullTextXML.",Semantic Scholar Graph API search 'reproducibility regression testing computational neuroscience'; metadata verified via Crossref,deepread_r1_b15.json
"Parker, C., Nelson, E., Zhang, T. (2022). VeVaPy, a Python Platform for Efficient Verification and Validation of Systems Biology Models with Demonstrations Using Hypothalamic-Pituitary-Adrenal Axis Models. Entropy, 24(12), 1747.",2022,systems-biology ODE/DDE models of the hypothalamic-pituitary-adrenal axis (five published models),no: no fault injection; verifies and validates existing models,partial: models compared against rest and acute stress-test (TSST) hormone data; not a stimulus battery for regression,no: ACTH and cortisol concentration time series scored with a cost function,no: parameter optimization fits models to data; no test selection,"partial: validation uses new, independent patient data; no held-out models for test selection",no: none described,"VeVaPy, https://github.com/cparker-uc/VeVaPy (MIT per GitHub API)","Data-driven verification and validation of HPA axis models. NeuroSem addresses a different question: whether a transformed neuron model preserves its reference's behaviour, using stimulation batteries, controlled mutants and protocol selection.",1,paper,10.3390/e24121747,https://doi.org/10.3390/e24121747,"Crossref works API (metadata, abstract); OpenAlex DOI record; Europe PMC full text PMC9777964 (modules, cost function, independent data, GitHub link); GitHub REST API via gh for repository and license.",Europe PMC citations of 'Replicability or reproducibility?' (JCNS 2018),deepread_r1_b35.json
"Sanz-Robinson J, Jahanpour A, Phillips N, et al. (2022). NeuroCI: Continuous Integration of Neuroimaging Results Across Software Pipelines and Datasets. bioRxiv preprint.",2022,neuroimaging processing pipelines and datasets,no - evaluates variability across pipelines; no mutation.,"no - multiple datasets and pipelines, not stimulation protocols.",no - neuroimaging outputs.,no - not applicable.,no - not described.,no - not discussed.,NeuroCI (named in preprint); URL not verified in this pass,"CI-based reproducibility for neuroimaging results, a different neuroscience subfield. NeuroSem targets neuron-model edits with electrophysiology protocols and mutation calibration.",1,preprint,10.1101/2022.05.30.494062,https://doi.org/10.1101/2022.05.30.494062,"Crossref /works/<doi> (posted-content, authors, date, abstract). Full text not accessed.",completeness-critic gap round 2 (re-run 2026-09-13),deepread_r2x_b2.json
"Shaikh B, Smith LP, Vasilescu D, et al. (2022). BioSimulators: a central registry of simulation engines and services for recommending specific tools. Nucleic Acids Research 50(W1):W108-W114.",2022,"multi-format biological simulation infrastructure (SBML, CellML, NeuroML/LEMS, BNGL etc. in COMBINE/SED-ML archives)",no - validates simulator tools and projects against standards; no deliberate model fault injection found.,no - test suite runs example COMBINE archives per tool; no stimulation-protocol battery for a model.,no - checks that tools produce expected outputs for example archives; no electrophysiology features.,"no - example archives chosen from tool specifications, not optimised for fault detection.",no - registry and service description; no held-out evaluation of detection power.,no - no AI-assisted transformations considered.,BioSimulators https://github.com/biosimulators/Biosimulators (MIT); test suite https://github.com/biosimulators/Biosimulators_test_suite (MIT); https://biosimulators.org,"Engine-level conformance infrastructure NeuroSem could reuse for multi-simulator execution. NeuroSem targets behavioural drift of a single model after edits, using mutants, multi-protocol electrophysiology fingerprints, calibrated tolerances and battery selection.",1,software,10.1093/nar/gkac331,https://doi.org/10.1093/nar/gkac331,"Crossref api.crossref.org/works/10.1093/nar/gkac331 (title, author list led by Shaikh B, NAR 50(W1):W108-W114, issued 2022-05-07); Europe PMC search (PMID 35524558, PMC9252793) abstract and fullTextXML read (test suite section); GitHub REST API repo metadata and license for both repos.",Europe PMC 'pyNeuroML OR jNeuroML' | Europe PMC: 'LEMS AND NeuroML'; Europe PMC: 'pyNeuroML' [fallback source used because arXiv/OpenAlex were rate-limited] | OpenAlex search 'pyNeuroML'; Europe PMC citations of ModelDB 20 years,deepread_r1_b21.json
"Stacy B, Hauzel J, Lindvall M, et al. (2022). Metamorphic testing in bioinformatics software: a case study on metagenomic assembly. Proceedings of the 7th International Workshop on Metamorphic Testing (MET '22), ACM, pp. 31-33.",2022,general bioinformatics software (metagenomic assembly tools MEGAHIT and Pilon used by MetaCompass); not a mechanistic simulation model,"no - abstract reports a metamorphic test exposing real inconsistencies; no fault seeding mentioned (full text inaccessible, HTTP 403).",unclear - abstract describes one simple metamorphic test; variety of input transformations not stated.,"no - outputs are genome assemblies, not voltage traces or electrophysiological features.",no - no test selection or optimisation described in abstract.,no - short case study; no held-out subjects or fault families reported in abstract.,no - no AI-assisted edits or transformations mentioned.,none (tests MEGAHIT and Pilon; no testing-tool release identified),"Shows metamorphic testing can find subtle defects in bioinformatics code that standard testing missed, which supports NeuroSem's motivation. NeuroSem would instead target neuron models, with seeded single-fault mutants, calibrated electrophysiology-feature tolerances and optimised multi-protocol batteries evaluated on held-out models.",1,paper,10.1145/3524846.3527340,https://doi.org/10.1145/3524846.3527340,"Crossref https://api.crossref.org/works/10.1145/3524846.3527340 (title with subtitle, 5 authors, MET proceedings at ICSE '22, pp. 31-33, issued 2022-05-09); OpenAlex https://api.openalex.org/works/doi:10.1145/3524846.3527340 and Semantic Scholar graph API batch (abstract; DBLP conf/icse-met/StacyHLPP22). ACM PDF and landing page returned HTTP 403, so the reading is abstract-only.",WebSearch site:dl.acm.org metamorphic testing bioinformatics simulation programs; WebSearch site:ieeexplore.ieee.org (IEEE listing 9826132); verified via Crossref,deepread_r1_b24.json
"Jimenez CE, Yang J, Wettig A, et al. (2023). SWE-bench: Can Language Models Resolve Real-World GitHub Issues? arXiv:2310.06770 (published at ICLR 2024).",2023,"Python repositories (2,294 GitHub issue tasks from 12 projects).","no - Real issues, not seeded faults.",partial - Evaluated with repository unit tests.,no - None.,no - None.,partial - Uses tests from the resolving pull request to judge model patches.,yes - Language models edit codebases to resolve issues.,"SWE-bench, https://www.swebench.com","Benchmark for LLM code edits judged by tests. NeuroSem concerns whether edits to neuron models preserve electrophysiological behaviour, with AI transformations only an optional case study.",1,preprint,10.48550/arXiv.2310.06770,https://arxiv.org/abs/2310.06770,"arXiv abstract page (title, seven authors, versions, comment citing ICLR 2024, DOI).",completeness-critic gap round 2 (re-run 2026-09-13),deepread_r2x_b0.json
Naudin L (2023). Different parameter solutions of a conductance-based model that behave identically are not necessarily degenerate. Journal of Computational Neuroscience 51(2):201-206.,2023,Conductance-based neuron models (short theoretical piece indexed as Review; specific model unverified),"unclear - no abstract or full text accessible; keywords mention ion channel variability and parameter solutions, not mutant generation.",unclear - full text not retrieved.,unclear - full text not retrieved.,"unclear - full text not retrieved; nothing in title, keywords or record suggests protocol selection.","unclear - full text not retrieved; six-page Review is unlikely to include an evaluation design, but this is unconfirmed.",unclear - full text not retrieved; retrieved metadata gives no indication of AI-assisted transformations.,none identified (full text not accessed),"Retrieved metadata and a machine-generated Semantic Scholar summary suggest it argues identical behaviour is insufficient for degeneracy, proposing shared bifurcation structure as a condition. Relevant caution for equivalent-mutant definitions; not a testing method.",1,paper,10.1007/s10827-023-00848-w,https://doi.org/10.1007/s10827-023-00848-w,"Crossref api.crossref.org/works/10.1007/s10827-023-00848-w (title, 1 author, vol 51 issue 2, pp 201-206, no abstract, 40 references); PubMed esummary PMID 36905484 (pubtype Journal Article, Review); Europe PMC (keywords); HAL API hal-04126472 (no abstract; PDF blocked by Anubis access-denied page); Semantic Scholar API (abstract elided, tldr only); Springer page redirected to auth, not read.","Europe PMC '""conductance-based"" AND degeneracy AND (parameter OR sensitivity)'; PubMed efetch PMID 36905484 (no abstract available)",deepread_r1_b16.json
"White, A. D., Hocky, G. M., Gandhi, H. A., et al. (2023). Assessment of chemistry knowledge in large language models that generate code. Digital Discovery, 2(2), 368-376.",2023,general chemistry / computational chemistry coding tasks (incl. MD analysis and simulation-method prompts); not neuron models,no - no mutation of code or models; only prompt contexts (e.g. copyright header) and sampling temperature are varied.,"no - not applicable; each prompt checked by its own unit tests, no stimulation protocols.",no - no electrophysiology; correctness judged by unit tests or expert evaluation of generated code.,no - no test or protocol selection; partial analogue only in comparing prompt-engineering contexts.,no - benchmark of 84 author-written prompts across topics; no discovery/held-out split reported.,"partial - LLMs (Codex davinci variants, CodeGen, InCoder) generate code from prompts; generation from scratch, not edits of existing models.","nlcc https://github.com/whitead/nlcc ; data repo https://github.com/ur-whitelab/nlcc-data (cited, not separately checked); completions on Zenodo https://doi.org/10.5281/zenodo.6800475 (cited, not separately checked)","Benchmarks LLM code-writing correctness with unit tests in chemistry. NeuroSem targets behavioural preservation of edited neuron models using electrophysiology fingerprints, mutants and optimized held-out-evaluated protocol batteries; AI is only a possible case study.",1,paper,10.1039/d2dd00087c,https://doi.org/10.1039/d2dd00087c,"Crossref API (api.crossref.org/works/10.1039/d2dd00087c: title, 11 authors, Digital Discovery 2(2) 368-376, 2023); Europe PMC REST (PMID 37065678, PMC10087057) abstract and fullTextXML for methods; OpenAlex (W4319996831) confirming venue/year; GitHub API via gh for whitead/nlcc (exists, no license field).",Europe PMC LLM simulation code validation/benchmark query; verified via Crossref,deepread_r1_b44.json
"Ji Z, Guo S, Qiao Y, et al. (2024). Automating literature screening and curation with applications to computational neuroscience. Journal of the American Medical Informatics Association, 31(7), 1463-1470.",2024,LLM and embedding pipeline classifying literature and metadata for ModelDB curation; no neuron models simulated,no - screens papers; no neuron models are altered or simulated.,no - no simulation or stimulation.,"no - extracts bibliographic metadata such as cell types and topics, not electrophysiology features.","partial - tunes LLM prompting (instruction-tuning, chain of thought) for classification; unrelated to stimulation protocols.",unclear - reports classification accuracy on known ModelDB and PubMed sets; split design not checked because full text was not retrieved.,"partial - uses GPT-3.5, GPT-4 and SPECTER2, but for literature curation, not for transforming model code.",none (no code repository found in the retrieved abstract or metadata); applied to ModelDB https://modeldb.science,"Uses LLMs on text about models, not on model files. NeuroSem's optional agent study would test whether AI-made model edits keep behaviour, which this work does not address.",1,paper,10.1093/jamia/ocae097,https://doi.org/10.1093/jamia/ocae097,"Crossref API (4 authors, JAMIA 31(7):1463-1470, online 2024-05-09; has-preprint 10.1101/2023.12.15.571963); Europe PMC abstract (PMID 38722233, PMC11187430). NCBI efetch returned only front matter, so methods were not read.","PubMed E-utilities 'ModelDB[tiab]'; Europe PMC '""large language model"" AND ""computational neuroscience""'",deepread_r1_b19.json
"Ma X, Miraucourt LS, Qiu H, et al. (2024). ElecFeX is a user-friendly toolbox for efficient feature extraction from single-cell electrophysiological recordings. Cell Reports Methods, 4(6), 100791.",2024,Feature-extraction toolbox for experimental patch-clamp recordings; uses a Morris-Lecar model only to test rheobase estimators,no - no seeded model faults; simulated Morris-Lecar traces only check its rheobase estimation methods.,"partial - handles recordings under different current-clamp protocols (e.g. step, ramp), but builds no model test battery.","yes - customizable measurements such as input resistance, steady-state voltage, rheobase and spike properties, with batch analysis.",no - no selection or optimization of stimulation protocols.,no - demonstrated on diverse recordings to separate neuron subgroups; no held-out testing of model changes.,no - no AI-driven transformations.,ElecFeX (MATLAB; GPL-3.0 per GitHub API) https://github.com/XinyueMa-neuro/ElecFeX,"A feature-layer alternative to eFEL (MATLAB, aimed at recordings). NeuroSem would use features only as one step inside mutation-calibrated, multi-protocol regression testing of models.",1,software,10.1016/j.crmeth.2024.100791,https://doi.org/10.1016/j.crmeth.2024.100791,"Crossref API (8 authors, Cell Rep Methods 4(6):100791, 2024-06); Europe PMC abstract and full-text XML (PMID 38848714, PMC11228277); GitHub REST API for repo metadata and license.","Europe PMC '""current clamp"" AND ""stimulus protocol"" AND model ...'; bioRxiv preprint via WebSearch site:biorxiv.org (eFEL ... BluePyEfe)",deepread_r1_b19.json
"Siegel, Z. S., Kapoor, S., Nadgir, N., et al. (2024). CORE-Bench: Fostering the Credibility of Published Research Through a Computational Reproducibility Agent Benchmark. arXiv preprint arXiv:2409.11363.",2024,"general computational research code (270 tasks from 90 CodeOcean capsules in computer science, social science, medicine; Python or R)",no - agents reproduce unmodified published code; no seeded faults.,no - tasks ask questions about outputs of running each paper's code; no perturbation battery.,"no - task answers are reported study results, not neural features.",no - no test or input selection.,yes - train/test task split with encrypted test set; answers judged within 95% prediction intervals from three manual reruns.,"partial - AutoGPT and CORE-Agent (GPT-4o, GPT-4o-mini) set up and run code; they reproduce rather than edit models.","CORE-Bench harness https://github.com/siegelz/core-bench (LICENSE: MIT; README says no longer actively maintained, recommends HAL harness); dataset https://huggingface.co/datasets/siegelz/core-bench","Hidden-answer scoring with rerun-based tolerance is a precedent for NeuroSem's agent-study scoring; NeuroSem derives tolerances from numerical refinement and targets behavioural drift from model edits, not reproduction.",1,preprint,10.48550/arxiv.2409.11363,https://doi.org/10.48550/arxiv.2409.11363,"DataCite DOI API (metadata, abstract, v1/v2 dates); arXiv abs page (authors, code link); arXiv HTML full text (evaluation criteria); GitHub raw README and LICENSE (REST API was rate-limited).",DataCite (arXiv DOIs) agents + reproduction query; abstract via DataCite,deepread_r1_b43.json
"Tian, M., Gao, L., Zhang, S., et al. (2024). SciCode: A Research Coding Benchmark Curated by Scientists. Advances in Neural Information Processing Systems 37, pp. 30624-30650.",2024,"LLM code-generation benchmark of research problems (numerical methods, system simulation, scientific calculation across 16 natural-science subfields)",no - problems are scored against scientist-annotated gold solutions; no mutation of existing models,partial - several numeric test cases per subproblem; not stimulation protocols or perturbation batteries,no - numeric outputs compared to frozen targets; no electrophysiology features,no - fixed test cases; no selection of a compact test battery,partial - models evaluated on benchmark problems with gold test data; no held-out model or fault-family design relevant to transformations,"yes - evaluates language models generating scientific code from problem descriptions, not edits of existing neuron models",SciCode - https://github.com/scicode-bench/SciCode (Apache-2.0 per GitHub API),Relevant only to NeuroSem's optional agent case study as a hidden numeric-test benchmark. NeuroSem asks whether edits to existing NeuroML models preserve behaviour across perturbation protocols with calibrated tolerances; SciCode scores from-scratch scientific code generation against fixed targets.,1,paper,10.52202/079017-0963,https://doi.org/10.52202/079017-0963,"Crossref works API (title, 30 authors, NeurIPS 37, pages); DataCite for arXiv 10.48550/arxiv.2407.13168 (abstract); arXiv abs page (author list, CC BY 4.0); GitHub REST API via gh (licence) and README (NeurIPS D&B 2024 acceptance note)",Crossref SciCode query; DataCite (arXiv); GitHub scicode-bench/SciCode (Apache-2.0),deepread_r1_b42.json
"Chen, S. (2025). High-Performance Computing Code Translation Agent: Validating and Improve the Quality of Large Language Models Output in High-Performance Computing Translation Tasks. Creative component (M.S., Artificial Intelligence), Iowa State University.",2025,HPC scientific code (sequential-to-parallel translation); general scientific software,no: no deliberate fault injection or mutants described.,unclear: abstract does not describe test inputs; full text is closed access and was not read.,"no: equivalence gauged by cosine similarity and performance reports, not physiological features.",no: no test or input selection method described.,unclear: evaluation design not described beyond similarity and performance measures in the abstract.,"yes: LangGraph multi-agent LLM framework analyses, translates, compiles and iteratively improves HPC code.",none verified (no repository URL in retrieved records),"Validates LLM code translations with compilation, similarity and performance checks. NeuroSem would test behavioural preservation of neuron models via multi-protocol electrophysiology features with calibrated tolerances; AI agents are only a small case study.",1,other,10.31274/cc-20251215-121,https://doi.org/10.31274/cc-20251215-121,"Crossref works API (type report, publisher Iowa State University, issued 2025-05); doi.org resolved to dr.lib.iastate.edu; Iowa State DSpace REST item metadata (abstract, genre creative component, M.S. Artificial Intelligence); OpenAlex (closed access).",Crossref: 'large language model code translation scientific software testing' (Crossref type: report) [fallback source used because arXiv/OpenAlex were rate-limited] | Crossref LLM code translation query; verified via Crossref,deepread_r1_b29.json
"Dhruv A, Dubey A (2025). Leveraging Large Language Models for Code Translation and Software Development in Scientific Computing. Proceedings of the Platform for Advanced Scientific Computing Conference (PASC), pp. 1-9.",2025,general scientific software (legacy Fortran particle-physics simulation code translated to C++),"no - no seeded faults or mutants; LLM output is reviewed, compiled and tested by developers.",no - correctness is checked with the codebase's existing tests; no systematic input or perturbation battery found.,no - not a neuroscience or electrophysiology setting.,"no - focuses on prompt engineering and a translation workflow, not test selection.",no - experience report comparing LLMs on conversion tasks; no held-out evaluation design found.,"yes - LLM-assisted Fortran-to-C++ translation, Fortran-C API generation and code inspection via the CodeScribe tool.","CodeScribe - https://doi.org/10.5281/zenodo.13879406 (Zenodo record 'akashdhruv/CodeScribe: 2024.09', CC-BY-4.0 per DataCite); results repo https://github.com/akashdhruv/llm-conversion-performance","Shows LLM translation of science code needs correctness checks but relies on manual review and existing tests. NeuroSem would offer a domain-specific, mutation-calibrated behavioural check for AI-edited neuron models.",1,paper,10.1145/3732775.3733572,https://doi.org/10.1145/3732775.3733572,"Crossref https://api.crossref.org/works/10.1145/3732775.3733572 (metadata, no abstract); Semantic Scholar Graph API DOI:10.1145/3732775.3733572 (abstract, arXiv ID); arXiv https://arxiv.org/abs/2410.24119 (authors/date) and PDF full text (tool links); DataCite https://api.datacite.org/dois/10.5281/zenodo.13879406; GitHub REST users/akashdhruv/repos.",WebSearch site:dl.acm.org LLM agents translating legacy scientific code Fortran C++ equivalence testing; verified via Crossref | Crossref: 'large language model code translation scientific software testing'; metadata confirmed via Crossref /works/<doi> [fallback source used because arXiv/OpenAlex were rate-limited] | Crossref LLM code translation scientific computing query; verified via Crossref (no abstract),deepread_r1_b28.json
"Duston T, Xin S, Sun Y, et al. (2025). AInsteinBench: Benchmarking Coding Agents on Scientific Repositories. arXiv preprint arXiv:2512.21373.",2025,"general scientific software repositories (PySCF, Qiskit, RDKit, OpenMM, AMReX, Einstein Toolkit); no neuroscience codebases","no; tasks come from real maintainer pull requests with fail-to-pass tests, not systematically generated single-fault mutants.","no; correctness is judged by repository unit tests, not by stimulation protocols.",no; no neuron models or electrophysiological features are involved.,no; no selection or minimisation of test or protocol sets is described.,"no; a benchmark for scoring agents, with no discovery/held-out split for choosing tests.",yes; LLM agents edit real scientific repositories in Docker and are scored by tests; authors note tests can be imperfect scientific oracles.,AInsteinBench https://github.com/ByteDance-Seed/AInsteinBench (Apache-2.0 per GitHub API),Measures agent coding ability on non-neuroscience repositories via unit tests. NeuroSem asks whether edited neuron models keep their behaviour across stimulation protocols; agents are only a secondary case study there.,1,preprint,,https://arxiv.org/abs/2512.21373,"arXiv abstract page citation meta tags and submission history (v1 2025-12-24); arXiv HTML full text (repository list, test-based evaluation, GitHub link); GitHub REST API via gh for repository and licence. arXiv export API returned a rate-limit error.",WebSearch LLM coding agents neuroscience query; arXiv abstract page metadata,deepread_r1_b40.json
"Joshi N, van Der Burg S, Celikel T, et al. (2025). Neuronal identity is not static: An input-driven perspective. PLOS Computational Biology 21:e1013821.",2025,Experimental whole-cell recordings from mouse barrel cortex L2/3 neurons; GLIF models fitted only to extract passive attributes (not model regression),"no - analyses recorded neurons; no model edits, faults or mutants.","partial - compares step-and-hold with frozen-noise input generated from a simulated Poisson network, applied to real neurons rather than models under test.","yes - action-potential, waveform, GLIF-derived passive, adaptation-current and spike-triggered-average attributes extracted and used for clustering.","no - two fixed input paradigms are compared; attribute sets are ranked by explained variance, but protocols are not selected.",no - unsupervised classification analysis; no held-out model or fault-family design.,no - no AI-assisted transformations.,single_cell_analysis https://github.com/Nishant-codex/single_cell_analysis ; data https://doi.org/10.34973/4f3k-1s63,"Empirical evidence that conclusions about neuronal behaviour depend on the input protocol. NeuroSem would apply that insight to regression testing of edited models, adding mutants, calibrated tolerances and optimised protocol batteries.",1,paper,10.1371/journal.pcbi.1013821,https://doi.org/10.1371/journal.pcbi.1013821,"Crossref api.crossref.org/works/10.1371/journal.pcbi.1013821 (title, 4 authors, vol 21, e1013821, issued 2025-12-22, abstract); Europe PMC (PMID 41428743, PMC12755851, OA) fullTextXML read of methods and data/code availability; GitHub REST API repos/Nishant-codex/single_cell_analysis.","Europe PMC '""current clamp"" AND ""protocol"" AND ""neuron model"" AND (informative OR optimal OR selection)'",deepread_r1_b16.json
Korngreen A (2025). Sensitivity analysis of voltage-gated ion channel models. bioRxiv.,2025,"Markov gating models of voltage-gated ion channels (open probability under voltage protocols); channel level, not whole neurons",no; kinetic parameters are sampled over ranges for Sobol analysis rather than introduced as discrete recorded faults.,partial; compares voltage steps with multi-frequency sinusoids (20-200 Hz); v2 finds sinusoids keep the step-protocol sensitivity ranking.,"no; output is channel open probability, not current-clamp spike or subthreshold features.",no; gives qualitative advice on informative protocols but no algorithmic protocol selection.,no; no discovery/held-out split; convergence checked by repeating analyses at N=512 and N=2048.,no; no AI-assisted edits are involved.,MarkovSensitivity https://github.com/alon67/MarkovSensitivity (MIT per GitHub API); built on SALib,Background on how model structure limits which parameter changes are visible at channel level. NeuroSem tests whole-neuron edits empirically across current-clamp protocols. The v2 findings temper the input note: sinusoidal stimulation did not change which parameters mattered.,1,preprint,10.1101/2025.08.05.668838,https://www.biorxiv.org/content/10.1101/2025.08.05.668838v2,"Crossref works API (title, author, bioRxiv, 2025); bioRxiv details API (v1 2025-08-06, v2 2026-02-27, CC BY-NC-ND); Europe PMC abstract; bioRxiv v2 JATS XML via API (the bioRxiv site returned error 1015); GitHub REST API via gh.",WebSearch global sensitivity analysis query; Europe PMC refined sensitivity query; Crossref,deepread_r1_b40.json
"Owen MJ, Mirams GR (2025). IonBench: A benchmark of optimisation strategies for mathematical models of ion channel currents. PLOS Computational Biology 21(8):e1013319.",2025,cardiac ion-channel current ODE models (Hodgkin-Huxley and Markov formulations) under voltage clamp,no - benchmarks parameter-fitting optimisers on five fixed problems; no deliberate single-fault model mutants or fault-detection study.,"partial - the suite spans problems with different voltage protocols (e.g. staircase, literature protocols), but protocols define fitting problems, not a detection battery.","partial - some cost functions use derived summary-statistic curves (Moreno problem) instead of raw current traces; no spiking features, no eFEL.","no - optimises model parameters and ranks 34 optimisation approaches by expected run time; protocols are fixed, not selected.",no - compares approaches across all benchmark problems; no discovery/held-out split of models or fault families was found.,no - no AI-assisted model editing or code transformation.,ionBench - https://github.com/CardiacModelling/ionBench (BSD-3-Clause per GitHub API; archived v1.0.1 at https://doi.org/10.5281/zenodo.15754015),Solves inverse parameter fitting for cardiac channel models; NeuroSem instead detects behavioural drift after edits to neuron models with current-clamp batteries. Relevant only as a reproducible-benchmark design reference.,1,paper,10.1371/journal.pcbi.1013319,https://doi.org/10.1371/journal.pcbi.1013319,"Crossref https://api.crossref.org/works/10.1371/journal.pcbi.1013319 (metadata + abstract); full text https://journals.plos.org/ploscompbiol/article?id=10.1371/journal.pcbi.1013319 (methods, data availability); GitHub REST https://api.github.com/repos/CardiacModelling/ionBench (license); DataCite https://api.datacite.org/dois/10.5281/zenodo.15754015 (archive).",WebSearch site:ieeexplore.ieee.org ion channel model voltage protocol design model discrimination optimisation (bioRxiv link); verified via Crossref,deepread_r1_b28.json
"Ranasinghe, N. R., Jones, S. M., Kucer, M., et al. (2025). LLM-Assisted Translation of Legacy FORTRAN Codes to C++: A Cross-Platform Study. Proceedings of the 1st Workshop on AI and Scientific Discovery: Directions and Opportunities, pp. 58-69.",2025,General scientific/HPC programs (Rosetta Code and DataRaceBench Fortran/C++ pairs),no - evaluates LLM translations; no seeded faults.,no - each program run once and its printed output compared; no input or stimulus battery.,"no - outputs tokenised, numbers rounded to 4 decimals, Jaro-Winkler similarity; no domain features.",no - no test or input selection.,no - benchmark evaluation across LLMs and two serving platforms; no held-out design.,"yes - open-weight LLMs translate Fortran to C++; assessed by CodeBLEU, compilation and output similarity.",none (paper states the workflow is not yet packaged as a standalone tool),Checks AI translations by one-run output string similarity; NeuroSem would test neuron-model edits across many stimuli with calibrated feature tolerances and known single-fault mutants.,1,paper,10.18653/v1/2025.aisd-main.6,https://doi.org/10.18653/v1/2025.aisd-main.6,"Crossref api.crossref.org/works (title, eight authors, AISD 2025, pp. 58-69); ACL Anthology landing page abstract; ACL Anthology PDF read (datasets, output-similarity method, limitations); OpenAlex record.",WebSearch 'LLM code translation scientific computing Fortran C++ behavioral equivalence testing' + Crossref title query; metadata verified via Crossref api.crossref.org/works | DataCite (arXiv DOIs) LLM + Fortran translation; abstract via DataCite,deepread_r1_b14.json
"Wehling L, Singh G, Mulyadi AW, et al. (2025). Talk2Biomodels: AI agent-based open-source LLM initiative for kinetic biological models. bioRxiv (preprint); peer-reviewed version in BMC Bioinformatics 26:276 (2025), doi:10.1186/s12859-025-06310-1.",2025,SBML kinetic ODE models from BioModels (systems biology); not neuron models,"no; users can change parameters and run parameter scans through natural language, but there are no recorded single-fault mutants or mutation operators.","no; offers time-course simulation, parameter scans and steady-state analysis, not batteries of current-clamp stimulation protocols.","no; outputs are species time courses, steady states and annotations; no voltage or spike features.",no; no selection of tests or protocols for detecting faults or behavioural change.,"partial; the agent is benchmarked on synthetic question-answer sets (312 pairs) using LLM-as-judge task completion, not on held-out models or fault families.","partial; an LLM agent retrieves, simulates, re-parameterises and saves SBML models, but whether its edits preserve model behaviour is not tested.","Talk2Biomodels, part of AIAgents4Pharma (MIT per GitHub API and LICENSE file; latest release v1.49.1) https://github.com/VirtualPatientEngine/AIAgents4Pharma","T2B is a conversational agent for exploring and simulating SBML models, evaluated on task completion. NeuroSem targets NeuroML neuron models and tests whether edits preserve electrophysiological behaviour, using mutation-calibrated, optimised protocol batteries with held-out evaluation. T2B is relevant only to NeuroSem's secondary AI-agent case study.",1,preprint,10.1101/2025.03.11.642548,https://www.biorxiv.org/content/10.1101/2025.03.11.642548v1,"Crossref (preprint and published DOI); bioRxiv API (details and pubs: published_doi 10.1186/s12859-025-06310-1, BMC Bioinformatics, 2025-11-18); Europe PMC abstract and full text PMC12625589 (methods, benchmarking, availability); GitHub API via gh plus raw LICENSE and README for AIAgents4Pharma.",WebSearch site:biorxiv.org (LLM computational neuroscience model building agent automated modeling) | Europe PMC LLM/AI agent + SBML query; verified via Crossref + abstract,deepread_r1_b22.json
"Aygün, E., Belyaeva, A., Comanici, G., et al. (2026). An AI system to help scientists write expert-level empirical software. Nature, 654, 909-916.",2026,"general empirical scientific software with scorable metrics (single-cell analysis, COVID-19 forecasting, geospatial, zebrafish neural-activity prediction, numerical integrals)",no - generates and rewrites candidate programs to raise a quality metric; no seeded faults.,"no - each candidate program is scored against a task quality metric, not probed with a battery of perturbation inputs.","no - includes a zebrafish neural-activity prediction task, but no electrophysiological features of simulated neuron models.","no - tree search optimises code solutions, not test or stimulus selection.",partial - solutions compared on public leaderboards and forecasting benchmarks; per-task split details not reviewed here.,"yes - LLM plus Flat UCB tree search generates, executes and scores program variants.",ERA reference implementation https://github.com/google-research/era (LICENSE file: Apache License),"ERA optimises code for a target metric; NeuroSem instead tests whether edits to neuron models silently change behaviour under untargeted stimuli, a complementary safeguard. No overlap with core method.",1,paper,10.1038/s41586-026-10658-6,https://doi.org/10.1038/s41586-026-10658-6,"Crossref works API (metadata, abstract, volume/pages, preprint relation); nature.com article page (code availability statement); GitHub raw README and LICENSE.",Europe PMC LLM generated code silent/subtle errors query; verified via Crossref + abstract,deepread_r1_b43.json
"Bridgeford EW, Campbell ID, Chen Z, et al. (2026). Twelve quick tips for AI-assisted coding in science. PLOS Computational Biology 22(7):e1014428.",2026,general scientific software (practice guidance for AI-assisted coding),no - no fault injection; advises having AI write tests that catch bugs once fixed.,no - recommends boundary and edge-case tests generally; no stimulus batteries.,no - not specific to neuroscience.,no - no test selection or optimisation method.,no - practice tips without empirical evaluation.,partial - addresses AI-generated code and warns agents may write tests that pass rather than validate; no drift measurement.,none,Motivates independent behavioural tests for AI-edited scientific code. NeuroSem would provide such tests for neuron models and could quantify drift in an isolated AI-transformation case study.,1,paper,10.1371/journal.pcbi.1014428,https://doi.org/10.1371/journal.pcbi.1014428,"Crossref api.crossref.org/works/10.1371/journal.pcbi.1014428 (title, 7 authors, PLOS Comput Biol 22(7):e1014428, issued 2026-07-27); Europe PMC search (PMID 42507624, PMC13405308) abstract and fullTextXML read (Tips 6-9 on testing).",PubMed E-utilities 'AI-assisted coding[tiab] OR (coding assistant[tiab] AND science)'; Europe PMC 'test-driven AND (neuroscience OR neuron model)' | Europe PMC: 'software testing computational neuroscience models' [fallback source used because arXiv/OpenAlex were rate-limited],deepread_r1_b21.json
"Chen, Y. T., Hicks, S. C. (2026). Mind the alignment gap: a spatial transcriptomics benchmark for scientific coding agents. bioRxiv (openRxiv) preprint.",2026,spatial transcriptomics tissue-slice alignment tasks (40 tasks from SABench) posed to coding agents,"no - varies agent prompt and environment configuration, not seeded model faults.",no - tasks scored by one hidden alignment metric; no behavioural perturbation battery.,no - genomics coordinate-alignment outputs.,no - no test or protocol selection.,"yes - agents see public inputs and output schema; labels, gold coordinates, metric definitions and scorer are hidden, same scorer for all runs.",yes - coding agents in three configurations across 120 runs; trace inspection reports unnecessary transformations and fragile workflows.,Gen2Bench https://github.com/yiqunchen/Gen2Bench cited in full text; returned HTTP 404 on 2026-09-13 (not publicly accessible),"Informs design of NeuroSem's optional isolated agent study (hidden scorer, fixed configurations, trace audit); has no neuron models, mutants, tolerances or protocol selection.",1,preprint,10.64898/2026.07.05.736638,https://doi.org/10.64898/2026.07.05.736638,"Crossref works API (metadata, abstract, publisher openRxiv); Europe PMC REST search (PPR1276292); bioRxiv details API (authors Chen, Y. T.; Hicks, S. C.; CC-BY); bioRxiv JATS full text (methods, code link); GitHub page check.",Crossref SciCode benchmark query; verified via Crossref + Europe PMC abstract,deepread_r1_b43.json
"Hu, S., Huang, L., Deng, Y., et al. (2026). SciCode-Verified: How Benchmark Defects Underestimated the Scientific-Coding Ability of Language Models. arXiv preprint arXiv:2608.04975.",2026,audit and correction of an LLM scientific-coding benchmark (hidden numeric tests),"no - audits and corrects benchmark specifications, gold answers and tests; no seeded faults in models",no - reuses SciCode's per-subproblem test cases; no stimulation protocols,no - numeric closeness checks against frozen targets; no electrophysiology,"no - tests corrected or tightened by expert audit, not selected by optimisation",partial - twelve model snapshots re-evaluated on corrected data with harness held fixed; no discovery/held-out split for test design,yes - evaluates LLM-generated scientific code; reports misgrading from non-reproducible gold answers and over-tight tolerances (unreviewed preprint claims),SciCode-Verified - https://github.com/flyingwagner/scicode-verified (GitHub API detects no top-level licence; README badge links a vendored Apache-2.0 LICENSE file),"Cautionary evidence that hidden numeric tests with poorly calibrated tolerances or non-deterministic gold answers misgrade solutions; supports NeuroSem's refinement-calibrated tolerances, determinism checks and audited answer keys for its agent case study. It does not test behaviour preservation of model transformations.",1,preprint,10.48550/arxiv.2608.04975,https://doi.org/10.48550/arxiv.2608.04975,"DataCite DOI API (title, 4 creators, abstract, submitted 2026-08-05); arXiv abs page (authors, cs.SE/cs.AI, comments); GitHub REST API via gh (repo metadata, file list, vendored LICENSE header) and README + CLEANING_LOG.md",DataCite (arXiv DOIs) 'SciCode'; abstract via DataCite,deepread_r1_b42.json
"Huang, Z., Cao, Y., Shargh, A. K., et al. (2026). Can Coding Agents Reproduce Findings in Computational Materials Science? arXiv preprint arXiv:2605.00803.",2026,"computational materials science simulation workflows (DFT, molecular dynamics, discrete dislocation dynamics, statistical/ML methods)",no - agents reconstruct and execute published workflows; no seeded faults.,no - each claim requires one reconstructed end-to-end workflow; no stimulus battery.,no - materials science outputs.,no - no test or protocol selection.,"partial - expert-curated claims in a gated dataset, scored by an LLM rubric evaluator audited against experts; no discovery/held-out split.","yes - evaluates Claude Code, Codex CLI and a multi-phase agent reproducing simulation-based claims, with failure-mode analysis.",AutoMat https://github.com/JHU-CLSP/AutoMat (LICENSE: MIT); gated dataset https://hf.co/datasets/jhu-clsp/AutoMat,Agent reproduction of simulation claims in another domain with LLM-judged scoring; NeuroSem's agent study would score agent edits to neuron models with deterministic hidden stimulus tests.,1,preprint,10.48550/arxiv.2605.00803,https://doi.org/10.48550/arxiv.2605.00803,"DataCite DOI API (metadata, abstract); arXiv abs page (authors, v1/v2 history, comment 'COLM 2026' is author-reported and not independently verified); arXiv HTML full text; GitHub raw README and LICENSE.",DataCite (arXiv DOIs) agents + reproduction query; abstract via DataCite,deepread_r1_b43.json
"Palmblad M, Ragland JM, Neely BA (2026). Agentic AI-Assisted Coding Offers a Unique Opportunity to Instill Epistemic Grounding during Software Development. Journal of Proteome Research 25(8):4360-4366.",2026,general scientific software for mass-spectrometry proteomics (agentic AI coding guidance),no - preliminary tests use prompts that violate hard constraints; no mutants of code or models.,no - not applicable; six violating prompts rather than stimulation protocols.,no - proteomics domain; no electrophysiology.,no - no test selection or optimisation.,no - proof-of-principle with one model configuration; authors say false positives and planted-violation audits are untested.,partial - constrains agentic AI coding via GROUNDING.md and checks refusal on violating prompts; no behavioural comparison of outputs.,proteomics GROUNDING.md draft https://github.com/OmicsGrounding/proteomics-grounding (URL as given in paper; repo not separately queried),"Preventive, prompt-level constraints on AI coding. NeuroSem is a post-hoc behavioural detector: it runs transformed neuron models under stimulus batteries and flags feature drift beyond calibrated tolerances.",1,paper,10.1021/acs.jproteome.6c00398,https://doi.org/10.1021/acs.jproteome.6c00398,"Crossref api.crossref.org/works/10.1021/acs.jproteome.6c00398 (title, 3 authors, J Proteome Res 25(8):4360-4366, issued 2026-07-17); Europe PMC search (PMID 42467468, PMC13459537) abstract and fullTextXML read (preliminary testing, limitations).",PubMed E-utilities 'AI-assisted coding[tiab] OR (coding assistant[tiab] AND science)',deepread_r1_b21.json
"Ranjan R, Van Geit W, Moor R, et al. (2026). eFEL (version 5.7.34). Zenodo.",2026,Model-agnostic feature extraction from voltage traces (in vitro recordings or simulations),no - extracts features from user-supplied traces; no model modification.,no - the library processes traces with user-given stimulus windows; it defines no stimulation protocols itself.,"yes - standardized definitions for over 90 features (e.g. AP amplitude and width), C++ core with Python interface.",no - no protocol design or selection.,no - library; no evaluation design.,no - none.,"eFEL https://github.com/openbraininstitute/eFEL (active; BlueBrain/eFEL archived per GitHub API); PyPI efel 5.7.34, LGPLv3 (LICENSE.txt: LGPL v3 or later; examples and tests BSD)","Feature-extraction component NeuroSem would reuse, not a competing method. NeuroSem would freeze an eFEL version and its settings, handle undefined features explicitly, and add everything above feature extraction: protocols, tolerances, mutants and battery selection.",1,software,10.5281/zenodo.19604220,https://github.com/openbraininstitute/eFEL,"PyPI JSON pypi.org/pypi/efel/json (5.7.34, uploaded 2026-08-25, license LGPLv3, homepage openbraininstitute/eFEL); gh api repos (openbraininstitute/eFEL active, BlueBrain/eFEL archived) and releases/latest 5.7.34; README.md and LICENSE.txt read; DataCite for zenodo 19604220 (v5.7.34, 2026), 14222078 (v5.7.13, 2024) and 8288734 (v5.0.5, 2023), all LGPL-3.0; README's preferred paper citation verified via Crossref api.crossref.org/works/10.1093/bioinformatics/btag328 (Mandge D, Tuncel A, Jaquier A, et al. 2026, Bioinformatics 42(6) btag328; abstract read).",PyPI JSON https://pypi.org/pypi/efel/json; WebSearch results (GitHub BlueBrain/eFEL and openbraininstitute/eFEL; Zenodo records 8288734 and 14222078),deepread_r1_b41.json
"Ruscone, M., Vazquez, M., Valencia, A. (2026). Intelligent tool orchestration for rapid mechanistic model prototyping: MCP servers as AI-biology interfaces. npj Systems Biology and Applications.",2026,"Multiscale cancer cell-fate model: signalling network (NeKo), stochastic Boolean (MaBoSS), multicellular agent-based (PhysiCell/PhysiBoSS)",no - no seeded faults described in abstract or README.,unclear - single TNF-response use case; full text not retrievable (accelerated preview only).,no - not electrophysiological models.,no - none described.,no - single use case; portability tried across several LLMs.,partial - LLM agents build and configure models via MCP tool servers in natural language; systematic behavioural checking of outputs not described.,"mcp-biomodelling-servers https://github.com/marcorusc/mcp-biomodelling-servers ; PyPI https://pypi.org/project/mcp-biomodelling-servers/ (v2.3.0, MIT per PyPI metadata 2026-09-13)","Provides AI tooling for building models and notes the need for validation; NeuroSem would supply the behavioural regression evidence such AI-edited models lack, for neuron models specifically.",1,paper,10.1038/s41540-026-00767-3,https://doi.org/10.1038/s41540-026-00767-3,Crossref works API; Europe PMC abstract (PMID 42297831); OpenAlex abstract/OA status; nature.com article HTML (abstract-only preview); GitHub search API and raw README; PyPI JSON API,Europe PMC lens search (LLM AND computational model AND generation),deepread_r1_b36.json
"Sauro HM, Agmon E, Blinov ML, et al. (2026). From FAIR to CURE: guidelines for computational models of biological systems. npj Systems Biology and Applications 12(1):77.",2026,"mechanistic models in systems biology, physiology and medicine (SBML, CellML, NeuroML cited); guidelines/perspective","no - perspective on verification, validation and UQ; no mutant generation.",no - no multi-protocol test design; mentions verifying SBML models by running them on multiple simulators.,no - no feature extraction; neuroscience appears only via NeuroML citations.,no - no test or protocol selection method.,no - guidelines paper without empirical evaluation.,no - no evaluation of AI-assisted model changes found in full text.,none (mentions https://github.com/biosimulators/bsvs and https://github.com/sys-bio/ratesb_python as related efforts),"Framing reference: likens verification to software testing and urges automating credibility checks. NeuroSem would supply a concrete, empirically evaluated behavioural regression method for neuron models, reported as finite evidence rather than proof.",1,paper,10.1038/s41540-026-00651-0,https://doi.org/10.1038/s41540-026-00651-0,"Crossref api.crossref.org/works/10.1038/s41540-026-00651-0 (title, 54 authors led by Sauro HM, npj Syst Biol Appl 12(1) article 77, issued 2026-03-27); Europe PMC search (PMID 41888157, PMC13230930) abstract and fullTextXML keyword read (verification, bsvs, NeuroML).",Europe PMC 'NeuroML AND (test OR testing OR validation)',deepread_r1_b21.json
bozelosp (2026). Ion Channel Genealogy Visualizer. GitHub software (bozelosp/ion-channel-genealogy-viz).,2026,"Hodgkin-Huxley ion-channel model source files (.mod) from ModelDB, catalogued by the Ion Channel Genealogy project",no - observes existing reuse and modification of channel files; no generated mutants.,no - compares source code by Levenshtein similarity; no stimulation protocols.,partial - Omnimodel pages show fitted steady-state and time-constant gating curves per channel; no cell-level voltage-trace features.,no - no protocol selection.,no - an exploratory visualiser; no evaluation design.,no - no AI-generated or AI-edited models.,Ion Channel Genealogy Visualizer - https://github.com/bozelosp/ion-channel-genealogy-viz (no license detected by GitHub API; no LICENSE file at HEAD); live at icg-explorer.org per README,"Shows that channel code is copied and modified across publications, which motivates edit-regression testing. It compares code text and gating curves, not whole-cell behaviour under stimulation; NeuroSem would test behavioural consequences of such edits.",1,software,,https://github.com/bozelosp/ion-channel-genealogy-viz,"GitHub REST API repo JSON (created 2026-09-05, license null, description); raw README.md and docs/ARCHITECTURE.md; gh api git tree listing (Next.js app, generation scripts); no individual author name verified beyond the GitHub owner handle.",GitHub search ion channel genealogy,deepread_r1_b31.json
