variant_id,model_id,operator,exec_overrides,protocol_id,feature,ref_h,ref_h2,ref_h4,ref_error_h,ref_error_h2,ref_observed_order,var_h,var_h2,var_h4,deviation_h,deviation_h2,deviation_h4,deviation_over_ref_error_h,label
m-increase_dt-b7cdfa6b5c,pospischil2008_rs,increase_dt,"{""dt_factor"": 4}",P00_canonical,adaptation_index,0.2988218828985024,0.2989579287624928,0.29897507423197267,0.0001360458639903528,1.7145469479895592e-05,2.9881937830153675,0.2982181304611331,0.29862328102971725,,0.0006037524373693204,0.00033464773277552817,,4.437859554570019,exceeds_reference_discretization_error
m-increase_dt-b7cdfa6b5c,pospischil2008_rs,increase_dt,"{""dt_factor"": 4}",P00_canonical,ahp_depth,2.861194747922525,2.9394112752346615,2.978420361836754,0.07821652731213646,0.03900908660209268,1.0036632661078215,2.387512784325324,2.7042029902198124,,0.47368196359720116,0.23520828501484914,,6.056034189639896,exceeds_reference_discretization_error
m-increase_dt-b7cdfa6b5c,pospischil2008_rs,increase_dt,"{""dt_factor"": 4}",P00_canonical,ap_amplitude,88.85420990112726,88.78027725318925,88.85550689834986,0.07393264793800824,0.07522964516060426,-0.025089700379656518,89.01040649540573,88.85997772303803,,0.15619659427846955,0.07970046984877399,,2.1126876777014503,within_reference_discretization_error
m-increase_dt-b7cdfa6b5c,pospischil2008_rs,increase_dt,"{""dt_factor"": 4}",P00_canonical,ap_half_width,0.6999999999993634,0.6999999999993634,0.6999999999993634,0.0,0.0,,0.6999999999993634,0.6999999999993634,,0.0,0.0,,,within_reference_discretization_error
m-increase_dt-b7cdfa6b5c,pospischil2008_rs,increase_dt,"{""dt_factor"": 4}",P00_canonical,baseline_voltage,-70.57644285583496,-70.57644283040365,-70.57644282277425,2.5431305061829335e-08,7.629395781805215e-09,1.736964787997437,-70.57643948109956,-70.57644114939383,,3.374735399575002e-06,1.6810098202313384e-06,,132.7000478886257,exceeds_reference_discretization_error
m-increase_dt-b7cdfa6b5c,pospischil2008_rs,increase_dt,"{""dt_factor"": 4}",P00_canonical,firing_regime,,,,,,,,,,,,,,no_change
m-increase_dt-b7cdfa6b5c,pospischil2008_rs,increase_dt,"{""dt_factor"": 4}",P00_canonical,first_isi,28.06999999997447,28.029999999974507,27.999999999974534,0.03999999999996362,0.029999999999972715,0.41503749927884376,28.369999999974198,28.17999999997437,,0.29999999999972715,0.14999999999986358,,7.5,exceeds_reference_discretization_error
m-increase_dt-b7cdfa6b5c,pospischil2008_rs,increase_dt,"{""dt_factor"": 4}",P00_canonical,first_spike_latency,20.749999999853287,20.739999999853296,20.739999999853296,0.009999999999990905,0.0,,20.78999999985325,20.759999999853278,,0.03999999999996362,0.01999999999998181,,4.0,exceeds_reference_discretization_error
m-increase_dt-b7cdfa6b5c,pospischil2008_rs,increase_dt,"{""dt_factor"": 4}",P00_canonical,last_isi,135.97999999987638,135.78999999987656,135.69999999987664,0.1899999999998272,0.08999999999991815,1.078002512001273,137.13999999987533,136.36999999987603,,1.159999999998945,0.5799999999994725,,6.105263157894737,exceeds_reference_discretization_error
m-increase_dt-b7cdfa6b5c,pospischil2008_rs,increase_dt,"{""dt_factor"": 4}",P00_canonical,mean_frequency,17.03113291098414,17.059606264310375,17.073587160685435,0.02847335332623402,0.013980896375059615,1.026155549236768,16.86113171918359,16.97447039654643,,0.1700011918005515,0.08513586776394533,,5.970536376687334,exceeds_reference_discretization_error
m-increase_dt-b7cdfa6b5c,pospischil2008_rs,increase_dt,"{""dt_factor"": 4}",P00_canonical,spike_count,5.0,5.0,5.0,0.0,0.0,,5.0,5.0,,0.0,0.0,,,within_reference_discretization_error
m-increase_dt-b7cdfa6b5c,pospischil2008_rs,increase_dt,"{""dt_factor"": 4}",P01_baseline,baseline_voltage,-70.57644295501709,-70.5764428838094,-70.57644285837809,7.120767975266062e-08,2.543131927268405e-08,1.485426539252876,-70.57644344202677,-70.5764431101481,,4.870096859121986e-07,2.263386988943239e-07,,6.8392859815658,exceeds_reference_discretization_error
m-increase_dt-b7cdfa6b5c,pospischil2008_rs,increase_dt,"{""dt_factor"": 4}",P01_baseline,firing_regime,,,,,,,,,,,,,,no_change
m-increase_dt-b7cdfa6b5c,pospischil2008_rs,increase_dt,"{""dt_factor"": 4}",P01_baseline,spike_count,0.0,0.0,0.0,0.0,0.0,,0.0,0.0,,0.0,0.0,,,within_reference_discretization_error
m-increase_dt-b7cdfa6b5c,pospischil2008_rs,increase_dt,"{""dt_factor"": 4}",P01_baseline,steady_state_voltage,-70.57128326633999,-70.5712832685198,-70.57128326960972,2.1798172156195506e-09,1.0899157132371329e-09,0.9999905946871835,-70.57128325707572,-70.57128326416016,,9.264269351660914e-09,4.359648642093816e-09,,4.250021187683762,exceeds_reference_discretization_error
m-increase_dt-b7cdfa6b5c,pospischil2008_rs,increase_dt,"{""dt_factor"": 4}",P02_weak_step,baseline_voltage,-70.57644295501709,-70.5764428838094,-70.57644245656336,7.120767975266062e-08,4.272460500942543e-07,-2.5849624047486883,-70.57643376032519,-70.57643988545739,,9.194691898528617e-06,2.998352016447825e-06,,129.12500351740593,exceeds_reference_discretization_error
m-increase_dt-b7cdfa6b5c,pospischil2008_rs,increase_dt,"{""dt_factor"": 4}",P02_weak_step,spike_count,0.0,0.0,0.0,0.0,0.0,,0.0,0.0,,0.0,0.0,,,within_reference_discretization_error
m-increase_dt-b7cdfa6b5c,pospischil2008_rs,increase_dt,"{""dt_factor"": 4}",P02_weak_step,steady_state_voltage,-61.915689658355596,-61.91568922958361,-61.9156893104553,4.287719832518633e-07,8.087168623660546e-08,2.406504042356149,-61.91570264549231,-61.91569282302855,,1.2987136713604741e-05,3.5934449371666233e-06,,30.289144862284573,exceeds_reference_discretization_error
m-increase_dt-b7cdfa6b5c,pospischil2008_rs,increase_dt,"{""dt_factor"": 4}",P02_weak_step,voltage_deflection,8.66075329666149,8.660753654225793,8.660753146108057,3.5756430349920265e-07,5.081177363308598e-07,-0.5069601076426014,8.660731114832878,8.66074706242884,,2.218182861213336e-05,6.591796953614448e-06,,62.035914645441736,exceeds_reference_discretization_error
m-increase_dt-b7cdfa6b5c,pospischil2008_rs,increase_dt,"{""dt_factor"": 4}",P03_rheobase,rheobase,0.5606515948364182,0.5606515948364182,0.5606515948364182,0.0,0.0,,0.5606515948364182,0.5606515948364182,,0.0,0.0,,,within_reference_discretization_error
m-increase_dt-b7cdfa6b5c,pospischil2008_rs,increase_dt,"{""dt_factor"": 4}",P04_step_2x,adaptation_index,0.018020491828063687,0.018206269147133136,0.01830016111987434,0.0001857773190694495,9.389197274120228e-05,0.9845006530712672,0.017815612995083163,0.018579303105065052,,0.00020487883298052345,0.0003730339579319161,,1.1028194077013955,within_reference_discretization_error
m-increase_dt-b7cdfa6b5c,pospischil2008_rs,increase_dt,"{""dt_factor"": 4}",P04_step_2x,ahp_depth,3.2025415878387236,3.6095391972804407,3.811037501010617,0.40699760944171715,0.20149830373017608,1.014252626853457,0.6488381869395425,2.3726109263133566,,2.553703400899181,1.2369282709670841,,6.274492384370814,exceeds_reference_discretization_error
m-increase_dt-b7cdfa6b5c,pospischil2008_rs,increase_dt,"{""dt_factor"": 4}",P04_step_2x,ap_amplitude,89.49588775782593,89.44855880885186,89.41038513298949,0.04732894897406936,0.03817367586236742,0.3101447698984528,89.99827575614543,89.68763351503401,,0.5023879983195059,0.23907470618215143,,10.614814172077955,exceeds_reference_discretization_error
m-increase_dt-b7cdfa6b5c,pospischil2008_rs,increase_dt,"{""dt_factor"": 4}",P04_step_2x,ap_half_width,0.6999999999993634,0.6999999999993634,0.7099999999993543,0.0,0.009999999999990905,,0.6999999999993634,0.7099999999993543,,0.0,0.009999999999990905,,,within_reference_discretization_error
m-increase_dt-b7cdfa6b5c,pospischil2008_rs,increase_dt,"{""dt_factor"": 4}",P04_step_2x,burst_count,1.0,1.0,1.0,0.0,0.0,,1.0,1.0,,0.0,0.0,,,within_reference_discretization_error
m-increase_dt-b7cdfa6b5c,pospischil2008_rs,increase_dt,"{""dt_factor"": 4}",P04_step_2x,firing_regime,,,,,,,,,,,,,,no_change
m-increase_dt-b7cdfa6b5c,pospischil2008_rs,increase_dt,"{""dt_factor"": 4}",P04_step_2x,first_isi,13.069999999988113,12.92999999998824,12.869999999988295,0.13999999999987267,0.05999999999994543,1.222392421336448,13.91999999998734,13.349999999987858,,0.8499999999992269,0.419999999999618,,6.071428571428571,exceeds_reference_discretization_error
m-increase_dt-b7cdfa6b5c,pospischil2008_rs,increase_dt,"{""dt_factor"": 4}",P04_step_2x,first_spike_latency,10.689999999862437,10.659999999862464,10.639999999862482,0.029999999999972715,0.01999999999998181,0.5849625007211562,10.819999999862318,10.7299999998624,,0.12999999999988177,0.06999999999993634,,4.333333333333333,exceeds_reference_discretization_error
m-increase_dt-b7cdfa6b5c,pospischil2008_rs,increase_dt,"{""dt_factor"": 4}",P04_step_2x,last_isi,28.16999999997438,28.06999999997447,28.009999999974525,0.09999999999990905,0.05999999999994543,0.7369655941662062,28.71999999997388,28.329999999974234,,0.5499999999994998,0.25999999999976353,,5.5,exceeds_reference_discretization_error
m-increase_dt-b7cdfa6b5c,pospischil2008_rs,increase_dt,"{""dt_factor"": 4}",P04_step_2x,mean_frequency,44.11292909854356,44.38974193423394,44.5308072221393,0.27681283569037873,0.14106528790536288,0.972547815656055,43.01163362285883,44.070428742365806,,1.1012954756847293,0.3193131918681331,,3.978484136900908,exceeds_reference_discretization_error
m-increase_dt-b7cdfa6b5c,pospischil2008_rs,increase_dt,"{""dt_factor"": 4}",P04_step_2x,spike_count,22.0,22.0,22.0,0.0,0.0,,21.0,21.0,,1.0,1.0,,,exceeds_reference_discretization_error
m-increase_dt-b7cdfa6b5c,pospischil2008_rs,increase_dt,"{""dt_factor"": 4}",P05_long_step,adaptation_index,0.02130270892949869,0.021450084876352596,0.021523147383456034,0.00014737594685390598,7.306250710343784e-05,1.0122979171709385,0.021297331892686133,0.021025011244578548,,5.377036812557329e-06,0.0004250736317740478,,0.036485172291293874,within_reference_discretization_error
m-increase_dt-b7cdfa6b5c,pospischil2008_rs,increase_dt,"{""dt_factor"": 4}",P05_long_step,ahp_depth,2.4773294906594145,2.8773233159343334,3.0753201293999552,0.3999938252749189,0.1979968134656218,1.0145005172653294,-0.03440255861407593,1.6613867390951782,,2.5117320492734905,1.2159365768391552,,6.279427057523094,exceeds_reference_discretization_error
m-increase_dt-b7cdfa6b5c,pospischil2008_rs,increase_dt,"{""dt_factor"": 4}",P05_long_step,ap_amplitude,89.18265915023935,89.08078384555085,89.01884842064456,0.10187530468849104,0.06193542490629511,0.7179676522082291,89.6667518605415,89.36415863170542,,0.48409271030214995,0.28337478615456746,,4.751816073408401,exceeds_reference_discretization_error
m-increase_dt-b7cdfa6b5c,pospischil2008_rs,increase_dt,"{""dt_factor"": 4}",P05_long_step,ap_half_width,0.6999999999993634,0.6999999999993634,0.6999999999993634,0.0,0.0,,0.6999999999993634,0.6999999999993634,,0.0,0.0,,,within_reference_discretization_error
m-increase_dt-b7cdfa6b5c,pospischil2008_rs,increase_dt,"{""dt_factor"": 4}",P05_long_step,burst_count,1.0,1.0,1.0,0.0,0.0,,1.0,1.0,,0.0,0.0,,,within_reference_discretization_error
m-increase_dt-b7cdfa6b5c,pospischil2008_rs,increase_dt,"{""dt_factor"": 4}",P05_long_step,firing_regime,,,,,,,,,,,,,,no_change
m-increase_dt-b7cdfa6b5c,pospischil2008_rs,increase_dt,"{""dt_factor"": 4}",P05_long_step,first_isi,21.2199999999807,21.019999999980882,20.919999999980973,0.1999999999998181,0.09999999999990905,1.0,22.41999999997961,21.619999999980337,,1.1999999999989086,0.5999999999994543,,6.0,exceeds_reference_discretization_error
m-increase_dt-b7cdfa6b5c,pospischil2008_rs,increase_dt,"{""dt_factor"": 4}",P05_long_step,first_spike_latency,16.619999999857043,16.58999999985707,16.56999999985709,0.029999999999972715,0.01999999999998181,0.5849625007211562,16.779999999856898,16.67999999985699,,0.15999999999985448,0.08999999999991815,,5.333333333333333,exceeds_reference_discretization_error
m-increase_dt-b7cdfa6b5c,pospischil2008_rs,increase_dt,"{""dt_factor"": 4}",P05_long_step,last_isi,78.13000000170541,77.97000000170192,77.90000000170039,0.16000000000349246,0.07000000000152795,1.1926450779423958,79.08000000172615,78.44000000171218,,0.9500000000207365,0.4700000000102591,,5.9375,exceeds_reference_discretization_error
m-increase_dt-b7cdfa6b5c,pospischil2008_rs,increase_dt,"{""dt_factor"": 4}",P05_long_step,mean_frequency,14.694109182274286,14.734349834088421,14.754440323353883,0.04024065181413583,0.020090489265461642,1.0021409753867108,14.524328249801817,14.613399983849506,,0.1697809324724684,0.12094985023891525,,4.2191397211122545,exceeds_reference_discretization_error
m-increase_dt-b7cdfa6b5c,pospischil2008_rs,increase_dt,"{""dt_factor"": 4}",P05_long_step,spike_count,29.0,29.0,29.0,0.0,0.0,,28.0,29.0,,1.0,0.0,,,exceeds_reference_discretization_error
m-increase_dt-b7cdfa6b5c,pospischil2008_rs,increase_dt,"{""dt_factor"": 4}",P06_ramp,firing_regime,,,,,,,,,,,,,,no_change
m-increase_dt-b7cdfa6b5c,pospischil2008_rs,increase_dt,"{""dt_factor"": 4}",P06_ramp,first_spike_latency,381.69999999952506,381.6399999995251,381.61999999952513,0.05999999999994543,0.01999999999998181,1.584962500721156,381.9799999995248,381.79999999952497,,0.27999999999974534,0.15999999999985448,,4.666666666666667,exceeds_reference_discretization_error
m-increase_dt-b7cdfa6b5c,pospischil2008_rs,increase_dt,"{""dt_factor"": 4}",P06_ramp,mean_frequency,30.288956646438177,30.358227079570092,31.027304027576427,0.06927043313191561,0.6690769480063352,-3.271860539491475,29.257465698174045,30.151662864238258,,1.031490948264132,0.20656421533183433,,14.890782425162627,exceeds_reference_discretization_error
m-increase_dt-b7cdfa6b5c,pospischil2008_rs,increase_dt,"{""dt_factor"": 4}",P06_ramp,spike_count,30.0,30.0,31.0,0.0,1.0,,29.0,30.0,,1.0,0.0,,,exceeds_reference_discretization_error
m-increase_dt-b7cdfa6b5c,pospischil2008_rs,increase_dt,"{""dt_factor"": 4}",P07_hyperpolarizing_step,baseline_voltage,-70.57644295501709,-70.5764428838094,-70.57644366709383,7.120767975266062e-08,7.83284420435848e-07,-3.459431513940059,-70.57646280542993,-70.57644956715893,,1.9850412840582976e-05,6.683349525360427e-06,,278.7678647799401,exceeds_reference_discretization_error
m-increase_dt-b7cdfa6b5c,pospischil2008_rs,increase_dt,"{""dt_factor"": 4}",P07_hyperpolarizing_step,minimum_voltage,-89.46293640136719,-89.46292877197266,-89.46292114257812,7.62939453125e-06,7.62939453125e-06,0.0,-89.46302795410156,-89.46296691894531,,9.1552734375e-05,3.814697265625e-05,,12.0,exceeds_reference_discretization_error
m-increase_dt-b7cdfa6b5c,pospischil2008_rs,increase_dt,"{""dt_factor"": 4}",P07_hyperpolarizing_step,sag_ratio,0.003517949557482789,0.0035174947323282214,0.0035170411162427045,4.5482515456749667e-07,4.5361608551688914e-07,0.0038402460751016556,0.0035233021078386875,0.003519460923586613,,5.3525503558985756e-06,1.9661912583914497e-06,,11.768369234081687,exceeds_reference_discretization_error
m-increase_dt-b7cdfa6b5c,pospischil2008_rs,increase_dt,"{""dt_factor"": 4}",P07_hyperpolarizing_step,steady_state_voltage,-89.3964946701052,-89.39649565734885,-89.39649662475586,9.87243652161851e-07,9.674070042819949e-07,0.029283203074387972,-89.39648487930342,-89.39649655914306,,9.790801783537972e-06,9.017942090849829e-07,,9.917310445195797,exceeds_reference_discretization_error
m-increase_dt-b7cdfa6b5c,pospischil2008_rs,increase_dt,"{""dt_factor"": 4}",P07_hyperpolarizing_step,voltage_deflection,-18.820051715088113,-18.820052773539445,-18.82005295766203,1.0584513319145117e-06,1.8412258384614688e-07,2.5232164363890495,-18.82002207387349,-18.82004699198413,,2.964121462412095e-05,5.781555316275444e-06,,28.00432455454172,exceeds_reference_discretization_error
m-increase_dt-b7cdfa6b5c,pospischil2008_rs,increase_dt,"{""dt_factor"": 4}",P08_rebound,firing_regime,,,,,,,,,,,,,,no_change
m-increase_dt-b7cdfa6b5c,pospischil2008_rs,increase_dt,"{""dt_factor"": 4}",P08_rebound,first_spike_latency,,,,,,,,,,,,,,no_change
m-increase_dt-b7cdfa6b5c,pospischil2008_rs,increase_dt,"{""dt_factor"": 4}",P08_rebound,maximum_voltage,-70.19320678710938,-70.1932373046875,-70.1932601928711,3.0517578125e-05,2.288818359375e-05,0.41503749927884376,-70.19300079345703,-70.19313049316406,,0.00020599365234375,0.0001068115234375,,6.75,exceeds_reference_discretization_error
m-increase_dt-b7cdfa6b5c,pospischil2008_rs,increase_dt,"{""dt_factor"": 4}",P08_rebound,spike_count,0.0,0.0,0.0,0.0,0.0,,0.0,0.0,,0.0,0.0,,,within_reference_discretization_error
m-increase_dt-b7cdfa6b5c,pospischil2008_rs,increase_dt,"{""dt_factor"": 4}",P09_short_pulse,ahp_depth,-1.4308354873657265,-1.3990133539835625,-1.3856318588248655,0.031822133382164,0.013381495158697021,1.249791236308517,-2.928793229418318,-1.544669410704742,,1.4979577420525914,0.14565605672117954,,47.072825824185074,exceeds_reference_discretization_error
m-increase_dt-b7cdfa6b5c,pospischil2008_rs,increase_dt,"{""dt_factor"": 4}",P09_short_pulse,ap_amplitude,119.13114547927412,119.00757217662539,119.11269378919832,0.12357330264873667,0.10512161257292973,0.23330777837135702,,119.37246322877398,,,0.3648910521485931,,,definedness_change
m-increase_dt-b7cdfa6b5c,pospischil2008_rs,increase_dt,"{""dt_factor"": 4}",P09_short_pulse,ap_half_width,0.8799999999991996,0.8799999999991996,0.8799999999991996,0.0,0.0,,,0.8799999999991996,,,0.0,,,definedness_change
m-increase_dt-b7cdfa6b5c,pospischil2008_rs,increase_dt,"{""dt_factor"": 4}",P09_short_pulse,first_spike_latency,2.1599999998701946,2.1499999998702037,2.139999999870213,0.009999999999990905,0.009999999999990905,0.0,2.239999999870122,2.1899999998701674,,0.07999999999992724,0.03999999999996362,,8.0,exceeds_reference_discretization_error
m-increase_dt-b7cdfa6b5c,pospischil2008_rs,increase_dt,"{""dt_factor"": 4}",P09_short_pulse,spike_count,1.0,1.0,1.0,0.0,0.0,,1.0,1.0,,0.0,0.0,,,within_reference_discretization_error
m-increase_dt-b7cdfa6b5c,pospischil2008_rs,increase_dt,"{""dt_factor"": 4}",P10_paired_pulses,ap_amplitude,119.13114547927412,119.00757217662539,119.11269378919832,0.12357330264873667,0.10512161257292973,0.23330777837135702,,119.37246322877398,,,0.3648910521485931,,,definedness_change
m-increase_dt-b7cdfa6b5c,pospischil2008_rs,increase_dt,"{""dt_factor"": 4}",P10_paired_pulses,first_isi,23.09999999997899,23.089999999979,23.089999999979,0.009999999999990905,0.0,,23.09999999997899,23.09999999997899,,0.0,0.009999999999990905,,0.0,within_reference_discretization_error
m-increase_dt-b7cdfa6b5c,pospischil2008_rs,increase_dt,"{""dt_factor"": 4}",P10_paired_pulses,first_spike_latency,2.1599999998701946,2.1499999998702037,2.139999999870213,0.009999999999990905,0.009999999999990905,0.0,2.239999999870122,2.1899999998701674,,0.07999999999992724,0.03999999999996362,,8.0,exceeds_reference_discretization_error
m-increase_dt-b7cdfa6b5c,pospischil2008_rs,increase_dt,"{""dt_factor"": 4}",P10_paired_pulses,spike_count,2.0,2.0,2.0,0.0,0.0,,2.0,2.0,,0.0,0.0,,,within_reference_discretization_error
m-increase_dt-f3e1491a0a,pospischil2008_rs,increase_dt,"{""dt_factor"": 10}",P00_canonical,adaptation_index,0.2988218828985024,0.2989579287624928,0.29897507423197267,0.0001360458639903528,1.7145469479895592e-05,2.9881937830153675,0.29700329224265554,0.29800824826849076,,0.0018185906558468856,0.0009496804940020143,,13.367482130701486,exceeds_reference_discretization_error
m-increase_dt-f3e1491a0a,pospischil2008_rs,increase_dt,"{""dt_factor"": 10}",P00_canonical,ahp_depth,2.861194747922525,2.9394112752346615,2.978420361836754,0.07821652731213646,0.03900908660209268,1.0036632661078215,1.4173081970233028,2.227993247992643,,1.4438865508992222,0.7114180272420185,,18.46012090433452,exceeds_reference_discretization_error
m-increase_dt-f3e1491a0a,pospischil2008_rs,increase_dt,"{""dt_factor"": 10}",P00_canonical,ap_amplitude,88.85420990112726,88.78027725318925,88.85550689834986,0.07393264793800824,0.07522964516060426,-0.025089700379656518,89.22954559410255,88.98311233640268,,0.375335692975284,0.20283508321342936,,5.076724606022485,exceeds_reference_discretization_error
m-increase_dt-f3e1491a0a,pospischil2008_rs,increase_dt,"{""dt_factor"": 10}",P00_canonical,ap_half_width,0.6999999999993634,0.6999999999993634,0.6999999999993634,0.0,0.0,,0.6999999999993634,0.6999999999993634,,0.0,0.0,,,within_reference_discretization_error
m-increase_dt-f3e1491a0a,pospischil2008_rs,increase_dt,"{""dt_factor"": 10}",P00_canonical,baseline_voltage,-70.57644285583496,-70.57644283040365,-70.57644282277425,2.5431305061829335e-08,7.629395781805215e-09,1.736964787997437,-70.57643447875988,-70.57644295501709,,8.377075076282381e-06,1.2461343601444241e-07,,329.40012539332093,exceeds_reference_discretization_error
m-increase_dt-f3e1491a0a,pospischil2008_rs,increase_dt,"{""dt_factor"": 10}",P00_canonical,firing_regime,,,,,,,,,,,,,,no_change
m-increase_dt-f3e1491a0a,pospischil2008_rs,increase_dt,"{""dt_factor"": 10}",P00_canonical,first_isi,28.06999999997447,28.029999999974507,27.999999999974534,0.03999999999996362,0.029999999999972715,0.41503749927884376,28.95999999997366,28.469999999974107,,0.8899999999991905,0.4399999999995998,,22.25,exceeds_reference_discretization_error
m-increase_dt-f3e1491a0a,pospischil2008_rs,increase_dt,"{""dt_factor"": 10}",P00_canonical,first_spike_latency,20.749999999853287,20.739999999853296,20.739999999853296,0.009999999999990905,0.0,,20.869999999853178,20.809999999853233,,0.11999999999989086,0.06999999999993634,,12.0,exceeds_reference_discretization_error
m-increase_dt-f3e1491a0a,pospischil2008_rs,increase_dt,"{""dt_factor"": 10}",P00_canonical,last_isi,135.97999999987638,135.78999999987656,135.69999999987664,0.1899999999998272,0.08999999999991815,1.078002512001273,139.4699999998732,137.51999999987498,,3.489999999996826,1.7299999999984266,,18.36842105263158,exceeds_reference_discretization_error
m-increase_dt-f3e1491a0a,pospischil2008_rs,increase_dt,"{""dt_factor"": 10}",P00_canonical,mean_frequency,17.03113291098414,17.059606264310375,17.073587160685435,0.02847335332623402,0.013980896375059615,1.026155549236768,16.525647805415982,16.805028064419368,,0.5054851055681588,0.2545781998910073,,17.75291795724069,exceeds_reference_discretization_error
m-increase_dt-f3e1491a0a,pospischil2008_rs,increase_dt,"{""dt_factor"": 10}",P00_canonical,spike_count,5.0,5.0,5.0,0.0,0.0,,5.0,5.0,,0.0,0.0,,,within_reference_discretization_error
m-increase_dt-f3e1491a0a,pospischil2008_rs,increase_dt,"{""dt_factor"": 10}",P01_baseline,baseline_voltage,-70.57644295501709,-70.5764428838094,-70.57644285837809,7.120767975266062e-08,2.543131927268405e-08,1.485426539252876,-70.57644432067872,-70.57644357452396,,1.3656616317803127e-06,6.907145575496543e-07,,19.178572262485293,exceeds_reference_discretization_error
m-increase_dt-f3e1491a0a,pospischil2008_rs,increase_dt,"{""dt_factor"": 10}",P01_baseline,firing_regime,,,,,,,,,,,,,,no_change
m-increase_dt-f3e1491a0a,pospischil2008_rs,increase_dt,"{""dt_factor"": 10}",P01_baseline,spike_count,0.0,0.0,0.0,0.0,0.0,,0.0,0.0,,0.0,0.0,,,within_reference_discretization_error
m-increase_dt-f3e1491a0a,pospischil2008_rs,increase_dt,"{""dt_factor"": 10}",P01_baseline,steady_state_voltage,-70.57128326633999,-70.5712832685198,-70.57128326960972,2.1798172156195506e-09,1.0899157132371329e-09,0.9999905946871835,-70.57128323800224,-70.57128325565883,,2.8337751700746594e-08,1.286097983665968e-08,,13.000058673585803,exceeds_reference_discretization_error
m-increase_dt-f3e1491a0a,pospischil2008_rs,increase_dt,"{""dt_factor"": 10}",P02_weak_step,baseline_voltage,-70.57644295501709,-70.5764428838094,-70.57644245656336,7.120767975266062e-08,4.272460500942543e-07,-2.5849624047486883,-70.57644432067872,-70.57644357452396,,1.3656616317803127e-06,6.907145575496543e-07,,19.178572262485293,exceeds_reference_discretization_error
m-increase_dt-f3e1491a0a,pospischil2008_rs,increase_dt,"{""dt_factor"": 10}",P02_weak_step,spike_count,0.0,0.0,0.0,0.0,0.0,,0.0,0.0,,0.0,0.0,,,within_reference_discretization_error
m-increase_dt-f3e1491a0a,pospischil2008_rs,increase_dt,"{""dt_factor"": 10}",P02_weak_step,steady_state_voltage,-61.915689658355596,-61.91568922958361,-61.9156893104553,4.287719832518633e-07,8.087168623660546e-08,2.406504042356149,-61.91568778305052,-61.91569697250363,,1.875305073895106e-06,7.74292001892718e-06,,4.373665134723927,exceeds_reference_discretization_error
m-increase_dt-f3e1491a0a,pospischil2008_rs,increase_dt,"{""dt_factor"": 10}",P02_weak_step,voltage_deflection,8.66075329666149,8.660753654225793,8.660753146108057,3.5756430349920265e-07,5.081177363308598e-07,-0.5069601076426014,8.660756537628195,8.660746602020332,,3.2409667056754188e-06,7.052205461377525e-06,,9.064010791789359,exceeds_reference_discretization_error
m-increase_dt-f3e1491a0a,pospischil2008_rs,increase_dt,"{""dt_factor"": 10}",P03_rheobase,rheobase,0.5606515948364182,0.5606515948364182,0.5606515948364182,0.0,0.0,,0.5606515948364182,0.5606515948364182,,0.0,0.0,,,within_reference_discretization_error
m-increase_dt-f3e1491a0a,pospischil2008_rs,increase_dt,"{""dt_factor"": 10}",P04_step_2x,adaptation_index,0.018020491828063687,0.018206269147133136,0.01830016111987434,0.0001857773190694495,9.389197274120228e-05,0.9845006530712672,0.01667693170506004,0.017462809209709957,,0.001343560123003646,0.0007434599374231791,,7.2320998587636005,exceeds_reference_discretization_error
m-increase_dt-f3e1491a0a,pospischil2008_rs,increase_dt,"{""dt_factor"": 10}",P04_step_2x,ahp_depth,3.2025415878387236,3.6095391972804407,3.811037501010617,0.40699760944171715,0.20149830373017608,1.014252626853457,-4.973398513676926,-0.2445769332729668,,8.17594010151565,3.8541161305534075,,20.08842290924183,exceeds_reference_discretization_error
m-increase_dt-f3e1491a0a,pospischil2008_rs,increase_dt,"{""dt_factor"": 10}",P04_step_2x,ap_amplitude,89.49588775782593,89.44855880885186,89.41038513298949,0.04732894897406936,0.03817367586236742,0.3101447698984528,90.65342328823866,90.15217208887536,,1.15753553041273,0.7036132800235038,,24.45724140307704,exceeds_reference_discretization_error
m-increase_dt-f3e1491a0a,pospischil2008_rs,increase_dt,"{""dt_factor"": 10}",P04_step_2x,ap_half_width,0.6999999999993634,0.6999999999993634,0.7099999999993543,0.0,0.009999999999990905,,0.7099999999993543,0.7099999999993543,,0.009999999999990905,0.009999999999990905,,,exceeds_reference_discretization_error
m-increase_dt-f3e1491a0a,pospischil2008_rs,increase_dt,"{""dt_factor"": 10}",P04_step_2x,burst_count,1.0,1.0,1.0,0.0,0.0,,1.0,1.0,,0.0,0.0,,,within_reference_discretization_error
m-increase_dt-f3e1491a0a,pospischil2008_rs,increase_dt,"{""dt_factor"": 10}",P04_step_2x,firing_regime,,,,,,,,,,,,,,no_change
m-increase_dt-f3e1491a0a,pospischil2008_rs,increase_dt,"{""dt_factor"": 10}",P04_step_2x,first_isi,13.069999999988113,12.92999999998824,12.869999999988295,0.13999999999987267,0.05999999999994543,1.222392421336448,15.599999999985812,14.179999999987103,,2.529999999997699,1.2499999999988631,,18.071428571428573,exceeds_reference_discretization_error
m-increase_dt-f3e1491a0a,pospischil2008_rs,increase_dt,"{""dt_factor"": 10}",P04_step_2x,first_spike_latency,10.689999999862437,10.659999999862464,10.639999999862482,0.029999999999972715,0.01999999999998181,0.5849625007211562,11.099999999862064,10.899999999862246,,0.4099999999996271,0.23999999999978172,,13.666666666666666,exceeds_reference_discretization_error
m-increase_dt-f3e1491a0a,pospischil2008_rs,increase_dt,"{""dt_factor"": 10}",P04_step_2x,last_isi,28.16999999997438,28.06999999997447,28.009999999974525,0.09999999999990905,0.05999999999994543,0.7369655941662062,29.799999999972897,28.919999999973697,,1.6299999999985175,0.8499999999992269,,16.3,exceeds_reference_discretization_error
m-increase_dt-f3e1491a0a,pospischil2008_rs,increase_dt,"{""dt_factor"": 10}",P04_step_2x,mean_frequency,44.11292909854356,44.38974193423394,44.5308072221393,0.27681283569037873,0.14106528790536288,0.972547815656055,40.66693777963275,42.505819249113515,,3.4459913189108136,1.8839226851204245,,12.448813330192646,exceeds_reference_discretization_error
m-increase_dt-f3e1491a0a,pospischil2008_rs,increase_dt,"{""dt_factor"": 10}",P04_step_2x,spike_count,22.0,22.0,22.0,0.0,0.0,,20.0,21.0,,2.0,1.0,,,exceeds_reference_discretization_error
m-increase_dt-f3e1491a0a,pospischil2008_rs,increase_dt,"{""dt_factor"": 10}",P05_long_step,adaptation_index,0.02130270892949869,0.021450084876352596,0.021523147383456034,0.00014737594685390598,7.306250710343784e-05,1.0122979171709385,0.019761952642899604,0.021029313929194333,,0.0015407562865990855,0.0004207709471582624,,10.45459805002264,exceeds_reference_discretization_error
m-increase_dt-f3e1491a0a,pospischil2008_rs,increase_dt,"{""dt_factor"": 10}",P05_long_step,ahp_depth,2.4773294906594145,2.8773233159343334,3.0753201293999552,0.3999938252749189,0.1979968134656218,1.0145005172653294,-5.569795913587882,-0.9139128707761586,,8.047125404247296,3.791236186710492,,20.118124070331447,exceeds_reference_discretization_error
m-increase_dt-f3e1491a0a,pospischil2008_rs,increase_dt,"{""dt_factor"": 10}",P05_long_step,ap_amplitude,89.18265915023935,89.08078384555085,89.01884842064456,0.10187530468849104,0.06193542490629511,0.7179676522082291,90.21388015712472,89.78466415495366,,1.0312210068853744,0.7038803094028054,,10.122384517411632,exceeds_reference_discretization_error
m-increase_dt-f3e1491a0a,pospischil2008_rs,increase_dt,"{""dt_factor"": 10}",P05_long_step,ap_half_width,0.6999999999993634,0.6999999999993634,0.6999999999993634,0.0,0.0,,0.6999999999993634,0.6899999999993724,,0.0,0.009999999999990905,,,within_reference_discretization_error
m-increase_dt-f3e1491a0a,pospischil2008_rs,increase_dt,"{""dt_factor"": 10}",P05_long_step,burst_count,1.0,1.0,1.0,0.0,0.0,,1.0,1.0,,0.0,0.0,,,within_reference_discretization_error
m-increase_dt-f3e1491a0a,pospischil2008_rs,increase_dt,"{""dt_factor"": 10}",P05_long_step,firing_regime,,,,,,,,,,,,,,no_change
m-increase_dt-f3e1491a0a,pospischil2008_rs,increase_dt,"{""dt_factor"": 10}",P05_long_step,first_isi,21.2199999999807,21.019999999980882,20.919999999980973,0.1999999999998181,0.09999999999990905,1.0,24.74999999997749,22.809999999979254,,3.5299999999967895,1.789999999998372,,17.65,exceeds_reference_discretization_error
m-increase_dt-f3e1491a0a,pospischil2008_rs,increase_dt,"{""dt_factor"": 10}",P05_long_step,first_spike_latency,16.619999999857043,16.58999999985707,16.56999999985709,0.029999999999972715,0.01999999999998181,0.5849625007211562,17.14999999985656,16.869999999856816,,0.529999999999518,0.27999999999974534,,17.666666666666668,exceeds_reference_discretization_error
m-increase_dt-f3e1491a0a,pospischil2008_rs,increase_dt,"{""dt_factor"": 10}",P05_long_step,last_isi,78.13000000170541,77.97000000170192,77.90000000170039,0.16000000000349246,0.07000000000152795,1.1926450779423958,81.05000000176915,79.40000000173313,,2.9200000000637374,1.4300000000312139,,18.25,exceeds_reference_discretization_error
m-increase_dt-f3e1491a0a,pospischil2008_rs,increase_dt,"{""dt_factor"": 10}",P05_long_step,mean_frequency,14.694109182274286,14.734349834088421,14.754440323353883,0.04024065181413583,0.020090489265461642,1.0021409753867108,14.03895810872601,14.441177987500453,,0.6551510735482751,0.2931718465879687,,16.280826577419703,exceeds_reference_discretization_error
m-increase_dt-f3e1491a0a,pospischil2008_rs,increase_dt,"{""dt_factor"": 10}",P05_long_step,spike_count,29.0,29.0,29.0,0.0,0.0,,28.0,28.0,,1.0,1.0,,,exceeds_reference_discretization_error
m-increase_dt-f3e1491a0a,pospischil2008_rs,increase_dt,"{""dt_factor"": 10}",P06_ramp,firing_regime,,,,,,,,,,,,,,no_change
m-increase_dt-f3e1491a0a,pospischil2008_rs,increase_dt,"{""dt_factor"": 10}",P06_ramp,first_spike_latency,381.69999999952506,381.6399999995251,381.61999999952513,0.05999999999994543,0.01999999999998181,1.584962500721156,382.49999999952433,382.0799999995247,,0.7999999999992724,0.4399999999995998,,13.333333333333334,exceeds_reference_discretization_error
m-increase_dt-f3e1491a0a,pospischil2008_rs,increase_dt,"{""dt_factor"": 10}",P06_ramp,mean_frequency,30.288956646438177,30.358227079570092,31.027304027576427,0.06927043313191561,0.6690769480063352,-3.271860539491475,27.3003033367321,29.131089904600802,,2.988653309706077,1.2271371749692896,,43.14471809371562,exceeds_reference_discretization_error
m-increase_dt-f3e1491a0a,pospischil2008_rs,increase_dt,"{""dt_factor"": 10}",P06_ramp,spike_count,30.0,30.0,31.0,0.0,1.0,,27.0,29.0,,3.0,1.0,,,exceeds_reference_discretization_error
m-increase_dt-f3e1491a0a,pospischil2008_rs,increase_dt,"{""dt_factor"": 10}",P07_hyperpolarizing_step,baseline_voltage,-70.57644295501709,-70.5764428838094,-70.57644366709383,7.120767975266062e-08,7.83284420435848e-07,-3.459431513940059,-70.57644432067872,-70.57644357452396,,1.3656616317803127e-06,6.907145575496543e-07,,19.178572262485293,exceeds_reference_discretization_error
m-increase_dt-f3e1491a0a,pospischil2008_rs,increase_dt,"{""dt_factor"": 10}",P07_hyperpolarizing_step,minimum_voltage,-89.46293640136719,-89.46292877197266,-89.46292114257812,7.62939453125e-06,7.62939453125e-06,0.0,-89.46321868896484,-89.46305847167969,,0.00028228759765625,0.00012969970703125,,37.0,exceeds_reference_discretization_error
m-increase_dt-f3e1491a0a,pospischil2008_rs,increase_dt,"{""dt_factor"": 10}",P07_hyperpolarizing_step,sag_ratio,0.003517949557482789,0.0035174947323282214,0.0035170411162427045,4.5482515456749667e-07,4.5361608551688914e-07,0.0038402460751016556,0.003532751682975824,0.0035252147693576254,,1.4802125493035192e-05,7.720037029403971e-06,,32.544650058132476,exceeds_reference_discretization_error
m-increase_dt-f3e1491a0a,pospischil2008_rs,increase_dt,"{""dt_factor"": 10}",P07_hyperpolarizing_step,steady_state_voltage,-89.3964946701052,-89.39649565734885,-89.39649662475586,9.87243652161851e-07,9.674070042819949e-07,0.029283203074387972,-89.3964964050293,-89.39647909790106,,1.734924097718249e-06,1.6559447786335113e-05,,1.7573413553170372,within_reference_discretization_error
m-increase_dt-f3e1491a0a,pospischil2008_rs,increase_dt,"{""dt_factor"": 10}",P07_hyperpolarizing_step,voltage_deflection,-18.820051715088113,-18.820052773539445,-18.82005295766203,1.0584513319145117e-06,1.8412258384614688e-07,2.5232164363890495,-18.82005208435058,-18.8200355233771,,3.692624659379362e-07,1.7250162343884767e-05,,0.3488705194125643,within_reference_discretization_error
m-increase_dt-f3e1491a0a,pospischil2008_rs,increase_dt,"{""dt_factor"": 10}",P08_rebound,firing_regime,,,,,,,,,,,,,,no_change
m-increase_dt-f3e1491a0a,pospischil2008_rs,increase_dt,"{""dt_factor"": 10}",P08_rebound,first_spike_latency,,,,,,,,,,,,,,no_change
m-increase_dt-f3e1491a0a,pospischil2008_rs,increase_dt,"{""dt_factor"": 10}",P08_rebound,maximum_voltage,-70.19320678710938,-70.1932373046875,-70.1932601928711,3.0517578125e-05,2.288818359375e-05,0.41503749927884376,-70.19257354736328,-70.19292449951172,,0.00063323974609375,0.00031280517578125,,20.75,exceeds_reference_discretization_error
m-increase_dt-f3e1491a0a,pospischil2008_rs,increase_dt,"{""dt_factor"": 10}",P08_rebound,spike_count,0.0,0.0,0.0,0.0,0.0,,0.0,0.0,,0.0,0.0,,,within_reference_discretization_error
m-increase_dt-f3e1491a0a,pospischil2008_rs,increase_dt,"{""dt_factor"": 10}",P09_short_pulse,ahp_depth,-1.4308354873657265,-1.3990133539835625,-1.3856318588248655,0.031822133382164,0.013381495158697021,1.249791236308517,-8.127977676367323,-3.754849150085775,,6.697142189001596,2.3558357961022125,,210.45547476572645,exceeds_reference_discretization_error
m-increase_dt-f3e1491a0a,pospischil2008_rs,increase_dt,"{""dt_factor"": 10}",P09_short_pulse,ap_amplitude,119.13114547927412,119.00757217662539,119.11269378919832,0.12357330264873667,0.10512161257292973,0.23330777837135702,120.57712783973653,119.9875854521881,,1.4459823604624091,0.9800132755627118,,11.701413893360824,exceeds_reference_discretization_error
m-increase_dt-f3e1491a0a,pospischil2008_rs,increase_dt,"{""dt_factor"": 10}",P09_short_pulse,ap_half_width,0.8799999999991996,0.8799999999991996,0.8799999999991996,0.0,0.0,,0.8799999999991996,0.8699999999992087,,0.0,0.009999999999990905,,,within_reference_discretization_error
m-increase_dt-f3e1491a0a,pospischil2008_rs,increase_dt,"{""dt_factor"": 10}",P09_short_pulse,first_spike_latency,2.1599999998701946,2.1499999998702037,2.139999999870213,0.009999999999990905,0.009999999999990905,0.0,2.3999999998699764,2.2799999998700855,,0.23999999999978172,0.12999999999988177,,24.0,exceeds_reference_discretization_error
m-increase_dt-f3e1491a0a,pospischil2008_rs,increase_dt,"{""dt_factor"": 10}",P09_short_pulse,spike_count,1.0,1.0,1.0,0.0,0.0,,1.0,1.0,,0.0,0.0,,,within_reference_discretization_error
m-increase_dt-f3e1491a0a,pospischil2008_rs,increase_dt,"{""dt_factor"": 10}",P10_paired_pulses,ap_amplitude,119.13114547927412,119.00757217662539,119.11269378919832,0.12357330264873667,0.10512161257292973,0.23330777837135702,120.57712783973653,119.9875854521881,,1.4459823604624091,0.9800132755627118,,11.701413893360824,exceeds_reference_discretization_error
m-increase_dt-f3e1491a0a,pospischil2008_rs,increase_dt,"{""dt_factor"": 10}",P10_paired_pulses,first_isi,23.09999999997899,23.089999999979,23.089999999979,0.009999999999990905,0.0,,23.149999999978945,23.119999999978972,,0.049999999999954525,0.029999999999972715,,5.0,exceeds_reference_discretization_error
m-increase_dt-f3e1491a0a,pospischil2008_rs,increase_dt,"{""dt_factor"": 10}",P10_paired_pulses,first_spike_latency,2.1599999998701946,2.1499999998702037,2.139999999870213,0.009999999999990905,0.009999999999990905,0.0,2.3999999998699764,2.2799999998700855,,0.23999999999978172,0.12999999999988177,,24.0,exceeds_reference_discretization_error
m-increase_dt-f3e1491a0a,pospischil2008_rs,increase_dt,"{""dt_factor"": 10}",P10_paired_pulses,spike_count,2.0,2.0,2.0,0.0,0.0,,2.0,2.0,,0.0,0.0,,,within_reference_discretization_error
m-solver_config-5b315b1b38,pospischil2008_rs,solver_config,"{""integrator_method"": ""rk4""}",P00_canonical,adaptation_index,0.2988218828985024,0.2989579287624928,0.29897507423197267,0.0001360458639903528,1.7145469479895592e-05,2.9881937830153675,0.2988218828985024,,,0.0,,,0.0,within_reference_discretization_error
m-solver_config-5b315b1b38,pospischil2008_rs,solver_config,"{""integrator_method"": ""rk4""}",P00_canonical,ahp_depth,2.861194747922525,2.9394112752346615,2.978420361836754,0.07821652731213646,0.03900908660209268,1.0036632661078215,2.861194747922525,,,0.0,,,0.0,within_reference_discretization_error
m-solver_config-5b315b1b38,pospischil2008_rs,solver_config,"{""integrator_method"": ""rk4""}",P00_canonical,ap_amplitude,88.85420990112726,88.78027725318925,88.85550689834986,0.07393264793800824,0.07522964516060426,-0.025089700379656518,88.85420990112726,,,0.0,,,0.0,within_reference_discretization_error
m-solver_config-5b315b1b38,pospischil2008_rs,solver_config,"{""integrator_method"": ""rk4""}",P00_canonical,ap_half_width,0.6999999999993634,0.6999999999993634,0.6999999999993634,0.0,0.0,,0.6999999999993634,,,0.0,,,,within_reference_discretization_error
m-solver_config-5b315b1b38,pospischil2008_rs,solver_config,"{""integrator_method"": ""rk4""}",P00_canonical,baseline_voltage,-70.57644285583496,-70.57644283040365,-70.57644282277425,2.5431305061829335e-08,7.629395781805215e-09,1.736964787997437,-70.57644285583496,,,0.0,,,0.0,within_reference_discretization_error
m-solver_config-5b315b1b38,pospischil2008_rs,solver_config,"{""integrator_method"": ""rk4""}",P00_canonical,firing_regime,,,,,,,,,,,,,,no_change
m-solver_config-5b315b1b38,pospischil2008_rs,solver_config,"{""integrator_method"": ""rk4""}",P00_canonical,first_isi,28.06999999997447,28.029999999974507,27.999999999974534,0.03999999999996362,0.029999999999972715,0.41503749927884376,28.06999999997447,,,0.0,,,0.0,within_reference_discretization_error
m-solver_config-5b315b1b38,pospischil2008_rs,solver_config,"{""integrator_method"": ""rk4""}",P00_canonical,first_spike_latency,20.749999999853287,20.739999999853296,20.739999999853296,0.009999999999990905,0.0,,20.749999999853287,,,0.0,,,0.0,within_reference_discretization_error
m-solver_config-5b315b1b38,pospischil2008_rs,solver_config,"{""integrator_method"": ""rk4""}",P00_canonical,last_isi,135.97999999987638,135.78999999987656,135.69999999987664,0.1899999999998272,0.08999999999991815,1.078002512001273,135.97999999987638,,,0.0,,,0.0,within_reference_discretization_error
m-solver_config-5b315b1b38,pospischil2008_rs,solver_config,"{""integrator_method"": ""rk4""}",P00_canonical,mean_frequency,17.03113291098414,17.059606264310375,17.073587160685435,0.02847335332623402,0.013980896375059615,1.026155549236768,17.03113291098414,,,0.0,,,0.0,within_reference_discretization_error
m-solver_config-5b315b1b38,pospischil2008_rs,solver_config,"{""integrator_method"": ""rk4""}",P00_canonical,spike_count,5.0,5.0,5.0,0.0,0.0,,5.0,,,0.0,,,,within_reference_discretization_error
m-solver_config-5b315b1b38,pospischil2008_rs,solver_config,"{""integrator_method"": ""rk4""}",P01_baseline,baseline_voltage,-70.57644295501709,-70.5764428838094,-70.57644285837809,7.120767975266062e-08,2.543131927268405e-08,1.485426539252876,-70.57644295501709,,,0.0,,,0.0,within_reference_discretization_error
m-solver_config-5b315b1b38,pospischil2008_rs,solver_config,"{""integrator_method"": ""rk4""}",P01_baseline,firing_regime,,,,,,,,,,,,,,no_change
m-solver_config-5b315b1b38,pospischil2008_rs,solver_config,"{""integrator_method"": ""rk4""}",P01_baseline,spike_count,0.0,0.0,0.0,0.0,0.0,,0.0,,,0.0,,,,within_reference_discretization_error
m-solver_config-5b315b1b38,pospischil2008_rs,solver_config,"{""integrator_method"": ""rk4""}",P01_baseline,steady_state_voltage,-70.57128326633999,-70.5712832685198,-70.57128326960972,2.1798172156195506e-09,1.0899157132371329e-09,0.9999905946871835,-70.57128326633999,,,0.0,,,0.0,within_reference_discretization_error
m-solver_config-5b315b1b38,pospischil2008_rs,solver_config,"{""integrator_method"": ""rk4""}",P02_weak_step,baseline_voltage,-70.57644295501709,-70.5764428838094,-70.57644245656336,7.120767975266062e-08,4.272460500942543e-07,-2.5849624047486883,-70.57644295501709,,,0.0,,,0.0,within_reference_discretization_error
m-solver_config-5b315b1b38,pospischil2008_rs,solver_config,"{""integrator_method"": ""rk4""}",P02_weak_step,spike_count,0.0,0.0,0.0,0.0,0.0,,0.0,,,0.0,,,,within_reference_discretization_error
m-solver_config-5b315b1b38,pospischil2008_rs,solver_config,"{""integrator_method"": ""rk4""}",P02_weak_step,steady_state_voltage,-61.915689658355596,-61.91568922958361,-61.9156893104553,4.287719832518633e-07,8.087168623660546e-08,2.406504042356149,-61.915689658355596,,,0.0,,,0.0,within_reference_discretization_error
m-solver_config-5b315b1b38,pospischil2008_rs,solver_config,"{""integrator_method"": ""rk4""}",P02_weak_step,voltage_deflection,8.66075329666149,8.660753654225793,8.660753146108057,3.5756430349920265e-07,5.081177363308598e-07,-0.5069601076426014,8.66075329666149,,,0.0,,,0.0,within_reference_discretization_error
m-solver_config-5b315b1b38,pospischil2008_rs,solver_config,"{""integrator_method"": ""rk4""}",P03_rheobase,rheobase,0.5606515948364182,0.5606515948364182,0.5606515948364182,0.0,0.0,,0.5606515948364182,,,0.0,,,,within_reference_discretization_error
m-solver_config-5b315b1b38,pospischil2008_rs,solver_config,"{""integrator_method"": ""rk4""}",P04_step_2x,adaptation_index,0.018020491828063687,0.018206269147133136,0.01830016111987434,0.0001857773190694495,9.389197274120228e-05,0.9845006530712672,0.018020491828063687,,,0.0,,,0.0,within_reference_discretization_error
m-solver_config-5b315b1b38,pospischil2008_rs,solver_config,"{""integrator_method"": ""rk4""}",P04_step_2x,ahp_depth,3.2025415878387236,3.6095391972804407,3.811037501010617,0.40699760944171715,0.20149830373017608,1.014252626853457,3.2025415878387236,,,0.0,,,0.0,within_reference_discretization_error
m-solver_config-5b315b1b38,pospischil2008_rs,solver_config,"{""integrator_method"": ""rk4""}",P04_step_2x,ap_amplitude,89.49588775782593,89.44855880885186,89.41038513298949,0.04732894897406936,0.03817367586236742,0.3101447698984528,89.49588775782593,,,0.0,,,0.0,within_reference_discretization_error
m-solver_config-5b315b1b38,pospischil2008_rs,solver_config,"{""integrator_method"": ""rk4""}",P04_step_2x,ap_half_width,0.6999999999993634,0.6999999999993634,0.7099999999993543,0.0,0.009999999999990905,,0.6999999999993634,,,0.0,,,,within_reference_discretization_error
m-solver_config-5b315b1b38,pospischil2008_rs,solver_config,"{""integrator_method"": ""rk4""}",P04_step_2x,burst_count,1.0,1.0,1.0,0.0,0.0,,1.0,,,0.0,,,,within_reference_discretization_error
m-solver_config-5b315b1b38,pospischil2008_rs,solver_config,"{""integrator_method"": ""rk4""}",P04_step_2x,firing_regime,,,,,,,,,,,,,,no_change
m-solver_config-5b315b1b38,pospischil2008_rs,solver_config,"{""integrator_method"": ""rk4""}",P04_step_2x,first_isi,13.069999999988113,12.92999999998824,12.869999999988295,0.13999999999987267,0.05999999999994543,1.222392421336448,13.069999999988113,,,0.0,,,0.0,within_reference_discretization_error
m-solver_config-5b315b1b38,pospischil2008_rs,solver_config,"{""integrator_method"": ""rk4""}",P04_step_2x,first_spike_latency,10.689999999862437,10.659999999862464,10.639999999862482,0.029999999999972715,0.01999999999998181,0.5849625007211562,10.689999999862437,,,0.0,,,0.0,within_reference_discretization_error
m-solver_config-5b315b1b38,pospischil2008_rs,solver_config,"{""integrator_method"": ""rk4""}",P04_step_2x,last_isi,28.16999999997438,28.06999999997447,28.009999999974525,0.09999999999990905,0.05999999999994543,0.7369655941662062,28.16999999997438,,,0.0,,,0.0,within_reference_discretization_error
m-solver_config-5b315b1b38,pospischil2008_rs,solver_config,"{""integrator_method"": ""rk4""}",P04_step_2x,mean_frequency,44.11292909854356,44.38974193423394,44.5308072221393,0.27681283569037873,0.14106528790536288,0.972547815656055,44.11292909854356,,,0.0,,,0.0,within_reference_discretization_error
m-solver_config-5b315b1b38,pospischil2008_rs,solver_config,"{""integrator_method"": ""rk4""}",P04_step_2x,spike_count,22.0,22.0,22.0,0.0,0.0,,22.0,,,0.0,,,,within_reference_discretization_error
m-solver_config-5b315b1b38,pospischil2008_rs,solver_config,"{""integrator_method"": ""rk4""}",P05_long_step,adaptation_index,0.02130270892949869,0.021450084876352596,0.021523147383456034,0.00014737594685390598,7.306250710343784e-05,1.0122979171709385,0.02130270892949869,,,0.0,,,0.0,within_reference_discretization_error
m-solver_config-5b315b1b38,pospischil2008_rs,solver_config,"{""integrator_method"": ""rk4""}",P05_long_step,ahp_depth,2.4773294906594145,2.8773233159343334,3.0753201293999552,0.3999938252749189,0.1979968134656218,1.0145005172653294,2.4773294906594145,,,0.0,,,0.0,within_reference_discretization_error
m-solver_config-5b315b1b38,pospischil2008_rs,solver_config,"{""integrator_method"": ""rk4""}",P05_long_step,ap_amplitude,89.18265915023935,89.08078384555085,89.01884842064456,0.10187530468849104,0.06193542490629511,0.7179676522082291,89.18265915023935,,,0.0,,,0.0,within_reference_discretization_error
m-solver_config-5b315b1b38,pospischil2008_rs,solver_config,"{""integrator_method"": ""rk4""}",P05_long_step,ap_half_width,0.6999999999993634,0.6999999999993634,0.6999999999993634,0.0,0.0,,0.6999999999993634,,,0.0,,,,within_reference_discretization_error
m-solver_config-5b315b1b38,pospischil2008_rs,solver_config,"{""integrator_method"": ""rk4""}",P05_long_step,burst_count,1.0,1.0,1.0,0.0,0.0,,1.0,,,0.0,,,,within_reference_discretization_error
m-solver_config-5b315b1b38,pospischil2008_rs,solver_config,"{""integrator_method"": ""rk4""}",P05_long_step,firing_regime,,,,,,,,,,,,,,no_change
m-solver_config-5b315b1b38,pospischil2008_rs,solver_config,"{""integrator_method"": ""rk4""}",P05_long_step,first_isi,21.2199999999807,21.019999999980882,20.919999999980973,0.1999999999998181,0.09999999999990905,1.0,21.2199999999807,,,0.0,,,0.0,within_reference_discretization_error
m-solver_config-5b315b1b38,pospischil2008_rs,solver_config,"{""integrator_method"": ""rk4""}",P05_long_step,first_spike_latency,16.619999999857043,16.58999999985707,16.56999999985709,0.029999999999972715,0.01999999999998181,0.5849625007211562,16.619999999857043,,,0.0,,,0.0,within_reference_discretization_error
m-solver_config-5b315b1b38,pospischil2008_rs,solver_config,"{""integrator_method"": ""rk4""}",P05_long_step,last_isi,78.13000000170541,77.97000000170192,77.90000000170039,0.16000000000349246,0.07000000000152795,1.1926450779423958,78.13000000170541,,,0.0,,,0.0,within_reference_discretization_error
m-solver_config-5b315b1b38,pospischil2008_rs,solver_config,"{""integrator_method"": ""rk4""}",P05_long_step,mean_frequency,14.694109182274286,14.734349834088421,14.754440323353883,0.04024065181413583,0.020090489265461642,1.0021409753867108,14.694109182274286,,,0.0,,,0.0,within_reference_discretization_error
m-solver_config-5b315b1b38,pospischil2008_rs,solver_config,"{""integrator_method"": ""rk4""}",P05_long_step,spike_count,29.0,29.0,29.0,0.0,0.0,,29.0,,,0.0,,,,within_reference_discretization_error
m-solver_config-5b315b1b38,pospischil2008_rs,solver_config,"{""integrator_method"": ""rk4""}",P06_ramp,firing_regime,,,,,,,,,,,,,,no_change
m-solver_config-5b315b1b38,pospischil2008_rs,solver_config,"{""integrator_method"": ""rk4""}",P06_ramp,first_spike_latency,381.69999999952506,381.6399999995251,381.61999999952513,0.05999999999994543,0.01999999999998181,1.584962500721156,381.69999999952506,,,0.0,,,0.0,within_reference_discretization_error
m-solver_config-5b315b1b38,pospischil2008_rs,solver_config,"{""integrator_method"": ""rk4""}",P06_ramp,mean_frequency,30.288956646438177,30.358227079570092,31.027304027576427,0.06927043313191561,0.6690769480063352,-3.271860539491475,30.288956646438177,,,0.0,,,0.0,within_reference_discretization_error
m-solver_config-5b315b1b38,pospischil2008_rs,solver_config,"{""integrator_method"": ""rk4""}",P06_ramp,spike_count,30.0,30.0,31.0,0.0,1.0,,30.0,,,0.0,,,,within_reference_discretization_error
m-solver_config-5b315b1b38,pospischil2008_rs,solver_config,"{""integrator_method"": ""rk4""}",P07_hyperpolarizing_step,baseline_voltage,-70.57644295501709,-70.5764428838094,-70.57644366709383,7.120767975266062e-08,7.83284420435848e-07,-3.459431513940059,-70.57644295501709,,,0.0,,,0.0,within_reference_discretization_error
m-solver_config-5b315b1b38,pospischil2008_rs,solver_config,"{""integrator_method"": ""rk4""}",P07_hyperpolarizing_step,minimum_voltage,-89.46293640136719,-89.46292877197266,-89.46292114257812,7.62939453125e-06,7.62939453125e-06,0.0,-89.46293640136719,,,0.0,,,0.0,within_reference_discretization_error
m-solver_config-5b315b1b38,pospischil2008_rs,solver_config,"{""integrator_method"": ""rk4""}",P07_hyperpolarizing_step,sag_ratio,0.003517949557482789,0.0035174947323282214,0.0035170411162427045,4.5482515456749667e-07,4.5361608551688914e-07,0.0038402460751016556,0.003517949557482789,,,0.0,,,0.0,within_reference_discretization_error
m-solver_config-5b315b1b38,pospischil2008_rs,solver_config,"{""integrator_method"": ""rk4""}",P07_hyperpolarizing_step,steady_state_voltage,-89.3964946701052,-89.39649565734885,-89.39649662475586,9.87243652161851e-07,9.674070042819949e-07,0.029283203074387972,-89.3964946701052,,,0.0,,,0.0,within_reference_discretization_error
m-solver_config-5b315b1b38,pospischil2008_rs,solver_config,"{""integrator_method"": ""rk4""}",P07_hyperpolarizing_step,voltage_deflection,-18.820051715088113,-18.820052773539445,-18.82005295766203,1.0584513319145117e-06,1.8412258384614688e-07,2.5232164363890495,-18.820051715088113,,,0.0,,,0.0,within_reference_discretization_error
m-solver_config-5b315b1b38,pospischil2008_rs,solver_config,"{""integrator_method"": ""rk4""}",P08_rebound,firing_regime,,,,,,,,,,,,,,no_change
m-solver_config-5b315b1b38,pospischil2008_rs,solver_config,"{""integrator_method"": ""rk4""}",P08_rebound,first_spike_latency,,,,,,,,,,,,,,no_change
m-solver_config-5b315b1b38,pospischil2008_rs,solver_config,"{""integrator_method"": ""rk4""}",P08_rebound,maximum_voltage,-70.19320678710938,-70.1932373046875,-70.1932601928711,3.0517578125e-05,2.288818359375e-05,0.41503749927884376,-70.19320678710938,,,0.0,,,0.0,within_reference_discretization_error
m-solver_config-5b315b1b38,pospischil2008_rs,solver_config,"{""integrator_method"": ""rk4""}",P08_rebound,spike_count,0.0,0.0,0.0,0.0,0.0,,0.0,,,0.0,,,,within_reference_discretization_error
m-solver_config-5b315b1b38,pospischil2008_rs,solver_config,"{""integrator_method"": ""rk4""}",P09_short_pulse,ahp_depth,-1.4308354873657265,-1.3990133539835625,-1.3856318588248655,0.031822133382164,0.013381495158697021,1.249791236308517,-1.4308354873657265,,,0.0,,,0.0,within_reference_discretization_error
m-solver_config-5b315b1b38,pospischil2008_rs,solver_config,"{""integrator_method"": ""rk4""}",P09_short_pulse,ap_amplitude,119.13114547927412,119.00757217662539,119.11269378919832,0.12357330264873667,0.10512161257292973,0.23330777837135702,119.13114547927412,,,0.0,,,0.0,within_reference_discretization_error
m-solver_config-5b315b1b38,pospischil2008_rs,solver_config,"{""integrator_method"": ""rk4""}",P09_short_pulse,ap_half_width,0.8799999999991996,0.8799999999991996,0.8799999999991996,0.0,0.0,,0.8799999999991996,,,0.0,,,,within_reference_discretization_error
m-solver_config-5b315b1b38,pospischil2008_rs,solver_config,"{""integrator_method"": ""rk4""}",P09_short_pulse,first_spike_latency,2.1599999998701946,2.1499999998702037,2.139999999870213,0.009999999999990905,0.009999999999990905,0.0,2.1599999998701946,,,0.0,,,0.0,within_reference_discretization_error
m-solver_config-5b315b1b38,pospischil2008_rs,solver_config,"{""integrator_method"": ""rk4""}",P09_short_pulse,spike_count,1.0,1.0,1.0,0.0,0.0,,1.0,,,0.0,,,,within_reference_discretization_error
m-solver_config-5b315b1b38,pospischil2008_rs,solver_config,"{""integrator_method"": ""rk4""}",P10_paired_pulses,ap_amplitude,119.13114547927412,119.00757217662539,119.11269378919832,0.12357330264873667,0.10512161257292973,0.23330777837135702,119.13114547927412,,,0.0,,,0.0,within_reference_discretization_error
m-solver_config-5b315b1b38,pospischil2008_rs,solver_config,"{""integrator_method"": ""rk4""}",P10_paired_pulses,first_isi,23.09999999997899,23.089999999979,23.089999999979,0.009999999999990905,0.0,,23.09999999997899,,,0.0,,,0.0,within_reference_discretization_error
m-solver_config-5b315b1b38,pospischil2008_rs,solver_config,"{""integrator_method"": ""rk4""}",P10_paired_pulses,first_spike_latency,2.1599999998701946,2.1499999998702037,2.139999999870213,0.009999999999990905,0.009999999999990905,0.0,2.1599999998701946,,,0.0,,,0.0,within_reference_discretization_error
m-solver_config-5b315b1b38,pospischil2008_rs,solver_config,"{""integrator_method"": ""rk4""}",P10_paired_pulses,spike_count,2.0,2.0,2.0,0.0,0.0,,2.0,,,0.0,,,,within_reference_discretization_error
m-solver_config-61de603422,pospischil2008_rs,solver_config,"{""integrator_method"": ""eulertree""}",P00_canonical,adaptation_index,0.2988218828985024,0.2989579287624928,0.29897507423197267,0.0001360458639903528,1.7145469479895592e-05,2.9881937830153675,0.2988218828985024,,,0.0,,,0.0,within_reference_discretization_error
m-solver_config-61de603422,pospischil2008_rs,solver_config,"{""integrator_method"": ""eulertree""}",P00_canonical,ahp_depth,2.861194747922525,2.9394112752346615,2.978420361836754,0.07821652731213646,0.03900908660209268,1.0036632661078215,2.861194747922525,,,0.0,,,0.0,within_reference_discretization_error
m-solver_config-61de603422,pospischil2008_rs,solver_config,"{""integrator_method"": ""eulertree""}",P00_canonical,ap_amplitude,88.85420990112726,88.78027725318925,88.85550689834986,0.07393264793800824,0.07522964516060426,-0.025089700379656518,88.85420990112726,,,0.0,,,0.0,within_reference_discretization_error
m-solver_config-61de603422,pospischil2008_rs,solver_config,"{""integrator_method"": ""eulertree""}",P00_canonical,ap_half_width,0.6999999999993634,0.6999999999993634,0.6999999999993634,0.0,0.0,,0.6999999999993634,,,0.0,,,,within_reference_discretization_error
m-solver_config-61de603422,pospischil2008_rs,solver_config,"{""integrator_method"": ""eulertree""}",P00_canonical,baseline_voltage,-70.57644285583496,-70.57644283040365,-70.57644282277425,2.5431305061829335e-08,7.629395781805215e-09,1.736964787997437,-70.57644285583496,,,0.0,,,0.0,within_reference_discretization_error
m-solver_config-61de603422,pospischil2008_rs,solver_config,"{""integrator_method"": ""eulertree""}",P00_canonical,firing_regime,,,,,,,,,,,,,,no_change
m-solver_config-61de603422,pospischil2008_rs,solver_config,"{""integrator_method"": ""eulertree""}",P00_canonical,first_isi,28.06999999997447,28.029999999974507,27.999999999974534,0.03999999999996362,0.029999999999972715,0.41503749927884376,28.06999999997447,,,0.0,,,0.0,within_reference_discretization_error
m-solver_config-61de603422,pospischil2008_rs,solver_config,"{""integrator_method"": ""eulertree""}",P00_canonical,first_spike_latency,20.749999999853287,20.739999999853296,20.739999999853296,0.009999999999990905,0.0,,20.749999999853287,,,0.0,,,0.0,within_reference_discretization_error
m-solver_config-61de603422,pospischil2008_rs,solver_config,"{""integrator_method"": ""eulertree""}",P00_canonical,last_isi,135.97999999987638,135.78999999987656,135.69999999987664,0.1899999999998272,0.08999999999991815,1.078002512001273,135.97999999987638,,,0.0,,,0.0,within_reference_discretization_error
m-solver_config-61de603422,pospischil2008_rs,solver_config,"{""integrator_method"": ""eulertree""}",P00_canonical,mean_frequency,17.03113291098414,17.059606264310375,17.073587160685435,0.02847335332623402,0.013980896375059615,1.026155549236768,17.03113291098414,,,0.0,,,0.0,within_reference_discretization_error
m-solver_config-61de603422,pospischil2008_rs,solver_config,"{""integrator_method"": ""eulertree""}",P00_canonical,spike_count,5.0,5.0,5.0,0.0,0.0,,5.0,,,0.0,,,,within_reference_discretization_error
m-solver_config-61de603422,pospischil2008_rs,solver_config,"{""integrator_method"": ""eulertree""}",P01_baseline,baseline_voltage,-70.57644295501709,-70.5764428838094,-70.57644285837809,7.120767975266062e-08,2.543131927268405e-08,1.485426539252876,-70.57644295501709,,,0.0,,,0.0,within_reference_discretization_error
m-solver_config-61de603422,pospischil2008_rs,solver_config,"{""integrator_method"": ""eulertree""}",P01_baseline,firing_regime,,,,,,,,,,,,,,no_change
m-solver_config-61de603422,pospischil2008_rs,solver_config,"{""integrator_method"": ""eulertree""}",P01_baseline,spike_count,0.0,0.0,0.0,0.0,0.0,,0.0,,,0.0,,,,within_reference_discretization_error
m-solver_config-61de603422,pospischil2008_rs,solver_config,"{""integrator_method"": ""eulertree""}",P01_baseline,steady_state_voltage,-70.57128326633999,-70.5712832685198,-70.57128326960972,2.1798172156195506e-09,1.0899157132371329e-09,0.9999905946871835,-70.57128326633999,,,0.0,,,0.0,within_reference_discretization_error
m-solver_config-61de603422,pospischil2008_rs,solver_config,"{""integrator_method"": ""eulertree""}",P02_weak_step,baseline_voltage,-70.57644295501709,-70.5764428838094,-70.57644245656336,7.120767975266062e-08,4.272460500942543e-07,-2.5849624047486883,-70.57644295501709,,,0.0,,,0.0,within_reference_discretization_error
m-solver_config-61de603422,pospischil2008_rs,solver_config,"{""integrator_method"": ""eulertree""}",P02_weak_step,spike_count,0.0,0.0,0.0,0.0,0.0,,0.0,,,0.0,,,,within_reference_discretization_error
m-solver_config-61de603422,pospischil2008_rs,solver_config,"{""integrator_method"": ""eulertree""}",P02_weak_step,steady_state_voltage,-61.915689658355596,-61.91568922958361,-61.9156893104553,4.287719832518633e-07,8.087168623660546e-08,2.406504042356149,-61.915689658355596,,,0.0,,,0.0,within_reference_discretization_error
m-solver_config-61de603422,pospischil2008_rs,solver_config,"{""integrator_method"": ""eulertree""}",P02_weak_step,voltage_deflection,8.66075329666149,8.660753654225793,8.660753146108057,3.5756430349920265e-07,5.081177363308598e-07,-0.5069601076426014,8.66075329666149,,,0.0,,,0.0,within_reference_discretization_error
m-solver_config-61de603422,pospischil2008_rs,solver_config,"{""integrator_method"": ""eulertree""}",P03_rheobase,rheobase,0.5606515948364182,0.5606515948364182,0.5606515948364182,0.0,0.0,,0.5606515948364182,,,0.0,,,,within_reference_discretization_error
m-solver_config-61de603422,pospischil2008_rs,solver_config,"{""integrator_method"": ""eulertree""}",P04_step_2x,adaptation_index,0.018020491828063687,0.018206269147133136,0.01830016111987434,0.0001857773190694495,9.389197274120228e-05,0.9845006530712672,0.018020491828063687,,,0.0,,,0.0,within_reference_discretization_error
m-solver_config-61de603422,pospischil2008_rs,solver_config,"{""integrator_method"": ""eulertree""}",P04_step_2x,ahp_depth,3.2025415878387236,3.6095391972804407,3.811037501010617,0.40699760944171715,0.20149830373017608,1.014252626853457,3.2025415878387236,,,0.0,,,0.0,within_reference_discretization_error
m-solver_config-61de603422,pospischil2008_rs,solver_config,"{""integrator_method"": ""eulertree""}",P04_step_2x,ap_amplitude,89.49588775782593,89.44855880885186,89.41038513298949,0.04732894897406936,0.03817367586236742,0.3101447698984528,89.49588775782593,,,0.0,,,0.0,within_reference_discretization_error
m-solver_config-61de603422,pospischil2008_rs,solver_config,"{""integrator_method"": ""eulertree""}",P04_step_2x,ap_half_width,0.6999999999993634,0.6999999999993634,0.7099999999993543,0.0,0.009999999999990905,,0.6999999999993634,,,0.0,,,,within_reference_discretization_error
m-solver_config-61de603422,pospischil2008_rs,solver_config,"{""integrator_method"": ""eulertree""}",P04_step_2x,burst_count,1.0,1.0,1.0,0.0,0.0,,1.0,,,0.0,,,,within_reference_discretization_error
m-solver_config-61de603422,pospischil2008_rs,solver_config,"{""integrator_method"": ""eulertree""}",P04_step_2x,firing_regime,,,,,,,,,,,,,,no_change
m-solver_config-61de603422,pospischil2008_rs,solver_config,"{""integrator_method"": ""eulertree""}",P04_step_2x,first_isi,13.069999999988113,12.92999999998824,12.869999999988295,0.13999999999987267,0.05999999999994543,1.222392421336448,13.069999999988113,,,0.0,,,0.0,within_reference_discretization_error
m-solver_config-61de603422,pospischil2008_rs,solver_config,"{""integrator_method"": ""eulertree""}",P04_step_2x,first_spike_latency,10.689999999862437,10.659999999862464,10.639999999862482,0.029999999999972715,0.01999999999998181,0.5849625007211562,10.689999999862437,,,0.0,,,0.0,within_reference_discretization_error
m-solver_config-61de603422,pospischil2008_rs,solver_config,"{""integrator_method"": ""eulertree""}",P04_step_2x,last_isi,28.16999999997438,28.06999999997447,28.009999999974525,0.09999999999990905,0.05999999999994543,0.7369655941662062,28.16999999997438,,,0.0,,,0.0,within_reference_discretization_error
m-solver_config-61de603422,pospischil2008_rs,solver_config,"{""integrator_method"": ""eulertree""}",P04_step_2x,mean_frequency,44.11292909854356,44.38974193423394,44.5308072221393,0.27681283569037873,0.14106528790536288,0.972547815656055,44.11292909854356,,,0.0,,,0.0,within_reference_discretization_error
m-solver_config-61de603422,pospischil2008_rs,solver_config,"{""integrator_method"": ""eulertree""}",P04_step_2x,spike_count,22.0,22.0,22.0,0.0,0.0,,22.0,,,0.0,,,,within_reference_discretization_error
m-solver_config-61de603422,pospischil2008_rs,solver_config,"{""integrator_method"": ""eulertree""}",P05_long_step,adaptation_index,0.02130270892949869,0.021450084876352596,0.021523147383456034,0.00014737594685390598,7.306250710343784e-05,1.0122979171709385,0.02130270892949869,,,0.0,,,0.0,within_reference_discretization_error
m-solver_config-61de603422,pospischil2008_rs,solver_config,"{""integrator_method"": ""eulertree""}",P05_long_step,ahp_depth,2.4773294906594145,2.8773233159343334,3.0753201293999552,0.3999938252749189,0.1979968134656218,1.0145005172653294,2.4773294906594145,,,0.0,,,0.0,within_reference_discretization_error
m-solver_config-61de603422,pospischil2008_rs,solver_config,"{""integrator_method"": ""eulertree""}",P05_long_step,ap_amplitude,89.18265915023935,89.08078384555085,89.01884842064456,0.10187530468849104,0.06193542490629511,0.7179676522082291,89.18265915023935,,,0.0,,,0.0,within_reference_discretization_error
m-solver_config-61de603422,pospischil2008_rs,solver_config,"{""integrator_method"": ""eulertree""}",P05_long_step,ap_half_width,0.6999999999993634,0.6999999999993634,0.6999999999993634,0.0,0.0,,0.6999999999993634,,,0.0,,,,within_reference_discretization_error
m-solver_config-61de603422,pospischil2008_rs,solver_config,"{""integrator_method"": ""eulertree""}",P05_long_step,burst_count,1.0,1.0,1.0,0.0,0.0,,1.0,,,0.0,,,,within_reference_discretization_error
m-solver_config-61de603422,pospischil2008_rs,solver_config,"{""integrator_method"": ""eulertree""}",P05_long_step,firing_regime,,,,,,,,,,,,,,no_change
m-solver_config-61de603422,pospischil2008_rs,solver_config,"{""integrator_method"": ""eulertree""}",P05_long_step,first_isi,21.2199999999807,21.019999999980882,20.919999999980973,0.1999999999998181,0.09999999999990905,1.0,21.2199999999807,,,0.0,,,0.0,within_reference_discretization_error
m-solver_config-61de603422,pospischil2008_rs,solver_config,"{""integrator_method"": ""eulertree""}",P05_long_step,first_spike_latency,16.619999999857043,16.58999999985707,16.56999999985709,0.029999999999972715,0.01999999999998181,0.5849625007211562,16.619999999857043,,,0.0,,,0.0,within_reference_discretization_error
m-solver_config-61de603422,pospischil2008_rs,solver_config,"{""integrator_method"": ""eulertree""}",P05_long_step,last_isi,78.13000000170541,77.97000000170192,77.90000000170039,0.16000000000349246,0.07000000000152795,1.1926450779423958,78.13000000170541,,,0.0,,,0.0,within_reference_discretization_error
m-solver_config-61de603422,pospischil2008_rs,solver_config,"{""integrator_method"": ""eulertree""}",P05_long_step,mean_frequency,14.694109182274286,14.734349834088421,14.754440323353883,0.04024065181413583,0.020090489265461642,1.0021409753867108,14.694109182274286,,,0.0,,,0.0,within_reference_discretization_error
m-solver_config-61de603422,pospischil2008_rs,solver_config,"{""integrator_method"": ""eulertree""}",P05_long_step,spike_count,29.0,29.0,29.0,0.0,0.0,,29.0,,,0.0,,,,within_reference_discretization_error
m-solver_config-61de603422,pospischil2008_rs,solver_config,"{""integrator_method"": ""eulertree""}",P06_ramp,firing_regime,,,,,,,,,,,,,,no_change
m-solver_config-61de603422,pospischil2008_rs,solver_config,"{""integrator_method"": ""eulertree""}",P06_ramp,first_spike_latency,381.69999999952506,381.6399999995251,381.61999999952513,0.05999999999994543,0.01999999999998181,1.584962500721156,381.69999999952506,,,0.0,,,0.0,within_reference_discretization_error
m-solver_config-61de603422,pospischil2008_rs,solver_config,"{""integrator_method"": ""eulertree""}",P06_ramp,mean_frequency,30.288956646438177,30.358227079570092,31.027304027576427,0.06927043313191561,0.6690769480063352,-3.271860539491475,30.288956646438177,,,0.0,,,0.0,within_reference_discretization_error
m-solver_config-61de603422,pospischil2008_rs,solver_config,"{""integrator_method"": ""eulertree""}",P06_ramp,spike_count,30.0,30.0,31.0,0.0,1.0,,30.0,,,0.0,,,,within_reference_discretization_error
m-solver_config-61de603422,pospischil2008_rs,solver_config,"{""integrator_method"": ""eulertree""}",P07_hyperpolarizing_step,baseline_voltage,-70.57644295501709,-70.5764428838094,-70.57644366709383,7.120767975266062e-08,7.83284420435848e-07,-3.459431513940059,-70.57644295501709,,,0.0,,,0.0,within_reference_discretization_error
m-solver_config-61de603422,pospischil2008_rs,solver_config,"{""integrator_method"": ""eulertree""}",P07_hyperpolarizing_step,minimum_voltage,-89.46293640136719,-89.46292877197266,-89.46292114257812,7.62939453125e-06,7.62939453125e-06,0.0,-89.46293640136719,,,0.0,,,0.0,within_reference_discretization_error
m-solver_config-61de603422,pospischil2008_rs,solver_config,"{""integrator_method"": ""eulertree""}",P07_hyperpolarizing_step,sag_ratio,0.003517949557482789,0.0035174947323282214,0.0035170411162427045,4.5482515456749667e-07,4.5361608551688914e-07,0.0038402460751016556,0.003517949557482789,,,0.0,,,0.0,within_reference_discretization_error
m-solver_config-61de603422,pospischil2008_rs,solver_config,"{""integrator_method"": ""eulertree""}",P07_hyperpolarizing_step,steady_state_voltage,-89.3964946701052,-89.39649565734885,-89.39649662475586,9.87243652161851e-07,9.674070042819949e-07,0.029283203074387972,-89.3964946701052,,,0.0,,,0.0,within_reference_discretization_error
m-solver_config-61de603422,pospischil2008_rs,solver_config,"{""integrator_method"": ""eulertree""}",P07_hyperpolarizing_step,voltage_deflection,-18.820051715088113,-18.820052773539445,-18.82005295766203,1.0584513319145117e-06,1.8412258384614688e-07,2.5232164363890495,-18.820051715088113,,,0.0,,,0.0,within_reference_discretization_error
m-solver_config-61de603422,pospischil2008_rs,solver_config,"{""integrator_method"": ""eulertree""}",P08_rebound,firing_regime,,,,,,,,,,,,,,no_change
m-solver_config-61de603422,pospischil2008_rs,solver_config,"{""integrator_method"": ""eulertree""}",P08_rebound,first_spike_latency,,,,,,,,,,,,,,no_change
m-solver_config-61de603422,pospischil2008_rs,solver_config,"{""integrator_method"": ""eulertree""}",P08_rebound,maximum_voltage,-70.19320678710938,-70.1932373046875,-70.1932601928711,3.0517578125e-05,2.288818359375e-05,0.41503749927884376,-70.19320678710938,,,0.0,,,0.0,within_reference_discretization_error
m-solver_config-61de603422,pospischil2008_rs,solver_config,"{""integrator_method"": ""eulertree""}",P08_rebound,spike_count,0.0,0.0,0.0,0.0,0.0,,0.0,,,0.0,,,,within_reference_discretization_error
m-solver_config-61de603422,pospischil2008_rs,solver_config,"{""integrator_method"": ""eulertree""}",P09_short_pulse,ahp_depth,-1.4308354873657265,-1.3990133539835625,-1.3856318588248655,0.031822133382164,0.013381495158697021,1.249791236308517,-1.4308354873657265,,,0.0,,,0.0,within_reference_discretization_error
m-solver_config-61de603422,pospischil2008_rs,solver_config,"{""integrator_method"": ""eulertree""}",P09_short_pulse,ap_amplitude,119.13114547927412,119.00757217662539,119.11269378919832,0.12357330264873667,0.10512161257292973,0.23330777837135702,119.13114547927412,,,0.0,,,0.0,within_reference_discretization_error
m-solver_config-61de603422,pospischil2008_rs,solver_config,"{""integrator_method"": ""eulertree""}",P09_short_pulse,ap_half_width,0.8799999999991996,0.8799999999991996,0.8799999999991996,0.0,0.0,,0.8799999999991996,,,0.0,,,,within_reference_discretization_error
m-solver_config-61de603422,pospischil2008_rs,solver_config,"{""integrator_method"": ""eulertree""}",P09_short_pulse,first_spike_latency,2.1599999998701946,2.1499999998702037,2.139999999870213,0.009999999999990905,0.009999999999990905,0.0,2.1599999998701946,,,0.0,,,0.0,within_reference_discretization_error
m-solver_config-61de603422,pospischil2008_rs,solver_config,"{""integrator_method"": ""eulertree""}",P09_short_pulse,spike_count,1.0,1.0,1.0,0.0,0.0,,1.0,,,0.0,,,,within_reference_discretization_error
m-solver_config-61de603422,pospischil2008_rs,solver_config,"{""integrator_method"": ""eulertree""}",P10_paired_pulses,ap_amplitude,119.13114547927412,119.00757217662539,119.11269378919832,0.12357330264873667,0.10512161257292973,0.23330777837135702,119.13114547927412,,,0.0,,,0.0,within_reference_discretization_error
m-solver_config-61de603422,pospischil2008_rs,solver_config,"{""integrator_method"": ""eulertree""}",P10_paired_pulses,first_isi,23.09999999997899,23.089999999979,23.089999999979,0.009999999999990905,0.0,,23.09999999997899,,,0.0,,,0.0,within_reference_discretization_error
m-solver_config-61de603422,pospischil2008_rs,solver_config,"{""integrator_method"": ""eulertree""}",P10_paired_pulses,first_spike_latency,2.1599999998701946,2.1499999998702037,2.139999999870213,0.009999999999990905,0.009999999999990905,0.0,2.1599999998701946,,,0.0,,,0.0,within_reference_discretization_error
m-solver_config-61de603422,pospischil2008_rs,solver_config,"{""integrator_method"": ""eulertree""}",P10_paired_pulses,spike_count,2.0,2.0,2.0,0.0,0.0,,2.0,,,0.0,,,,within_reference_discretization_error
m-recording_resolution-809fde10a5,pospischil2008_rs,recording_resolution,"{""sample_every_ms"": 0.05}",P00_canonical,adaptation_index,0.2988218828985024,0.2989579287624928,0.29897507423197267,0.0001360458639903528,1.7145469479895592e-05,2.9881937830153675,0.2987974429537898,,,2.443994471262867e-05,,,0.1796448932424858,within_reference_discretization_error
m-recording_resolution-809fde10a5,pospischil2008_rs,recording_resolution,"{""sample_every_ms"": 0.05}",P00_canonical,ahp_depth,2.861194747922525,2.9394112752346615,2.978420361836754,0.07821652731213646,0.03900908660209268,1.0036632661078215,2.862979970299463,,,0.0017852223769381226,,,0.022824106851661755,within_reference_discretization_error
m-recording_resolution-809fde10a5,pospischil2008_rs,recording_resolution,"{""sample_every_ms"": 0.05}",P00_canonical,ap_amplitude,88.85420990112726,88.78027725318925,88.85550689834986,0.07393264793800824,0.07522964516060426,-0.025089700379656518,89.0450942967404,,,0.1908843956131392,,,2.5818687810721155,within_reference_discretization_error
m-recording_resolution-809fde10a5,pospischil2008_rs,recording_resolution,"{""sample_every_ms"": 0.05}",P00_canonical,ap_half_width,0.6999999999993634,0.6999999999993634,0.6999999999993634,0.0,0.0,,0.7099999999993543,,,0.009999999999990905,,,,exceeds_reference_discretization_error
m-recording_resolution-809fde10a5,pospischil2008_rs,recording_resolution,"{""sample_every_ms"": 0.05}",P00_canonical,baseline_voltage,-70.57644285583496,-70.57644283040365,-70.57644282277425,2.5431305061829335e-08,7.629395781805215e-09,1.736964787997437,-70.57644279988607,,,5.5948888189050194e-08,,,2.2000006705525186,within_reference_discretization_error
m-recording_resolution-809fde10a5,pospischil2008_rs,recording_resolution,"{""sample_every_ms"": 0.05}",P00_canonical,firing_regime,,,,,,,,,,,,,,no_change
m-recording_resolution-809fde10a5,pospischil2008_rs,recording_resolution,"{""sample_every_ms"": 0.05}",P00_canonical,first_isi,28.06999999997447,28.029999999974507,27.999999999974534,0.03999999999996362,0.029999999999972715,0.41503749927884376,28.04999999997449,,,0.01999999999998181,,,0.5,within_reference_discretization_error
m-recording_resolution-809fde10a5,pospischil2008_rs,recording_resolution,"{""sample_every_ms"": 0.05}",P00_canonical,first_spike_latency,20.749999999853287,20.739999999853296,20.739999999853296,0.009999999999990905,0.0,,20.749999999853287,,,0.0,,,0.0,within_reference_discretization_error
m-recording_resolution-809fde10a5,pospischil2008_rs,recording_resolution,"{""sample_every_ms"": 0.05}",P00_canonical,last_isi,135.97999999987638,135.78999999987656,135.69999999987664,0.1899999999998272,0.08999999999991815,1.078002512001273,135.99999999987637,,,0.01999999999998181,,,0.10526315789473684,within_reference_discretization_error
m-recording_resolution-809fde10a5,pospischil2008_rs,recording_resolution,"{""sample_every_ms"": 0.05}",P00_canonical,mean_frequency,17.03113291098414,17.059606264310375,17.073587160685435,0.02847335332623402,0.013980896375059615,1.026155549236768,17.0299727520665,,,0.0011601589176422067,,,0.04074542623587965,within_reference_discretization_error
m-recording_resolution-809fde10a5,pospischil2008_rs,recording_resolution,"{""sample_every_ms"": 0.05}",P00_canonical,spike_count,5.0,5.0,5.0,0.0,0.0,,5.0,,,0.0,,,,within_reference_discretization_error
m-recording_resolution-809fde10a5,pospischil2008_rs,recording_resolution,"{""sample_every_ms"": 0.05}",P01_baseline,baseline_voltage,-70.57644295501709,-70.5764428838094,-70.57644285837809,7.120767975266062e-08,2.543131927268405e-08,1.485426539252876,-70.57644286346435,,,9.155273517080786e-08,,,1.2857143427340372,within_reference_discretization_error
m-recording_resolution-809fde10a5,pospischil2008_rs,recording_resolution,"{""sample_every_ms"": 0.05}",P01_baseline,firing_regime,,,,,,,,,,,,,,no_change
m-recording_resolution-809fde10a5,pospischil2008_rs,recording_resolution,"{""sample_every_ms"": 0.05}",P01_baseline,spike_count,0.0,0.0,0.0,0.0,0.0,,0.0,,,0.0,,,,within_reference_discretization_error
m-recording_resolution-809fde10a5,pospischil2008_rs,recording_resolution,"{""sample_every_ms"": 0.05}",P01_baseline,steady_state_voltage,-70.57128326633999,-70.5712832685198,-70.57128326960972,2.1798172156195506e-09,1.0899157132371329e-09,0.9999905946871835,-70.57128326525007,,,1.0899157132371329e-09,,,0.5000032596436558,within_reference_discretization_error
m-recording_resolution-809fde10a5,pospischil2008_rs,recording_resolution,"{""sample_every_ms"": 0.05}",P02_weak_step,baseline_voltage,-70.57644295501709,-70.5764428838094,-70.57644245656336,7.120767975266062e-08,4.272460500942543e-07,-2.5849624047486883,-70.57644286346435,,,9.155273517080786e-08,,,1.2857143427340372,within_reference_discretization_error
m-recording_resolution-809fde10a5,pospischil2008_rs,recording_resolution,"{""sample_every_ms"": 0.05}",P02_weak_step,spike_count,0.0,0.0,0.0,0.0,0.0,,0.0,,,0.0,,,,within_reference_discretization_error
m-recording_resolution-809fde10a5,pospischil2008_rs,recording_resolution,"{""sample_every_ms"": 0.05}",P02_weak_step,steady_state_voltage,-61.915689658355596,-61.91568922958361,-61.9156893104553,4.287719832518633e-07,8.087168623660546e-08,2.406504042356149,-61.915691655731116,,,1.997375520090827e-06,,,4.65836294839618,exceeds_reference_discretization_error
m-recording_resolution-809fde10a5,pospischil2008_rs,recording_resolution,"{""sample_every_ms"": 0.05}",P02_weak_step,voltage_deflection,8.66075329666149,8.660753654225793,8.660753146108057,3.5756430349920265e-07,5.081177363308598e-07,-0.5069601076426014,8.660751207733234,,,2.088928255261635e-06,,,5.842105139743888,exceeds_reference_discretization_error
m-recording_resolution-809fde10a5,pospischil2008_rs,recording_resolution,"{""sample_every_ms"": 0.05}",P03_rheobase,rheobase,0.5606515948364182,0.5606515948364182,0.5606515948364182,0.0,0.0,,0.5606515948364182,,,0.0,,,,within_reference_discretization_error
m-recording_resolution-809fde10a5,pospischil2008_rs,recording_resolution,"{""sample_every_ms"": 0.05}",P04_step_2x,adaptation_index,0.018020491828063687,0.018206269147133136,0.01830016111987434,0.0001857773190694495,9.389197274120228e-05,0.9845006530712672,0.01800178788432254,,,1.8703943741146117e-05,,,0.10067937159839187,within_reference_discretization_error
m-recording_resolution-809fde10a5,pospischil2008_rs,recording_resolution,"{""sample_every_ms"": 0.05}",P04_step_2x,ahp_depth,3.2025415878387236,3.6095391972804407,3.811037501010617,0.40699760944171715,0.20149830373017608,1.014252626853457,3.202770378143768,,,0.0002287903050444129,,,0.0005621416434318789,within_reference_discretization_error
m-recording_resolution-809fde10a5,pospischil2008_rs,recording_resolution,"{""sample_every_ms"": 0.05}",P04_step_2x,ap_amplitude,89.49588775782593,89.44855880885186,89.41038513298949,0.04732894897406936,0.03817367586236742,0.3101447698984528,89.6360214232551,,,0.14013366542917538,,,2.960844651461666,within_reference_discretization_error
m-recording_resolution-809fde10a5,pospischil2008_rs,recording_resolution,"{""sample_every_ms"": 0.05}",P04_step_2x,ap_half_width,0.6999999999993634,0.6999999999993634,0.7099999999993543,0.0,0.009999999999990905,,0.6999999999993634,,,0.0,,,,within_reference_discretization_error
m-recording_resolution-809fde10a5,pospischil2008_rs,recording_resolution,"{""sample_every_ms"": 0.05}",P04_step_2x,burst_count,1.0,1.0,1.0,0.0,0.0,,1.0,,,0.0,,,,within_reference_discretization_error
m-recording_resolution-809fde10a5,pospischil2008_rs,recording_resolution,"{""sample_every_ms"": 0.05}",P04_step_2x,firing_regime,,,,,,,,,,,,,,no_change
m-recording_resolution-809fde10a5,pospischil2008_rs,recording_resolution,"{""sample_every_ms"": 0.05}",P04_step_2x,first_isi,13.069999999988113,12.92999999998824,12.869999999988295,0.13999999999987267,0.05999999999994543,1.222392421336448,13.049999999988131,,,0.01999999999998181,,,0.14285714285714285,within_reference_discretization_error
m-recording_resolution-809fde10a5,pospischil2008_rs,recording_resolution,"{""sample_every_ms"": 0.05}",P04_step_2x,first_spike_latency,10.689999999862437,10.659999999862464,10.639999999862482,0.029999999999972715,0.01999999999998181,0.5849625007211562,10.699999999862428,,,0.009999999999990905,,,0.3333333333333333,within_reference_discretization_error
m-recording_resolution-809fde10a5,pospischil2008_rs,recording_resolution,"{""sample_every_ms"": 0.05}",P04_step_2x,last_isi,28.16999999997438,28.06999999997447,28.009999999974525,0.09999999999990905,0.05999999999994543,0.7369655941662062,28.149999999974398,,,0.01999999999998181,,,0.2,within_reference_discretization_error
m-recording_resolution-809fde10a5,pospischil2008_rs,recording_resolution,"{""sample_every_ms"": 0.05}",P04_step_2x,mean_frequency,44.11292909854356,44.38974193423394,44.5308072221393,0.27681283569037873,0.14106528790536288,0.972547815656055,44.11469821541136,,,0.0017691168677984592,,,0.006391021801377937,within_reference_discretization_error
m-recording_resolution-809fde10a5,pospischil2008_rs,recording_resolution,"{""sample_every_ms"": 0.05}",P04_step_2x,spike_count,22.0,22.0,22.0,0.0,0.0,,22.0,,,0.0,,,,within_reference_discretization_error
m-recording_resolution-809fde10a5,pospischil2008_rs,recording_resolution,"{""sample_every_ms"": 0.05}",P05_long_step,adaptation_index,0.02130270892949869,0.021450084876352596,0.021523147383456034,0.00014737594685390598,7.306250710343784e-05,1.0122979171709385,0.02132987285721547,,,2.7163927716778585e-05,,,0.1843172396626312,within_reference_discretization_error
m-recording_resolution-809fde10a5,pospischil2008_rs,recording_resolution,"{""sample_every_ms"": 0.05}",P05_long_step,ahp_depth,2.4773294906594145,2.8773233159343334,3.0753201293999552,0.3999938252749189,0.1979968134656218,1.0145005172653294,2.477329399136778,,,9.152263658052107e-08,,,2.2881012355032442e-07,within_reference_discretization_error
m-recording_resolution-809fde10a5,pospischil2008_rs,recording_resolution,"{""sample_every_ms"": 0.05}",P05_long_step,ap_amplitude,89.18265915023935,89.08078384555085,89.01884842064456,0.10187530468849104,0.06193542490629511,0.7179676522082291,89.10068129791328,,,0.08197785232606236,,,0.8046881683125261,within_reference_discretization_error
m-recording_resolution-809fde10a5,pospischil2008_rs,recording_resolution,"{""sample_every_ms"": 0.05}",P05_long_step,ap_half_width,0.6999999999993634,0.6999999999993634,0.6999999999993634,0.0,0.0,,0.6999999999993634,,,0.0,,,,within_reference_discretization_error
m-recording_resolution-809fde10a5,pospischil2008_rs,recording_resolution,"{""sample_every_ms"": 0.05}",P05_long_step,burst_count,1.0,1.0,1.0,0.0,0.0,,1.0,,,0.0,,,,within_reference_discretization_error
m-recording_resolution-809fde10a5,pospischil2008_rs,recording_resolution,"{""sample_every_ms"": 0.05}",P05_long_step,firing_regime,,,,,,,,,,,,,,no_change
m-recording_resolution-809fde10a5,pospischil2008_rs,recording_resolution,"{""sample_every_ms"": 0.05}",P05_long_step,first_isi,21.2199999999807,21.019999999980882,20.919999999980973,0.1999999999998181,0.09999999999990905,1.0,21.249999999980673,,,0.029999999999972715,,,0.15,within_reference_discretization_error
m-recording_resolution-809fde10a5,pospischil2008_rs,recording_resolution,"{""sample_every_ms"": 0.05}",P05_long_step,first_spike_latency,16.619999999857043,16.58999999985707,16.56999999985709,0.029999999999972715,0.01999999999998181,0.5849625007211562,16.59999999985706,,,0.01999999999998181,,,0.6666666666666666,within_reference_discretization_error
m-recording_resolution-809fde10a5,pospischil2008_rs,recording_resolution,"{""sample_every_ms"": 0.05}",P05_long_step,last_isi,78.13000000170541,77.97000000170192,77.90000000170039,0.16000000000349246,0.07000000000152795,1.1926450779423958,78.15000000170585,,,0.020000000000436557,,,0.125,within_reference_discretization_error
m-recording_resolution-809fde10a5,pospischil2008_rs,recording_resolution,"{""sample_every_ms"": 0.05}",P05_long_step,mean_frequency,14.694109182274286,14.734349834088421,14.754440323353883,0.04024065181413583,0.020090489265461642,1.0021409753867108,14.693960275614552,,,0.00014890665973332773,,,0.0037004037713181236,within_reference_discretization_error
m-recording_resolution-809fde10a5,pospischil2008_rs,recording_resolution,"{""sample_every_ms"": 0.05}",P05_long_step,spike_count,29.0,29.0,29.0,0.0,0.0,,29.0,,,0.0,,,,within_reference_discretization_error
m-recording_resolution-809fde10a5,pospischil2008_rs,recording_resolution,"{""sample_every_ms"": 0.05}",P06_ramp,firing_regime,,,,,,,,,,,,,,no_change
m-recording_resolution-809fde10a5,pospischil2008_rs,recording_resolution,"{""sample_every_ms"": 0.05}",P06_ramp,first_spike_latency,381.69999999952506,381.6399999995251,381.61999999952513,0.05999999999994543,0.01999999999998181,1.584962500721156,381.69999999952506,,,0.0,,,0.0,within_reference_discretization_error
m-recording_resolution-809fde10a5,pospischil2008_rs,recording_resolution,"{""sample_every_ms"": 0.05}",P06_ramp,mean_frequency,30.288956646438177,30.358227079570092,31.027304027576427,0.06927043313191561,0.6690769480063352,-3.271860539491475,30.28926245649064,,,0.00030581005246332893,,,0.004414727014640684,within_reference_discretization_error
m-recording_resolution-809fde10a5,pospischil2008_rs,recording_resolution,"{""sample_every_ms"": 0.05}",P06_ramp,spike_count,30.0,30.0,31.0,0.0,1.0,,30.0,,,0.0,,,,within_reference_discretization_error
m-recording_resolution-809fde10a5,pospischil2008_rs,recording_resolution,"{""sample_every_ms"": 0.05}",P07_hyperpolarizing_step,baseline_voltage,-70.57644295501709,-70.5764428838094,-70.57644366709383,7.120767975266062e-08,7.83284420435848e-07,-3.459431513940059,-70.57644286346435,,,9.155273517080786e-08,,,1.2857143427340372,within_reference_discretization_error
m-recording_resolution-809fde10a5,pospischil2008_rs,recording_resolution,"{""sample_every_ms"": 0.05}",P07_hyperpolarizing_step,minimum_voltage,-89.46293640136719,-89.46292877197266,-89.46292114257812,7.62939453125e-06,7.62939453125e-06,0.0,-89.46293640136719,,,0.0,,,0.0,within_reference_discretization_error
m-recording_resolution-809fde10a5,pospischil2008_rs,recording_resolution,"{""sample_every_ms"": 0.05}",P07_hyperpolarizing_step,sag_ratio,0.003517949557482789,0.0035174947323282214,0.0035170411162427045,4.5482515456749667e-07,4.5361608551688914e-07,0.0038402460751016556,0.003518154348332393,,,2.0479084960429647e-07,,,0.45026280439356225,within_reference_discretization_error
m-recording_resolution-809fde10a5,pospischil2008_rs,recording_resolution,"{""sample_every_ms"": 0.05}",P07_hyperpolarizing_step,steady_state_voltage,-89.3964946701052,-89.39649565734885,-89.39649662475586,9.87243652161851e-07,9.674070042819949e-07,0.029283203074387972,-89.39649080200206,,,3.8681031355736195e-06,,,3.9180835724831518,exceeds_reference_discretization_error
m-recording_resolution-809fde10a5,pospischil2008_rs,recording_resolution,"{""sample_every_ms"": 0.05}",P07_hyperpolarizing_step,voltage_deflection,-18.820051715088113,-18.820052773539445,-18.82005295766203,1.0584513319145117e-06,1.8412258384614688e-07,2.5232164363890495,-18.820047938537712,,,3.7765504004028116e-06,,,3.5679962663676195,exceeds_reference_discretization_error
m-recording_resolution-809fde10a5,pospischil2008_rs,recording_resolution,"{""sample_every_ms"": 0.05}",P08_rebound,firing_regime,,,,,,,,,,,,,,no_change
m-recording_resolution-809fde10a5,pospischil2008_rs,recording_resolution,"{""sample_every_ms"": 0.05}",P08_rebound,first_spike_latency,,,,,,,,,,,,,,no_change
m-recording_resolution-809fde10a5,pospischil2008_rs,recording_resolution,"{""sample_every_ms"": 0.05}",P08_rebound,maximum_voltage,-70.19320678710938,-70.1932373046875,-70.1932601928711,3.0517578125e-05,2.288818359375e-05,0.41503749927884376,-70.19320678710938,,,0.0,,,0.0,within_reference_discretization_error
m-recording_resolution-809fde10a5,pospischil2008_rs,recording_resolution,"{""sample_every_ms"": 0.05}",P08_rebound,spike_count,0.0,0.0,0.0,0.0,0.0,,0.0,,,0.0,,,,within_reference_discretization_error
m-recording_resolution-809fde10a5,pospischil2008_rs,recording_resolution,"{""sample_every_ms"": 0.05}",P09_short_pulse,ahp_depth,-1.4308354873657265,-1.3990133539835625,-1.3856318588248655,0.031822133382164,0.013381495158697021,1.249791236308517,-1.430904243469243,,,6.875610351642081e-05,,,0.0021606377765658524,within_reference_discretization_error
m-recording_resolution-809fde10a5,pospischil2008_rs,recording_resolution,"{""sample_every_ms"": 0.05}",P09_short_pulse,ap_amplitude,119.13114547927412,119.00757217662539,119.11269378919832,0.12357330264873667,0.10512161257292973,0.23330777837135702,119.07733306671457,,,0.0538124125595516,,,0.4354695666952925,within_reference_discretization_error
m-recording_resolution-809fde10a5,pospischil2008_rs,recording_resolution,"{""sample_every_ms"": 0.05}",P09_short_pulse,ap_half_width,0.8799999999991996,0.8799999999991996,0.8799999999991996,0.0,0.0,,0.8799999999991996,,,0.0,,,,within_reference_discretization_error
m-recording_resolution-809fde10a5,pospischil2008_rs,recording_resolution,"{""sample_every_ms"": 0.05}",P09_short_pulse,first_spike_latency,2.1599999998701946,2.1499999998702037,2.139999999870213,0.009999999999990905,0.009999999999990905,0.0,2.1499999998702037,,,0.009999999999990905,,,1.0,within_reference_discretization_error
m-recording_resolution-809fde10a5,pospischil2008_rs,recording_resolution,"{""sample_every_ms"": 0.05}",P09_short_pulse,spike_count,1.0,1.0,1.0,0.0,0.0,,1.0,,,0.0,,,,within_reference_discretization_error
m-recording_resolution-809fde10a5,pospischil2008_rs,recording_resolution,"{""sample_every_ms"": 0.05}",P10_paired_pulses,ap_amplitude,119.13114547927412,119.00757217662539,119.11269378919832,0.12357330264873667,0.10512161257292973,0.23330777837135702,119.07733306671457,,,0.0538124125595516,,,0.4354695666952925,within_reference_discretization_error
m-recording_resolution-809fde10a5,pospischil2008_rs,recording_resolution,"{""sample_every_ms"": 0.05}",P10_paired_pulses,first_isi,23.09999999997899,23.089999999979,23.089999999979,0.009999999999990905,0.0,,23.09999999997899,,,0.0,,,0.0,within_reference_discretization_error
m-recording_resolution-809fde10a5,pospischil2008_rs,recording_resolution,"{""sample_every_ms"": 0.05}",P10_paired_pulses,first_spike_latency,2.1599999998701946,2.1499999998702037,2.139999999870213,0.009999999999990905,0.009999999999990905,0.0,2.1499999998702037,,,0.009999999999990905,,,1.0,within_reference_discretization_error
m-recording_resolution-809fde10a5,pospischil2008_rs,recording_resolution,"{""sample_every_ms"": 0.05}",P10_paired_pulses,spike_count,2.0,2.0,2.0,0.0,0.0,,2.0,,,0.0,,,,within_reference_discretization_error
m-recording_resolution-7d6e4357af,pospischil2008_rs,recording_resolution,"{""sample_every_ms"": 0.25}",P00_canonical,adaptation_index,0.2988218828985024,0.2989579287624928,0.29897507423197267,0.0001360458639903528,1.7145469479895592e-05,2.9881937830153675,0.29751622286865076,0.299359334607171,,0.001305660029851663,0.0004014058446782376,,9.59720488043833,exceeds_reference_discretization_error
m-recording_resolution-7d6e4357af,pospischil2008_rs,recording_resolution,"{""sample_every_ms"": 0.25}",P00_canonical,ahp_depth,2.861194747922525,2.9394112752346615,2.978420361836754,0.07821652731213646,0.03900908660209268,1.0036632661078215,2.8640707450754803,2.9413716432987798,,0.0028759971529552786,0.0019603680641182564,,0.036769686047018156,within_reference_discretization_error
m-recording_resolution-7d6e4357af,pospischil2008_rs,recording_resolution,"{""sample_every_ms"": 0.25}",P00_canonical,ap_amplitude,88.85420990112726,88.78027725318925,88.85550689834986,0.07393264793800824,0.07522964516060426,-0.025089700379656518,89.45107463694919,89.3814693826902,,0.5968647358219243,0.6011921295009444,,8.073087498805524,exceeds_reference_discretization_error
m-recording_resolution-7d6e4357af,pospischil2008_rs,recording_resolution,"{""sample_every_ms"": 0.25}",P00_canonical,ap_half_width,0.6999999999993634,0.6999999999993634,0.6999999999993634,0.0,0.0,,0.6899999999993724,0.6799999999993815,,0.009999999999990905,0.01999999999998181,,,exceeds_reference_discretization_error
m-recording_resolution-7d6e4357af,pospischil2008_rs,recording_resolution,"{""sample_every_ms"": 0.25}",P00_canonical,baseline_voltage,-70.57644285583496,-70.57644283040365,-70.57644282277425,2.5431305061829335e-08,7.629395781805215e-09,1.736964787997437,-70.57644257100422,-70.57644244384764,,2.848307332214972e-07,3.865560103122334e-07,,11.200004582108877,exceeds_reference_discretization_error
m-recording_resolution-7d6e4357af,pospischil2008_rs,recording_resolution,"{""sample_every_ms"": 0.25}",P00_canonical,firing_regime,,,,,,,,,,,,,,no_change
m-recording_resolution-7d6e4357af,pospischil2008_rs,recording_resolution,"{""sample_every_ms"": 0.25}",P00_canonical,first_isi,28.06999999997447,28.029999999974507,27.999999999974534,0.03999999999996362,0.029999999999972715,0.41503749927884376,27.999999999974534,27.999999999974534,,0.06999999999993634,0.029999999999972715,,1.75,within_reference_discretization_error
m-recording_resolution-7d6e4357af,pospischil2008_rs,recording_resolution,"{""sample_every_ms"": 0.25}",P00_canonical,first_spike_latency,20.749999999853287,20.739999999853296,20.739999999853296,0.009999999999990905,0.0,,20.749999999853287,20.749999999853287,,0.0,0.009999999999990905,,0.0,within_reference_discretization_error
m-recording_resolution-7d6e4357af,pospischil2008_rs,recording_resolution,"{""sample_every_ms"": 0.25}",P00_canonical,last_isi,135.97999999987638,135.78999999987656,135.69999999987664,0.1899999999998272,0.08999999999991815,1.078002512001273,135.7499999998766,135.99999999987637,,0.22999999999979082,0.209999999999809,,1.2105263157894737,within_reference_discretization_error
m-recording_resolution-7d6e4357af,pospischil2008_rs,recording_resolution,"{""sample_every_ms"": 0.25}",P00_canonical,mean_frequency,17.03113291098414,17.059606264310375,17.073587160685435,0.02847335332623402,0.013980896375059615,1.026155549236768,17.035775127791226,17.05029838024459,,0.004642216807084765,0.009307884065783867,,0.16303723533707015,within_reference_discretization_error
m-recording_resolution-7d6e4357af,pospischil2008_rs,recording_resolution,"{""sample_every_ms"": 0.25}",P00_canonical,spike_count,5.0,5.0,5.0,0.0,0.0,,5.0,5.0,,0.0,0.0,,,within_reference_discretization_error
m-recording_resolution-7d6e4357af,pospischil2008_rs,recording_resolution,"{""sample_every_ms"": 0.25}",P01_baseline,baseline_voltage,-70.57644295501709,-70.5764428838094,-70.57644285837809,7.120767975266062e-08,2.543131927268405e-08,1.485426539252876,-70.57644257100422,-70.57644257100422,,3.840128641741103e-07,3.1280518442144967e-07,,5.392857420828431,exceeds_reference_discretization_error
m-recording_resolution-7d6e4357af,pospischil2008_rs,recording_resolution,"{""sample_every_ms"": 0.25}",P01_baseline,firing_regime,,,,,,,,,,,,,,no_change
m-recording_resolution-7d6e4357af,pospischil2008_rs,recording_resolution,"{""sample_every_ms"": 0.25}",P01_baseline,spike_count,0.0,0.0,0.0,0.0,0.0,,0.0,0.0,,0.0,0.0,,,within_reference_discretization_error
m-recording_resolution-7d6e4357af,pospischil2008_rs,recording_resolution,"{""sample_every_ms"": 0.25}",P01_baseline,steady_state_voltage,-70.57128326633999,-70.5712832685198,-70.57128326960972,2.1798172156195506e-09,1.0899157132371329e-09,0.9999905946871835,-70.5712832434518,-70.5712832434518,,2.2888187345415645e-08,2.5068004561035195e-08,,10.500048894654837,exceeds_reference_discretization_error
m-recording_resolution-7d6e4357af,pospischil2008_rs,recording_resolution,"{""sample_every_ms"": 0.25}",P02_weak_step,baseline_voltage,-70.57644295501709,-70.5764428838094,-70.57644245656336,7.120767975266062e-08,4.272460500942543e-07,-2.5849624047486883,-70.57644257100422,-70.57644257100422,,3.840128641741103e-07,3.1280518442144967e-07,,5.392857420828431,exceeds_reference_discretization_error
m-recording_resolution-7d6e4357af,pospischil2008_rs,recording_resolution,"{""sample_every_ms"": 0.25}",P02_weak_step,spike_count,0.0,0.0,0.0,0.0,0.0,,0.0,0.0,,0.0,0.0,,,within_reference_discretization_error
m-recording_resolution-7d6e4357af,pospischil2008_rs,recording_resolution,"{""sample_every_ms"": 0.25}",P02_weak_step,steady_state_voltage,-61.915689658355596,-61.91568922958361,-61.9156893104553,4.287719832518633e-07,8.087168623660546e-08,2.406504042356149,-61.91570129165639,-61.91569504165641,,1.1633300793789658e-05,5.812072799926682e-06,,27.131671956645047,exceeds_reference_discretization_error
m-recording_resolution-7d6e4357af,pospischil2008_rs,recording_resolution,"{""sample_every_ms"": 0.25}",P02_weak_step,voltage_deflection,8.66075329666149,8.660753654225793,8.660753146108057,3.5756430349920265e-07,5.081177363308598e-07,-0.5069601076426014,8.660741279347832,8.660747529347809,,1.2017313657963768e-05,6.124877984348132e-06,,33.60881816322184,exceeds_reference_discretization_error
m-recording_resolution-7d6e4357af,pospischil2008_rs,recording_resolution,"{""sample_every_ms"": 0.25}",P03_rheobase,rheobase,0.5606515948364182,0.5606515948364182,0.5606515948364182,0.0,0.0,,0.5606515948364182,0.5606515948364182,,0.0,0.0,,,within_reference_discretization_error
m-recording_resolution-7d6e4357af,pospischil2008_rs,recording_resolution,"{""sample_every_ms"": 0.25}",P04_step_2x,adaptation_index,0.018020491828063687,0.018206269147133136,0.01830016111987434,0.0001857773190694495,9.389197274120228e-05,0.9845006530712672,0.01800262287066549,0.01846800228970938,,1.786895739819619e-05,0.0002617331425762426,,0.09618481678872867,within_reference_discretization_error
m-recording_resolution-7d6e4357af,pospischil2008_rs,recording_resolution,"{""sample_every_ms"": 0.25}",P04_step_2x,ahp_depth,3.2025415878387236,3.6095391972804407,3.811037501010617,0.40699760944171715,0.20149830373017608,1.014252626853457,3.259364934867662,3.644962163791149,,0.05682334702893854,0.03542296651070842,,0.13961592331434997,within_reference_discretization_error
m-recording_resolution-7d6e4357af,pospischil2008_rs,recording_resolution,"{""sample_every_ms"": 0.25}",P04_step_2x,ap_amplitude,89.49588775782593,89.44855880885186,89.41038513298949,0.04732894897406936,0.03817367586236742,0.3101447698984528,88.23604581281623,86.93050001503505,,1.259841945009697,2.518058793816806,,26.61884475186509,exceeds_reference_discretization_error
m-recording_resolution-7d6e4357af,pospischil2008_rs,recording_resolution,"{""sample_every_ms"": 0.25}",P04_step_2x,ap_half_width,0.6999999999993634,0.6999999999993634,0.7099999999993543,0.0,0.009999999999990905,,0.6999999999993634,0.7499999999993179,,0.0,0.049999999999954525,,,within_reference_discretization_error
m-recording_resolution-7d6e4357af,pospischil2008_rs,recording_resolution,"{""sample_every_ms"": 0.25}",P04_step_2x,burst_count,1.0,1.0,1.0,0.0,0.0,,1.0,1.0,,0.0,0.0,,,within_reference_discretization_error
m-recording_resolution-7d6e4357af,pospischil2008_rs,recording_resolution,"{""sample_every_ms"": 0.25}",P04_step_2x,firing_regime,,,,,,,,,,,,,,no_change
m-recording_resolution-7d6e4357af,pospischil2008_rs,recording_resolution,"{""sample_every_ms"": 0.25}",P04_step_2x,first_isi,13.069999999988113,12.92999999998824,12.869999999988295,0.13999999999987267,0.05999999999994543,1.222392421336448,12.999999999988177,12.999999999988177,,0.06999999999993634,0.06999999999993634,,0.5,within_reference_discretization_error
m-recording_resolution-7d6e4357af,pospischil2008_rs,recording_resolution,"{""sample_every_ms"": 0.25}",P04_step_2x,first_spike_latency,10.689999999862437,10.659999999862464,10.639999999862482,0.029999999999972715,0.01999999999998181,0.5849625007211562,10.749999999862382,10.749999999862382,,0.05999999999994543,0.08999999999991815,,2.0,within_reference_discretization_error
m-recording_resolution-7d6e4357af,pospischil2008_rs,recording_resolution,"{""sample_every_ms"": 0.25}",P04_step_2x,last_isi,28.16999999997438,28.06999999997447,28.009999999974525,0.09999999999990905,0.05999999999994543,0.7369655941662062,28.249999999974307,28.249999999974307,,0.07999999999992724,0.1799999999998363,,0.8,within_reference_discretization_error
m-recording_resolution-7d6e4357af,pospischil2008_rs,recording_resolution,"{""sample_every_ms"": 0.25}",P04_step_2x,mean_frequency,44.11292909854356,44.38974193423394,44.5308072221393,0.27681283569037873,0.14106528790536288,0.972547815656055,44.110275689274474,44.37720625320359,,0.0026534092690866373,0.012535681030350077,,0.009585571646159263,within_reference_discretization_error
m-recording_resolution-7d6e4357af,pospischil2008_rs,recording_resolution,"{""sample_every_ms"": 0.25}",P04_step_2x,spike_count,22.0,22.0,22.0,0.0,0.0,,22.0,22.0,,0.0,0.0,,,within_reference_discretization_error
m-recording_resolution-7d6e4357af,pospischil2008_rs,recording_resolution,"{""sample_every_ms"": 0.25}",P05_long_step,adaptation_index,0.02130270892949869,0.021450084876352596,0.021523147383456034,0.00014737594685390598,7.306250710343784e-05,1.0122979171709385,0.02140391160321154,0.021592787960114216,,0.00010120267371285102,0.00014270308376162014,,0.6866973605480777,within_reference_discretization_error
m-recording_resolution-7d6e4357af,pospischil2008_rs,recording_resolution,"{""sample_every_ms"": 0.25}",P05_long_step,ahp_depth,2.4773294906594145,2.8773233159343334,3.0753201293999552,0.3999938252749189,0.1979968134656218,1.0145005172653294,2.522609563654413,2.9038122613357302,,0.04528007299499848,0.02648894540139679,,0.11320192996448665,within_reference_discretization_error
m-recording_resolution-7d6e4357af,pospischil2008_rs,recording_resolution,"{""sample_every_ms"": 0.25}",P05_long_step,ap_amplitude,89.18265915023935,89.08078384555085,89.01884842064456,0.10187530468849104,0.06193542490629511,0.7179676522082291,84.4117355294313,82.36533351582165,,4.770923620808048,6.715450329729208,,46.8310120435598,exceeds_reference_discretization_error
m-recording_resolution-7d6e4357af,pospischil2008_rs,recording_resolution,"{""sample_every_ms"": 0.25}",P05_long_step,ap_half_width,0.6999999999993634,0.6999999999993634,0.6999999999993634,0.0,0.0,,0.7799999999992906,0.7699999999992997,,0.07999999999992724,0.06999999999993634,,,exceeds_reference_discretization_error
m-recording_resolution-7d6e4357af,pospischil2008_rs,recording_resolution,"{""sample_every_ms"": 0.25}",P05_long_step,burst_count,1.0,1.0,1.0,0.0,0.0,,1.0,1.0,,0.0,0.0,,,within_reference_discretization_error
m-recording_resolution-7d6e4357af,pospischil2008_rs,recording_resolution,"{""sample_every_ms"": 0.25}",P05_long_step,firing_regime,,,,,,,,,,,,,,no_change
m-recording_resolution-7d6e4357af,pospischil2008_rs,recording_resolution,"{""sample_every_ms"": 0.25}",P05_long_step,first_isi,21.2199999999807,21.019999999980882,20.919999999980973,0.1999999999998181,0.09999999999990905,1.0,21.249999999980673,21.249999999980673,,0.029999999999972715,0.22999999999979082,,0.15,within_reference_discretization_error
m-recording_resolution-7d6e4357af,pospischil2008_rs,recording_resolution,"{""sample_every_ms"": 0.25}",P05_long_step,first_spike_latency,16.619999999857043,16.58999999985707,16.56999999985709,0.029999999999972715,0.01999999999998181,0.5849625007211562,16.749999999856925,16.499999999857152,,0.12999999999988177,0.08999999999991815,,4.333333333333333,exceeds_reference_discretization_error
m-recording_resolution-7d6e4357af,pospischil2008_rs,recording_resolution,"{""sample_every_ms"": 0.25}",P05_long_step,last_isi,78.13000000170541,77.97000000170192,77.90000000170039,0.16000000000349246,0.07000000000152795,1.1926450779423958,78.00000000170257,78.00000000170257,,0.13000000000283762,0.030000000000654836,,0.8125,within_reference_discretization_error
m-recording_resolution-7d6e4357af,pospischil2008_rs,recording_resolution,"{""sample_every_ms"": 0.25}",P05_long_step,mean_frequency,14.694109182274286,14.734349834088421,14.754440323353883,0.04024065181413583,0.020090489265461642,1.0021409753867108,14.694704839094456,14.73390067316371,,0.000595656820170376,0.00044916092471147806,,0.014802365103865745,within_reference_discretization_error
m-recording_resolution-7d6e4357af,pospischil2008_rs,recording_resolution,"{""sample_every_ms"": 0.25}",P05_long_step,spike_count,29.0,29.0,29.0,0.0,0.0,,29.0,29.0,,0.0,0.0,,,within_reference_discretization_error
m-recording_resolution-7d6e4357af,pospischil2008_rs,recording_resolution,"{""sample_every_ms"": 0.25}",P06_ramp,firing_regime,,,,,,,,,,,,,,no_change
m-recording_resolution-7d6e4357af,pospischil2008_rs,recording_resolution,"{""sample_every_ms"": 0.25}",P06_ramp,first_spike_latency,381.69999999952506,381.6399999995251,381.61999999952513,0.05999999999994543,0.01999999999998181,1.584962500721156,381.749999999525,381.749999999525,,0.049999999999954525,0.10999999999989996,,0.8333333333333334,within_reference_discretization_error
m-recording_resolution-7d6e4357af,pospischil2008_rs,recording_resolution,"{""sample_every_ms"": 0.25}",P06_ramp,mean_frequency,30.288956646438177,30.358227079570092,31.027304027576427,0.06927043313191561,0.6690769480063352,-3.271860539491475,30.287733467976935,30.35669112069938,,0.0012231784612417584,0.0015359588707113403,,0.017658016644884988,within_reference_discretization_error
m-recording_resolution-7d6e4357af,pospischil2008_rs,recording_resolution,"{""sample_every_ms"": 0.25}",P06_ramp,spike_count,30.0,30.0,31.0,0.0,1.0,,30.0,30.0,,0.0,0.0,,,within_reference_discretization_error
m-recording_resolution-7d6e4357af,pospischil2008_rs,recording_resolution,"{""sample_every_ms"": 0.25}",P07_hyperpolarizing_step,baseline_voltage,-70.57644295501709,-70.5764428838094,-70.57644366709383,7.120767975266062e-08,7.83284420435848e-07,-3.459431513940059,-70.57644257100422,-70.57644257100422,,3.840128641741103e-07,3.1280518442144967e-07,,5.392857420828431,exceeds_reference_discretization_error
m-recording_resolution-7d6e4357af,pospischil2008_rs,recording_resolution,"{""sample_every_ms"": 0.25}",P07_hyperpolarizing_step,minimum_voltage,-89.46293640136719,-89.46292877197266,-89.46292114257812,7.62939453125e-06,7.62939453125e-06,0.0,-89.46293640136719,-89.46292877197266,,0.0,0.0,,0.0,within_reference_discretization_error
m-recording_resolution-7d6e4357af,pospischil2008_rs,recording_resolution,"{""sample_every_ms"": 0.25}",P07_hyperpolarizing_step,sag_ratio,0.003517949557482789,0.0035174947323282214,0.0035170411162427045,4.5482515456749667e-07,4.5361608551688914e-07,0.0038402460751016556,0.003519178737283213,0.0035181072397904587,,1.2291798004242759e-06,6.125074622372571e-07,,2.702532584401868,within_reference_discretization_error
m-recording_resolution-7d6e4357af,pospischil2008_rs,recording_resolution,"{""sample_every_ms"": 0.25}",P07_hyperpolarizing_step,steady_state_voltage,-89.3964946701052,-89.39649565734885,-89.39649662475586,9.87243652161851e-07,9.674070042819949e-07,0.029283203074387972,-89.39647145385754,-89.39648408813483,,2.321624765500019e-05,1.156921402412081e-05,,23.51622885005298,exceeds_reference_discretization_error
m-recording_resolution-7d6e4357af,pospischil2008_rs,recording_resolution,"{""sample_every_ms"": 0.25}",P07_hyperpolarizing_step,voltage_deflection,-18.820051715088113,-18.820052773539445,-18.82005295766203,1.0584513319145117e-06,1.8412258384614688e-07,2.5232164363890495,-18.82002888285332,-18.820041517130605,,2.2832234790826078e-05,1.1256408839699361e-05,,21.571360063884523,exceeds_reference_discretization_error
m-recording_resolution-7d6e4357af,pospischil2008_rs,recording_resolution,"{""sample_every_ms"": 0.25}",P08_rebound,firing_regime,,,,,,,,,,,,,,no_change
m-recording_resolution-7d6e4357af,pospischil2008_rs,recording_resolution,"{""sample_every_ms"": 0.25}",P08_rebound,first_spike_latency,,,,,,,,,,,,,,no_change
m-recording_resolution-7d6e4357af,pospischil2008_rs,recording_resolution,"{""sample_every_ms"": 0.25}",P08_rebound,maximum_voltage,-70.19320678710938,-70.1932373046875,-70.1932601928711,3.0517578125e-05,2.288818359375e-05,0.41503749927884376,-70.19320678710938,-70.19324493408203,,0.0,7.62939453125e-06,,0.0,within_reference_discretization_error
m-recording_resolution-7d6e4357af,pospischil2008_rs,recording_resolution,"{""sample_every_ms"": 0.25}",P08_rebound,spike_count,0.0,0.0,0.0,0.0,0.0,,0.0,0.0,,0.0,0.0,,,within_reference_discretization_error
m-recording_resolution-7d6e4357af,pospischil2008_rs,recording_resolution,"{""sample_every_ms"": 0.25}",P09_short_pulse,ahp_depth,-1.4308354873657265,-1.3990133539835625,-1.3856318588248655,0.031822133382164,0.013381495158697021,1.249791236308517,-1.4309045359293435,-1.3990899607340168,,6.90485636170024e-05,7.660675045428889e-05,,0.002169828238345059,within_reference_discretization_error
m-recording_resolution-7d6e4357af,pospischil2008_rs,recording_resolution,"{""sample_every_ms"": 0.25}",P09_short_pulse,ap_amplitude,119.13114547927412,119.00757217662539,119.11269378919832,0.12357330264873667,0.10512161257292973,0.23330777837135702,117.59651777817577,116.84657271495533,,1.5346277010983584,2.160999461670059,,12.418764152161692,exceeds_reference_discretization_error
m-recording_resolution-7d6e4357af,pospischil2008_rs,recording_resolution,"{""sample_every_ms"": 0.25}",P09_short_pulse,ap_half_width,0.8799999999991996,0.8799999999991996,0.8799999999991996,0.0,0.0,,0.9699999999991178,0.9799999999991087,,0.08999999999991815,0.09999999999990905,,,exceeds_reference_discretization_error
m-recording_resolution-7d6e4357af,pospischil2008_rs,recording_resolution,"{""sample_every_ms"": 0.25}",P09_short_pulse,first_spike_latency,2.1599999998701946,2.1499999998702037,2.139999999870213,0.009999999999990905,0.009999999999990905,0.0,2.249999999870113,2.249999999870113,,0.08999999999991815,0.09999999999990905,,9.0,exceeds_reference_discretization_error
m-recording_resolution-7d6e4357af,pospischil2008_rs,recording_resolution,"{""sample_every_ms"": 0.25}",P09_short_pulse,spike_count,1.0,1.0,1.0,0.0,0.0,,1.0,1.0,,0.0,0.0,,,within_reference_discretization_error
m-recording_resolution-7d6e4357af,pospischil2008_rs,recording_resolution,"{""sample_every_ms"": 0.25}",P10_paired_pulses,ap_amplitude,119.13114547927412,119.00757217662539,119.11269378919832,0.12357330264873667,0.10512161257292973,0.23330777837135702,117.59651777817577,116.84657271495533,,1.5346277010983584,2.160999461670059,,12.418764152161692,exceeds_reference_discretization_error
m-recording_resolution-7d6e4357af,pospischil2008_rs,recording_resolution,"{""sample_every_ms"": 0.25}",P10_paired_pulses,first_isi,23.09999999997899,23.089999999979,23.089999999979,0.009999999999990905,0.0,,22.99999999997908,22.99999999997908,,0.09999999999990905,0.08999999999991815,,10.0,exceeds_reference_discretization_error
m-recording_resolution-7d6e4357af,pospischil2008_rs,recording_resolution,"{""sample_every_ms"": 0.25}",P10_paired_pulses,first_spike_latency,2.1599999998701946,2.1499999998702037,2.139999999870213,0.009999999999990905,0.009999999999990905,0.0,2.249999999870113,2.249999999870113,,0.08999999999991815,0.09999999999990905,,9.0,exceeds_reference_discretization_error
m-recording_resolution-7d6e4357af,pospischil2008_rs,recording_resolution,"{""sample_every_ms"": 0.25}",P10_paired_pulses,spike_count,2.0,2.0,2.0,0.0,0.0,,2.0,2.0,,0.0,0.0,,,within_reference_discretization_error
m-increase_dt-12296e231e,pospischil2008_lts,increase_dt,"{""dt_factor"": 4}",P00_canonical,adaptation_index,0.45003406360930803,0.4630010462892806,0.4695620702135357,0.012966982679972594,0.0065610239242550605,0.9828499273772625,0.379353406410434,0.42486624384367333,,0.07068065719887401,0.038134802445607296,,5.450817583649568,exceeds_reference_discretization_error
m-increase_dt-12296e231e,pospischil2008_lts,increase_dt,"{""dt_factor"": 4}",P00_canonical,ahp_depth,16.573501743312846,16.673553569797534,16.723587205886844,0.10005182648468747,0.05003363608931011,0.9997772983564992,15.974719627380878,16.37361896324542,,0.598782115931968,0.2999346065521138,,5.9847194895898195,exceeds_reference_discretization_error
m-increase_dt-12296e231e,pospischil2008_lts,increase_dt,"{""dt_factor"": 4}",P00_canonical,ap_amplitude,100.01163101444587,99.9338417077712,99.99811935726498,0.07778930667467421,0.06427764949378911,0.27525467494831357,100.0034294152662,100.0298957854751,,0.008201599179670893,0.09605407770391139,,0.10543350404151475,within_reference_discretization_error
m-increase_dt-12296e231e,pospischil2008_lts,increase_dt,"{""dt_factor"": 4}",P00_canonical,ap_half_width,0.7799999999992906,0.7799999999992906,0.7799999999992906,0.0,0.0,,0.7799999999992906,0.7699999999992997,,0.0,0.009999999999990905,,,within_reference_discretization_error
m-increase_dt-12296e231e,pospischil2008_lts,increase_dt,"{""dt_factor"": 4}",P00_canonical,baseline_voltage,-83.95132461929322,-83.95132456588748,-83.95132463264466,5.3405742050927074e-08,6.675718111637252e-08,-0.3219281716653577,-83.95132408905032,-83.95132434654239,,5.302429002540521e-07,2.193450825416221e-07,,9.928574716711525,exceeds_reference_discretization_error
m-increase_dt-12296e231e,pospischil2008_lts,increase_dt,"{""dt_factor"": 4}",P00_canonical,firing_regime,,,,,,,,,,,,,,no_change
m-increase_dt-12296e231e,pospischil2008_lts,increase_dt,"{""dt_factor"": 4}",P00_canonical,first_isi,14.159999999987122,13.959999999987303,13.859999999987394,0.1999999999998181,0.09999999999990905,1.0,15.399999999985994,14.559999999986758,,1.2399999999988722,0.5999999999994543,,6.2,exceeds_reference_discretization_error
m-increase_dt-12296e231e,pospischil2008_lts,increase_dt,"{""dt_factor"": 4}",P00_canonical,first_spike_latency,31.629999999752442,31.61999999975245,31.61999999975245,0.009999999999990905,0.0,,31.679999999752397,31.649999999752424,,0.049999999999954525,0.029999999999972715,,5.0,exceeds_reference_discretization_error
m-increase_dt-12296e231e,pospischil2008_lts,increase_dt,"{""dt_factor"": 4}",P00_canonical,last_isi,202.1999999998161,202.7499999998156,203.01999999981535,0.5499999999994998,0.26999999999975444,1.0264722113611913,198.81999999981917,201.06999999981713,,3.379999999996926,1.679999999998472,,6.1454545454545455,exceeds_reference_discretization_error
m-increase_dt-12296e231e,pospischil2008_lts,increase_dt,"{""dt_factor"": 4}",P00_canonical,mean_frequency,12.319822594574143,12.393493415976295,12.430853378104162,0.07367082140215153,0.03735996212786752,0.9796003356500613,11.927480916049161,12.178784557320368,,0.39234167852498203,0.2147088586559267,,5.325604778902653,exceeds_reference_discretization_error
m-increase_dt-12296e231e,pospischil2008_lts,increase_dt,"{""dt_factor"": 4}",P00_canonical,spike_count,4.0,4.0,4.0,0.0,0.0,,4.0,4.0,,0.0,0.0,,,within_reference_discretization_error
m-increase_dt-12296e231e,pospischil2008_lts,increase_dt,"{""dt_factor"": 4}",P01_baseline,baseline_voltage,-83.95357068888346,-83.9535706837972,-83.95357068125406,5.08626385453681e-09,2.543131927268405e-09,1.0,-83.95357066599529,-83.95357068888346,,2.288817313456093e-08,5.08626385453681e-09,,4.4999972060327345,exceeds_reference_discretization_error
m-increase_dt-12296e231e,pospischil2008_lts,increase_dt,"{""dt_factor"": 4}",P01_baseline,firing_regime,,,,,,,,,,,,,,no_change
m-increase_dt-12296e231e,pospischil2008_lts,increase_dt,"{""dt_factor"": 4}",P01_baseline,spike_count,0.0,0.0,0.0,0.0,0.0,,0.0,0.0,,0.0,0.0,,,within_reference_discretization_error
m-increase_dt-12296e231e,pospischil2008_lts,increase_dt,"{""dt_factor"": 4}",P01_baseline,steady_state_voltage,-83.95030975341797,-83.95030975341797,-83.95030975341797,0.0,0.0,,-83.95030975341797,-83.95030975341797,,0.0,0.0,,,within_reference_discretization_error
m-increase_dt-12296e231e,pospischil2008_lts,increase_dt,"{""dt_factor"": 4}",P02_weak_step,baseline_voltage,-83.95357068888346,-83.9535706837972,-83.95357065327963,5.08626385453681e-09,3.0517568916366145e-08,-2.58496182891388,-83.95356999842326,-83.95357046763102,,6.904601974611069e-07,2.1616617118525028e-07,,135.74997625127824,exceeds_reference_discretization_error
m-increase_dt-12296e231e,pospischil2008_lts,increase_dt,"{""dt_factor"": 4}",P02_weak_step,spike_count,0.0,0.0,0.0,0.0,0.0,,0.0,0.0,,0.0,0.0,,,within_reference_discretization_error
m-increase_dt-12296e231e,pospischil2008_lts,increase_dt,"{""dt_factor"": 4}",P02_weak_step,steady_state_voltage,-74.93620969696036,-74.93623204345693,-74.93624584655743,2.2346496564296103e-05,1.3803100500808796e-05,0.6950562998879539,-74.93611824645986,-74.93618612670892,,9.145050050562986e-05,4.5916748007357455e-05,,4.092386484051554,exceeds_reference_discretization_error
m-increase_dt-12296e231e,pospischil2008_lts,increase_dt,"{""dt_factor"": 4}",P02_weak_step,voltage_deflection,9.017360991923098,9.01733864034027,9.0173248067222,2.235158282815064e-05,1.3833618069725162e-05,0.6921984685929345,9.017451751963407,9.017384340922106,,9.076004030816875e-05,4.5700581836172205e-05,,4.060564345978276,exceeds_reference_discretization_error
m-increase_dt-12296e231e,pospischil2008_lts,increase_dt,"{""dt_factor"": 4}",P03_rheobase,rheobase,0.038658561573663,0.038658561573663,0.038658561573663,0.0,0.0,,0.03872686291919951,0.038692712246431255,,6.83013455365089e-05,3.415067276825445e-05,,,exceeds_reference_discretization_error
m-increase_dt-12296e231e,pospischil2008_lts,increase_dt,"{""dt_factor"": 4}",P04_step_2x,adaptation_index,,,,,,,,,,,,,,no_change
m-increase_dt-12296e231e,pospischil2008_lts,increase_dt,"{""dt_factor"": 4}",P04_step_2x,ahp_depth,14.597407663981116,15.055308659871415,15.283824167887374,0.45790099589029865,0.22851550801595977,1.002743626825323,11.814285765330297,13.677202611287584,,2.783121898650819,1.378106048583831,,6.077999226098176,exceeds_reference_discretization_error
m-increase_dt-12296e231e,pospischil2008_lts,increase_dt,"{""dt_factor"": 4}",P04_step_2x,ap_amplitude,92.73429489294529,92.6621055623362,92.6167030353265,0.07218933060909194,0.045402527009699156,0.6690130292416083,93.05199051041805,92.85836410608408,,0.317695617472765,0.19625854374788787,,4.400866648744802,exceeds_reference_discretization_error
m-increase_dt-12296e231e,pospischil2008_lts,increase_dt,"{""dt_factor"": 4}",P04_step_2x,ap_half_width,0.7299999999993361,0.7299999999993361,0.739999999999327,0.0,0.009999999999990905,,0.7199999999993452,0.7299999999993361,,0.009999999999990905,0.0,,,exceeds_reference_discretization_error
m-increase_dt-12296e231e,pospischil2008_lts,increase_dt,"{""dt_factor"": 4}",P04_step_2x,burst_count,,,,,,,,,,,,,,no_change
m-increase_dt-12296e231e,pospischil2008_lts,increase_dt,"{""dt_factor"": 4}",P04_step_2x,firing_regime,,,,,,,,,,,,,,no_change
m-increase_dt-12296e231e,pospischil2008_lts,increase_dt,"{""dt_factor"": 4}",P04_step_2x,first_isi,,,,,,,,,,,,,,no_change
m-increase_dt-12296e231e,pospischil2008_lts,increase_dt,"{""dt_factor"": 4}",P04_step_2x,first_spike_latency,57.54999999981982,57.49999999981986,57.46999999981989,0.049999999999954525,0.029999999999972715,0.7369655941662062,57.839999999819554,57.639999999819736,,0.28999999999973625,0.13999999999987267,,5.8,exceeds_reference_discretization_error
m-increase_dt-12296e231e,pospischil2008_lts,increase_dt,"{""dt_factor"": 4}",P04_step_2x,last_isi,,,,,,,,,,,,,,no_change
m-increase_dt-12296e231e,pospischil2008_lts,increase_dt,"{""dt_factor"": 4}",P04_step_2x,mean_frequency,,,,,,,,,,,,,,no_change
m-increase_dt-12296e231e,pospischil2008_lts,increase_dt,"{""dt_factor"": 4}",P04_step_2x,spike_count,1.0,1.0,1.0,0.0,0.0,,1.0,1.0,,0.0,0.0,,,within_reference_discretization_error
m-increase_dt-12296e231e,pospischil2008_lts,increase_dt,"{""dt_factor"": 4}",P05_long_step,adaptation_index,,,,,,,,,,,,,,no_change
m-increase_dt-12296e231e,pospischil2008_lts,increase_dt,"{""dt_factor"": 4}",P05_long_step,ahp_depth,14.078013743082678,14.517703374227494,14.73665928141277,0.43968963114481596,0.21895590718527558,1.0058451383949771,11.38144800059041,13.190706858317384,,2.696565742492268,1.3269965159101105,,6.132884542833644,exceeds_reference_discretization_error
m-increase_dt-12296e231e,pospischil2008_lts,increase_dt,"{""dt_factor"": 4}",P05_long_step,ap_amplitude,91.18347931093976,91.13381576739826,91.04212570421478,0.04966354354149871,0.09169006318347783,-0.8845781888339108,91.58693885754137,91.36968994315339,,0.40345954660161,0.2358741757551286,,8.1238574179565,exceeds_reference_discretization_error
m-increase_dt-12296e231e,pospischil2008_lts,increase_dt,"{""dt_factor"": 4}",P05_long_step,ap_half_width,0.7199999999993452,0.7299999999993361,0.7299999999993361,0.009999999999990905,0.0,,0.7199999999993452,0.7199999999993452,,0.0,0.009999999999990905,,0.0,within_reference_discretization_error
m-increase_dt-12296e231e,pospischil2008_lts,increase_dt,"{""dt_factor"": 4}",P05_long_step,burst_count,,,,,,,,,,,,,,no_change
m-increase_dt-12296e231e,pospischil2008_lts,increase_dt,"{""dt_factor"": 4}",P05_long_step,firing_regime,,,,,,,,,,,,,,no_change
m-increase_dt-12296e231e,pospischil2008_lts,increase_dt,"{""dt_factor"": 4}",P05_long_step,first_isi,,,,,,,,,,,,,,no_change
m-increase_dt-12296e231e,pospischil2008_lts,increase_dt,"{""dt_factor"": 4}",P05_long_step,first_spike_latency,77.49999999980167,77.43999999980173,77.40999999980176,0.05999999999994543,0.029999999999972715,1.0,77.81999999980138,77.60999999980157,,0.31999999999970896,0.16999999999984539,,5.333333333333333,exceeds_reference_discretization_error
m-increase_dt-12296e231e,pospischil2008_lts,increase_dt,"{""dt_factor"": 4}",P05_long_step,last_isi,,,,,,,,,,,,,,no_change
m-increase_dt-12296e231e,pospischil2008_lts,increase_dt,"{""dt_factor"": 4}",P05_long_step,mean_frequency,,,,,,,,,,,,,,no_change
m-increase_dt-12296e231e,pospischil2008_lts,increase_dt,"{""dt_factor"": 4}",P05_long_step,spike_count,1.0,1.0,1.0,0.0,0.0,,1.0,1.0,,0.0,0.0,,,within_reference_discretization_error
m-increase_dt-12296e231e,pospischil2008_lts,increase_dt,"{""dt_factor"": 4}",P06_ramp,firing_regime,,,,,,,,,,,,,,no_change
m-increase_dt-12296e231e,pospischil2008_lts,increase_dt,"{""dt_factor"": 4}",P06_ramp,first_spike_latency,,,,,,,,,,,,,,no_change
m-increase_dt-12296e231e,pospischil2008_lts,increase_dt,"{""dt_factor"": 4}",P06_ramp,mean_frequency,,,,,,,,,,,,,,no_change
m-increase_dt-12296e231e,pospischil2008_lts,increase_dt,"{""dt_factor"": 4}",P06_ramp,spike_count,0.0,0.0,0.0,0.0,0.0,,0.0,0.0,,0.0,0.0,,,within_reference_discretization_error
m-increase_dt-12296e231e,pospischil2008_lts,increase_dt,"{""dt_factor"": 4}",P07_hyperpolarizing_step,baseline_voltage,-83.95357068888346,-83.9535706837972,-83.95357073720295,5.08626385453681e-09,5.340575626178179e-08,-3.3923170388889266,-83.9535720011393,-83.95357113138833,,1.3122558470968215e-06,4.47591133934111e-07,,257.99995529652375,exceeds_reference_discretization_error
m-increase_dt-12296e231e,pospischil2008_lts,increase_dt,"{""dt_factor"": 4}",P07_hyperpolarizing_step,minimum_voltage,-98.23638916015535,-98.23638153076172,-98.23638916015625,7.629393635966153e-06,7.62939453125e-06,-1.6929543187620287e-07,-98.23642730712847,-98.23641967773348,,3.814697311099735e-05,3.814697176096615e-05,,5.000000646337942,exceeds_reference_discretization_error
m-increase_dt-12296e231e,pospischil2008_lts,increase_dt,"{""dt_factor"": 4}",P07_hyperpolarizing_step,sag_ratio,0.002045539263618266,0.0020454617263496017,0.0020461092256191978,7.753726866425656e-08,6.474992695960392e-07,-3.0619167448108926,0.0020437186301975035,0.0020458501135883476,,1.8206334207624894e-06,3.8838723874588116e-07,,23.48075257391382,exceeds_reference_discretization_error
m-increase_dt-12296e231e,pospischil2008_lts,increase_dt,"{""dt_factor"": 4}",P07_hyperpolarizing_step,steady_state_voltage,-98.20717309417724,-98.20716658782956,-98.2071649536132,6.506347673962409e-06,1.6342163604576854e-06,1.993248916150645,-98.2072371696472,-98.20719911041257,,6.407546996456404e-05,3.252258301245092e-05,,9.848147251796282,exceeds_reference_discretization_error
m-increase_dt-12296e231e,pospischil2008_lts,increase_dt,"{""dt_factor"": 4}",P07_hyperpolarizing_step,voltage_deflection,-14.253602405293776,-14.253595904032366,-14.25359421641025,6.5012614101078725e-06,1.6876221167194672e-06,1.9457277651596603,-14.253665168507894,-14.253627979024245,,6.276321411746721e-05,3.207499187851681e-05,,9.654005608801663,exceeds_reference_discretization_error
m-increase_dt-12296e231e,pospischil2008_lts,increase_dt,"{""dt_factor"": 4}",P08_rebound,firing_regime,,,,,,,,,,,,,,no_change
m-increase_dt-12296e231e,pospischil2008_lts,increase_dt,"{""dt_factor"": 4}",P08_rebound,first_spike_latency,,,,,,,,,,,,,,no_change
m-increase_dt-12296e231e,pospischil2008_lts,increase_dt,"{""dt_factor"": 4}",P08_rebound,maximum_voltage,-85.8170776367331,-85.81714630128519,-85.81720733644144,6.866455208864863e-05,6.103515625e-05,0.16992502891176328,-85.81660842896976,-85.81709289552151,,0.00046920776334502534,5.340576367984795e-05,,6.83333319846403,exceeds_reference_discretization_error
m-increase_dt-12296e231e,pospischil2008_lts,increase_dt,"{""dt_factor"": 4}",P08_rebound,spike_count,0.0,0.0,0.0,0.0,0.0,,0.0,0.0,,0.0,0.0,,,within_reference_discretization_error
m-increase_dt-12296e231e,pospischil2008_lts,increase_dt,"{""dt_factor"": 4}",P09_short_pulse,ahp_depth,,,,,,,,,,,,,,no_change
m-increase_dt-12296e231e,pospischil2008_lts,increase_dt,"{""dt_factor"": 4}",P09_short_pulse,ap_amplitude,,,,,,,,,,,,,,no_change
m-increase_dt-12296e231e,pospischil2008_lts,increase_dt,"{""dt_factor"": 4}",P09_short_pulse,ap_half_width,,,,,,,,,,,,,,no_change
m-increase_dt-12296e231e,pospischil2008_lts,increase_dt,"{""dt_factor"": 4}",P09_short_pulse,first_spike_latency,,,,,,,,,,,,,,no_change
m-increase_dt-12296e231e,pospischil2008_lts,increase_dt,"{""dt_factor"": 4}",P09_short_pulse,spike_count,0.0,0.0,0.0,0.0,0.0,,0.0,0.0,,0.0,0.0,,,within_reference_discretization_error
m-increase_dt-12296e231e,pospischil2008_lts,increase_dt,"{""dt_factor"": 4}",P10_paired_pulses,ap_amplitude,,,,,,,,,,,,,,no_change
m-increase_dt-12296e231e,pospischil2008_lts,increase_dt,"{""dt_factor"": 4}",P10_paired_pulses,first_isi,,,,,,,,,,,,,,no_change
m-increase_dt-12296e231e,pospischil2008_lts,increase_dt,"{""dt_factor"": 4}",P10_paired_pulses,first_spike_latency,,,,,,,,,,,,,,no_change
m-increase_dt-12296e231e,pospischil2008_lts,increase_dt,"{""dt_factor"": 4}",P10_paired_pulses,spike_count,0.0,0.0,0.0,0.0,0.0,,0.0,0.0,,0.0,0.0,,,within_reference_discretization_error
m-increase_dt-26c6d170d7,pospischil2008_lts,increase_dt,"{""dt_factor"": 10}",P00_canonical,adaptation_index,0.45003406360930803,0.4630010462892806,0.4695620702135357,0.012966982679972594,0.0065610239242550605,0.9828499273772625,0.28530394121576463,0.3594142115576332,,0.1647301223935434,0.10358683473164743,,12.70381294238696,exceeds_reference_discretization_error
m-increase_dt-26c6d170d7,pospischil2008_lts,increase_dt,"{""dt_factor"": 10}",P00_canonical,ahp_depth,16.573501743312846,16.673553569797534,16.723587205886844,0.10005182648468747,0.05003363608931011,0.9997772983564992,14.782995923996182,15.7756577835125,,1.7905058193166639,0.8978957862850336,,17.895783437703596,exceeds_reference_discretization_error
m-increase_dt-26c6d170d7,pospischil2008_lts,increase_dt,"{""dt_factor"": 10}",P00_canonical,ap_amplitude,100.01163101444587,99.9338417077712,99.99811935726498,0.07778930667467421,0.06427764949378911,0.27525467494831357,100.08723831418396,100.08746719573666,,0.07560729973809543,0.1536254879654706,,0.9719497829476199,within_reference_discretization_error
m-increase_dt-26c6d170d7,pospischil2008_lts,increase_dt,"{""dt_factor"": 10}",P00_canonical,ap_half_width,0.7799999999992906,0.7799999999992906,0.7799999999992906,0.0,0.0,,0.7699999999992997,0.7799999999992906,,0.009999999999990905,0.0,,,exceeds_reference_discretization_error
m-increase_dt-26c6d170d7,pospischil2008_lts,increase_dt,"{""dt_factor"": 10}",P00_canonical,baseline_voltage,-83.95132461929322,-83.95132456588748,-83.95132463264466,5.3405742050927074e-08,6.675718111637252e-08,-0.3219281716653577,-83.95132325553897,-83.95132459259034,,1.3637542508604383e-06,2.670286392003618e-08,,25.535723285334726,exceeds_reference_discretization_error
m-increase_dt-26c6d170d7,pospischil2008_lts,increase_dt,"{""dt_factor"": 10}",P00_canonical,firing_regime,,,,,,,,,,,,,,no_change
m-increase_dt-26c6d170d7,pospischil2008_lts,increase_dt,"{""dt_factor"": 10}",P00_canonical,first_isi,14.159999999987122,13.959999999987303,13.859999999987394,0.1999999999998181,0.09999999999990905,1.0,18.21999999998343,15.839999999985594,,4.0599999999963075,1.8799999999982901,,20.3,exceeds_reference_discretization_error
m-increase_dt-26c6d170d7,pospischil2008_lts,increase_dt,"{""dt_factor"": 10}",P00_canonical,first_spike_latency,31.629999999752442,31.61999999975245,31.61999999975245,0.009999999999990905,0.0,,31.779999999752306,31.69999999975238,,0.14999999999986358,0.07999999999992724,,15.0,exceeds_reference_discretization_error
m-increase_dt-26c6d170d7,pospischil2008_lts,increase_dt,"{""dt_factor"": 10}",P00_canonical,last_isi,202.1999999998161,202.7499999998156,203.01999999981535,0.5499999999994998,0.26999999999975444,1.0264722113611913,192.409999999825,197.71999999982017,,9.789999999991096,5.029999999995425,,17.8,exceeds_reference_discretization_error
m-increase_dt-26c6d170d7,pospischil2008_lts,increase_dt,"{""dt_factor"": 10}",P00_canonical,mean_frequency,12.319822594574143,12.393493415976295,12.430853378104162,0.07367082140215153,0.03735996212786752,0.9796003356500613,11.448196909004414,11.819283160494706,,0.8716256855697289,0.5742102554815887,,11.831355602942596,exceeds_reference_discretization_error
m-increase_dt-26c6d170d7,pospischil2008_lts,increase_dt,"{""dt_factor"": 10}",P00_canonical,spike_count,4.0,4.0,4.0,0.0,0.0,,4.0,4.0,,0.0,0.0,,,within_reference_discretization_error
m-increase_dt-26c6d170d7,pospischil2008_lts,increase_dt,"{""dt_factor"": 10}",P01_baseline,baseline_voltage,-83.95357068888346,-83.9535706837972,-83.95357068125406,5.08626385453681e-09,2.543131927268405e-09,1.0,-83.9535706507365,-83.9535706802368,,3.814696469817136e-08,3.5604017512014252e-09,,7.4999972060327345,exceeds_reference_discretization_error
m-increase_dt-26c6d170d7,pospischil2008_lts,increase_dt,"{""dt_factor"": 10}",P01_baseline,firing_regime,,,,,,,,,,,,,,no_change
m-increase_dt-26c6d170d7,pospischil2008_lts,increase_dt,"{""dt_factor"": 10}",P01_baseline,spike_count,0.0,0.0,0.0,0.0,0.0,,0.0,0.0,,0.0,0.0,,,within_reference_discretization_error
m-increase_dt-26c6d170d7,pospischil2008_lts,increase_dt,"{""dt_factor"": 10}",P01_baseline,steady_state_voltage,-83.95030975341797,-83.95030975341797,-83.95030975341797,0.0,0.0,,-83.95030975341797,-83.95030975341797,,0.0,0.0,,,within_reference_discretization_error
m-increase_dt-26c6d170d7,pospischil2008_lts,increase_dt,"{""dt_factor"": 10}",P02_weak_step,baseline_voltage,-83.95357068888346,-83.9535706837972,-83.95357065327963,5.08626385453681e-09,3.0517568916366145e-08,-2.58496182891388,-83.9535706507365,-83.9535706802368,,3.814696469817136e-08,3.5604017512014252e-09,,7.4999972060327345,exceeds_reference_discretization_error
m-increase_dt-26c6d170d7,pospischil2008_lts,increase_dt,"{""dt_factor"": 10}",P02_weak_step,spike_count,0.0,0.0,0.0,0.0,0.0,,0.0,0.0,,0.0,0.0,,,within_reference_discretization_error
m-increase_dt-26c6d170d7,pospischil2008_lts,increase_dt,"{""dt_factor"": 10}",P02_weak_step,steady_state_voltage,-74.93620969696036,-74.93623204345693,-74.93624584655743,2.2346496564296103e-05,1.3803100500808796e-05,0.6950562998879539,-74.93580568237279,-74.93603080230699,,0.00040401458757344244,0.0002012411499379141,,18.079549356249103,exceeds_reference_discretization_error
m-increase_dt-26c6d170d7,pospischil2008_lts,increase_dt,"{""dt_factor"": 10}",P02_weak_step,voltage_deflection,9.017360991923098,9.01733864034027,9.0173248067222,2.235158282815064e-05,1.3833618069725162e-05,0.6921984685929345,9.017764968363707,9.017539877929806,,0.00040397644060874427,0.00020123758953616289,,18.073728545969338,exceeds_reference_discretization_error
m-increase_dt-26c6d170d7,pospischil2008_lts,increase_dt,"{""dt_factor"": 10}",P03_rheobase,rheobase,0.038658561573663,0.038658561573663,0.038658561573663,0.0,0.0,,0.03882931493750427,0.03872686291919951,,0.00017075336384127227,6.83013455365089e-05,,,exceeds_reference_discretization_error
m-increase_dt-26c6d170d7,pospischil2008_lts,increase_dt,"{""dt_factor"": 10}",P04_step_2x,adaptation_index,,,,,,,,,,,,,,no_change
m-increase_dt-26c6d170d7,pospischil2008_lts,increase_dt,"{""dt_factor"": 10}",P04_step_2x,ahp_depth,14.597407663981116,15.055308659871415,15.283824167887374,0.45790099589029865,0.22851550801595977,1.002743626825323,6.00885324351097,10.869624452209848,,8.588554420470146,4.185684207661566,,18.756356718052963,exceeds_reference_discretization_error
m-increase_dt-26c6d170d7,pospischil2008_lts,increase_dt,"{""dt_factor"": 10}",P04_step_2x,ap_amplitude,92.73429489294529,92.6621055623362,92.6167030353265,0.07218933060909194,0.045402527009699156,0.6690130292416083,93.60362318085146,93.13634643561917,,0.8693282879061712,0.47424087328298015,,12.042337566663667,exceeds_reference_discretization_error
m-increase_dt-26c6d170d7,pospischil2008_lts,increase_dt,"{""dt_factor"": 10}",P04_step_2x,ap_half_width,0.7299999999993361,0.7299999999993361,0.739999999999327,0.0,0.009999999999990905,,0.7299999999993361,0.7299999999993361,,0.0,0.0,,,within_reference_discretization_error
m-increase_dt-26c6d170d7,pospischil2008_lts,increase_dt,"{""dt_factor"": 10}",P04_step_2x,burst_count,,,,,,,,,,,,,,no_change
m-increase_dt-26c6d170d7,pospischil2008_lts,increase_dt,"{""dt_factor"": 10}",P04_step_2x,firing_regime,,,,,,,,,,,,,,no_change
m-increase_dt-26c6d170d7,pospischil2008_lts,increase_dt,"{""dt_factor"": 10}",P04_step_2x,first_isi,,,,,,,,,,,,,,no_change
m-increase_dt-26c6d170d7,pospischil2008_lts,increase_dt,"{""dt_factor"": 10}",P04_step_2x,first_spike_latency,57.54999999981982,57.49999999981986,57.46999999981989,0.049999999999954525,0.029999999999972715,0.7369655941662062,58.399999999819045,57.949999999819454,,0.8499999999992269,0.4499999999995907,,17.0,exceeds_reference_discretization_error
m-increase_dt-26c6d170d7,pospischil2008_lts,increase_dt,"{""dt_factor"": 10}",P04_step_2x,last_isi,,,,,,,,,,,,,,no_change
m-increase_dt-26c6d170d7,pospischil2008_lts,increase_dt,"{""dt_factor"": 10}",P04_step_2x,mean_frequency,,,,,,,,,,,,,,no_change
m-increase_dt-26c6d170d7,pospischil2008_lts,increase_dt,"{""dt_factor"": 10}",P04_step_2x,spike_count,1.0,1.0,1.0,0.0,0.0,,1.0,1.0,,0.0,0.0,,,within_reference_discretization_error
m-increase_dt-26c6d170d7,pospischil2008_lts,increase_dt,"{""dt_factor"": 10}",P05_long_step,adaptation_index,,,,,,,,,,,,,,no_change
m-increase_dt-26c6d170d7,pospischil2008_lts,increase_dt,"{""dt_factor"": 10}",P05_long_step,ahp_depth,14.078013743082678,14.517703374227494,14.73665928141277,0.43968963114481596,0.21895590718527558,1.0058451383949771,5.668818758647518,10.458438233948286,,8.40919498443516,4.059265140279209,,19.12529745707265,exceeds_reference_discretization_error
m-increase_dt-26c6d170d7,pospischil2008_lts,increase_dt,"{""dt_factor"": 10}",P05_long_step,ap_amplitude,91.18347931093976,91.13381576739826,91.04212570421478,0.04966354354149871,0.09169006318347783,-0.8845781888339108,92.06594008972323,91.7144088729448,,0.882460778783468,0.5805931055465408,,17.7687840185243,exceeds_reference_discretization_error
m-increase_dt-26c6d170d7,pospischil2008_lts,increase_dt,"{""dt_factor"": 10}",P05_long_step,ap_half_width,0.7199999999993452,0.7299999999993361,0.7299999999993361,0.009999999999990905,0.0,,0.7299999999993361,0.7199999999993452,,0.009999999999990905,0.009999999999990905,,1.0,within_reference_discretization_error
m-increase_dt-26c6d170d7,pospischil2008_lts,increase_dt,"{""dt_factor"": 10}",P05_long_step,burst_count,,,,,,,,,,,,,,no_change
m-increase_dt-26c6d170d7,pospischil2008_lts,increase_dt,"{""dt_factor"": 10}",P05_long_step,firing_regime,,,,,,,,,,,,,,no_change
m-increase_dt-26c6d170d7,pospischil2008_lts,increase_dt,"{""dt_factor"": 10}",P05_long_step,first_isi,,,,,,,,,,,,,,no_change
m-increase_dt-26c6d170d7,pospischil2008_lts,increase_dt,"{""dt_factor"": 10}",P05_long_step,first_spike_latency,77.49999999980167,77.43999999980173,77.40999999980176,0.05999999999994543,0.029999999999972715,1.0,78.49999999980076,77.94999999980126,,0.9999999999990905,0.5099999999995362,,16.666666666666668,exceeds_reference_discretization_error
m-increase_dt-26c6d170d7,pospischil2008_lts,increase_dt,"{""dt_factor"": 10}",P05_long_step,last_isi,,,,,,,,,,,,,,no_change
m-increase_dt-26c6d170d7,pospischil2008_lts,increase_dt,"{""dt_factor"": 10}",P05_long_step,mean_frequency,,,,,,,,,,,,,,no_change
m-increase_dt-26c6d170d7,pospischil2008_lts,increase_dt,"{""dt_factor"": 10}",P05_long_step,spike_count,1.0,1.0,1.0,0.0,0.0,,1.0,1.0,,0.0,0.0,,,within_reference_discretization_error
m-increase_dt-26c6d170d7,pospischil2008_lts,increase_dt,"{""dt_factor"": 10}",P06_ramp,firing_regime,,,,,,,,,,,,,,no_change
m-increase_dt-26c6d170d7,pospischil2008_lts,increase_dt,"{""dt_factor"": 10}",P06_ramp,first_spike_latency,,,,,,,,,,,,,,no_change
m-increase_dt-26c6d170d7,pospischil2008_lts,increase_dt,"{""dt_factor"": 10}",P06_ramp,mean_frequency,,,,,,,,,,,,,,no_change
m-increase_dt-26c6d170d7,pospischil2008_lts,increase_dt,"{""dt_factor"": 10}",P06_ramp,spike_count,0.0,0.0,0.0,0.0,0.0,,0.0,0.0,,0.0,0.0,,,within_reference_discretization_error
m-increase_dt-26c6d170d7,pospischil2008_lts,increase_dt,"{""dt_factor"": 10}",P07_hyperpolarizing_step,baseline_voltage,-83.95357068888346,-83.9535706837972,-83.95357073720295,5.08626385453681e-09,5.340575626178179e-08,-3.3923170388889266,-83.9535706507365,-83.9535706802368,,3.814696469817136e-08,3.5604017512014252e-09,,7.4999972060327345,exceeds_reference_discretization_error
m-increase_dt-26c6d170d7,pospischil2008_lts,increase_dt,"{""dt_factor"": 10}",P07_hyperpolarizing_step,minimum_voltage,-98.23638916015535,-98.23638153076172,-98.23638916015625,7.629393635966153e-06,7.62939453125e-06,-1.6929543187620287e-07,-98.23649597167906,-98.23640747070259,,0.00010681152370750624,2.5939940869079692e-05,,14.000001678243477,exceeds_reference_discretization_error
m-increase_dt-26c6d170d7,pospischil2008_lts,increase_dt,"{""dt_factor"": 10}",P07_hyperpolarizing_step,sag_ratio,0.002045539263618266,0.0020454617263496017,0.0020461092256191978,7.753726866425656e-08,6.474992695960392e-07,-3.0619167448108926,0.002044737567941923,0.002043221461184732,,8.016956763428479e-07,2.2402651648698035e-06,,10.339488224872394,exceeds_reference_discretization_error
m-increase_dt-26c6d170d7,pospischil2008_lts,increase_dt,"{""dt_factor"": 10}",P07_hyperpolarizing_step,steady_state_voltage,-98.20717309417724,-98.20716658782956,-98.2071649536132,6.506347673962409e-06,1.6342163604576854e-06,1.993248916150645,-98.20729113769522,-98.20722447204571,,0.00011804351798616608,5.7884216147385814e-05,,18.142823578051555,exceeds_reference_discretization_error
m-increase_dt-26c6d170d7,pospischil2008_lts,increase_dt,"{""dt_factor"": 10}",P07_hyperpolarizing_step,voltage_deflection,-14.253602405293776,-14.253595904032366,-14.25359421641025,6.5012614101078725e-06,1.6876221167194672e-06,1.9457277651596603,-14.253720486958727,-14.253653791808915,,0.00011808166495086425,5.7887776549137016e-05,,18.162885246742444,exceeds_reference_discretization_error
m-increase_dt-26c6d170d7,pospischil2008_lts,increase_dt,"{""dt_factor"": 10}",P08_rebound,firing_regime,,,,,,,,,,,,,,no_change
m-increase_dt-26c6d170d7,pospischil2008_lts,increase_dt,"{""dt_factor"": 10}",P08_rebound,first_spike_latency,,,,,,,,,,,,,,no_change
m-increase_dt-26c6d170d7,pospischil2008_lts,increase_dt,"{""dt_factor"": 10}",P08_rebound,maximum_voltage,-85.8170776367331,-85.81714630128519,-85.81720733644144,6.866455208864863e-05,6.103515625e-05,0.16992502891176328,-85.81652069093232,-85.816456604018,,0.00055694580078125,0.0006896972671910362,,8.111110956672537,exceeds_reference_discretization_error
m-increase_dt-26c6d170d7,pospischil2008_lts,increase_dt,"{""dt_factor"": 10}",P08_rebound,spike_count,0.0,0.0,0.0,0.0,0.0,,0.0,0.0,,0.0,0.0,,,within_reference_discretization_error
m-increase_dt-26c6d170d7,pospischil2008_lts,increase_dt,"{""dt_factor"": 10}",P09_short_pulse,ahp_depth,,,,,,,,,,,,,,no_change
m-increase_dt-26c6d170d7,pospischil2008_lts,increase_dt,"{""dt_factor"": 10}",P09_short_pulse,ap_amplitude,,,,,,,,,,,,,,no_change
m-increase_dt-26c6d170d7,pospischil2008_lts,increase_dt,"{""dt_factor"": 10}",P09_short_pulse,ap_half_width,,,,,,,,,,,,,,no_change
m-increase_dt-26c6d170d7,pospischil2008_lts,increase_dt,"{""dt_factor"": 10}",P09_short_pulse,first_spike_latency,,,,,,,,,,,,,,no_change
m-increase_dt-26c6d170d7,pospischil2008_lts,increase_dt,"{""dt_factor"": 10}",P09_short_pulse,spike_count,0.0,0.0,0.0,0.0,0.0,,0.0,0.0,,0.0,0.0,,,within_reference_discretization_error
m-increase_dt-26c6d170d7,pospischil2008_lts,increase_dt,"{""dt_factor"": 10}",P10_paired_pulses,ap_amplitude,,,,,,,,,,,,,,no_change
m-increase_dt-26c6d170d7,pospischil2008_lts,increase_dt,"{""dt_factor"": 10}",P10_paired_pulses,first_isi,,,,,,,,,,,,,,no_change
m-increase_dt-26c6d170d7,pospischil2008_lts,increase_dt,"{""dt_factor"": 10}",P10_paired_pulses,first_spike_latency,,,,,,,,,,,,,,no_change
m-increase_dt-26c6d170d7,pospischil2008_lts,increase_dt,"{""dt_factor"": 10}",P10_paired_pulses,spike_count,0.0,0.0,0.0,0.0,0.0,,0.0,0.0,,0.0,0.0,,,within_reference_discretization_error
m-solver_config-05a4d042ce,pospischil2008_lts,solver_config,"{""integrator_method"": ""rk4""}",P00_canonical,adaptation_index,0.45003406360930803,0.4630010462892806,0.4695620702135357,0.012966982679972594,0.0065610239242550605,0.9828499273772625,0.45003406360930803,,,0.0,,,0.0,within_reference_discretization_error
m-solver_config-05a4d042ce,pospischil2008_lts,solver_config,"{""integrator_method"": ""rk4""}",P00_canonical,ahp_depth,16.573501743312846,16.673553569797534,16.723587205886844,0.10005182648468747,0.05003363608931011,0.9997772983564992,16.573501743312846,,,0.0,,,0.0,within_reference_discretization_error
m-solver_config-05a4d042ce,pospischil2008_lts,solver_config,"{""integrator_method"": ""rk4""}",P00_canonical,ap_amplitude,100.01163101444587,99.9338417077712,99.99811935726498,0.07778930667467421,0.06427764949378911,0.27525467494831357,100.01163101444587,,,0.0,,,0.0,within_reference_discretization_error
m-solver_config-05a4d042ce,pospischil2008_lts,solver_config,"{""integrator_method"": ""rk4""}",P00_canonical,ap_half_width,0.7799999999992906,0.7799999999992906,0.7799999999992906,0.0,0.0,,0.7799999999992906,,,0.0,,,,within_reference_discretization_error
m-solver_config-05a4d042ce,pospischil2008_lts,solver_config,"{""integrator_method"": ""rk4""}",P00_canonical,baseline_voltage,-83.95132461929322,-83.95132456588748,-83.95132463264466,5.3405742050927074e-08,6.675718111637252e-08,-0.3219281716653577,-83.95132461929322,,,0.0,,,0.0,within_reference_discretization_error
m-solver_config-05a4d042ce,pospischil2008_lts,solver_config,"{""integrator_method"": ""rk4""}",P00_canonical,firing_regime,,,,,,,,,,,,,,no_change
m-solver_config-05a4d042ce,pospischil2008_lts,solver_config,"{""integrator_method"": ""rk4""}",P00_canonical,first_isi,14.159999999987122,13.959999999987303,13.859999999987394,0.1999999999998181,0.09999999999990905,1.0,14.159999999987122,,,0.0,,,0.0,within_reference_discretization_error
m-solver_config-05a4d042ce,pospischil2008_lts,solver_config,"{""integrator_method"": ""rk4""}",P00_canonical,first_spike_latency,31.629999999752442,31.61999999975245,31.61999999975245,0.009999999999990905,0.0,,31.629999999752442,,,0.0,,,0.0,within_reference_discretization_error
m-solver_config-05a4d042ce,pospischil2008_lts,solver_config,"{""integrator_method"": ""rk4""}",P00_canonical,last_isi,202.1999999998161,202.7499999998156,203.01999999981535,0.5499999999994998,0.26999999999975444,1.0264722113611913,202.1999999998161,,,0.0,,,0.0,within_reference_discretization_error
m-solver_config-05a4d042ce,pospischil2008_lts,solver_config,"{""integrator_method"": ""rk4""}",P00_canonical,mean_frequency,12.319822594574143,12.393493415976295,12.430853378104162,0.07367082140215153,0.03735996212786752,0.9796003356500613,12.319822594574143,,,0.0,,,0.0,within_reference_discretization_error
m-solver_config-05a4d042ce,pospischil2008_lts,solver_config,"{""integrator_method"": ""rk4""}",P00_canonical,spike_count,4.0,4.0,4.0,0.0,0.0,,4.0,,,0.0,,,,within_reference_discretization_error
m-solver_config-05a4d042ce,pospischil2008_lts,solver_config,"{""integrator_method"": ""rk4""}",P01_baseline,baseline_voltage,-83.95357068888346,-83.9535706837972,-83.95357068125406,5.08626385453681e-09,2.543131927268405e-09,1.0,-83.95357068888346,,,0.0,,,0.0,within_reference_discretization_error
m-solver_config-05a4d042ce,pospischil2008_lts,solver_config,"{""integrator_method"": ""rk4""}",P01_baseline,firing_regime,,,,,,,,,,,,,,no_change
m-solver_config-05a4d042ce,pospischil2008_lts,solver_config,"{""integrator_method"": ""rk4""}",P01_baseline,spike_count,0.0,0.0,0.0,0.0,0.0,,0.0,,,0.0,,,,within_reference_discretization_error
m-solver_config-05a4d042ce,pospischil2008_lts,solver_config,"{""integrator_method"": ""rk4""}",P01_baseline,steady_state_voltage,-83.95030975341797,-83.95030975341797,-83.95030975341797,0.0,0.0,,-83.95030975341797,,,0.0,,,,within_reference_discretization_error
m-solver_config-05a4d042ce,pospischil2008_lts,solver_config,"{""integrator_method"": ""rk4""}",P02_weak_step,baseline_voltage,-83.95357068888346,-83.9535706837972,-83.95357065327963,5.08626385453681e-09,3.0517568916366145e-08,-2.58496182891388,-83.95357068888346,,,0.0,,,0.0,within_reference_discretization_error
m-solver_config-05a4d042ce,pospischil2008_lts,solver_config,"{""integrator_method"": ""rk4""}",P02_weak_step,spike_count,0.0,0.0,0.0,0.0,0.0,,0.0,,,0.0,,,,within_reference_discretization_error
m-solver_config-05a4d042ce,pospischil2008_lts,solver_config,"{""integrator_method"": ""rk4""}",P02_weak_step,steady_state_voltage,-74.93620969696036,-74.93623204345693,-74.93624584655743,2.2346496564296103e-05,1.3803100500808796e-05,0.6950562998879539,-74.93620969696036,,,0.0,,,0.0,within_reference_discretization_error
m-solver_config-05a4d042ce,pospischil2008_lts,solver_config,"{""integrator_method"": ""rk4""}",P02_weak_step,voltage_deflection,9.017360991923098,9.01733864034027,9.0173248067222,2.235158282815064e-05,1.3833618069725162e-05,0.6921984685929345,9.017360991923098,,,0.0,,,0.0,within_reference_discretization_error
m-solver_config-05a4d042ce,pospischil2008_lts,solver_config,"{""integrator_method"": ""rk4""}",P03_rheobase,rheobase,0.038658561573663,0.038658561573663,0.038658561573663,0.0,0.0,,0.038658561573663,,,0.0,,,,within_reference_discretization_error
m-solver_config-05a4d042ce,pospischil2008_lts,solver_config,"{""integrator_method"": ""rk4""}",P04_step_2x,adaptation_index,,,,,,,,,,,,,,no_change
m-solver_config-05a4d042ce,pospischil2008_lts,solver_config,"{""integrator_method"": ""rk4""}",P04_step_2x,ahp_depth,14.597407663981116,15.055308659871415,15.283824167887374,0.45790099589029865,0.22851550801595977,1.002743626825323,14.597407663981116,,,0.0,,,0.0,within_reference_discretization_error
m-solver_config-05a4d042ce,pospischil2008_lts,solver_config,"{""integrator_method"": ""rk4""}",P04_step_2x,ap_amplitude,92.73429489294529,92.6621055623362,92.6167030353265,0.07218933060909194,0.045402527009699156,0.6690130292416083,92.73429489294529,,,0.0,,,0.0,within_reference_discretization_error
m-solver_config-05a4d042ce,pospischil2008_lts,solver_config,"{""integrator_method"": ""rk4""}",P04_step_2x,ap_half_width,0.7299999999993361,0.7299999999993361,0.739999999999327,0.0,0.009999999999990905,,0.7299999999993361,,,0.0,,,,within_reference_discretization_error
m-solver_config-05a4d042ce,pospischil2008_lts,solver_config,"{""integrator_method"": ""rk4""}",P04_step_2x,burst_count,,,,,,,,,,,,,,no_change
m-solver_config-05a4d042ce,pospischil2008_lts,solver_config,"{""integrator_method"": ""rk4""}",P04_step_2x,firing_regime,,,,,,,,,,,,,,no_change
m-solver_config-05a4d042ce,pospischil2008_lts,solver_config,"{""integrator_method"": ""rk4""}",P04_step_2x,first_isi,,,,,,,,,,,,,,no_change
m-solver_config-05a4d042ce,pospischil2008_lts,solver_config,"{""integrator_method"": ""rk4""}",P04_step_2x,first_spike_latency,57.54999999981982,57.49999999981986,57.46999999981989,0.049999999999954525,0.029999999999972715,0.7369655941662062,57.54999999981982,,,0.0,,,0.0,within_reference_discretization_error
m-solver_config-05a4d042ce,pospischil2008_lts,solver_config,"{""integrator_method"": ""rk4""}",P04_step_2x,last_isi,,,,,,,,,,,,,,no_change
m-solver_config-05a4d042ce,pospischil2008_lts,solver_config,"{""integrator_method"": ""rk4""}",P04_step_2x,mean_frequency,,,,,,,,,,,,,,no_change
m-solver_config-05a4d042ce,pospischil2008_lts,solver_config,"{""integrator_method"": ""rk4""}",P04_step_2x,spike_count,1.0,1.0,1.0,0.0,0.0,,1.0,,,0.0,,,,within_reference_discretization_error
m-solver_config-05a4d042ce,pospischil2008_lts,solver_config,"{""integrator_method"": ""rk4""}",P05_long_step,adaptation_index,,,,,,,,,,,,,,no_change
m-solver_config-05a4d042ce,pospischil2008_lts,solver_config,"{""integrator_method"": ""rk4""}",P05_long_step,ahp_depth,14.078013743082678,14.517703374227494,14.73665928141277,0.43968963114481596,0.21895590718527558,1.0058451383949771,14.078013743082678,,,0.0,,,0.0,within_reference_discretization_error
m-solver_config-05a4d042ce,pospischil2008_lts,solver_config,"{""integrator_method"": ""rk4""}",P05_long_step,ap_amplitude,91.18347931093976,91.13381576739826,91.04212570421478,0.04966354354149871,0.09169006318347783,-0.8845781888339108,91.18347931093976,,,0.0,,,0.0,within_reference_discretization_error
m-solver_config-05a4d042ce,pospischil2008_lts,solver_config,"{""integrator_method"": ""rk4""}",P05_long_step,ap_half_width,0.7199999999993452,0.7299999999993361,0.7299999999993361,0.009999999999990905,0.0,,0.7199999999993452,,,0.0,,,0.0,within_reference_discretization_error
m-solver_config-05a4d042ce,pospischil2008_lts,solver_config,"{""integrator_method"": ""rk4""}",P05_long_step,burst_count,,,,,,,,,,,,,,no_change
m-solver_config-05a4d042ce,pospischil2008_lts,solver_config,"{""integrator_method"": ""rk4""}",P05_long_step,firing_regime,,,,,,,,,,,,,,no_change
m-solver_config-05a4d042ce,pospischil2008_lts,solver_config,"{""integrator_method"": ""rk4""}",P05_long_step,first_isi,,,,,,,,,,,,,,no_change
m-solver_config-05a4d042ce,pospischil2008_lts,solver_config,"{""integrator_method"": ""rk4""}",P05_long_step,first_spike_latency,77.49999999980167,77.43999999980173,77.40999999980176,0.05999999999994543,0.029999999999972715,1.0,77.49999999980167,,,0.0,,,0.0,within_reference_discretization_error
m-solver_config-05a4d042ce,pospischil2008_lts,solver_config,"{""integrator_method"": ""rk4""}",P05_long_step,last_isi,,,,,,,,,,,,,,no_change
m-solver_config-05a4d042ce,pospischil2008_lts,solver_config,"{""integrator_method"": ""rk4""}",P05_long_step,mean_frequency,,,,,,,,,,,,,,no_change
m-solver_config-05a4d042ce,pospischil2008_lts,solver_config,"{""integrator_method"": ""rk4""}",P05_long_step,spike_count,1.0,1.0,1.0,0.0,0.0,,1.0,,,0.0,,,,within_reference_discretization_error
m-solver_config-05a4d042ce,pospischil2008_lts,solver_config,"{""integrator_method"": ""rk4""}",P06_ramp,firing_regime,,,,,,,,,,,,,,no_change
m-solver_config-05a4d042ce,pospischil2008_lts,solver_config,"{""integrator_method"": ""rk4""}",P06_ramp,first_spike_latency,,,,,,,,,,,,,,no_change
m-solver_config-05a4d042ce,pospischil2008_lts,solver_config,"{""integrator_method"": ""rk4""}",P06_ramp,mean_frequency,,,,,,,,,,,,,,no_change
m-solver_config-05a4d042ce,pospischil2008_lts,solver_config,"{""integrator_method"": ""rk4""}",P06_ramp,spike_count,0.0,0.0,0.0,0.0,0.0,,0.0,,,0.0,,,,within_reference_discretization_error
m-solver_config-05a4d042ce,pospischil2008_lts,solver_config,"{""integrator_method"": ""rk4""}",P07_hyperpolarizing_step,baseline_voltage,-83.95357068888346,-83.9535706837972,-83.95357073720295,5.08626385453681e-09,5.340575626178179e-08,-3.3923170388889266,-83.95357068888346,,,0.0,,,0.0,within_reference_discretization_error
m-solver_config-05a4d042ce,pospischil2008_lts,solver_config,"{""integrator_method"": ""rk4""}",P07_hyperpolarizing_step,minimum_voltage,-98.23638916015535,-98.23638153076172,-98.23638916015625,7.629393635966153e-06,7.62939453125e-06,-1.6929543187620287e-07,-98.23638916015535,,,0.0,,,0.0,within_reference_discretization_error
m-solver_config-05a4d042ce,pospischil2008_lts,solver_config,"{""integrator_method"": ""rk4""}",P07_hyperpolarizing_step,sag_ratio,0.002045539263618266,0.0020454617263496017,0.0020461092256191978,7.753726866425656e-08,6.474992695960392e-07,-3.0619167448108926,0.002045539263618266,,,0.0,,,0.0,within_reference_discretization_error
m-solver_config-05a4d042ce,pospischil2008_lts,solver_config,"{""integrator_method"": ""rk4""}",P07_hyperpolarizing_step,steady_state_voltage,-98.20717309417724,-98.20716658782956,-98.2071649536132,6.506347673962409e-06,1.6342163604576854e-06,1.993248916150645,-98.20717309417724,,,0.0,,,0.0,within_reference_discretization_error
m-solver_config-05a4d042ce,pospischil2008_lts,solver_config,"{""integrator_method"": ""rk4""}",P07_hyperpolarizing_step,voltage_deflection,-14.253602405293776,-14.253595904032366,-14.25359421641025,6.5012614101078725e-06,1.6876221167194672e-06,1.9457277651596603,-14.253602405293776,,,0.0,,,0.0,within_reference_discretization_error
m-solver_config-05a4d042ce,pospischil2008_lts,solver_config,"{""integrator_method"": ""rk4""}",P08_rebound,firing_regime,,,,,,,,,,,,,,no_change
m-solver_config-05a4d042ce,pospischil2008_lts,solver_config,"{""integrator_method"": ""rk4""}",P08_rebound,first_spike_latency,,,,,,,,,,,,,,no_change
m-solver_config-05a4d042ce,pospischil2008_lts,solver_config,"{""integrator_method"": ""rk4""}",P08_rebound,maximum_voltage,-85.8170776367331,-85.81714630128519,-85.81720733644144,6.866455208864863e-05,6.103515625e-05,0.16992502891176328,-85.8170776367331,,,0.0,,,0.0,within_reference_discretization_error
m-solver_config-05a4d042ce,pospischil2008_lts,solver_config,"{""integrator_method"": ""rk4""}",P08_rebound,spike_count,0.0,0.0,0.0,0.0,0.0,,0.0,,,0.0,,,,within_reference_discretization_error
m-solver_config-05a4d042ce,pospischil2008_lts,solver_config,"{""integrator_method"": ""rk4""}",P09_short_pulse,ahp_depth,,,,,,,,,,,,,,no_change
m-solver_config-05a4d042ce,pospischil2008_lts,solver_config,"{""integrator_method"": ""rk4""}",P09_short_pulse,ap_amplitude,,,,,,,,,,,,,,no_change
m-solver_config-05a4d042ce,pospischil2008_lts,solver_config,"{""integrator_method"": ""rk4""}",P09_short_pulse,ap_half_width,,,,,,,,,,,,,,no_change
m-solver_config-05a4d042ce,pospischil2008_lts,solver_config,"{""integrator_method"": ""rk4""}",P09_short_pulse,first_spike_latency,,,,,,,,,,,,,,no_change
m-solver_config-05a4d042ce,pospischil2008_lts,solver_config,"{""integrator_method"": ""rk4""}",P09_short_pulse,spike_count,0.0,0.0,0.0,0.0,0.0,,0.0,,,0.0,,,,within_reference_discretization_error
m-solver_config-05a4d042ce,pospischil2008_lts,solver_config,"{""integrator_method"": ""rk4""}",P10_paired_pulses,ap_amplitude,,,,,,,,,,,,,,no_change
m-solver_config-05a4d042ce,pospischil2008_lts,solver_config,"{""integrator_method"": ""rk4""}",P10_paired_pulses,first_isi,,,,,,,,,,,,,,no_change
m-solver_config-05a4d042ce,pospischil2008_lts,solver_config,"{""integrator_method"": ""rk4""}",P10_paired_pulses,first_spike_latency,,,,,,,,,,,,,,no_change
m-solver_config-05a4d042ce,pospischil2008_lts,solver_config,"{""integrator_method"": ""rk4""}",P10_paired_pulses,spike_count,0.0,0.0,0.0,0.0,0.0,,0.0,,,0.0,,,,within_reference_discretization_error
m-solver_config-f0ab9d8f86,pospischil2008_lts,solver_config,"{""integrator_method"": ""eulertree""}",P00_canonical,adaptation_index,0.45003406360930803,0.4630010462892806,0.4695620702135357,0.012966982679972594,0.0065610239242550605,0.9828499273772625,0.45003406360930803,,,0.0,,,0.0,within_reference_discretization_error
m-solver_config-f0ab9d8f86,pospischil2008_lts,solver_config,"{""integrator_method"": ""eulertree""}",P00_canonical,ahp_depth,16.573501743312846,16.673553569797534,16.723587205886844,0.10005182648468747,0.05003363608931011,0.9997772983564992,16.573501743312846,,,0.0,,,0.0,within_reference_discretization_error
m-solver_config-f0ab9d8f86,pospischil2008_lts,solver_config,"{""integrator_method"": ""eulertree""}",P00_canonical,ap_amplitude,100.01163101444587,99.9338417077712,99.99811935726498,0.07778930667467421,0.06427764949378911,0.27525467494831357,100.01163101444587,,,0.0,,,0.0,within_reference_discretization_error
m-solver_config-f0ab9d8f86,pospischil2008_lts,solver_config,"{""integrator_method"": ""eulertree""}",P00_canonical,ap_half_width,0.7799999999992906,0.7799999999992906,0.7799999999992906,0.0,0.0,,0.7799999999992906,,,0.0,,,,within_reference_discretization_error
m-solver_config-f0ab9d8f86,pospischil2008_lts,solver_config,"{""integrator_method"": ""eulertree""}",P00_canonical,baseline_voltage,-83.95132461929322,-83.95132456588748,-83.95132463264466,5.3405742050927074e-08,6.675718111637252e-08,-0.3219281716653577,-83.95132461929322,,,0.0,,,0.0,within_reference_discretization_error
m-solver_config-f0ab9d8f86,pospischil2008_lts,solver_config,"{""integrator_method"": ""eulertree""}",P00_canonical,firing_regime,,,,,,,,,,,,,,no_change
m-solver_config-f0ab9d8f86,pospischil2008_lts,solver_config,"{""integrator_method"": ""eulertree""}",P00_canonical,first_isi,14.159999999987122,13.959999999987303,13.859999999987394,0.1999999999998181,0.09999999999990905,1.0,14.159999999987122,,,0.0,,,0.0,within_reference_discretization_error
m-solver_config-f0ab9d8f86,pospischil2008_lts,solver_config,"{""integrator_method"": ""eulertree""}",P00_canonical,first_spike_latency,31.629999999752442,31.61999999975245,31.61999999975245,0.009999999999990905,0.0,,31.629999999752442,,,0.0,,,0.0,within_reference_discretization_error
m-solver_config-f0ab9d8f86,pospischil2008_lts,solver_config,"{""integrator_method"": ""eulertree""}",P00_canonical,last_isi,202.1999999998161,202.7499999998156,203.01999999981535,0.5499999999994998,0.26999999999975444,1.0264722113611913,202.1999999998161,,,0.0,,,0.0,within_reference_discretization_error
m-solver_config-f0ab9d8f86,pospischil2008_lts,solver_config,"{""integrator_method"": ""eulertree""}",P00_canonical,mean_frequency,12.319822594574143,12.393493415976295,12.430853378104162,0.07367082140215153,0.03735996212786752,0.9796003356500613,12.319822594574143,,,0.0,,,0.0,within_reference_discretization_error
m-solver_config-f0ab9d8f86,pospischil2008_lts,solver_config,"{""integrator_method"": ""eulertree""}",P00_canonical,spike_count,4.0,4.0,4.0,0.0,0.0,,4.0,,,0.0,,,,within_reference_discretization_error
m-solver_config-f0ab9d8f86,pospischil2008_lts,solver_config,"{""integrator_method"": ""eulertree""}",P01_baseline,baseline_voltage,-83.95357068888346,-83.9535706837972,-83.95357068125406,5.08626385453681e-09,2.543131927268405e-09,1.0,-83.95357068888346,,,0.0,,,0.0,within_reference_discretization_error
m-solver_config-f0ab9d8f86,pospischil2008_lts,solver_config,"{""integrator_method"": ""eulertree""}",P01_baseline,firing_regime,,,,,,,,,,,,,,no_change
m-solver_config-f0ab9d8f86,pospischil2008_lts,solver_config,"{""integrator_method"": ""eulertree""}",P01_baseline,spike_count,0.0,0.0,0.0,0.0,0.0,,0.0,,,0.0,,,,within_reference_discretization_error
m-solver_config-f0ab9d8f86,pospischil2008_lts,solver_config,"{""integrator_method"": ""eulertree""}",P01_baseline,steady_state_voltage,-83.95030975341797,-83.95030975341797,-83.95030975341797,0.0,0.0,,-83.95030975341797,,,0.0,,,,within_reference_discretization_error
m-solver_config-f0ab9d8f86,pospischil2008_lts,solver_config,"{""integrator_method"": ""eulertree""}",P02_weak_step,baseline_voltage,-83.95357068888346,-83.9535706837972,-83.95357065327963,5.08626385453681e-09,3.0517568916366145e-08,-2.58496182891388,-83.95357068888346,,,0.0,,,0.0,within_reference_discretization_error
m-solver_config-f0ab9d8f86,pospischil2008_lts,solver_config,"{""integrator_method"": ""eulertree""}",P02_weak_step,spike_count,0.0,0.0,0.0,0.0,0.0,,0.0,,,0.0,,,,within_reference_discretization_error
m-solver_config-f0ab9d8f86,pospischil2008_lts,solver_config,"{""integrator_method"": ""eulertree""}",P02_weak_step,steady_state_voltage,-74.93620969696036,-74.93623204345693,-74.93624584655743,2.2346496564296103e-05,1.3803100500808796e-05,0.6950562998879539,-74.93620969696036,,,0.0,,,0.0,within_reference_discretization_error
m-solver_config-f0ab9d8f86,pospischil2008_lts,solver_config,"{""integrator_method"": ""eulertree""}",P02_weak_step,voltage_deflection,9.017360991923098,9.01733864034027,9.0173248067222,2.235158282815064e-05,1.3833618069725162e-05,0.6921984685929345,9.017360991923098,,,0.0,,,0.0,within_reference_discretization_error
m-solver_config-f0ab9d8f86,pospischil2008_lts,solver_config,"{""integrator_method"": ""eulertree""}",P03_rheobase,rheobase,0.038658561573663,0.038658561573663,0.038658561573663,0.0,0.0,,0.038658561573663,,,0.0,,,,within_reference_discretization_error
m-solver_config-f0ab9d8f86,pospischil2008_lts,solver_config,"{""integrator_method"": ""eulertree""}",P04_step_2x,adaptation_index,,,,,,,,,,,,,,no_change
m-solver_config-f0ab9d8f86,pospischil2008_lts,solver_config,"{""integrator_method"": ""eulertree""}",P04_step_2x,ahp_depth,14.597407663981116,15.055308659871415,15.283824167887374,0.45790099589029865,0.22851550801595977,1.002743626825323,14.597407663981116,,,0.0,,,0.0,within_reference_discretization_error
m-solver_config-f0ab9d8f86,pospischil2008_lts,solver_config,"{""integrator_method"": ""eulertree""}",P04_step_2x,ap_amplitude,92.73429489294529,92.6621055623362,92.6167030353265,0.07218933060909194,0.045402527009699156,0.6690130292416083,92.73429489294529,,,0.0,,,0.0,within_reference_discretization_error
m-solver_config-f0ab9d8f86,pospischil2008_lts,solver_config,"{""integrator_method"": ""eulertree""}",P04_step_2x,ap_half_width,0.7299999999993361,0.7299999999993361,0.739999999999327,0.0,0.009999999999990905,,0.7299999999993361,,,0.0,,,,within_reference_discretization_error
m-solver_config-f0ab9d8f86,pospischil2008_lts,solver_config,"{""integrator_method"": ""eulertree""}",P04_step_2x,burst_count,,,,,,,,,,,,,,no_change
m-solver_config-f0ab9d8f86,pospischil2008_lts,solver_config,"{""integrator_method"": ""eulertree""}",P04_step_2x,firing_regime,,,,,,,,,,,,,,no_change
m-solver_config-f0ab9d8f86,pospischil2008_lts,solver_config,"{""integrator_method"": ""eulertree""}",P04_step_2x,first_isi,,,,,,,,,,,,,,no_change
m-solver_config-f0ab9d8f86,pospischil2008_lts,solver_config,"{""integrator_method"": ""eulertree""}",P04_step_2x,first_spike_latency,57.54999999981982,57.49999999981986,57.46999999981989,0.049999999999954525,0.029999999999972715,0.7369655941662062,57.54999999981982,,,0.0,,,0.0,within_reference_discretization_error
m-solver_config-f0ab9d8f86,pospischil2008_lts,solver_config,"{""integrator_method"": ""eulertree""}",P04_step_2x,last_isi,,,,,,,,,,,,,,no_change
m-solver_config-f0ab9d8f86,pospischil2008_lts,solver_config,"{""integrator_method"": ""eulertree""}",P04_step_2x,mean_frequency,,,,,,,,,,,,,,no_change
m-solver_config-f0ab9d8f86,pospischil2008_lts,solver_config,"{""integrator_method"": ""eulertree""}",P04_step_2x,spike_count,1.0,1.0,1.0,0.0,0.0,,1.0,,,0.0,,,,within_reference_discretization_error
m-solver_config-f0ab9d8f86,pospischil2008_lts,solver_config,"{""integrator_method"": ""eulertree""}",P05_long_step,adaptation_index,,,,,,,,,,,,,,no_change
m-solver_config-f0ab9d8f86,pospischil2008_lts,solver_config,"{""integrator_method"": ""eulertree""}",P05_long_step,ahp_depth,14.078013743082678,14.517703374227494,14.73665928141277,0.43968963114481596,0.21895590718527558,1.0058451383949771,14.078013743082678,,,0.0,,,0.0,within_reference_discretization_error
m-solver_config-f0ab9d8f86,pospischil2008_lts,solver_config,"{""integrator_method"": ""eulertree""}",P05_long_step,ap_amplitude,91.18347931093976,91.13381576739826,91.04212570421478,0.04966354354149871,0.09169006318347783,-0.8845781888339108,91.18347931093976,,,0.0,,,0.0,within_reference_discretization_error
m-solver_config-f0ab9d8f86,pospischil2008_lts,solver_config,"{""integrator_method"": ""eulertree""}",P05_long_step,ap_half_width,0.7199999999993452,0.7299999999993361,0.7299999999993361,0.009999999999990905,0.0,,0.7199999999993452,,,0.0,,,0.0,within_reference_discretization_error
m-solver_config-f0ab9d8f86,pospischil2008_lts,solver_config,"{""integrator_method"": ""eulertree""}",P05_long_step,burst_count,,,,,,,,,,,,,,no_change
m-solver_config-f0ab9d8f86,pospischil2008_lts,solver_config,"{""integrator_method"": ""eulertree""}",P05_long_step,firing_regime,,,,,,,,,,,,,,no_change
m-solver_config-f0ab9d8f86,pospischil2008_lts,solver_config,"{""integrator_method"": ""eulertree""}",P05_long_step,first_isi,,,,,,,,,,,,,,no_change
m-solver_config-f0ab9d8f86,pospischil2008_lts,solver_config,"{""integrator_method"": ""eulertree""}",P05_long_step,first_spike_latency,77.49999999980167,77.43999999980173,77.40999999980176,0.05999999999994543,0.029999999999972715,1.0,77.49999999980167,,,0.0,,,0.0,within_reference_discretization_error
m-solver_config-f0ab9d8f86,pospischil2008_lts,solver_config,"{""integrator_method"": ""eulertree""}",P05_long_step,last_isi,,,,,,,,,,,,,,no_change
m-solver_config-f0ab9d8f86,pospischil2008_lts,solver_config,"{""integrator_method"": ""eulertree""}",P05_long_step,mean_frequency,,,,,,,,,,,,,,no_change
m-solver_config-f0ab9d8f86,pospischil2008_lts,solver_config,"{""integrator_method"": ""eulertree""}",P05_long_step,spike_count,1.0,1.0,1.0,0.0,0.0,,1.0,,,0.0,,,,within_reference_discretization_error
m-solver_config-f0ab9d8f86,pospischil2008_lts,solver_config,"{""integrator_method"": ""eulertree""}",P06_ramp,firing_regime,,,,,,,,,,,,,,no_change
m-solver_config-f0ab9d8f86,pospischil2008_lts,solver_config,"{""integrator_method"": ""eulertree""}",P06_ramp,first_spike_latency,,,,,,,,,,,,,,no_change
m-solver_config-f0ab9d8f86,pospischil2008_lts,solver_config,"{""integrator_method"": ""eulertree""}",P06_ramp,mean_frequency,,,,,,,,,,,,,,no_change
m-solver_config-f0ab9d8f86,pospischil2008_lts,solver_config,"{""integrator_method"": ""eulertree""}",P06_ramp,spike_count,0.0,0.0,0.0,0.0,0.0,,0.0,,,0.0,,,,within_reference_discretization_error
m-solver_config-f0ab9d8f86,pospischil2008_lts,solver_config,"{""integrator_method"": ""eulertree""}",P07_hyperpolarizing_step,baseline_voltage,-83.95357068888346,-83.9535706837972,-83.95357073720295,5.08626385453681e-09,5.340575626178179e-08,-3.3923170388889266,-83.95357068888346,,,0.0,,,0.0,within_reference_discretization_error
m-solver_config-f0ab9d8f86,pospischil2008_lts,solver_config,"{""integrator_method"": ""eulertree""}",P07_hyperpolarizing_step,minimum_voltage,-98.23638916015535,-98.23638153076172,-98.23638916015625,7.629393635966153e-06,7.62939453125e-06,-1.6929543187620287e-07,-98.23638916015535,,,0.0,,,0.0,within_reference_discretization_error
m-solver_config-f0ab9d8f86,pospischil2008_lts,solver_config,"{""integrator_method"": ""eulertree""}",P07_hyperpolarizing_step,sag_ratio,0.002045539263618266,0.0020454617263496017,0.0020461092256191978,7.753726866425656e-08,6.474992695960392e-07,-3.0619167448108926,0.002045539263618266,,,0.0,,,0.0,within_reference_discretization_error
m-solver_config-f0ab9d8f86,pospischil2008_lts,solver_config,"{""integrator_method"": ""eulertree""}",P07_hyperpolarizing_step,steady_state_voltage,-98.20717309417724,-98.20716658782956,-98.2071649536132,6.506347673962409e-06,1.6342163604576854e-06,1.993248916150645,-98.20717309417724,,,0.0,,,0.0,within_reference_discretization_error
m-solver_config-f0ab9d8f86,pospischil2008_lts,solver_config,"{""integrator_method"": ""eulertree""}",P07_hyperpolarizing_step,voltage_deflection,-14.253602405293776,-14.253595904032366,-14.25359421641025,6.5012614101078725e-06,1.6876221167194672e-06,1.9457277651596603,-14.253602405293776,,,0.0,,,0.0,within_reference_discretization_error
m-solver_config-f0ab9d8f86,pospischil2008_lts,solver_config,"{""integrator_method"": ""eulertree""}",P08_rebound,firing_regime,,,,,,,,,,,,,,no_change
m-solver_config-f0ab9d8f86,pospischil2008_lts,solver_config,"{""integrator_method"": ""eulertree""}",P08_rebound,first_spike_latency,,,,,,,,,,,,,,no_change
m-solver_config-f0ab9d8f86,pospischil2008_lts,solver_config,"{""integrator_method"": ""eulertree""}",P08_rebound,maximum_voltage,-85.8170776367331,-85.81714630128519,-85.81720733644144,6.866455208864863e-05,6.103515625e-05,0.16992502891176328,-85.8170776367331,,,0.0,,,0.0,within_reference_discretization_error
m-solver_config-f0ab9d8f86,pospischil2008_lts,solver_config,"{""integrator_method"": ""eulertree""}",P08_rebound,spike_count,0.0,0.0,0.0,0.0,0.0,,0.0,,,0.0,,,,within_reference_discretization_error
m-solver_config-f0ab9d8f86,pospischil2008_lts,solver_config,"{""integrator_method"": ""eulertree""}",P09_short_pulse,ahp_depth,,,,,,,,,,,,,,no_change
m-solver_config-f0ab9d8f86,pospischil2008_lts,solver_config,"{""integrator_method"": ""eulertree""}",P09_short_pulse,ap_amplitude,,,,,,,,,,,,,,no_change
m-solver_config-f0ab9d8f86,pospischil2008_lts,solver_config,"{""integrator_method"": ""eulertree""}",P09_short_pulse,ap_half_width,,,,,,,,,,,,,,no_change
m-solver_config-f0ab9d8f86,pospischil2008_lts,solver_config,"{""integrator_method"": ""eulertree""}",P09_short_pulse,first_spike_latency,,,,,,,,,,,,,,no_change
m-solver_config-f0ab9d8f86,pospischil2008_lts,solver_config,"{""integrator_method"": ""eulertree""}",P09_short_pulse,spike_count,0.0,0.0,0.0,0.0,0.0,,0.0,,,0.0,,,,within_reference_discretization_error
m-solver_config-f0ab9d8f86,pospischil2008_lts,solver_config,"{""integrator_method"": ""eulertree""}",P10_paired_pulses,ap_amplitude,,,,,,,,,,,,,,no_change
m-solver_config-f0ab9d8f86,pospischil2008_lts,solver_config,"{""integrator_method"": ""eulertree""}",P10_paired_pulses,first_isi,,,,,,,,,,,,,,no_change
m-solver_config-f0ab9d8f86,pospischil2008_lts,solver_config,"{""integrator_method"": ""eulertree""}",P10_paired_pulses,first_spike_latency,,,,,,,,,,,,,,no_change
m-solver_config-f0ab9d8f86,pospischil2008_lts,solver_config,"{""integrator_method"": ""eulertree""}",P10_paired_pulses,spike_count,0.0,0.0,0.0,0.0,0.0,,0.0,,,0.0,,,,within_reference_discretization_error
m-recording_resolution-7d86fbc601,pospischil2008_lts,recording_resolution,"{""sample_every_ms"": 0.05}",P00_canonical,adaptation_index,0.45003406360930803,0.4630010462892806,0.4695620702135357,0.012966982679972594,0.0065610239242550605,0.9828499273772625,0.449982072427393,,,5.1991181915012064e-05,,,0.004009505001908582,within_reference_discretization_error
m-recording_resolution-7d86fbc601,pospischil2008_lts,recording_resolution,"{""sample_every_ms"": 0.05}",P00_canonical,ahp_depth,16.573501743312846,16.673553569797534,16.723587205886844,0.10005182648468747,0.05003363608931011,0.9997772983564992,16.573791631727687,,,0.00028988841484078876,,,0.0028973825368910685,within_reference_discretization_error
m-recording_resolution-7d86fbc601,pospischil2008_lts,recording_resolution,"{""sample_every_ms"": 0.05}",P00_canonical,ap_amplitude,100.01163101444587,99.9338417077712,99.99811935726498,0.07778930667467421,0.06427764949378911,0.27525467494831357,99.69686508331363,,,0.3147659311322428,,,4.046390751991634,exceeds_reference_discretization_error
m-recording_resolution-7d86fbc601,pospischil2008_lts,recording_resolution,"{""sample_every_ms"": 0.05}",P00_canonical,ap_half_width,0.7799999999992906,0.7799999999992906,0.7799999999992906,0.0,0.0,,0.7799999999992906,,,0.0,,,,within_reference_discretization_error
m-recording_resolution-7d86fbc601,pospischil2008_lts,recording_resolution,"{""sample_every_ms"": 0.05}",P00_canonical,baseline_voltage,-83.95132461929322,-83.95132456588748,-83.95132463264466,5.3405742050927074e-08,6.675718111637252e-08,-0.3219281716653577,-83.95132459068299,,,2.8610230629055877e-08,,,0.5357145042900725,within_reference_discretization_error
m-recording_resolution-7d86fbc601,pospischil2008_lts,recording_resolution,"{""sample_every_ms"": 0.05}",P00_canonical,firing_regime,,,,,,,,,,,,,,no_change
m-recording_resolution-7d86fbc601,pospischil2008_lts,recording_resolution,"{""sample_every_ms"": 0.05}",P00_canonical,first_isi,14.159999999987122,13.959999999987303,13.859999999987394,0.1999999999998181,0.09999999999990905,1.0,14.14999999998713,,,0.009999999999990905,,,0.05,within_reference_discretization_error
m-recording_resolution-7d86fbc601,pospischil2008_lts,recording_resolution,"{""sample_every_ms"": 0.05}",P00_canonical,first_spike_latency,31.629999999752442,31.61999999975245,31.61999999975245,0.009999999999990905,0.0,,31.649999999752424,,,0.01999999999998181,,,2.0,within_reference_discretization_error
m-recording_resolution-7d86fbc601,pospischil2008_lts,recording_resolution,"{""sample_every_ms"": 0.05}",P00_canonical,last_isi,202.1999999998161,202.7499999998156,203.01999999981535,0.5499999999994998,0.26999999999975444,1.0264722113611913,202.1999999998161,,,0.0,,,0.0,within_reference_discretization_error
m-recording_resolution-7d86fbc601,pospischil2008_lts,recording_resolution,"{""sample_every_ms"": 0.05}",P00_canonical,mean_frequency,12.319822594574143,12.393493415976295,12.430853378104162,0.07367082140215153,0.03735996212786752,0.9796003356500613,12.319063751174415,,,0.000758843399728093,,,0.010300460688306257,within_reference_discretization_error
m-recording_resolution-7d86fbc601,pospischil2008_lts,recording_resolution,"{""sample_every_ms"": 0.05}",P00_canonical,spike_count,4.0,4.0,4.0,0.0,0.0,,4.0,,,0.0,,,,within_reference_discretization_error
m-recording_resolution-7d86fbc601,pospischil2008_lts,recording_resolution,"{""sample_every_ms"": 0.05}",P01_baseline,baseline_voltage,-83.95357068888346,-83.9535706837972,-83.95357068125406,5.08626385453681e-09,2.543131927268405e-09,1.0,-83.95357061258952,,,7.629394360719743e-08,,,14.999997206032734,exceeds_reference_discretization_error
m-recording_resolution-7d86fbc601,pospischil2008_lts,recording_resolution,"{""sample_every_ms"": 0.05}",P01_baseline,firing_regime,,,,,,,,,,,,,,no_change
m-recording_resolution-7d86fbc601,pospischil2008_lts,recording_resolution,"{""sample_every_ms"": 0.05}",P01_baseline,spike_count,0.0,0.0,0.0,0.0,0.0,,0.0,,,0.0,,,,within_reference_discretization_error
m-recording_resolution-7d86fbc601,pospischil2008_lts,recording_resolution,"{""sample_every_ms"": 0.05}",P01_baseline,steady_state_voltage,-83.95030975341797,-83.95030975341797,-83.95030975341797,0.0,0.0,,-83.95030975341797,,,0.0,,,,within_reference_discretization_error
m-recording_resolution-7d86fbc601,pospischil2008_lts,recording_resolution,"{""sample_every_ms"": 0.05}",P02_weak_step,baseline_voltage,-83.95357068888346,-83.9535706837972,-83.95357065327963,5.08626385453681e-09,3.0517568916366145e-08,-2.58496182891388,-83.95357061258952,,,7.629394360719743e-08,,,14.999997206032734,exceeds_reference_discretization_error
m-recording_resolution-7d86fbc601,pospischil2008_lts,recording_resolution,"{""sample_every_ms"": 0.05}",P02_weak_step,spike_count,0.0,0.0,0.0,0.0,0.0,,0.0,,,0.0,,,,within_reference_discretization_error
m-recording_resolution-7d86fbc601,pospischil2008_lts,recording_resolution,"{""sample_every_ms"": 0.05}",P02_weak_step,steady_state_voltage,-74.93620969696036,-74.93623204345693,-74.93624584655743,2.2346496564296103e-05,1.3803100500808796e-05,0.6950562998879539,-74.93620990142797,,,2.044676108425847e-07,,,0.009149873236472818,within_reference_discretization_error
m-recording_resolution-7d86fbc601,pospischil2008_lts,recording_resolution,"{""sample_every_ms"": 0.05}",P02_weak_step,voltage_deflection,9.017360991923098,9.01733864034027,9.0173248067222,2.235158282815064e-05,1.3833618069725162e-05,0.6921984685929345,9.017360711161544,,,2.807615544497821e-07,,,0.012561148649221287,within_reference_discretization_error
m-recording_resolution-7d86fbc601,pospischil2008_lts,recording_resolution,"{""sample_every_ms"": 0.05}",P03_rheobase,rheobase,0.038658561573663,0.038658561573663,0.038658561573663,0.0,0.0,,0.038658561573663,,,0.0,,,,within_reference_discretization_error
m-recording_resolution-7d86fbc601,pospischil2008_lts,recording_resolution,"{""sample_every_ms"": 0.05}",P04_step_2x,adaptation_index,,,,,,,,,,,,,,no_change
m-recording_resolution-7d86fbc601,pospischil2008_lts,recording_resolution,"{""sample_every_ms"": 0.05}",P04_step_2x,ahp_depth,14.597407663981116,15.055308659871415,15.283824167887374,0.45790099589029865,0.22851550801595977,1.002743626825323,14.597514399216848,,,0.00010673523573245802,,,0.00023309675386255123,within_reference_discretization_error
m-recording_resolution-7d86fbc601,pospischil2008_lts,recording_resolution,"{""sample_every_ms"": 0.05}",P04_step_2x,ap_amplitude,92.73429489294529,92.6621055623362,92.6167030353265,0.07218933060909194,0.045402527009699156,0.6690130292416083,92.63321304116991,,,0.10108185177537621,,,1.400232567922515,within_reference_discretization_error
m-recording_resolution-7d86fbc601,pospischil2008_lts,recording_resolution,"{""sample_every_ms"": 0.05}",P04_step_2x,ap_half_width,0.7299999999993361,0.7299999999993361,0.739999999999327,0.0,0.009999999999990905,,0.7299999999993361,,,0.0,,,,within_reference_discretization_error
m-recording_resolution-7d86fbc601,pospischil2008_lts,recording_resolution,"{""sample_every_ms"": 0.05}",P04_step_2x,burst_count,,,,,,,,,,,,,,no_change
m-recording_resolution-7d86fbc601,pospischil2008_lts,recording_resolution,"{""sample_every_ms"": 0.05}",P04_step_2x,firing_regime,,,,,,,,,,,,,,no_change
m-recording_resolution-7d86fbc601,pospischil2008_lts,recording_resolution,"{""sample_every_ms"": 0.05}",P04_step_2x,first_isi,,,,,,,,,,,,,,no_change
m-recording_resolution-7d86fbc601,pospischil2008_lts,recording_resolution,"{""sample_every_ms"": 0.05}",P04_step_2x,first_spike_latency,57.54999999981982,57.49999999981986,57.46999999981989,0.049999999999954525,0.029999999999972715,0.7369655941662062,57.54999999981982,,,0.0,,,0.0,within_reference_discretization_error
m-recording_resolution-7d86fbc601,pospischil2008_lts,recording_resolution,"{""sample_every_ms"": 0.05}",P04_step_2x,last_isi,,,,,,,,,,,,,,no_change
m-recording_resolution-7d86fbc601,pospischil2008_lts,recording_resolution,"{""sample_every_ms"": 0.05}",P04_step_2x,mean_frequency,,,,,,,,,,,,,,no_change
m-recording_resolution-7d86fbc601,pospischil2008_lts,recording_resolution,"{""sample_every_ms"": 0.05}",P04_step_2x,spike_count,1.0,1.0,1.0,0.0,0.0,,1.0,,,0.0,,,,within_reference_discretization_error
m-recording_resolution-7d86fbc601,pospischil2008_lts,recording_resolution,"{""sample_every_ms"": 0.05}",P05_long_step,adaptation_index,,,,,,,,,,,,,,no_change
m-recording_resolution-7d86fbc601,pospischil2008_lts,recording_resolution,"{""sample_every_ms"": 0.05}",P05_long_step,ahp_depth,14.078013743082678,14.517703374227494,14.73665928141277,0.43968963114481596,0.21895590718527558,1.0058451383949771,14.078013666789957,,,7.629272147369193e-08,,,1.7351494342736545e-07,within_reference_discretization_error
m-recording_resolution-7d86fbc601,pospischil2008_lts,recording_resolution,"{""sample_every_ms"": 0.05}",P05_long_step,ap_amplitude,91.18347931093976,91.13381576739826,91.04212570421478,0.04966354354149871,0.09169006318347783,-0.8845781888339108,91.3780769326122,,,0.1945976216724432,,,3.918319310216719,exceeds_reference_discretization_error
m-recording_resolution-7d86fbc601,pospischil2008_lts,recording_resolution,"{""sample_every_ms"": 0.05}",P05_long_step,ap_half_width,0.7199999999993452,0.7299999999993361,0.7299999999993361,0.009999999999990905,0.0,,0.7299999999993361,,,0.009999999999990905,,,1.0,within_reference_discretization_error
m-recording_resolution-7d86fbc601,pospischil2008_lts,recording_resolution,"{""sample_every_ms"": 0.05}",P05_long_step,burst_count,,,,,,,,,,,,,,no_change
m-recording_resolution-7d86fbc601,pospischil2008_lts,recording_resolution,"{""sample_every_ms"": 0.05}",P05_long_step,firing_regime,,,,,,,,,,,,,,no_change
m-recording_resolution-7d86fbc601,pospischil2008_lts,recording_resolution,"{""sample_every_ms"": 0.05}",P05_long_step,first_isi,,,,,,,,,,,,,,no_change
m-recording_resolution-7d86fbc601,pospischil2008_lts,recording_resolution,"{""sample_every_ms"": 0.05}",P05_long_step,first_spike_latency,77.49999999980167,77.43999999980173,77.40999999980176,0.05999999999994543,0.029999999999972715,1.0,77.49999999980167,,,0.0,,,0.0,within_reference_discretization_error
m-recording_resolution-7d86fbc601,pospischil2008_lts,recording_resolution,"{""sample_every_ms"": 0.05}",P05_long_step,last_isi,,,,,,,,,,,,,,no_change
m-recording_resolution-7d86fbc601,pospischil2008_lts,recording_resolution,"{""sample_every_ms"": 0.05}",P05_long_step,mean_frequency,,,,,,,,,,,,,,no_change
m-recording_resolution-7d86fbc601,pospischil2008_lts,recording_resolution,"{""sample_every_ms"": 0.05}",P05_long_step,spike_count,1.0,1.0,1.0,0.0,0.0,,1.0,,,0.0,,,,within_reference_discretization_error
m-recording_resolution-7d86fbc601,pospischil2008_lts,recording_resolution,"{""sample_every_ms"": 0.05}",P06_ramp,firing_regime,,,,,,,,,,,,,,no_change
m-recording_resolution-7d86fbc601,pospischil2008_lts,recording_resolution,"{""sample_every_ms"": 0.05}",P06_ramp,first_spike_latency,,,,,,,,,,,,,,no_change
m-recording_resolution-7d86fbc601,pospischil2008_lts,recording_resolution,"{""sample_every_ms"": 0.05}",P06_ramp,mean_frequency,,,,,,,,,,,,,,no_change
m-recording_resolution-7d86fbc601,pospischil2008_lts,recording_resolution,"{""sample_every_ms"": 0.05}",P06_ramp,spike_count,0.0,0.0,0.0,0.0,0.0,,0.0,,,0.0,,,,within_reference_discretization_error
m-recording_resolution-7d86fbc601,pospischil2008_lts,recording_resolution,"{""sample_every_ms"": 0.05}",P07_hyperpolarizing_step,baseline_voltage,-83.95357068888346,-83.9535706837972,-83.95357073720295,5.08626385453681e-09,5.340575626178179e-08,-3.3923170388889266,-83.95357061258952,,,7.629394360719743e-08,,,14.999997206032734,exceeds_reference_discretization_error
m-recording_resolution-7d86fbc601,pospischil2008_lts,recording_resolution,"{""sample_every_ms"": 0.05}",P07_hyperpolarizing_step,minimum_voltage,-98.23638916015535,-98.23638153076172,-98.23638916015625,7.629393635966153e-06,7.62939453125e-06,-1.6929543187620287e-07,-98.23634338378852,,,4.577636683222863e-05,,,6.000000657513815,exceeds_reference_discretization_error
m-recording_resolution-7d86fbc601,pospischil2008_lts,recording_resolution,"{""sample_every_ms"": 0.05}",P07_hyperpolarizing_step,sag_ratio,0.002045539263618266,0.0020454617263496017,0.0020461092256191978,7.753726866425656e-08,6.474992695960392e-07,-3.0619167448108926,0.0020423669772672275,,,3.1722863510384378e-06,,,40.91305259635501,exceeds_reference_discretization_error
m-recording_resolution-7d86fbc601,pospischil2008_lts,recording_resolution,"{""sample_every_ms"": 0.05}",P07_hyperpolarizing_step,steady_state_voltage,-98.20717309417724,-98.20716658782956,-98.2071649536132,6.506347673962409e-06,1.6342163604576854e-06,1.993248916150645,-98.20717272033681,,,3.7384042173016496e-07,,,0.057457799746273575,within_reference_discretization_error
m-recording_resolution-7d86fbc601,pospischil2008_lts,recording_resolution,"{""sample_every_ms"": 0.05}",P07_hyperpolarizing_step,voltage_deflection,-14.253602405293776,-14.253595904032366,-14.25359421641025,6.5012614101078725e-06,1.6876221167194672e-06,1.9457277651596603,-14.253602107747298,,,2.9754647812296753e-07,,,0.04576749946715809,within_reference_discretization_error
m-recording_resolution-7d86fbc601,pospischil2008_lts,recording_resolution,"{""sample_every_ms"": 0.05}",P08_rebound,firing_regime,,,,,,,,,,,,,,no_change
m-recording_resolution-7d86fbc601,pospischil2008_lts,recording_resolution,"{""sample_every_ms"": 0.05}",P08_rebound,first_spike_latency,,,,,,,,,,,,,,no_change
m-recording_resolution-7d86fbc601,pospischil2008_lts,recording_resolution,"{""sample_every_ms"": 0.05}",P08_rebound,maximum_voltage,-85.8170776367331,-85.81714630128519,-85.81720733644144,6.866455208864863e-05,6.103515625e-05,0.16992502891176328,-85.81707153321761,,,6.103515488575795e-06,,,0.0888888852095899,within_reference_discretization_error
m-recording_resolution-7d86fbc601,pospischil2008_lts,recording_resolution,"{""sample_every_ms"": 0.05}",P08_rebound,spike_count,0.0,0.0,0.0,0.0,0.0,,0.0,,,0.0,,,,within_reference_discretization_error
m-recording_resolution-7d86fbc601,pospischil2008_lts,recording_resolution,"{""sample_every_ms"": 0.05}",P09_short_pulse,ahp_depth,,,,,,,,,,,,,,no_change
m-recording_resolution-7d86fbc601,pospischil2008_lts,recording_resolution,"{""sample_every_ms"": 0.05}",P09_short_pulse,ap_amplitude,,,,,,,,,,,,,,no_change
m-recording_resolution-7d86fbc601,pospischil2008_lts,recording_resolution,"{""sample_every_ms"": 0.05}",P09_short_pulse,ap_half_width,,,,,,,,,,,,,,no_change
m-recording_resolution-7d86fbc601,pospischil2008_lts,recording_resolution,"{""sample_every_ms"": 0.05}",P09_short_pulse,first_spike_latency,,,,,,,,,,,,,,no_change
m-recording_resolution-7d86fbc601,pospischil2008_lts,recording_resolution,"{""sample_every_ms"": 0.05}",P09_short_pulse,spike_count,0.0,0.0,0.0,0.0,0.0,,0.0,,,0.0,,,,within_reference_discretization_error
m-recording_resolution-7d86fbc601,pospischil2008_lts,recording_resolution,"{""sample_every_ms"": 0.05}",P10_paired_pulses,ap_amplitude,,,,,,,,,,,,,,no_change
m-recording_resolution-7d86fbc601,pospischil2008_lts,recording_resolution,"{""sample_every_ms"": 0.05}",P10_paired_pulses,first_isi,,,,,,,,,,,,,,no_change
m-recording_resolution-7d86fbc601,pospischil2008_lts,recording_resolution,"{""sample_every_ms"": 0.05}",P10_paired_pulses,first_spike_latency,,,,,,,,,,,,,,no_change
m-recording_resolution-7d86fbc601,pospischil2008_lts,recording_resolution,"{""sample_every_ms"": 0.05}",P10_paired_pulses,spike_count,0.0,0.0,0.0,0.0,0.0,,0.0,,,0.0,,,,within_reference_discretization_error
m-recording_resolution-46bcb819ee,pospischil2008_lts,recording_resolution,"{""sample_every_ms"": 0.25}",P00_canonical,adaptation_index,0.45003406360930803,0.4630010462892806,0.4695620702135357,0.012966982679972594,0.0065610239242550605,0.9828499273772625,0.44982078853046564,0.46257889990982837,,0.00021327507884238983,0.0004221463794522595,,0.016447548678521145,within_reference_discretization_error
m-recording_resolution-46bcb819ee,pospischil2008_lts,recording_resolution,"{""sample_every_ms"": 0.25}",P00_canonical,ahp_depth,16.573501743312846,16.673553569797534,16.723587205886844,0.10005182648468747,0.05003363608931011,0.9997772983564992,16.573791460166788,16.673552604794523,,0.0002897168539419681,9.65003010833243e-07,,0.0028956678165821203,within_reference_discretization_error
m-recording_resolution-46bcb819ee,pospischil2008_lts,recording_resolution,"{""sample_every_ms"": 0.25}",P00_canonical,ap_amplitude,100.01163101444587,99.9338417077712,99.99811935726498,0.07778930667467421,0.06427764949378911,0.27525467494831357,97.15863402358048,96.62106215859443,,2.8529969908653925,3.312779549176767,,36.67595345459275,exceeds_reference_discretization_error
m-recording_resolution-46bcb819ee,pospischil2008_lts,recording_resolution,"{""sample_every_ms"": 0.25}",P00_canonical,ap_half_width,0.7799999999992906,0.7799999999992906,0.7799999999992906,0.0,0.0,,0.8499999999992269,0.8599999999992178,,0.06999999999993634,0.07999999999992724,,,exceeds_reference_discretization_error
m-recording_resolution-46bcb819ee,pospischil2008_lts,recording_resolution,"{""sample_every_ms"": 0.25}",P00_canonical,baseline_voltage,-83.95132461929322,-83.95132456588748,-83.95132463264466,5.3405742050927074e-08,6.675718111637252e-08,-0.3219281716653577,-83.9513244190216,-83.95132360076904,,2.0027161440339114e-07,9.6511843139524e-07,,3.7500015300305076,exceeds_reference_discretization_error
m-recording_resolution-46bcb819ee,pospischil2008_lts,recording_resolution,"{""sample_every_ms"": 0.25}",P00_canonical,firing_regime,,,,,,,,,,,,,,no_change
m-recording_resolution-46bcb819ee,pospischil2008_lts,recording_resolution,"{""sample_every_ms"": 0.25}",P00_canonical,first_isi,14.159999999987122,13.959999999987303,13.859999999987394,0.1999999999998181,0.09999999999990905,1.0,13.999999999987267,13.749999999987494,,0.15999999999985448,0.209999999999809,,0.8,within_reference_discretization_error
m-recording_resolution-46bcb819ee,pospischil2008_lts,recording_resolution,"{""sample_every_ms"": 0.25}",P00_canonical,first_spike_latency,31.629999999752442,31.61999999975245,31.61999999975245,0.009999999999990905,0.0,,31.749999999752333,31.749999999752333,,0.11999999999989086,0.12999999999988177,,12.0,exceeds_reference_discretization_error
m-recording_resolution-46bcb819ee,pospischil2008_lts,recording_resolution,"{""sample_every_ms"": 0.25}",P00_canonical,last_isi,202.1999999998161,202.7499999998156,203.01999999981535,0.5499999999994998,0.26999999999975444,1.0264722113611913,202.24999999981605,202.7499999998156,,0.049999999999954525,0.0,,0.09090909090909091,within_reference_discretization_error
m-recording_resolution-46bcb819ee,pospischil2008_lts,recording_resolution,"{""sample_every_ms"": 0.25}",P00_canonical,mean_frequency,12.319822594574143,12.393493415976295,12.430853378104162,0.07367082140215153,0.03735996212786752,0.9796003356500613,12.317167051597636,12.393493415976295,,0.0026555429765071636,0.0,,0.03604606173740326,within_reference_discretization_error
m-recording_resolution-46bcb819ee,pospischil2008_lts,recording_resolution,"{""sample_every_ms"": 0.25}",P00_canonical,spike_count,4.0,4.0,4.0,0.0,0.0,,4.0,4.0,,0.0,0.0,,,within_reference_discretization_error
m-recording_resolution-46bcb819ee,pospischil2008_lts,recording_resolution,"{""sample_every_ms"": 0.25}",P01_baseline,baseline_voltage,-83.95357068888346,-83.9535706837972,-83.95357068125406,5.08626385453681e-09,2.543131927268405e-09,1.0,-83.95357062530518,-83.95357062530518,,6.357828397085541e-08,5.84920201163186e-08,,12.499997206032734,exceeds_reference_discretization_error
m-recording_resolution-46bcb819ee,pospischil2008_lts,recording_resolution,"{""sample_every_ms"": 0.25}",P01_baseline,firing_regime,,,,,,,,,,,,,,no_change
m-recording_resolution-46bcb819ee,pospischil2008_lts,recording_resolution,"{""sample_every_ms"": 0.25}",P01_baseline,spike_count,0.0,0.0,0.0,0.0,0.0,,0.0,0.0,,0.0,0.0,,,within_reference_discretization_error
m-recording_resolution-46bcb819ee,pospischil2008_lts,recording_resolution,"{""sample_every_ms"": 0.25}",P01_baseline,steady_state_voltage,-83.95030975341797,-83.95030975341797,-83.95030975341797,0.0,0.0,,-83.95030975341797,-83.95030975341797,,0.0,0.0,,,within_reference_discretization_error
m-recording_resolution-46bcb819ee,pospischil2008_lts,recording_resolution,"{""sample_every_ms"": 0.25}",P02_weak_step,baseline_voltage,-83.95357068888346,-83.9535706837972,-83.95357065327963,5.08626385453681e-09,3.0517568916366145e-08,-2.58496182891388,-83.95357062530518,-83.95357062530518,,6.357828397085541e-08,5.84920201163186e-08,,12.499997206032734,exceeds_reference_discretization_error
m-recording_resolution-46bcb819ee,pospischil2008_lts,recording_resolution,"{""sample_every_ms"": 0.25}",P02_weak_step,spike_count,0.0,0.0,0.0,0.0,0.0,,0.0,0.0,,0.0,0.0,,,within_reference_discretization_error
m-recording_resolution-46bcb819ee,pospischil2008_lts,recording_resolution,"{""sample_every_ms"": 0.25}",P02_weak_step,steady_state_voltage,-74.93620969696036,-74.93623204345693,-74.93624584655743,2.2346496564296103e-05,1.3803100500808796e-05,0.6950562998879539,-74.93621087799002,-74.93623220214769,,1.1810296598468994e-06,1.586907671935478e-07,,0.05285077490553387,within_reference_discretization_error
m-recording_resolution-46bcb819ee,pospischil2008_lts,recording_resolution,"{""sample_every_ms"": 0.25}",P02_weak_step,voltage_deflection,9.017360991923098,9.01733864034027,9.0173248067222,2.235158282815064e-05,1.3833618069725162e-05,0.6921984685929345,9.017359747315155,9.017338423157483,,1.2446079438177549e-06,2.171827873098664e-07,,0.055683212834942354,within_reference_discretization_error
m-recording_resolution-46bcb819ee,pospischil2008_lts,recording_resolution,"{""sample_every_ms"": 0.25}",P03_rheobase,rheobase,0.038658561573663,0.038658561573663,0.038658561573663,0.0,0.0,,0.038658561573663,0.038658561573663,,0.0,0.0,,,within_reference_discretization_error
m-recording_resolution-46bcb819ee,pospischil2008_lts,recording_resolution,"{""sample_every_ms"": 0.25}",P04_step_2x,adaptation_index,,,,,,,,,,,,,,no_change
m-recording_resolution-46bcb819ee,pospischil2008_lts,recording_resolution,"{""sample_every_ms"": 0.25}",P04_step_2x,ahp_depth,14.597407663981116,15.055308659871415,15.283824167887374,0.45790099589029865,0.22851550801595977,1.002743626825323,14.597819587724402,15.058398506171386,,0.00041192374328602455,0.003089846299971555,,0.0008995912806110405,within_reference_discretization_error
m-recording_resolution-46bcb819ee,pospischil2008_lts,recording_resolution,"{""sample_every_ms"": 0.25}",P04_step_2x,ap_amplitude,92.73429489294529,92.6621055623362,92.6167030353265,0.07218933060909194,0.045402527009699156,0.6690130292416083,91.04834360556191,91.58090968124918,,1.685951287383375,1.0811958810870124,,23.354577098281567,exceeds_reference_discretization_error
m-recording_resolution-46bcb819ee,pospischil2008_lts,recording_resolution,"{""sample_every_ms"": 0.25}",P04_step_2x,ap_half_width,0.7299999999993361,0.7299999999993361,0.739999999999327,0.0,0.009999999999990905,,0.7499999999993179,0.7099999999993543,,0.01999999999998181,0.01999999999998181,,,exceeds_reference_discretization_error
m-recording_resolution-46bcb819ee,pospischil2008_lts,recording_resolution,"{""sample_every_ms"": 0.25}",P04_step_2x,burst_count,,,,,,,,,,,,,,no_change
m-recording_resolution-46bcb819ee,pospischil2008_lts,recording_resolution,"{""sample_every_ms"": 0.25}",P04_step_2x,firing_regime,,,,,,,,,,,,,,no_change
m-recording_resolution-46bcb819ee,pospischil2008_lts,recording_resolution,"{""sample_every_ms"": 0.25}",P04_step_2x,first_isi,,,,,,,,,,,,,,no_change
m-recording_resolution-46bcb819ee,pospischil2008_lts,recording_resolution,"{""sample_every_ms"": 0.25}",P04_step_2x,first_spike_latency,57.54999999981982,57.49999999981986,57.46999999981989,0.049999999999954525,0.029999999999972715,0.7369655941662062,57.49999999981986,57.49999999981986,,0.049999999999954525,0.0,,1.0,within_reference_discretization_error
m-recording_resolution-46bcb819ee,pospischil2008_lts,recording_resolution,"{""sample_every_ms"": 0.25}",P04_step_2x,last_isi,,,,,,,,,,,,,,no_change
m-recording_resolution-46bcb819ee,pospischil2008_lts,recording_resolution,"{""sample_every_ms"": 0.25}",P04_step_2x,mean_frequency,,,,,,,,,,,,,,no_change
m-recording_resolution-46bcb819ee,pospischil2008_lts,recording_resolution,"{""sample_every_ms"": 0.25}",P04_step_2x,spike_count,1.0,1.0,1.0,0.0,0.0,,1.0,1.0,,0.0,0.0,,,within_reference_discretization_error
m-recording_resolution-46bcb819ee,pospischil2008_lts,recording_resolution,"{""sample_every_ms"": 0.25}",P05_long_step,adaptation_index,,,,,,,,,,,,,,no_change
m-recording_resolution-46bcb819ee,pospischil2008_lts,recording_resolution,"{""sample_every_ms"": 0.25}",P05_long_step,ahp_depth,14.078013743082678,14.517703374227494,14.73665928141277,0.43968963114481596,0.21895590718527558,1.0058451383949771,14.078303596501371,14.519397041321582,,0.0002898534186925872,0.001693667094087914,,0.0006592227747966184,within_reference_discretization_error
m-recording_resolution-46bcb819ee,pospischil2008_lts,recording_resolution,"{""sample_every_ms"": 0.25}",P05_long_step,ap_amplitude,91.18347931093976,91.13381576739826,91.04212570421478,0.04966354354149871,0.09169006318347783,-0.8845781888339108,90.97645945044206,89.43054577162798,,0.20701986049769516,1.7032699957702846,,4.168447229801675,exceeds_reference_discretization_error
m-recording_resolution-46bcb819ee,pospischil2008_lts,recording_resolution,"{""sample_every_ms"": 0.25}",P05_long_step,ap_half_width,0.7199999999993452,0.7299999999993361,0.7299999999993361,0.009999999999990905,0.0,,0.7099999999993543,0.7199999999993452,,0.009999999999990905,0.009999999999990905,,1.0,within_reference_discretization_error
m-recording_resolution-46bcb819ee,pospischil2008_lts,recording_resolution,"{""sample_every_ms"": 0.25}",P05_long_step,burst_count,,,,,,,,,,,,,,no_change
m-recording_resolution-46bcb819ee,pospischil2008_lts,recording_resolution,"{""sample_every_ms"": 0.25}",P05_long_step,firing_regime,,,,,,,,,,,,,,no_change
m-recording_resolution-46bcb819ee,pospischil2008_lts,recording_resolution,"{""sample_every_ms"": 0.25}",P05_long_step,first_isi,,,,,,,,,,,,,,no_change
m-recording_resolution-46bcb819ee,pospischil2008_lts,recording_resolution,"{""sample_every_ms"": 0.25}",P05_long_step,first_spike_latency,77.49999999980167,77.43999999980173,77.40999999980176,0.05999999999994543,0.029999999999972715,1.0,77.49999999980167,77.49999999980167,,0.0,0.05999999999994543,,0.0,within_reference_discretization_error
m-recording_resolution-46bcb819ee,pospischil2008_lts,recording_resolution,"{""sample_every_ms"": 0.25}",P05_long_step,last_isi,,,,,,,,,,,,,,no_change
m-recording_resolution-46bcb819ee,pospischil2008_lts,recording_resolution,"{""sample_every_ms"": 0.25}",P05_long_step,mean_frequency,,,,,,,,,,,,,,no_change
m-recording_resolution-46bcb819ee,pospischil2008_lts,recording_resolution,"{""sample_every_ms"": 0.25}",P05_long_step,spike_count,1.0,1.0,1.0,0.0,0.0,,1.0,1.0,,0.0,0.0,,,within_reference_discretization_error
m-recording_resolution-46bcb819ee,pospischil2008_lts,recording_resolution,"{""sample_every_ms"": 0.25}",P06_ramp,firing_regime,,,,,,,,,,,,,,no_change
m-recording_resolution-46bcb819ee,pospischil2008_lts,recording_resolution,"{""sample_every_ms"": 0.25}",P06_ramp,first_spike_latency,,,,,,,,,,,,,,no_change
m-recording_resolution-46bcb819ee,pospischil2008_lts,recording_resolution,"{""sample_every_ms"": 0.25}",P06_ramp,mean_frequency,,,,,,,,,,,,,,no_change
m-recording_resolution-46bcb819ee,pospischil2008_lts,recording_resolution,"{""sample_every_ms"": 0.25}",P06_ramp,spike_count,0.0,0.0,0.0,0.0,0.0,,0.0,0.0,,0.0,0.0,,,within_reference_discretization_error
m-recording_resolution-46bcb819ee,pospischil2008_lts,recording_resolution,"{""sample_every_ms"": 0.25}",P07_hyperpolarizing_step,baseline_voltage,-83.95357068888346,-83.9535706837972,-83.95357073720295,5.08626385453681e-09,5.340575626178179e-08,-3.3923170388889266,-83.95357062530518,-83.95357062530518,,6.357828397085541e-08,5.84920201163186e-08,,12.499997206032734,exceeds_reference_discretization_error
m-recording_resolution-46bcb819ee,pospischil2008_lts,recording_resolution,"{""sample_every_ms"": 0.25}",P07_hyperpolarizing_step,minimum_voltage,-98.23638916015535,-98.23638153076172,-98.23638916015625,7.629393635966153e-06,7.62939453125e-06,-1.6929543187620287e-07,-98.23615264892521,-98.23613739013616,,0.00023651123014190034,0.00024414062555422333,,31.00000359490556,exceeds_reference_discretization_error
m-recording_resolution-46bcb819ee,pospischil2008_lts,recording_resolution,"{""sample_every_ms"": 0.25}",P07_hyperpolarizing_step,sag_ratio,0.002045539263618266,0.0020454617263496017,0.0020461092256191978,7.753726866425656e-08,6.474992695960392e-07,-3.0619167448108926,0.002029117874651005,0.0020284766817172165,,1.6421388967261148e-05,1.6985044632385204e-05,,211.78704447750488,exceeds_reference_discretization_error
m-recording_resolution-46bcb819ee,pospischil2008_lts,recording_resolution,"{""sample_every_ms"": 0.25}",P07_hyperpolarizing_step,steady_state_voltage,-98.20717309417724,-98.20716658782956,-98.2071649536132,6.506347673962409e-06,1.6342163604576854e-06,1.993248916150645,-98.20717160644492,-98.20716553649864,,1.487732319560564e-06,1.0513309263160409e-06,,0.2286585952844609,within_reference_discretization_error
m-recording_resolution-46bcb819ee,pospischil2008_lts,recording_resolution,"{""sample_every_ms"": 0.25}",P07_hyperpolarizing_step,voltage_deflection,-14.253602405293776,-14.253595904032366,-14.25359421641025,6.5012614101078725e-06,1.6876221167194672e-06,1.9457277651596603,-14.25360098113974,-14.25359491119346,,1.4241540355897087e-06,9.928389061997223e-07,,0.21905810976551368,within_reference_discretization_error
m-recording_resolution-46bcb819ee,pospischil2008_lts,recording_resolution,"{""sample_every_ms"": 0.25}",P08_rebound,firing_regime,,,,,,,,,,,,,,no_change
m-recording_resolution-46bcb819ee,pospischil2008_lts,recording_resolution,"{""sample_every_ms"": 0.25}",P08_rebound,first_spike_latency,,,,,,,,,,,,,,no_change
m-recording_resolution-46bcb819ee,pospischil2008_lts,recording_resolution,"{""sample_every_ms"": 0.25}",P08_rebound,maximum_voltage,-85.8170776367331,-85.81714630128519,-85.81720733644144,6.866455208864863e-05,6.103515625e-05,0.16992502891176328,-85.81707061769019,-85.81716156007295,,7.019042911338147e-06,1.5258787755101366e-05,,0.10222221943975236,within_reference_discretization_error
m-recording_resolution-46bcb819ee,pospischil2008_lts,recording_resolution,"{""sample_every_ms"": 0.25}",P08_rebound,spike_count,0.0,0.0,0.0,0.0,0.0,,0.0,0.0,,0.0,0.0,,,within_reference_discretization_error
m-recording_resolution-46bcb819ee,pospischil2008_lts,recording_resolution,"{""sample_every_ms"": 0.25}",P09_short_pulse,ahp_depth,,,,,,,,,,,,,,no_change
m-recording_resolution-46bcb819ee,pospischil2008_lts,recording_resolution,"{""sample_every_ms"": 0.25}",P09_short_pulse,ap_amplitude,,,,,,,,,,,,,,no_change
m-recording_resolution-46bcb819ee,pospischil2008_lts,recording_resolution,"{""sample_every_ms"": 0.25}",P09_short_pulse,ap_half_width,,,,,,,,,,,,,,no_change
m-recording_resolution-46bcb819ee,pospischil2008_lts,recording_resolution,"{""sample_every_ms"": 0.25}",P09_short_pulse,first_spike_latency,,,,,,,,,,,,,,no_change
m-recording_resolution-46bcb819ee,pospischil2008_lts,recording_resolution,"{""sample_every_ms"": 0.25}",P09_short_pulse,spike_count,0.0,0.0,0.0,0.0,0.0,,0.0,0.0,,0.0,0.0,,,within_reference_discretization_error
m-recording_resolution-46bcb819ee,pospischil2008_lts,recording_resolution,"{""sample_every_ms"": 0.25}",P10_paired_pulses,ap_amplitude,,,,,,,,,,,,,,no_change
m-recording_resolution-46bcb819ee,pospischil2008_lts,recording_resolution,"{""sample_every_ms"": 0.25}",P10_paired_pulses,first_isi,,,,,,,,,,,,,,no_change
m-recording_resolution-46bcb819ee,pospischil2008_lts,recording_resolution,"{""sample_every_ms"": 0.25}",P10_paired_pulses,first_spike_latency,,,,,,,,,,,,,,no_change
m-recording_resolution-46bcb819ee,pospischil2008_lts,recording_resolution,"{""sample_every_ms"": 0.25}",P10_paired_pulses,spike_count,0.0,0.0,0.0,0.0,0.0,,0.0,0.0,,0.0,0.0,,,within_reference_discretization_error
